project,pr_name,pr_base_branch,build_id,build_duration,build_timestamp,build_result,build_head_sha,ts_duration,passcount,failcount,skipcount,build_date,trunk_sha,trunk_sha_source,trunk_sha_timestamp_sec,has_trunk_head_diff_data
hadoop,PR-7830,trunk,1,7688.0,1753456758.0,SUCCESS,7b1b8a66505a9b7084404a29b6fbef329cbd633e,234.378,541,0,29,2025-07-25,d916f2696a50fb6e224b7423dbfd5666aa661989,build_log,,True
hadoop,PR-7830,trunk,2,8585.0,1753727898.0,SUCCESS,5d66063f1254acc4a7d6007d6a1a30e1325c06be,232.31903,541,0,29,2025-07-28,3d905f9cd07d118f5ea0c8485170f5ebefb84089,build_log,,True
hadoop,PR-7830,trunk,3,7697.0,1753893162.0,SUCCESS,e8277f2be25df61e7a955f2805762ad73a74b131,233.16599,545,0,29,2025-07-30,b5cfc7c90d17faca1af0350afe7b01abe39b2e88,build_log,,True
hadoop,PR-6845,trunk,6,11052.0,1757943354.0,SUCCESS,08cc91b7c68b7e229941c5f4dc5cbf5db9f4c366,1361.7184,1297,0,57,2025-09-15,615f4fe94cf5ae6681d8d395692694b4bb44a9c0,build_log,,True
hadoop,PR-7758,trunk,5,10309.0,1757943494.0,SUCCESS,5c56c3f3cee9295477ce7a655342f7c2756d0696,1362.979,1296,0,57,2025-09-15,615f4fe94cf5ae6681d8d395692694b4bb44a9c0,build_log,,True
hadoop,PR-7700,trunk,11,17885.0,1758286807.0,SUCCESS,10386375b86ce0bbd4f6d45f98f8229ac996e2bd,2154.1394,5744,0,229,2025-09-19,bcf8c35c57e36974dfb73a0b67b8340e5395814a,build_log,,True
hadoop,PR-7700,trunk,12,17193.0,1758286857.0,SUCCESS,a20587d36f9340bf18cd35097af7ad50fb83f856,2156.329,5744,0,229,2025-09-19,bcf8c35c57e36974dfb73a0b67b8340e5395814a,build_log,,True
hadoop,PR-8000,trunk,1,26520.0,1758901882.0,SUCCESS,04cdd07462dbabc144f94284f603689182d376f8,30793.316,7207,0,30,2025-09-26,29fca148b16e888cb465e535cf34bdfaff820f5f,build_log,,True
hadoop,PR-8063,trunk,3,130212.0,1762506435.0,FAILURE,29c99cbd12361e332054dad786084bbb50e2fc24,2991.631,6965,9,213,2025-11-07,3695db258187a460400532928cbaa8eeb2d657ca,build_log,,True
hadoop,PR-8066,trunk,1,7892.0,1762517912.0,FAILURE,b2e0d30c8c93d37b9cc07c5cb0d0ef750aec6066,197.26697,532,0,7,2025-11-07,3695db258187a460400532928cbaa8eeb2d657ca,build_log,,True
hadoop,PR-8066,trunk,2,130377.0,1762526215.0,FAILURE,8d8f3782ac7d1ab5d48dce317a966a593bfe7218,4638.884,3288,2,14,2025-11-07,3695db258187a460400532928cbaa8eeb2d657ca,build_log,,True
hadoop,PR-8063,trunk,4,18396.0,1762570702.0,FAILURE,5af2d3b6851a505a4a30e9b22c46e47ab7ae1684,20489.578,12388,2,232,2025-11-07,3695db258187a460400532928cbaa8eeb2d657ca,build_log,,True
hadoop,PR-7700,trunk,13,16435.0,1763057400.0,FAILURE,4a8057872a2bb7f7f017a84806a26dc32d8637e3,2185.2979,5756,1,230,2025-11-13,e57306eb2af466bd17d31217a097942be7636554,build_log,,True
hadoop,PR-8085,trunk,1,7386.0,1763355916.0,FAILURE,7e923c56f2aa790aadc4fffd6242736d84acbae4,450.52695,971,0,29,2025-11-16,e57306eb2af466bd17d31217a097942be7636554,build_log,,True
hadoop,PR-8102,trunk,1,26450.0,1764135838.0,FAILURE,b5428d0f5e3597d49555072bd51dc0ea7fe20984,25539.973,12416,1,231,2025-11-25,9c44fa23f42de29f7188a0da8a977669f0b6bfb7,build_log,,True
hadoop,PR-8106,trunk,1,5833.0,1764232603.0,FAILURE,5d6fa72bd0c117c57e3debf817d8acb923d3b687,19.859001,164,0,0,2025-11-27,9c44fa23f42de29f7188a0da8a977669f0b6bfb7,build_log,,True
hadoop,PR-8104,trunk,8,21080.0,1764593536.0,FAILURE,6fd00317cddd3115937fc6535b99fbecdac63da6,23760.41,7214,2,32,2025-12-01,1995d34a54be4e8cc928b58cd0d57d3698462ebd,build_log,,True
hadoop,PR-8104,trunk,9,20166.0,1764615413.0,FAILURE,c9a30e5d72af454cc37a269ace7a50c02f6ffcf3,23652.13,7216,2,30,2025-12-01,1995d34a54be4e8cc928b58cd0d57d3698462ebd,build_log,,True
hadoop,PR-8104,trunk,10,21422.0,1764696821.0,FAILURE,5332debf31f4bb4b2b817e2e327de4d429989603,26169.9,6511,3,23,2025-12-02,a01e5fd96a926a5c6eb88b003d50951010588eeb,build_log,,True
hadoop,PR-8058,trunk,4,7420.0,1764847204.0,FAILURE,04264e5c2dcc86987ec43c553fef2ea648709ff5,208.54402,562,1,30,2025-12-04,8e4d83f4cbc877e7d9dbf5862046d08376b30bc1,build_log,,True
hadoop,PR-8104,trunk,11,118217.0,1764969612.0,FAILURE,555bdc39b5da77b76a501867d6ed2e3a3a3925dc,19406.049,7207,4,30,2025-12-05,675b7ef35c8e6e1159e06e2b9b4d035e8004408c,build_log,,True
hadoop,PR-7700,trunk,14,15858.0,1765205839.0,FAILURE,b7fc4d2750a39d4164b5cedbaf5cd93c73684fa5,2231.4717,5783,0,204,2025-12-08,7b8b3e4e2324f42b37d981ca060bec79b1e9fe3c,build_log,,True
hadoop,PR-8128,trunk,1,89925.0,1765365034.0,FAILURE,7f1de5381346933f6282623768dacb6159a9bcd8,31591.295,12917,5,232,2025-12-10,bf7ed4c80a99a6dd0285101f68c03ffd60956b9e,build_log,,True
hadoop,PR-8127,trunk,4,16041.0,1765434652.0,FAILURE,68046eeb3a4fd9e672231d0d872d2fe89f01f9ff,6635.3643,3392,2,9,2025-12-11,bf7ed4c80a99a6dd0285101f68c03ffd60956b9e,build_log,,True
hadoop,PR-8133,trunk,1,8103.0,1765748109.0,FAILURE,af0e230ee6227b9fe7b01cf5f749dc415736f105,442.956,539,2,2,2025-12-14,bf7ed4c80a99a6dd0285101f68c03ffd60956b9e,build_log,,True
hadoop,PR-8136,trunk,1,11412.0,1765816558.0,FAILURE,75e1b2bf2b1efe06fccf8fc13847ba654ad29199,1801.8488,901,0,11,2025-12-15,f0e7d7490ee20007deb9f88e03cb94af02dd0119,build_log,,True
hadoop,PR-8136,trunk,2,11536.0,1765819200.0,FAILURE,f2a7bdc5cd520c8ae36c999ec78f9ede3268c4d0,1795.5968,901,0,11,2025-12-15,f0e7d7490ee20007deb9f88e03cb94af02dd0119,build_log,,True
hadoop,PR-6845,trunk,7,9263.0,1765830582.0,FAILURE,996f25e4aeaf6bfbab1f17040de2bcd2f934cfec,1323.603,1297,0,57,2025-12-15,f0e7d7490ee20007deb9f88e03cb94af02dd0119,build_log,,True
hadoop,PR-8000,trunk,2,23736.0,1765830607.0,FAILURE,b4dc6bd31c59b57075e4d00c7eb5124f3a4b91a2,30357.936,7209,1,30,2025-12-15,f0e7d7490ee20007deb9f88e03cb94af02dd0119,build_log,,True
hadoop,PR-7758,trunk,6,8200.0,1765830617.0,FAILURE,e4bb856e52eabc74371b7d0e4d2195520c90b70a,1246.4236,1296,0,57,2025-12-15,f0e7d7490ee20007deb9f88e03cb94af02dd0119,build_log,,True
hadoop,PR-8144,trunk,1,15458.0,1766458939.0,FAILURE,ee7eea1a7563131aeb287342049d75def5b1f294,19527.36,7207,1,31,2025-12-22,e7cab8ae51385ce8025b282d8055b14d8aa9660b,build_log,,True
hadoop,PR-6845,trunk,8,11876.0,1766939631.0,FAILURE,c6e5da374dfdb272cb3cb93bad5d56784a2cec88,1324.6948,1297,0,57,2025-12-28,97d2f3275b0da8b7ca7cb2e1f384dff1aaaa52e8,build_log,,True
hadoop,PR-8000,trunk,3,107711.0,1766939651.0,FAILURE,3e29195826f167925803e6cf07e38461b4d8560e,30071.074,7196,1,30,2025-12-28,97d2f3275b0da8b7ca7cb2e1f384dff1aaaa52e8,build_log,,True
hadoop,PR-7758,trunk,7,11916.0,1766939691.0,SUCCESS,4e3dc8015152486b9aba01588cc0e44d104d7ac0,1327.4753,1296,0,57,2025-12-28,97d2f3275b0da8b7ca7cb2e1f384dff1aaaa52e8,build_log,,True
hadoop,PR-7700,trunk,15,15656.0,1767118966.0,FAILURE,22904122fea1415fb9f6cbe9d5291473fc5be510,2195.1333,5783,0,204,2025-12-30,ee73a9b7db7db9d213354c5ffc33c3d8027c10c6,build_log,,True
hadoop,PR-8154,trunk,2,104534.0,1767197219.0,FAILURE,b39636b6dc0d47cf35b7d61390ad872954db59b0,19367.45,7225,3,25,2025-12-31,ee73a9b7db7db9d213354c5ffc33c3d8027c10c6,build_log,,True
hadoop,PR-8058,trunk,5,7545.0,1767200027.0,FAILURE,a888d4dcfd79c9a2ded303100fbed60bdaf7e162,220.39601,589,0,3,2025-12-31,ee73a9b7db7db9d213354c5ffc33c3d8027c10c6,build_log,,True
hadoop,PR-8104,trunk,12,20926.0,1767367514.0,FAILURE,0ca4df935167b8abc2251c621c5d46386fec2916,23513.727,7215,2,31,2026-01-02,c5285668110f6a0e46d218cd69b17f4f4019a977,build_log,,True
hadoop,PR-8154,trunk,3,14552.0,1767427805.0,FAILURE,7cd4d36debfdb10dee7aa9937637da65431efffa,19455.666,7228,1,25,2026-01-03,c5285668110f6a0e46d218cd69b17f4f4019a977,build_log,,True
hadoop,PR-8128,trunk,2,130315.0,1767447470.0,FAILURE,ecf33d3f46b4be05bb924b34186cc36f5fbbbfc5,31687.775,12920,2,232,2026-01-03,baca63cb2432cbf698805816ba1cec037fad6559,build_log,,True
hadoop,PR-8058,trunk,6,7709.0,1767897717.0,FAILURE,13c797af47a003d8aa97b790193a9009fd578ebb,218.87201,589,0,3,2026-01-08,4190e98bc6ea4fd0f4a829f12a94d306445b5b3a,build_log,,True
hadoop,PR-8058,trunk,7,6642.0,1768320190.0,FAILURE,6cd798f7fd922703c9d6cce4566822adb43494af,217.70096,589,0,3,2026-01-13,42f0e79bff0ceb950be174fb6d3b00a113246dcb,build_log,,True
hadoop,PR-8085,trunk,2,8039.0,1768421923.0,FAILURE,bad85f9e52c41dca27fa46fd397272ea86b4ec87,404.9319,998,0,3,2026-01-14,1e990c35481fb287ed06b66fb0c525718dfcd3c2,build_log,,True
hadoop,PR-8177,trunk,4,14635.0,1768422956.0,SUCCESS,f730460cf6b285596698b460fdc2f530b3b2ee07,1151.9696,1295,0,57,2026-01-14,1e990c35481fb287ed06b66fb0c525718dfcd3c2,build_log,,True
hadoop,PR-8154,trunk,4,113089.0,1768462529.0,FAILURE,51d8204bfb5605a6c3e60afde623d5ba2a6ac588,8125.0347,2598,4,13,2026-01-15,1e990c35481fb287ed06b66fb0c525718dfcd3c2,build_log,,True
hadoop,PR-8183,branch-3.3.3,3,13633.0,1768529209.0,FAILURE,b3f6307bcc426cea867b602bf6b05efb5c783310,6730.17,562,0,11,2026-01-15,15621e34155ff41b3bfaefec066cde2b37eaff64,build_log,,True
hadoop,PR-8183,branch-3.3.3,4,13519.0,1768530894.0,FAILURE,3f297d7077f5c9cc507a17382f71fc0071620033,6648.807,562,0,11,2026-01-15,15621e34155ff41b3bfaefec066cde2b37eaff64,build_log,,True
hadoop,PR-8185,trunk,1,10465.0,1768670252.0,FAILURE,af6efe469b2ae9d9e0a59f2170c9e8162bb9b1f2,292.2511,578,0,3,2026-01-17,8c65e08b02edc5dbc56f462f7740ccd13303cfde,build_log,,True
hadoop,PR-8186,trunk,1,67510.0,1768688830.0,FAILURE,b50943ef067c1930378487b6492f25b34f38d974,58636.324,26027,19,1295,2026-01-17,8c65e08b02edc5dbc56f462f7740ccd13303cfde,build_log,,True
hadoop,PR-8189,trunk,1,128124.0,1768761360.0,FAILURE,8c313ae1f9a0c1610a8a23a008ab7608c5856d7f,30540.447,12414,4,231,2026-01-18,8c65e08b02edc5dbc56f462f7740ccd13303cfde,build_log,,True
hadoop,PR-8190,trunk,1,127264.0,1768762158.0,FAILURE,20f5e88df0c1420e6e65addaadfd8a535305a675,19381.074,7295,3,30,2026-01-18,8c65e08b02edc5dbc56f462f7740ccd13303cfde,build_log,,True
hadoop,PR-8185,trunk,2,7440.0,1768768981.0,FAILURE,cf6ce3d1fdb1931dbc1019bafde62681d0775985,222.50499,578,0,3,2026-01-18,8c65e08b02edc5dbc56f462f7740ccd13303cfde,build_log,,True
hadoop,PR-8185,trunk,3,4175.0,1768769543.0,FAILURE,ed88a7555e7c392a7f6ddc10b53038994e1d00c6,146.90097,578,0,3,2026-01-18,8c65e08b02edc5dbc56f462f7740ccd13303cfde,build_log,,True
hadoop,PR-8185,trunk,4,6508.0,1768778268.0,FAILURE,489e99b7bbb22e1e6a609a9c14331a5d93e4446b,217.12004,578,0,3,2026-01-18,8c65e08b02edc5dbc56f462f7740ccd13303cfde,build_log,,True
hadoop,PR-8185,trunk,5,6595.0,1768785046.0,FAILURE,26185112a70aa192a2f6dee0be359e3514cf6172,217.94702,578,0,3,2026-01-18,8c65e08b02edc5dbc56f462f7740ccd13303cfde,build_log,,True
hadoop,PR-8197,trunk,1,101545.0,1768960739.0,FAILURE,180e349420fdd6c77478876a49440748d36a33cc,28519.701,7188,4,30,2026-01-20,7f2f7149788005f1dd975ed427d5626abc5145e3,build_log,,True
hadoop,PR-8128,trunk,3,69026.0,1769024000.0,FAILURE,2c4fd0ae053dd6108a04bf31ee24d149f75d7103,59543.395,25930,23,1296,2026-01-21,7f2f7149788005f1dd975ed427d5626abc5145e3,build_log,,True
hadoop,PR-8201,trunk,1,24761.0,1769124180.0,FAILURE,7c03c6dae8c2d0f6bf284144846add0d23313377,28827.924,7209,1,30,2026-01-22,b3ce394e5aba3cdaf326b87e7cfb6be898ddd48d,build_log,,True
hadoop,PR-8202,trunk,1,21072.0,1769124794.0,FAILURE,52103011582b6c063af54dd880c45e02af29ff3c,23882.217,7207,1,31,2026-01-22,b3ce394e5aba3cdaf326b87e7cfb6be898ddd48d,build_log,,True
hadoop,PR-8203,trunk,1,15010.0,1769126599.0,FAILURE,405db4e6657c234a96852423d7a38ad4203d3862,19793.516,7209,1,30,2026-01-22,b3ce394e5aba3cdaf326b87e7cfb6be898ddd48d,build_log,,True
hadoop,PR-8208,trunk,1,15630.0,1769445424.0,FAILURE,3ee41a642db503118cabe137e98d4189cbcf07ff,5415.1636,3385,5,9,2026-01-26,8542fb8c915955ade23d6f2a58d4690d224c34a5,build_log,,True
hadoop,PR-8211,trunk,1,8974.0,1769481782.0,FAILURE,6dc1d39f6a78c0d36259c3e61457e08a313fc35e,204.10698,327,0,157,2026-01-26,8542fb8c915955ade23d6f2a58d4690d224c34a5,build_log,,True
hadoop,PR-8212,trunk,1,8938.0,1769509146.0,FAILURE,e13fd56feb3330aee431306bea1159e5ebfc974e,207.77599,327,0,151,2026-01-27,8542fb8c915955ade23d6f2a58d4690d224c34a5,build_log,,True
hadoop,PR-8213,trunk,1,130339.0,1769527715.0,FAILURE,d8a0610ad276dcfe55c1e592e03a22760622670f,25150.148,12920,3,232,2026-01-27,c6e716bf5bc8958a1f5fc63d1b2844a2f8f118be,build_log,,True
hadoop,PR-8189,trunk,2,109530.0,1769557544.0,FAILURE,8c313ae1f9a0c1610a8a23a008ab7608c5856d7f,30339.986,12414,4,231,2026-01-27,8c65e08b02edc5dbc56f462f7740ccd13303cfde,build_log,,True
hadoop,PR-8195,trunk,7,4233.0,1769599297.0,FAILURE,02834ef4277c96d3a76d34c3c895cb86890bfc09,172.51799,327,0,143,2026-01-28,c6e716bf5bc8958a1f5fc63d1b2844a2f8f118be,build_log,,True
hadoop,PR-8217,trunk,1,7907.0,1769734208.0,SUCCESS,50bdae7869074047962ab5026142f70d53a806dc,70.229996,90,0,0,2026-01-29,1b6f1b4fe3e9f3bb5441be22fd266c1031f6fd94,build_log,,True
hadoop,PR-8220,trunk,1,24674.0,1769764591.0,FAILURE,8dd731fb91c015920fdebbfd9e2bc24990ebb2e5,29789.746,7207,1,31,2026-01-30,90150aff3f84183cebaf21e977834b8a77e8ede7,build_log,,True
hadoop,PR-8195,trunk,8,4275.0,1770023478.0,FAILURE,64e5da6ab3f3711a47d4770dde0932623f1293af,180.48697,327,0,143,2026-02-02,f79bca8369de55c57c672b833709a3e15fafdd40,build_log,,True
hadoop,PR-8220,trunk,2,21871.0,1770174730.0,FAILURE,a9bf648a2d758fb5674894b1c4274d1fb377d3d6,23817.004,7207,2,30,2026-02-03,8222ac0f546911b387b6a141e06dd8bf5306d565,build_log,,True
hadoop,PR-8159,trunk,3,87256.0,1770384257.0,FAILURE,21f8e875227e5e636a53332df9c4f23010759eef,17426.807,6180,5,29,2026-02-06,8222ac0f546911b387b6a141e06dd8bf5306d565,build_log,,True
hadoop,PR-8159,trunk,4,21760.0,1770385305.0,FAILURE,164ec1491e564e5ec5a8c487f3ed29c46256b303,23980.582,7246,2,30,2026-02-06,8222ac0f546911b387b6a141e06dd8bf5306d565,build_log,,True
hadoop,PR-8159,trunk,5,62884.0,1770419880.0,FAILURE,1998f074dff979eed5ee328d992eec0d416c3b2f,23289.236,7234,1,30,2026-02-06,daec9479cab82f78504a7895ed5c1c7e643884f8,build_log,,True
hadoop,PR-8063,trunk,7,35298.0,1770449478.0,FAILURE,8e37b9453227d9fdd1518a2caa65be58dafc88df,30942.182,13315,7,376,2026-02-07,daec9479cab82f78504a7895ed5c1c7e643884f8,build_log,,True
hadoop,PR-8240,trunk,1,4075.0,1770618693.0,FAILURE,31990a01b761accfb2112bc26988744b7cb49813,2.5279999,15,0,0,2026-02-09,fd18f0647dc1cae191925ac0f593b5962effc583,build_log,,True
hadoop,PR-8183,branch-3.3.3,6,14117.0,1770889387.0,FAILURE,edd8718fe47c2ba21010122ce5ca3ccacc1883d0,6750.482,562,0,11,2026-02-12,15621e34155ff41b3bfaefec066cde2b37eaff64,build_log,,True
hadoop,PR-8127,trunk,5,15517.0,1770967351.0,FAILURE,ca17d20951ebca04058fe0fda573dcb69ddb09e6,5515.029,3390,5,9,2026-02-13,e071613c5dc91aef949c06bdcbf7b41acafe35d6,build_log,,True
hadoop,PR-8251,trunk,1,130190.0,1770981271.0,FAILURE,8510e83378f732cd536aec7e3e7b6c4626ae02f2,19172.113,7085,127,32,2026-02-13,56192be95af06c0a04ae6503858199d240f823e0,build_log,,True
hadoop,PR-8251,trunk,2,130485.0,1770981441.0,FAILURE,f490d9325fca328a2f2bfbd91f6b7f8043a13d49,5229.794,3229,29,15,2026-02-13,56192be95af06c0a04ae6503858199d240f823e0,build_log,,True
hadoop,PR-8159,trunk,7,15364.0,1770981863.0,FAILURE,3092219c523446efe7883aadcd88a5a565828257,20138.088,7251,1,31,2026-02-13,56192be95af06c0a04ae6503858199d240f823e0,build_log,,True
hadoop,PR-8190,trunk,3,96817.0,1771211809.0,FAILURE,9aeba138c5481cb7c7c76603750c08b10fdf44c8,19744.059,7300,3,30,2026-02-15,56192be95af06c0a04ae6503858199d240f823e0,build_log,,True
hadoop,PR-8251,trunk,3,89860.0,1771477980.0,FAILURE,8ab550f5d859d5c9f9490ddc55737de9182e1f28,14801.6455,5649,128,17,2026-02-18,0cc52d228e9daaf8c5ea050b61454e3a51a7e9d8,build_log,,True
hadoop,PR-8195,trunk,9,4592.0,1771582533.0,SUCCESS,eb52c2942246fae588650a52969154988c067fdc,179.73602,327,0,143,2026-02-20,170115ae4251fd537ffd95047923d47e54dd4552,build_log,,True
hadoop,PR-8251,trunk,4,28054.0,1771583992.0,FAILURE,f67de7c2c7484e16549b0599623fa988d60aff1f,28194.346,7087,126,30,2026-02-20,170115ae4251fd537ffd95047923d47e54dd4552,build_log,,True
hadoop,PR-8058,trunk,8,7270.0,1771589453.0,FAILURE,67d42e1f9bc5449e3738109f674ce11b487bcdb2,218.53397,589,0,3,2026-02-20,170115ae4251fd537ffd95047923d47e54dd4552,build_log,,True
hadoop,PR-8259,trunk,3,121111.0,1771922045.0,FAILURE,3181dfcc29d450963edf74925fca4d63f94c0825,21103.951,12528,1,230,2026-02-24,3db56ba8c474e7cc0e4ee3f2321daf2ab54291cf,build_log,,True
hadoop,PR-8214,trunk,6,90484.0,1771922968.0,FAILURE,67a35a8a73a139abb14f35a58c52029d01983322,30338.285,12921,9,230,2026-02-24,3db56ba8c474e7cc0e4ee3f2321daf2ab54291cf,build_log,,True
hadoop,PR-8214,trunk,7,123953.0,1772007975.0,FAILURE,53e42b4350bc9ade08ba3502493014407def94d2,21400.676,12926,2,232,2026-02-25,9a07f07a938da96f84ec53d1f97e39cbadda8bc7,build_log,,True
hadoop,PR-8279,trunk,1,23068.0,1772126732.0,FAILURE,44899f66ac22b97db548a19b63e604c584ccd0a4,23625.719,7302,1,32,2026-02-26,db80c3a93760f6dbcd1421808c717cefcd93d63d,build_log,,True
hadoop,PR-8214,trunk,8,68164.0,1772128463.0,FAILURE,675da5e98c373bc6839bd5713fd5a6d365f383a2,60828.043,25932,2,1204,2026-02-26,db80c3a93760f6dbcd1421808c717cefcd93d63d,build_log,,True
hadoop,PR-8281,trunk,1,99453.0,1772159602.0,FAILURE,f79b5f0ed59defef8e0cf401374693895068eac9,28911.775,7299,4,32,2026-02-26,a07e822ab57cd9b42b7c7629db94571f8eb30d15,build_log,,True
hadoop,PR-8259,trunk,4,130203.0,1772176760.0,FAILURE,a046ee5fd6efc65c1668b9897186ca0af327e449,5994.199,3253,4,16,2026-02-27,a07e822ab57cd9b42b7c7629db94571f8eb30d15,build_log,,True
hadoop,PR-8286,trunk,1,12535.0,1772326810.0,FAILURE,56395df833e9b2b46b0dee53cc817422bddccc8e,32.396,166,0,0,2026-02-28,b25baff97692fb8a252adeede3ec1def0d4e145f,build_log,,True
hadoop,PR-8214,trunk,9,69151.0,1772386818.0,FAILURE,3537761a34b6910976b56a52d877c5a55dde51c1,61304.27,25933,0,1205,2026-03-01,b25baff97692fb8a252adeede3ec1def0d4e145f,build_log,,True
hadoop,PR-8259,trunk,5,86922.0,1772413744.0,ABORTED,bc287756008c23d25bc1df87b7d0da11f1a9b608,19384.604,7110,2,31,2026-03-01,b25baff97692fb8a252adeede3ec1def0d4e145f,build_log,,True
hadoop,PR-8259,trunk,6,104017.0,1772414216.0,FAILURE,928337a1e0d1eb729336980f85c7172fd8cb2882,20006.8,7188,1,31,2026-03-01,b25baff97692fb8a252adeede3ec1def0d4e145f,build_log,,True
hadoop,PR-8290,trunk,1,4481.0,1772436816.0,SUCCESS,01371d101ef358b9c4d9cbebf311e43457c8a641,61.521996,90,0,0,2026-03-02,3403d4b6eeba49bf3bdb91541b2fac1a9bf400ac,build_log,,True
hadoop,PR-8279,trunk,2,130469.0,1772437330.0,FAILURE,08eae9aff5a91eccf2acd8fa067abece99439b01,24219.465,7303,2,30,2026-03-02,3403d4b6eeba49bf3bdb91541b2fac1a9bf400ac,build_log,,True
hadoop,PR-8281,trunk,2,28681.0,1772437338.0,SUCCESS,3e33cc678ef6eef70c9cd9d93b1d0342872b4eb2,29477.31,7305,0,30,2026-03-02,3403d4b6eeba49bf3bdb91541b2fac1a9bf400ac,build_log,,True
hadoop,PR-8123,trunk,12,8246.0,1772468738.0,SUCCESS,cf2253b0d1335382c01c32ca1cd0e2a307c8afe7,1336.7037,1861,0,65,2026-03-02,3556d4bb2bc8d229fb791ac88c5fface211a302f,build_log,,True
hadoop,PR-8295,trunk,1,87478.0,1772537434.0,FAILURE,f8ccfc2d0b296245ea3fa6223f17fe678d494577,20191.006,7216,2,31,2026-03-03,f49c49aa083b9324ae432902f94a7aaf98f543ea,build_log,,True
hadoop,PR-7754,trunk,11,25912.0,1772559229.0,SUCCESS,8db70bc0cba293b3cc9dd5573f1203e381aea322,29825.363,7213,0,31,2026-03-03,f49c49aa083b9324ae432902f94a7aaf98f543ea,build_log,,True
hadoop,PR-6845,trunk,10,9535.0,1772559269.0,SUCCESS,a2926d228636bd2dac104c23ace543ed2d74b01d,1260.473,1298,0,57,2026-03-03,f49c49aa083b9324ae432902f94a7aaf98f543ea,build_log,,True
hadoop,PR-8297,trunk,1,12372.0,1772571339.0,SUCCESS,ecd82e068f420d9aadccee6815c75015f0ae5517,5326.508,1269,0,2,2026-03-03,f49c49aa083b9324ae432902f94a7aaf98f543ea,build_log,,True
hadoop,PR-8303,trunk,1,9776.0,1772926527.0,FAILURE,72bf011fcc339f5e36932081ff6a6803c3e11707,265.81805,571,0,3,2026-03-07,df15c5b3c5fcbf36f10649ede12f8acef026f2db,build_log,,True
hadoop,PR-8305,trunk,1,8317.0,1772927053.0,FAILURE,96c37523e6bced77e1f6cae995cdb2e94f641e06,219.21603,571,0,3,2026-03-07,df15c5b3c5fcbf36f10649ede12f8acef026f2db,build_log,,True
hadoop,PR-8308,trunk,1,21449.0,1772928146.0,FAILURE,01fac43dd147b70e0ac8442aaeea5917d7123073,23639.906,7218,1,30,2026-03-07,df15c5b3c5fcbf36f10649ede12f8acef026f2db,build_log,,True
hadoop,PR-8311,trunk,2,15249.0,1772946460.0,SUCCESS,079bfff62bb8b05f10968bc120bb638f08cf4b38,19869.72,7217,0,31,2026-03-07,df15c5b3c5fcbf36f10649ede12f8acef026f2db,build_log,,True
hadoop,PR-8307,trunk,2,14680.0,1772946876.0,FAILURE,3ebbf916f6787905ac105505fffb9da9313adc4c,1838.8151,5209,0,200,2026-03-07,df15c5b3c5fcbf36f10649ede12f8acef026f2db,build_log,,True
hadoop,PR-8306,trunk,2,4378.0,1772946946.0,FAILURE,1a166782fb477b9c973c2e09f08a7c2e511b049d,146.29501,571,0,3,2026-03-07,df15c5b3c5fcbf36f10649ede12f8acef026f2db,build_log,,True
hadoop,PR-8305,trunk,2,7201.0,1772946986.0,FAILURE,3b4afe2244deb7666acf7782676b0915adef25c7,221.61697,571,0,3,2026-03-07,df15c5b3c5fcbf36f10649ede12f8acef026f2db,build_log,,True
hadoop,PR-8303,trunk,2,8688.0,1772947031.0,FAILURE,e98c38ccd075da09e08869b60b4e6a956ca92d65,274.882,571,0,3,2026-03-07,df15c5b3c5fcbf36f10649ede12f8acef026f2db,build_log,,True
hadoop,PR-8306,trunk,3,4771.0,1772953214.0,SUCCESS,82cfe065f9cb1f07f72874b223b71ae00eb42f31,145.82397,571,0,3,2026-03-08,df15c5b3c5fcbf36f10649ede12f8acef026f2db,build_log,,True
hadoop,PR-8312,trunk,1,169706.0,1772959117.0,FAILURE,6f2453f4a826a994aa371cd14ec6eb69df690c8a,24237.291,7215,1,30,2026-03-08,df15c5b3c5fcbf36f10649ede12f8acef026f2db,build_log,,True
hadoop,PR-8313,trunk,1,169695.0,1772959132.0,FAILURE,4eea6b215771fb9eb8af6c8ecd21b80c01e4079e,24027.26,7213,2,31,2026-03-08,df15c5b3c5fcbf36f10649ede12f8acef026f2db,build_log,,True
hadoop,PR-8314,trunk,1,169473.0,1772959338.0,FAILURE,417b8bf5967029290999b57fada5f8105b025373,20481.883,7216,0,30,2026-03-08,df15c5b3c5fcbf36f10649ede12f8acef026f2db,build_log,,True
hadoop,PR-8315,trunk,1,169295.0,1772959534.0,FAILURE,cc1ef3e695cf6f7059f86a9db47430abc905c0fe,29176.86,7214,1,31,2026-03-08,df15c5b3c5fcbf36f10649ede12f8acef026f2db,build_log,,True
hadoop,PR-8309,trunk,4,130324.0,1773128724.0,FAILURE,e0a27fdb786f4577630f6e6326cc9662026e98a2,18884.54,6958,1,30,2026-03-10,2c00f455de1563db99316ab9045aa58f792f9de0,build_log,,True
hadoop,PR-8320,trunk,1,25538.0,1773128724.0,SUCCESS,a1cfee72a5d913aa68f7ae3540568fc0361b8732,30744.393,7216,0,31,2026-03-10,2c00f455de1563db99316ab9045aa58f792f9de0,build_log,,True
hadoop,PR-8295,trunk,2,15393.0,1773128724.0,FAILURE,5b9b0ff562dacdf94cf0ddbaae9a7a10b27ad434,18837.557,6930,0,30,2026-03-10,2c00f455de1563db99316ab9045aa58f792f9de0,build_log,,True
hadoop,PR-8279,trunk,3,129928.0,1773128724.0,FAILURE,6d60f514cd19de643318b0af4a8e591a8846e657,2122.4204,889,0,9,2026-03-10,2c00f455de1563db99316ab9045aa58f792f9de0,build_log,,True
hadoop,PR-8327,trunk,1,24742.0,1773128724.0,FAILURE,723438ef83b94afd61c5b389e748aee5b510f669,28083.205,7215,4,31,2026-03-10,2c00f455de1563db99316ab9045aa58f792f9de0,build_log,,True
hadoop,PR-8321,trunk,1,87194.0,1773128724.0,FAILURE,fc7ed15a7297806ec1af4672053d383f3fbb7b79,20104.576,7302,3,31,2026-03-10,2c00f455de1563db99316ab9045aa58f792f9de0,build_log,,True
hadoop,PR-8323,trunk,1,28257.0,1773128724.0,FAILURE,156bbb4eb346fe9f836f6293f01fc0d6c6e2fdb9,32386.398,7210,1,31,2026-03-10,2c00f455de1563db99316ab9045aa58f792f9de0,build_log,,True
hadoop,PR-8331,trunk,1,13839.0,1773128724.0,FAILURE,8f3cfd1429ab21931db3d6e8b59f44208c29e99c,6603.6626,580,0,19,2026-03-10,2c00f455de1563db99316ab9045aa58f792f9de0,build_log,,True
hadoop,PR-8324,trunk,1,24583.0,1773128724.0,FAILURE,67356efe87000f439dd001e30a89e644e2037723,28716.646,7212,2,33,2026-03-10,2c00f455de1563db99316ab9045aa58f792f9de0,build_log,,True
hadoop,PR-8325,trunk,1,21133.0,1773128724.0,SUCCESS,74c59a27378a3e79f4d9ba9c402f5755225e2830,24194.715,7219,0,31,2026-03-10,2c00f455de1563db99316ab9045aa58f792f9de0,build_log,,True
hadoop,PR-8333,trunk,1,12453.0,1773128724.0,FAILURE,d19edfa36931ee1599a232579655c006912c3580,5312.3433,1271,1,2,2026-03-10,2c00f455de1563db99316ab9045aa58f792f9de0,build_log,,True
hadoop,PR-8310,trunk,3,30716.0,1773128724.0,FAILURE,c81183ddf98c027ccd20acf4d59aa9bf8ae70893,31926.086,7302,2,32,2026-03-10,2c00f455de1563db99316ab9045aa58f792f9de0,build_log,,True
hadoop,PR-8308,trunk,2,15266.0,1773128724.0,FAILURE,a9d2d9ee2da1cd600e40c583054f8ad4a13f3037,18541.701,6934,0,30,2026-03-10,2c00f455de1563db99316ab9045aa58f792f9de0,build_log,,True
hadoop,PR-8326,trunk,1,22307.0,1773128724.0,FAILURE,6ddc72c760634482f9586e94e51896fc21bdf889,24454.709,7219,1,30,2026-03-10,2c00f455de1563db99316ab9045aa58f792f9de0,build_log,,True
hadoop,PR-8334,trunk,1,20919.0,1773128724.0,SUCCESS,b40483de52d67c25cde4136bc913b20c21ea0506,24454.457,7217,0,30,2026-03-10,2c00f455de1563db99316ab9045aa58f792f9de0,build_log,,True
hadoop,PR-8322,trunk,1,28624.0,1773128724.0,SUCCESS,643ac96b5d5bf634ff4f320f9b6b2040ea25e6d8,29555.186,7305,0,31,2026-03-10,2c00f455de1563db99316ab9045aa58f792f9de0,build_log,,True
hadoop,PR-8329,trunk,1,130252.0,1773128724.0,FAILURE,c4befbf94541d7c89cd5fa736ea84085faa4b82a,20019.545,7263,2,31,2026-03-10,2c00f455de1563db99316ab9045aa58f792f9de0,build_log,,True
hadoop,PR-8305,trunk,3,7497.0,1773128724.0,SUCCESS,82202ffea1b07306597d3c7b3311e4ec006d156e,217.23897,572,0,3,2026-03-10,2c00f455de1563db99316ab9045aa58f792f9de0,build_log,,True
hadoop,PR-8307,trunk,3,7506.0,1773128724.0,FAILURE,f817f26163ad118490b9463db7502313f15fe68f,1221.6056,3389,1618,113,2026-03-10,d6c7fd66295ed7f476713c297c944c07594e4885,build_log,,True
hadoop,PR-8335,trunk,1,28031.0,1773128724.0,FAILURE,cfaf570f35bd7c6a790179be1b5cd18f41a18f79,32439.48,7216,1,30,2026-03-10,4b2701c7495598fc19b263aefdedbe3809016f82,build_log,,True
hadoop,PR-8291,trunk,6,24671.0,1773128724.0,FAILURE,b47b0ea72b129e4c9e94eee1b29c1e2bcf86adb5,30233.008,7215,2,30,2026-03-10,2c00f455de1563db99316ab9045aa58f792f9de0,build_log,,True
hadoop,PR-8328,trunk,1,16967.0,1773128724.0,FAILURE,a14d8f556bf580bfe84ba65edb06063b6782dc44,19272.842,7247,2,30,2026-03-10,2c00f455de1563db99316ab9045aa58f792f9de0,build_log,,True
hadoop,PR-8316,trunk,1,28248.0,1773128724.0,FAILURE,3f9cbfcec45928b6cbb98f38de8e404dffc8f78c,32704.71,7210,0,30,2026-03-10,2c00f455de1563db99316ab9045aa58f792f9de0,build_log,,True
hadoop,PR-8317,trunk,1,130257.0,1773128724.0,FAILURE,47d051e87e6789e75073f975f376873652bb1320,19017.213,7047,0,32,2026-03-10,2c00f455de1563db99316ab9045aa58f792f9de0,build_log,,True
hadoop,PR-8183,branch-3.3.3,7,13741.0,1773128725.0,FAILURE,967e38738b3f91d0a614d067dff1859c1a7bcd27,6719.2544,562,0,11,2026-03-10,15621e34155ff41b3bfaefec066cde2b37eaff64,build_log,,True
hadoop,PR-8306,trunk,4,129948.0,1773128725.0,FAILURE,821688afec92ef498752a37759b8f97c48c25943,143.89297,324,6,34,2026-03-10,4b2701c7495598fc19b263aefdedbe3809016f82,build_log,,True
hadoop,PR-8123,trunk,18,40061.0,1773159857.0,FAILURE,a455836fce199499e0e6f9a86b25d2c1eb7e477f,1467.858,1862,0,65,2026-03-10,544ff9930b4442b8c6c3053acac74178fb3ae0bd,build_log,,True
hadoop,PR-7754,trunk,12,21581.0,1773163749.0,SUCCESS,9ef6477e42546a9c73e21f488165550bfd6feeb6,23651.273,7216,0,30,2026-03-10,544ff9930b4442b8c6c3053acac74178fb3ae0bd,build_log,,True
hadoop,PR-8310,trunk,4,27449.0,1773181302.0,FAILURE,3d0177c6bea45b93ec2b8ebb3f593291cc8ee677,28849.676,7304,1,31,2026-03-10,544ff9930b4442b8c6c3053acac74178fb3ae0bd,build_log,,True
hadoop,PR-8303,trunk,4,8650.0,1773199576.0,SUCCESS,4a6e322b79f197917caa6fe36094461f9786b91e,251.90404,571,0,3,2026-03-10,544ff9930b4442b8c6c3053acac74178fb3ae0bd,build_log,,True
hadoop,PR-8286,trunk,2,10987.0,1773231580.0,FAILURE,56395df833e9b2b46b0dee53cc817422bddccc8e,32.436996,166,0,0,2026-03-11,ee4cad080b00ea5394e4050ddd1493f23b8b888c,build_log,,True
hadoop,PR-7754,trunk,13,21844.0,1773253314.0,FAILURE,fe9be985875aef57f7a09df3b68f89be1389fe35,25015.074,7213,3,31,2026-03-11,cebdef64e39012ab4744934e333598ee2140b40f,build_log,,True
hadoop,PR-7754,trunk,14,21105.0,1773328958.0,SUCCESS,be0bfed89140583d0e59cb77085cfcbfa5a3899a,24022.355,7217,0,30,2026-03-12,cebdef64e39012ab4744934e333598ee2140b40f,build_log,,True
hadoop,PR-8341,trunk,1,24499.0,1773336486.0,FAILURE,5082f4f52599b0f038cab60eb6eb4d7d97bccba7,30349.162,7215,2,30,2026-03-12,cebdef64e39012ab4744934e333598ee2140b40f,build_log,,True
hadoop,PR-8342,branch-3.5,1,99611.0,1773369051.0,FAILURE,bc5c7c4aeedcc593b95104b33802d491f289a023,25279.107,12411,1,233,2026-03-12,90b34f0f4d17ba3b75540927181f540ab2893c25,build_log,,True
hadoop,PR-8306,trunk,5,9580.0,1773387029.0,SUCCESS,a38db612cac8cd3f453e8af48bb7d7bfb251229b,1574.1963,5782,0,204,2026-03-13,cebdef64e39012ab4744934e333598ee2140b40f,build_log,,True
hadoop,PR-8177,trunk,5,32335.0,1773422853.0,UNSTABLE,7a80615cd744d73e8f0fe29fc50d872db7369803,1301.1461,1296,0,57,2026-03-13,a178eb780f5c983ab7e5c5a4add8a3027060c68d,build_log,,True
hadoop,PR-8177,trunk,6,32265.0,1773422959.0,UNSTABLE,acdd09ef03fef3ef0369c269a03727d087fcc2bf,1375.2836,1296,0,57,2026-03-13,a178eb780f5c983ab7e5c5a4add8a3027060c68d,build_log,,True
hadoop,PR-8306,trunk,6,8545.0,1773482886.0,SUCCESS,9f2d9ddcaaec86183b988dc4f9b1a3d2d111a4aa,1623.2177,5782,0,204,2026-03-14,a178eb780f5c983ab7e5c5a4add8a3027060c68d,build_log,,True
hadoop,PR-8346,trunk,1,14292.0,1773562932.0,FAILURE,7b57c3e792d18576bbb4b686b82d4d8f89e5ba6d,1822.5537,5213,0,201,2026-03-15,a178eb780f5c983ab7e5c5a4add8a3027060c68d,build_log,,True
hadoop,PR-8346,trunk,2,14148.0,1773578307.0,SUCCESS,ac77d350f9b9f655115801ce45f67149667f5221,1822.5732,5213,0,201,2026-03-15,a178eb780f5c983ab7e5c5a4add8a3027060c68d,build_log,,True
hadoop,PR-8347,trunk,1,15183.0,1773647261.0,SUCCESS,afb04c0e6f1039f1491fadb3599ed8d64984dbdb,81.702,128,0,0,2026-03-16,a178eb780f5c983ab7e5c5a4add8a3027060c68d,build_log,,True
hadoop,PR-8341,trunk,2,25484.0,1773657286.0,FAILURE,09fb74092bba3a53e02ac303a7f64730023d0895,30405.61,7216,0,31,2026-03-16,a178eb780f5c983ab7e5c5a4add8a3027060c68d,build_log,,True
hadoop,PR-8346,trunk,3,14405.0,1773675403.0,SUCCESS,8a477a0ca0babdd4f710c0a1e7c63680024b88c0,1835.1552,5213,0,201,2026-03-16,a178eb780f5c983ab7e5c5a4add8a3027060c68d,build_log,,True
hadoop,PR-8346,trunk,4,15388.0,1773726638.0,SUCCESS,54e9dc4b42ae5f1eb1c0a16ae302f5970491f250,1805.2502,5213,0,201,2026-03-17,854d53ec1d6f87c41a04ecb604bbb852302b7301,build_log,,True
hadoop,PR-8308,trunk,3,21561.0,1773769495.0,SUCCESS,17e8ebaccc47b4555a58d7535009cb1fec3cb89a,23961.062,7221,0,31,2026-03-17,854d53ec1d6f87c41a04ecb604bbb852302b7301,build_log,,True
hadoop,PR-8350,trunk,2,18051.0,1773820183.0,FAILURE,bd401e3b2bfee24a2f68d8f34bb5553763998e9f,167.58601,185,0,0,2026-03-18,854d53ec1d6f87c41a04ecb604bbb852302b7301,build_log,,True
hadoop,PR-8350,trunk,3,27395.0,1773822014.0,FAILURE,1aae7523deac87734c051f29da8e0e25f070cb67,23248.39,15788,1,294,2026-03-18,854d53ec1d6f87c41a04ecb604bbb852302b7301,build_log,,True
hadoop,PR-8351,trunk,1,10580.0,1773829294.0,FAILURE,fb707765d7414d040adb051f8c576a90da4cdfad,1340.1646,1296,0,57,2026-03-18,854d53ec1d6f87c41a04ecb604bbb852302b7301,build_log,,True
hadoop,PR-8351,trunk,2,10627.0,1773833517.0,FAILURE,828292ee46d5d455ab5c6214fd2ecacefc10389f,1284.3247,1296,0,57,2026-03-18,854d53ec1d6f87c41a04ecb604bbb852302b7301,build_log,,True
hadoop,PR-8310,trunk,5,130228.0,1773852371.0,FAILURE,412f3c500bb9afb4dc91a0a5234423c93151dd05,21001.852,7304,2,31,2026-03-18,854d53ec1d6f87c41a04ecb604bbb852302b7301,build_log,,True
hadoop,PR-8350,trunk,4,88770.0,1773898335.0,FAILURE,c92c08f20e4009ca7fc74299fa26602f579cf299,35607.08,16529,0,239,2026-03-19,854d53ec1d6f87c41a04ecb604bbb852302b7301,build_log,,True
hadoop,PR-8354,trunk,1,16498.0,1773908128.0,FAILURE,aaf505d125073ffa16296ad0064ecda4599462a5,6417.1113,3393,0,9,2026-03-19,854d53ec1d6f87c41a04ecb604bbb852302b7301,build_log,,True
hadoop,PR-8279,trunk,4,130499.0,1773920115.0,FAILURE,2805867e45d9d462e2eb8a513f69d99534d2673b,24482.197,7306,2,30,2026-03-19,854d53ec1d6f87c41a04ecb604bbb852302b7301,build_log,,True
hadoop,PR-8291,trunk,7,21892.0,1773920116.0,FAILURE,edbb45e4bbeeed0e1f593da345c64ecbc718bb79,24446.033,7181,0,31,2026-03-19,854d53ec1d6f87c41a04ecb604bbb852302b7301,build_log,,True
hadoop,PR-8295,trunk,3,87047.0,1773920116.0,FAILURE,6d15e6c5a7c152029fa1569f29a92c6b3b977fd8,19045.97,6988,1,30,2026-03-19,854d53ec1d6f87c41a04ecb604bbb852302b7301,build_log,,True
hadoop,PR-8312,trunk,2,21767.0,1773920118.0,FAILURE,8de084e9cb883391a12d74f96ecc38617618be73,24453.719,7216,1,31,2026-03-19,854d53ec1d6f87c41a04ecb604bbb852302b7301,build_log,,True
hadoop,PR-8313,trunk,2,130220.0,1773920120.0,FAILURE,466d774fd054285247073a89c11d33917cb17f80,24245.705,7182,0,30,2026-03-19,854d53ec1d6f87c41a04ecb604bbb852302b7301,build_log,,True
hadoop,PR-8314,trunk,2,15847.0,1773920122.0,FAILURE,c962772a44a0ed28ea2bb7dab12225015787351e,20309.889,7189,0,30,2026-03-19,854d53ec1d6f87c41a04ecb604bbb852302b7301,build_log,,True
hadoop,PR-8315,trunk,2,130255.0,1773920123.0,FAILURE,de57cea8f25f8628a9878ffb4f1e488754fcd647,28974.607,7216,2,30,2026-03-19,854d53ec1d6f87c41a04ecb604bbb852302b7301,build_log,,True
hadoop,PR-8316,trunk,2,87183.0,1773920125.0,FAILURE,196643fee68decfb7c8f0cac20a98475ba40fa7e,20851.613,7215,3,30,2026-03-19,854d53ec1d6f87c41a04ecb604bbb852302b7301,build_log,,True
hadoop,PR-8317,trunk,2,130751.0,1773920127.0,FAILURE,2ad12cfa11d1441ce3fc009fe21509f43c90f857,20109.89,7214,2,32,2026-03-19,854d53ec1d6f87c41a04ecb604bbb852302b7301,build_log,,True
hadoop,PR-8321,trunk,2,87045.0,1773920128.0,FAILURE,3c97ce6d9de73a1a003a309e2e227129dddd20e1,5864.3564,3323,1,15,2026-03-19,854d53ec1d6f87c41a04ecb604bbb852302b7301,build_log,,True
hadoop,PR-8323,trunk,2,130630.0,1773920128.0,FAILURE,b9e718d768212447973cda65d54056fa22156129,28899.979,7203,1,30,2026-03-19,854d53ec1d6f87c41a04ecb604bbb852302b7301,build_log,,True
hadoop,PR-8324,trunk,2,15600.0,1773920130.0,FAILURE,62d7e93fd4899e0bd381c904690f39a713099352,18589.404,6972,1,30,2026-03-19,854d53ec1d6f87c41a04ecb604bbb852302b7301,build_log,,True
hadoop,PR-8326,trunk,2,21701.0,1773920132.0,FAILURE,2f56b9c1ed6136151b4d8d6c2b11c5c03f2baaab,24337.268,7219,1,31,2026-03-19,854d53ec1d6f87c41a04ecb604bbb852302b7301,build_log,,True
hadoop,PR-8327,trunk,2,87104.0,1773920134.0,FAILURE,20dff9dc193b3a71b0b9e04ed0f461e478a35a61,23966.297,7198,3,30,2026-03-19,854d53ec1d6f87c41a04ecb604bbb852302b7301,build_log,,True
hadoop,PR-8328,trunk,2,130236.0,1773920136.0,FAILURE,e3c72c1b8f0510009e4ec57b30de4898a8d0247b,20616.146,7308,4,30,2026-03-19,854d53ec1d6f87c41a04ecb604bbb852302b7301,build_log,,True
hadoop,PR-8329,trunk,2,27410.0,1773920138.0,SUCCESS,c58a2641fee53344c6217181af4d05c73c3c614b,29556.943,7308,0,30,2026-03-19,854d53ec1d6f87c41a04ecb604bbb852302b7301,build_log,,True
hadoop,PR-8333,trunk,2,11404.0,1773920140.0,FAILURE,c17fdf8ab75fb5b3fa12c6f7fcecafb6632cbf51,5275.7266,1271,1,2,2026-03-19,854d53ec1d6f87c41a04ecb604bbb852302b7301,build_log,,True
hadoop,PR-8345,trunk,2,12107.0,1773932478.0,SUCCESS,912178b7e372ff2726e5d30818f1d4f5ed83ec28,5313.904,1271,0,2,2026-03-19,854d53ec1d6f87c41a04ecb604bbb852302b7301,build_log,,True
hadoop,PR-8357,trunk,1,7355.0,1773938572.0,SUCCESS,c24125a6bbd6c086acad16163134e090aa376d28,48.917,54,0,0,2026-03-19,854d53ec1d6f87c41a04ecb604bbb852302b7301,build_log,,True
hadoop,PR-8357,trunk,2,8196.0,1773938712.0,SUCCESS,154de950710894f4c3cd186ba0a10b75f434550b,56.523,54,0,0,2026-03-19,854d53ec1d6f87c41a04ecb604bbb852302b7301,build_log,,True
hadoop,PR-8347,trunk,2,15790.0,1773974491.0,FAILURE,62aad1a95541e5e16c402a7d9931452313b8918b,74.85701,129,139,0,2026-03-19,854d53ec1d6f87c41a04ecb604bbb852302b7301,build_log,,True
hadoop,PR-8359,trunk,1,21114.0,1773975985.0,SUCCESS,a72517bacef6160a03f1f773ef9b79eb41509337,24016.475,7217,0,30,2026-03-19,854d53ec1d6f87c41a04ecb604bbb852302b7301,build_log,,True
hadoop,PR-8354,trunk,2,15227.0,1773977766.0,FAILURE,5b954bfa5ca8780c38468c6acdb25bd62179abaf,6316.9565,3393,0,9,2026-03-19,854d53ec1d6f87c41a04ecb604bbb852302b7301,build_log,,True
hadoop,PR-8214,trunk,10,130266.0,1773987225.0,FAILURE,bf4311a653c1ae7f68306a9a1a558f185d76b6ae,23197.893,10345,2,214,2026-03-20,854d53ec1d6f87c41a04ecb604bbb852302b7301,build_log,,True
hadoop,PR-8314,trunk,3,16304.0,1774007042.0,FAILURE,f36afed493247b0d1d08719e1e3b843bb487bc1e,20609.832,7194,1,31,2026-03-20,854d53ec1d6f87c41a04ecb604bbb852302b7301,build_log,,True
hadoop,PR-8291,trunk,8,20912.0,1774007042.0,SUCCESS,120c69632dd0d7a7aa89866058bcf4de96d3ac3f,24165.193,7218,0,30,2026-03-20,854d53ec1d6f87c41a04ecb604bbb852302b7301,build_log,,True
hadoop,PR-8312,trunk,3,20864.0,1774007042.0,SUCCESS,ee864213a73f16fa0b4f07410fe01352125ed52b,24016.262,7218,0,30,2026-03-20,854d53ec1d6f87c41a04ecb604bbb852302b7301,build_log,,True
hadoop,PR-8326,trunk,3,20478.0,1774007045.0,SUCCESS,e5f806db08071b384a2ccebb2808d049c23bcd56,23930.598,7220,0,31,2026-03-20,854d53ec1d6f87c41a04ecb604bbb852302b7301,build_log,,True
hadoop,PR-8324,trunk,3,15569.0,1774007045.0,FAILURE,0e06726445e92b97b1fb6ed2f3cacaf72151e8c2,19944.393,7215,1,32,2026-03-20,854d53ec1d6f87c41a04ecb604bbb852302b7301,build_log,,True
hadoop,PR-8333,trunk,3,6453.0,1774007047.0,FAILURE,859341b411e652eb60a0604946b3c96bfbeebed9,4114.307,1271,1,2,2026-03-20,854d53ec1d6f87c41a04ecb604bbb852302b7301,build_log,,True
hadoop,PR-8350,trunk,5,74514.0,1774007384.0,FAILURE,ec71ea79be246fd6364a329ff93478d60c893c9d,61519.406,25946,1,1206,2026-03-20,854d53ec1d6f87c41a04ecb604bbb852302b7301,build_log,,True
hadoop,PR-8177,trunk,7,16205.0,1774018120.0,FAILURE,679c79f2502ca35a52f4c8c6ded9a7eb3716af76,970.2904,1295,1,57,2026-03-20,854d53ec1d6f87c41a04ecb604bbb852302b7301,build_log,,True
hadoop,PR-8123,trunk,19,16280.0,1774024905.0,FAILURE,5168e01ecf3f9078395935131fe618b1c38fac83,165.71104,562,0,8,2026-03-20,854d53ec1d6f87c41a04ecb604bbb852302b7301,build_log,,True
hadoop,PR-8363,trunk,1,14018.0,1774098470.0,FAILURE,8b9e34c9fba71f93c6df10060a3840d0f5306478,86.157005,129,0,139,2026-03-21,33a5e7ab76c5e2d2ccc095d4e0a6e7efab4e57fb,build_log,,True
hadoop,PR-8364,trunk,1,87259.0,1774145646.0,FAILURE,75c940bed8c6dcef3550f9b1110b663e34facfe2,20478.508,7305,3,30,2026-03-21,33a5e7ab76c5e2d2ccc095d4e0a6e7efab4e57fb,build_log,,True
hadoop,PR-8363,trunk,2,14831.0,1774149803.0,FAILURE,98061665c833183dc48ac57ad222340231a2a40e,88.049,129,0,139,2026-03-21,33a5e7ab76c5e2d2ccc095d4e0a6e7efab4e57fb,build_log,,True
hadoop,PR-8363,trunk,3,14391.0,1774181176.0,SUCCESS,38277d0ca289a49de23cc47a443be848ef379ebf,87.005005,129,0,139,2026-03-22,33a5e7ab76c5e2d2ccc095d4e0a6e7efab4e57fb,build_log,,True
hadoop,PR-8365,branch-3.4,1,9916.0,1774181803.0,FAILURE,fe6d3008a95a01f3ff1b3e0f0b2208fe0918251d,170.83502,308,0,128,2026-03-22,e8a4c36fc1eae5fe175040529e44898447770993,build_log,,True
hadoop,PR-8347,trunk,3,8310.0,1774231634.0,SUCCESS,bbe2216af1fbb9f583c07585ee8a2b8288f9fab6,58.387997,129,0,139,2026-03-22,33a5e7ab76c5e2d2ccc095d4e0a6e7efab4e57fb,build_log,,True
hadoop,PR-8259,trunk,7,90679.0,1774241944.0,FAILURE,4ceccbce345643678089d11a80bea04fa1a57e9d,20008.242,7202,2,30,2026-03-22,c7105018965f120eff70e0be209864c4f0e0add1,build_log,,True
hadoop,PR-8328,trunk,3,101373.0,1774254092.0,FAILURE,c53d2941f9c8e5db80128c54fb841a105fe23fc9,19709.654,7307,4,31,2026-03-23,c7105018965f120eff70e0be209864c4f0e0add1,build_log,,True
hadoop,PR-8327,trunk,3,117201.0,1774254095.0,FAILURE,a45f571481f9420f3595bdef9644dc1ef4096f12,24012.818,7205,2,31,2026-03-23,c7105018965f120eff70e0be209864c4f0e0add1,build_log,,True
hadoop,PR-8323,trunk,3,130358.0,1774254097.0,FAILURE,e1e2d053438b95f8a80978e1d86457e8d305662f,28943.459,7215,2,30,2026-03-23,c7105018965f120eff70e0be209864c4f0e0add1,build_log,,True
hadoop,PR-8317,trunk,3,87574.0,1774254098.0,FAILURE,397a95279e223f05e53aa3e3bc29b9f19350cb42,25022.334,7208,2,30,2026-03-23,c7105018965f120eff70e0be209864c4f0e0add1,build_log,,True
hadoop,PR-8321,trunk,3,16946.0,1774254098.0,FAILURE,0929c4bbc79942e15ae8c1881b95aebfaed9022c,20519.77,7303,1,32,2026-03-23,c7105018965f120eff70e0be209864c4f0e0add1,build_log,,True
hadoop,PR-8316,trunk,3,15808.0,1774254100.0,FAILURE,1f1d2a43bacd7fada1b8a99152d3916427a8db12,20553.402,7216,1,31,2026-03-23,c7105018965f120eff70e0be209864c4f0e0add1,build_log,,True
hadoop,PR-8315,trunk,3,24585.0,1774254102.0,FAILURE,2169d4e98380a57d5206b5cab6752f4321607052,29611.443,7218,0,30,2026-03-23,c7105018965f120eff70e0be209864c4f0e0add1,build_log,,True
hadoop,PR-8313,trunk,3,21116.0,1774254104.0,FAILURE,d2c03dd83c1ce2b81fe9a097687dae4e88bad09b,24174.965,7197,0,31,2026-03-23,c7105018965f120eff70e0be209864c4f0e0add1,build_log,,True
hadoop,PR-8314,trunk,4,130517.0,1774254104.0,FAILURE,fb335d8ac4713e4434e7e0cafbf12ac18b90643c,20310.396,7214,3,31,2026-03-23,c7105018965f120eff70e0be209864c4f0e0add1,build_log,,True
hadoop,PR-8295,trunk,4,15211.0,1774254110.0,FAILURE,2432aa2e5d670ea1df86d05b4728da9081f6f737,20001.836,7128,0,30,2026-03-23,c7105018965f120eff70e0be209864c4f0e0add1,build_log,,True
hadoop,PR-8279,trunk,5,23287.0,1774254110.0,FAILURE,77d18fb12cec43e8755b3ca5c01f72805a736333,24212.594,7308,0,30,2026-03-23,c7105018965f120eff70e0be209864c4f0e0add1,build_log,,True
hadoop,PR-8324,trunk,4,130497.0,1774254716.0,FAILURE,4537597a9c133d2120ff7caacdba64ca7eaffb01,19900.195,7142,2,30,2026-03-23,dfaf2e86d01702a714c518819d287a8469ff1681,build_log,,True
hadoop,PR-8333,trunk,4,10053.0,1774254757.0,FAILURE,d093a9e5b61d6f7307cbe30e7400da2fe8c3d02c,4754.9873,1257,1,2,2026-03-23,dfaf2e86d01702a714c518819d287a8469ff1681,build_log,,True
hadoop,PR-8100,trunk,1,16754.0,1774264583.0,FAILURE,b7172f1a78243b1ae28248dc03520108be4d08fa,825.8561,853,0,1,2026-03-23,afcf7f2c28a434c2d85385b66eafaab2529c138b,build_log,,True
hadoop,PR-8357,trunk,3,7447.0,1774264999.0,FAILURE,d0cdaaf3e0b2933247d1b8ce51e128e98cb408f7,48.923,54,0,0,2026-03-23,afcf7f2c28a434c2d85385b66eafaab2529c138b,build_log,,True
hadoop,PR-8100,trunk,2,17720.0,1774272187.0,FAILURE,ee7a5db96b6661370ee0872aa46d0fab4ca16d65,829.72485,853,0,1,2026-03-23,901713d4d4b03887b27a7898c864c61101901366,build_log,,True
hadoop,PR-8366,trunk,1,8284.0,1774272527.0,FAILURE,cab3deba0d0ef931998b644c27229d7f8785da9f,131.094,168,0,62,2026-03-23,901713d4d4b03887b27a7898c864c61101901366,build_log,,True
hadoop,PR-8357,trunk,4,7123.0,1774273209.0,FAILURE,a95cc00e88d22ec7dee517efc970cd703a81920a,48.624,54,0,0,2026-03-23,901713d4d4b03887b27a7898c864c61101901366,build_log,,True
hadoop,PR-8100,trunk,3,16199.0,1774274669.0,FAILURE,e5c4a90c21ab97f1758a5342a3587bd68e51f19d,812.3398,849,4,1,2026-03-23,901713d4d4b03887b27a7898c864c61101901366,build_log,,True
hadoop,PR-8368,branch-3.5,1,11455.0,1774276188.0,SUCCESS,9a0bc811014e6fc86d70da0763b3d31748e1954b,5076.8066,3391,0,9,2026-03-23,81b5e784205d1c7119979673d79731c2e1f07a04,build_log,,True
hadoop,PR-8371,trunk,1,35803.0,1774281337.0,FAILURE,8f20fcdca7b9b72a0d99ea14b9c685e912b2b64a,1821.818,5211,0,201,2026-03-23,f0e467566e21be54d371224cf221ab6fefe9c6e6,build_log,,True
hadoop,PR-8123,trunk,20,38690.0,1774287076.0,FAILURE,cde856a45ead2415ce5f5616dc22bde4e72dac00,1544.5824,1862,0,65,2026-03-23,ef58c43bd8a950f659d894155d008b389baebdee,build_log,,True
hadoop,PR-8372,trunk,1,57394.0,1774287778.0,FAILURE,3bba1009268ad6113458470ca7136546d287b1c6,24313.578,11641,0,164,2026-03-23,ef58c43bd8a950f659d894155d008b389baebdee,build_log,,True
hadoop,PR-8372,trunk,2,55492.0,1774287959.0,FAILURE,c39f74e9c00c903590dd05e73b4aa9208c6a767d,23795.28,11640,1,164,2026-03-23,ef58c43bd8a950f659d894155d008b389baebdee,build_log,,True
hadoop,PR-8373,trunk,1,8543.0,1774288742.0,FAILURE,a5465c835dfc2a34c45f3a57c7b12f088bcd2d9e,178.18501,553,0,0,2026-03-23,ef58c43bd8a950f659d894155d008b389baebdee,build_log,,True
hadoop,PR-8350,trunk,6,98878.0,1774320186.0,FAILURE,0fe26b52e1e82a68a5a6e40835983249483b5f66,29321.072,12921,0,232,2026-03-23,a1b48381ee9a02fd1b5d87f1bffcd7b2bf17fb35,build_log,,True
hadoop,PR-8360,trunk,6,86666.0,1774337642.0,FAILURE,636455e9a25c360bc881d9413c2cf25139e218dd,20118.693,7214,3,30,2026-03-24,a1b48381ee9a02fd1b5d87f1bffcd7b2bf17fb35,build_log,,True
hadoop,PR-8351,trunk,3,9719.0,1774353101.0,FAILURE,f2fc9c39cf65b888107e1ad23b2f4c1e6ffb351f,1266.7979,1296,0,57,2026-03-24,a1b48381ee9a02fd1b5d87f1bffcd7b2bf17fb35,build_log,,True
hadoop,PR-8100,trunk,4,16154.0,1774364227.0,FAILURE,e5c4a90c21ab97f1758a5342a3587bd68e51f19d,832.78516,849,4,1,2026-03-24,a1b48381ee9a02fd1b5d87f1bffcd7b2bf17fb35,build_log,,True
hadoop,PR-8357,trunk,5,6907.0,1774366749.0,SUCCESS,f9ed49d8acc787dd6617da06f54bd9c7d51ed2bc,49.338,54,0,0,2026-03-24,41409c7ab6f9937cb366a58f9cd86116e64c670e,build_log,,True
hadoop,PR-8100,trunk,5,16280.0,1774367928.0,FAILURE,9acade01a6d48f5ee11df92a344b27fff18301eb,805.45605,849,4,1,2026-03-24,41409c7ab6f9937cb366a58f9cd86116e64c670e,build_log,,True
hadoop,PR-8364,trunk,2,27394.0,1774390687.0,SUCCESS,d3e03c9430e527d8f20c2045d93193ecdf59ab3c,29695.893,7307,0,31,2026-03-24,156dd3b276457e49736638f1b57b05d78b558a7e,build_log,,True
hadoop,PR-8377,trunk,1,10052.0,1774406646.0,SUCCESS,c17d464370ebf2f0f27f35c7af49a413a9afc701,1288.379,1297,0,57,2026-03-24,156dd3b276457e49736638f1b57b05d78b558a7e,build_log,,True
hadoop,PR-8212,trunk,2,8788.0,1774411395.0,FAILURE,b173e07589f49b3853e78120875e481dcfb81c0e,125.159996,168,0,70,2026-03-24,156dd3b276457e49736638f1b57b05d78b558a7e,build_log,,True
hadoop,PR-8338,trunk,10,35633.0,1774427762.0,FAILURE,2e03fa998e2d8cf585a9114f11bc557897c44126,20693.629,7222,3,31,2026-03-25,e23df4c4b84fc4820d9593e2e0a205b5d7377261,build_log,,True
hadoop,PR-8338,trunk,11,15811.0,1774428379.0,SUCCESS,378803016cd66f9a26035a346076b0ce2d02316e,20249.81,7221,0,30,2026-03-25,e23df4c4b84fc4820d9593e2e0a205b5d7377261,build_log,,True
hadoop,PR-8338,trunk,13,21204.0,1774429853.0,SUCCESS,97022cf0545154e8b478c0955eb3ef5235d4caba,24425.4,7225,0,31,2026-03-25,e23df4c4b84fc4820d9593e2e0a205b5d7377261,build_log,,True
hadoop,PR-8376,branch-3.4,2,8528.0,1774433911.0,SUCCESS,8995451ef4ba58c001604edb369d8ed7b8094b9a,125.382,544,0,0,2026-03-25,04db6e6290e380ac2cdfad7d69cb5df29a26406f,build_log,,True
hadoop,PR-8379,branch-3.4,2,50668.0,1774477321.0,FAILURE,d46918d204a88779331be5bcd09ad0689f257f3b,46298.906,24842,7,1236,2026-03-25,04db6e6290e380ac2cdfad7d69cb5df29a26406f,build_log,,True
hadoop,PR-8360,trunk,7,104378.0,1774487455.0,FAILURE,7a9cb73cabb571b1c94ffb90990de1fa271bb443,20603.389,7215,2,32,2026-03-25,ada2a40a5cb23db2e0e5c91f3c5048adf4414bd7,build_log,,True
hadoop,PR-8378,trunk,5,15580.0,1774508851.0,SUCCESS,0fac1782cde2bdaabb764bba8554912650d8e6b5,828.4339,853,0,1,2026-03-26,ada2a40a5cb23db2e0e5c91f3c5048adf4414bd7,build_log,,True
hadoop,PR-8378,trunk,6,16798.0,1774527961.0,SUCCESS,9d6663cf8e0067c0e7fa0c038366a7aca409d91e,834.9981,853,0,1,2026-03-26,ada2a40a5cb23db2e0e5c91f3c5048adf4414bd7,build_log,,True
hadoop,PR-8378,trunk,7,16745.0,1774528132.0,SUCCESS,79584aeac0ea5608787954ad78fe604f504a6e51,832.8157,853,0,1,2026-03-26,ada2a40a5cb23db2e0e5c91f3c5048adf4414bd7,build_log,,True
hadoop,PR-8383,trunk,1,130217.0,1774536019.0,FAILURE,0fde26eb8503805d9cdbf2aa9e41f30d5f109f35,23808.45,7299,0,30,2026-03-26,ada2a40a5cb23db2e0e5c91f3c5048adf4414bd7,build_log,,True
hadoop,PR-8386,trunk,1,20687.0,1774580983.0,FAILURE,93b48ec910563a22899423e497ba30f0b35e85d5,23995.352,7219,1,30,2026-03-26,fe66cd28db3b1b8625158c0e1ff8117b62b16d56,build_log,,True
hadoop,PR-8307,trunk,4,12858.0,1774588651.0,FAILURE,04e6c167b2758004138901f79f434ae311c9a63f,2009.8063,5181,34,201,2026-03-27,fe66cd28db3b1b8625158c0e1ff8117b62b16d56,build_log,,True
hadoop,PR-8309,trunk,5,15727.0,1774588882.0,FAILURE,1de9f63f32fd5b19e65eafbff9559e96e186a736,20128.758,7218,1,31,2026-03-27,fe66cd28db3b1b8625158c0e1ff8117b62b16d56,build_log,,True
hadoop,PR-8310,trunk,6,89318.0,1774588912.0,FAILURE,a6f635470c4cd1296871b7ccfb9f51a43ac0a5e6,1009.19794,1705,0,12,2026-03-27,fe66cd28db3b1b8625158c0e1ff8117b62b16d56,build_log,,True
hadoop,PR-8307,trunk,5,12790.0,1774589508.0,FAILURE,2beb43cb303c884d20105a050b5ada5389345be6,1922.6002,5181,34,201,2026-03-27,fe66cd28db3b1b8625158c0e1ff8117b62b16d56,build_log,,True
hadoop,PR-8310,trunk,7,28011.0,1774589510.0,SUCCESS,ef0809aea6d5f713f742e5d2be7cdd6b33434f05,30488.23,7308,0,31,2026-03-27,fe66cd28db3b1b8625158c0e1ff8117b62b16d56,build_log,,True
hadoop,PR-8309,trunk,6,15996.0,1774589518.0,FAILURE,686548d19b0cc2c68b4cb00d7aa82d4de5d53916,20541.072,7219,1,30,2026-03-27,fe66cd28db3b1b8625158c0e1ff8117b62b16d56,build_log,,True
hadoop,PR-8335,trunk,2,87816.0,1774590411.0,FAILURE,82ac70a74599ed5d58b9d9b1cf5b0741b75a8f7b,672.709,1467,0,12,2026-03-27,fe66cd28db3b1b8625158c0e1ff8117b62b16d56,build_log,,True
hadoop,PR-8388,trunk,1,5161.0,1774594337.0,SUCCESS,a8e254c2f9871a9a2c17dcc388d8c74994e6fbaf,322.28403,417,0,0,2026-03-27,fe66cd28db3b1b8625158c0e1ff8117b62b16d56,build_log,,True
hadoop,PR-8389,trunk,1,16174.0,1774594352.0,SUCCESS,9e5b935a1301a2463ffa7d9ca9570ac2582bb370,6904.2446,3394,0,9,2026-03-27,fe66cd28db3b1b8625158c0e1ff8117b62b16d56,build_log,,True
hadoop,PR-8123,trunk,21,38589.0,1774624286.0,FAILURE,86abf94d3c3e1c157576e1542584144c30193efa,1472.4531,1862,0,65,2026-03-27,5d8719cc04fcd378e2644bd705af822a618da6b5,build_log,,True
hadoop,PR-8348,trunk,4,17089.0,1774624792.0,FAILURE,2419aa2e29778f4b3b1c2d0427d1c794b4aac14d,20180.846,7308,1,30,2026-03-27,5d8719cc04fcd378e2644bd705af822a618da6b5,build_log,,True
hadoop,PR-8307,trunk,6,16593.0,1774627396.0,SUCCESS,3d9e7dc59ee30a79182c53371f33a0fc4152c19c,1933.1233,5301,0,201,2026-03-27,5d8719cc04fcd378e2644bd705af822a618da6b5,build_log,,True
hadoop,PR-8309,trunk,8,86851.0,1774721454.0,FAILURE,4e6a6f20b2fb08fc96e29a2a06431a9d7ff5875b,17607.863,6159,3,29,2026-03-28,5d8719cc04fcd378e2644bd705af822a618da6b5,build_log,,True
hadoop,PR-8123,trunk,22,25044.0,1774797350.0,UNSTABLE,48f5ad4a5547aa05b4dbb16ce2aed96e027fe72c,1371.1461,1862,0,65,2026-03-29,5d8719cc04fcd378e2644bd705af822a618da6b5,build_log,,True
hadoop,PR-8386,trunk,2,20976.0,1774836564.0,SUCCESS,cd83dcf8ebd9f0e0afe5cdb12c3b8e29aa245fd6,23969.828,7219,0,31,2026-03-29,985abac596b33169373812ccc1f83427f1124c46,build_log,,True
hadoop,PR-8360,trunk,8,15729.0,1774836694.0,FAILURE,60e1c6ccdf32116d67bbd4c6de985c44e7b7ad6b,20320.95,7216,1,32,2026-03-29,985abac596b33169373812ccc1f83427f1124c46,build_log,,True
hadoop,PR-8347,trunk,4,8220.0,1774855347.0,SUCCESS,1d4aa1f53c21439fee876c0a7073a1578f20ae55,57.072998,129,0,139,2026-03-30,985abac596b33169373812ccc1f83427f1124c46,build_log,,True
hadoop,PR-8360,trunk,9,15441.0,1774859669.0,SUCCESS,0662161fe3d68a760cbe2d77486aeff974065d2b,19959.295,7218,0,31,2026-03-30,985abac596b33169373812ccc1f83427f1124c46,build_log,,True
hadoop,PR-8360,trunk,10,130481.0,1774859719.0,FAILURE,ba6dbf992cbbd00dc0a305f4c29c1977e1e5295f,20379.254,7216,3,30,2026-03-30,985abac596b33169373812ccc1f83427f1124c46,build_log,,True
hadoop,PR-8348,trunk,5,23263.0,1774873139.0,FAILURE,2ab91ac26288cfccffe542d2ad8f761fd40a35ce,24595.312,7308,1,30,2026-03-30,7e3e30369671972367d3eaf39f6da30131c48e78,build_log,,True
hadoop,PR-8195,trunk,11,4207.0,1774874416.0,FAILURE,279e7f42f17521befec93f5471ff861acd8c439f,112.09798,168,0,62,2026-03-30,7e3e30369671972367d3eaf39f6da30131c48e78,build_log,,True
hadoop,PR-8348,trunk,6,23064.0,1774896777.0,FAILURE,90b3b6b07a6a84b4fbcfb1e3596a5217a9408c85,24033.959,7307,1,31,2026-03-30,7e3e30369671972367d3eaf39f6da30131c48e78,build_log,,True
hadoop,PR-8395,trunk,1,8747.0,1774899776.0,FAILURE,c6cfbd4acfda30d50892781fb19818f4db7c4c7b,68.03901,69,0,0,2026-03-30,7e3e30369671972367d3eaf39f6da30131c48e78,build_log,,True
hadoop,PR-8393,trunk,4,24286.0,1774923398.0,FAILURE,34ae067208ba488ec6bc537ae3c0e68541baf490,28982.531,7218,2,31,2026-03-30,7e3e30369671972367d3eaf39f6da30131c48e78,build_log,,True
hadoop,PR-8393,trunk,5,87023.0,1774923483.0,FAILURE,12b62c743837b23abc114e741150e830eb429bf8,20644.312,7219,1,31,2026-03-30,7e3e30369671972367d3eaf39f6da30131c48e78,build_log,,True
hadoop,PR-8186,trunk,2,96201.0,1774927655.0,FAILURE,0170ea0ecd9d7c9e44d139b4ab31f5d8fe298a33,29247.3,12935,2,231,2026-03-30,7e3e30369671972367d3eaf39f6da30131c48e78,build_log,,True
hadoop,PR-8397,trunk,1,20796.0,1774928433.0,SUCCESS,595c8c037c1e675996e3a0386a03ee4e8011d5ec,23948.277,7219,0,31,2026-03-30,7e3e30369671972367d3eaf39f6da30131c48e78,build_log,,True
hadoop,PR-8398,trunk,1,21684.0,1774938808.0,FAILURE,87ca6f38ede217e35a34596a9162db6a9c1b1100,23972.06,7218,0,31,2026-03-31,7e3e30369671972367d3eaf39f6da30131c48e78,build_log,,True
hadoop,PR-8396,trunk,2,10589.0,1774944258.0,FAILURE,a919c89a19486b8665a129382b76caa0e7be3700,5647.1763,1273,0,2,2026-03-31,7e3e30369671972367d3eaf39f6da30131c48e78,build_log,,True
hadoop,PR-8396,trunk,3,10487.0,1774944389.0,FAILURE,7d83166131fce8ddad586bedc02eafc749aa58a8,5711.6875,1273,0,2,2026-03-31,7e3e30369671972367d3eaf39f6da30131c48e78,build_log,,True
hadoop,PR-8393,trunk,6,130215.0,1774954795.0,FAILURE,c977a5f5b73453348eabff5da89121125501d201,27864.77,7218,3,30,2026-03-31,7e3e30369671972367d3eaf39f6da30131c48e78,build_log,,True
hadoop,PR-8378,trunk,8,15849.0,1774964262.0,SUCCESS,ec2297c7fe6cccd4230f8248b314f0c870eda002,813.56976,853,0,1,2026-03-31,7e3e30369671972367d3eaf39f6da30131c48e78,build_log,,True
hadoop,PR-8348,trunk,7,23121.0,1774979759.0,SUCCESS,7d2a019e6b8285b79c53a0acfdc8772fc1104f72,24182.09,7309,0,30,2026-03-31,7e3e30369671972367d3eaf39f6da30131c48e78,build_log,,True
hadoop,PR-8212,trunk,3,9171.0,1775021507.0,FAILURE,4c184d8a4334654dd657fcd2b04232d99f45a929,124.89802,168,0,70,2026-04-01,7e3e30369671972367d3eaf39f6da30131c48e78,build_log,,True
hadoop,PR-8348,trunk,8,23251.0,1775043672.0,SUCCESS,abac06130be580b4eed5366de13a79fd0db5647c,24342.395,7307,0,32,2026-04-01,7f80f0733ea39b4c4c299acc96582fd4a9c785c3,build_log,,True
hbase,PR-4206,master,1,30273.0,1646988882.0,UNSTABLE,c43eafe7e8ecb622644cc60cccf8ddc755e10a29,66458.64,12205,1,68,2022-03-11,71ff3ec32371e1580155080fff6c4e5535b6ff85,build_log,,True
hbase,PR-4215,master,1,22239.0,1647227379.0,UNSTABLE,6180e560eb9e3abf41970b70df7b20f741e1b851,59965.816,12417,7,68,2022-03-13,c3d0cc70400645f89af78c800003e734e9e49852,build_log,,True
hbase,PR-4258,master,2,17073.0,1647869081.0,UNSTABLE,0568c03cecc25b8b4be16d8c440c8d681f8639c4,84732.19,12521,3,62,2022-03-21,f78f232b2831b86bd3c4fdd046f61044af13e0a3,build_log,,True
hbase,PR-4052,master,1,16733.0,1647874511.0,UNSTABLE,85d8067c8f4e36e89d7eaba04c28eedeea99308d,69556.22,13026,3,62,2022-03-21,f78f232b2831b86bd3c4fdd046f61044af13e0a3,build_log,,True
hbase,PR-4258,master,3,13856.0,1647886155.0,UNSTABLE,fcfa3a3724d0531807c76768580c933bd0b409bd,68133.73,12522,2,62,2022-03-21,f78f232b2831b86bd3c4fdd046f61044af13e0a3,build_log,,True
hbase,PR-4258,master,4,13579.0,1647920979.0,UNSTABLE,feb25f30418b31f2609a1ee8120e1d2dd01d86ff,68791.72,12522,1,62,2022-03-21,b3f00d08ce4bf925d3db22380e741a34eb04e962,build_log,,True
hbase,PR-4258,master,5,16036.0,1648118685.0,SUCCESS,e99e2438bb97cf581b3b1908a4f7a7648fbe4355,80637.61,12564,0,64,2022-03-24,ab4351a15528511f2a65f6f32f39a23a19a447fe,build_log,,True
hbase,PR-4258,master,6,16025.0,1648134722.0,UNSTABLE,1cc7333228fa056a3563aa4cbd1dfb6ced9d1004,80006.92,12563,1,64,2022-03-24,ec7141720fa3097d78e67ff3cafbec3a59fadbd3,build_log,,True
hbase,PR-4275,master,1,11849.0,1648202080.0,UNSTABLE,5102fea7d4b2e124ee770688353ea2da6f085ba3,60222.703,12509,1,64,2022-03-25,4ac600b04b7537d1bb171ba1501ad845dbb37fdb,build_log,,True
hbase,PR-4275,master,2,11747.0,1648348962.0,SUCCESS,5102fea7d4b2e124ee770688353ea2da6f085ba3,59710.414,12460,0,64,2022-03-26,698937d32bc480f27c8e8ec04c0aba849c975880,build_log,,True
hbase,PR-3360,master,1,12106.0,1648406738.0,UNSTABLE,57baa7b15a9166e7562e72b274dfea8cdf95c58a,63436.684,12530,6,64,2022-03-27,ad70ac2cd18c1411d96cd10e2b0ddb2dfe8c9635,build_log,,True
hbase,PR-3352,master,1,15500.0,1648406742.0,UNSTABLE,71583a2c80e2ddf45a7d80fc0c991ab91d8c402b,82352.62,13501,41,66,2022-03-27,ad70ac2cd18c1411d96cd10e2b0ddb2dfe8c9635,build_log,,True
hbase,PR-4294,master,1,13860.0,1648542282.0,UNSTABLE,5600a346f2e3c7b0b27f26b59861151c67ab4e58,37641.53,6188,2,31,2022-03-29,1efd8fe53c13cdbfde7cb3d0ff7ebea7b8b7d3bb,build_log,,True
hbase,PR-4294,master,2,1992.0,1648696483.0,UNSTABLE,1715c71aca390cfb65782a9d12c7d29bb8798b6a,4379.504,1714,0,2,2022-03-30,828ea9187e8e4f0b95a9cbcac3084a9532d14a53,build_log,,True
hbase,PR-4294,master,3,13700.0,1648702784.0,UNSTABLE,be8d66b6ae9c2ac04c2ae72f2763f9886e845b68,71671.69,13861,1,70,2022-03-30,828ea9187e8e4f0b95a9cbcac3084a9532d14a53,build_log,,True
hbase,PR-4294,master,4,16352.0,1648807791.0,FAILURE,7274697e6ecf4a25499c5738d023fb81eac6d6e1,82979.56,13768,0,70,2022-04-01,f51e57908f8a75fd0a810d33668596a3332ff30a,build_log,,True
hbase,PR-4320,master,1,4558.0,1649086183.0,UNSTABLE,12787af49a404c753f237115544bcf05ed01a8a3,10038.314,591,1,38,2022-04-04,7f9d1f2259da5851b532ae93aaea75126c706688,build_log,,True
hbase,PR-4294,master,5,15779.0,1649212493.0,UNSTABLE,d0f90aa4cb7357ba215c04f24943932499e78066,77870.28,14046,2,76,2022-04-05,ae3718be0fa11127cb272ddf305f8a0753f4603d,build_log,,True
hbase,PR-4349,master,1,1585.0,1649987981.0,SUCCESS,4032a1bab4856e08eabfd04f3b3a02435f531748,112.806,652,0,0,2022-04-14,f990f56e8e0929826382c80017a4859ae7d6518f,build_log,,True
hbase,PR-4258,master,7,12910.0,1650903011.0,SUCCESS,3424df3c323f2378cdb15a8c893a91fddae963f6,69548.3,11950,0,64,2022-04-25,af13c6d4c67757c8029ae5e546ba1f2d1e9a4299,build_log,,True
hbase,PR-4258,master,8,12955.0,1651207207.0,UNSTABLE,5936624abedb47a63e6798848e4256f12bb64e07,69699.87,11962,4,64,2022-04-28,f4eb9071fdc3293be91a8f12570b4191543a4211,build_log,,True
hbase,PR-4258,master,9,14546.0,1651225143.0,SUCCESS,c2b9282a311090711150c49b71ae12ceea76a456,73320.54,11966,0,64,2022-04-29,ebfac2164ad07c8b67782e5817f87e0aacafc231,build_log,,True
hbase,PR-4258,master,10,15478.0,1651741389.0,SUCCESS,e5f8373d2d1616a4f923c0ba91a36a02365ccbf9,77409.43,12110,0,64,2022-05-05,64a6ba364710418d1ace5b143457ed87c104e939,build_log,,True
hbase,PR-4258,master,11,17399.0,1651833819.0,UNSTABLE,57ca80ada09fec8481552106c92d648d86b4910b,89953.46,12109,2,64,2022-05-06,e9046a64f4ebbd45a2116c04ab89612f3f6cc61b,build_log,,True
hbase,PR-4423,master,2,24102.0,1653482390.0,UNSTABLE,b0d8154bc5aab0ea9c3db0433426ec9445929247,106620.27,17322,0,144,2022-05-25,194f8c2c4147c17b5f48f6c2b29534b04a2a3c63,build_log,,True
hbase,PR-4423,master,3,694.0,1653506493.0,SUCCESS,21147dcc0858dfea6726d3c735fc3057b2b4309a,0.107999995,2,0,0,2022-05-25,286f6c5af46bdc09e01b3e89bb36b2f5b74de944,build_log,,True
hbase,PR-4423,master,4,1068.0,1653522400.0,SUCCESS,f00c811bcd8971cfcf0281b5f0bba3eb7efb0f4b,2175.9119,18,0,0,2022-05-25,286f6c5af46bdc09e01b3e89bb36b2f5b74de944,build_log,,True
hbase,PR-4423,master,5,674.0,1653525890.0,UNSTABLE,f8e37c2f80d15866d764fab7d9938a2aefac8bff,474.18204,2,16,0,2022-05-25,286f6c5af46bdc09e01b3e89bb36b2f5b74de944,build_log,,True
hbase,PR-4423,master,6,1449.0,1653527690.0,SUCCESS,9eb6fe328477dd3cc852dc2fa89f2c7f77edb069,2166.851,18,0,0,2022-05-25,286f6c5af46bdc09e01b3e89bb36b2f5b74de944,build_log,,True
hbase,PR-4423,master,7,995.0,1653529490.0,SUCCESS,2088feb5847bbf0317fb22e2b310144e6bd1c21a,2166.212,18,0,0,2022-05-25,286f6c5af46bdc09e01b3e89bb36b2f5b74de944,build_log,,True
hbase,PR-4423,master,13,951.0,1653536691.0,SUCCESS,8d4e6dc6931795ff9d7aa0c6eb5f3f52f5270124,2176.405,18,0,0,2022-05-25,286f6c5af46bdc09e01b3e89bb36b2f5b74de944,build_log,,True
hbase,PR-4483,master,1,36091.0,1654194620.0,ABORTED,96934f15d330c174c6e02121d40e3405442845f2,72510.83,12680,7,70,2022-06-02,313a37f7ac780a36b51064372868a31849df6727,build_log,,True
hbase,PR-4483,master,2,36067.0,1654334084.0,ABORTED,c9fc8e03a145616c9e6269cc36256a43782c2607,74961.66,12655,8,70,2022-06-04,d57159f31cb7be4d9ced0d7b95e2c78c43d160a1,build_log,,True
hbase,PR-4258,master,12,13744.0,1655093414.0,UNSTABLE,528cc1e29eb3c76d4bb24b7743011c0437b94938,75959.91,13120,1,74,2022-06-12,002c92cd7aa84ec04c80978efc775b869d14c2e2,build_log,,True
hbase,PR-4531,master,1,1104.0,1655170782.0,SUCCESS,6b3f3eec00cbdcb52ff240f26fc11e1762c61ab6,2202.239,18,0,0,2022-06-13,f526609331ba5d6c2377135fdac3ff1dbe71c175,build_log,,True
hbase,PR-4540,master,1,13918.0,1655363084.0,UNSTABLE,93e85f8a83f003639d16dbb90c084e297600906e,73935.21,13239,1,78,2022-06-16,b3657484850f9fa9679f2186bf53e7df768f21c7,build_log,,True
hbase,PR-4545,master,1,1644.0,1655449185.0,UNSTABLE,645744cb4567a635b6ddc9650dc64c432cddf6be,255.187,74,0,0,2022-06-17,5e5d18bf212cec50fc7aa97609baee7613fc25c2,build_log,,True
hbase,PR-4545,master,2,1946.0,1655454585.0,SUCCESS,7b16091fc9f5295432f83efce2adc67786eb576b,246.212,74,0,0,2022-06-17,5e5d18bf212cec50fc7aa97609baee7613fc25c2,build_log,,True
hbase,PR-4555,master,1,1317.0,1655809480.0,SUCCESS,d769ec093d24d95a89abdb0c5ee5ee3d947d2ade,2186.7898,18,0,0,2022-06-21,5cf728da5a0fea5fd94bb31f06c9a43158ace6b4,build_log,,True
hbase,PR-4570,master,1,14213.0,1655980185.0,UNSTABLE,cc22be004fc48452cdcc13628614cfab5b43277e,77896.55,13021,2,74,2022-06-23,342183e596d93c5a0046b870833b6aafd5172143,build_log,,True
hbase,PR-4555,master,2,1290.0,1656338398.0,UNSTABLE,06104a944dfe4934c979e63b73eb83514fdc6d9c,2249.537,16,2,0,2022-06-27,d7f6861e8dfc06398455330e25bdac958d0dcb37,build_log,,True
hbase,PR-4555,master,3,1222.0,1656342298.0,UNSTABLE,2d5db0433fedb6762017749356c530168fa75459,2335.061,16,2,0,2022-06-27,d7f6861e8dfc06398455330e25bdac958d0dcb37,build_log,,True
hbase,PR-4206,master,2,15054.0,1657284033.0,SUCCESS,15e6f2bd74976a5d2c89bf43e3ffaf0de4705567,77810.836,13056,0,74,2022-07-08,2197b3806b793594af60bd38e59c898716ee6082,build_log,,True
hbase,PR-4555,master,4,988.0,1658063840.0,UNSTABLE,2d5db0433fedb6762017749356c530168fa75459,2212.6716,16,2,0,2022-07-17,70a2ee1716a664d07253e1021be8852c590f46d3,build_log,,True
hbase,PR-4660,master,1,14006.0,1658934174.0,UNSTABLE,c43a95115c647451ce6efe611782a89707611c7c,75290.57,13289,4,74,2022-07-27,a3eeab8c569068f4f85346733b46adb722524e51,build_log,,True
hbase,PR-4661,master,1,15291.0,1658966984.0,UNSTABLE,9f8b2f82b68b72fb9d0e43121383d449bdd27e8a,55493.547,9788,0,57,2022-07-27,a3eeab8c569068f4f85346733b46adb722524e51,build_log,,True
hbase,PR-4555,master,5,1475.0,1660663508.0,UNSTABLE,205d616f36f6a68a16bc3524a97c92f327b5f4be,2344.662,16,2,0,2022-08-16,116458ab0494dc938488a6ccde11a4a7b69bf9dd,build_log,,True
hbase,PR-4719,master,1,1364.0,1661243686.0,UNSTABLE,0047b6e2c5e0bd972d9d351e1af2d4f803ad6681,3.6180003,50,2,0,2022-08-23,950ad8dd3ed472846db40eb7e16ed39c0b3b908a,build_log,,True
hbase,PR-4720,master,1,13875.0,1661246381.0,UNSTABLE,1bc0511fb60a7ed3f24e1b2df818fe4222c72411,74645.195,14236,0,78,2022-08-23,950ad8dd3ed472846db40eb7e16ed39c0b3b908a,build_log,,True
hbase,PR-4721,master,1,14022.0,1661249987.0,UNSTABLE,01c5d28763129f1beec5c513a85659a2e493c3ee,74692.234,13568,0,82,2022-08-23,950ad8dd3ed472846db40eb7e16ed39c0b3b908a,build_log,,True
hbase,PR-4660,master,2,17565.0,1661250002.0,UNSTABLE,6073c69d6fef6fae4e55d4bfec20d182dedf4ad8,88634.66,13574,2,78,2022-08-23,950ad8dd3ed472846db40eb7e16ed39c0b3b908a,build_log,,True
hbase,PR-4720,master,2,13806.0,1661260258.0,SUCCESS,245080f85b3948f69afc282a71a4bbdf494bc1ef,74850.664,14236,0,78,2022-08-23,950ad8dd3ed472846db40eb7e16ed39c0b3b908a,build_log,,True
hbase,PR-4721,master,2,14014.0,1661264011.0,UNSTABLE,3ae887964fe9d8908ca00cc87a40b8852cbc1790,75255.25,13562,5,82,2022-08-23,950ad8dd3ed472846db40eb7e16ed39c0b3b908a,build_log,,True
hbase,PR-4721,master,3,17125.0,1661278026.0,UNSTABLE,77d723970975b8953952dec2f36a4863e10fd82c,82918.31,13554,9,82,2022-08-23,950ad8dd3ed472846db40eb7e16ed39c0b3b908a,build_log,,True
hbase,PR-4721,master,4,13355.0,1661308815.0,UNSTABLE,b79d4c27787e5025d49689b5105caa0575b59ac8,74102.016,13567,1,82,2022-08-23,a0481d100ff904fbc6613e559731bfecac759cff,build_log,,True
hbase,PR-4721,master,5,14251.0,1661322172.0,UNSTABLE,05a8e9f0bd79d8a148ad6284ab90a09bff2c1285,77360.11,13567,1,82,2022-08-24,b4e5875dd9def78e242a66fdf785270dbc8c90f2,build_log,,True
hbase,PR-4721,master,6,36053.0,1661342385.0,ABORTED,05a8e9f0bd79d8a148ad6284ab90a09bff2c1285,79348.39,13566,3,82,2022-08-24,b44bfc52cc9b1d46a15f2dbca0caa220c2f0828b,build_log,,True
hbase,PR-4721,master,7,15421.0,1661436890.0,UNSTABLE,02d12991ff8975ab3e4c5fbd343ab76c96fc9a2f,78421.625,13567,1,82,2022-08-25,92cf962fee37f83dc7fafbb5571a699bf23ab275,build_log,,True
hbase,PR-4721,master,8,14445.0,1661516092.0,SUCCESS,800e9b4226f03cc0170f8ce5a3c6b22aa48f2b15,76591.27,13662,0,82,2022-08-26,92cf962fee37f83dc7fafbb5571a699bf23ab275,build_log,,True
hbase,PR-4765,master,1,36063.0,1662435282.0,ABORTED,35a9faff099b79d8cbc2086a01bcb15627deef10,76588.19,12705,12,68,2022-09-05,72c1a847503e19942b46f4e4b1b8c8d6fb60fb4f,build_log,,True
hbase,PR-4765,master,2,36040.0,1662614989.0,ABORTED,f1df0eeed4916a22fdd6ea65b25867e6b8c9b5f5,76170.266,13672,4,70,2022-09-08,fa3bd7feb94bc07b7115fc12dcba201afec29a8c,build_log,,True
hbase,PR-4765,master,3,19078.0,1662651030.0,UNSTABLE,b85e93491b6ef2c5df18cc691870042b1c68e3eb,99635.62,13665,5,70,2022-09-08,2bfa540be5b5a76ca30ad1a6e38264682c4c8ce4,build_log,,True
hbase,PR-4765,master,4,13951.0,1662691787.0,UNSTABLE,a5bf102d3f90057029e03bfc4935efef1aa0571f,73893.35,13670,0,70,2022-09-08,793f020e131b21038946e423fc251d6b03adb00b,build_log,,True
hbase,PR-4765,master,5,13387.0,1662705739.0,UNSTABLE,e296594aedfd3533a6f69292c3f0cc2fe02e0d15,65805.88,12144,0,62,2022-09-09,793f020e131b21038946e423fc251d6b03adb00b,build_log,,True
hbase,PR-4765,master,6,13742.0,1663036187.0,UNSTABLE,65f264ee42ce09d3b54092020434603f59962fd9,74118.27,13224,0,70,2022-09-12,f3f88ff6c17633d98facf9dccb57e63b87200e4a,build_log,,True
hbase,PR-4785,master,1,13788.0,1663161585.0,UNSTABLE,f82a9f0c6f3f862555b8387d0f7e3dbfb56f6210,74624.086,13224,0,70,2022-09-14,efc757577a95baf13584ff0a3fdb9788031a6b2c,build_log,,True
hbase,PR-4765,master,7,18639.0,1663300793.0,UNSTABLE,18fb6e70633309374eac70e7345c990a3ef3ba14,86091.055,13219,2,70,2022-09-15,460bb47c04cf2ffa71c23b80c5680d8cbb69234b,build_log,,True
hbase,PR-4765,master,8,14448.0,1663554898.0,SUCCESS,9f31f19fb095f618e880dc79cf9ff36b55feb9b9,75278.56,13340,0,70,2022-09-18,6f0761a6681bc3bc8c29621e917d8ba5c026207f,build_log,,True
hbase,PR-4799,master,1,3066.0,1663951184.0,UNSTABLE,aa22468dfc63c976c1641cfe839ded9b18d1acec,5328.001,3084,20,12,2022-09-23,748cad655c6de0372f397bbd8e8df20dda41ea67,build_log,,True
hbase,PR-4799,master,2,14534.0,1663964385.0,SUCCESS,54bacfff712532c269e241b791e87c9282aad22b,77668.6,14660,0,70,2022-09-23,748cad655c6de0372f397bbd8e8df20dda41ea67,build_log,,True
hbase,PR-4555,master,7,1253.0,1668162921.0,UNSTABLE,2a851e14cc980dff78bc514167da144226ec06c8,2273.1628,18,2,0,2022-11-11,085325c6961e99ebadb9da3ce014d6216e03b6ea,build_log,,True
hbase,PR-4890,master,1,13425.0,1668999282.0,UNSTABLE,185ecb87e53204a742648f9eee97d892bf3b46e9,73703.46,14927,1,72,2022-11-20,f68b61a027bfc2df6a59f5a1d4dec060dbb06b18,build_log,,True
hbase,PR-4891,master,1,14728.0,1669052065.0,UNSTABLE,8557fa1b6a1157d83acdf0a5a2878ed8821d0ee0,76219.55,15000,0,72,2022-11-21,94629331791ea9dbec171ad9070d8c4d486bd16b,build_log,,True
hbase,PR-4891,master,2,14375.0,1669780484.0,SUCCESS,a59d4125556cdf5408410f37679b59a6d6d32213,74705.41,14642,0,66,2022-11-29,3ffc0b55528c232c4e2fc0c67bc78a564591efb9,build_log,,True
hbase,PR-1915,master,1,13462.0,1670213581.0,UNSTABLE,7678a46e65e66d325070cc8fee8d86c1781dd427,37076.62,7398,0,35,2022-12-04,febe511750b428f5e32c773be40e59f011eb9881,build_log,,True
hbase,PR-4916,master,1,13766.0,1670355581.0,UNSTABLE,ca9de913db797e875ccc595ea7bff27b73ab63a7,75148.25,14800,0,70,2022-12-06,febe511750b428f5e32c773be40e59f011eb9881,build_log,,True
hbase,PR-4916,master,2,19283.0,1670435687.0,UNSTABLE,faf5a271aad20d700ba6f76aba1b52e82040d3cb,87434.016,14795,4,70,2022-12-07,febe511750b428f5e32c773be40e59f011eb9881,build_log,,True
hbase,PR-4935,master,1,36043.0,1671626986.0,ABORTED,eae0c46e2b5fa3a061f2fc8dd140f0e1021c5668,84506.97,15018,2,74,2022-12-21,222ec684d68de25d20dac3be2614863c1c4cbd20,build_log,,True
hbase,PR-4891,master,3,17244.0,1671715492.0,UNSTABLE,c21b0abc648b3108a000d20b8e96b2a01c4dac5a,82807.5,15118,0,74,2022-12-22,dcfde79f7e51f7141d8c10116bffcaeda85d1c73,build_log,,True
hbase,PR-4979,master,1,1489.0,1673972391.0,SUCCESS,340aaaf1fe821e5bbe324c7939d34e9d2310057f,15.07,12,0,0,2023-01-17,da261344cc55e7812dfe22d86d5fa88c93ed79b9,build_log,,True
hbase,PR-4799,master,3,15275.0,1674036347.0,UNSTABLE,16690258b7c4c32b00eee5ce4383aa919f68fe5b,79847.16,17798,0,116,2023-01-18,ad8f28e29784894cd342b5d37b0d88e0f5936dc2,build_log,,True
hbase,PR-4799,master,4,15421.0,1674051624.0,UNSTABLE,a53a3fcae630f518cf55e1dbed5ff627a235fecb,79766.14,17797,1,116,2023-01-18,ad8f28e29784894cd342b5d37b0d88e0f5936dc2,build_log,,True
hbase,PR-4799,master,5,15301.0,1674124631.0,UNSTABLE,a53a3fcae630f518cf55e1dbed5ff627a235fecb,81306.53,17803,2,116,2023-01-19,ad8f28e29784894cd342b5d37b0d88e0f5936dc2,build_log,,True
hbase,PR-4979,master,2,1907.0,1674203986.0,SUCCESS,47af1fab2341d65a7394488d94e3e5bf47360072,14.167,12,0,0,2023-01-20,913cf6b96df1fe28c84be0e6c382090cbcd9d8b7,build_log,,True
hbase,PR-4799,master,6,16602.0,1674461189.0,SUCCESS,a53a3fcae630f518cf55e1dbed5ff627a235fecb,83861.625,17968,0,116,2023-01-23,83d450d5b5c069371f4696022331d251ffb02873,build_log,,True
hbase,PR-4935,master,2,14233.0,1675050290.0,SUCCESS,1666d58eaeb09ca49da4161f67673118d122b973,75054.88,14806,0,66,2023-01-29,382681e2d6b6c417145022d7df81390bf42f2773,build_log,,True
hbase,PR-4935,master,3,2409.0,1675069196.0,UNSTABLE,50389904c9ab35d77447357c0470d22638814c98,1715.2993,2318,2,12,2023-01-30,382681e2d6b6c417145022d7df81390bf42f2773,build_log,,True
hbase,PR-5002,master,1,16274.0,1675129185.0,UNSTABLE,ef9441404af3c0bb1a4c9bd344d8d5a4b76efeef,84288.664,14802,0,66,2023-01-30,76207257bba6b7f8f765ee545f505d8f9b9cfa22,build_log,,True
hbase,PR-5013,master,1,2409.0,1675777183.0,UNSTABLE,ff0048f211088726d3b9d9bfd28be94099c0fa93,5580.2544,3718,2,62,2023-02-07,198a3b7e891b67468748abe2968975148d96632f,build_log,,True
hbase,PR-4782,master,1,14663.0,1675894506.0,UNSTABLE,d70022e144ccad4e36c9840c8342d818ff4eab34,77504.44,16992,2,126,2023-02-08,6a34aa8195bc7afd5bee72595a140950fb81983f,build_log,,True
hbase,PR-5024,master,1,1950.0,1676345683.0,SUCCESS,eb2537e7a8a533a36540cfe3a0f65bf3586099f1,279.76996,2198,0,50,2023-02-13,8ba56cccd375188fabad7194b4c2fbf80a65c5ad,build_log,,True
hbase,PR-5027,master,1,15675.0,1676476187.0,SUCCESS,77d29bf118d306ed4f2013252a5a74a6adccecce,79436.42,14779,0,70,2023-02-15,2bbe036e2999f886008bb83988c541eb879e2431,build_log,,True
hbase,PR-5027,master,2,13791.0,1677020419.0,SUCCESS,553cec445049d716856440c193d866c830c480d9,74720.54,14756,0,68,2023-02-21,22dbb7afc383b9b9a8678f2c9eca1dca31784615,build_log,,True
hbase,PR-4799,master,7,19228.0,1677762012.0,UNSTABLE,ab870c0c3e75d0a1e341b194f27efe7bf858be61,80355.85,17714,0,114,2023-03-02,d2b0074f7ad4c43d31a1a511a0d74feda72451d1,build_log,,True
hbase,PR-4799,master,8,17166.0,1677781241.0,UNSTABLE,a8dbcefcd39862b2896cc03cf691d8609b6e13f6,89944.13,17713,1,114,2023-03-02,d2b0074f7ad4c43d31a1a511a0d74feda72451d1,build_log,,True
hbase,PR-4780,master,1,2130.0,1677837437.0,SUCCESS,8a960d3ccdbedd0bb637d87d0c6669020335e03a,140.5,656,0,0,2023-03-03,d2b0074f7ad4c43d31a1a511a0d74feda72451d1,build_log,,True
hbase,PR-4799,master,9,15477.0,1677848417.0,SUCCESS,8645e930f2e34c4a017c766b01ff5155eed29048,80769.4,17714,0,114,2023-03-03,d2b0074f7ad4c43d31a1a511a0d74feda72451d1,build_log,,True
hbase,PR-5094,master,1,36064.0,1678274389.0,ABORTED,9849cc169fe6252131b89c2df8744dc0fdb4872d,80915.625,15485,5,83,2023-03-08,16864c705c7054a4c1d59c33a0abd2de62d9e0ce,build_log,,True
hbase,PR-4544,master,2,2489.0,1678500626.0,SUCCESS,fb742807ea02d48dd64b3cf5c30810b5cac5bab8,3144.7014,2388,0,50,2023-03-10,72d5a46899ef0866d777f0a9508649beed6d8dd3,build_log,,True
hbase,PR-4545,master,3,2103.0,1678506922.0,UNSTABLE,79bbdeaa5107628c50b00ba6f2c75960e16ce1e5,2067.608,176,2,0,2023-03-10,72d5a46899ef0866d777f0a9508649beed6d8dd3,build_log,,True
hbase,PR-4545,master,4,1981.0,1678509627.0,SUCCESS,2805cf85be18696cc09f616def9874c71c7546bc,2041.855,178,0,0,2023-03-10,72d5a46899ef0866d777f0a9508649beed6d8dd3,build_log,,True
hbase,PR-5138,master,1,15776.0,1679574591.0,UNSTABLE,a5f2691b7175d091c7c6c24d449045b3e2286eee,79608.18,15421,1,72,2023-03-23,7d6a79b768e08104c65907a9b5c01411915f56ac,build_log,,True
hbase,PR-4799,master,10,2862.0,1679662541.0,UNSTABLE,e70cc6644f671074e693eec181635cfb5baa4264,6157.656,3028,4,50,2023-03-24,230fdc0b50578144d3e0916c33d4532bb8644763,build_log,,True
hbase,PR-4799,master,11,3973.0,1679667066.0,UNSTABLE,af0181bf6a20b6edd572d63f5a2a567a80088baf,7201.6284,5344,10,62,2023-03-24,735fb4338876b8d7da9dcad7383bdf1fc9c90c87,build_log,,True
hbase,PR-4799,master,12,17144.0,1679684410.0,UNSTABLE,cf7b3d2d536beec2a4b7dae9a85873c84118df96,86287.48,17800,2,122,2023-03-24,735fb4338876b8d7da9dcad7383bdf1fc9c90c87,build_log,,True
hbase,PR-5142,master,1,15868.0,1679891082.0,UNSTABLE,ff20959bb30c022efed49a855dc977dacd67aa39,79368.15,14865,1,72,2023-03-26,735fb4338876b8d7da9dcad7383bdf1fc9c90c87,build_log,,True
hbase,PR-5142,master,2,16316.0,1679906952.0,UNSTABLE,f709319457b43fca6de576d60f5a5e004da4116c,85888.79,14877,1,72,2023-03-27,735fb4338876b8d7da9dcad7383bdf1fc9c90c87,build_log,,True
hbase,PR-4799,master,13,16207.0,1679923524.0,SUCCESS,1a7d728b3cae60df967dd4fef899a8db3d662ef9,83380.336,17914,0,122,2023-03-27,a6dad700dbdf8a3afbe9ff6e7e372f73fa833441,build_log,,True
hbase,PR-4799,master,14,14713.0,1680241514.0,SUCCESS,160f48435281c5479c4ea5ea8cbabc6815846607,77911.086,17908,0,122,2023-03-31,e5620e26a275052151865f30956aa33393542a4a,build_log,,True
hbase,PR-4720,master,3,36037.0,1680256820.0,ABORTED,9248037136a75148c60aa803e19df44c9f315cf4,86700.81,15451,3,72,2023-03-31,e5620e26a275052151865f30956aa33393542a4a,build_log,,True
hbase,PR-4799,master,15,14966.0,1680271516.0,SUCCESS,55e55ea3c03a363732779118f3c5a229b819438c,78880.89,17912,0,122,2023-03-31,143e9b4ff6ab610481c62c6bf368a4c7bf94acb7,build_log,,True
hbase,PR-4720,master,4,20721.0,1680529095.0,UNSTABLE,d167868598dfb2651b530b1f2732f4aea92fdb1e,93020.74,15450,6,72,2023-04-03,143e9b4ff6ab610481c62c6bf368a4c7bf94acb7,build_log,,True
hbase,PR-5175,master,1,36025.0,1681380292.0,ABORTED,7b002f4c9ffe59a1ed35caf4adda91064d3df1d8,95771.875,15028,6,73,2023-04-13,e4b4cef80e127d1dc16c99c5a87fd2dd340cb2b6,build_log,,True
hbase,PR-5177,master,1,36063.0,1681387187.0,ABORTED,b4956823c3ef7e0a7ef546522daade44b1786ac2,80687.59,15040,4,73,2023-04-13,a71105997f2c08c74f3713925847cce3d44134bc,build_log,,True
hbase,PR-4891,master,4,15193.0,1683798922.0,UNSTABLE,f08e679b3e2b1f11bb0bde1ab477ced9a8fe0917,77872.65,15367,1,70,2023-05-11,5cea8112fde64c019e7c9ed8f9a4220834276eda,build_log,,True
hbase,PR-4891,master,5,14795.0,1684204820.0,UNSTABLE,c6097e18dd7112654acdf5a99371db316b7fb4c4,78613.836,15633,1,80,2023-05-15,93ddd7060de7b6a911eaea9871cbc599cfd02a3b,build_log,,True
hbase,PR-5243,master,1,1887.0,1684397386.0,UNSTABLE,7a28b5b13ffc4a7edd631db8ce9f7903d555a25d,90.537994,34,0,0,2023-05-18,93ddd7060de7b6a911eaea9871cbc599cfd02a3b,build_log,,True
hbase,PR-5243,master,2,1837.0,1684467663.0,UNSTABLE,7a28b5b13ffc4a7edd631db8ce9f7903d555a25d,133.574,61,8,0,2023-05-18,71d7996047001d0be56915bbabed1fb0e552192b,build_log,,True
hbase,PR-5243,master,3,1932.0,1684488238.0,SUCCESS,7a28b5b13ffc4a7edd631db8ce9f7903d555a25d,166.377,68,0,0,2023-05-19,71d7996047001d0be56915bbabed1fb0e552192b,build_log,,True
hbase,PR-5252,master,1,14353.0,1684901689.0,UNSTABLE,a380e0e6f7952c82716b58ea5075fad71028c1e7,76132.1,15385,1,80,2023-05-23,22526a6339afa230679bcf08fa1c917b04cdac6d,build_log,,True
hbase,PR-5252,master,2,13991.0,1684916044.0,UNSTABLE,1e1aaa28473c05891a0b68fbd4ccc0c2615ec3c3,38218.73,8881,1,46,2023-05-24,22526a6339afa230679bcf08fa1c917b04cdac6d,build_log,,True
hbase,PR-5252,master,3,14005.0,1684976989.0,SUCCESS,fcf98a0a127137f78b347acd189582a217fc8dcc,75568.586,15386,0,80,2023-05-24,256e5e9cd8d36c6cc25e3d0b100929ac974e2093,build_log,,True
hbase,PR-5252,master,4,14471.0,1685002190.0,UNSTABLE,a3d1eb143f37682c39f505266583a7e88023e179,76744.59,15388,0,80,2023-05-25,ea3a44ea2d3bb1b25c6168dafaff6d5480c87053,build_log,,True
hbase,PR-5252,master,5,14648.0,1685347794.0,UNSTABLE,259d1bdefaee599f0eb214fa1af511c967a9b51a,77207.73,15507,1,82,2023-05-29,79c985f2468429d717b82563e81116c4c5f75f5d,build_log,,True
hbase,PR-5259,master,1,18958.0,1685435989.0,UNSTABLE,92b84dcdf03cc63ff5be4ff7731ec9a32a97b3f1,88140.24,15488,3,82,2023-05-30,79c985f2468429d717b82563e81116c4c5f75f5d,build_log,,True
hbase,PR-5260,master,2,14603.0,1685453990.0,UNSTABLE,96badc47a3a7d3469b0cb301d807745408a7b66b,77375.914,15522,18,82,2023-05-30,79c985f2468429d717b82563e81116c4c5f75f5d,build_log,,True
hbase,PR-5260,master,3,14616.0,1685495388.0,UNSTABLE,db1cc1d6e31cd670c707abcded040278a68a336a,77373.32,15544,16,82,2023-05-30,79c985f2468429d717b82563e81116c4c5f75f5d,build_log,,True
hbase,PR-5267,master,1,14880.0,1685887785.0,UNSTABLE,867c44ce1c92ba7328326b7a2ea7a4d10b9a2356,77275.77,15751,1,86,2023-06-04,7b571ca9e44389f05051f10d108a19ad7ff36bf9,build_log,,True
hbase,PR-5252,master,6,16706.0,1686133199.0,UNSTABLE,87289066fa0a7227aa39b4ffade5b602a2a98cfa,81842.73,15530,2,82,2023-06-07,3b09ce4bd177a7a1e3d2dbe78ba7c650658bcb71,build_log,,True
hbase,PR-5315,branch-2,1,1721.0,1688416490.0,SUCCESS,b0248fc9b33094f0d58f998215946bb39b879cab,1064.3915,960,0,2,2023-07-03,612521a0cb26a8a3635b9cc70dce0f40a36aa989,build_log,,True
hbase,PR-5315,branch-2,2,2565.0,1688419190.0,UNSTABLE,383c362f1989d2b653e2004aa0e9bc6ef00c82e9,2174.015,3334,2,14,2023-07-03,612521a0cb26a8a3635b9cc70dce0f40a36aa989,build_log,,True
hbase,PR-5316,master,1,15361.0,1688549992.0,UNSTABLE,df8a2ea3346876a3a80234b48fe19c2d782b5ec7,81158.33,15657,1,78,2023-07-05,05a47fe8ea3e0bdd789a2bc8a333bf609bdcf37a,build_log,,True
hbase,PR-5316,master,2,16450.0,1688611026.0,SUCCESS,8e74efc5c44d2c64d0d37273b187eac82168e967,82879.91,15670,0,78,2023-07-05,b2e2abe64bd9f3d511b8193510fe66c76ff7854c,build_log,,True
hbase,PR-5316,master,3,15287.0,1688627478.0,UNSTABLE,f325a23f3aca3d0548fef76d0c05ef692a0a7493,80931.88,15667,1,78,2023-07-06,b2e2abe64bd9f3d511b8193510fe66c76ff7854c,build_log,,True
hbase,PR-5318,master,1,17753.0,1688633993.0,UNSTABLE,6f96d09e9cb7d0f84bd6a4adec89b76b6616f105,92831.836,15661,1,78,2023-07-06,b2e2abe64bd9f3d511b8193510fe66c76ff7854c,build_log,,True
hbase,PR-5318,master,2,15835.0,1688651875.0,UNSTABLE,6f96d09e9cb7d0f84bd6a4adec89b76b6616f105,80501.37,14765,0,76,2023-07-06,b2e2abe64bd9f3d511b8193510fe66c76ff7854c,build_log,,True
hbase,PR-5318,master,3,14795.0,1688693609.0,SUCCESS,6f96d09e9cb7d0f84bd6a4adec89b76b6616f105,80224.32,15662,0,78,2023-07-06,b2e2abe64bd9f3d511b8193510fe66c76ff7854c,build_log,,True
hbase,PR-5319,master,1,15033.0,1688902193.0,SUCCESS,907a2e77c6437c7b3b5f3459d270c54599c52b26,79127.4,16354,0,78,2023-07-09,b2e2abe64bd9f3d511b8193510fe66c76ff7854c,build_log,,True
hbase,PR-5319,master,2,15643.0,1689008394.0,UNSTABLE,05c58c28885df153d371577b4d342c448944f401,81385.28,17028,0,84,2023-07-10,b2e2abe64bd9f3d511b8193510fe66c76ff7854c,build_log,,True
hbase,PR-5319,master,3,17927.0,1689092394.0,UNSTABLE,aac6c9817c63ab8c39cd6bbe70704a5f3f8db2b6,90636.9,17025,4,84,2023-07-11,1d704a79ab8942b5092640d7274826fd4d31c01d,build_log,,True
hbase,PR-5319,master,4,18347.0,1689161693.0,UNSTABLE,9a642e4d3a6c4c0ca6ce914208525810a92f69bd,90699.87,17028,0,84,2023-07-12,1d704a79ab8942b5092640d7274826fd4d31c01d,build_log,,True
hbase,PR-5316,master,4,15232.0,1689560092.0,UNSTABLE,e5980f37274e05314675bcdb62d1dff35d477760,80355.18,15656,0,82,2023-07-16,3353381338c4a19825f41fefd103b5ad12be8b2a,build_log,,True
hbase,PR-5316,master,5,15166.0,1689575326.0,SUCCESS,a14fa48f77428a1e9df547951be29dd5d5cc859f,80245.54,15656,0,82,2023-07-17,2c92e6fdce85cb02a4a5c2ecb714fd2efa30835c,build_log,,True
hbase,PR-5267,master,2,17282.0,1691249706.0,UNSTABLE,847fd0ca0755955ba68cff20d87f1d18a1234bb7,83834.234,15948,0,88,2023-08-05,3ddc6dd70f3a9aa28338f43036db0bfd99bd0bad,build_log,,True
hbase,PR-5267,master,3,15302.0,1691414111.0,UNSTABLE,2a1603db1df25a9081611fd36de0d2d625046288,79509.984,15845,1,88,2023-08-07,7cfa47dfe000c74db1ba9292ad10bed9e48f6c3b,build_log,,True
hbase,PR-4390,master,2,17107.0,1692068457.0,UNSTABLE,63bf30fb9ed65aad39d1055317a6c5a19641cba8,85774.85,15657,1,84,2023-08-14,20c9e4ba5f66dd959e7c62a1a8090164a329f571,build_log,,True
hbase,PR-4390,master,3,15107.0,1692085566.0,UNSTABLE,19349b72aa4bad141a5b0b8a33c695e07d5c4b2c,80272.6,15654,4,84,2023-08-15,20c9e4ba5f66dd959e7c62a1a8090164a329f571,build_log,,True
hbase,PR-5352,master,2,16987.0,1692092689.0,UNSTABLE,049a93c5e8a4982ef5cf10b5ecd4256339dad2e2,85577.44,15656,0,84,2023-08-15,20c9e4ba5f66dd959e7c62a1a8090164a329f571,build_log,,True
hbase,PR-5352,master,3,16901.0,1692109678.0,UNSTABLE,69be7ea359111ff2fd5bb6ea05b1ceb58118f38f,85003.65,15671,1,84,2023-08-15,20c9e4ba5f66dd959e7c62a1a8090164a329f571,build_log,,True
hbase,PR-4390,master,5,17731.0,1692150957.0,UNSTABLE,24b0c01adb97d52ac3b1aa37495751f5bcd7cd07,86777.695,15674,0,84,2023-08-15,2fb2ae152a2d8aedda154bb1cf0bc72bf6e6b09c,build_log,,True
hbase,PR-4390,master,6,15766.0,1692168690.0,UNSTABLE,91f855a048012fe2af7aab7d4b0e95cd946b1c80,81861.93,15673,2,84,2023-08-16,2fb2ae152a2d8aedda154bb1cf0bc72bf6e6b09c,build_log,,True
hbase,PR-5352,master,4,19125.0,1692175505.0,UNSTABLE,69be7ea359111ff2fd5bb6ea05b1ceb58118f38f,89326.766,15672,0,84,2023-08-16,20c9e4ba5f66dd959e7c62a1a8090164a329f571,build_log,,True
hbase,PR-4390,master,7,14501.0,1692185330.0,SUCCESS,91f855a048012fe2af7aab7d4b0e95cd946b1c80,78293.766,15674,0,84,2023-08-16,2fb2ae152a2d8aedda154bb1cf0bc72bf6e6b09c,build_log,,True
hbase,PR-5365,branch-2,2,2449.0,1692656251.0,UNSTABLE,c7f720fbb548fe00f3a7139f62b9bf272b10303f,1502.2393,2384,2,12,2023-08-21,fbd258f2d0c4df8b5d07f7cfc684784ad8861f94,build_log,,True
hbase,PR-5368,branch-2.5,1,13389.0,1692802192.0,UNSTABLE,19e7e15b4f63640c8d14dadd3b36b2340e98d89e,70407.72,14032,0,87,2023-08-23,110aa4b7534d716d01f713ce438a5670261cc5c7,build_log,,True
hbase,PR-5371,HBASE-27389,1,15092.0,1692908989.0,UNSTABLE,1673ee7c8f590ff0c41dce23e3b17827c4567690,80841.914,16002,24,84,2023-08-24,2469aca027e89c035aa05adee10599d26d8ea7fe,build_log,,True
hbase,PR-5260,master,4,19548.0,1693291813.0,UNSTABLE,724eb0ace244468b86560587659e10840b35dc4b,91191.97,15473,7,84,2023-08-29,5527dd94537250bbe76dd7b074063c32f7ec29db,build_log,,True
hbase,PR-5371,HBASE-27389,4,15295.0,1693324195.0,UNSTABLE,518c333c96490641d3e4bac92a0078c3e52c93a9,82838.23,16021,2,84,2023-08-29,5e2cc6363be761059a464d921b23aa3fe1264118,build_log,,True
hbase,PR-5371,HBASE-27389,5,16966.0,1693389898.0,UNSTABLE,63934417102239ec64bd9dcbaac48f5fd22b500e,84994.89,16026,0,84,2023-08-30,5e2cc6363be761059a464d921b23aa3fe1264118,build_log,,True
hbase,PR-5352,master,5,14327.0,1694064003.0,UNSTABLE,2dcf7bb37fff24a9a1c6ebcbcf7c4137020f9e4d,78351.516,15489,2,84,2023-09-07,97d512be7c9802fbba7890a7ff34a0e882cd8a84,build_log,,True
hbase,PR-5410,master,1,16003.0,1695053991.0,SUCCESS,d3abc1abd68bfffe61029173880143f41c7f88ca,82278.516,15632,0,84,2023-09-18,ef7b85409a6e92647ec3094d617a0b8654e19824,build_log,,True
hbase,PR-5414,master,1,17542.0,1695198594.0,UNSTABLE,0c12ee4ee771533bc678618786001a7cf1705e5a,86528.18,15625,1,84,2023-09-20,8b2ca86d508f5047ddeeb65c21e3f141ae571f6b,build_log,,True
hbase,PR-5428,master,1,16392.0,1695351589.0,SUCCESS,0dc040f9288110746de521c36c71b798d560c6aa,83069.13,15644,0,84,2023-09-21,20c4136bf6b842e8c5fc5010cce9fb76364c3d11,build_log,,True
hbase,PR-5428,master,2,17441.0,1695367983.0,UNSTABLE,4f1cca21eacfaef6c3472a3d4431a1f0a024cf35,90042.99,15642,2,84,2023-09-22,20c4136bf6b842e8c5fc5010cce9fb76364c3d11,build_log,,True
hbase,PR-5428,master,3,15171.0,1695807902.0,UNSTABLE,40b60de0b519321cf48f6c4d05ca8687b7b69c8b,80334.89,15518,1,82,2023-09-27,6cb15b14d4e2b9d44e3ade3efaff281090fb4d72,build_log,,True
hbase,PR-5428,master,4,15904.0,1695823075.0,UNSTABLE,8ac11d8aff3ccc54853c1c010f0627202a20f292,80888.13,15507,1,82,2023-09-27,6cb15b14d4e2b9d44e3ade3efaff281090fb4d72,build_log,,True
hbase,PR-5252,master,7,16620.0,1696666832.0,UNSTABLE,5a47c279b70c402e0c527adfc1665e70f556eb55,84917.53,15340,5,82,2023-10-07,865a59547b3058100c834a28b29ea3e10839f8e3,build_log,,True
hbase,PR-5428,master,7,3482.0,1696756797.0,UNSTABLE,d445f694619e800f07c02b6c3075cfba3485795b,1164.1926,2282,2,12,2023-10-08,865a59547b3058100c834a28b29ea3e10839f8e3,build_log,,True
hbase,PR-5260,master,6,14807.0,1696845937.0,UNSTABLE,5f2cab3ae1daaf9207eba58ca4be4046f0065716,78612.46,15300,16,82,2023-10-09,865a59547b3058100c834a28b29ea3e10839f8e3,build_log,,True
hbase,PR-5464,master,1,16178.0,1697507693.0,UNSTABLE,ac951d08cf487263837eb067c5d66bf71b68419b,84751.69,15263,8,82,2023-10-16,391dfda6adcbe42b5dcb68a4bb98f1fce49ae88c,build_log,,True
hbase,PR-5477,master,1,16244.0,1698205189.0,UNSTABLE,500875474ccdd5268386ec268a25733385e75f3f,83347.08,16359,3,88,2023-10-24,2399539510739ec87fe79948b429fa8eeeef0028,build_log,,True
hbase,PR-5477,master,2,17892.0,1698221434.0,UNSTABLE,ae45cb093b6f5fca0bc3a9d52a66f882645cf8f4,86475.94,16363,3,88,2023-10-25,13d46e7f8cd488d9d352baef4eacb0d8681d0295,build_log,,True
hbase,PR-5477,master,3,16649.0,1698558595.0,UNSTABLE,39bf38a357c60621ea1633d7aa5889e79406f54f,83628.91,16632,2,90,2023-10-29,0749fad44894d4188402500441bdf27de38f6691,build_log,,True
hbase,PR-5487,branch-2,1,14315.0,1698734690.0,UNSTABLE,2c881f6908199def52c65efb8053a6e2ea8e8023,75176.375,15632,0,85,2023-10-31,4f3e63e5de55b29bdc2a8d0e7a2b93148338727c,build_log,,True
hbase,PR-5513,master,1,17008.0,1699561201.0,UNSTABLE,8e0494b74c57594aed227e9b6d8f1ee8bd63e23e,94686.34,15557,53,82,2023-11-09,7f3921ae40be4e89d7b9919318906a9382045d65,build_log,,True
hbase,PR-5513,master,2,16048.0,1699578210.0,UNSTABLE,f3eb95da506dd360cbd87ff05c653a5181e2e649,89222.664,15566,48,82,2023-11-09,7f3921ae40be4e89d7b9919318906a9382045d65,build_log,,True
hbase,PR-5514,master,1,1827.0,1699795198.0,UNSTABLE,ef1fadb961419e7fa3c0142ab5b4f2855d2ba527,426.154,2774,6,50,2023-11-12,e806350bd0956e5d981e49afba57f6591093ec6c,build_log,,True
hbase,PR-5518,master,1,15225.0,1699868099.0,UNSTABLE,356628ae8f070f16333cb05f8e0801ab2cb90574,79567.11,16486,6,82,2023-11-13,e806350bd0956e5d981e49afba57f6591093ec6c,build_log,,True
hbase,PR-5521,branch-2.5,1,13389.0,1699986902.0,SUCCESS,596f8d12acb6e2f6ddb8737338ae70cd47dfc890,69281.1,14006,0,87,2023-11-14,16703c9d883e9b0e253202415a19638a0489420e,build_log,,True
hbase,PR-5521,branch-2.5,2,13396.0,1700000292.0,SUCCESS,798612f8bbfdc94c901406a9d8c958a31bcc2022,69143.87,14006,0,87,2023-11-14,16703c9d883e9b0e253202415a19638a0489420e,build_log,,True
hbase,PR-5550,master,1,20142.0,1701252604.0,UNSTABLE,174255610d62e9902758a4686ac0d4fa29d1b015,93151.26,15751,14,82,2023-11-29,4d90b918a3702b4e4ae2f9ee890c14665e821c01,build_log,,True
hbase,PR-5566,master,1,22918.0,1701905103.0,UNSTABLE,c059424a99ad1241296c90a8674c4dd742883435,105223.62,20469,1,171,2023-12-06,6e421e9d94ac092e5381021926f203fc57b76f0a,build_log,,True
hbase,PR-5566,master,2,27518.0,1701928023.0,UNSTABLE,5be163f96b7f7e561e02e8361ccfd7b616a45728,113943.85,19422,3,146,2023-12-06,6e421e9d94ac092e5381021926f203fc57b76f0a,build_log,,True
hbase,PR-5585,master,1,1030.0,1702739397.0,SUCCESS,08829d7978b86d3fa436c9127d43d6384328856d,1733.97,16,0,0,2023-12-16,b7c3f8c6e33c34a1af8b88985b143ba71c4f3bad,build_log,,True
hbase,PR-5589,master,2,18193.0,1703037302.0,UNSTABLE,efdcd8c0dd25fbc301f62b56ca249a6b4aa771ee,86870.99,15872,0,84,2023-12-19,2c078476569a33b368a4823b7112ce30018c1d80,build_log,,True
hbase,PR-5428,master,8,4023.0,1703153435.0,UNSTABLE,05afeae16a47f77652751f69608e78b11e460db9,1499.504,2424,2,12,2023-12-21,2c078476569a33b368a4823b7112ce30018c1d80,build_log,,True
hbase,PR-5566,master,3,25440.0,1703511442.0,SUCCESS,5be163f96b7f7e561e02e8361ccfd7b616a45728,118371.11,21770,0,196,2023-12-25,75801a529152e4be116728c2c60dffd70440b671,build_log,,True
hbase,PR-5589,master,3,14996.0,1703660102.0,UNSTABLE,2564cc972283611cf5a4c453818b852f7a10260a,79699.76,15876,5,84,2023-12-27,75801a529152e4be116728c2c60dffd70440b671,build_log,,True
hbase,PR-5589,master,4,14863.0,1703733902.0,UNSTABLE,4c04fc02ed9ce7bda4402a7186005eaa2a74e2c7,80107.01,15886,0,84,2023-12-27,75801a529152e4be116728c2c60dffd70440b671,build_log,,True
hbase,PR-5487,branch-2,3,17672.0,1704113725.0,UNSTABLE,7cdeadf517b48d9e35db9202052a7cb1b34dfcbc,81835.49,16032,0,87,2024-01-01,308c20672469900dc8abb9fc744803d29aca336c,build_log,,True
hbase,PR-5487,branch-2,4,13824.0,1704131398.0,SUCCESS,dfbe19c0f4b18be0156b017c09035cd83c2efa33,73420.79,16032,0,87,2024-01-01,308c20672469900dc8abb9fc744803d29aca336c,build_log,,True
hbase,PR-5604,master,1,2129.0,1704363000.0,SUCCESS,2c71aece47f13ecb83f449f3928e15eee84c6458,2386.4255,172,0,0,2024-01-04,4a545581ca92a4a0e54a777f0e846e5c7af75b9f,build_log,,True
hbase,PR-5606,master,1,20520.0,1704520498.0,UNSTABLE,8d8b05221bb3d07eb48058747359406c3be951a8,91058.46,19751,5,144,2024-01-05,119885415c2f1770d95fdf832d249cbf7a0c80f4,build_log,,True
hbase,PR-5566,master,4,22605.0,1704557414.0,UNSTABLE,81366ced9f656c7aae7120f391b744a1476c76db,95496.016,19754,4,140,2024-01-06,4aeabdcc7156f21aea4155972b0d0d8c5dff4966,build_log,,True
hbase,PR-5585,master,2,1004.0,1704563706.0,UNSTABLE,de9c3eb23b91f3470fe2143837def758d01a49e8,1942.791,18,2,0,2024-01-06,4aeabdcc7156f21aea4155972b0d0d8c5dff4966,build_log,,True
hbase,PR-5606,master,2,23111.0,1704595202.0,UNSTABLE,28427fbbe7f84a124f6de7b75a6584157a319530,94472.43,19750,7,140,2024-01-06,4aeabdcc7156f21aea4155972b0d0d8c5dff4966,build_log,,True
hbase,PR-5606,master,3,25226.0,1704626704.0,UNSTABLE,eff87b19736f037f12a740539743ff55f063ff53,109782.44,19750,2,140,2024-01-07,4aeabdcc7156f21aea4155972b0d0d8c5dff4966,build_log,,True
hbase,PR-5606,master,4,24053.0,1704651931.0,UNSTABLE,4d962828718715719dd803402770e4a7205914d2,105428.38,20665,2,165,2024-01-07,1176e92cc646111313c2fa6a7a8e9092aef1f5c9,build_log,,True
hbase,PR-5606,master,5,26666.0,1705104613.0,UNSTABLE,09291ac5301c57b930c7095427441ff4c0569fa1,101374.05,19695,3,140,2024-01-12,a7429a75f22e2228154eb30383fbffee86a2f103,build_log,,True
hbase,PR-5606,master,6,24124.0,1705131281.0,UNSTABLE,36f66027f0cb2408869d4e7a8e5dbdc7558874d1,102404.26,20640,1,165,2024-01-13,6133d74318fc61f83faa865c4b307aa5cc7a8c29,build_log,,True
hbase,PR-5634,master,1,18904.0,1705489800.0,UNSTABLE,b7ff11e526641490a5654b28893d0e1a5265e8ea,90693.85,15856,0,78,2024-01-17,6b0ce08c82cfe2e7d34d6b62578e71aa2ef8b5f5,build_log,,True
hbase,PR-5642,master,1,1389.0,1705658101.0,SUCCESS,fc66c42b8054235d195c6d3cef870a05a313edeb,264.217,2220,0,50,2024-01-19,fdde2273006dc3b227d82b297b548885bb9cb48a,build_log,,True
hbase,PR-5642,master,2,1857.0,1706528100.0,SUCCESS,8ac91c7cd375883d3bc830b24681055174c318ce,2155.1272,2240,0,50,2024-01-29,3b2e98192091368dc961eaef8e25c679f99aa8fd,build_log,,True
hbase,PR-5661,master,1,1591.0,1706725196.0,UNSTABLE,dfcd6721e7f99e6830c18e6ae7ed2bf6384adc07,2630.9377,19,1,0,2024-01-31,c4e332a93b563d6a8a832fd46b552f68a3e76490,build_log,,True
hbase,PR-5661,master,2,994.0,1706766927.0,SUCCESS,dfcd6721e7f99e6830c18e6ae7ed2bf6384adc07,1916.3339,20,0,0,2024-01-31,c4e332a93b563d6a8a832fd46b552f68a3e76490,build_log,,True
hbase,PR-5642,master,3,1918.0,1706858402.0,SUCCESS,3864ad93e4f9c5dc30ee1de290f9d261c7b5d74e,2141.617,2240,0,50,2024-02-02,c4e332a93b563d6a8a832fd46b552f68a3e76490,build_log,,True
hbase,PR-5700,master,1,1367.0,1708680898.0,UNSTABLE,7e174bf039ca3e23011b633a56ddd92ac1eaa35a,38.978004,120,6,0,2024-02-23,7be588e0d46f3ae82d526d9625b926fc8b45bc2d,build_log,,True
hbase,PR-5700,master,2,2087.0,1708688999.0,SUCCESS,28ca3c77304c6df98c999fd09de765d50b4a86db,4319.5703,612,0,38,2024-02-23,7be588e0d46f3ae82d526d9625b926fc8b45bc2d,build_log,,True
hbase,PR-5735,master,1,15441.0,1709276699.0,SUCCESS,6c4c3e92e834914529fe9b9a461d96cddac3ef17,119792.89,23835,0,120,2024-03-01,1c41e861f8f54206ad98ee9b8ab943d55210c65f,build_log,,True
hbase,PR-5735,master,2,15017.0,1709308203.0,UNSTABLE,d906f43978d4199fc83e4479a398d9ad080a665e,81728.516,17109,2,84,2024-03-01,ede4ccd2dc5f5690a518f97b6d28a7e18df9584a,build_log,,True
hbase,PR-5746,master,1,15397.0,1709774395.0,UNSTABLE,8229776ce22bdf7e9cb33b1f435ab7b07694ea05,118148.91,27321,0,195,2024-03-06,e3825ca952ab0090d0297a804ae0f787a2971fba,build_log,,True
hbase,PR-5767,master,1,18640.0,1710947101.0,UNSTABLE,b6e9cd3cdb8e4cbae1fc69dcad9dcf592421a3e3,129751.67,24765,11,117,2024-03-20,0763a740960f7cbb177abd596d9cb203aaf5f025,build_log,,True
hbase,PR-5767,master,2,20958.0,1711466408.0,UNSTABLE,506935a7317bbd2c941f61ce91419406a291de72,149742.66,25403,15,120,2024-03-26,feef7446f28613d22323a7b992e0c363cac589ee,build_log,,True
hbase,PR-5785,master,1,19865.0,1711616702.0,UNSTABLE,d4e614acb3e99be7e1275e5e6ae071b08632672c,128850.25,24714,0,120,2024-03-28,298c550c804305f2c57029a563039eefcbb4af40,build_log,,True
hbase,PR-5785,master,2,21545.0,1711639200.0,UNSTABLE,21e3c53d87d77839ba6aafd50199a02e96935eb6,149217.34,24713,1,120,2024-03-28,8be9e51fdf474a94b12aab63332f8bb0344854f6,build_log,,True
hbase,PR-5815,master,1,17336.0,1712703903.0,UNSTABLE,ffa77a7fba31b5561f48bff0742c6fe2ec70a593,128252.83,24972,6,120,2024-04-09,adc79a0a9c2b579915a902f611a66edfddf3149c,build_log,,True
hbase,PR-5819,master,1,19946.0,1712753402.0,SUCCESS,575574dc9d8ee17a97d8f04ea0a2043f015a0d6c,129865.71,26064,0,120,2024-04-10,adc79a0a9c2b579915a902f611a66edfddf3149c,build_log,,True
hbase,PR-5820,master,1,16128.0,1712775001.0,UNSTABLE,4e90fd98fd0bd28620ea7d997178ddfed934e879,119054.01,28314,0,195,2024-04-10,5d694dae5e461517ea89356b8ea124c406ac002f,build_log,,True
hbase,PR-5830,master,1,16894.0,1713207902.0,UNSTABLE,ba1ccbb249261d15bb70131e0cceb48be9020c0a,121473.79,24915,0,132,2024-04-15,4b7a39a229d54e98bd1d41abeaa51e13aad8b77c,build_log,,True
hbase,PR-5785,master,3,18718.0,1713256535.0,UNSTABLE,eeec72fabc55b15b963b8b43ce01accec1466a34,126600.73,24846,0,120,2024-04-16,4c29c5d86bd82d2cd59148a8eb92f0d3e4ecbc03,build_log,,True
hbase,PR-5785,master,4,21350.0,1713367232.0,UNSTABLE,5f349491d7ea770a2728eb1eda1c5451aeb86baf,138812.89,24850,3,120,2024-04-17,d7f9ba6548734f2e1666d6232dc2c775df316272,build_log,,True
hbase,PR-5841,master,1,22124.0,1713710101.0,UNSTABLE,7b929329203240f4942b5818db486229e38776d6,161649.92,24754,2,120,2024-04-21,5a404c49504edfef250b248228093823942c5e1b,build_log,,True
hbase,PR-4720,master,8,15840.0,1714699330.0,UNSTABLE,8788ec487f3e19c7fcf729c1a7b262b102b3d0b6,121002.516,29044,2,195,2024-05-02,3d66866f416fc9a31de1c2d87d2194c054c2b07b,build_log,,True
hbase,PR-5908,HBASE-28463,1,8300.0,1715861104.0,UNSTABLE,534273963e9f82c842cd2675cbc5524f06e25371,35319.68,9795,6,38,2024-05-16,4dee5324aebf9dcc1d9d1648b15e1d4ef6964778,build_log,,True
hbase,PR-5936,master,1,1474.0,1716376804.0,UNSTABLE,3678811ec5dee5fcad330a2cef789da41ec83ae7,303.93912,1101,0,0,2024-05-22,419666b8eb8a881724fe6f65e8235a4220824e51,build_log,,True
hbase,PR-5936,master,2,2210.0,1716387605.0,SUCCESS,75ae28e738bcef0526c4d23cd1568a9c154d85c4,268.72,1101,0,0,2024-05-22,419666b8eb8a881724fe6f65e8235a4220824e51,build_log,,True
hbase,PR-5941,HBASE-28463,1,17680.0,1716443398.0,UNSTABLE,f1b84ff83c3566ffba5e23621599c643eec2e990,93385.54,16944,3,80,2024-05-23,3a701b933ed6e90fac934331684a26bad568dff9,build_log,,True
hbase,PR-5942,master,1,23103.0,1716472203.0,UNSTABLE,d86ecbcd9fe10aeee39a49da11ca878032f70b8a,157542.34,25073,5,120,2024-05-23,e5b581686dd772a45885f34aaa90d7c4ce3474af,build_log,,True
hbase,PR-5767,master,3,17536.0,1716704445.0,UNSTABLE,909a76656c2c2d5cb02282a84c7b63014af97aad,132240.88,26068,16,120,2024-05-26,2130e5410f63fead548d14c11d3b439e0d98f603,build_log,,True
hbase,PR-5949,master,1,15477.0,1716819601.0,UNSTABLE,407d5d4f508bd5688ebee4cf97285bdd9214970f,79899.44,17819,2,84,2024-05-27,2130e5410f63fead548d14c11d3b439e0d98f603,build_log,,True
hbase,PR-5954,master,1,16149.0,1717060825.0,UNSTABLE,000bb4c377610eecfb7b56c78b842c0f3449dd7e,124048.81,25623,3,120,2024-05-30,cd0b29c0a8fed71ec7ccb9b05a2f9b1a65d07b64,build_log,,True
hbase,PR-5961,master,1,15735.0,1717497302.0,UNSTABLE,0d506eeb4f1c9cfdd0e7451dcd3c6b2b47445948,78683.1,16488,0,80,2024-06-04,13af64dc1cbd0e90c3a98071deeb815520b624ee,build_log,,True
hbase,PR-5830,master,2,17263.0,1717614330.0,UNSTABLE,6e8f71bcd37cd4871f7acf0dc5c1bf06e07f99f7,122314.04,24936,0,132,2024-06-05,8afd93e78b98d13760c1d7149839fb2acf6b7f97,build_log,,True
hbase,PR-5954,master,2,16723.0,1717861808.0,UNSTABLE,b8d75835c7483d549469205823542d703d85e4ee,121999.08,25940,1,120,2024-06-08,f136f0ace8a328f4a8489a66cb8397975b5777dd,build_log,,True
hbase,PR-5982,master,1,27740.0,1718177704.0,UNSTABLE,522964047497f59fb94a46f629a7daed66f222bf,117035.81,22638,1,192,2024-06-12,317ad3c2918c69f119fb5839292decd73c3dba7c,build_log,,True
hbase,PR-5982,master,2,29594.0,1718205446.0,UNSTABLE,447671396fe07887b5eb6d4167d3431d89c345d4,119250.71,21596,14,170,2024-06-12,9bdee6d43f1ebada7f1f9aa47405c67fae55a4f4,build_log,,True
hbase,PR-5954,master,3,16483.0,1718205611.0,UNSTABLE,b1d16ff5d8bb2c2c216563060d9dda4bb30d4bec,125378.98,25829,2,120,2024-06-12,9bdee6d43f1ebada7f1f9aa47405c67fae55a4f4,build_log,,True
hbase,PR-5982,master,3,23806.0,1718265908.0,UNSTABLE,5256692c9068df7ee6182d5edc75dbacb0c9d8ec,114515.164,22460,4,192,2024-06-13,0e8cfdb507723729a2cade50ea364149eec3466c,build_log,,True
hbase,PR-6008,master,1,19581.0,1718880601.0,UNSTABLE,cd969e0da5a903701e428bad46d33f0ca3adfe5d,130894.08,25655,1,120,2024-06-20,62e7fe8fdae6ba1f26424d81fd36ee9e9e02e0a3,build_log,,True
hbase,PR-5954,master,4,19528.0,1718887823.0,UNSTABLE,6d32a16b9f89f6b61e450519d2478e4c4ce11abd,126978.34,25824,0,120,2024-06-20,62e7fe8fdae6ba1f26424d81fd36ee9e9e02e0a3,build_log,,True
hbase,PR-6010,master,1,2180.0,1718895904.0,SUCCESS,1428b76ade3496b11dac0d718d8ae3bd0bc1da87,867.0311,747,0,3,2024-06-20,52eef65d37ebf685731559556c4fac8baf06d7bc,build_log,,True
hbase,PR-5954,master,5,15943.0,1719112815.0,UNSTABLE,ad976464aec6bee869a02538637b3824745cd049,119302.1,25956,0,120,2024-06-22,e0ada25d001214a54005c1fdf7910c23889fa4f3,build_log,,True
hbase,PR-6038,master,1,14665.0,1719836402.0,UNSTABLE,3fd9913b07175e12a427ed67ecd37b75a887abcd,38669.94,8238,1,40,2024-07-01,22e774e75ca27a9681fcd510f6c591a5fa4280dc,build_log,,True
hbase,PR-6010,master,2,1761.0,1720451120.0,UNSTABLE,4fd2161b57c777f37d9380ffa62fddedb5b0d921,250.82298,249,0,1,2024-07-08,610af4855f475b2bfa3d526bf78873677ddcff84,build_log,,True
hbase,PR-6010,master,3,3917.0,1720596050.0,SUCCESS,05adfadaf0acd5a2ebe7e794564aef1d5c7fb142,258.957,249,0,1,2024-07-10,18e1cc53d3133de46d0f9adbefc690fa06402242,build_log,,True
hbase,PR-6079,master,1,3395.0,1720983012.0,SUCCESS,34df34c5fc1cc43edd89d347db2aed057168cabc,4147.9526,349,0,19,2024-07-14,e45e2383b865c765d464faac41994a3e61eca7e5,build_log,,True
hbase,PR-6010,master,4,1736.0,1721038838.0,SUCCESS,c61d318f4887944d8bd02a05365b410e8f1e0310,227.535,251,0,1,2024-07-15,2b673bd429a4bcbdacd7e44716ccb324398affe6,build_log,,True
hbase,PR-6010,master,5,1726.0,1721040576.0,SUCCESS,3f2010be80c941c9ebcb403ea977085d08d3b4d8,287.59705,251,0,1,2024-07-15,2b673bd429a4bcbdacd7e44716ccb324398affe6,build_log,,True
hbase,PR-6010,master,6,1743.0,1721042304.0,SUCCESS,1ccfecb2545b91d0110f33c08868e63d1192e1d0,218.85202,251,0,1,2024-07-15,2b673bd429a4bcbdacd7e44716ccb324398affe6,build_log,,True
hbase,PR-6010,master,7,1706.0,1721044049.0,SUCCESS,3f9243d283f91c83b068a2ebb6d8b0e71bb5d103,231.04297,251,0,1,2024-07-15,2b673bd429a4bcbdacd7e44716ccb324398affe6,build_log,,True
hbase,PR-6113,master,1,2191.0,1721735404.0,UNSTABLE,aec62bc506f52269ee7bf75977686d5790e8ac8f,689.98846,1235,1,4,2024-07-23,1315871c8caca5ce09518c5468ea257dbc6c79cd,build_log,,True
hbase,PR-5949,master,2,16754.0,1721799336.0,UNSTABLE,7b77ac6b3d0b950165300baeb41f9779fdefeb88,44337.13,8081,1,39,2024-07-24,1315871c8caca5ce09518c5468ea257dbc6c79cd,build_log,,True
hbase,PR-6113,master,2,15528.0,1721985615.0,UNSTABLE,37b8af734b0dfcf9591ddc33fc22ff7e831b371f,41383.91,8072,1,38,2024-07-26,23d3d3d8cf91df7cf7899674d991a54c6326466d,build_log,,True
hbase,PR-6113,master,3,14979.0,1722151208.0,UNSTABLE,e066a2927b88a9014bf6ac1373a462356179f983,39882.703,8077,0,38,2024-07-28,836f2d9a5b3ae013ecd84efb457bf7ff20cdd997,build_log,,True
hbase,PR-6132,master,1,14337.0,1722506702.0,UNSTABLE,92ef6744516a02100f0df802b3f6f5fb81bf54ce,37575.383,9206,0,63,2024-08-01,9dccc6795237239994afc6cd2cb7340606f8c6ec,build_log,,True
hbase,PR-6141,master,1,14279.0,1723007102.0,UNSTABLE,20362ad2692cde45da2e12aa0348ac2bd29dd2fd,38032.918,8092,0,38,2024-08-07,be2cf58bee7ddeb134bb97ce0777ab2bb556af62,build_log,,True
hbase,PR-6155,master,1,16465.0,1723625403.0,UNSTABLE,773422cc0b199cda6658f757621538e0cdb9c7a7,42211.676,9267,0,63,2024-08-14,97de2912396d303b78a0d85552953e3e9955a145,build_log,,True
hbase,PR-6141,master,2,15447.0,1724211322.0,UNSTABLE,4cc18c7695a2b9ec105e51301b4273fd03fe0009,38183.992,8156,1,38,2024-08-20,0646151cd612389ce5ed3fac035a807525aea390,build_log,,True
hbase,PR-6173,master,1,1842.0,1724322010.0,UNSTABLE,b756ee126d6cffaceb94341ec9ff2d6b58d0eeb4,1882.2659,85,0,0,2024-08-22,0646151cd612389ce5ed3fac035a807525aea390,build_log,,True
hbase,PR-6173,master,2,1818.0,1724333706.0,UNSTABLE,a3d4d0a8f818e0b8620e2afe031d640c64634a5c,1885.063,87,0,0,2024-08-22,0646151cd612389ce5ed3fac035a807525aea390,build_log,,True
hbase,PR-6173,master,3,1821.0,1724410209.0,UNSTABLE,e0ac33a9dcdea9973f37c026cd54494a12ab8d83,1881.627,86,1,0,2024-08-23,0646151cd612389ce5ed3fac035a807525aea390,build_log,,True
hbase,PR-6178,branch-2.5,1,19291.0,1724730602.0,UNSTABLE,95d8f68be45c7ccb9d688c531ce79c34db2d0819,129105.98,25748,6,188,2024-08-26,bb3cfbb2cedb3cf63f8319516c7f96cf6e23d29b,build_log,,True
hbase,PR-6179,branch-2,1,15479.0,1724738703.0,UNSTABLE,2a1f223b1f7a3d423ff2cb2400eab7a1cf17c474,82967.41,18037,3,92,2024-08-27,9df62abab1ed867d35296fcb641f5ee3809396e0,build_log,,True
hbase,PR-6179,branch-2,2,16043.0,1724754184.0,UNSTABLE,69cdb543791d8243a79f78359ae95f0c9b61f31e,122171.875,25210,2,129,2024-08-27,9df62abab1ed867d35296fcb641f5ee3809396e0,build_log,,True
hbase,PR-6173,master,4,1859.0,1725186016.0,UNSTABLE,96ea11bf208b47579ece397b366034aa1a24f03b,1890.7462,86,1,0,2024-09-01,9d3ceb8964f1c0b907d11dfce29a6ca2abab2709,build_log,,True
hbase,PR-6008,master,2,15888.0,1725451549.0,SUCCESS,a9f756b118f6d2ae8a86d87c5df1270b7aa89530,41105.246,8580,0,39,2024-09-04,63b26b126dd61257e1a6fdf2f6eb1737ad99d71c,build_log,,True
hbase,PR-6008,master,3,15336.0,1725507341.0,UNSTABLE,4665a546bf555f3bb19c832a0efb3503a6ed801e,40124.32,8579,1,39,2024-09-04,73651dcd857b2623b465fe4a1444286d18d7ad80,build_log,,True
hbase,PR-6179,branch-2,3,17181.0,1725861916.0,UNSTABLE,17ce08cc173e2f89e339708847bb29801bd13009,128874.54,25154,1,129,2024-09-09,76d28b03f23d17308a76a60170d8603c7c5e3507,build_log,,True
hbase,PR-6235,master,1,15050.0,1725970806.0,UNSTABLE,6107dff14ac96ced76f96a5c01680d4a729e3f69,39557.168,8176,0,39,2024-09-10,0a19b087bdf48f9a9c5b12ef3fa218976b0388d9,build_log,,True
hbase,PR-6248,master,1,14367.0,1726329907.0,UNSTABLE,fcce1bb1c67bca9b204496228bd2787782832818,38290.965,8329,1,40,2024-09-14,4446d297112899dab59c0952489457c4419366d3,build_log,,True
hbase,PR-6260,master,1,17438.0,1726655709.0,UNSTABLE,1efb868d740c874d071b97c1b14470f391f7d6e8,44947.727,9443,6,65,2024-09-18,21381ba4c27d5983e409ebb260ca08b10a63ff63,build_log,,True
hbase,PR-6265,master,1,21497.0,1726682708.0,UNSTABLE,76404f30e7dd72235615f010b0a25c6e75121b4e,54771.15,8298,2,40,2024-09-18,21381ba4c27d5983e409ebb260ca08b10a63ff63,build_log,,True
hbase,PR-6278,branch-2,1,15151.0,1726977003.0,UNSTABLE,2c789e7501ac8e891bb69541759f7f650ce7d1cd,78954.234,18206,1,89,2024-09-21,0dc334f572329be7eb2455cec3519fc820c04c25,build_log,,True
hbase,PR-6286,master,1,18711.0,1727113809.0,UNSTABLE,5fe310989a439d70033b6a71c801a826b8814a54,48157.188,8996,2,59,2024-09-23,46da224e12fe83d423096f42416d2685d974ca22,build_log,,True
hbase,PR-6290,master,1,16658.0,1727178606.0,SUCCESS,1a72a22b8f7ac9b00d03547cbc7f71532d31d3d5,43577.67,8279,0,40,2024-09-24,449c446c3c8389e4e81aed08ca9ac56a330a20bb,build_log,,True
hbase,PR-6331,master,1,5482.0,1727819408.0,UNSTABLE,ccd969df1abc691d4f976c53ead9cc06e60ca63f,4674.5713,3183,1,34,2024-10-01,24c7a3f862df420d1424a334e9465714acb12cf5,build_log,,True
hbase,PR-6345,master,1,1868.0,1728073207.0,UNSTABLE,426f0b0d92f161c8b54e9e6ed686abd2cbcff181,1468.3478,101,0,0,2024-10-04,ef199296f920b1542b727850504a7e49af23be67,build_log,,True
hbase,PR-6345,master,2,1867.0,1728075902.0,SUCCESS,64e85a904cf80faeae72cab4e382b9dcb869e1a2,1487.2511,101,0,0,2024-10-04,ef199296f920b1542b727850504a7e49af23be67,build_log,,True
hbase,PR-6346,master,1,20189.0,1728084903.0,SUCCESS,8760d23516a95ffc6293cf9e47c818df269316af,56844.484,11333,0,95,2024-10-04,ef199296f920b1542b727850504a7e49af23be67,build_log,,True
hbase,PR-6347,master,1,14374.0,1728121802.0,SUCCESS,a5addd5c4acf7ef5f16ab81b4705e245c0d404a2,38270.11,8326,0,39,2024-10-05,ef199296f920b1542b727850504a7e49af23be67,build_log,,True
hbase,PR-6345,master,3,2255.0,1728305411.0,UNSTABLE,36bdcd6c3e68986bca4adc60f267acdd1f17ac83,1490.373,101,0,0,2024-10-07,ef199296f920b1542b727850504a7e49af23be67,build_log,,True
hbase,PR-6345,master,4,2137.0,1728311712.0,SUCCESS,2291daefbc82f4d2ab4cd81d4729e887e8ab60cd,1465.5249,101,0,0,2024-10-07,ef199296f920b1542b727850504a7e49af23be67,build_log,,True
hbase,PR-6345,master,5,1858.0,1728336011.0,SUCCESS,be7ef29fd6a86b10b91f0d8d061b03f36e5a8557,1469.105,101,0,0,2024-10-07,ddcef33aaadbe78ccd45a41be84bce6e9aca30a1,build_log,,True
hbase,PR-6364,master,1,1890.0,1728818406.0,UNSTABLE,263ac91e72d64ac0a5fcd9ccd1326ad09773ba3e,26.807,66,0,4,2024-10-13,402aa92d3579be835a6ed1e7f7f5cc26f1e16113,build_log,,True
hbase,PR-6364,master,2,1696.0,1728821102.0,SUCCESS,734ff896f5cd6e9d6db790eb3927e0ee0e36b3f2,27.946999,66,0,4,2024-10-13,402aa92d3579be835a6ed1e7f7f5cc26f1e16113,build_log,,True
hbase,PR-6173,master,5,1824.0,1728927359.0,UNSTABLE,4901044fd6e8154f3ec9b8080d835477d5168d2d,1900.4109,86,1,0,2024-10-14,cac58baf12cbf294baa591b2b4a8eda88b06a1e2,build_log,,True
hbase,PR-6173,master,6,1902.0,1728929184.0,UNSTABLE,be1b2fd6bb4a8664c53aee753ca71e79ebdb06d5,1889.6611,86,1,0,2024-10-14,cac58baf12cbf294baa591b2b4a8eda88b06a1e2,build_log,,True
hbase,PR-6347,master,3,15352.0,1729088414.0,UNSTABLE,204a5ac828efb077f7734b16a416ab6e35e86fbd,39200.055,9371,2,64,2024-10-16,84f4fb3b4210f9d7d50533eed5471bbab381d8c9,build_log,,True
hbase,PR-6331,master,3,17105.0,1729188320.0,UNSTABLE,1975179583e3b703a21506b1205dc568856ac95b,43489.79,10220,1,70,2024-10-17,a8fbac6e2654a898c16fea7ba962ca9b211774b9,build_log,,True
hbase,PR-6079,master,2,2459.0,1729448453.0,UNSTABLE,a3d59b8ea98f2e3a847339fb24f73e530e219d69,3130.786,341,2,19,2024-10-20,870791717298f230b172f41b2fb83b9d3ef0dfd2,build_log,,True
hbase,PR-6079,master,3,2356.0,1729571763.0,SUCCESS,cb2e0c04526dcdd54fa78bcc6abf44a0410d95b4,2982.1997,343,0,19,2024-10-21,67f01c5552865114afc1d4d657f24925385fb9c2,build_log,,True
hbase,PR-6385,master,1,13916.0,1729668908.0,UNSTABLE,2834c1cfa07defa9fc9c2a49ccbb62774ee91c3c,37625.543,8294,0,39,2024-10-23,d6ebe48251777fa47a398856f1ffc19bd18270eb,build_log,,True
hbase,PR-5937,branch-3,1,2018.0,1729746383.0,SUCCESS,5c040cdd95881c43346e30920ac7d74b39920bc9,75.22002,363,0,0,2024-10-24,9409dcde5c77b9b312a3e1c504b7814b535bd0eb,build_log,,True
hbase,PR-6079,master,4,2428.0,1729780572.0,SUCCESS,684b7230e729dc0e9794e0a1360b54521359c8f9,2983.8748,343,0,19,2024-10-24,ff9865a8fa637f0721bd88905a48b149ec439018,build_log,,True
hbase,PR-6364,master,3,1653.0,1729947921.0,UNSTABLE,3e618dcc8469d5ea5f9aa5cb82cb3055316ad352,28.788998,67,0,4,2024-10-26,5d8ec4d35829050beeb429c656b265bea3a01d4c,build_log,,True
hbase,PR-6364,master,4,1621.0,1729949575.0,UNSTABLE,cc4c7cb49b2de49067b16006e84f292a84727440,28.188004,67,0,4,2024-10-26,5d8ec4d35829050beeb429c656b265bea3a01d4c,build_log,,True
hbase,PR-6364,master,5,1702.0,1729951521.0,SUCCESS,6ce67442b23c1a168b2468e4061722ffba6ae0bc,28.939,67,0,4,2024-10-26,5d8ec4d35829050beeb429c656b265bea3a01d4c,build_log,,True
hbase,PR-6402,branch-2.5,1,14352.0,1730086509.0,UNSTABLE,bc4985b638a489249cf1b842a5ed18e623eb7369,104363.76,22017,0,134,2024-10-27,197169b88e151ada0b04baa0fe16f916fe549280,build_log,,True
hbase,PR-6401,master,1,15612.0,1730086509.0,UNSTABLE,a8e62fdad79d17a218704f98c694d64f59b11355,40903.836,8266,0,40,2024-10-27,5f7952a019e46dda7400c3816b2ebe8c84728cbe,build_log,,True
hbase,PR-6402,branch-2.5,2,16399.0,1730100863.0,UNSTABLE,28ad0f873c312f4aeea76c773cb588741bacca3c,120140.91,22015,2,134,2024-10-28,197169b88e151ada0b04baa0fe16f916fe549280,build_log,,True
hbase,PR-6401,master,2,17325.0,1730102123.0,SUCCESS,36e2426403bc396bee34d92767ac91f20366f24b,43640.035,8266,0,40,2024-10-28,5f7952a019e46dda7400c3816b2ebe8c84728cbe,build_log,,True
hbase,PR-6010,master,8,7282.0,1730115375.0,SUCCESS,5b0906dd8f4e05a6ea4af04bcfb3ec2b2473cf15,225.73001,251,0,1,2024-10-28,5f7952a019e46dda7400c3816b2ebe8c84728cbe,build_log,,True
hbase,PR-6455,branch-2,1,16232.0,1731164707.0,UNSTABLE,d37e2a981fb8d46d6924ae12242cb109e0143b69,117373.78,28049,1,204,2024-11-09,16d629f9e5d4c90b2656f330f0efd44661812344,build_log,,True
hbase,PR-6456,master,1,14983.0,1731173708.0,SUCCESS,d696c4f1ae34ede3d8d6ebf7c2a6c4fe48f44705,39663.188,8888,0,65,2024-11-09,3fbe4fbb68e33f6ed796d268961ae05e19307f65,build_log,,True
hbase,PR-6458,master,1,18479.0,1731330308.0,UNSTABLE,0d9e7169f77339c72d0a93e6affc5a0505b5cee4,41229.91,7742,1,40,2024-11-11,3fbe4fbb68e33f6ed796d268961ae05e19307f65,build_log,,True
hbase,PR-6290,master,3,16194.0,1731425755.0,SUCCESS,14654da3c0b663a162b44e6531937d105d0f10bd,43021.426,7744,0,40,2024-11-12,f3208d9bfdfd639d449a9731a3fb111d5431afa0,build_log,,True
hbase,PR-6458,master,2,15116.0,1731594928.0,SUCCESS,b64d4f571dbea9e9fe41195f01293139a3ad5fae,40090.95,7737,0,40,2024-11-14,5c99925c830b373430f04179a3c791af850f313e,build_log,,True
hbase,PR-6473,master,1,18069.0,1731620112.0,UNSTABLE,69e54bb487679a36947fa1534c9f2177ced17b88,44955.207,8094,3,40,2024-11-14,5c99925c830b373430f04179a3c791af850f313e,build_log,,True
hbase,PR-6476,master,1,15395.0,1731684014.0,SUCCESS,0891d16a910932380e0c34f2810be9d077eec365,41213.062,7730,0,40,2024-11-15,e082405d8e7fa5c9b89e7af3153f022731168ecb,build_log,,True
hbase,PR-6477,master,1,14365.0,1731902712.0,UNSTABLE,93624325d4f23cb0d2d1e0f707c037f6a4a1264a,38527.516,7725,0,40,2024-11-17,e082405d8e7fa5c9b89e7af3153f022731168ecb,build_log,,True
hbase,PR-6477,master,2,19708.0,1731917081.0,SUCCESS,087b127bb125dabc0e27f94c6ea8adc8e5e695a6,40697.047,7725,0,40,2024-11-18,e082405d8e7fa5c9b89e7af3153f022731168ecb,build_log,,True
hbase,PR-6486,master,1,14488.0,1732159208.0,UNSTABLE,24486ebdeab5e4e85d06437964c704c9bdefa5b7,38997.4,7746,1,40,2024-11-20,e082405d8e7fa5c9b89e7af3153f022731168ecb,build_log,,True
hbase,PR-6486,master,2,14658.0,1732173698.0,SUCCESS,464e4f5ca36eb5680b9527ecbce4cf30dee2d592,38960.87,7750,0,40,2024-11-21,e082405d8e7fa5c9b89e7af3153f022731168ecb,build_log,,True
hbase,PR-6489,branch-2,1,3366.0,1732208710.0,UNSTABLE,b76c7f5078be8bf679538fecebd42e79c91a7cee,10917.608,1047,4,99,2024-11-21,31da0f21e3f61b5364785fc92f325eaabc64afe8,build_log,,True
hbase,PR-6489,branch-2,2,2759.0,1732248762.0,UNSTABLE,b76c7f5078be8bf679538fecebd42e79c91a7cee,7575.4395,698,2,66,2024-11-21,31da0f21e3f61b5364785fc92f325eaabc64afe8,build_log,,True
hbase,PR-6489,branch-2,3,3366.0,1732524364.0,UNSTABLE,b76c7f5078be8bf679538fecebd42e79c91a7cee,11010.248,1047,2,99,2024-11-25,31da0f21e3f61b5364785fc92f325eaabc64afe8,build_log,,True
hbase,PR-6401,master,3,14921.0,1732783872.0,UNSTABLE,0300a1be1798625599a2102e0ddf6dab8579b0a9,39475.52,8426,0,39,2024-11-28,76586721fa8bd2d1d4caae6c74b45b29f0b45c54,build_log,,True
hbase,PR-6401,master,4,15095.0,1733292374.0,UNSTABLE,83ac07b74cd30d0c634e81030fcd837edfc6c2c1,39688.145,8358,0,39,2024-12-04,c556dde144612aa71524a011e01892316ca15d57,build_log,,True
hbase,PR-6401,master,5,14588.0,1733364373.0,UNSTABLE,c6f4bdb06ced2093955226911c5abea36f8d5019,38644.066,8355,1,39,2024-12-04,c556dde144612aa71524a011e01892316ca15d57,build_log,,True
hbase,PR-6523,HBASE-28957,1,3214.0,1733501113.0,UNSTABLE,ff90ac91ffe9554802d98d53351a4deda5c655bb,4394.8457,347,4,19,2024-12-06,c556dde144612aa71524a011e01892316ca15d57,build_log,,True
hbase,PR-6532,master,1,1538.0,1733911205.0,UNSTABLE,bc25864b03b1f0e5c3366792f8e9ec918eff832b,173.18297,1111,0,25,2024-12-11,b622302f14f75ee409eea226285e940a926a420b,build_log,,True
hbase,PR-6532,master,2,2806.0,1733913911.0,UNSTABLE,2b1b89f453ab2a2fbbea6c7be9bfa53602ad2dd3,1475.9308,2355,1,29,2024-12-11,b622302f14f75ee409eea226285e940a926a420b,build_log,,True
hbase,PR-6532,master,3,3255.0,1733973309.0,UNSTABLE,bcf40ceb6a7953f60c383a76e7d48c0c1fd8d88c,1696.0028,2355,1,29,2024-12-11,b622302f14f75ee409eea226285e940a926a420b,build_log,,True
hbase,PR-6532,master,4,36048.0,1733985005.0,ABORTED,c7ca5da6fab05d2ecb082159439c53902cfc903f,89959.08,6761,202,51,2024-12-12,b622302f14f75ee409eea226285e940a926a420b,build_log,,True
hbase,PR-6532,master,5,27835.0,1734021055.0,UNSTABLE,4b8a5e6c59d6c4e97740f81dbefbd0a8ac3083c4,55734.297,8214,95,57,2024-12-12,b622302f14f75ee409eea226285e940a926a420b,build_log,,True
hbase,PR-6532,master,6,28748.0,1734056111.0,UNSTABLE,42850ccdb67c99e5728f5b9763a85eb49eb1930f,59191.594,8213,112,57,2024-12-12,c702fabd961c1bffcefa3f6b86c15a1f9d61f960,build_log,,True
hbase,PR-6532,master,7,27763.0,1734086710.0,UNSTABLE,33b7e8897519be1e67fb4428120c3954831c5dca,55249.027,8214,110,57,2024-12-13,c702fabd961c1bffcefa3f6b86c15a1f9d61f960,build_log,,True
hbase,PR-6523,HBASE-28957,2,3302.0,1734447634.0,UNSTABLE,12fdd6dbdcfea1ce8b0721ea708212fc0079d5b6,4286.095,347,3,19,2024-12-17,c556dde144612aa71524a011e01892316ca15d57,build_log,,True
hbase,PR-6532,master,8,15562.0,1734532230.0,UNSTABLE,0477696246d19157955b0d1b403b872083f75035,37844.38,8483,4,57,2024-12-18,05f84a63139598d826edc59fbeeaab000e4041d4,build_log,,True
hbase,PR-6557,master,3,12508.0,1735087511.0,UNSTABLE,0e8a29309a69eab49f9741e462ce202209655d62,32333.518,7293,21,32,2024-12-24,744ce131b630fee347c173febd9dafba70758d79,build_log,,True
hbase,PR-6557,master,4,12337.0,1735108211.0,UNSTABLE,4b489fb52532ad33a69a5d04ede46ef7ee287046,31804.371,7309,5,32,2024-12-25,744ce131b630fee347c173febd9dafba70758d79,build_log,,True
hbase,PR-6557,master,5,12249.0,1735176614.0,UNSTABLE,e45484cb810bedeb2f5ffa6740e8255d4fa98d60,31924.51,7286,14,32,2024-12-25,744ce131b630fee347c173febd9dafba70758d79,build_log,,True
hbase,PR-6557,master,6,12585.0,1735188866.0,SUCCESS,80044c27c444c9d5a50fdd472a1b2bb34d457f23,31451.607,7308,0,32,2024-12-25,744ce131b630fee347c173febd9dafba70758d79,build_log,,True
hbase,PR-6578,master,4,46665.0,1736375290.0,UNSTABLE,2c7bc92aedd326fcd0ed7e7d8b6514ec03de1a1e,33342.67,8560,0,58,2025-01-08,d67d93d3dca12253e23d49e07a3e997cfc121390,build_log,,True
hbase,PR-6578,master,5,62182.0,1736433328.0,ABORTED,57eb69e3bb262a9017c02294206ae8a657ed152b,257.27997,1106,0,25,2025-01-09,04cd9ded6556760ee40885e23db1f42f8e6699d7,build_log,,True
hbase,PR-6578,master,6,56290.0,1736495511.0,ABORTED,0c2d864a0cc646b4c3cd807d4376c2dc22145c48,3743.3267,2816,1,33,2025-01-10,04cd9ded6556760ee40885e23db1f42f8e6699d7,build_log,,True
hbase,PR-6603,branch-2.6,1,2537.0,1736921109.0,UNSTABLE,361b556a8242225f6207ef818841c872b74375f2,2036.5375,4686,0,78,2025-01-15,b13570fbe623790489f8af458cffd6b12f22b97e,build_log,,True
hbase,PR-6557,master,7,13874.0,1736994926.0,UNSTABLE,e061aba591c6a826d03b96f8cb2bc5136bc70787,37550.938,8194,9,40,2025-01-15,28f1b515ac7c934773a34b39d0532020dd8f7003,build_log,,True
hbase,PR-6557,master,8,14091.0,1737008802.0,UNSTABLE,f6739e2e2c45513f496211fc494faed722b4d80e,37670.8,8195,9,40,2025-01-16,5da30f1bc017cc9e0100a3c2b97f7270ca8382eb,build_log,,True
hbase,PR-6557,master,9,13681.0,1737074431.0,SUCCESS,74ecf712add5720deb6a3ebdfed9fa1ab8847dc7,36842.2,8205,0,40,2025-01-16,e29fc04223c191cb6a63daeb5cd69732cab6b882,build_log,,True
hbase,PR-6557,master,10,13975.0,1737090633.0,UNSTABLE,63901155caf5c226b02564128669234c08251e8d,37657.594,8204,1,40,2025-01-16,e29fc04223c191cb6a63daeb5cd69732cab6b882,build_log,,True
hbase,PR-6476,master,2,30280.0,1737386163.0,SUCCESS,65c67ebf5486beed25b767e818e3a62f10b34e79,38422.863,8187,0,40,2025-01-20,6f8db7801914029fea78c44776193d0e9b928733,build_log,,True
hbase,PR-6664,master,1,23506.0,1738672206.0,SUCCESS,31769b7905ef6c74eae81df7d0d60c1c53cb8105,39326.125,8317,0,40,2025-02-04,5edcb41a7ab709bd5a2dc6ac7383929243b18c28,build_log,,True
hbase,PR-6684,master,1,14477.0,1739331307.0,SUCCESS,74bb83d826d1c0b4d00edf326df432ae0041a8aa,38753.188,8294,0,40,2025-02-11,821f1b0d494b5ef850eae4b9a1a21c53dd4d2763,build_log,,True
hbase,PR-6699,master,1,2455.0,1739778620.0,UNSTABLE,1c87e4e98c60db33d3d607bd52b88e7b87154ae0,886.58765,1251,2,4,2025-02-17,e00f492a216a8827cb1d47ded6e259ddc691d764,build_log,,True
hbase,PR-6699,master,2,15482.0,1739929812.0,UNSTABLE,09ff46a9df3cd4146dd657e5f4d77acf53794cf9,40181.477,8276,1,40,2025-02-18,08de8ed0e62a36df8dfff0c7a350de8af939f176,build_log,,True
hbase,PR-6010,master,9,1899.0,1739976780.0,SUCCESS,a0803e61bd0eb0d5345ac008b5b080b99693e130,233.63701,255,0,1,2025-02-19,08de8ed0e62a36df8dfff0c7a350de8af939f176,build_log,,True
hbase,PR-6713,branch-2,1,25711.0,1740213306.0,UNSTABLE,fd938cc2cd40c53ffe53b2445abc77da9ded3a5f,162578.14,32849,2,340,2025-02-22,1c93e96fcf298e063fb6c8f396e45c49b7fc714b,build_log,,True
hbase,PR-6713,branch-2,2,25751.0,1740239019.0,UNSTABLE,e629e5df5970e75ac8b8f33857f4b0135b3a1c2e,157207.86,32849,2,340,2025-02-22,1c93e96fcf298e063fb6c8f396e45c49b7fc714b,build_log,,True
hbase,PR-6714,master,1,14932.0,1740317708.0,SUCCESS,dce351e4217a5309851710ae5da5ffffd311635c,39624.664,8269,0,40,2025-02-23,a5666c085844307e694025ddc7ac710e017b3edf,build_log,,True
hbase,PR-6715,master,1,14842.0,1740362706.0,UNSTABLE,7bcf9ceec5378a822d4e9933219b7aaa51a19a8c,39036.754,8268,2,40,2025-02-23,a5666c085844307e694025ddc7ac710e017b3edf,build_log,,True
hbase,PR-6715,master,2,56759.0,1740385213.0,SUCCESS,b852f8c95fdd2a30e2cefdadc7d56dfb6ec15fee,39651.09,8275,0,40,2025-02-24,a5666c085844307e694025ddc7ac710e017b3edf,build_log,,True
hbase,PR-6726,master,1,19993.0,1740653408.0,UNSTABLE,8232eeeb4483ab5520b6a123fa2c633fa6c93cea,56082.637,11369,0,82,2025-02-27,d24a0ed08354711d536e712d4ae22439b37c6036,build_log,,True
hbase,PR-6669,master,1,2322.0,1740668789.0,UNSTABLE,41f1260b673697f5e99bb2acb32b2fd22949ac65,1436.956,102,0,0,2025-02-27,13f174b1d0926243539331774afb0764766387e4,build_log,,True
hbase,PR-6669,master,2,10985.0,1741272953.0,SUCCESS,d514b17e6ab0103dc86ccac1a8739ad6e65a2bdf,1436.436,102,0,0,2025-03-06,9c44aa2def9c7a8d99646e5a73d01f9c4ddd4c6a,build_log,,True
hbase,PR-6766,master,1,34405.0,1741303508.0,UNSTABLE,5ab52cfe3adba018c478a403e3ad000e3a7ae472,62347.13,8731,10,39,2025-03-06,ad301fbd5dd1677e4ec1adbcd0f11480fddf08d8,build_log,,True
hbase,PR-6768,master,1,14482.0,1741321506.0,SUCCESS,bb4fa0a424e01911f73e6ecf384493eb808379e1,38657.574,8266,0,40,2025-03-06,ad301fbd5dd1677e4ec1adbcd0f11480fddf08d8,build_log,,True
hbase,PR-6766,master,2,17880.0,1741337915.0,UNSTABLE,6a72d6c9d60e783b7b19af982ddc1e068fba5767,44061.402,8740,1,39,2025-03-07,98312d31c1dd47116cc7359b774f1ec3550a25cf,build_log,,True
hbase,PR-6768,master,2,14937.0,1741388110.0,SUCCESS,cbcc2b480ca22e41b6ebe431b2b5b5bc2e36fcac,38726.324,8266,0,40,2025-03-07,98312d31c1dd47116cc7359b774f1ec3550a25cf,build_log,,True
hbase,PR-6766,master,3,15034.0,1741562716.0,SUCCESS,c0bce6ab8c833fc916b99cd77fb7dbcf670c4fec,38623.914,8691,0,39,2025-03-09,98312d31c1dd47116cc7359b774f1ec3550a25cf,build_log,,True
hbase,PR-6781,master,1,14707.0,1741680015.0,UNSTABLE,a9ef0411cd12362f42f751726a662f4752022ea9,39085.918,8215,1,40,2025-03-11,756e22e8eaea95b7f1a96a117dc060baa24c50f8,build_log,,True
hbase,PR-6781,master,2,16902.0,1741845018.0,UNSTABLE,8b4f632604aeb3acad6ceb653e4028fb2a054c48,44189.32,8463,13,40,2025-03-13,7c21e713432916fbb45d1a2180d6cbbedc072ca3,build_log,,True
hbase,PR-6789,master,1,16934.0,1741849513.0,UNSTABLE,8f8c42b89e7d58db5c5d0cc79d1f50df25786eaf,45302.176,8481,8,40,2025-03-13,7c21e713432916fbb45d1a2180d6cbbedc072ca3,build_log,,True
hbase,PR-6768,master,3,14446.0,1742182223.0,SUCCESS,b33e6eed04c3cc322b4983e77a82a5df75bbda0a,38599.875,8216,0,40,2025-03-16,ef44bccb33f0526723330ff938aa2549f56a2433,build_log,,True
hbase,PR-6789,master,3,16947.0,1742289206.0,UNSTABLE,2b0a7da9ddb77d35e9d37cadba128b2a1b25d278,38790.535,8217,0,40,2025-03-18,aa89337fc7357e58fbc487ecc8f7425e9ef41566,build_log,,True
hbase,PR-6789,master,4,26463.0,1742314838.0,UNSTABLE,f397308882b016785a2be11332d163997710fed9,63128.516,8206,8,40,2025-03-18,aa89337fc7357e58fbc487ecc8f7425e9ef41566,build_log,,True
hbase,PR-6818,branch-2.5,1,28002.0,1742361012.0,UNSTABLE,44018164d169a4d3ebf4c235ea635199d41722e8,140763.6,24212,13,132,2025-03-19,3454e046f478ac58771f0e4f56b54a1ac4af4f3a,build_log,,True
hbase,PR-6781,master,3,29763.0,1742383542.0,UNSTABLE,c8aef882ea0eb6d0a92d064946b296d70287c561,39668.06,8213,4,40,2025-03-19,653e5fe3b3b8c5e9dc3c130cd498c75f5292bc30,build_log,,True
hbase,PR-6841,branch-2,1,46021.0,1742573714.0,ABORTED,d443e5de52842d3b5e290b22e9395e86ce068407,144634.42,22979,6,124,2025-03-21,ab1bdd36ec8d3a710bf07690db1b8ba58a47ac24,build_log,,True
hbase,PR-6845,branch-3,1,14513.0,1742693409.0,SUCCESS,9fbb2800f820e30239fac46147e383dfa22f2305,38895.18,8245,0,40,2025-03-22,d47c973b8a945a2000080f4f5235175d0bd70a43,build_log,,True
hbase,PR-6856,branch-2,1,43198.0,1742899512.0,UNSTABLE,76b511b4985ce0f6f5709019e6a7d6070689ec2d,141340.5,24072,0,129,2025-03-25,a8ea4890514c2953f38fc76593589eacc5488d92,build_log,,True
hbase,PR-6489,branch-2,4,5811.0,1742931695.0,UNSTABLE,b76c7f5078be8bf679538fecebd42e79c91a7cee,8608.041,1023,1,99,2025-03-25,3db9628416f118ee11a03f87dc1f932cedc8aef2,build_log,,True
hbase,PR-6861,master,1,14627.0,1742976913.0,UNSTABLE,7c498ce8f397e88bc2f27c0199a2683355448930,38307.156,8586,0,40,2025-03-26,ff4db9099d024874c51f80f43b516cab96a8ea96,build_log,,True
hbase,PR-6861,master,2,14630.0,1742991542.0,SUCCESS,50e26cda72e24b1a6e8d5e85b73b84968c0943d7,38295.086,8503,0,40,2025-03-26,f4bcb76a76c05733b2e0b6448b26412ca1e374a4,build_log,,True
hbase,PR-6841,branch-2,2,19684.0,1743131127.0,UNSTABLE,12c687295f2294a91692b5dc90870c1154990a12,126029.82,24074,2,129,2025-03-27,0b337245af5e27cdd85d3bed0d252fdccbbd4577,build_log,,True
hbase,PR-6810,master,2,19356.0,1743131134.0,UNSTABLE,00449a0ff5aa1d77f9ba7b7387c1577db00cc37f,48941.234,8133,1,40,2025-03-27,d98c63a2eef81a41394485bb9f2012423ae09f1a,build_log,,True
hbase,PR-6781,master,4,16273.0,1743148247.0,UNSTABLE,fe7b00ee711a5e8bac211ee4fb182a4d7ab7870b,42636.05,8133,1,40,2025-03-28,d98c63a2eef81a41394485bb9f2012423ae09f1a,build_log,,True
hbase,PR-6872,master,1,1848.0,1743481209.0,UNSTABLE,4b67584d8689e9ef7c734443a335284f91de3f02,1.3679999,28,0,0,2025-03-31,a86f9d7867c00a99487d85b7f2e3b0ec7cbfb076,build_log,,True
hbase,PR-6872,master,2,2575.0,1743486611.0,SUCCESS,206faf00d9befc3245e1572864d55470f01552b6,1.654,28,0,0,2025-04-01,a86f9d7867c00a99487d85b7f2e3b0ec7cbfb076,build_log,,True
hbase,PR-6789,master,5,15493.0,1743495657.0,UNSTABLE,7914cc4d61746cdf7d454ac79efab8259e9a8fa9,39811.156,8162,1,40,2025-04-01,a86f9d7867c00a99487d85b7f2e3b0ec7cbfb076,build_log,,True
hbase,PR-6856,branch-2,2,15453.0,1743588332.0,UNSTABLE,f0f9ae2a97c8444253fc9523e3855159ea466917,114771.266,24090,0,129,2025-04-02,c20de4a978bcee0cfe451c2a83f9d4ae4b965a1e,build_log,,True
hbase,PR-6789,master,6,4908.0,1743672053.0,UNSTABLE,14fd5b409cd31a7509c29ef520c64c128367fe61,8087.685,1175,67,4,2025-04-03,961f4b12271e6b068a43d610a1e4a0e7888323e7,build_log,,True
hbase,PR-6856,branch-2,3,18555.0,1743678334.0,SUCCESS,c16859369906097c6cd8eba404017e61530bccba,127053.72,24066,0,129,2025-04-03,bbbee92ec3706b86f507cb2fcffb4fa91da6016b,build_log,,True
hbase,PR-6877,master,1,16049.0,1743688211.0,SUCCESS,47bb5ec890cb2f15313f45c25862c066d21b1034,41285.51,8146,0,40,2025-04-03,961f4b12271e6b068a43d610a1e4a0e7888323e7,build_log,,True
hbase,PR-6781,master,5,14893.0,1743761317.0,UNSTABLE,8823adc4d8a1907f8256041eecc20403afca05f2,39421.3,8154,0,40,2025-04-04,fd0803a96b153e5e60504ee54d155ade4deb17cc,build_log,,True
hbase,PR-6781,master,6,14362.0,1743776212.0,UNSTABLE,8823adc4d8a1907f8256041eecc20403afca05f2,38187.37,8154,0,40,2025-04-04,fd0803a96b153e5e60504ee54d155ade4deb17cc,build_log,,True
hbase,PR-6891,master,2,3025.0,1744068958.0,UNSTABLE,0b47bb4548e7c9fe6be54533f88f8057a81217b9,1703.346,89,15,0,2025-04-07,78f01019ad54bd40cbdf5f3fac11bc4a40f0f9ae,build_log,,True
hbase,PR-6781,master,7,14719.0,1744091214.0,SUCCESS,74348023fbe95e2934311d55094f06937064c7a8,38776.98,8185,0,40,2025-04-08,78f01019ad54bd40cbdf5f3fac11bc4a40f0f9ae,build_log,,True
hbase,PR-6856,branch-2,4,25025.0,1744095684.0,UNSTABLE,fee94ff6c5bdd68cfdd84ec4e3b131005c285745,157528.75,24074,1,129,2025-04-08,8bf23fb13782d764a09ca3a71a8f0b75b3dc0da9,build_log,,True
hbase,PR-6891,master,3,2385.0,1744110912.0,SUCCESS,d204add0e6e3851b5485843754e3a7d4b5c5c46f,1779.0292,104,0,0,2025-04-08,78f01019ad54bd40cbdf5f3fac11bc4a40f0f9ae,build_log,,True
hbase,PR-6781,master,8,15571.0,1744132570.0,SUCCESS,54347ad536b03a2623f3c338b2327e0e2636c225,40820.066,8185,0,40,2025-04-08,78f01019ad54bd40cbdf5f3fac11bc4a40f0f9ae,build_log,,True
hbase,PR-4545,master,7,2334.0,1744168900.0,SUCCESS,3db74af0d01d65e53b327e298a875ad68325c0e9,1421.2548,104,0,0,2025-04-08,78f01019ad54bd40cbdf5f3fac11bc4a40f0f9ae,build_log,,True
hbase,PR-6856,branch-2,5,29745.0,1744180243.0,UNSTABLE,dd64dfc4efc0738b3b5f7e716678adb3d1ca0dd2,105067.98,17314,3,92,2025-04-09,feafae324da12cf77174e72114d22cfd7f918d45,build_log,,True
hbase,PR-4544,master,3,3348.0,1744305625.0,UNSTABLE,547fb986fbb6d9582a6a7609fd57bf1a364f77e2,2077.4497,1221,2,25,2025-04-10,8c97c5126fed4b992b50fc0902cf946f365b0ce9,build_log,,True
hbase,PR-6891,master,4,2711.0,1744725034.0,UNSTABLE,c21ac2d5d750061fec88ca48ba4b597dd9c4bed2,1787.536,103,2,0,2025-04-15,e28b449828b1ab60f1031f5da5a1c167053d9da9,build_log,,True
hbase,PR-6891,master,5,3359.0,1744727747.0,UNSTABLE,c21ac2d5d750061fec88ca48ba4b597dd9c4bed2,1972.629,103,2,0,2025-04-15,e28b449828b1ab60f1031f5da5a1c167053d9da9,build_log,,True
hbase,PR-6891,master,6,2377.0,1744806031.0,UNSTABLE,6ce9fd1c3d8287c920775d51b316be1597917f0b,1773.2659,103,2,0,2025-04-16,644cdbcc2c1b5e29a86d10dc4d08cd1dce851050,build_log,,True
hbase,PR-6915,master,1,2299.0,1744918513.0,SUCCESS,c35d43086cd14af9d379ae34cd963319f505e1dc,1715.4331,102,0,0,2025-04-17,e56e14bcc9f15ceae3f7961a21d4eef94ce1c159,build_log,,True
hbase,PR-6917,master,1,5649.0,1744943714.0,UNSTABLE,7c847808a29f1c935628fe04314af66e97533d6d,91.965004,290,1,0,2025-04-17,e56e14bcc9f15ceae3f7961a21d4eef94ce1c159,build_log,,True
hbase,PR-6917,master,2,18931.0,1744951813.0,SUCCESS,ae2040476d29dfaa0fe1795dc21ff948ddc0b69f,76.882,369,0,0,2025-04-17,e56e14bcc9f15ceae3f7961a21d4eef94ce1c159,build_log,,True
hbase,PR-6891,master,8,37992.0,1745323532.0,UNSTABLE,a9d1c2ab95c45ed4e53cc048345b01113336095d,2126.2969,104,0,0,2025-04-22,65a6d8ae39d63e2f205351c2ffb456deb9c00e56,build_log,,True
hbase,PR-6856,branch-2,6,43005.0,1745338859.0,UNSTABLE,02c7390b0cf72b7295ad33b20b5d4c832afebb28,147970.52,23380,4,129,2025-04-22,a8ff965536fda48bbb6d1f77b53a55e43b8d9461,build_log,,True
hbase,PR-6891,master,9,8298.0,1745424341.0,SUCCESS,48c764a1e0cfdf741775fee3270ba3fb50909d71,2700.0608,104,0,0,2025-04-23,d1b68abef5aa511c79fd1d1b8d4234e3092c1f7c,build_log,,True
hbase,PR-6932,master,2,30618.0,1745478048.0,UNSTABLE,20fc7b06a0fb3423f87b294666c79a07038fd65e,61147.71,10993,4,82,2025-04-24,dcb406f24242fb097130a949d978aa6e642901ab,build_log,,True
hbase,PR-5834,master,3,35481.0,1745505471.0,UNSTABLE,5d18437aa5ac09bd5a01e6aedccc8437d060f0bd,87589.01,7968,127,40,2025-04-24,763093ac34833cab4c277073dea16222268ef47a,build_log,,True
hbase,PR-6936,master,1,36054.0,1745508013.0,ABORTED,5d18437aa5ac09bd5a01e6aedccc8437d060f0bd,86296.55,7966,123,40,2025-04-24,763093ac34833cab4c277073dea16222268ef47a,build_log,,True
hbase,PR-6932,master,3,31568.0,1745515956.0,UNSTABLE,20fc7b06a0fb3423f87b294666c79a07038fd65e,56647.53,11009,1,82,2025-04-24,dcb406f24242fb097130a949d978aa6e642901ab,build_log,,True
hbase,PR-6937,master,1,24929.0,1745563814.0,UNSTABLE,ed515db7b43d67c78b58c6e39483bbbebbc19f71,58099.93,8160,1,40,2025-04-25,bd3036793b3f776e35b7546bb7b2586d2f6949cc,build_log,,True
hbase,PR-6260,master,3,20011.0,1745628697.0,UNSTABLE,f7c5fcaed012cbbbb9837f1100199b218085c3b5,40095.117,8197,2,40,2025-04-25,ae40069dbb58a87a94627658ace8c66047e35cf0,build_log,,True
hbase,PR-6260,master,4,64896.0,1745835730.0,UNSTABLE,90aed32bea04240831f0853f0aa701d4aea5c8ab,42955.805,8185,4,40,2025-04-28,ae40069dbb58a87a94627658ace8c66047e35cf0,build_log,,True
hbase,PR-6932,master,4,20331.0,1745992980.0,SUCCESS,20fc7b06a0fb3423f87b294666c79a07038fd65e,45745.98,10987,0,82,2025-04-30,dcb406f24242fb097130a949d978aa6e642901ab,build_log,,True
hbase,PR-6974,master,1,14433.0,1746773140.0,UNSTABLE,40b274dee7f49b4dac9df705dfb7267460454ebb,38048.203,8003,1,39,2025-05-09,da7fd50603bc65689272716e140393c33480942c,build_log,,True
hbase,PR-6983,branch-2.6,1,15294.0,1746992714.0,UNSTABLE,cbc9126f8b9c009753146a1fb63dd2d070c13cfb,112689.7,23318,1,129,2025-05-11,cfb45b6b39ae0adcee085d16998c782b73920017,build_log,,True
hbase,PR-6974,master,2,2675.0,1747003521.0,UNSTABLE,297bfc8b661fc36a25115a5e8296633f3e608bf2,822.9119,1259,1,4,2025-05-11,fbf310ea6310f9ba1ce9e24cfeb8275aa09ef921,build_log,,True
hbase,PR-6995,master,1,18103.0,1747488611.0,UNSTABLE,8f833af037f534ca9eab6cb949af0f6ea9c38cbb,45142.89,8105,3,39,2025-05-17,deac89e9487821b5b1c237b8395cee10ac745bd6,build_log,,True
hbase,PR-7035,master,1,36163.0,1748261113.0,UNSTABLE,467bd83fb59976e61cee8301187122dfeffc0d2b,41659.496,8541,2,40,2025-05-26,c4d8b00267adb8246df991397c0748cc625f756d,build_log,,True
hbase,PR-7035,master,2,20684.0,1748320518.0,UNSTABLE,09e52d7f5ca5fb2d7752ad3656c50d881d69417d,52396.676,8075,2,39,2025-05-26,c4d8b00267adb8246df991397c0748cc625f756d,build_log,,True
hbase,PR-6947,master,7,3922.0,1748328659.0,UNSTABLE,5f5ee398a613cc49266323c5ecbbf75439d645f6,4256.6484,1543,38,9,2025-05-27,c4d8b00267adb8246df991397c0748cc625f756d,build_log,,True
hbase,PR-6947,master,8,3871.0,1748332583.0,UNSTABLE,5f5ee398a613cc49266323c5ecbbf75439d645f6,4188.8467,1543,38,9,2025-05-27,c4d8b00267adb8246df991397c0748cc625f756d,build_log,,True
hbase,PR-7041,master,1,38849.0,1748350513.0,UNSTABLE,9cf7fd98aff370feb882f1c395c5453feaef84d4,3153.5688,318,0,5,2025-05-27,a2abf1b092c960cb92d5dc42fdfb4037dcc1e3d9,build_log,,True
hbase,PR-6947,master,9,23988.0,1748421057.0,SUCCESS,9c3d5692c0b7dae8eaefa6f962b3bc01e2c38743,40576.367,8400,0,44,2025-05-28,08621f94d4bd9b6a180e7dcf5d4a530cf643258d,build_log,,True
hbase,PR-7041,master,2,28640.0,1748442624.0,SUCCESS,de8fa666b27822a03da0b0116bcacf25b7c60f99,3120.6443,318,0,5,2025-05-28,08621f94d4bd9b6a180e7dcf5d4a530cf643258d,build_log,,True
hbase,PR-6974,master,4,14423.0,1748824232.0,SUCCESS,ac917157d4e2bb88c36b0bc87f1b4a0f7be89806,38094.492,8075,0,39,2025-06-01,e60e8004aa7082da4d0eae0e1f9f0e02069038d0,build_log,,True
hbase,PR-7041,master,4,6677.0,1748907725.0,UNSTABLE,d4948fea79b10414197ab18bdff80dd48c275482,4811.4097,286,33,5,2025-06-02,539f7b7d4788361b191d5e1eea85c0d38e4b0fe5,build_log,,True
hbase,PR-7035,master,3,14434.0,1748950522.0,SUCCESS,b1dd4625137b6cb77fe397194b097bf58ac36c2d,37892.54,8081,0,39,2025-06-03,ae5400e77a951a69e4d80a8c7a4b54a5ad63a1e3,build_log,,True
hbase,PR-6995,master,2,29131.0,1749046241.0,UNSTABLE,f8a40f4cea264099a509809a5f9fb3fd77322491,56269.3,8104,11,39,2025-06-04,d93102ccf631f11028d466acaa1ea3862c185b44,build_log,,True
hbase,PR-7074,master,1,2041.0,1749114011.0,SUCCESS,9b828154f99c2eff8833713fbecb3de14235c00b,251.02501,12,0,0,2025-06-05,d84824b350377854a5f60759e775ab077847477f,build_log,,True
hbase,PR-6947,master,10,22414.0,1749130254.0,UNSTABLE,5472591b928b85b267278cf52239b153a3605e84,55856.273,8398,2,44,2025-06-05,d84824b350377854a5f60759e775ab077847477f,build_log,,True
hbase,PR-6947,master,11,22754.0,1749177046.0,UNSTABLE,19d230d07b1787c769d679d8a5bcab47341945c5,51620.742,8396,3,44,2025-06-05,d84824b350377854a5f60759e775ab077847477f,build_log,,True
hbase,PR-6947,master,12,15847.0,1749207650.0,SUCCESS,865ab59cbb350297518063b632b09f980ddb45c4,40715.51,8400,0,44,2025-06-06,d84824b350377854a5f60759e775ab077847477f,build_log,,True
hbase,PR-7074,master,2,1905.0,1749220517.0,SUCCESS,86ca728b3baef1263a12896bfa51dfec86c02ffb,219.752,12,0,0,2025-06-06,a71288f2e2fe3f0b3fe254ca9a1174ce42e72d6a,build_log,,True
hbase,PR-7074,master,3,1908.0,1749431117.0,SUCCESS,5bc0f4c3e5aae08045a11fef12c6a9f50aa0ee85,229.03299,11,0,0,2025-06-08,a71288f2e2fe3f0b3fe254ca9a1174ce42e72d6a,build_log,,True
hbase,PR-7081,branch-2.5,1,19644.0,1749455419.0,UNSTABLE,279767092efc713488584c455b22baaaa7f2886c,125813.445,21454,2,126,2025-06-09,5065a8f99ae5edc0806c84fd3d7c1afbf8a680c2,build_log,,True
hbase,PR-6401,master,6,32096.0,1750029718.0,UNSTABLE,773f373139b1db745f6b4d6b98cdfceaf03b549d,102092.13,8241,84,39,2025-06-15,28c757d45aa1797bbee6892433aec16a460e765e,build_log,,True
hbase,PR-6947,master,13,35519.0,1750041354.0,UNSTABLE,2ee5e7aa21b2233424f760b7a11b0e20e607c642,115034.02,8088,106,44,2025-06-15,28c757d45aa1797bbee6892433aec16a460e765e,build_log,,True
hbase,PR-6401,master,7,30894.0,1750061817.0,UNSTABLE,d89262bdb1f125043f0b86b6dea03e95bef5ba6f,99809.17,8241,83,39,2025-06-16,28c757d45aa1797bbee6892433aec16a460e765e,build_log,,True
hbase,PR-6947,master,15,18081.0,1750230356.0,UNSTABLE,7123c51fa29bb686b1c672125a121669e67d3c16,45271.67,8378,2,44,2025-06-18,a8a57ad4db48e7dde97cc4654fff5e3078fe32be,build_log,,True
hbase,PR-6947,master,16,23951.0,1750254059.0,UNSTABLE,7abf47cd0dca993f4282cd83a3d823031e8c7459,56609.29,8376,4,44,2025-06-18,a2a9067683657ffaf4e639f5c9017dfa7e0bfb4f,build_log,,True
hbase,PR-6947,master,17,19730.0,1750749354.0,SUCCESS,5aed8c90d1dc9767375892e6cdd3d16a1a908b21,50350.64,8525,0,45,2025-06-24,56fe0b31c0ec9782291d1d049e7b0e81e85f8077,build_log,,True
hbase,PR-6947,master,18,16113.0,1750772754.0,SUCCESS,b94965557b3642d53fc0dbe34e0f4cc24e52173f,40917.457,8364,0,44,2025-06-24,56fe0b31c0ec9782291d1d049e7b0e81e85f8077,build_log,,True
hbase,PR-6947,master,19,15800.0,1751624450.0,UNSTABLE,7ba8c67e80b5da1ca77a7424d916a129df1d3247,41141.95,8411,0,44,2025-07-04,2321d965b790dadac38b9b30183ef922a9f15d80,build_log,,True
hbase,PR-6947,master,20,16148.0,1751640253.0,SUCCESS,f501f83a7381112d0209a4f15ea82ad583a740e8,41585.48,8411,0,44,2025-07-04,2321d965b790dadac38b9b30183ef922a9f15d80,build_log,,True
hbase,PR-6936,master,3,18248.0,1752424253.0,UNSTABLE,f7da1873dec8f0bf6c4b310148b52aed0e472e84,47221.402,8040,35,39,2025-07-13,c336e081625323562461a712ed7adc7536e6c799,build_log,,True
hbase,PR-7167,branch-2.6,1,1193.0,1753182918.0,SUCCESS,529de847d968fec8ab30a7dd94bad9f9df44e7e4,2914.011,30,0,0,2025-07-22,35b6e5872dc43f3f451a9580de986d13acf39070,build_log,,True
hbase,PR-7167,branch-2.6,2,1230.0,1753357823.0,SUCCESS,b916ba6eb3a1d587a11d8d93e8daf1c5b738773a,2924.486,30,0,0,2025-07-24,427f62d12dc74b78f31ecabca2b4d19baf74c800,build_log,,True
hbase,PR-7169,master,1,15798.0,1753683023.0,UNSTABLE,8be941e1ac22a2a28a224dd9664955aec84694d0,41309.953,8061,0,39,2025-07-28,d76bbe21cf0dfc37f740718e826b8c7ccf582c11,build_log,,True
hbase,PR-7176,branch-2.5,1,14161.0,1753771516.0,SUCCESS,08d82bd10540db53f876148d55a906b7cb8d7a63,102642.3,21687,0,126,2025-07-29,3099f04a001d44facf5071e261d9b54758715168,build_log,,True
hbase,PR-7169,master,2,17422.0,1753878931.0,SUCCESS,08bdd7929077ccc83de05d70c0a248cce4d3f01b,44444.82,7901,0,39,2025-07-30,a699d3032887cec9c39868dd93aa7ba84a9b8e03,build_log,,True
hbase,PR-7169,master,3,15704.0,1754029834.0,UNSTABLE,ece0f7cfd370f5eaef3feab3072fa9448e0e11de,41310.05,7900,1,39,2025-08-01,2f5cf9a3ebc342a6eab3c79f4eac3807f4533dda,build_log,,True
hbase,PR-7191,branch-2.6,1,17631.0,1754413523.0,UNSTABLE,777bc4921dca21bd2c59dfe3b7d14354f37f80ce,123913.336,25646,4,129,2025-08-05,9e61771a353320d2354150032b729392f89d5072,build_log,,True
hbase,PR-7191,branch-2.6,2,19032.0,1754452216.0,UNSTABLE,65669b6108b185dac37bd94c84fa4b2dfd2036c4,123260.586,25680,3,129,2025-08-05,41c191d3e06609bf563d5b0c1055a24e56c8ac1b,build_log,,True
hbase,PR-6079,master,5,2694.0,1755617291.0,SUCCESS,4708eb860ffadd985757354479d8f810545612d7,2835.687,341,0,16,2025-08-19,9130913dea309e9fabfbaddeacc05c0fab1a2ca8,build_log,,True
hbase,PR-7167,branch-2.6,3,20570.0,1755706563.0,UNSTABLE,6f33ac9e857629d6ea46c6eedb93b21d49467e3a,100026.94,25506,2,226,2025-08-20,789a8d852e67c85365514ff36850dfc9250de0d0,build_log,,True
hbase,PR-7238,master,1,3377.0,1755709224.0,UNSTABLE,28da8600b530b92a942d7d380c4926337349751e,1075.2898,1289,1,4,2025-08-20,20b837e707faf591f2c86f85c9da622f6ec985cf,build_log,,True
hbase,PR-7238,master,2,15088.0,1755713730.0,SUCCESS,4b7b3966d84e277ae04a9fedb7146a1262b35028,39754.773,8066,0,40,2025-08-20,20b837e707faf591f2c86f85c9da622f6ec985cf,build_log,,True
hbase,PR-6456,master,2,2656.0,1755971538.0,UNSTABLE,10f58ed5a47a82935cdf34c6715dc986211e1dec,743.74316,2301,63,29,2025-08-23,c90aca25daa6ad006d40856d28cd3319782e7d5e,build_log,,True
hbase,PR-6456,master,3,2619.0,1755976939.0,UNSTABLE,d8459288ffd998ae379779714123600f5dc28c0f,695.8999,2183,65,29,2025-08-23,c90aca25daa6ad006d40856d28cd3319782e7d5e,build_log,,True
hbase,PR-6456,master,4,3434.0,1755980539.0,UNSTABLE,86e878d77a89f6778cc752a4b979d82089379d80,1085.8511,2310,63,29,2025-08-23,c90aca25daa6ad006d40856d28cd3319782e7d5e,build_log,,True
hbase,PR-6456,master,5,14988.0,1756008434.0,UNSTABLE,079656b55aebbce14d8608bb692c76e37b971721,39388.68,9139,16,65,2025-08-23,c90aca25daa6ad006d40856d28cd3319782e7d5e,build_log,,True
hbase,PR-6456,master,6,14978.0,1756037237.0,UNSTABLE,a28196dcac558fe78e78536d61dcad39605d7e3d,39429.832,9155,0,65,2025-08-24,c90aca25daa6ad006d40856d28cd3319782e7d5e,build_log,,True
hbase,PR-6456,master,7,15082.0,1756066036.0,SUCCESS,1260755c15931ed6efe65bd2033d1603f36e6e92,39860.223,9155,0,65,2025-08-24,c90aca25daa6ad006d40856d28cd3319782e7d5e,build_log,,True
hbase,PR-6456,master,8,17284.0,1756234653.0,SUCCESS,66dfd98716eea8924f62fcdb238da33ae3794528,44955.367,9203,0,65,2025-08-26,95bd8a3da87e8c106e4eedec1726234681b7d859,build_log,,True
hbase,PR-6456,master,9,17848.0,1756251939.0,UNSTABLE,359d996c7d2bef8f231175642dc8268bcce75c18,45424.16,9202,1,65,2025-08-26,bcf4d35847319ed76499f663b282cc45df735638,build_log,,True
hbase,PR-7191,branch-2.6,3,26085.0,1756304145.0,UNSTABLE,32a587fe626e2e9230c96cbc90d038a63052f9bb,140563.14,25762,3,130,2025-08-27,213f34179487f003e157ce567605ac877ba2b154,build_log,,True
hbase,PR-7191,branch-2.6,4,15303.0,1756330232.0,UNSTABLE,9917bb8af21903cab9d83d7691f391985257c878,80277.46,18455,2,89,2025-08-27,2baf739f976cb2a55e7be0bb6b045f12668ba9a6,build_log,,True
hbase,PR-6456,master,10,15730.0,1756355533.0,SUCCESS,ce74db33b5f3d860af7d4d165df6c0184d7c1940,41257.113,9203,0,65,2025-08-27,bcf4d35847319ed76499f663b282cc45df735638,build_log,,True
hbase,PR-7260,master,1,1885.0,1756695017.0,SUCCESS,3380d7bdc392ca4ff15a757c06a9ee05d3d40a87,20.228,35,0,0,2025-08-31,8a7defb858a618dbc18ebe528b4b12fa17cc6f72,build_log,,True
hbase,PR-7309,master,1,2365.0,1758087922.0,UNSTABLE,a865ce7b59118e4709fe4fa540c0c9e5bc1d5d9f,1212.386,1322,3,5,2025-09-17,0f11becf47612de1af5c39fcc26ccb626a0dc310,build_log,,True
hbase,PR-7317,branch-2,1,19961.0,1758128422.0,UNSTABLE,fa21ea2eff57f43f3779960dd2aabe5e602d794c,179273.9,26756,1,243,2025-09-17,0fe3f8a75e48e25e0e0d63e8c66159156e2dce1f,build_log,,True
hbase,PR-7317,branch-2,2,19898.0,1758198933.0,UNSTABLE,818700476adf537caf560686595ebce2a31a38f9,167407.83,26690,1,243,2025-09-18,2d42f1a0b4065cb86a7fca42473ee088dd26924e,build_log,,True
hbase,PR-7309,master,2,14988.0,1758223530.0,SUCCESS,8f9187a42054308dedf9886e6909795eb6882081,48088.004,7558,0,72,2025-09-18,04d48ee4903ba88145e21a1c2fd203b1cebb0636,build_log,,True
hbase,PR-7283,master,1,14530.0,1758465044.0,UNSTABLE,fccf3c6e1c883d2da624c4b96cdbe23e5a55eeae,47018.23,7814,3,72,2025-09-21,99b7e6cdba1bc66839bbf3a9f34500937921adc6,build_log,,True
hbase,PR-7283,master,2,14688.0,1758617748.0,UNSTABLE,7a7fc49cd38d9cbec746af76d3f26ed515b6d794,47124.23,7831,0,72,2025-09-23,b5cdaab0cbe889564c60c6aa7a607d92e20771dc,build_log,,True
hbase,PR-7283,master,3,14649.0,1758632438.0,SUCCESS,c183bb542b5fc5e65aba8b3a035a0f2f91f65a90,46663.902,7831,0,72,2025-09-23,b5cdaab0cbe889564c60c6aa7a607d92e20771dc,build_log,,True
hbase,PR-7291,master,5,14987.0,1758720141.0,UNSTABLE,b1479a27e17750e7bce2273f1280f7a837ea84a8,46905.816,9342,3,97,2025-09-24,b5cdaab0cbe889564c60c6aa7a607d92e20771dc,build_log,,True
hbase,PR-7317,branch-2,3,16830.0,1758741126.0,SUCCESS,6d32ea75f07777263b5ad72ace7d67cc1e49cac0,154843.14,26709,0,243,2025-09-24,2de05b014695ce4927bed16d1efb5bdb7e724690,build_log,,True
hbase,PR-7291,master,6,15359.0,1758753043.0,UNSTABLE,a6a8465da02eae443a8116bbe84aa08d62b7d467,48032.96,9349,1,97,2025-09-24,608c1b98048523fbfd4d870a49b26e14bad89ba7,build_log,,True
hbase,PR-7291,master,7,15122.0,1758770141.0,UNSTABLE,6171654c20de0d50cfe9f2736da3af775dde37be,47952.906,9345,0,97,2025-09-24,608c1b98048523fbfd4d870a49b26e14bad89ba7,build_log,,True
hbase,PR-7291,master,8,16355.0,1758785266.0,SUCCESS,e33db29e8f7834a26040123afd3e22d6f7c6afca,51827.8,9345,0,97,2025-09-25,608c1b98048523fbfd4d870a49b26e14bad89ba7,build_log,,True
hbase,PR-7334,master,7,19940.0,1758930929.0,UNSTABLE,89bda2ecc73c79f062d4b421858b3f2cd95972c2,71139.48,11004,0,159,2025-09-26,67420e33f972478102a847c5673f233da1f071db,build_log,,True
hbase,PR-7334,master,8,16585.0,1758950871.0,UNSTABLE,9198d0c56a9cc474912157418c4d642b25354ecc,51189.37,9821,1,109,2025-09-27,67420e33f972478102a847c5673f233da1f071db,build_log,,True
hbase,PR-7334,master,9,4205.0,1758970527.0,UNSTABLE,71d5c140a8b00092fffbf0e8ce9524585d11103e,155.72003,1051,25,25,2025-09-27,67420e33f972478102a847c5673f233da1f071db,build_log,,True
hbase,PR-7334,master,10,18623.0,1759023630.0,UNSTABLE,a712ccd650fdc20e4e538956c86b1b51b4a42ad1,62201.703,10649,0,156,2025-09-27,67420e33f972478102a847c5673f233da1f071db,build_log,,True
hbase,PR-7334,master,12,19462.0,1759152404.0,UNSTABLE,ab298d16f587e3d184395de1bfd438c31de94058,65295.72,10709,4,156,2025-09-29,e0cec314c839158eac7dbd080582ebce83718a0b,build_log,,True
hbase,PR-6936,master,4,3058.0,1759160485.0,UNSTABLE,82397a9871c65c3059e8baa266a666d2912b1f8e,1052.882,1326,1,5,2025-09-29,e0cec314c839158eac7dbd080582ebce83718a0b,build_log,,True
hbase,PR-6936,master,5,16018.0,1759163545.0,UNSTABLE,e753a6cef48f6aea13f83f7debbd36df2e0a2c1e,48944.523,7844,9,72,2025-09-29,e0cec314c839158eac7dbd080582ebce83718a0b,build_log,,True
hbase,PR-6936,master,6,16068.0,1759179565.0,UNSTABLE,e753a6cef48f6aea13f83f7debbd36df2e0a2c1e,48967.027,7844,9,72,2025-09-29,c4f7e6612a1bb323903f95bee215d6a636c6ee40,build_log,,True
hbase,PR-7334,master,13,4293.0,1759189227.0,UNSTABLE,7da9df622a72ea911c2d7f3905fd6a83a9f4d66b,623.538,1607,11,35,2025-09-29,c4f7e6612a1bb323903f95bee215d6a636c6ee40,build_log,,True
hbase,PR-7334,master,14,22359.0,1759193522.0,UNSTABLE,d5fa7e30ee3e2a9495f47cb131883385ccb41011,53604.66,9993,0,109,2025-09-29,c4f7e6612a1bb323903f95bee215d6a636c6ee40,build_log,,True
hbase,PR-6936,master,7,16556.0,1759218088.0,UNSTABLE,3be66d6623dd4d755e51b174892813539770642d,50222.977,7848,8,72,2025-09-30,c4f7e6612a1bb323903f95bee215d6a636c6ee40,build_log,,True
hbase,PR-7334,master,15,28939.0,1759236045.0,UNSTABLE,4d6d996bf7a4068b9daaf58ab9c73c6a3bdf23b8,78678.555,9882,5,109,2025-09-30,2c3b89b61c3d03f598ba8ed7f917a93bf797566d,build_log,,True
hbase,PR-6936,master,8,15877.0,1759246886.0,UNSTABLE,f8f0d7d700a3f15a47768e324e4ab51fdcc2b1d4,49552.836,7850,5,72,2025-09-30,2c3b89b61c3d03f598ba8ed7f917a93bf797566d,build_log,,True
hbase,PR-7334,master,16,19322.0,1759264986.0,UNSTABLE,3a99dc952d1ee30d0c5d89f5db710fa57bfa3d5a,56593.555,9877,1,109,2025-09-30,2c3b89b61c3d03f598ba8ed7f917a93bf797566d,build_log,,True
hbase,PR-7334,master,17,18840.0,1759408837.0,UNSTABLE,af644f6720909c0e1f82ff718f395bb7d3bdec1a,58940.96,10211,83,156,2025-10-02,a2a70d645af2a1329d208baaa0a2866fa7f29f98,build_log,,True
hbase,PR-7334,master,18,18755.0,1759448434.0,UNSTABLE,aab0871a6b52ab6cac878d8cecfb52e213b46adf,59408.24,10425,11,155,2025-10-02,82e36a2e82e558ae52d60a1c2b52d0c5d774c47a,build_log,,True
hbase,PR-7334,master,19,17352.0,1759467192.0,UNSTABLE,aab0871a6b52ab6cac878d8cecfb52e213b46adf,52201.457,9884,1,109,2025-10-02,82e36a2e82e558ae52d60a1c2b52d0c5d774c47a,build_log,,True
hbase,PR-7334,master,20,20023.0,1759489839.0,SUCCESS,1262122edd33c89ba564c8513670e88b1b70f55f,71803.55,11068,0,159,2025-10-03,82e36a2e82e558ae52d60a1c2b52d0c5d774c47a,build_log,,True
hbase,PR-7358,master,1,2079.0,1759503327.0,SUCCESS,b2a2114d5702bf3cb7e752b79842baefc7b662a3,2212.353,106,0,0,2025-10-03,82e36a2e82e558ae52d60a1c2b52d0c5d774c47a,build_log,,True
hbase,PR-7358,master,2,2022.0,1759505408.0,SUCCESS,f9ce472592140746d7d4e940a7f02b1b437c6fa0,2220.8638,106,0,0,2025-10-03,82e36a2e82e558ae52d60a1c2b52d0c5d774c47a,build_log,,True
hbase,PR-7291,master,9,19044.0,1759548637.0,UNSTABLE,d54fff4734ffbb41f406003b931c0956a024e68f,63601.168,10719,0,156,2025-10-03,2d881209ec595a7e58d132786960a7359bafe22b,build_log,,True
hbase,PR-7334,master,21,19893.0,1759630532.0,SUCCESS,a572ad4afb41b8b41276f13dafb8b155af5ce4a4,71516.14,11068,0,159,2025-10-04,2d881209ec595a7e58d132786960a7359bafe22b,build_log,,True
hbase,PR-7291,master,10,20055.0,1759630542.0,SUCCESS,99ce0f0b1ae07d0e4f9dead86d1cf81232b28fc0,72608.05,11076,0,159,2025-10-04,2d881209ec595a7e58d132786960a7359bafe22b,build_log,,True
hbase,PR-6936,master,9,22779.0,1759784476.0,UNSTABLE,a1926c788baa8d84732c4b277bb441d7049beba4,55113.082,7850,52,72,2025-10-06,2d881209ec595a7e58d132786960a7359bafe22b,build_log,,True
hbase,PR-6936,master,10,22935.0,1759821382.0,UNSTABLE,bf286e1118c4f2623cbbcd9ab2b78c0e9aeefc0c,68575.98,7851,24,72,2025-10-07,2d881209ec595a7e58d132786960a7359bafe22b,build_log,,True
hbase,PR-6936,master,11,17577.0,1759844319.0,UNSTABLE,a49729cfd2fd2b02f94ebed1177b1610be7ce9f3,49096.695,7822,16,72,2025-10-07,d0b94780f509156c66ea9d297a89e73940257eb1,build_log,,True
hbase,PR-6936,master,12,14785.0,1760036194.0,UNSTABLE,d9efd3ff4c115d12469b05ac5c2cd5d7a84a5faa,47308.26,7843,0,72,2025-10-09,d8b1912361218ce9de3c3f7d4c5194c23519fa69,build_log,,True
hbase,PR-6936,master,13,15550.0,1760116288.0,SUCCESS,796253b7f8471c5a11b1bd376cdcee747b96c96c,47455.562,7843,0,72,2025-10-10,e57552521e2c228e8ec8d09ebef4657ba8a2b1d9,build_log,,True
hbase,PR-6936,master,14,14752.0,1760131840.0,SUCCESS,1bdca9649c89962defae76573180584fc9b9b34a,47239.824,7843,0,72,2025-10-10,e57552521e2c228e8ec8d09ebef4657ba8a2b1d9,build_log,,True
hbase,PR-7296,HBASE-29588-feature,18,8352.0,1760351151.0,UNSTABLE,2e956689d6a7f9fca72cdf8775db1137e30b11ee,1245.7091,2441,6,30,2025-10-13,a2a70d645af2a1329d208baaa0a2866fa7f29f98,build_log,,True
hbase,PR-7296,HBASE-29588-feature,19,3679.0,1760359505.0,UNSTABLE,8049e8e58fb1faefc4557ecf8a636ff9deaa6b6b,2030.4944,2441,6,30,2025-10-13,a2a70d645af2a1329d208baaa0a2866fa7f29f98,build_log,,True
hbase,PR-7381,master,1,22259.0,1760368228.0,UNSTABLE,8c71b49aa9da20bd4aa97ecfa9044654ddea586a,50639.117,7845,6,72,2025-10-13,e57552521e2c228e8ec8d09ebef4657ba8a2b1d9,build_log,,True
hbase,PR-7296,HBASE-29588-feature,20,10980.0,1760371853.0,UNSTABLE,2b23097d280aef2c400184993b06182d1b6b7f9e,1377.2731,2444,3,30,2025-10-13,a2a70d645af2a1329d208baaa0a2866fa7f29f98,build_log,,True
hbase,PR-7296,HBASE-29588-feature,21,3798.0,1760382836.0,UNSTABLE,a3ffdfbf39fbad99ee3b09c166eb24984f6ac2f0,1373.5206,2444,3,30,2025-10-13,a2a70d645af2a1329d208baaa0a2866fa7f29f98,build_log,,True
hbase,PR-7383,master,1,2699.0,1760389821.0,SUCCESS,586ac4160c2740511d96cb2b88c53102713aa592,24.535,6,0,0,2025-10-13,e57552521e2c228e8ec8d09ebef4657ba8a2b1d9,build_log,,True
hbase,PR-7291,master,11,20293.0,1760422256.0,UNSTABLE,95d7892f49d35aac5c869a5e956046904c46d040,55810.71,9993,4,109,2025-10-14,e57552521e2c228e8ec8d09ebef4657ba8a2b1d9,build_log,,True
hbase,PR-7291,master,12,19887.0,1760511360.0,UNSTABLE,cceda4821812f42db111b7c06bc9576547ca0751,70912.88,11060,0,159,2025-10-15,e57552521e2c228e8ec8d09ebef4657ba8a2b1d9,build_log,,True
hbase,PR-7389,master,1,15402.0,1760553028.0,UNSTABLE,169ff7e54cd4bd988dddcd304e19d6397c6aa997,50007.375,8224,0,72,2025-10-15,bab3df9cff68d4569367b522cbb6e44fd68057b4,build_log,,True
hbase,PR-7389,master,2,16529.0,1760568433.0,UNSTABLE,cc1d916e0541192883ffbba1b5e9e73d8e85edfb,51118.9,9837,2,109,2025-10-15,bab3df9cff68d4569367b522cbb6e44fd68057b4,build_log,,True
hbase,PR-7291,master,13,20186.0,1760579159.0,UNSTABLE,37273300c7ab0dd8cd1aaeef88c8f90a73d02d76,72471.36,11063,0,159,2025-10-15,bab3df9cff68d4569367b522cbb6e44fd68057b4,build_log,,True
hbase,PR-7291,master,14,21264.0,1760599347.0,SUCCESS,5dad0216c3e2df40107c430b85338e615945c215,74841.48,11063,0,159,2025-10-16,fafa03c9063127357c1b886a801820d60269cea0,build_log,,True
hbase,PR-7391,branch-2,1,3467.0,1760620830.0,UNSTABLE,ed5b706b8854e28e1d66264d1a8d132b499282e0,5565.4893,5538,36,21,2025-10-16,3d3b78f25bdd32be50da1c25f0be3394a0744c7c,build_log,,True
hbase,PR-7381,master,2,3899.0,1760621982.0,UNSTABLE,205fd7cdc33d3cf6b4edbc6ac667aee3db689509,1203.8506,1339,1,5,2025-10-16,dfca61b1f178b1ea2623c9c8d2d798612bc70f66,build_log,,True
hbase,PR-7391,branch-2,2,17841.0,1760625632.0,UNSTABLE,677ddfe0a017fe173a62d43fd9228b839b7f31ef,102994.65,19402,2,161,2025-10-16,3d3b78f25bdd32be50da1c25f0be3394a0744c7c,build_log,,True
hbase,PR-7381,master,3,18473.0,1760627445.0,SUCCESS,39e0054c3a4eedc24e56c52b22b2537e1949c851,58112.363,7855,0,72,2025-10-16,dfca61b1f178b1ea2623c9c8d2d798612bc70f66,build_log,,True
hbase,PR-7397,master,1,2066.0,1760847323.0,SUCCESS,ed3ee979253b41d85eb72a123c5d759839c9ae60,88.89198,378,0,0,2025-10-18,6d7829a503f85e6b6fa5d8de5fbbda99ea6721df,build_log,,True
hbase,PR-7397,master,2,3054.0,1760890521.0,SUCCESS,e4a0acdae21aebcdac3db90aadec9428ee89174a,86.141014,378,0,0,2025-10-19,6d7829a503f85e6b6fa5d8de5fbbda99ea6721df,build_log,,True
hbase,PR-7389,master,3,3949.0,1760893229.0,UNSTABLE,a420fd09fe87df35653774fcd0f76cd434a2930f,1235.1881,1718,1,5,2025-10-19,6d7829a503f85e6b6fa5d8de5fbbda99ea6721df,build_log,,True
hbase,PR-7398,HBASE-29585,1,6698.0,1760917522.0,UNSTABLE,cc96b4c405f80ab01099a9f45f1c02722febad39,4291.442,3357,1,42,2025-10-19,dfca61b1f178b1ea2623c9c8d2d798612bc70f66,build_log,,True
hbase,PR-7398,HBASE-29585,2,6756.0,1760931020.0,UNSTABLE,78bacdd2459a946a0357b6fc190b3aa7d50ffa69,4680.2427,3357,1,42,2025-10-19,dfca61b1f178b1ea2623c9c8d2d798612bc70f66,build_log,,True
hbase,PR-7391,branch-2,3,36326.0,1760935527.0,ABORTED,3ed26ac218d8281132c8d7b6b21dea5ee2481e7c,169230.95,26170,32,220,2025-10-19,69e7dcc713d431703b74a30a1f8b975dc329b638,build_log,,True
hbase,PR-7398,HBASE-29585,3,14398.0,1760998529.0,UNSTABLE,f95570c265ea439de511f52a72616fa00da37119,3853.861,3356,2,42,2025-10-20,dfca61b1f178b1ea2623c9c8d2d798612bc70f66,build_log,,True
hbase,PR-7291,master,17,40028.0,1761007558.0,UNSTABLE,7cc5d2a9cd9db4858d0dec265974ace231d8a5d4,54424.434,9841,1,109,2025-10-20,6d7829a503f85e6b6fa5d8de5fbbda99ea6721df,build_log,,True
hbase,PR-7398,HBASE-29585,4,12615.0,1761027327.0,UNSTABLE,f7b5603fee0008a6a303b3d70bd07fbe64c74bf1,4129.416,3357,1,42,2025-10-21,dfca61b1f178b1ea2623c9c8d2d798612bc70f66,build_log,,True
hbase,PR-7291,master,18,42801.0,1761047587.0,ABORTED,7e2718ae1a0c9bef2b6c3232ac5537c7aa945033,48357.094,9313,2,92,2025-10-21,6d7829a503f85e6b6fa5d8de5fbbda99ea6721df,build_log,,True
hbase,PR-7398,HBASE-29585,6,51522.0,1761180411.0,UNSTABLE,0df6d15f06151f4786e79c0de8e13584c2456e6d,2801.2131,2850,1,30,2025-10-22,dfca61b1f178b1ea2623c9c8d2d798612bc70f66,build_log,,True
hbase,PR-7398,HBASE-29585,7,77299.0,1761439535.0,ABORTED,25cea2797a102484f4c4757ce29f7d370dbfa117,46555.62,9662,13,81,2025-10-25,dfca61b1f178b1ea2623c9c8d2d798612bc70f66,build_log,,True
hbase,PR-7398,HBASE-29585,8,36034.0,1761528640.0,ABORTED,be973df00aafdf97d7b53c81dd620edee9287b05,59246.87,10222,10,98,2025-10-26,dfca61b1f178b1ea2623c9c8d2d798612bc70f66,build_log,,True
hbase,PR-7398,HBASE-29585,9,59280.0,1761690345.0,ABORTED,e8565e257241b47b1fd87655f1afeac1e83493d1,57545.387,10018,10,86,2025-10-28,dfca61b1f178b1ea2623c9c8d2d798612bc70f66,build_log,,True
hbase,PR-7422,master,1,36820.0,1761748826.0,ABORTED,40ffe3a8f1c7c8bd40b3a79f451fc25102ef5910,59462.234,9591,1,94,2025-10-29,a47fa6a448ff08020fb2f5cfb238a911dfae4c81,build_log,,True
hbase,PR-7422,master,2,36064.0,1761806426.0,ABORTED,e90af6b6230f8c1bec469c567d981c88bf219840,55906.125,8155,3,84,2025-10-30,a47fa6a448ff08020fb2f5cfb238a911dfae4c81,build_log,,True
hbase,PR-7422,master,3,36037.0,1761842731.0,ABORTED,c0bb774039082f1e9d62b02320a5b828b216cb3e,59127.223,9465,1,92,2025-10-30,305951ec2ff221c9d5469c1f90c603f43af3a9b4,build_log,,True
hbase,PR-7422,master,4,36036.0,1761878770.0,ABORTED,0a2cbfa9ee32242150d3525dceb8a011ae7d2002,59573.63,9052,6,90,2025-10-30,305951ec2ff221c9d5469c1f90c603f43af3a9b4,build_log,,True
hbase,PR-7432,master,1,5227.0,1762149625.0,SUCCESS,42a8c059894673f9adfe602b198b2cb18f38436a,4712.011,712,0,44,2025-11-03,f800a13a3575be3d70537f40c3c21171ce4b2603,build_log,,True
hbase,PR-7445,master,1,16086.0,1762448430.0,UNSTABLE,12e129276b4f840cde55677c61854fb9c6dbc0ff,49667.24,9574,1,107,2025-11-06,33c4bdca5b3fcd8edbe55e219c9ff60d159d92fc,build_log,,True
hbase,PR-7445,master,2,19958.0,1762464518.0,SUCCESS,6aa212f5abe3b1556740c3e7e80a4761d21a1c15,71301.84,10836,0,157,2025-11-06,d41d5c1e2ddb7b3515e3484f363ca0a0a4a27bd3,build_log,,True
hbase,PR-7398,HBASE-29585,10,16660.0,1762468548.0,UNSTABLE,c19a96d1809561f241d4392f0808877c5b40a408,52530.66,10236,1,98,2025-11-06,dfca61b1f178b1ea2623c9c8d2d798612bc70f66,build_log,,True
hbase,PR-7398,HBASE-29585,11,16597.0,1762491946.0,UNSTABLE,ea0e73a20c20cb8675eb25e82cc1ef7834b46d89,52533.58,10237,1,97,2025-11-06,dfca61b1f178b1ea2623c9c8d2d798612bc70f66,build_log,,False
hbase,PR-7398,HBASE-29585,12,16709.0,1762728650.0,UNSTABLE,0df6d15f06151f4786e79c0de8e13584c2456e6d,52124.1,10194,2,97,2025-11-09,dfca61b1f178b1ea2623c9c8d2d798612bc70f66,build_log,,True
hbase,PR-7469,master,1,14812.0,1763514629.0,UNSTABLE,6a3855e949da5b6e8842192abe70529b6898f63d,47564.082,7952,6,70,2025-11-18,4ba9b46c774e1e0dee4de5cc6c7aab04a04ad21f,build_log,,True
hbase,PR-7469,master,2,14734.0,1763535324.0,SUCCESS,59beea6cdbe8c797ffb54d3992493cf2299e8b80,47448.83,7958,0,70,2025-11-19,4ba9b46c774e1e0dee4de5cc6c7aab04a04ad21f,build_log,,True
hbase,PR-7469,master,3,14783.0,1763603733.0,SUCCESS,e44795bf0f33ad7b0370f2281460a4cfec015b35,47677.188,7958,0,70,2025-11-19,4ba9b46c774e1e0dee4de5cc6c7aab04a04ad21f,build_log,,True
hbase,PR-7475,master,1,15395.0,1763632534.0,UNSTABLE,55fee71c0a394e3130537ef8e73725d00b3ea98a,48621.65,7521,0,69,2025-11-20,4ba9b46c774e1e0dee4de5cc6c7aab04a04ad21f,build_log,,True
hbase,PR-6714,master,2,14399.0,1763823733.0,SUCCESS,047c9674ff4548c9bef06607402173253e121c1f,46560.773,7521,0,69,2025-11-22,3779a6ed66cbfa91f4e7ca7da2bf550c36399468,build_log,,True
hbase,PR-7480,master,1,3155.0,1764028830.0,UNSTABLE,7317c4d2d011f9596eeb87b83723dc0f08c86a70,5790.546,444,1,44,2025-11-24,3779a6ed66cbfa91f4e7ca7da2bf550c36399468,build_log,,True
hbase,PR-7480,master,2,3101.0,1764036932.0,SUCCESS,45234b1ef12743d0e83125464440d83818eaf5a0,5800.546,445,0,44,2025-11-24,3779a6ed66cbfa91f4e7ca7da2bf550c36399468,build_log,,True
hbase,PR-7480,master,3,3253.0,1764097227.0,UNSTABLE,d4409697803f5c06073e9bb7acc117cef4845947,5916.19,445,0,44,2025-11-25,3779a6ed66cbfa91f4e7ca7da2bf550c36399468,build_log,,True
hbase,PR-7487,master,1,15523.0,1764279324.0,UNSTABLE,87641196c58ad4f52f9134224d7a7c5e6e85c1da,48676.227,7528,3,69,2025-11-27,e04c4d793593fc9f72258e1ebb50416431541d9b,build_log,,True
hbase,PR-7488,master,1,17093.0,1764280222.0,SUCCESS,cacc56108d7e789a2309b355d753606e392d0608,55052.74,7531,0,69,2025-11-27,e04c4d793593fc9f72258e1ebb50416431541d9b,build_log,,True
hbase,PR-7397,master,3,2124.0,1764336058.0,SUCCESS,b2751bdeee067e61a05cbfde5d815ea142f5d94f,91.843994,378,0,0,2025-11-28,e04c4d793593fc9f72258e1ebb50416431541d9b,build_log,,True
hbase,PR-7397,master,4,2151.0,1764345964.0,SUCCESS,cb2846de436a592e14e45522bbbca5c57b3e9d3c,117.51399,378,0,0,2025-11-28,e04c4d793593fc9f72258e1ebb50416431541d9b,build_log,,True
hbase,PR-7397,master,5,1892.0,1764430557.0,UNSTABLE,0b39438d98848d2350354c1f25f6f1e2f083d1f6,89.28301,378,0,0,2025-11-29,e04c4d793593fc9f72258e1ebb50416431541d9b,build_log,,True
hbase,PR-7397,master,6,1894.0,1764434155.0,SUCCESS,23f2311bd70c867ec91c7201449b90f5384a1c95,88.24599,378,0,0,2025-11-29,e04c4d793593fc9f72258e1ebb50416431541d9b,build_log,,True
hbase,PR-7480,master,4,3205.0,1764678639.0,SUCCESS,e4921a102933b8930e2225d4d4163f9ed0b36337,5882.933,445,0,44,2025-12-02,0d031a0a299eaeeabf7fa391b6a767979f9bf3fe,build_log,,True
hbase,PR-7391,branch-2,4,36060.0,1764736271.0,ABORTED,689855a2783c5c4ba16100b273025e49fa67267a,167969.6,24138,0,219,2025-12-02,a371282154d08e25fd765dd663a07283ae1c5ad0,build_log,,True
hbase,PR-7402,master,1,17211.0,1764743459.0,UNSTABLE,03d47ab4c9061a189ef227e1a20ea2ec36fe2a5d,51393.707,7907,0,69,2025-12-03,db25deefcfa8e515ea25ebbca14d092659d52d99,build_log,,True
hbase,PR-7402,master,2,5941.0,1764760672.0,UNSTABLE,68329242e20e6e7b436267014c5ecafda25d143d,1171.725,1739,1,5,2025-12-03,db25deefcfa8e515ea25ebbca14d092659d52d99,build_log,,True
hbase,PR-7402,master,3,15238.0,1764767760.0,UNSTABLE,92e5ebcf154c04876fa591d06e87ed24372b1dbe,47218.707,7908,1,69,2025-12-03,db25deefcfa8e515ea25ebbca14d092659d52d99,build_log,,True
hbase,PR-7391,branch-2,5,36035.0,1764774972.0,ABORTED,54b1302a0ba8ca8333bd88bdfc23618bd7716e7c,166930.78,23960,1,216,2025-12-03,e7be4f3af4ac5ba1d5d99194405d47e61799f90b,build_log,,True
hbase,PR-7391,branch-2,6,36053.0,1764813077.0,ABORTED,f8c359cb2b17904df6c87e87bde9798aa56b9513,174595.36,23521,0,195,2025-12-03,e7be4f3af4ac5ba1d5d99194405d47e61799f90b,build_log,,True
hbase,PR-7512,master,1,27576.0,1764837334.0,UNSTABLE,72af8a5512981c59c962d4e96298eefcba08b284,69814.58,7542,9,69,2025-12-04,6d342cc2e0ca0a6f468aad635435cc835bdae7dc,build_log,,True
hbase,PR-7402,master,4,16724.0,1764897068.0,UNSTABLE,e8bd51d0d06b43be790ad65b1d45be75001e5cd2,52077.402,7907,0,69,2025-12-04,7e96a90d23aa110347574af5a6a6a889b4630bff,build_log,,True
hbase,PR-7519,master,1,16176.0,1764907821.0,UNSTABLE,6fb7d1e885ad09ba500b6219ec4e3dd97eb59525,50084.195,7536,0,69,2025-12-04,7e96a90d23aa110347574af5a6a6a889b4630bff,build_log,,True
hbase,PR-7410,master,2,16841.0,1764948672.0,SUCCESS,792855aa1ba85ca28d11c02b0228cefed9621cd9,52593.06,7910,0,69,2025-12-05,c10b93c8e315ed4974ce93ad41ab0d864efea61c,build_log,,True
hbase,PR-7410,master,3,26708.0,1764965515.0,UNSTABLE,931f820a99181c7777d48365f5aef7d49bfc764b,79016.23,7940,5,69,2025-12-05,c10b93c8e315ed4974ce93ad41ab0d864efea61c,build_log,,True
hbase,PR-7519,master,2,30738.0,1764991829.0,UNSTABLE,5bd7327c293c54d2761d85efb3b4e242803d38af,53292.15,7535,1,69,2025-12-05,c10b93c8e315ed4974ce93ad41ab0d864efea61c,build_log,,True
hbase,PR-7487,master,2,17390.0,1764996341.0,SUCCESS,b922d0921d3d1871596538e90f576e89840f8175,56444.477,7536,0,69,2025-12-05,c10b93c8e315ed4974ce93ad41ab0d864efea61c,build_log,,True
hbase,PR-7402,master,5,6901.0,1765009862.0,UNSTABLE,e7e614fa05c3216e402479c57cfa2183b43220f5,1156.482,1739,1,5,2025-12-06,c10b93c8e315ed4974ce93ad41ab0d864efea61c,build_log,,True
hbase,PR-7519,master,3,14434.0,1765038932.0,UNSTABLE,30a50d2dbbbca131928f1c66b42ecc63988453c8,47024.363,7535,2,69,2025-12-06,688b5745aad777967c71a2990410b5f1b3b28e9c,build_log,,True
hbase,PR-7528,HBASE-28957,1,17143.0,1765119021.0,UNSTABLE,d2e1a17724b9948c0a61716ee6b301e8f164d925,54507.3,8894,21,72,2025-12-07,51934cf345ac6c0ccdac53b16ac62bd795d5e940,build_log,,True
hbase,PR-7391,branch-2,7,20962.0,1765439460.0,UNSTABLE,a63abc17fd1ee5ca31d99d061da7d40e166c693d,173386.47,23527,13,230,2025-12-11,116a2fa307ebd1ace07da38ece311df6b130bc9e,build_log,,True
hbase,PR-7402,master,6,15518.0,1765441262.0,UNSTABLE,b7b41c5d274b7a30e72c4ea9d4ba60064ae0acf3,48846.945,7890,3,69,2025-12-11,07de86938c58dfb627c1910f4f8db88d544b600e,build_log,,True
hbase,PR-7519,master,4,15319.0,1765490733.0,SUCCESS,ae470c1974d0db30f545dd1b35b75bb2b950fad4,48117.695,7521,0,69,2025-12-11,07de86938c58dfb627c1910f4f8db88d544b600e,build_log,,True
hbase,PR-7488,master,2,3054.0,1765490743.0,UNSTABLE,6531542457748f5055cdbd6eb8726410f058456d,1945.6196,1363,2,5,2025-12-11,07de86938c58dfb627c1910f4f8db88d544b600e,build_log,,True
hbase,PR-7548,master,1,2138.0,1765730419.0,UNSTABLE,c872156b984c1f0a3090032761ae6adbde5786fd,1141.262,1364,1,5,2025-12-14,8b17149a673f7e33fc1115051a4d3435f6cf518d,build_log,,True
hbase,PR-7548,master,2,15262.0,1765736716.0,SUCCESS,05e8a1ce232598e7c6e40f057da1d2f9ca6b55b5,52916.316,7975,0,69,2025-12-14,8b17149a673f7e33fc1115051a4d3435f6cf518d,build_log,,True
hbase,PR-7391,branch-2,8,17692.0,1765780867.0,UNSTABLE,ea460a68ed3aa113930fa850ca722cf5943d95bd,161738.55,24306,0,234,2025-12-15,163a1eb9a43fb8a0511b79af0bf50a7c41813211,build_log,,True
hbase,PR-7402,master,7,14756.0,1765781769.0,SUCCESS,7eeb4a66988140d3229db1e3430710220a905659,46924.973,8347,0,69,2025-12-15,8b17149a673f7e33fc1115051a4d3435f6cf518d,build_log,,True
hbase,PR-5540,branch-2.5,1,14932.0,1765796262.0,UNSTABLE,cefeafac43f340e0b7764b6452c31986043239bb,130525.42,21041,1,225,2025-12-15,f17a976dd2bec77716c7979f28958e2cc45c3323,build_log,,True
hbase,PR-5167,branch-2,1,18368.0,1765796302.0,UNSTABLE,37bdf1d0a4600f6852f669177a35053747621abd,155732.95,22737,0,231,2025-12-15,7bc9de54a546d31856fa6dd5647e4e09614c45fc,build_log,,True
hbase,PR-7558,master,1,9866.0,1765908316.0,UNSTABLE,cb144424f6e81c706bf2acacc632ba3de4aa4f64,14063.168,3982,2,78,2025-12-16,079b942face188df63056db2da7556b17b806e2a,build_log,,True
hbase,PR-7558,master,2,17570.0,1765918184.0,SUCCESS,3f4fdde63fdbd03cbde20c2826c39a9cbb05aa53,54506.137,10568,0,142,2025-12-16,079b942face188df63056db2da7556b17b806e2a,build_log,,True
hbase,PR-7377,branch-2.6,2,16613.0,1766145695.0,UNSTABLE,2afb82053ea50925c6d4b197ae95bbd053fbb686,145683.3,23997,0,231,2025-12-19,a9262aa3408eb2e60ffb9ffc99bdb5e647b9b700,build_log,,True
hbase,PR-7377,branch-2.6,3,16442.0,1766162310.0,UNSTABLE,afe8e9ac3f45d0fac0fda0a10edf734473243e2f,146441.23,23996,1,231,2025-12-19,d890fcab92498238baf7e443e44d28f1f298b091,build_log,,True
hbase,PR-7377,branch-2.6,4,15626.0,1766422584.0,SUCCESS,b9bdae72761e6fe60a02ce51bd528f9688cb9eda,138128.62,23997,0,231,2025-12-22,cb93c2f4105ceff173505c93019b17095ed9f005,build_log,,True
hbase,PR-7582,master,1,1903.0,1767014121.0,UNSTABLE,7ad60d2d009559ce9bf39ee24b85187591acc540,2705.7917,113,0,0,2025-12-29,1a3e371ca0a9c5cc3a884cb6121a4c8769f25a70,build_log,,True
hbase,PR-7582,master,2,2114.0,1767106822.0,SUCCESS,25d095b942b66ab4b9d5e77492b8a8d3f86767da,2648.482,113,0,0,2025-12-30,1a3e371ca0a9c5cc3a884cb6121a4c8769f25a70,build_log,,True
hbase,PR-7552,master,2,15562.0,1767123041.0,UNSTABLE,171ba9928ce97b85dae6749ea179c2daf2491900,50116.945,7610,2,69,2025-12-30,1a3e371ca0a9c5cc3a884cb6121a4c8769f25a70,build_log,,True
hbase,PR-7296,HBASE-29588-feature,27,3407.0,1767287795.0,UNSTABLE,b93762dc12ddc99829b80b53ec86bfa9b4e96fc2,2129.829,2454,3,30,2026-01-01,a2a70d645af2a1329d208baaa0a2866fa7f29f98,build_log,,True
hbase,PR-7296,HBASE-29588-feature,28,17799.0,1767330091.0,UNSTABLE,bac276af3a98d54baf750845d28f5d55c1896bd8,51470.87,9735,84,97,2026-01-01,a2a70d645af2a1329d208baaa0a2866fa7f29f98,build_log,,True
hbase,PR-7582,master,3,2149.0,1767621023.0,SUCCESS,d45cb7bdec8135441ecdb596b9427dc165f7a705,2688.3198,113,0,0,2026-01-05,bd8dd1ae7467c2cbd5286304635acfaa49dfb24b,build_log,,True
hbase,PR-7591,HBASE-28957_rebased,1,19271.0,1767636920.0,UNSTABLE,baf714612d18567a642f0b67fcec30d83962050b,56009.836,8948,20,72,2026-01-05,6aa212f5abe3b1556740c3e7e80a4761d21a1c15,build_log,,True
hbase,PR-7592,master,1,2684.0,1767646818.0,UNSTABLE,2e7963b5e99e968227a176763d2571830bd97067,145.25299,1065,1,25,2026-01-05,add6f22a6e417b7533edf4543172bd01ea37cd44,build_log,,True
hbase,PR-7592,master,2,20858.0,1767676520.0,UNSTABLE,4aab895b932eb284c0b6c19d70b617641b26eb0f,69152.07,11339,2,156,2026-01-05,add6f22a6e417b7533edf4543172bd01ea37cd44,build_log,,True
hbase,PR-7592,master,3,17890.0,1767697380.0,UNSTABLE,7d5a9e38843c6c0c1acb782eed323a1fbd41e39a,57848.4,10691,6,109,2026-01-06,add6f22a6e417b7533edf4543172bd01ea37cd44,build_log,,True
hbase,PR-7607,master,1,3322.0,1767867637.0,UNSTABLE,48ed9e2e20f8d7729985413091f41579daf8ee09,1646.8892,1733,5,5,2026-01-08,de9c6ce9405e017c965b544b13eab6071f853deb,build_log,,True
hbase,PR-6797,master,1,17733.0,1768162044.0,UNSTABLE,c8ec6403ac656ed459c92b90bf16ae32eb980c60,56139.062,8901,5,72,2026-01-11,b54cb7db6df0dff67e4fe5758a1a904b83e89349,build_log,,True
hbase,PR-7617,master,1,2536.0,1768189328.0,UNSTABLE,ea8ed6a845cd1ba2f4660974cb3368338cfd7576,1112.6024,1365,1,5,2026-01-11,b54cb7db6df0dff67e4fe5758a1a904b83e89349,build_log,,True
hbase,PR-7618,master,1,18084.0,1768212328.0,UNSTABLE,4ed7c004ce2e7a4e18cbea06d43294046cae38e8,56181.797,11277,0,133,2026-01-12,119c0ced73e3a3cd8e9fc067dfb710ec2bb098e2,build_log,,True
hbase,PR-7617,master,2,16839.0,1768240234.0,UNSTABLE,95000e024dbdf7543366f7e883db615c10d43d49,52616.664,8993,6,72,2026-01-12,41ce34a0ad7ee8ba792e473455ceb1814ff5b679,build_log,,True
hbase,PR-7296,HBASE-29588-feature,29,17316.0,1768815772.0,UNSTABLE,641ad5bda32b58692fde75ae85dab976a073d606,51101.46,9785,81,97,2026-01-19,a2a70d645af2a1329d208baaa0a2866fa7f29f98,build_log,,True
hbase,PR-7296,HBASE-29588-feature,31,17812.0,1768879302.0,UNSTABLE,5e90d4b42bdbb87b1d588c6e01739c7e97140879,51674.84,9739,83,97,2026-01-19,a2a70d645af2a1329d208baaa0a2866fa7f29f98,build_log,,True
hbase,PR-7653,master,1,17318.0,1768974927.0,UNSTABLE,5298fd5951448b8b88ad29cb20819f34c19830e1,55706.227,10794,1,109,2026-01-20,df70b5a582ca7d8f794b2b0fc30b217fb41ac215,build_log,,True
hbase,PR-7653,master,2,19464.0,1768992247.0,UNSTABLE,a623d77eb22c58dfbfa32bb756c6bf0c462c8aa3,58336.816,10916,0,131,2026-01-21,df70b5a582ca7d8f794b2b0fc30b217fb41ac215,build_log,,True
hbase,PR-7653,master,3,27131.0,1769011713.0,UNSTABLE,79af8694f71727d236af8b1c95b4948dd18b9b79,79137.5,10783,10,109,2026-01-21,df70b5a582ca7d8f794b2b0fc30b217fb41ac215,build_log,,True
hbase,PR-7660,master,1,16387.0,1769080529.0,UNSTABLE,986c0e4d333a3f23c76785bbcd8bd3580971e2fa,53608.156,9130,3,72,2026-01-22,a13d7f2ebec9335b590765869ec10b5c11fa6b32,build_log,,True
hbase,PR-7662,master,1,2831.0,1769086440.0,SUCCESS,c0bb414b7fb3582efc385b6eb4f2890d7b7dc653,3578.155,112,0,0,2026-01-22,881af2c81efe41c72bb53ce9f3b29a7def257491,build_log,,True
hbase,PR-7617,master,3,16346.0,1769091074.0,UNSTABLE,daded968719a4ba7ae0af58cfc0b2b1083f35ad7,53658.84,8764,0,72,2026-01-22,881af2c81efe41c72bb53ce9f3b29a7def257491,build_log,,True
hbase,PR-7558,master,3,7520.0,1769096837.0,UNSTABLE,2319f522820c97967b281c8d989b4d072dc3c013,4512.875,1620,70,25,2026-01-22,6b6b129d9df82efbd3b72bec88ac354bc190f61a,build_log,,True
hbase,PR-7660,master,2,15780.0,1769096918.0,UNSTABLE,99c88f37a9a2cb5244d8a62bb089624b3332bd99,51736.2,9131,2,72,2026-01-22,6b6b129d9df82efbd3b72bec88ac354bc190f61a,build_log,,True
hbase,PR-7558,master,4,8198.0,1769104359.0,UNSTABLE,bcf3babdb699ac4f68a5b1838c59873093c88748,8618.18,3260,5,33,2026-01-22,6b6b129d9df82efbd3b72bec88ac354bc190f61a,build_log,,True
hbase,PR-7665,master,1,15984.0,1769109925.0,SUCCESS,ba61a0c522f3a4c9f52580263c3b9c113ae6e3fc,52207.81,9139,0,72,2026-01-22,6b6b129d9df82efbd3b72bec88ac354bc190f61a,build_log,,True
hbase,PR-7666,master,1,15903.0,1769115325.0,UNSTABLE,7b44627cb749e3e6ce599bc7a597f08bb14dd8ac,52802.125,8762,1,72,2026-01-22,6b6b129d9df82efbd3b72bec88ac354bc190f61a,build_log,,True
hbase,PR-7668,master,1,15890.0,1769117125.0,SUCCESS,4104c0428f70e58ecf9f0e71beda5348f939ce2e,52083.656,8763,0,72,2026-01-22,6b6b129d9df82efbd3b72bec88ac354bc190f61a,build_log,,True
hbase,PR-7667,master,1,15673.0,1769117126.0,SUCCESS,50399a52d0823e54b5d51c3ffe09f698aff75dfd,52170.133,8764,0,72,2026-01-22,6b6b129d9df82efbd3b72bec88ac354bc190f61a,build_log,,True
hbase,PR-7660,master,3,17253.0,1769150545.0,SUCCESS,0b355586dc76772e767e570eb0c25437ad772222,53688.695,9133,0,72,2026-01-23,6b6b129d9df82efbd3b72bec88ac354bc190f61a,build_log,,True
hbase,PR-7296,HBASE-29588-feature,32,16325.0,1769150775.0,UNSTABLE,9ffb97263873454c06c0411469201ba4fc818074,48555.96,9775,85,97,2026-01-23,a2a70d645af2a1329d208baaa0a2866fa7f29f98,build_log,,True
hbase,PR-7679,master,1,36068.0,1769371232.0,ABORTED,91ff53461061406d02b085c92b13749f39769594,65031.324,11312,21,146,2026-01-25,30c42a874855b5b012cdaaa15efdff8fa1846bdd,build_log,,True
hbase,PR-7653,master,5,15304.0,1769436055.0,UNSTABLE,5d216c6deb465a9d6c0e2c5e2e36bf904fc6e540,49953.082,10767,2,109,2026-01-26,30c42a874855b5b012cdaaa15efdff8fa1846bdd,build_log,,True
hbase,PR-7679,master,2,18829.0,1769445715.0,UNSTABLE,8a7bcaa583652374293cf40eee0f3be28298db40,57134.875,10750,2,109,2026-01-26,30c42a874855b5b012cdaaa15efdff8fa1846bdd,build_log,,True
hbase,PR-7617,master,4,14252.0,1769511658.0,UNSTABLE,8c828290cc7ab36b9db75a72916d6bbfd1dc4e47,48315.414,8761,3,72,2026-01-27,c770b92436f762e3c311484f49a30936c4d42696,build_log,,True
hbase,PR-7558,master,6,9297.0,1769531474.0,UNSTABLE,7fd07594d671cd880b1be797bd4ecf172f318456,12600.125,3608,5,67,2026-01-27,c770b92436f762e3c311484f49a30936c4d42696,build_log,,True
hbase,PR-7617,master,5,15625.0,1769534465.0,SUCCESS,e74eee1698d3bff65b1d1b05e4b1982fe450c72b,51548.203,8767,0,72,2026-01-27,c770b92436f762e3c311484f49a30936c4d42696,build_log,,True
hbase,PR-7558,master,7,8991.0,1769540773.0,UNSTABLE,0974dd4f92546cb6c4646912f1a383437a346d08,12722.399,3955,7,68,2026-01-27,c770b92436f762e3c311484f49a30936c4d42696,build_log,,True
hbase,PR-7558,master,8,9918.0,1769644860.0,UNSTABLE,79166267197b1d71d24121c62887e047810c26ad,13591.377,3955,7,68,2026-01-28,e2a2fb73962b57278bb4d16b1163308f18b22a65,build_log,,True
hbase,PR-7687,branch-2,1,29055.0,1769657426.0,UNSTABLE,8ca031cd864b1fdf73e61eb41091d8609aae75d1,242824.61,33546,6,400,2026-01-28,758dc33ce9fdc846846627d080fff21a329a9d15,build_log,,True
hbase,PR-7558,master,9,19259.0,1769658389.0,UNSTABLE,c0a96ffe7c77394cd592c16679e60f8d9de0c1d9,58302.766,11370,41,135,2026-01-28,e2a2fb73962b57278bb4d16b1163308f18b22a65,build_log,,True
hbase,PR-7618,master,2,16426.0,1769670351.0,UNSTABLE,9a89bf205ee2ff97e19737cce7fce13dc6f4606e,51771.137,11210,19,111,2026-01-29,e2a2fb73962b57278bb4d16b1163308f18b22a65,build_log,,True
hbase,PR-7558,master,10,18833.0,1769699170.0,UNSTABLE,fe30eecd7f9e1beb42fd9c4f38f9690552dfe2b2,57594.824,11406,7,135,2026-01-29,0fb1f3b54ccb30a8fb406ff0047f2bc72432fc19,build_log,,True
hbase,PR-7692,master,1,14889.0,1769701984.0,UNSTABLE,f68f19b310958d7a86c972be15386e59758b3a7d,48125.883,9260,3,72,2026-01-29,0fb1f3b54ccb30a8fb406ff0047f2bc72432fc19,build_log,,True
hbase,PR-7665,master,2,1741.0,1769774050.0,UNSTABLE,d708dba82cdfa9d80cffc72261ff0235b777ff5f,76.62098,370,0,0,2026-01-30,0fb1f3b54ccb30a8fb406ff0047f2bc72432fc19,build_log,,True
hbase,PR-7697,master,1,14120.0,1769783727.0,UNSTABLE,cf3d7c143cb4861b5de0bab879b888642459f65a,47699.453,8761,2,72,2026-01-30,5e499c2d9b865adc1b9fc02b7d36771b8e2d30ad,build_log,,True
hbase,PR-7653,master,6,15283.0,1770036857.0,UNSTABLE,237dce26cd02fc1b6799c1cce963bda65accc163,49560.26,10755,2,109,2026-02-02,4ced4d6d6e25bbb775cae665337e1e816defea3b,build_log,,True
hbase,PR-7558,master,11,21314.0,1770047472.0,UNSTABLE,ca6b94d72c176a16aee4e4facb0733afed6b99de,63605.66,11411,5,135,2026-02-02,aa97fbe7a27e2c68355549a01328ae021d0bec82,build_log,,True
hbase,PR-7653,master,7,7222.0,1770052142.0,UNSTABLE,6dabb24ea992a5ea7bde0de59db29b4290245eb1,20122.475,7113,0,73,2026-02-02,aa97fbe7a27e2c68355549a01328ae021d0bec82,build_log,,True
hbase,PR-7398,HBASE-29585,14,16655.0,1770181073.0,SUCCESS,927b2e6781af36b1ecf708448188224071ea95ef,52465.902,10238,0,97,2026-02-03,dfca61b1f178b1ea2623c9c8d2d798612bc70f66,build_log,,True
hbase,PR-7703,master,1,15837.0,1770198928.0,UNSTABLE,a71349add80bcdd8e585ea619976bff91741434c,51609.617,9144,0,72,2026-02-04,27984c34cfda4dababc120bcf9742cf95ec2b1dd,build_log,,True
hbase,PR-7703,master,2,15864.0,1770214768.0,UNSTABLE,c6c9e6418248f954f688c934e716a3ed2197ba0a,51504.81,9144,0,72,2026-02-04,5c12752138f9ba4be938515e2e086e0693c4811c,build_log,,True
hbase,PR-7410,master,5,15882.0,1770217902.0,SUCCESS,e8066494c994c0da2d721c28800169ecdc37cd09,51161.957,9140,0,72,2026-02-04,5c12752138f9ba4be938515e2e086e0693c4811c,build_log,,True
hbase,PR-7707,master,1,16561.0,1770279330.0,SUCCESS,1220fb3ad6fbe2479b386357357e28bc023a471d,54523.676,8767,0,72,2026-02-05,5c12752138f9ba4be938515e2e086e0693c4811c,build_log,,True
hbase,PR-7703,master,3,15694.0,1770283234.0,UNSTABLE,7a9d024862b597bef2941dab12d8b82b0b71d118,51402.7,9133,0,72,2026-02-05,5c12752138f9ba4be938515e2e086e0693c4811c,build_log,,True
hbase,PR-7665,master,3,15211.0,1770314202.0,UNSTABLE,250275bf32d2c9f15d9e7e4b0dcc02e9c959f0e8,50583.36,9152,2,72,2026-02-05,5c12752138f9ba4be938515e2e086e0693c4811c,build_log,,True
hbase,PR-7665,master,4,14380.0,1770329415.0,UNSTABLE,fe649a9ed788855410a73becca11dd0c63c9eccd,48288.31,9150,2,72,2026-02-05,5c12752138f9ba4be938515e2e086e0693c4811c,build_log,,True
hbase,PR-7617,master,8,2844.0,1770375957.0,UNSTABLE,640308bf96121abbabd3f9fcad9ba094699af23d,1573.2085,1375,4,5,2026-02-06,5c12752138f9ba4be938515e2e086e0693c4811c,build_log,,True
hbase,PR-7708,branch-3,1,16782.0,1770379829.0,UNSTABLE,18950c1635af1d3a8dbcb7764a602ead0d8f8319,60340.566,11567,0,146,2026-02-06,5b12ad6edb8aecb9cbe30baa9515712946a814ef,build_log,,True
hbase,PR-7709,branch-2,1,21089.0,1770383435.0,UNSTABLE,00395c65394890bbbd4a1bdfd6416586646829ea,124600.45,26058,8,327,2026-02-06,3d9fc1d7edbbf3f19eb5bd5bb06e98614443dfa8,build_log,,True
hbase,PR-7713,branch-2.5,1,20868.0,1770384327.0,UNSTABLE,d00f26fdb42c2e015da25ee1fcf38426035f071c,175254.58,26719,5,320,2026-02-06,27918b61b6cf27c32ef5397bee6d13448188aa8a,build_log,,True
hbase,PR-7712,branch-2.6,1,18008.0,1770384329.0,UNSTABLE,02c5125f0f47ed7f6b4d8183b3ad21076dd8ded9,157894.94,32594,16,345,2026-02-06,73eea60655af40e18a32cda012cc1e244f8d1055,build_log,,True
hbase,PR-7711,branch-3,1,2094.0,1770384330.0,SUCCESS,a1b87c5f87d0ae0231e466e86b57649b357fd4f1,204.42601,18,0,0,2026-02-06,5b12ad6edb8aecb9cbe30baa9515712946a814ef,build_log,,True
hbase,PR-7710,branch-3,1,1628.0,1770384333.0,SUCCESS,adb33bfcff035bd0eececfc577e2907ad5c8dd62,236.33,18,0,0,2026-02-06,5b12ad6edb8aecb9cbe30baa9515712946a814ef,build_log,,True
hbase,PR-7715,branch-2,1,859.0,1770385225.0,SUCCESS,0c4939ad199da43d1f585dd401c455d7d1ee72da,865.763,54,0,0,2026-02-06,3d9fc1d7edbbf3f19eb5bd5bb06e98614443dfa8,build_log,,True
hbase,PR-7716,master,1,1977.0,1770390057.0,SUCCESS,6e0277f5439f963f3d0cb4caa58628e87bb4bff3,1379.1339,100,0,0,2026-02-06,d3a4566339349b5ebfcbec30f12aba859f84c682,build_log,,True
jackrabbit-oak,PR-1013,trunk,6,18482.0,1716403090.0,SUCCESS,6c0f9757d4134f6867c6563e6de74926e05b054d,13296.081,21829,0,505,2024-05-22,536e9e9656d30a2b658dbc0638ac4d9c5b725c28,build_log,,True
jackrabbit-oak,PR-2068,trunk,3,4586.0,1739200525.0,SUCCESS,f958fd993c1e981a6dbc60860dd6ab5db7d63615,14333.242,20369,0,695,2025-02-10,fd0c57c3a8b4771fa216557c9730c01b5aa194f5,build_log,,True
jackrabbit-oak,PR-2098,trunk,7,4183.0,1740121266.0,SUCCESS,96c948d58d0bf98d961b9d4491e48270a38a899f,13741.115,20565,0,646,2025-02-21,4c7ec478c4d96caa8a4b287afeac6822b1824c8a,build_log,,True
jackrabbit-oak,PR-2067,trunk,5,4344.0,1740140394.0,SUCCESS,05b1b49f1dad843fed747a3afda998a04a896f0e,14485.436,22728,0,655,2025-02-21,8512acc1c564df8d7e467f37ea39e01035b410e9,build_log,,True
jackrabbit-oak,PR-2108,trunk,1,4602.0,1740151509.0,SUCCESS,1e25d6b119ec7adc2b0aada3e04faedec198ed59,14611.375,20570,0,646,2025-02-21,5fee417d9cd384e6a01b8088d17fa817e4929c22,build_log,,True
jackrabbit-oak,PR-2112,trunk,1,4906.0,1740406475.0,SUCCESS,08832828f029cfd32631083c3a6c6132aa5507ac,12725.351,20576,0,648,2025-02-24,b11c1b3c2c46ce7b290686232cf54c47988acc27,build_log,,True
jackrabbit-oak,PR-2114,trunk,1,5047.0,1740408715.0,SUCCESS,1a4d9dcce8031a25768df8f4e3332571de0dbf2d,15276.049,22747,0,656,2025-02-24,b11c1b3c2c46ce7b290686232cf54c47988acc27,build_log,,True
jackrabbit-oak,PR-2116,trunk,1,4254.0,1740491171.0,SUCCESS,c796c1b7528e158ee92deb440dc9939ebe3571b5,14152.313,20160,0,646,2025-02-25,2f16a088d9644ce419672205bfa27dc11362b57a,build_log,,True
jackrabbit-oak,PR-2099,trunk,14,4029.0,1740576292.0,SUCCESS,3933fcaf3d7f20d8ea30d67814dc640c8cc27452,12940.306,20104,0,653,2025-02-26,6af0ba59dde1146ebf748703593564e26df1dc60,build_log,,True
jackrabbit-oak,PR-2113,trunk,7,4283.0,1740747278.0,SUCCESS,88d33171fccc98690b88cd3342b42bc2abfdc637,14337.412,22677,0,654,2025-02-28,1ceb9b13e2ec9c73afca6498630836df37d55e2e,build_log,,True
jackrabbit-oak,PR-2127,trunk,1,15224.0,1741010379.0,SUCCESS,f823d068248f8257c5d565edc6f216a170111022,12351.756,20619,0,646,2025-03-03,48b26b59b74c8f081fe05832d3d262668c257a38,build_log,,True
jackrabbit-oak,PR-2139,trunk,1,4678.0,1741184607.0,SUCCESS,34d8e5b5b6fbfcbe7ba12a4545a4aa418f815e7e,13702.886,20635,0,648,2025-03-05,7db1257a0c7d4618a896e494627761fafc1045bf,build_log,,True
jackrabbit-oak,PR-2149,trunk,1,4362.0,1741334906.0,SUCCESS,d173ca19219a198b50e3fabdac6937a096846e9f,13720.138,20653,0,646,2025-03-07,b3cb44e7efc8f039ac45111935ce4970de27375f,build_log,,True
jackrabbit-oak,PR-2145,trunk,2,3961.0,1741342693.0,SUCCESS,86987050d57a21f2ecbcbcd359e50d55eb34a5a7,13461.887,22817,0,655,2025-03-07,b3cb44e7efc8f039ac45111935ce4970de27375f,build_log,,True
jackrabbit-oak,PR-2146,trunk,3,4348.0,1741350957.0,SUCCESS,11a7aca3062ae1012e1a7191ad6b472de3584ce2,15118.449,22818,0,655,2025-03-07,043165b34349db23a8c0c2c007a44aa375e10caf,build_log,,True
jackrabbit-oak,PR-2162,trunk,2,4936.0,1741661555.0,SUCCESS,bf4b3f02d1e6b4d0a9def791408d6611800b0f31,12686.997,20254,0,646,2025-03-10,3f5167cb95d1f8cb2be55a071f0e08ab4ebe022d,build_log,,True
jackrabbit-oak,PR-2168,trunk,1,6125.0,1741674161.0,SUCCESS,c79afe2e3b7299e71df80702093c6b9227b17cac,14208.176,22618,0,660,2025-03-11,3f5167cb95d1f8cb2be55a071f0e08ab4ebe022d,build_log,,True
jackrabbit-oak,PR-2172,trunk,1,5253.0,1741687620.0,SUCCESS,1b1ae74a37dbef2ab1d7cc03e8d01d7a12a666a5,14565.561,22202,0,658,2025-03-11,88e1396c97d83f661f3b1457e96b02f6c5d8c7f8,build_log,,True
james,PR-2728,master,2,13090.0,1747984560.0,SUCCESS,d2fa567881c1b4e9a44602819cbe6f09eb97cdcb,32584.398,88203,0,626,2025-05-23,70d31827da91456622f1b513b0a47fafd533b40f,build_log,,True
james,PR-2762,master,3,20027.0,1751509699.0,SUCCESS,fe71ea019967d9626dc6781de2c0a8599c94197a,54575.855,87564,0,722,2025-07-02,acdf99a41ed43d0bd05dea9bd469b48c227500e1,build_log,,True
james,PR-2780,master,15,13294.0,1754898974.0,SUCCESS,89d480725bd0e6090807287fa22bdeaac9a9b099,34703.742,88048,0,618,2025-08-11,dcb4980cab5d50e5dd13f7ae67a11ffe9d5d20f2,build_log,,True
james,PR-2784,master,2,22590.0,1754940217.0,SUCCESS,bae059d4778ce744901e80fdb0bd7a473a20e835,59704.098,88286,0,618,2025-08-11,dcb4980cab5d50e5dd13f7ae67a11ffe9d5d20f2,build_log,,True
james,PR-2785,master,14,21860.0,1755238490.0,SUCCESS,16ae7300c7297c5025cd79d26cb4b300180dceb5,30399.988,44496,0,312,2025-08-15,70c77cdae6b3032c7e5d580837fa4b67f5b82cc0,build_log,,True
james,PR-2787,master,2,19143.0,1755858659.0,SUCCESS,03ad9114c4a0670a28c7c123316210a403e2e5c0,26448.951,44504,0,312,2025-08-22,3bfa326271e22fecbb75f76191ffb721dfee9299,build_log,,True
james,PR-2788,master,2,21935.0,1756022305.0,SUCCESS,27c3fbbbc1ac86a3315cb1e2d7102d9924f501b4,29527.033,44271,0,364,2025-08-24,3bfa326271e22fecbb75f76191ffb721dfee9299,nearest_commit,1755018858.0,True
james,PR-2791,master,1,22409.0,1756261751.0,SUCCESS,42cb3f2e49161013d6b65179be1b6d5c11282617,30571.652,44498,0,312,2025-08-26,723d53d1ecebdc6f685a9b40040eafacb6fb1ff0,build_log,,True
james,PR-2789,master,3,19545.0,1756265269.0,SUCCESS,44837e0adfe167c7b618ad30b836d0749e47db1b,25544.195,44273,0,364,2025-08-26,723d53d1ecebdc6f685a9b40040eafacb6fb1ff0,build_log,,True
james,PR-2790,master,4,19500.0,1756646095.0,SUCCESS,7d02b33508e126f504ccd82b5676cd90935e9bc2,27673.46,44503,0,312,2025-08-31,883b314b03f8866c8c46bb05f3c0522041a89cf6,build_log,,True
james,PR-2793,master,2,18870.0,1756646129.0,SUCCESS,b8e8216c6747e76df807d14f369fa59629343db2,27618.537,44313,0,345,2025-08-31,883b314b03f8866c8c46bb05f3c0522041a89cf6,build_log,,True
james,PR-2794,master,1,18772.0,1756891353.0,SUCCESS,a34255be789b93cd0b795131a97259ef55f1eef3,26019.55,44499,0,312,2025-09-03,ff4011523a12dc0d93cffbc04ea874e4bee573cb,build_log,,True
james,PR-2795,master,1,13623.0,1756909833.0,SUCCESS,eb5843fdd80932519cb55bf1ecaecf6ec686d06b,18644.83,44505,0,312,2025-09-03,ff4011523a12dc0d93cffbc04ea874e4bee573cb,build_log,,True
james,PR-2798,master,2,19201.0,1756999645.0,SUCCESS,66d1f18fd42fd0f6445719ef5a415501629c6ddc,27445.875,44495,0,312,2025-09-04,074a52efcd401ce9a031e6e8a7d4cf0198bb48ae,build_log,,True
james,PR-2797,master,5,21894.0,1757055232.0,SUCCESS,8472752b0eef71e200474f57c4f62962de44947f,30420.654,44511,0,312,2025-09-05,5abeaa223b94b7b9adf50eab7ac08e65e4526187,build_log,,True
james,PR-2799,master,3,19405.0,1757163675.0,SUCCESS,86e1c45ed44c6607a03db122416133eea3ee3a3c,26292.076,44499,0,312,2025-09-06,8d374d819aa249598819b0f0d14ea0b20f3d723d,build_log,,True
james,PR-2800,master,2,20409.0,1757434304.0,SUCCESS,def5ddff502de78e570e053e4871e098c527ffb4,29056.777,44506,0,312,2025-09-09,4f3523cd2354102128fb34f5c6b1e344ab34a33a,build_log,,True
james,PR-2801,master,2,18528.0,1757515298.0,SUCCESS,bfaa6984a0021db96832ae8e023ee4219c2e9ebe,27436.852,44516,0,312,2025-09-10,458dcaa55ddb2a7cd1426cf0a3343d3cd048b439,build_log,,True
james,PR-2803,master,1,22085.0,1757705350.0,SUCCESS,abe2db3513fcabfcb8a1833c1a446ceb4d3cf418,30310.586,44516,0,312,2025-09-12,612e60ade30df2e09a6319bf035f635228a27044,build_log,,True
james,PR-2805,master,3,19680.0,1757794437.0,SUCCESS,2cc19865d69f2e7046e0547a94e7105e8a1a21c5,28020.277,44635,0,312,2025-09-13,612e60ade30df2e09a6319bf035f635228a27044,build_log,,True
james,PR-2786,master,15,1155.0,1757874457.0,SUCCESS,9d8cfeb77399c6a1d54dd9073eebb77b44682bf9,27090.988,44508,0,312,2025-09-14,567ecfbf5a78e63e5db8487763dbb5f7118253ac,build_log,,True
james,PR-2808,master,1,22226.0,1757875226.0,SUCCESS,727103224fa9fb88ca520003e96dc9d1b4ac105b,30329.459,44508,0,312,2025-09-14,567ecfbf5a78e63e5db8487763dbb5f7118253ac,build_log,,True
james,PR-2807,master,2,1230.0,1757876784.0,SUCCESS,b2d02c623f3c0f4ca1adb284edb7ddccd0743807,27089.348,44508,0,312,2025-09-14,ed60d9b6660a24417def8eff7b9c2f0ee48a9304,build_log,,True
james,PR-2802,master,4,18642.0,1757881716.0,SUCCESS,994518e2ef4c3d941a16e6efb9f0e80db9c21efe,27976.805,44639,0,312,2025-09-14,ed60d9b6660a24417def8eff7b9c2f0ee48a9304,build_log,,True
james,PR-2809,master,2,6308.0,1757905459.0,SUCCESS,adfd34b4851d7d817b8357ed3b69a4aa8cfdb745,28097.635,44509,0,312,2025-09-14,45a836fae5988bd77516c66373a50b8210e32455,build_log,,True
james,PR-2796,master,13,8690.0,1757906525.0,SUCCESS,bd1d3276319420645e811ba7e3f31c772f98ef94,29287.672,44508,0,312,2025-09-14,d710bf561619b616f16a9419eb3cfc3bf3b06303,build_log,,True
james,PR-2806,master,6,6710.0,1757914104.0,SUCCESS,ebd7a55c40057f1bca154e5c57d3a962a9c35fa1,27157.6,44518,0,312,2025-09-15,d710bf561619b616f16a9419eb3cfc3bf3b06303,build_log,,True
james,PR-2804,master,5,6934.0,1757990759.0,SUCCESS,2923b5e19e016386e1575599d28e2cd31f438188,28156.31,44536,0,312,2025-09-15,3bdedd2ffa3072e9a3626ab116a7606a4228a1a3,build_log,,True
james,PR-2811,master,2,5297.0,1757992753.0,SUCCESS,a4d2403690cd133a9e3af6ee6d56001baf18c9d9,25550.725,44531,0,312,2025-09-15,3bdedd2ffa3072e9a3626ab116a7606a4228a1a3,build_log,,True
james,PR-2810,master,3,6786.0,1758011323.0,SUCCESS,83f08e68e99475a0decbf13d23040c2c9db2dac6,28402.768,44528,0,312,2025-09-16,3bdedd2ffa3072e9a3626ab116a7606a4228a1a3,build_log,,True
james,PR-2812,master,5,6835.0,1758075916.0,SUCCESS,45ed56c6f4d79d2d3794af8e321b6628b655aa22,28697.686,44548,0,312,2025-09-16,54310869108003c678a36e4712b9da41a16d180c,build_log,,True
james,PR-2815,master,1,5896.0,1758113592.0,SUCCESS,40f71b547f7d6bcd64f1908c4f6b556e131e51b2,28424.496,44528,0,312,2025-09-17,54310869108003c678a36e4712b9da41a16d180c,build_log,,True
james,PR-2814,master,3,4670.0,1758162076.0,SUCCESS,40db4b1c829893928000b786a6f34b6d6c51fb35,27974.053,43238,0,305,2025-09-17,49ff4f6bced50d05d3c8269c984a650bf38cce19,build_log,,True
james,PR-2813,master,6,2240.0,1758248362.0,SUCCESS,ab81ae4f17218279c8ff149218a5213554085808,26758.521,43130,0,300,2025-09-18,bbed3f7e4788515b67a2ac2cb68c988e2b72e3b7,build_log,,True
james,PR-2818,master,2,1365.0,1758434044.0,SUCCESS,31e67a814bb44d1acc3cc231a0fc79e9d922e412,27664.805,43132,0,300,2025-09-21,1b8f11835f76654602b3881835732de30a4938b7,build_log,,True
james,PR-2816,master,4,4060.0,1758509631.0,SUCCESS,ff33dcf0ca937ad0a3248fa758333e724a6ce466,24663.346,43130,0,300,2025-09-21,1b8f11835f76654602b3881835732de30a4938b7,build_log,,True
james,PR-2819,master,6,1542.0,1758510920.0,SUCCESS,2af1b269354717a3c65efa22731f05e733c0e9c0,26806.328,43131,0,300,2025-09-21,1b8f11835f76654602b3881835732de30a4938b7,build_log,,True
james,PR-2820,master,1,1283.0,1758788741.0,SUCCESS,8843a1a222ab7a67ef4bc8112eed6ac24c1ad8fa,27222.76,43133,0,300,2025-09-25,aaa5931eaf81d2eaec129087bc040896448ec0e6,build_log,,True
james,PR-2821,master,2,16133.0,1758792006.0,SUCCESS,e439a374e2586aa1425e99de7d7feeb893c2a329,25688.098,43264,0,300,2025-09-25,00e07fbca07e02dd0c1d63b77e68be6f2b96cfd9,build_log,,True
james,PR-2823,master,2,1130.0,1758849321.0,SUCCESS,1fb22707e621215e7bf11da48ccc0c6c37314673,27225.916,43133,0,300,2025-09-25,00e07fbca07e02dd0c1d63b77e68be6f2b96cfd9,build_log,,True
james,PR-2822,master,3,1175.0,1758866096.0,SUCCESS,dbb549d77d7d199c4440b1770a615104f70e033d,25688.568,43264,0,300,2025-09-26,e57cbe523b26409fe70fd9995944dcfebacf7eff,build_log,,True
james,PR-2817,master,13,6545.0,1758871463.0,SUCCESS,c1cd1c6dd5d9df756af2a64f32c69d9dcc8e2a3b,26856.387,43277,0,300,2025-09-26,e57cbe523b26409fe70fd9995944dcfebacf7eff,build_log,,True
james,PR-2826,master,1,19558.0,1759162495.0,SUCCESS,9530da0632041ab2a85fad75e2d1ec4c047d7513,28082.96,43155,0,300,2025-09-29,691c2beeb351777202629f5833f79836f17c14d4,build_log,,True
james,PR-2828,master,6,4231.0,1759301683.0,SUCCESS,dabf0f2a1e8f3e2bc5a48fa28724e83092495933,24389.592,43164,0,300,2025-10-01,bf9bca2991ce77f4f093a866370af7756ab218db,build_log,,True
james,PR-2829,master,3,1288.0,1759318664.0,SUCCESS,99b5d6e9a206c799c80fb1f3392b5444d33e9da0,28675.898,43155,0,300,2025-10-01,bf9bca2991ce77f4f093a866370af7756ab218db,build_log,,True
james,PR-2830,master,1,7202.0,1759341545.0,SUCCESS,843633a3a52f69a03c499fd46bd92aa4782a4eb6,29155.693,43164,0,300,2025-10-01,248eea6f68e63d22dab091d43aede27ada7452be,build_log,,True
james,PR-2827,master,14,4082.0,1759381568.0,SUCCESS,fc37266ad2133ab5853d3f4f4995a93caaa88c27,28025.016,43147,0,301,2025-10-02,91decc0042d6cae62d79ac199de25bde0fb44825,build_log,,True
james,PR-2825,master,9,6455.0,1759394564.0,SUCCESS,eda1d9eb90d89e706ce70691edcc600656e02d12,27348.94,43165,0,300,2025-10-02,91decc0042d6cae62d79ac199de25bde0fb44825,build_log,,True
james,PR-2831,master,3,5990.0,1759407719.0,SUCCESS,e8f1cfe0b6a3822e6a226435f2dc5817698e91c6,25734.783,43150,0,300,2025-10-02,91decc0042d6cae62d79ac199de25bde0fb44825,build_log,,True
james,PR-2833,master,2,5271.0,1759445238.0,SUCCESS,7770343a3db948e636a3bfc9d0c195572d23c743,26999.508,43164,0,300,2025-10-02,91decc0042d6cae62d79ac199de25bde0fb44825,build_log,,True
james,PR-2832,master,2,4316.0,1759460236.0,SUCCESS,265d848ab5ced834039074782cc6e52a060aaf4a,24920.906,43168,0,300,2025-10-02,3f9b29a68de587d6ded4f951de390508e1cdee23,build_log,,True
james,PR-2834,master,1,4085.0,1759926138.0,SUCCESS,1b29d1e2038f9cca25e124cd97061392637e4a3f,22901.021,43137,0,301,2025-10-08,107944fecb2dd109f29d5092164e936c0371292b,build_log,,True
james,PR-2836,master,2,3590.0,1760411650.0,SUCCESS,4698bedf9a93004f25b56a7bd91b3a6a46c29415,22640.586,43140,0,301,2025-10-13,9db801d670847364c6f0e52b301de00da73aed82,build_log,,True
james,PR-2835,master,4,4917.0,1760532006.0,SUCCESS,e4c4ca2581afe80bc63435cc8b5637866b3be3ad,25002.586,43138,0,314,2025-10-15,ddfef1e05403a46a9136023721807bc791f20431,build_log,,True
james,PR-2838,master,1,5891.0,1761232824.0,SUCCESS,53f6a23a68be24ff9460ceaab933f36b02a1f265,25710.953,43138,0,314,2025-10-23,bcc355b15abfa3c134ba65ee600a31325c9ffe01,build_log,,True
james,PR-2839,3.9.x,3,7280.0,1761261155.0,SUCCESS,813df9e049d798999a8724a168512793079300b4,19354.588,42906,0,352,2025-10-23,cf71d1a9baaa9f5cc0b87cd4e6e2c5b0ea0d27cb,build_log,,True
james,PR-2840,master,2,8889.0,1761291249.0,SUCCESS,7f12a83bcfd323dd7510ab98c0622d511e940447,24422.707,43152,0,314,2025-10-24,6b889f938886a6273473d3576e8498e2524f5629,build_log,,True
james,PR-2841,master,3,5453.0,1761714242.0,SUCCESS,683d1476539e81bb32e6290ac582fa92fd116f05,24706.984,43165,0,301,2025-10-29,7a8db2557d2ba356a0574b749e0e050ed627f22f,build_log,,True
james,PR-2842,master,7,947.0,1761809982.0,FAILURE,723d7e06b103e15be6626184047bcfd7f217f4e7,25904.156,42878,1,298,2025-10-30,b1a5d746cd0c5dc65d4f2bbc57dec1e3b7a13150,build_log,,True
james,PR-2842,master,8,965.0,1761811895.0,FAILURE,3be7e4c006ff07fbbc2999e2169e3db3007e6a69,25910.578,42878,1,298,2025-10-30,b1a5d746cd0c5dc65d4f2bbc57dec1e3b7a13150,build_log,,True
james,PR-2842,master,10,17634.0,1761815700.0,SUCCESS,67a7e4faf2ac03013141d597a988707c2b30ba7e,25382.018,43151,0,301,2025-10-30,b1a5d746cd0c5dc65d4f2bbc57dec1e3b7a13150,build_log,,True
james,PR-2844,master,1,18386.0,1761874963.0,SUCCESS,63305af47a9240a642ac90a5c5151380310337e9,24958.512,43159,0,301,2025-10-30,9245ea005845e976afc78f1a08e06dfb4ae8e1c0,build_log,,True
james,PR-2846,master,1,17883.0,1762159005.0,SUCCESS,574c3c713ff58e0ac53bdccbcff076a2c3e530a9,25445.736,43162,0,301,2025-11-03,53f440b5077d698ba6d6678c17995d7e771c1d4b,build_log,,True
james,PR-2849,master,1,18053.0,1762307465.0,SUCCESS,7234f030b6689e00f91c2c393dbb04fba8bed9e0,26569.87,42935,0,353,2025-11-04,35a3bc44632d09d6cb6cf6dc68f65d0e04101ba3,build_log,,True
james,PR-2850,master,1,20454.0,1762308070.0,SUCCESS,096802db2aec2f29cd4f6cabd44b7955bffa66d8,27644.217,42935,0,353,2025-11-04,35a3bc44632d09d6cb6cf6dc68f65d0e04101ba3,build_log,,True
james,PR-2847,master,2,16977.0,1762308161.0,SUCCESS,78cb6a4fe4c0757c579f981ee7737fe79b450ea5,23541.342,43157,0,301,2025-11-04,35a3bc44632d09d6cb6cf6dc68f65d0e04101ba3,build_log,,True
james,PR-2848,master,2,11200.0,1762308163.0,SUCCESS,51378adcd98678690de61230aa9a059e1a4777fb,15926.332,43164,0,301,2025-11-04,35a3bc44632d09d6cb6cf6dc68f65d0e04101ba3,build_log,,True
james,PR-2845,master,3,1015.0,1762324530.0,SUCCESS,1f1de709c08873801cd8511aa5241c05379fd2a6,27432.047,43160,0,301,2025-11-05,35a3bc44632d09d6cb6cf6dc68f65d0e04101ba3,build_log,,True
james,PR-2854,master,11,5073.0,1762938520.0,SUCCESS,c6ee81fb0c4180f80182b8dc1279c0d29ec1e20a,27475.404,43163,0,301,2025-11-12,e0a3ee74f11d8f8d76887b384bd4577ca6cc172e,build_log,,True
james,PR-2851,master,9,8092.0,1762956239.0,SUCCESS,9a37d7efe20502cdd4fcdcf3ffe8797bc4150976,25873.61,43165,0,301,2025-11-12,5a1079c4cb74ac2a222f2b55ee88e05ec2e2c327,build_log,,True
james,PR-2853,master,12,5230.0,1762956248.0,SUCCESS,795acb84084e96c9a79d7caf1455d581cfec13de,25609.926,43301,0,301,2025-11-12,5a1079c4cb74ac2a222f2b55ee88e05ec2e2c327,build_log,,True
james,PR-2855,master,2,3415.0,1763027042.0,SUCCESS,0483de3150535f4322543faa7a607df1af7cc12f,26467.86,43162,0,301,2025-11-13,3954a049d0b3e794834c8385dd2afb91c22e3c86,build_log,,True
james,PR-2856,master,2,5811.0,1763109339.0,SUCCESS,419e0d6f50040869b6b4309f7cacde35031a6f05,26723.627,43126,0,301,2025-11-14,6ab6f91faea2d9c1e3fb6ac4504c52641fc005b0,build_log,,True
james,PR-2857,master,5,3169.0,1763386565.0,SUCCESS,017ba21c40b7a7fa0f79d2df476a152106c38d71,26361.035,43259,0,301,2025-11-17,d4599af1c1bc3f0acca8f793e7c9d156ad51d080,build_log,,True
james,PR-2859,master,1,8041.0,1763415363.0,SUCCESS,1c3b2975ac8a1a544395f4b7ff23d65e97e4e2be,25806.197,43138,0,301,2025-11-17,d4599af1c1bc3f0acca8f793e7c9d156ad51d080,build_log,,True
james,PR-2860,master,1,4262.0,1763417685.0,SUCCESS,e68807e97eb3eaf1bcf4302147cbfe7d4fdf54df,26942.223,43126,0,301,2025-11-17,d4599af1c1bc3f0acca8f793e7c9d156ad51d080,build_log,,True
james,PR-2858,master,8,4784.0,1763417930.0,SUCCESS,74814e51af4f36c0c121f237ad27723b8eb7e05e,27701.38,43126,0,301,2025-11-17,d4599af1c1bc3f0acca8f793e7c9d156ad51d080,build_log,,True
james,PR-2861,master,1,11691.0,1763791385.0,SUCCESS,2790bbe4246f09e1de78e6098a7d0dca7ab609e0,28210.178,43136,0,301,2025-11-22,84caf9206d668e24be323fbdf60bb0c75553bdb7,build_log,,True
james,PR-2862,master,1,6318.0,1763978297.0,SUCCESS,24c7b1a92dd3c6a3d8a045e48e34b36917c407f9,27370.852,43136,0,301,2025-11-24,c8d8456987996e7ed99fd52a982b41ed7d7b5c77,build_log,,True
james,PR-2863,3.9.x,1,17877.0,1764019162.0,SUCCESS,67ba1b0546253371484eeee432d337286c3515c1,26311.455,43183,0,300,2025-11-24,bf04a0541d60706e70cefcc51aef06ecfae6c11e,build_log,,True
james,PR-2864,3.9.x,1,6063.0,1764062694.0,SUCCESS,8564bf3a0b8628f9f12a6d4b98aadf133593e49d,25533.014,43147,0,300,2025-11-25,f49414a0faf05dce89365febb29b967ccfef79cd,build_log,,True
james,PR-2865,master,1,3670.0,1764141826.0,SUCCESS,f24bfeb7392ddde3e1a823a8dbbf424b7bf25397,26097.205,43136,0,301,2025-11-26,ce952dfcf785afd3147b8f9ba87aaa6f2f9efd1f,build_log,,True
james,PR-2866,master,1,4569.0,1764168920.0,SUCCESS,e0df1b45a5273fa2c82f318fb76c16bae28eb8c5,27801.078,43136,0,301,2025-11-26,d909c2af8af27bb2c9640e812f366870d6dd333e,build_log,,True
james,PR-2867,master,1,5315.0,1764337495.0,SUCCESS,bab6d4c513fe9f702d4814155f50cb95586c660e,27237.18,43136,0,301,2025-11-28,68a9acc00d79231c4ce351bdd2a2eea8bfbf33cb,build_log,,True
james,PR-2868,master,3,5757.0,1764371568.0,SUCCESS,3aeac53a5c6c00fe7a20e93636ebf0816c6cfaf1,27225.943,43138,0,301,2025-11-28,68a9acc00d79231c4ce351bdd2a2eea8bfbf33cb,build_log,,True
james,PR-2870,master,1,6300.0,1764404520.0,SUCCESS,35252f374d3422a6894eeedf502ecd4d5b4b2415,27489.21,43140,0,301,2025-11-29,094f441ea32daabde8dcf30bfae814fb1dc69d91,build_log,,True
james,PR-2869,3.9.x,4,6462.0,1764404595.0,SUCCESS,14a27c2fcccc304e30996177b9803d401240c2f4,25685.232,43151,0,300,2025-11-29,de6b05c01feff14be20d6d33249161d7ce68c34a,build_log,,True
james,PR-2871,master,3,6415.0,1764620886.0,SUCCESS,cd1c993bc8237c0c1b1316190caca44c3ab38e0c,27260.865,43140,0,301,2025-12-01,a1e35fd244a0669fe38fd10f806bf3aaf6e40001,build_log,,True
james,PR-2872,3.9.x,4,6410.0,1764625528.0,SUCCESS,86c6d454fca98a3a650f24e4c361270b77faef1e,25737.309,43151,0,300,2025-12-01,0c8be58923f8ed102ef8d1ea0be018d3ba6185c4,build_log,,True
james,PR-2792,master,22,7630.0,1764644858.0,SUCCESS,a9bcd30a8c215fab4f91e649f47913dbc406fc78,29969.545,43152,0,305,2025-12-01,2b32281256a41318491b947d222658e81020c476,build_log,,True
james,PR-2873,master,1,944.0,1764842299.0,SUCCESS,e35536c390412789f8ab91ed9098c91b2a80cde3,29919.291,43152,0,305,2025-12-04,b78a414317cd7b26897d832e0a11cd31dc10c046,build_log,,True
james,PR-2876,master,1,1154.0,1764941648.0,SUCCESS,3f1813dab2e3b88daabd97ef15a8ddaa70b79de4,29936.266,43152,0,305,2025-12-05,77d7bd16290cdcf7fafbfc58bfe8bec41541e634,build_log,,True
james,PR-2874,master,2,1161.0,1764941966.0,SUCCESS,25a6a68841fda52fcc68b85f43be1c871411d33e,27933.01,43154,0,305,2025-12-05,77d7bd16290cdcf7fafbfc58bfe8bec41541e634,build_log,,True
james,PR-2882,master,3,18209.0,1765299494.0,SUCCESS,67b82304e13dfba342b77d9c4088618777d322f2,24871.066,43156,0,305,2025-12-09,727637f0d4bfe6beae9b67918c450cdffe810c1c,build_log,,True
james,PR-2879,master,7,17872.0,1765333488.0,SUCCESS,3a453687327edfa1b832e29caa3cedde359f5145,26305.994,43160,0,305,2025-12-09,75236d5c3e09ea825c6e476744b7e2c8fe88de3f,build_log,,True
james,PR-2880,master,8,21323.0,1765436502.0,SUCCESS,810f8ce5ba13270b2da24e1e73615f78b1449ad8,28579.705,42929,0,357,2025-12-11,189ebbc77d09a220129437bc07e7f10c1adaf696,build_log,,True
james,PR-2883,master,15,1685.0,1765539686.0,SUCCESS,1f61c75db9b4f30d4e03e2ba01a93a6dd1e1b206,26003.744,43154,0,305,2025-12-12,189ebbc77d09a220129437bc07e7f10c1adaf696,build_log,,True
james,PR-2884,master,9,8917.0,1765789526.0,SUCCESS,6847c065174bb83a9cf0f34d81f55550203c9277,28055.748,43148,0,303,2025-12-15,9eb0f6bc593a1add9912f8b721fb8246003fb068,build_log,,True
james,PR-2875,master,11,1891.0,1765966360.0,SUCCESS,0ec8585aaf52037d7070501d75f451b56b1a2dec,26763.146,43150,0,303,2025-12-17,885fafa80670f77d0fc8b494a227b4ea65cc6271,build_log,,True
james,PR-2886,master,4,3947.0,1766126130.0,SUCCESS,2b298f6c3842f501d0b6769119e740af38e06dcd,30037.998,43211,0,303,2025-12-19,885fafa80670f77d0fc8b494a227b4ea65cc6271,build_log,,True
james,PR-2890,master,1,1330.0,1766178852.0,SUCCESS,7889fb3a9a5930e65548befa1072e0d711ddc719,28992.758,43211,0,303,2025-12-19,8f6d59865e1263cbd51bd0719c4d821fea8b3bf2,build_log,,True
james,PR-2891,master,1,5010.0,1766261551.0,SUCCESS,fed05b00252a05e41b7a8a4142261b2874641dce,28786.076,43211,0,303,2025-12-20,8f6d59865e1263cbd51bd0719c4d821fea8b3bf2,build_log,,True
james,PR-2892,3.9.x,2,1998.0,1766370344.0,SUCCESS,faeab5918aab9a70b673055b63453d715fbb58e7,26243.793,43151,0,300,2025-12-21,84fa171783decf12462ed1a4871217815d91d96a,build_log,,True
james,PR-2887,3.9.x,2,6844.0,1766373000.0,SUCCESS,e72388a707cd2b3bd7b9943aed0c2ef3827c40c5,27875.72,43153,0,300,2025-12-21,84fa171783decf12462ed1a4871217815d91d96a,build_log,,True
james,PR-2893,master,2,7699.0,1766551813.0,SUCCESS,816b970d1af392787c9fd70e8244b4608aae70d0,21169.23,43344,0,303,2025-12-23,0ae050f90b4b42f25026a13f9c01ba3fe79195d2,build_log,,True
james,PR-2888,3.8.x,12,16934.0,1767145087.0,SUCCESS,7f2cf9d311731a72ea033c966a71a45f7d64a64b,27711.494,78093,14,508,2025-12-30,c44cb0353bd6c7c9990e5ce2b5f55709259d5245,build_log,,True
james,PR-2895,master,1,1397.0,1767548837.0,SUCCESS,98c235b39c7164da901b4f119152806e4d813ca1,29908.787,43213,0,303,2026-01-04,bc9222c7b1374668947c90a60bf692a5bf8953c9,build_log,,True
james,PR-2896,master,2,6757.0,1767691877.0,SUCCESS,5f77af2f2fb8bb84103901b8c6a22e4f4d40a7bf,28885.979,43223,0,303,2026-01-06,cb6aa9ab6c25b110cac71e90cb9ef0649470653d,build_log,,True
james,PR-2900,master,2,6406.0,1767752968.0,SUCCESS,2cdf3a1ea882fbc686fbd5439370eeff2c64cd9e,28260.885,43225,0,303,2026-01-06,2d46f2f4f6c2911a479decc5c064add0c75e8795,build_log,,True
james,PR-2901,3.9.x,1,16844.0,1767755952.0,SUCCESS,afea91ab541712ea948f929865790b432530f890,26984.664,43292,0,300,2026-01-06,7e5faa03450ace6034a34bb2593f218b728f4ff3,build_log,,True
james,PR-2899,master,3,1722.0,1767765544.0,SUCCESS,48d61b5ed82ab3eb7eeb0341915d32390f8e9f48,30249.48,43297,0,304,2026-01-06,2d46f2f4f6c2911a479decc5c064add0c75e8795,build_log,,True
james,PR-2897,master,4,13001.0,1767781754.0,SUCCESS,182f33b9d5bf96ad0ced19c9a8d8f1a162dfc999,31086.912,43227,0,303,2026-01-07,f196a8230fe7c84eda1c38dc0b763020a862b4ee,build_log,,True
james,PR-2904,master,2,10999.0,1767862865.0,SUCCESS,6fbd57fa3fc68ecdcc5c99384c0bbf1c56417188,27065.883,43181,0,303,2026-01-08,f196a8230fe7c84eda1c38dc0b763020a862b4ee,build_log,,True
james,PR-2905,master,5,11137.0,1767865208.0,SUCCESS,d12849ec9cb796b530a63aa7e2680d5d0753cdd4,27593.412,43133,0,303,2026-01-08,f196a8230fe7c84eda1c38dc0b763020a862b4ee,build_log,,True
james,PR-2906,master,3,6731.0,1767866426.0,SUCCESS,fab1d46298a215c88b2a89566a0f2011668b6bba,28975.074,43232,0,303,2026-01-08,f196a8230fe7c84eda1c38dc0b763020a862b4ee,build_log,,True
james,PR-2907,master,2,1534.0,1767889461.0,SUCCESS,ad027fa5c8e560fdb11df9099d5499cd3dc78428,28646.346,43227,0,303,2026-01-08,f196a8230fe7c84eda1c38dc0b763020a862b4ee,build_log,,True
james,PR-2908,master,1,1037.0,1767891899.0,SUCCESS,3b6aa15395537a0e549e526ea7d22dd86d5e8179,28239.53,43225,0,303,2026-01-08,f196a8230fe7c84eda1c38dc0b763020a862b4ee,build_log,,True
james,PR-2773,master,29,11270.0,1768205215.0,SUCCESS,8ab414cdbb8e223064ecd38696b183be312ceb97,29623.795,43271,0,305,2026-01-12,3bba59d6afa5d5f9f37c7293798de455e908d5c9,build_log,,True
james,PR-2903,master,7,7386.0,1768274160.0,SUCCESS,69e12e6c0bb9841c4c0893ea1474bdad75905b42,28049.531,43009,0,355,2026-01-12,218f30f828e96cbbbee0ac60d4395729c05ab0bc,build_log,,True
james,PR-2909,master,2,1347.0,1768357702.0,SUCCESS,58cc5be3fa8eb6635d388a1e554862f6b9d8fd2f,27738.434,43009,0,355,2026-01-13,ec2450754a92d7b9d5f5704783757f880da92c51,build_log,,True
james,PR-2910,master,1,19978.0,1768361689.0,SUCCESS,c13a7ef628f779e1038618e75c55303642d175a0,29949.592,43245,0,303,2026-01-13,ec2450754a92d7b9d5f5704783757f880da92c51,build_log,,True
james,PR-2911,3.9.x,1,4143.0,1768376622.0,SUCCESS,e277831904b3cfabc8fcebd1092b98be8ff0a6ed,24711.602,43292,0,300,2026-01-14,867463f9d0adedf08cefb712535e8761fa1fc9cf,build_log,,True
james,PR-2912,master,1,2655.0,1768385296.0,SUCCESS,096f742e1aadef2697d6ec427222c67018f8f1d9,27865.014,43009,0,355,2026-01-14,982396518935cb243a1a467879ff0a0ae4239bad,build_log,,True
james,PR-2878,master,3,11559.0,1768459988.0,SUCCESS,efa2486589d8105a34972da74b7f9cd38ee98c23,18775.57,43235,0,303,2026-01-15,79af078a2738ab98c0ea55344c143001f022fe95,build_log,,True
james,PR-2894,master,3,1446.0,1768482780.0,SUCCESS,d4de2ca8bdb91cde52433028da52399473428ce3,29913.35,43245,0,303,2026-01-15,79af078a2738ab98c0ea55344c143001f022fe95,build_log,,True
james,PR-2914,master,1,2586.0,1768486846.0,SUCCESS,d0cfdfe2decb04667c5ff5d02a0846c59a1597ef,29988.342,43362,0,303,2026-01-15,79af078a2738ab98c0ea55344c143001f022fe95,build_log,,True
james,PR-2913,master,2,6251.0,1768491331.0,SUCCESS,0ec942d052c84fbd4d52513a29521ea96aaa787d,28489.002,43246,0,303,2026-01-15,79af078a2738ab98c0ea55344c143001f022fe95,build_log,,True
james,PR-2902,master,9,6151.0,1768557428.0,SUCCESS,1cc7a87fe2c461993cc44466ca4c2b7b96b18eef,21309.268,43251,0,306,2026-01-16,f459d10e66a294af8e6a850d6b994235c981deff,build_log,,True
james,PR-2917,master,2,12618.0,1768880837.0,SUCCESS,10b9767f0d3e538aff08cb5703b1422ecb90a06e,26924.088,43391,0,305,2026-01-19,67f879c5975843f4c0ed30775d3b02fee3162aed,build_log,,True
james,PR-2918,master,2,6817.0,1768995139.0,SUCCESS,89abb52eb516fd318e7f0fcf3c258a2a8e1e6b09,25936.238,43390,0,305,2026-01-21,67f879c5975843f4c0ed30775d3b02fee3162aed,build_log,,True
james,PR-2915,master,6,7834.0,1769478724.0,SUCCESS,bf256dbab10b327cd8ac99a469223fd8ac809263,24905.4,43393,0,305,2026-01-26,691ce59abac30960a4850e8fcaa899c354494b92,build_log,,True
james,PR-2920,master,1,17333.0,1769481756.0,SUCCESS,6050bc1b3aa62d8995b9989eee63a502e308f2ff,25317.232,43534,0,305,2026-01-26,691ce59abac30960a4850e8fcaa899c354494b92,build_log,,True
james,PR-2921,master,1,1313.0,1769492403.0,SUCCESS,d8d4ecdfa1c93b7946ecee9861597660c6ef4539,27043.127,43391,0,305,2026-01-26,691ce59abac30960a4850e8fcaa899c354494b92,build_log,,True
james,PR-2922,master,1,17781.0,1769544377.0,SUCCESS,3d544d06a2ddc96ff510cbfda39f9f26da1eb9d3,25867.979,43399,0,305,2026-01-27,29d0271053ecef3ddfd29c975162243d7f58e962,build_log,,True
james,PR-2923,3.9.x,1,10706.0,1769549444.0,SUCCESS,eb3d0cb7e3a39330d4e933413d9792c83ec3abde,26887.336,43294,0,300,2026-01-27,07506a753c3e1d26bbc6a3363f6f3eb50b1b7200,build_log,,True
james,PR-2925,master,1,11655.0,1769580985.0,SUCCESS,57d53c1b98c17253e4699c4f05674f4741c53073,27255.021,43401,0,305,2026-01-28,dcaaab04c038f8ed520e07e363fe0bf980e3349f,build_log,,True
james,PR-2919,master,4,5761.0,1769605681.0,SUCCESS,c0167421a1287e5f47b29ae03cd3df99cfe383ef,27185.44,43401,0,305,2026-01-28,188f8f5374add8b931612a527f07c7d713e000f5,build_log,,True
james,PR-2927,master,1,1442.0,1769718031.0,SUCCESS,a80213f451fa8bad0c7e624d54fca9f2ba7d9a8f,27184.033,43401,0,305,2026-01-29,9077875d33fa9a5e93cd88ba46abd0a03a9c2ada,build_log,,True
james,PR-2928,master,6,1428.0,1770121339.0,SUCCESS,14af0b4c2413c9ece151c0a0f1ca84956b816926,27540.72,43532,0,305,2026-02-03,bfc994cdf5a9cf9d60a6377df4f8c02267b09fde,build_log,,True
james,PR-2932,master,6,1418.0,1770171754.0,SUCCESS,9f0dcab2217c12397684678b29274bd066d43dc8,26214.043,43532,0,302,2026-02-03,d7d1e58251a610f1f81eb759854ce41e070366e0,build_log,,True
james,PR-2931,master,2,4926.0,1770172054.0,SUCCESS,4a42fe077288afb576255eb400e5175042a41d82,27233.814,43530,0,306,2026-02-03,d7d1e58251a610f1f81eb759854ce41e070366e0,build_log,,True
james,PR-2926,master,5,2253.0,1770263193.0,SUCCESS,3e8fc9b59bb412f32de0d709a692185a77d757f4,27855.021,43188,0,362,2026-02-04,ec89682b203bf30bf932c9d9c32427d9d26b15d6,build_log,,True
james,PR-2933,master,4,1302.0,1770266236.0,SUCCESS,44b406e0bdd20fb12ddcb2c04a13dd4b7afb7058,26213.389,43532,0,302,2026-02-04,ec89682b203bf30bf932c9d9c32427d9d26b15d6,build_log,,True
james,PR-2916,master,7,6828.0,1770277556.0,SUCCESS,e7a087c3b6c0113c5fb698664651e70826cc1448,26731.885,43532,0,302,2026-02-05,ec89682b203bf30bf932c9d9c32427d9d26b15d6,build_log,,True
james,PR-2935,master,1,6611.0,1770369921.0,SUCCESS,275e9f1fb1b2356850ecc3aee5ad9c1da8f81008,29198.326,43194,0,356,2026-02-06,0a3427a5e8eeefbda203781ec49b10384cf5abc2,build_log,,True
james,PR-2936,master,1,7077.0,1770410621.0,SUCCESS,c14d8c3660872e4bb0636f51786d99fe17158f6d,28487.75,43194,0,356,2026-02-06,955c610e88cdb7e7d91e0d64e69167c78bf1420d,build_log,,True
james,PR-2938,master,1,6377.0,1770647138.0,SUCCESS,918168ee4a6ebe6c95985dde0e430f314cf53d36,28016.092,43194,0,356,2026-02-09,41ab12ad88ba90fdda46f641020016fc3a289feb,build_log,,True
james,PR-2939,master,1,8062.0,1770677135.0,SUCCESS,c752bfa0e4da157caa1e0847774ce5e664b20b2d,29508.805,43196,0,356,2026-02-09,41ab12ad88ba90fdda46f641020016fc3a289feb,build_log,,True
james,PR-2937,master,3,8936.0,1770711663.0,SUCCESS,622417f9754bdd55b80cc03b2d6b98792a9ca274,20677.445,43429,0,304,2026-02-10,26e16364c51cdbb8c551537f12231e4de68c6d68,build_log,,True
james,PR-2942,master,1,6634.0,1770989791.0,SUCCESS,d407356ab15578dfdd6f22ed14286078a8aaa006,23399.963,43429,0,304,2026-02-13,e59ae4ccec5dbd4581f643cb58cbba4d083d2257,build_log,,True
james,PR-2941,master,3,6453.0,1770990207.0,SUCCESS,6b40021b9538e2a2589813e3597308679ed88a3b,23534.033,43429,0,304,2026-02-13,e59ae4ccec5dbd4581f643cb58cbba4d083d2257,build_log,,True
james,PR-2943,3.9.x,1,4060.0,1771350150.0,SUCCESS,3d7c1dc81c4bbce0bf254587a8799a8f278c306a,24355.1,43296,0,300,2026-02-17,078366a6ac24f7124964a89426d65aaf3920c266,build_log,,True
james,PR-2944,master,1,17402.0,1771502289.0,SUCCESS,db45954f9dcdcfce20b2e715fe3e8d5b4b89e1cf,25160.824,43200,0,356,2026-02-19,1819fddf13c88476a0766ccc91c81d66d14da682,build_log,,True
james,PR-2945,master,1,6455.0,1771609088.0,SUCCESS,6845cdae49e42c90c793b66344bbb78abf52d054,23949.559,43430,0,304,2026-02-20,ee60639f3ddc6f02ada557eb5cbe8538203306df,build_log,,True
james,PR-2946,master,2,6636.0,1771622525.0,SUCCESS,02f9c1448e64438d798fae7a22e0a271c2201b3e,24002.137,43429,0,304,2026-02-20,ee60639f3ddc6f02ada557eb5cbe8538203306df,build_log,,True
james,PR-2949,master,1,11183.0,1771924121.0,SUCCESS,f302228dcb25569bf99c18cbc45f34c35fb4f0a6,28581.238,43201,0,356,2026-02-24,781fa5caa4985ff63c52e454dfcf619d51211e03,build_log,,True
james,PR-2951,master,2,11052.0,1772030487.0,SUCCESS,b89ddc977095f1770924d5f6e70514286c6bfbd0,29184.102,43565,0,304,2026-02-25,ca2f810bc297ad57324328d827bb0091d374a238,build_log,,True
james,PR-2950,master,3,16878.0,1772093223.0,SUCCESS,a172a00b84d9c6ed5f86bf539d6c924752de9630,26783.572,43424,0,304,2026-02-26,ca2f810bc297ad57324328d827bb0091d374a238,build_log,,True
james,PR-2940,master,6,6724.0,1772133372.0,SUCCESS,bdd8de799ff44ca67e75907d37366bac2c44adb0,26306.404,43201,0,356,2026-02-26,0e683e077a165362a9220c122590c78d7942167f,build_log,,True
james,PR-2952,master,3,9764.0,1772159600.0,SUCCESS,3eb10ca12e6f32db28edce871fc1cbefc671e3db,28475.154,43424,0,304,2026-02-26,0e683e077a165362a9220c122590c78d7942167f,build_log,,True
james,PR-2953,master,1,1470.0,1772178701.0,SUCCESS,694a1a9ecc9cd87c6e6702f950f61619426c8a44,28481.936,43424,0,304,2026-02-27,e28b26bd86eee68bb058d40b70f9e483570b8b53,build_log,,True
james,PR-2954,master,2,6940.0,1772189475.0,SUCCESS,9c0510a6aa8f56c4f17b06d691c32595fdfcad2e,27055.68,43436,0,304,2026-02-27,dbb0b9a7518d3ddb6b328d6c7060e5f6fa50f1d9,build_log,,True
james,PR-2955,master,1,8023.0,1772309803.0,SUCCESS,9b07a4d5f0a094c6db1fbb2c7348dffaba0e5b6f,27800.375,43428,0,304,2026-02-28,a7e8bc28cbd6371229a8b3b4c8f15e99b9bac1f0,build_log,,True
james,PR-2957,master,1,6805.0,1772447773.0,SUCCESS,abc5ae662b9682736a25ca90e1998e65c2b89313,27772.604,43374,0,304,2026-03-02,a7e8bc28cbd6371229a8b3b4c8f15e99b9bac1f0,build_log,,True
james,PR-2959,master,1,1312.0,1772464513.0,SUCCESS,41082654989bbe0f5fcc0c1d7c728f4cd7b24447,28922.834,43440,0,304,2026-03-02,6ed167f6bc811e8b843460396f20c09548f190a6,build_log,,True
james,PR-2958,master,3,6158.0,1772467183.0,SUCCESS,c75d85c49eb4ad4f46751ffa5559e60900d5951d,27712.336,43447,0,304,2026-03-02,6ed167f6bc811e8b843460396f20c09548f190a6,build_log,,True
james,PR-2960,master,1,848.0,1772563003.0,FAILURE,1803c09dcc3e5456fe3031503ec662f753b94a9f,13393.898,29174,46,210,2026-03-03,541f7d3569f32a6cd9520acfa4f339bf0eba1a17,build_log,,True
james,PR-2961,master,1,3068.0,1772632827.0,SUCCESS,8af241c147544413946e6e0190ae7e14449f7f5d,27913.848,43386,0,304,2026-03-04,64051284789cddf59bd38229feaeeb6e123750a8,build_log,,True
james,PR-2962,master,1,1240.0,1772701447.0,SUCCESS,801491e071dde11c20a51dd1065f05db73c4cba7,27909.936,43386,0,304,2026-03-05,b70d73d82d64ff1c296a0df393cc62709f510906,build_log,,True
james,PR-2963,master,1,7800.0,1772703962.0,SUCCESS,12e954367a9da58d65e2bb1a470fb9981c86e1dc,28935.35,43386,0,304,2026-03-05,b70d73d82d64ff1c296a0df393cc62709f510906,build_log,,True
james,PR-2962,master,3,1189.0,1772704037.0,SUCCESS,6a5b475abe8151fa5674c96dce3fecedf3e5cc23,27911.305,43386,0,304,2026-03-05,b70d73d82d64ff1c296a0df393cc62709f510906,build_log,,True
james,PR-2964,master,1,36028.0,1772725293.0,ABORTED,89142aab8a36645fd8ba8b6303419197143a9001,16110.716,32501,13,227,2026-03-05,4234ae9dc1b66be72c4c8f35483eef1ebf967237,build_log,,True
james,PR-2965,master,1,6749.0,1772729530.0,SUCCESS,d3d64bd383b759c55732cbc9f352643699c48bbf,28759.514,43386,0,304,2026-03-05,4234ae9dc1b66be72c4c8f35483eef1ebf967237,build_log,,True
james,PR-2966,master,5,7170.0,1772746336.0,SUCCESS,c9e7e40671e0371f82caa38f29d737a4ebaae9b5,29048.736,43393,0,304,2026-03-05,4234ae9dc1b66be72c4c8f35483eef1ebf967237,build_log,,True
james,PR-2964,master,2,7540.0,1772761322.0,SUCCESS,db284fbe99c11f2e1fa3892c863ae9f76f539abf,29135.693,43394,0,304,2026-03-05,4234ae9dc1b66be72c4c8f35483eef1ebf967237,build_log,,True
james,PR-2963,master,2,8763.0,1772766915.0,SUCCESS,24342c10788ec08298e59a38d0cd31b16db0cd06,30302.365,43386,0,304,2026-03-05,4234ae9dc1b66be72c4c8f35483eef1ebf967237,build_log,,True
james,PR-2963,master,3,7383.0,1772775679.0,SUCCESS,f3cc4fa335b08abbc8705c60a4aa44f5fba51ce4,28963.621,43386,0,304,2026-03-05,4234ae9dc1b66be72c4c8f35483eef1ebf967237,build_log,,True
james,PR-2964,master,3,7495.0,1772792974.0,SUCCESS,191fedb2ec7b01068a79c9b7042584136038d897,27574.764,43401,0,304,2026-03-06,7b379012a73652a48efe0692e5f9f4218781ce9c,build_log,,True
james,PR-2967,master,1,19562.0,1772804739.0,SUCCESS,4a23678920342b8e5a38845fd00b9c626c1d3331,28582.344,43401,0,304,2026-03-06,7b379012a73652a48efe0692e5f9f4218781ce9c,build_log,,True
james,PR-2965,master,2,7517.0,1772829223.0,SUCCESS,cfbef0a89a89c8e67ebb6fa8e837401fd4e93acd,28678.61,43410,0,304,2026-03-06,22f268e65e57b61b324a8ad2c17f811aaafb7f99,build_log,,True
james,PR-2968,master,1,5683.0,1773048111.0,FAILURE,695b34389c0267cce8051939c2391a8f671bab0a,8071.9897,26373,7,229,2026-03-09,84ac44e020787d34e3d2df6c79d0428e4d25676b,build_log,,True
james,PR-2967,master,2,36032.0,1773060514.0,ABORTED,a14941666c1c29da6ef234fb3b50bf974c52e201,18707.934,38012,0,247,2026-03-09,84ac44e020787d34e3d2df6c79d0428e4d25676b,build_log,,True
james,PR-2969,3.9.x,1,7095.0,1773066075.0,SUCCESS,c6e12dea36c136ce6718171c1ff6a5c302f46378,28742.562,43298,0,300,2026-03-09,00a4cf65a26b359a99480fb937bb442c6411dad4,build_log,,True
james,PR-2970,3.8.x,1,10625.0,1773066170.0,FAILURE,2d53fd5c613c38c53a086c50fb4b076c508f4711,9439.621,35610,2,240,2026-03-09,2bf01cf4cd3220db4e993c1082d959fd91e53eac,build_log,,True
james,PR-2970,3.8.x,2,22051.0,1773109301.0,FAILURE,2d53fd5c613c38c53a086c50fb4b076c508f4711,10960.457,35905,11,239,2026-03-09,2bf01cf4cd3220db4e993c1082d959fd91e53eac,build_log,,True
james,PR-2971,3.7.x,2,2457.0,1773110913.0,FAILURE,c7643bb2958ecbf5eb94d70f9f2320da7f28c2be,1493.214,28877,54,178,2026-03-09,bfa9cb29eaba8c495f33e5a921b74938fe418c8c,build_log,,True
james,PR-2968,master,2,17103.0,1773111469.0,SUCCESS,c129fda97e1a4419e378618e8139c3c9d26fbc3f,26441.998,43538,0,304,2026-03-09,0ff869b06b7b53036ed6e7d5ed6eff010ff0def4,build_log,,True
james,PR-2972,master,1,12255.0,1773122160.0,FAILURE,584b107368d176dc33e4248032b300393619faaf,17186.6,37574,2,269,2026-03-10,0ff869b06b7b53036ed6e7d5ed6eff010ff0def4,build_log,,True
james,PR-2973,master,2,10485.0,1773133046.0,FAILURE,80ab61075c59496bfcf1cf1f8b750dfe66c05084,19957.145,39727,2,278,2026-03-10,e42a22130054a96bfa039bb27c32dd1cad5af014,build_log,,True
james,PR-2972,master,2,16587.0,1773137466.0,SUCCESS,9dd0b1238f09a5dcf0a8de0df7f10369037aacc8,24904.303,43401,0,304,2026-03-10,e42a22130054a96bfa039bb27c32dd1cad5af014,build_log,,True
james,PR-2971,3.7.x,4,751.0,1773139910.0,FAILURE,74a048768ee7bda427d85ae39c2d9b5a34296f42,51.194,1119,0,2,2026-03-10,bfa9cb29eaba8c495f33e5a921b74938fe418c8c,build_log,,True
james,PR-2970,3.8.x,3,16200.0,1773140911.0,FAILURE,2d53fd5c613c38c53a086c50fb4b076c508f4711,15587.04,38290,4,253,2026-03-10,2bf01cf4cd3220db4e993c1082d959fd91e53eac,build_log,,True
james,PR-2971,3.7.x,5,687.0,1773159270.0,FAILURE,74a048768ee7bda427d85ae39c2d9b5a34296f42,46.963997,1119,0,2,2026-03-10,bfa9cb29eaba8c495f33e5a921b74938fe418c8c,build_log,,True
james,PR-2973,master,3,12050.0,1773160531.0,SUCCESS,80ab61075c59496bfcf1cf1f8b750dfe66c05084,27320.924,43553,0,304,2026-03-10,e42a22130054a96bfa039bb27c32dd1cad5af014,build_log,,True
james,PR-2970,3.8.x,4,19283.0,1773162700.0,FAILURE,2d53fd5c613c38c53a086c50fb4b076c508f4711,11217.657,35676,27,237,2026-03-10,2bf01cf4cd3220db4e993c1082d959fd91e53eac,build_log,,True
james,PR-2971,3.7.x,6,846.0,1773162707.0,FAILURE,74a048768ee7bda427d85ae39c2d9b5a34296f42,47.026,1119,0,2,2026-03-10,bfa9cb29eaba8c495f33e5a921b74938fe418c8c,build_log,,True
james,PR-2971,3.7.x,7,1333.0,1773194594.0,FAILURE,74a048768ee7bda427d85ae39c2d9b5a34296f42,44.774998,1119,0,2,2026-03-10,bfa9cb29eaba8c495f33e5a921b74938fe418c8c,build_log,,True
james,PR-2973,master,4,13590.0,1773213880.0,SUCCESS,80ab61075c59496bfcf1cf1f8b750dfe66c05084,26065.691,43432,0,304,2026-03-11,a2c03ed263fd61ab907eb73952b06daa9cb867bf,build_log,,True
james,PR-2974,master,1,8444.0,1773244500.0,SUCCESS,d9968d66c1424d4fbebbaf7ac0a37d8b54893f24,26506.172,43409,0,304,2026-03-11,a2c03ed263fd61ab907eb73952b06daa9cb867bf,build_log,,True
james,PR-2974,master,2,7814.0,1773252945.0,SUCCESS,e937c58b848321c4d4189b7b7be4f99ca5418bbb,26087.676,43409,0,304,2026-03-11,a2c03ed263fd61ab907eb73952b06daa9cb867bf,build_log,,True
james,PR-2973,master,6,12645.0,1773331285.0,SUCCESS,60af9906167d96ed3a2f566f9f92227dd4c8103c,26218.445,43560,0,304,2026-03-12,a2c03ed263fd61ab907eb73952b06daa9cb867bf,build_log,,True
james,PR-2975,master,2,15874.0,1773439456.0,FAILURE,dccbf5e974680f290fab35d44b128ed5a0e18e14,23961.033,40815,5,287,2026-03-13,4f95fb4ecf915ecaa9fbfe42957da657d4a763fd,build_log,,True
james,PR-2975,master,3,3563.0,1773468503.0,SUCCESS,7b3f8b46cc4d7ba0ae444331d908af03242d945d,28096.342,43431,0,304,2026-03-14,4f95fb4ecf915ecaa9fbfe42957da657d4a763fd,build_log,,True
james,PR-2976,master,2,967.0,1773669324.0,FAILURE,0ec8ab340c6e6f91dfd836b880994be84144621f,20093.88,40141,1,279,2026-03-16,3629f5a2b0f5abece2cd78d2978ea3c90ea1c27f,build_log,,True
james,PR-2976,master,3,7332.0,1773677889.0,SUCCESS,8ecdcbec90fac33d53e111ef6a86f59385b2228d,29294.637,43431,0,304,2026-03-16,3629f5a2b0f5abece2cd78d2978ea3c90ea1c27f,build_log,,True
james,PR-2977,master,1,11211.0,1773827692.0,FAILURE,607388ae7847f5bb3336f7741a54ba25555dba0a,18371.092,38922,7,278,2026-03-18,c51b7c799847633744f89ab8c87a721b7f529487,build_log,,True
james,PR-2978,master,1,4191.0,1773828048.0,SUCCESS,0d66884ea467084dab9adcdcd404fcd3280a3597,25068.172,43434,0,304,2026-03-18,c51b7c799847633744f89ab8c87a721b7f529487,build_log,,True
james,PR-2978,master,2,20306.0,1773834591.0,SUCCESS,b489cbc43f99f5a100f18b1f825c38e40f2e6d6e,29251.416,43438,0,304,2026-03-18,c51b7c799847633744f89ab8c87a721b7f529487,build_log,,True
james,PR-2978,master,3,6762.0,1773854899.0,SUCCESS,bf2cc0da6fc3316189c6460677cd33103793a939,29002.938,43438,0,304,2026-03-18,c51b7c799847633744f89ab8c87a721b7f529487,build_log,,True
james,PR-2977,master,2,13689.0,1773913879.0,FAILURE,b7c3cfcd1626c2560cca8b1e946e858d2cfc002c,19122.854,39736,1,278,2026-03-19,ecbfe49af84ea6b3d6acf6abdab32c877ceb932e,build_log,,True
james,PR-2979,master,1,1264.0,1773925075.0,SUCCESS,50739bc64b63c060c172333c639b6ba499689b52,28982.816,43438,0,304,2026-03-19,ecbfe49af84ea6b3d6acf6abdab32c877ceb932e,build_log,,True
james,PR-2977,master,3,7370.0,1773972207.0,SUCCESS,b7c3cfcd1626c2560cca8b1e946e858d2cfc002c,27133.84,43587,0,304,2026-03-19,ecbfe49af84ea6b3d6acf6abdab32c877ceb932e,build_log,,True
james,PR-2980,master,1,11059.0,1774017444.0,SUCCESS,fec66b94404cca4af587f476234c6fbc34f16bcc,25615.281,43464,0,306,2026-03-20,b2544721c076f94d472ae64e11dc99712768e572,build_log,,True
james,PR-2981,master,1,2719.0,1774242754.0,SUCCESS,a8b75082409d652d192a4f94aba7dee5abed91bd,26308.926,43464,0,306,2026-03-23,8f7838c9bfbfb3e6d4641d225866a64746d747ea,build_log,,True
james,PR-2982,master,1,6543.0,1774276509.0,SUCCESS,684773c9fe0d1c47c880df442d6509568577bdcc,26050.87,43464,0,306,2026-03-23,fec352e77059dbe8ece17b9f59792cc1b7c05d73,build_log,,True
james,PR-2983,master,1,3321.0,1774578214.0,SUCCESS,7bcaf5fcfc801724adc7450a92b2bf16ec90d88c,26403.564,43464,0,306,2026-03-26,64afb1e31cb3f8752680b8da420ddccbde1dcdba,build_log,,True
james,PR-2984,master,1,7067.0,1774620580.0,SUCCESS,86e8bbed8d65afff6dd3c55ce76407870497cf60,27185.56,43476,0,306,2026-03-27,7e9bbc71a8c59d5e2a4f3ee66c56ba67acb033b4,build_log,,True
james,PR-2985,master,1,36029.0,1774710039.0,ABORTED,89d04f2b72fe907ba762fcd07dcb48952802d916,43936.94,38960,72,258,2026-03-28,7e9bbc71a8c59d5e2a4f3ee66c56ba67acb033b4,build_log,,True
james,PR-2985,master,2,36027.0,1774746070.0,ABORTED,6d2362a05ae40b2f901df5b2a65e8a17b265be47,43600.805,38960,71,258,2026-03-28,7e9bbc71a8c59d5e2a4f3ee66c56ba67acb033b4,build_log,,True
james,PR-2985,master,3,4314.0,1774855997.0,FAILURE,f35c1eec7dcb4b0136de37b936759d3e3a720046,21111.412,42800,153,302,2026-03-30,7e9bbc71a8c59d5e2a4f3ee66c56ba67acb033b4,build_log,,True
james,PR-2986,master,1,5241.0,1774860684.0,SUCCESS,2c6cd65d54dc350525b018b1a4cd30565859ff30,26388.334,43464,0,306,2026-03-30,7e9bbc71a8c59d5e2a4f3ee66c56ba67acb033b4,build_log,,True
james,PR-2985,master,4,2119.0,1774871460.0,SUCCESS,114d65f5492a36b9edd7898257e66f027e97b610,22323.666,43464,0,306,2026-03-30,7e9bbc71a8c59d5e2a4f3ee66c56ba67acb033b4,build_log,,True
james,PR-2987,master,1,4912.0,1774946524.0,SUCCESS,06849c99bec8971f344b306891afc0e96dfd9769,22917.477,43464,0,306,2026-03-31,5da8b6ea8f80a879bf6c7a605f51cbb168764a13,build_log,,True
james,PR-2987,master,2,4730.0,1774951437.0,SUCCESS,7c8e2b2377bb13482ab943fe35a7378447077ee0,22836.986,43464,0,306,2026-03-31,5da8b6ea8f80a879bf6c7a605f51cbb168764a13,build_log,,True
james,PR-2988,master,1,1135.0,1774964872.0,FAILURE,88cb089e8b0f0f31c81ff89c0cf80d841b6e3678,18396.4,40023,2,281,2026-03-31,5da8b6ea8f80a879bf6c7a605f51cbb168764a13,build_log,,True
james,PR-2988,master,2,922.0,1774974910.0,FAILURE,1835b2022eb22c2bc714ab06f2bb4e5f6fe753ce,18395.182,40024,1,281,2026-03-31,5da8b6ea8f80a879bf6c7a605f51cbb168764a13,build_log,,True
james,PR-2988,master,3,6754.0,1774979307.0,SUCCESS,c4229298ab4e3a9cf97ad8ff59b9ad7c66284e9d,26327.58,43472,0,306,2026-03-31,5da8b6ea8f80a879bf6c7a605f51cbb168764a13,build_log,,True
james,PR-2989,master,1,3081.0,1775040996.0,SUCCESS,5087b2609400600e6d96e95b78e0e459442400f2,26737.344,43476,0,306,2026-04-01,799bc6d6cedd366a1a2fdce764f952763b77336d,build_log,,True
james,PR-2990,master,2,5172.0,1775043401.0,SUCCESS,bc392ba7dd47132c110d322a0a3c9d2e38635d21,25300.41,43478,0,306,2026-04-01,799bc6d6cedd366a1a2fdce764f952763b77336d,build_log,,True
kafka,PR-15294,trunk,1,17788.0,1706665644.0,UNSTABLE,9bed3a2f8045cb79959fb0718f30af9a3c5c0f6a,266866.12,111618,33,267,2024-01-30,016bd682fe6353016e01ea69848d0d68bec86a90,build_log,,True
kafka,PR-15237,trunk,4,18116.0,1706687457.0,UNSTABLE,a119e750b04f571e5c046c64429dabd946093276,313280.78,111630,16,273,2024-01-31,6dd517daac34a8f1f0167abbc66bc80f2cdcec7e,build_log,,True
kafka,PR-15271,trunk,7,18523.0,1706708742.0,UNSTABLE,ce76b9e55477fa16a0a9509745ba226773244661,255052.16,111655,25,264,2024-01-31,cfc8257479c37e02344689405954b01fcc8f24f7,build_log,,True
kafka,PR-15180,trunk,7,17317.0,1706714401.0,UNSTABLE,cf45e71c3f8814147f550e6fe52bd1b03e540f6a,347151.16,111679,19,276,2024-01-31,127fe7d2765cfdcee6243cbc62a77a7760b3c84c,build_log,,True
kafka,PR-15262,trunk,4,17837.0,1706722763.0,UNSTABLE,b28e21a5f96d580e4463e20eb73738a157eb440c,209239.89,111639,14,265,2024-01-31,127fe7d2765cfdcee6243cbc62a77a7760b3c84c,build_log,,True
kafka,PR-15253,trunk,11,12804.0,1706724188.0,UNSTABLE,723b95222143df69c3d5000d0fa3782abdc6dfdb,138590.39,111888,30,257,2024-01-31,127fe7d2765cfdcee6243cbc62a77a7760b3c84c,build_log,,True
kafka,PR-15263,trunk,4,19554.0,1706758794.0,UNSTABLE,cdf9c0f0cf817e68ca27092addb21308a9bc3762,343822.2,111676,18,276,2024-01-31,127fe7d2765cfdcee6243cbc62a77a7760b3c84c,build_log,,True
kafka,PR-15285,trunk,7,16064.0,1706783203.0,UNSTABLE,ee0009605406d62614e5bc29e8087aaceadc7b5c,368306.62,111907,26,293,2024-02-01,6c09cc9586f823dff32c96131f6f377afaebbd2a,build_log,,True
kafka,PR-15280,trunk,4,15709.0,1706790089.0,UNSTABLE,6b12b95c5bf9475200e8247a951f319203892366,189953.92,111895,58,264,2024-02-01,6c09cc9586f823dff32c96131f6f377afaebbd2a,build_log,,True
kafka,PR-15249,trunk,13,15478.0,1706797025.0,UNSTABLE,85e9fd13e1e05532c76aa79401d33045805e6b29,309588.97,111904,19,275,2024-02-01,6c09cc9586f823dff32c96131f6f377afaebbd2a,build_log,,True
kafka,PR-15229,trunk,13,3214.0,1706803559.0,UNSTABLE,38f41b132178ecfe16d239a45e5886104f19ab9c,11950.317,5462,4,4,2024-02-01,8da6508966014898f51a8f899c2df9ab3f9ceb5c,build_log,,True
kafka,PR-15299,trunk,2,14576.0,1706813392.0,UNSTABLE,6085a8a8c184c1e44204dcc5a449c41dc1e70c7c,198276.78,111980,16,263,2024-02-01,4f0a40590833a141c78341ce95ffc782747c5ac8,build_log,,True
kafka,PR-15303,trunk,2,15317.0,1706835691.0,UNSTABLE,b85aa82b665743a674f6b24ef7359f8c201f524d,255710.39,111973,21,269,2024-02-01,b8ad609541bb8b224d16ce832a08f51017002bc1,build_log,,True
kafka,PR-15245,trunk,3,15705.0,1706853840.0,UNSTABLE,87ad61837738cfe6d1d02b1f0b70bd681360d660,272524.34,111991,18,279,2024-02-02,b8ad609541bb8b224d16ce832a08f51017002bc1,build_log,,True
kafka,PR-15216,trunk,33,14455.0,1706866966.0,UNSTABLE,22fcb3915e4344f1fd6c4aafa52b423c5a3aec88,267788.9,111982,11,279,2024-02-02,b8ad609541bb8b224d16ce832a08f51017002bc1,build_log,,True
kafka,PR-11438,trunk,6,18373.0,1706871997.0,UNSTABLE,b2d19f25f1a72082d3f7b1b9208f9b6788a6d5aa,272093.22,111973,17,272,2024-02-02,b8ad609541bb8b224d16ce832a08f51017002bc1,build_log,,True
kafka,PR-15307,trunk,1,16293.0,1706872388.0,UNSTABLE,ffcfa1a4fb13a1ff66bd56ec4e07a54fa974cd2b,235651.38,112000,16,266,2024-02-02,b8ad609541bb8b224d16ce832a08f51017002bc1,build_log,,True
kafka,PR-15308,trunk,1,14577.0,1706878034.0,UNSTABLE,9019be10ed84175e29398da36db34c28d6f76837,204497.78,111992,23,273,2024-02-02,be92ac521f26dbdb8caa71389696e14968a0c421,build_log,,True
kafka,PR-14782,trunk,9,16122.0,1706882883.0,UNSTABLE,9649b2be15a2d224f2a18c4aebb1a82f9b40c313,234431.48,112022,19,264,2024-02-02,a101d20c401fffcc32dbc0902ab8cb53a60d1f61,build_log,,True
kafka,PR-15047,trunk,3,18224.0,1706938030.0,UNSTABLE,d32b5497525afb8262b1168f87523cfd8d202a76,388817.5,112105,57,276,2024-02-02,4169ac9f5dc819c0495247c2230e96581800b1c7,build_log,,True
kafka,PR-14663,trunk,30,15150.0,1706983668.0,UNSTABLE,ba2c82c81597d5644148ea3fca02fcbd8df0658c,279618.34,112114,22,280,2024-02-03,3db14ec62a462a21f9196bad2f6cc325e30754c6,build_log,,True
kafka,PR-15314,trunk,2,13917.0,1707000850.0,UNSTABLE,8a7d11ad4ded40ac93fbd9240b8cfe0614a7d24c,292667.97,112092,30,279,2024-02-03,3db14ec62a462a21f9196bad2f6cc325e30754c6,build_log,,True
kafka,PR-15312,trunk,2,18018.0,1707019936.0,UNSTABLE,3a83111fcd71315a3dbff7f33f87d716447038e1,290776.16,112120,29,276,2024-02-03,3db14ec62a462a21f9196bad2f6cc325e30754c6,build_log,,True
kafka,PR-10977,trunk,4,18223.0,1707042152.0,UNSTABLE,ca6fd69b062c3d9445b3a023f14a96c3dc36b7a5,333159.5,112093,21,278,2024-02-04,3db14ec62a462a21f9196bad2f6cc325e30754c6,build_log,,True
kafka,PR-15315,3.7,1,17472.0,1707094296.0,UNSTABLE,cdfdeacdc78db30845a2b3dcb6d4028bbdf1e87a,443818.94,111127,58,284,2024-02-04,d631dca6e7f7b7ce981e4f1685d80fbe4a705912,build_log,,True
kafka,PR-15225,trunk,5,14901.0,1707097956.0,UNSTABLE,9046bf265016a655928b29b64928496ee7e69b42,310899.56,112106,19,278,2024-02-04,3db14ec62a462a21f9196bad2f6cc325e30754c6,build_log,,True
kafka,PR-15152,trunk,30,14410.0,1707104353.0,UNSTABLE,93e8ce5c706f92bbb34f8677343bb1f570648ce1,226372.28,112118,30,268,2024-02-04,3db14ec62a462a21f9196bad2f6cc325e30754c6,build_log,,True
kafka,PR-10769,trunk,4,16155.0,1707143285.0,UNSTABLE,1e23cbcd1793b8abffc1af3a72627d6753c5110a,225752.81,112119,22,264,2024-02-05,68745ef21a9d8fe0f37a8c5fbc7761a598718d46,build_log,,True
kafka,PR-10767,trunk,4,18738.0,1707144153.0,UNSTABLE,cbdb91b3c1d8f62e7ea7407919637f77e2e1039f,322296.5,112120,22,271,2024-02-05,829d5d45c4210a454bccf2beb659767ff08295b6,build_log,,True
kafka,PR-15309,trunk,7,15230.0,1707160197.0,UNSTABLE,5be4f849ea7e644e11903c93b635c6c6449603b0,290901.4,112156,40,272,2024-02-05,24a79c2613e32b1d1615f6f34d63225259740d0e,build_log,,True
kafka,PR-15243,trunk,4,16368.0,1707161840.0,UNSTABLE,c45345fa402ae7ba1ceeaf99fbbabae7f9bf6616,283110.38,112134,31,272,2024-02-05,24a79c2613e32b1d1615f6f34d63225259740d0e,build_log,,True
kafka,PR-15320,trunk,1,17997.0,1707174235.0,UNSTABLE,57d4ae6be11dce9f7c08824df74ee4a298b565fc,321469.94,112139,42,273,2024-02-05,54ef99f42f8aba2614287295329a68be320cd581,build_log,,True
kafka,PR-15321,trunk,2,15767.0,1707185081.0,UNSTABLE,1aa5ad0733cf33c0619b9592dfeaed29098475a2,282857.3,112135,23,279,2024-02-05,54ef99f42f8aba2614287295329a68be320cd581,build_log,,True
kafka,PR-15317,trunk,2,17507.0,1707204871.0,UNSTABLE,a0cc52a14422a905a88cc1d6d0573d7f44fd2c84,216163.94,112141,23,264,2024-02-06,54ef99f42f8aba2614287295329a68be320cd581,build_log,,True
kafka,PR-15322,trunk,1,14945.0,1707219137.0,UNSTABLE,df8ed8d8039930d81cdacdf9a3f14449059bb5a9,193517.81,112148,19,264,2024-02-06,3c20d4e54a4efcd83859dcf6bda4eaa015f6c8ee,build_log,,True
kafka,PR-12148,trunk,4,16222.0,1707231840.0,UNSTABLE,c198a7ea0af0dfa1bf31602e102932b80093573e,318787.78,112133,25,276,2024-02-06,3c20d4e54a4efcd83859dcf6bda4eaa015f6c8ee,build_log,,True
kafka,PR-9786,trunk,7,20038.0,1707233820.0,UNSTABLE,9f953e44c486e4e5115ce14a6733b39fc9d58fb2,344977.3,112129,32,274,2024-02-06,3c20d4e54a4efcd83859dcf6bda4eaa015f6c8ee,build_log,,True
kafka,PR-15325,trunk,1,15043.0,1707248847.0,UNSTABLE,4c3d1c7394e956e750e4c8eaaceb7b87e7cba094,231893.8,112149,27,263,2024-02-06,d6068189a5c41055f8cf7bb63986a63df19cef9d,build_log,,True
kafka,PR-15331,trunk,1,15445.0,1707272476.0,UNSTABLE,d956519f27ee398335d77e2ba5d2fad600e8ff16,263196.75,112127,15,272,2024-02-06,d6068189a5c41055f8cf7bb63986a63df19cef9d,build_log,,True
kafka,PR-15332,trunk,2,16535.0,1707291815.0,UNSTABLE,506511d92010a749bde3849e41cdedaf7126133a,359591.88,112131,50,275,2024-02-07,af0aceb4d718f1b647114857b374806c7c2b67a0,build_log,,True
kafka,PR-15333,trunk,2,16803.0,1707301269.0,UNSTABLE,6f62651122087928d2d7def4c45602cb6c0bbf6a,255097.22,112163,28,263,2024-02-07,08b68583fa1042c9b9473e4dc9352a3b45c772fb,build_log,,True
kafka,PR-15239,trunk,10,16376.0,1707326937.0,UNSTABLE,5e6984adfed398a4463d64edd6ff190e26a4de65,165213.19,112171,29,256,2024-02-07,08b68583fa1042c9b9473e4dc9352a3b45c772fb,build_log,,True
kafka,PR-15342,trunk,1,22875.0,1707403484.0,UNSTABLE,598ba8ca2836f86a08a598a89886856663ebb332,311083.62,112157,30,268,2024-02-08,cd328d84acc956deb61964d238ca803249aa6314,build_log,,True
kafka,PR-15344,trunk,1,17534.0,1707413979.0,UNSTABLE,727237551ae689637562472ba65ff1f0355548b3,231163.6,112154,17,263,2024-02-08,cd328d84acc956deb61964d238ca803249aa6314,build_log,,True
kafka,PR-15319,trunk,3,15457.0,1707442259.0,UNSTABLE,2b3a284b3739f6e5bf579ab3d5b9f8ade1266c91,359779.28,112142,29,279,2024-02-08,116bc000c8c6533552321fe1d395629c2aa00bd9,build_log,,True
kafka,PR-15340,trunk,3,17220.0,1707460088.0,UNSTABLE,2079badda34cc8d180e16cd0352dd9e217ffd527,403686.84,112144,27,286,2024-02-09,116bc000c8c6533552321fe1d395629c2aa00bd9,build_log,,True
kafka,PR-15346,trunk,1,16654.0,1707471820.0,UNSTABLE,d1c1af22f4c883173abe54cb44bf789a0daec076,298065.16,112154,34,272,2024-02-09,116bc000c8c6533552321fe1d395629c2aa00bd9,build_log,,True
kafka,PR-15347,trunk,1,19959.0,1707482616.0,UNSTABLE,5e2978e0e746c2e8e46a5c7423270e5414db31cc,462133.25,112150,35,278,2024-02-09,092dc7fc467ed7d354ec504d6939b3fcd7b80632,build_log,,True
kafka,PR-15020,trunk,11,15461.0,1707484728.0,UNSTABLE,5bd791df04f12909d275fbba984962b093877def,253155.52,112140,22,270,2024-02-09,ec4a8aaadbc95cfcf0de2f5e1385373f095298ca,build_log,,True
kafka,PR-14995,trunk,27,15891.0,1707485500.0,UNSTABLE,ddbbac49f18f5967bd3a92efffd6fc6fe8b45b62,184698.4,112244,38,255,2024-02-09,ec4a8aaadbc95cfcf0de2f5e1385373f095298ca,build_log,,True
kafka,PR-15311,trunk,8,18644.0,1707486710.0,UNSTABLE,da2502b7f89c2dab5236618473765f8477c7a46c,190426.44,112149,36,257,2024-02-09,ec4a8aaadbc95cfcf0de2f5e1385373f095298ca,build_log,,True
kafka,PR-15324,trunk,6,14495.0,1707506690.0,UNSTABLE,791094e32aed7c490202ffb1cd5ca7c223f23a04,188085.34,112153,30,262,2024-02-09,ec4a8aaadbc95cfcf0de2f5e1385373f095298ca,build_log,,True
kafka,PR-15349,trunk,3,3268.0,1707517778.0,SUCCESS,5f0c4766117a86a84ff9679a1665ab9103a38f9e,18678.287,87391,0,155,2024-02-09,ec4a8aaadbc95cfcf0de2f5e1385373f095298ca,build_log,,True
kafka,PR-15350,trunk,1,19881.0,1707526181.0,UNSTABLE,3f6080866b6d9bd9aed97b82ab7fb082547f74dd,330599.94,112159,47,272,2024-02-09,ec4a8aaadbc95cfcf0de2f5e1385373f095298ca,build_log,,True
kafka,PR-15313,trunk,9,15563.0,1707588305.0,UNSTABLE,e0ed970f5584055525358a44717a7406694866fa,267057.9,112166,23,271,2024-02-10,b25c96a91599ea029eae77c55cffaeafcc87b8a4,build_log,,True
kafka,PR-15256,trunk,22,13807.0,1707600778.0,UNSTABLE,c33131c6988ed1c83e703fd856ac66eb86ae0f4b,296596.06,112138,19,279,2024-02-10,d233eb98f7c7e55fe0dd673dbc058ddf619663a7,build_log,,True
kafka,PR-15351,trunk,1,14559.0,1707649027.0,UNSTABLE,300c41d6e2f0ff6bb4ab9cb6f5a1c08ae732fac4,327706.2,112152,30,277,2024-02-11,d233eb98f7c7e55fe0dd673dbc058ddf619663a7,build_log,,True
kafka,PR-15352,trunk,1,21113.0,1707715070.0,UNSTABLE,b5cb06c5be402d834290f84a6709a9fb46d3ea13,422491.75,112161,66,270,2024-02-11,d233eb98f7c7e55fe0dd673dbc058ddf619663a7,build_log,,True
kafka,PR-15275,trunk,10,16809.0,1707728334.0,UNSTABLE,d247d529936070d451277fc7100ff829fe36a6fc,315556.72,112171,48,271,2024-02-12,6a4078ddde7888ca12582b6dff13f9ece0cf4d59,build_log,,True
kafka,PR-15264,trunk,12,18048.0,1707730604.0,UNSTABLE,c3f2a5cda901d306e64f0e883c245afffa608d53,303204.16,112231,32,272,2024-02-12,6a4078ddde7888ca12582b6dff13f9ece0cf4d59,build_log,,True
kafka,PR-14862,trunk,20,15041.0,1707735314.0,UNSTABLE,d83d888f7f6c014093c6b93371e1fe51f3723213,268712.5,112144,1,271,2024-02-12,6a4078ddde7888ca12582b6dff13f9ece0cf4d59,build_log,,True
kafka,PR-15353,trunk,1,17278.0,1707741816.0,UNSTABLE,dcc82084d3744fe4539edddbf7e781fe48eb3895,293913.56,112141,39,268,2024-02-12,5cfcc52fb3fce4a43ca77df311382d7a02a40ed2,build_log,,True
kafka,PR-14034,trunk,23,18798.0,1707753426.0,UNSTABLE,573b53ddf4491e4404bcec0d28119a964c906c1a,409554.25,112162,53,278,2024-02-12,c6f4c604d8e50ad9e182eeb66f0d1650aa44f277,build_log,,True
kafka,PR-15101,trunk,13,16286.0,1707756141.0,UNSTABLE,b1fb3ef9b36e42f9d2955cbd87e4a3d49ea42b22,267617.3,112059,149,264,2024-02-12,c6f4c604d8e50ad9e182eeb66f0d1650aa44f277,build_log,,True
kafka,PR-15356,trunk,2,19174.0,1707756428.0,UNSTABLE,b93be6c57de408cf220ab332ffbe075cc3152651,364150.25,112173,53,270,2024-02-12,c6f4c604d8e50ad9e182eeb66f0d1650aa44f277,build_log,,True
kafka,PR-15358,trunk,1,17138.0,1707766851.0,UNSTABLE,a6db9bb0e901548d9772817c90d28eb3c436eed4,440259.16,112189,47,286,2024-02-12,794c52802c0bcc2676d750613fefe14006d03a44,build_log,,True
kafka,PR-14604,trunk,4,13388.0,1707769656.0,UNSTABLE,9a33f848721e06e65ff62ca7f20f64d2b94b72d0,171616.31,112211,43,257,2024-02-12,794c52802c0bcc2676d750613fefe14006d03a44,build_log,,True
kafka,PR-15286,trunk,4,20371.0,1707786383.0,UNSTABLE,c5ee97291bce808bd8ecada19873d20accb85796,339317.28,112191,60,272,2024-02-12,794c52802c0bcc2676d750613fefe14006d03a44,build_log,,True
kafka,PR-15274,trunk,14,15305.0,1707821644.0,UNSTABLE,bd32996701015dae85913a750fa2501b2c8085fd,314185.84,112096,44,275,2024-02-13,88c5543ccfb517ceba8dc56d22576efdf2540e0e,build_log,,True
kafka,PR-15362,trunk,3,14708.0,1707832064.0,UNSTABLE,47115a5b1c13bfd8637f5faa0ab98c73167bb261,263310.06,112171,19,270,2024-02-13,011d2382689df7b850b05281f4e19387c42c1f4d,build_log,,True
kafka,PR-15354,trunk,4,16264.0,1707835225.0,UNSTABLE,5bf9b2ffc7c7067287ff0c8b51319f72eb9eb1ce,346708.25,112188,38,271,2024-02-13,011d2382689df7b850b05281f4e19387c42c1f4d,build_log,,True
kafka,PR-15348,trunk,4,15545.0,1707863215.0,UNSTABLE,94e9218acc14a0bf2c7a1511058bc48e287cd084,247097.03,112175,19,272,2024-02-13,be6653c8bc25717e25a7db164527635a6579b4cc,build_log,,True
kafka,PR-15359,trunk,2,16619.0,1707869827.0,UNSTABLE,a95afbdc8bae378037d7abcc0bf9b802805ff284,339818.38,112180,24,278,2024-02-13,be6653c8bc25717e25a7db164527635a6579b4cc,build_log,,True
kafka,PR-15366,trunk,1,14573.0,1707871830.0,UNSTABLE,b31840f8d7bd6a88da4a7a1f190b0ab438b817ef,214233.14,112188,21,264,2024-02-13,be6653c8bc25717e25a7db164527635a6579b4cc,build_log,,True
kafka,PR-13862,trunk,9,14174.0,1707892988.0,UNSTABLE,9e7d566f955d6fb68e5fd8245b9eda9316120a54,203938.47,112186,21,265,2024-02-14,be6653c8bc25717e25a7db164527635a6579b4cc,build_log,,True
kafka,PR-15368,trunk,1,15800.0,1707901506.0,UNSTABLE,fb0d8fa049753ba13ed3ccd7536c652faa792471,189396.64,112188,31,257,2024-02-14,d24abe0edebad37e554adea47408c3063037f744,build_log,,True
kafka,PR-15370,trunk,1,17105.0,1707920240.0,UNSTABLE,149adade6b8cd909d81363ff0d5c956f0fbddd0f,369994.62,112176,29,280,2024-02-14,d24abe0edebad37e554adea47408c3063037f744,build_log,,True
kafka,PR-15371,trunk,1,14727.0,1707921384.0,UNSTABLE,9896013a2a9a9da2f245791f5326cc1885ba34c1,254304.2,112185,22,273,2024-02-14,d24abe0edebad37e554adea47408c3063037f744,build_log,,True
kafka,PR-15323,trunk,18,19412.0,1707933136.0,UNSTABLE,804c62999ccd0b1642e12067eade67c7cf08ba4d,411073.06,112207,42,271,2024-02-14,e8c70fce26626ed2ab90f2728a45f6e55e907ec1,build_log,,True
kafka,PR-15376,trunk,1,13019.0,1707948834.0,UNSTABLE,286c5d286463276fb37d0c1918efc1b44c5852f8,180149.52,112191,16,268,2024-02-14,e8c70fce26626ed2ab90f2728a45f6e55e907ec1,build_log,,True
kafka,PR-13931,trunk,8,14327.0,1707996336.0,UNSTABLE,019538f729fee7c0f37798cf6d216c86afe34c57,241682.53,112193,18,272,2024-02-15,5edf52359a99db801db91927c282af06b5ca4ee0,build_log,,True
kafka,PR-15375,trunk,3,14833.0,1708012404.0,UNSTABLE,84661c86ae69e21a0cdccfbdf5b588054370170a,261930.58,112210,16,269,2024-02-15,5edf52359a99db801db91927c282af06b5ca4ee0,build_log,,True
kafka,PR-15378,trunk,2,15001.0,1708028798.0,UNSTABLE,6e5e2ed696f4c33ab213697ddfa30afd9ed69eaf,278904.75,112363,21,273,2024-02-15,ff90f78c700c582f9800013faad827c36b45ceb7,build_log,,True
kafka,PR-15328,trunk,9,14799.0,1708033539.0,UNSTABLE,1b37a807eaddc6a0dbecbff32c56fc5e16a81321,304652.06,112201,29,271,2024-02-15,ff90f78c700c582f9800013faad827c36b45ceb7,build_log,,True
kafka,PR-15380,trunk,1,15972.0,1708049579.0,UNSTABLE,91edb3111dbe2cb912862e016aa6efaec2605c60,292008.72,112196,25,272,2024-02-15,ff90f78c700c582f9800013faad827c36b45ceb7,build_log,,True
kafka,PR-15381,trunk,1,15300.0,1708063257.0,UNSTABLE,547d50048497571d4c2c008362f79f10219cf32d,316691.0,112144,64,278,2024-02-16,553f45bca8a936d971af03e1552f2fe3f9c54fac,build_log,,True
kafka,PR-14953,trunk,3,17995.0,1708080855.0,UNSTABLE,2d7df0318d7a1c639942c769e1da982891eee2f7,374668.34,112232,36,272,2024-02-16,7a07aefd86f32824ade4821deb4bd81400b99d91,build_log,,True
kafka,PR-15092,trunk,13,15958.0,1708084307.0,UNSTABLE,dd7a8858aa480923ce2f0f87c013027503edc309,318875.75,112212,21,278,2024-02-16,ddc5d1dc349d98dc430fb1f67a6f4ca108dc00e4,build_log,,True
kafka,PR-15383,trunk,2,16479.0,1708099653.0,UNSTABLE,9644e6b12cd6a67c06e95cab63b1e3c6e4e647d5,234138.75,112240,23,266,2024-02-16,ddc5d1dc349d98dc430fb1f67a6f4ca108dc00e4,build_log,,True
kafka,PR-15300,trunk,17,19738.0,1708100555.0,UNSTABLE,09f3e08b2854728f4909995c1d9b7eec5994c069,280014.88,112223,33,272,2024-02-16,ddc5d1dc349d98dc430fb1f67a6f4ca108dc00e4,build_log,,True
kafka,PR-15219,trunk,10,5244.0,1708116862.0,UNSTABLE,1d1875f48b0700e8fd08397aa5b731775c601d98,92250.92,112232,17,253,2024-02-16,756f44a3e582902827ae45daf382556c7fba99a0,build_log,,True
kafka,PR-15382,trunk,3,18654.0,1708118106.0,UNSTABLE,9d976a362c20bdffc009d563c2d8095a1d22ba29,435408.62,112236,53,273,2024-02-16,756f44a3e582902827ae45daf382556c7fba99a0,build_log,,True
kafka,PR-15296,trunk,6,17440.0,1708120585.0,UNSTABLE,847f2bb83673cd10e1a3ee1edf4756ca6f87457e,401095.38,112223,32,284,2024-02-16,756f44a3e582902827ae45daf382556c7fba99a0,build_log,,True
kafka,PR-12740,trunk,7,13255.0,1708135213.0,UNSTABLE,bde43bca63e0531001573e5c1a1f95e929c7c8aa,138701.61,112234,21,257,2024-02-16,756f44a3e582902827ae45daf382556c7fba99a0,build_log,,True
kafka,PR-15374,trunk,3,14052.0,1708164060.0,UNSTABLE,b9b482728e7cfade27402d6fb2539efb2915e5ac,293473.38,112210,19,279,2024-02-17,e247bd03afe66d61426a9029220d06438dede3dc,build_log,,True
kafka,PR-15386,trunk,1,16334.0,1708170211.0,UNSTABLE,c36424e4951ba6b743e8a83b9654e2ae46a91958,399175.5,112217,54,276,2024-02-17,e247bd03afe66d61426a9029220d06438dede3dc,build_log,,True
kafka,PR-15388,trunk,1,15662.0,1708308164.0,UNSTABLE,2a23162780e47190b1211a22074a1ffca5aabca5,261722.62,112236,45,264,2024-02-18,e247bd03afe66d61426a9029220d06438dede3dc,build_log,,True
kafka,PR-14744,trunk,4,20897.0,1708324246.0,UNSTABLE,8f63bdcf38f0bc319d8b3029d7a28c490a1853f3,234678.36,112246,35,256,2024-02-19,e247bd03afe66d61426a9029220d06438dede3dc,build_log,,True
kafka,PR-15279,trunk,2,17843.0,1708333798.0,UNSTABLE,4c489eb9308e8a6b3530fe88c81292e71e8dc881,273905.8,112225,22,271,2024-02-19,e247bd03afe66d61426a9029220d06438dede3dc,build_log,,True
kafka,PR-15372,trunk,4,22850.0,1708362219.0,UNSTABLE,c823d57e9dad6b2e8a633fa07d964628c039e2c7,394825.56,112341,32,286,2024-02-19,b71999be95325f6ea54e925cbe5b426425781014,build_log,,True
kafka,PR-15316,trunk,8,19759.0,1708365614.0,UNSTABLE,27c890310cfe74f9cd74f2959a0d0fedb8ec2240,319260.62,112255,26,271,2024-02-19,b71999be95325f6ea54e925cbe5b426425781014,build_log,,True
kafka,PR-15391,trunk,2,20284.0,1708369074.0,UNSTABLE,f6ed9f45bdf48ca4b95207d88c9be6d23c6ee7de,245104.88,112241,26,264,2024-02-19,b71999be95325f6ea54e925cbe5b426425781014,build_log,,True
kafka,PR-15393,trunk,1,18458.0,1708434846.0,UNSTABLE,d0512175edaf90da8d575d873c9b80873fb7ce1c,226921.52,112244,27,264,2024-02-20,ead2431c37ace9255df88ffe819bb905311af088,build_log,,True
kafka,PR-15394,trunk,1,22453.0,1708443547.0,UNSTABLE,eab6e845445e3eed47df2b96afe185ec94f50fcd,225827.86,112255,33,264,2024-02-20,ead2431c37ace9255df88ffe819bb905311af088,build_log,,True
kafka,PR-15357,trunk,8,23211.0,1708448351.0,UNSTABLE,f95fde36777afae4fad69cdc600cb0b8df608800,307160.34,112304,32,275,2024-02-20,ead2431c37ace9255df88ffe819bb905311af088,build_log,,True
kafka,PR-15306,trunk,4,23408.0,1708448473.0,UNSTABLE,6085a8a8c184c1e44204dcc5a449c41dc1e70c7c,214921.66,112248,21,264,2024-02-20,ead2431c37ace9255df88ffe819bb905311af088,build_log,,True
kafka,PR-15398,trunk,1,24169.0,1708459060.0,UNSTABLE,dca0c1c913b6484dceb80a77eaeabac76e5e9731,339340.84,112241,27,271,2024-02-20,ead2431c37ace9255df88ffe819bb905311af088,build_log,,True
kafka,PR-15405,trunk,1,19065.0,1708509100.0,UNSTABLE,a2442cf27ad739dde9e9bd8e739d2ef59810de51,282837.56,112242,27,271,2024-02-21,9118ad653fa4a076bf1b774c22aa015dfc2c2aab,build_log,,True
kafka,PR-15369,trunk,10,21306.0,1708514260.0,UNSTABLE,b9f16b7de72e7eb1048c7ad6fd4619f870966001,200299.2,112316,25,263,2024-02-21,cc49fc76564b15f2111801faf62341aaf01c4d8c,build_log,,True
kafka,PR-15404,trunk,3,25451.0,1708515295.0,UNSTABLE,27a4aa9e9620473db158177d761e7a78690bbd17,260625.33,112312,24,265,2024-02-21,4c012c5c23b9b5031f4cfbf932ba399afd72e156,build_log,,True
kafka,PR-14605,trunk,4,26498.0,1708524401.0,UNSTABLE,d53139acd6330c0c025e677da16c57ef4cb7a6c0,204061.83,112320,19,269,2024-02-21,4c012c5c23b9b5031f4cfbf932ba399afd72e156,build_log,,True
kafka,PR-15421,trunk,1,18240.0,1708613697.0,UNSTABLE,4bb7ac689fbef4c6790af867498f151ad19e93b4,324436.28,112124,219,279,2024-02-22,98a658f871fc2c533b16fb5fd567a5ceb1c340b7,build_log,,True
kafka,PR-15422,trunk,6,16495.0,1708645280.0,UNSTABLE,f14674d34256df8b61579e1ac556daad84507c91,196680.55,112335,24,261,2024-02-22,a512ef1478ae0d42cbc1fa0db39d61376961063b,build_log,,True
kafka,PR-15423,trunk,1,19905.0,1708651233.0,UNSTABLE,14b5017b0d5e5af05f2ade806f4059c5277a549e,469639.12,112340,53,280,2024-02-22,661e41c92f9cee4ea97835de40ecf328330465f5,build_log,,True
kafka,PR-15399,trunk,4,15198.0,1708651309.0,UNSTABLE,0791f12f79b1a73d2d4e0a64c42d553b946af350,176883.69,112346,21,263,2024-02-22,661e41c92f9cee4ea97835de40ecf328330465f5,build_log,,True
kafka,PR-15392,trunk,6,16130.0,1708660508.0,UNSTABLE,705254d496bfe36d9708e5dc55996a5143416ee9,290742.88,112334,34,272,2024-02-22,06392f7ae272af33e6789ce48fc840005fa24899,build_log,,True
kafka,PR-15419,trunk,2,19969.0,1708681785.0,UNSTABLE,ee03cd08445ce0d1d305863ef50332aae7dd2f58,316907.84,112340,38,271,2024-02-23,06392f7ae272af33e6789ce48fc840005fa24899,build_log,,True
kafka,PR-15420,trunk,2,18121.0,1708681850.0,UNSTABLE,d4c1efe8ffb94f90784353588cadceff056c84e3,363618.84,112317,28,279,2024-02-23,06392f7ae272af33e6789ce48fc840005fa24899,build_log,,True
kafka,PR-15415,trunk,8,13485.0,1708705726.0,UNSTABLE,a30e2d1c157903546ac643e142f2da50c540d6ca,190874.05,112369,25,266,2024-02-23,7efdf40a77cf1c929e785ba04fa2363d4989c4c4,build_log,,True
kafka,PR-15397,trunk,6,14324.0,1708706875.0,UNSTABLE,648800b512380eae09d0c4d8729de0d38fc8c58e,188621.03,112337,17,264,2024-02-23,7efdf40a77cf1c929e785ba04fa2363d4989c4c4,build_log,,True
kafka,PR-15384,trunk,13,14317.0,1708734818.0,UNSTABLE,91d686e89dd7af8a8ff01499ed3072301c6e7fcd,276123.56,112338,14,279,2024-02-23,474f8c1ad620d1f982ac15cd418ae8462dec4d9e,build_log,,True
kafka,PR-15429,trunk,1,19839.0,1708746614.0,UNSTABLE,2ddab35af5be810d7687214638d9dde3eb7886e0,367670.7,112424,30,278,2024-02-23,474f8c1ad620d1f982ac15cd418ae8462dec4d9e,build_log,,True
kafka,PR-15295,trunk,18,14072.0,1708771841.0,UNSTABLE,091b44e9bc0d2080ea7f46e6ed06d7f31cda2a3b,237050.6,112377,18,272,2024-02-24,474f8c1ad620d1f982ac15cd418ae8462dec4d9e,build_log,,True
kafka,PR-15416,trunk,9,17027.0,1708928810.0,UNSTABLE,3dc1770c20a1b7721e7300d2de9b79993103983d,302022.62,112368,20,276,2024-02-26,b4e96913cc6c827968e47a31261e0bd8fdf677b5,build_log,,True
kafka,PR-15431,3.7,1,14940.0,1708945939.0,UNSTABLE,654bd6d483d9e08fe45caa909c2c7f58f73748c5,270975.0,111141,43,276,2024-02-26,9603d4c9ef1cffc33f5f378f1ec7c5c0d0dacdd5,build_log,,True
kafka,PR-15385,trunk,5,15523.0,1708951687.0,UNSTABLE,ca7ac065a91ac9c15ae5f9b09b3f336c1753b11d,268735.3,112369,20,278,2024-02-26,9bc9fae9425e4dac64ef078cd3a4e7e6e09cc45a,build_log,,True
kafka,PR-15435,trunk,1,18752.0,1708982762.0,UNSTABLE,925c61a99ce51103af1ab3188997def5ad1f767b,314867.0,112379,48,272,2024-02-26,9bc9fae9425e4dac64ef078cd3a4e7e6e09cc45a,build_log,,True
kafka,PR-15436,trunk,1,14669.0,1708987534.0,UNSTABLE,6020f337549be122c4eb70cf1426f4de7554e5a4,230801.38,112418,20,272,2024-02-26,027fad4b2a0d173df075f82e93501afb645ecc12,build_log,,True
kafka,PR-15424,trunk,3,16417.0,1709001753.0,UNSTABLE,5826d19104bfa03951a50f2113a59eba84009609,329247.62,112410,28,278,2024-02-26,ddfcc333f8d1c2f4ab0a88abf6d664153d6e82fd,build_log,,True
kafka,PR-15433,trunk,2,17136.0,1709023780.0,UNSTABLE,c03717369046fac2135ef2c7ed0525be825a00f7,252469.38,112403,16,271,2024-02-27,1c9f360f4af00c8cfcc18df3a10fb66ae1cf6b8e,build_log,,True
kafka,PR-15434,trunk,3,15962.0,1709031628.0,UNSTABLE,d9543932dcb63efb45c2d6e5704f044cb44ba95a,282968.9,112406,13,278,2024-02-27,3075a3f144c0583f570a888294087ef65ed379c9,build_log,,True
kafka,PR-15227,trunk,7,15370.0,1709048879.0,UNSTABLE,6615dfe19d39614b264170dbc00456c18d0e4938,258408.27,112252,188,272,2024-02-27,097932752087be671f3411d531c50a623dc41b87,build_log,,True
kafka,PR-14841,trunk,4,13531.0,1709092358.0,UNSTABLE,ebe82f8d8648356cff6301f13ea9455253e8dfa7,201377.56,112403,28,267,2024-02-27,097932752087be671f3411d531c50a623dc41b87,build_log,,True
kafka,PR-15339,trunk,10,14270.0,1709092408.0,UNSTABLE,16fcc5d3cd1a64bebb81c1f7e7bd387f515e852f,234034.97,112424,21,269,2024-02-27,097932752087be671f3411d531c50a623dc41b87,build_log,,True
kafka,PR-15430,trunk,4,17042.0,1709110282.0,UNSTABLE,244520ccc332e64bbaf2b8289d472da525cf0bd0,341245.12,112406,23,280,2024-02-28,097932752087be671f3411d531c50a623dc41b87,build_log,,True
kafka,PR-15150,trunk,22,14450.0,1709135770.0,UNSTABLE,2a421bad3cb7bac23235c079adbe64c4fd910581,259633.61,112469,34,274,2024-02-28,52289c92be45ba3758d07376d9c64ddadbecb544,build_log,,True
kafka,PR-15213,trunk,5,16372.0,1709143532.0,UNSTABLE,ac2014133d778eea5a6f4fcff56d70fecdb65cec,324761.7,112459,24,280,2024-02-28,52289c92be45ba3758d07376d9c64ddadbecb544,build_log,,True
kafka,PR-15443,trunk,1,15666.0,1709162834.0,UNSTABLE,06a386fd203b4b3d3b2161500aa7d3d8e493ddac,306544.6,112440,23,279,2024-02-28,52289c92be45ba3758d07376d9c64ddadbecb544,build_log,,True
kafka,PR-15438,trunk,11,15520.0,1709175452.0,UNSTABLE,4b798b6896f0b5c3c23b974c0cf90944811d1679,254740.75,112430,17,278,2024-02-28,55a6d30ccbe971f4d2e99aeb3b1a773ffe5792a2,build_log,,True
kafka,PR-15432,trunk,4,20413.0,1709197888.0,UNSTABLE,a92a06985de6f8edbad80df88d44c744f6bcfc19,370049.84,112428,90,284,2024-02-29,96c68096a26ea5e7c2333308dfbaef47cb1eac72,build_log,,True
kafka,PR-15289,trunk,3,15374.0,1709210200.0,UNSTABLE,394f2e30e3ac2110921f8e1ea2978c405194a11b,285842.38,112479,25,272,2024-02-29,f8eb4294d67b37e854aa14fb989d5e074df82ac2,build_log,,True
kafka,PR-15361,trunk,7,15487.0,1709219831.0,UNSTABLE,2206c2dd0372b59091bffc1183e78dbe749eff42,267911.06,112483,24,274,2024-02-29,d066b94c8103cca166d7ea01a4b5bf5f65a3b838,build_log,,True
kafka,PR-15355,trunk,19,11803.0,1709229502.0,SUCCESS,ea85ddae071bf187bc23a06d05afabc4729c1f5a,29941.371,96610,0,221,2024-02-29,d066b94c8103cca166d7ea01a4b5bf5f65a3b838,build_log,,True
kafka,PR-14206,trunk,24,17919.0,1709233515.0,UNSTABLE,59b3abc20486dcbeb39371312b6fb1aca0add98b,307367.12,112504,21,280,2024-02-29,d066b94c8103cca166d7ea01a4b5bf5f65a3b838,build_log,,True
kafka,PR-15445,trunk,3,16136.0,1709235334.0,UNSTABLE,287697f79e45f8e85ffceccf2f69ce808f8316d4,280591.4,112503,23,271,2024-02-29,d066b94c8103cca166d7ea01a4b5bf5f65a3b838,build_log,,True
kafka,PR-15437,trunk,2,17795.0,1709287973.0,UNSTABLE,5e5352d492457fd4ec1e3a334e7227651fbb100b,346770.4,112494,25,272,2024-03-01,d066b94c8103cca166d7ea01a4b5bf5f65a3b838,build_log,,True
kafka,PR-15440,trunk,4,17006.0,1709288799.0,UNSTABLE,33171ca5607cefd3b92b42126167310668d42aef,346207.3,112501,24,279,2024-03-01,c8843f06841d7f3c94b640ec9dbf69ec4682ec11,build_log,,True
kafka,PR-15452,trunk,1,16750.0,1709301480.0,UNSTABLE,25f2704dc4c99d3d8402ddd7a17c4114e1974761,250956.48,112507,19,274,2024-03-01,c8843f06841d7f3c94b640ec9dbf69ec4682ec11,build_log,,True
kafka,PR-15453,trunk,1,17241.0,1709301922.0,UNSTABLE,0aafccff470fa1f134310b378620c9f9bc9ac38a,280173.62,112497,20,272,2024-03-01,c8843f06841d7f3c94b640ec9dbf69ec4682ec11,build_log,,True
kafka,PR-14818,trunk,4,16172.0,1709303509.0,UNSTABLE,3ed11f5d7dea898dbd4d7868b8094b53540b9643,220504.14,112515,19,264,2024-03-01,c8843f06841d7f3c94b640ec9dbf69ec4682ec11,build_log,,True
kafka,PR-15448,trunk,2,17523.0,1709321015.0,UNSTABLE,696210a53fec6688638f237ba778129f85144e2c,373967.5,112512,27,279,2024-03-01,52a3fa07446f9c108399d47dbfb1685989a5d6eb,build_log,,True
kafka,PR-14365,trunk,9,13910.0,1709412188.0,UNSTABLE,c28ffc7e8a84269c38a3bc943f76ea77be080b1b,292944.2,112506,22,279,2024-03-02,52a3fa07446f9c108399d47dbfb1685989a5d6eb,build_log,,True
kafka,PR-15459,trunk,1,15177.0,1709437020.0,UNSTABLE,c485e8cce7593453e9737e109d1a93ecd1e5ab0e,272421.72,112538,24,269,2024-03-02,52a3fa07446f9c108399d47dbfb1685989a5d6eb,build_log,,True
kafka,PR-15458,trunk,2,13619.0,1709448270.0,UNSTABLE,89ef7d27d97f15c1ea4946fd92fd8b9cf4ed8c76,132212.08,112511,11,257,2024-03-03,52a3fa07446f9c108399d47dbfb1685989a5d6eb,build_log,,True
kafka,PR-15460,trunk,2,17761.0,1709518362.0,UNSTABLE,8dada550f39ecf1918fe07f76842831165eda036,270042.03,112501,21,274,2024-03-03,907e945c0b70263d312038d448196fff1f49a98b,build_log,,True
kafka,PR-15402,trunk,7,15393.0,1709523757.0,UNSTABLE,59f36f67903ba082d99d0776230aa31f4d69ed47,319612.78,112508,28,280,2024-03-03,907e945c0b70263d312038d448196fff1f49a98b,build_log,,True
kafka,PR-15426,trunk,6,16648.0,1709535557.0,UNSTABLE,a832dd37668558cdf7e5dbf0ecd8be8709cc21f9,352899.8,112569,22,279,2024-03-04,907e945c0b70263d312038d448196fff1f49a98b,build_log,,True
kafka,PR-15395,trunk,2,17015.0,1709543217.0,UNSTABLE,58c5e1edc624482254cc50b857d443edff6fa400,282060.25,112508,26,272,2024-03-04,2c0cab39aedab3a8635510acfac2551aaeb62ffb,build_log,,True
kafka,PR-15464,trunk,2,19253.0,1709561714.0,UNSTABLE,13fb463673f0fe7412a34376c3824b250f4bfd7e,282052.28,112476,28,273,2024-03-04,c254b22a4877e70617b2710b95ef44b8cc55ce97,build_log,,True
kafka,PR-15467,trunk,1,19759.0,1709570387.0,UNSTABLE,90a37d727b8a882f3756dcaf54e0ec5b302a8bf8,265887.56,112483,24,271,2024-03-04,c254b22a4877e70617b2710b95ef44b8cc55ce97,build_log,,True
kafka,PR-15447,trunk,4,18974.0,1709585993.0,UNSTABLE,b582141b2dcd5fc96bd795a7f248383bb8564c90,393460.97,112487,28,279,2024-03-04,c254b22a4877e70617b2710b95ef44b8cc55ce97,build_log,,True
kafka,PR-15387,trunk,4,16348.0,1709591374.0,UNSTABLE,4647fc1a4c30aa43be6790bb6a1bf1c0d4b1a2e7,323570.28,112475,15,279,2024-03-04,c254b22a4877e70617b2710b95ef44b8cc55ce97,build_log,,True
kafka,PR-15349,trunk,8,14449.0,1709593627.0,UNSTABLE,8e8d2dad1c817be2b062e0ef61850391d99ed2c9,267385.06,112467,10,279,2024-03-04,c254b22a4877e70617b2710b95ef44b8cc55ce97,build_log,,True
kafka,PR-15472,trunk,3,16830.0,1709632890.0,UNSTABLE,c98f8c7500799e21b6d2617ac34133554bcf86aa,272576.4,112512,34,269,2024-03-05,47792770a28a0b4a6c321a1822b522f4e81068d6,build_log,,True
kafka,PR-15444,trunk,4,17171.0,1709646884.0,UNSTABLE,bbeb437bac0c3de461830a1b010fb52ce385145a,260327.52,112515,39,263,2024-03-05,eea369af947dcff567f849183ba2217ac5e9a2ba,build_log,,True
kafka,PR-15473,trunk,3,15511.0,1709648295.0,UNSTABLE,0c7e26ffeecd4063778c7691b3befb113928ece4,181552.27,112501,17,265,2024-03-05,eea369af947dcff567f849183ba2217ac5e9a2ba,build_log,,True
kafka,PR-14426,trunk,31,20697.0,1709651502.0,UNSTABLE,664e4284a88f59cd9dceb5361efde5aa76ef9bed,261650.14,112500,23,272,2024-03-05,2f401ff4c85f6797391b8a3dd57d651f4de3d6ad,build_log,,True
kafka,PR-15449,trunk,11,6431.0,1709653037.0,SUCCESS,247f4c824f77cb4a5e7ec6b7401b4b9806e4f39c,368.74802,8,0,0,2024-03-05,2f401ff4c85f6797391b8a3dd57d651f4de3d6ad,build_log,,True
kafka,PR-15450,trunk,4,18371.0,1709656807.0,UNSTABLE,df5a2733cbc8a3ba1f5d96a967a860fee566ae8b,202725.44,112518,17,263,2024-03-05,2f401ff4c85f6797391b8a3dd57d651f4de3d6ad,build_log,,True
kafka,PR-15455,trunk,5,21072.0,1709673640.0,UNSTABLE,b075b29b039062bed651e5175858b5ceac6fd650,259254.19,112505,18,272,2024-03-05,1ca939128521459ef921d3ec71dda2a507ba1f15,build_log,,True
kafka,PR-15468,trunk,2,15595.0,1709686920.0,UNSTABLE,4a94d7fc45c67befb22f0a5b1cb07927dc90ba48,331685.16,112473,24,280,2024-03-05,c254b22a4877e70617b2710b95ef44b8cc55ce97,build_log,,True
kafka,PR-15480,trunk,2,16926.0,1709692471.0,UNSTABLE,482632fcf13594a7c9579a79c3e2f71cb8a747e2,283212.25,112494,50,270,2024-03-05,e81379d3fea956dd8900b7f4b68e0c1328401871,build_log,,True
kafka,PR-15449,trunk,13,20558.0,1709696914.0,UNSTABLE,19d210e941fc4a9d94576ebf5cf04985b0017497,287498.72,112512,31,272,2024-03-05,e81379d3fea956dd8900b7f4b68e0c1328401871,build_log,,True
kafka,PR-15365,trunk,18,20005.0,1709706519.0,UNSTABLE,df6340f3dbe21772aaf3c9908b486e06614eaebb,373065.16,112511,21,280,2024-03-06,e81379d3fea956dd8900b7f4b68e0c1328401871,build_log,,True
kafka,PR-15363,trunk,15,18098.0,1709745235.0,UNSTABLE,0c3394172399deb02a2f0bcc97da1332cee1adec,270823.53,112519,23,269,2024-03-06,bc0c73e944af69966c43d51d20417b441aa0f3f5,build_log,,True
kafka,PR-15261,trunk,2,13706.0,1709745305.0,UNSTABLE,2c621e0d61474c84295c0d30d01c249f6db74cf1,182932.23,112519,16,263,2024-03-06,bc0c73e944af69966c43d51d20417b441aa0f3f5,build_log,,True
kafka,PR-15457,trunk,7,17351.0,1709751635.0,UNSTABLE,bdf8f5b0610e3677d0bc140a79f455d71826ca3d,276220.53,112538,19,279,2024-03-06,62998b72642109ac455564d26c08e37eb0e9f0ea,build_log,,True
kafka,PR-15485,trunk,2,15758.0,1709768039.0,UNSTABLE,19c43158315ab8070e3397184f3e8acc5c29711d,304717.62,112540,18,276,2024-03-06,ccf4bd5f4621b80f5b1d3700df30e3b444381927,build_log,,True
kafka,PR-15409,trunk,2,17730.0,1709772718.0,UNSTABLE,cacd8a51de8115da92c94349b970304c8d7cb437,260849.33,112553,20,272,2024-03-06,5f4806fd1c0eb0ef67885a5a7f12de282f494933,build_log,,True
kafka,PR-15479,trunk,2,17300.0,1709806213.0,UNSTABLE,ecb789fc63c8500b3478774bfa5654a5452248e2,324991.97,112544,24,279,2024-03-07,a33c47ea4ddc810d66b6ed17ab74e40c5b7668fb,build_log,,True
kafka,PR-15462,trunk,5,16057.0,1709809567.0,UNSTABLE,6b3832063883e932abc8c85030d81257ef598ebd,275491.72,112544,22,279,2024-03-07,a33c47ea4ddc810d66b6ed17ab74e40c5b7668fb,build_log,,True
kafka,PR-15487,trunk,1,17142.0,1709813196.0,UNSTABLE,bb2ec28f71d2706eb900f3fb2cf7d190e77c3706,304174.34,112558,23,272,2024-03-07,a33c47ea4ddc810d66b6ed17ab74e40c5b7668fb,build_log,,True
kafka,PR-15488,trunk,2,16603.0,1709819518.0,UNSTABLE,c34c3c175751aef7cc4b8c869008462ab1aad923,269869.8,112565,30,274,2024-03-07,a33c47ea4ddc810d66b6ed17ab74e40c5b7668fb,build_log,,True
kafka,PR-15490,3.6,1,13524.0,1709822632.0,UNSTABLE,caf09dca0a7d41a67a22694584d8ec18a6d04934,166856.88,100040,19,155,2024-03-07,6770b477daf2591b2ea37df546d80a5021304897,build_log,,True
kafka,PR-15466,trunk,3,17687.0,1709839299.0,UNSTABLE,1dd3bce2287d540dd0873d645917dcc92b035f2c,329780.25,112567,22,279,2024-03-07,5dd382ccbd1fada55cc44a5223dcae56e0e8811d,build_log,,True
kafka,PR-15442,trunk,15,14185.0,1709846842.0,UNSTABLE,5bd78e15f84d7367098ddb6f6f33d0379e3188c2,289909.06,112570,20,286,2024-03-07,5dd382ccbd1fada55cc44a5223dcae56e0e8811d,build_log,,True
kafka,PR-15493,3.7,1,15052.0,1709847974.0,UNSTABLE,e478cb2000ae33716e01dea6d03e8412d45b8471,236806.69,111138,32,277,2024-03-07,0760ca5e942eb67407b9d3a3c46620c5a3e97140,build_log,,True
kafka,PR-12742,trunk,15,15509.0,1709861400.0,UNSTABLE,55660fb2215e8aed57f835dbb6ec4b35ef1ecf39,267978.06,112589,30,272,2024-03-07,3f3cee1b21f71bcc3f478514bc996e6c9ef6ccaa,build_log,,True
kafka,PR-15465,trunk,6,15372.0,1709877555.0,UNSTABLE,dfe6c95b1c5a1b1e2c0c265d8e266fd44da7504b,257448.86,112555,19,272,2024-03-07,3f3cee1b21f71bcc3f478514bc996e6c9ef6ccaa,build_log,,True
kafka,PR-15496,trunk,1,13984.0,1709890376.0,UNSTABLE,db0ebfc76204a2b0635df3d5969ad4b97ee6605c,246958.61,112561,19,277,2024-03-08,3f3cee1b21f71bcc3f478514bc996e6c9ef6ccaa,build_log,,True
kafka,PR-15497,trunk,1,16530.0,1709892879.0,UNSTABLE,605bf911c643a972ee11fafce4f0cec82771b3e8,314032.94,112556,29,275,2024-03-08,3f3cee1b21f71bcc3f478514bc996e6c9ef6ccaa,build_log,,True
kafka,PR-15498,3.6,2,11240.0,1709902279.0,UNSTABLE,6742fb4bc84e9c2faded9cc8fdbe027e9ea1e3c4,195774.45,100040,18,158,2024-03-08,a49da1049823e4d7a76a1b8c3343095affd0a199,build_log,,True
kafka,PR-15499,trunk,1,16471.0,1709928020.0,UNSTABLE,c922dcfa92db1f1cdd3de9329c5558bc762c8325,355022.56,112569,27,276,2024-03-08,414365979e960d0705f955579836faff6881f46a,build_log,,True
kafka,PR-15201,trunk,5,14246.0,1709928305.0,UNSTABLE,c402edaca665e2ac610ddc29c50ef17df3540076,220465.11,112588,16,265,2024-03-08,414365979e960d0705f955579836faff6881f46a,build_log,,True
kafka,PR-15503,trunk,1,15909.0,1709969733.0,UNSTABLE,c8bb8449eb7f1cbf81fad3c59f4fa7cc1544042a,247469.7,112578,18,266,2024-03-09,432825df95fe9824da05cf86cd40b7741210deb2,build_log,,True
kafka,PR-15504,trunk,1,13363.0,1709989392.0,UNSTABLE,28ceb8b6f5109682582d33064169e664de1813a0,260045.19,112571,15,273,2024-03-09,432825df95fe9824da05cf86cd40b7741210deb2,build_log,,True
kafka,PR-15506,trunk,2,14466.0,1710079266.0,UNSTABLE,20c59bc47fa7d26a03a2192f964beef8d2a7aff2,301942.97,112566,17,279,2024-03-10,1bb36c2bc12efb537a0f0b160b7013e83f8b34a7,build_log,,True
kafka,PR-15491,trunk,2,16516.0,1710175646.0,UNSTABLE,3818460ec887a0b71575ba32a891cb8523a9d98b,339379.94,112633,17,278,2024-03-11,8b72a2c72f09838fdd2e7416c98d30fe876b4078,build_log,,True
kafka,PR-15517,trunk,1,17598.0,1710185502.0,UNSTABLE,db5382b9646f8d99c07a836fc600457fd7d5caf3,253154.05,112563,52,264,2024-03-11,8b72a2c72f09838fdd2e7416c98d30fe876b4078,build_log,,True
kafka,PR-15518,trunk,4,15968.0,1710191680.0,UNSTABLE,44b01153a4cb60e6747fca9e90f21d624b5f28a4,211856.36,112587,25,268,2024-03-11,8b72a2c72f09838fdd2e7416c98d30fe876b4078,build_log,,True
kafka,PR-11982,trunk,8,16366.0,1710232483.0,UNSTABLE,88fbbc8354aba0d594c7875ba8c10c8c7d4a6b84,315788.06,112574,14,280,2024-03-12,8b72a2c72f09838fdd2e7416c98d30fe876b4078,build_log,,True
kafka,PR-15364,trunk,6,16820.0,1710251731.0,UNSTABLE,9761d2b667eeef255a97e702c2613118d30cacd8,274276.1,112633,22,272,2024-03-12,58ddd693e69599b177d09c2e384f31e7f5e11171,build_log,,True
kafka,PR-15277,trunk,19,13563.0,1710295498.0,UNSTABLE,44bcd1616038329f9a3d81b3e98980251b9761d3,270231.0,112644,23,272,2024-03-12,2c613b2d42fc3d6f7dfd89d23c08ef51dd90ba4b,build_log,,True
kafka,PR-15474,trunk,12,16788.0,1710335167.0,UNSTABLE,51b383dcadae2ae0bb262e3f2ef588777dbfa9ce,273907.7,112667,17,272,2024-03-13,2c613b2d42fc3d6f7dfd89d23c08ef51dd90ba4b,build_log,,True
kafka,PR-15511,trunk,2,19007.0,1710344370.0,UNSTABLE,62d44cf99cea3149d7dc0b24600899ccdf0643a1,358788.53,112651,40,271,2024-03-13,2c613b2d42fc3d6f7dfd89d23c08ef51dd90ba4b,build_log,,True
kafka,PR-15526,trunk,2,17458.0,1710346400.0,UNSTABLE,282309b3f787e71565f095ce234c8a81366fa9f9,330005.16,112628,27,272,2024-03-13,2c613b2d42fc3d6f7dfd89d23c08ef51dd90ba4b,build_log,,True
kafka,PR-15528,trunk,2,19898.0,1710350133.0,UNSTABLE,0c12561850c425c61eb42c81ad678966e01693b5,445805.03,112590,111,280,2024-03-13,2c613b2d42fc3d6f7dfd89d23c08ef51dd90ba4b,build_log,,True
kafka,PR-15519,trunk,3,18281.0,1710356987.0,UNSTABLE,581d313f97bed9dd569ab8ca33bb263ec86094c4,315163.97,112619,53,265,2024-03-13,aa7bef414e2e08fbe35923979e0c8fc8438e594e,build_log,,True
kafka,PR-15523,trunk,2,16395.0,1710413888.0,UNSTABLE,1481d215c7b4ef3b0b3c375878caa5f4af52f8d2,350904.47,112649,31,279,2024-03-14,2c49a765735152f72d6a5120b6c6403fc03af43a,build_log,,True
kafka,PR-15454,trunk,5,19286.0,1710430096.0,UNSTABLE,409d206e943d2e442452f0a9fd0e91378747908f,376445.12,112642,26,277,2024-03-14,2c49a765735152f72d6a5120b6c6403fc03af43a,build_log,,True
kafka,PR-15536,trunk,1,20135.0,1710441638.0,UNSTABLE,719ab93e9413c438db780c23208ddeae4547b11e,499119.6,112647,38,280,2024-03-14,37212bb242f937c0f0f8936350777686528291a4,build_log,,True
kafka,PR-15538,trunk,1,17038.0,1710451667.0,UNSTABLE,4b5a6d7619c3a69423bc63921a4a100cc5834aab,414297.66,112644,38,279,2024-03-14,178761eb36a3d0e82526a9694378fc2c9bdc7dd6,build_log,,True
kafka,PR-15539,trunk,1,18502.0,1710451858.0,UNSTABLE,c70c5fbb4af8806c8faeaf6fd16ca20bba6c60b4,284755.62,112682,35,266,2024-03-14,178761eb36a3d0e82526a9694378fc2c9bdc7dd6,build_log,,True
kafka,PR-15540,trunk,1,15253.0,1710451998.0,UNSTABLE,f906bbb37061901b4dedc13ae72a0081a6c2b9ca,266689.0,112655,30,264,2024-03-14,178761eb36a3d0e82526a9694378fc2c9bdc7dd6,build_log,,True
kafka,PR-15330,trunk,53,18239.0,1710452164.0,UNSTABLE,3071b8a19e7d69509e3badf2f8221e7666abee5a,362638.3,112630,26,278,2024-03-14,178761eb36a3d0e82526a9694378fc2c9bdc7dd6,build_log,,True
kafka,PR-15537,trunk,2,20106.0,1710452249.0,UNSTABLE,a665e863b97f9f5e7ffa26a30efe1100269bdc34,439852.7,112710,57,270,2024-03-14,178761eb36a3d0e82526a9694378fc2c9bdc7dd6,build_log,,True
kafka,PR-15188,trunk,26,18704.0,1710460691.0,UNSTABLE,969e0a622f1bfdbcadcef690696fb469b36ccc68,389554.9,112705,32,272,2024-03-14,834efa66062687f520a9e936a5ee2798310d8bcf,build_log,,True
kafka,PR-15507,trunk,8,16592.0,1710461002.0,UNSTABLE,204bdf50d5480d49dcc7ce7012f02eff237ed3ab,231531.72,112662,13,265,2024-03-14,834efa66062687f520a9e936a5ee2798310d8bcf,build_log,,True
kafka,PR-15542,3.6,1,14128.0,1710469807.0,UNSTABLE,14a7892bdd73b693c5d82bdbe21a0e95dd297f5e,172171.3,100164,20,155,2024-03-14,6a3cc229895b36373360a079d970e071d318e4fe,build_log,,True
kafka,PR-15508,trunk,3,19986.0,1710482520.0,UNSTABLE,6a50f5f22b8a24e13052ebb9ab3217e31058032d,434020.06,112674,30,280,2024-03-15,e4c53d093eb70c29395e98b732749964572085a8,build_log,,True
kafka,PR-15543,trunk,2,17712.0,1710490528.0,UNSTABLE,3900718c9c9f9735fb52f49efc2cd56d1269fc4c,410697.5,112660,28,285,2024-03-15,96bfac42168c5b195bd2e0551f21697ca73ed9f7,build_log,,True
kafka,PR-15544,trunk,1,16254.0,1710494097.0,UNSTABLE,1bce9597cb3af6f0b9ff04513ce3d36206394e2c,315462.75,112657,17,280,2024-03-15,96bfac42168c5b195bd2e0551f21697ca73ed9f7,build_log,,True
kafka,PR-15401,trunk,7,13705.0,1710506279.0,UNSTABLE,f77b1cd04d2f7354f9412979f12d3ae006bf2e6f,231967.11,112678,20,264,2024-03-15,fa190cf18e6101b8e0212b6f79bb585ccfeb0437,build_log,,True
kafka,PR-15545,trunk,1,17570.0,1710507010.0,UNSTABLE,8a09f56e1704e331a338e07e3d2f7cd6c00c5f2e,254064.25,112699,46,265,2024-03-15,fa190cf18e6101b8e0212b6f79bb585ccfeb0437,build_log,,True
kafka,PR-15414,trunk,23,17469.0,1710541905.0,UNSTABLE,d0b8d8837db3ab63d7443cfa5a18f36ad2be2f22,306294.62,112673,20,272,2024-03-15,3f666026260472179c17ded967a8d9577107e1f0,build_log,,True
kafka,PR-15547,trunk,1,15628.0,1710542331.0,UNSTABLE,9c21a3556c25dd2a0f23f5800ae47dfb32fde960,280801.97,113690,21,272,2024-03-15,3f666026260472179c17ded967a8d9577107e1f0,build_log,,True
kafka,PR-15494,trunk,5,17433.0,1710546865.0,UNSTABLE,1b220399b58bf05b58d56599607164b33dce2c5c,302399.5,112676,21,271,2024-03-15,3f666026260472179c17ded967a8d9577107e1f0,build_log,,True
kafka,PR-15476,trunk,10,13996.0,1710572514.0,UNSTABLE,71cb747ff3f4d0848a84b190f2939b17e8ac3d7c,366446.97,112683,29,279,2024-03-16,3f666026260472179c17ded967a8d9577107e1f0,build_log,,True
kafka,PR-15548,trunk,1,16861.0,1710646171.0,UNSTABLE,1b66baf48acd85af2a04eaaa147324449acb81f8,274124.84,112663,27,272,2024-03-16,313574e329ef55ce2da3641430add3c4473d621a,build_log,,True
kafka,PR-15495,trunk,2,16494.0,1710671804.0,UNSTABLE,0b28dd4478726b623d88c89ac6f2e5fc0f035ffa,328357.84,112668,22,285,2024-03-17,313574e329ef55ce2da3641430add3c4473d621a,build_log,,True
kafka,PR-15483,trunk,7,17710.0,1710691238.0,UNSTABLE,1a1be10c8468ea6c11a6da7ee79ad879010ab3fe,351261.47,112668,28,279,2024-03-17,313574e329ef55ce2da3641430add3c4473d621a,build_log,,True
kafka,PR-15551,trunk,1,13351.0,1710703892.0,UNSTABLE,5c9250f5549312ca8c8fce7987981736e95bf10c,235451.45,112665,16,270,2024-03-17,313574e329ef55ce2da3641430add3c4473d621a,build_log,,True
kafka,PR-15552,trunk,1,14726.0,1710726152.0,UNSTABLE,2b8ffb45310b4c91ca3d7d527f53898e04f8ca78,271019.6,112676,19,273,2024-03-17,313574e329ef55ce2da3641430add3c4473d621a,build_log,,True
kafka,PR-15530,trunk,10,17664.0,1710755418.0,UNSTABLE,fa84a5a5c64b365e6f7ed074810f737c87b2efe5,381358.03,112653,30,287,2024-03-18,359982328840226fecd9e655197fee07a6bdc538,build_log,,True
kafka,PR-15554,trunk,1,16490.0,1710759270.0,UNSTABLE,154b4c056b6f3d83e5274fe85c68cff7ddb410bc,275224.34,112671,17,266,2024-03-18,5c929874b88b3b96f650de0f733d93d42ac535a4,build_log,,True
kafka,PR-15273,trunk,7,18058.0,1710784057.0,UNSTABLE,d4fcdc28d9c8ba8d2287074f563b3f250c2c9a4b,348475.1,112677,29,278,2024-03-18,5c929874b88b3b96f650de0f733d93d42ac535a4,build_log,,True
kafka,PR-15524,trunk,4,17320.0,1710792605.0,UNSTABLE,e15b50d67c67c69379d935f89cd9d026fbab8d8f,391097.22,112669,27,279,2024-03-18,67cb742b540796c80553f8ef03b8ccf10274ce7c,build_log,,True
kafka,PR-15481,trunk,5,15806.0,1710817728.0,UNSTABLE,f8d2296cb6cff72a7bbd61b427838d8c23f5c7da,353411.72,112657,29,287,2024-03-18,1d6e0b872757317a23203e114303fbfb0a0a0c84,build_log,,True
kafka,PR-15533,trunk,3,17783.0,1710858341.0,UNSTABLE,ff476a2c83a018af1d1b4e25803788fcfc1fa0c2,358673.44,112662,22,276,2024-03-19,1d6e0b872757317a23203e114303fbfb0a0a0c84,build_log,,True
kafka,PR-15512,trunk,10,20012.0,1710863178.0,UNSTABLE,340841bc86f2aa92f66d6c3d3ce16b3e40ef146f,213422.98,112685,19,257,2024-03-19,bf3f088c944763d8418764064f593d0bf06fbcc3,build_log,,True
kafka,PR-14471,trunk,71,16462.0,1710870492.0,UNSTABLE,6645d62f3fe488ce013b1fe2d8986757c89a784b,277721.88,112674,13,276,2024-03-19,bf3f088c944763d8418764064f593d0bf06fbcc3,build_log,,True
kafka,PR-14675,trunk,49,16145.0,1710879853.0,UNSTABLE,53fad498b5ce125b871da5602c353ef39bdf4918,336882.12,113681,22,278,2024-03-19,bf3f088c944763d8418764064f593d0bf06fbcc3,build_log,,True
kafka,PR-15546,trunk,8,13612.0,1710881401.0,UNSTABLE,84a6ce8e5c680556fade42c82b0beb085ac0e323,302816.6,112675,20,280,2024-03-19,c66d66dc67b3aacb60f438bb4c5c1c132e8be4f2,build_log,,True
kafka,PR-15254,trunk,5,18297.0,1710948790.0,UNSTABLE,99743362c4ff29c7062c0e2867c6b85312593336,242580.4,112676,58,260,2024-03-20,3e3c618bdc90ea225632a6aeecb0e65b5ac8294f,build_log,,True
kafka,PR-15563,trunk,1,19919.0,1710950331.0,UNSTABLE,ddb100658cbc1a2568333d6c483d19e60f039ed8,352617.1,112715,32,272,2024-03-20,f1d741a9c1057eb40a57d6ffbc81edb7e529e1f5,build_log,,True
kafka,PR-15566,trunk,1,20019.0,1710966756.0,UNSTABLE,babee722e82374e20729faf60664962faa282955,469400.88,112697,48,280,2024-03-20,f1d741a9c1057eb40a57d6ffbc81edb7e529e1f5,build_log,,True
kafka,PR-15565,trunk,2,14233.0,1710968533.0,UNSTABLE,08d96ebe8e7632333afaab120d1fd3c704a862e4,264417.12,112703,16,271,2024-03-20,f1d741a9c1057eb40a57d6ffbc81edb7e529e1f5,build_log,,True
kafka,PR-15567,trunk,1,17461.0,1710978406.0,UNSTABLE,064ea174a6a986fd8236787f642e974948be6ba2,333989.3,112683,20,280,2024-03-20,f1d741a9c1057eb40a57d6ffbc81edb7e529e1f5,build_log,,True
kafka,PR-15560,trunk,3,15141.0,1711006460.0,UNSTABLE,b2fa3e64ac12a7e09e2b5364ca99517fdb031762,312035.0,112717,28,271,2024-03-21,cfa7d393608108be4757a1062226d40e9f8ed29a,build_log,,True
kafka,PR-15574,trunk,1,18193.0,1711031586.0,UNSTABLE,d415b53261d2f281905a68ef0c00151a8f67b730,366531.53,112691,20,279,2024-03-21,a41c10fd49841381b5207c184a385622094ed440,build_log,,True
kafka,PR-15578,trunk,2,17180.0,1711054580.0,UNSTABLE,2e3caebb62f2bf5f38c004476ccd291dd1c72fa2,298334.72,112689,26,282,2024-03-21,7e85d7d32e8cb4f3fa9b01fd4197ee43d64ba6d0,build_log,,True
kafka,PR-15486,trunk,15,17592.0,1711057927.0,UNSTABLE,3a985ef0671a580051377e0b06baf003cd1019aa,407708.16,112766,35,286,2024-03-21,7e85d7d32e8cb4f3fa9b01fd4197ee43d64ba6d0,build_log,,True
kafka,PR-15570,3.6,6,11577.0,1711091264.0,UNSTABLE,383ec8c545f2ded653468de33d9defaa315de9d8,227574.05,100198,19,158,2024-03-22,01d4e3a9ac9b24b5915cce93b66186542e26d0a9,build_log,,True
kafka,PR-15534,trunk,4,17751.0,1711100980.0,UNSTABLE,93cbe8b2cb3e714b23e94c4e5a7b2a22976d684d,289810.62,112714,22,271,2024-03-22,997ca14f8057462e52ea00721c9cc16469ac5108,build_log,,True
kafka,PR-14903,trunk,12,15393.0,1711103033.0,UNSTABLE,5566ad27e1868cc057bbf50003374b144c8e58cb,305471.66,112681,20,279,2024-03-22,fb03da0df47775457a2785251739f4ad6be5cd67,build_log,,True
kafka,PR-15580,trunk,1,17025.0,1711109283.0,UNSTABLE,2d81920afa45ae595eabf6db80dc0b0f7e568b6d,381730.47,112689,23,280,2024-03-22,fb03da0df47775457a2785251739f4ad6be5cd67,build_log,,True
kafka,PR-15576,trunk,2,20112.0,1711120876.0,UNSTABLE,40fabb1c36a5cc3033930939088264ee4c5c102e,432124.88,112707,35,280,2024-03-22,159d25a7df25975694e2e0eb18a8feb125f7c39e,build_log,,True
kafka,PR-15535,trunk,11,17073.0,1711128917.0,UNSTABLE,f61d12107644171186aecd2167a7c326072a0b53,314560.94,112699,24,286,2024-03-22,159d25a7df25975694e2e0eb18a8feb125f7c39e,build_log,,True
kafka,PR-15579,trunk,6,16175.0,1711138528.0,UNSTABLE,f8d1bc99bccb68d584782934ca0888a8b0a94e72,375783.4,112768,24,276,2024-03-22,2e8d69b78ca52196decd851c8520798aa856c073,build_log,,True
kafka,PR-15583,trunk,1,16131.0,1711143217.0,UNSTABLE,7599ae02b6e09ab3787ee5e406031aca15330baf,320272.94,112762,20,287,2024-03-22,2e8d69b78ca52196decd851c8520798aa856c073,build_log,,True
kafka,PR-15550,trunk,4,18563.0,1711165046.0,UNSTABLE,75282be18aea5b30f6285dfae1bca10af9643cbb,353350.5,112758,22,272,2024-03-22,2e8d69b78ca52196decd851c8520798aa856c073,build_log,,True
kafka,PR-15564,trunk,2,13616.0,1711205501.0,UNSTABLE,e078618609212c8b7ac7119d03377a20fb3d7229,321246.25,112824,21,280,2024-03-23,0f216b644874f2f89285f9d4736b50246cd5b0a2,build_log,,True
kafka,PR-15590,trunk,1,17608.0,1711276392.0,UNSTABLE,d3e6a8912fda9a0d5315512b1a13efc188c63d5a,404801.9,112746,30,280,2024-03-24,bf9a27fefdb3d93c7a510f871433c4c9e07de71a,build_log,,True
kafka,PR-15013,trunk,5,14538.0,1711277522.0,UNSTABLE,405b2a28014e7d7616155fd21bceea5e0ab02015,267004.7,112765,17,269,2024-03-24,bf9a27fefdb3d93c7a510f871433c4c9e07de71a,build_log,,True
kafka,PR-15591,trunk,2,17865.0,1711290255.0,UNSTABLE,c9c17229738c200a7abc3d95973b54bb8834fc7f,197212.4,112767,21,257,2024-03-24,bf9a27fefdb3d93c7a510f871433c4c9e07de71a,build_log,,True
kafka,PR-15520,trunk,3,20368.0,1711302895.0,UNSTABLE,c05091316623f5ad8fa61f128a8547917eec5f56,390873.12,112773,29,287,2024-03-24,bf9a27fefdb3d93c7a510f871433c4c9e07de71a,build_log,,True
kafka,PR-15592,trunk,1,17232.0,1711307925.0,UNSTABLE,79f604ed1f89d8f8e7db5278ac581bf5c2361a00,377744.12,112759,27,279,2024-03-24,bf9a27fefdb3d93c7a510f871433c4c9e07de71a,build_log,,True
kafka,PR-15484,trunk,4,13788.0,1711311312.0,UNSTABLE,6feb15f56a08959019eea000ac971d40c608c812,251977.64,112760,19,270,2024-03-24,bf9a27fefdb3d93c7a510f871433c4c9e07de71a,build_log,,True
kafka,PR-15403,trunk,14,16472.0,1711343251.0,UNSTABLE,0622afd83f10e92ed99cfddc775cf50bb6104ed1,376886.6,112765,35,279,2024-03-25,7b2fc469adc58329a96d238bf80eef10f4fb0b22,build_log,,True
kafka,PR-15581,trunk,5,17668.0,1711377898.0,UNSTABLE,52570625d0c02bc9f740cd125e1504b428dab4b7,168431.08,112791,21,254,2024-03-25,51c9b0d0ad408754b1c5883a9c7fcc63a5f57eb8,build_log,,True
kafka,PR-15596,trunk,4,22174.0,1711378479.0,UNSTABLE,8f0d84206a491768dd60236b628c13c183192f0d,323545.47,112772,23,271,2024-03-25,51c9b0d0ad408754b1c5883a9c7fcc63a5f57eb8,build_log,,True
kafka,PR-15586,trunk,3,23737.0,1711381932.0,UNSTABLE,a06e2769b7d73370269e1020888fe8af66f770c0,329885.94,112775,19,273,2024-03-25,51c9b0d0ad408754b1c5883a9c7fcc63a5f57eb8,build_log,,True
kafka,PR-15559,trunk,10,22244.0,1711384166.0,UNSTABLE,fbc8da64cdecf42213067f9495b966a118712b9b,424405.2,112784,36,279,2024-03-25,51c9b0d0ad408754b1c5883a9c7fcc63a5f57eb8,build_log,,True
kafka,PR-15584,trunk,2,14915.0,1711411473.0,UNSTABLE,bf1900e9971cddd6c08e38baf40c9ae04dfc84cc,199825.9,112794,35,264,2024-03-25,ad960635a90ead44f4a696c0da7777b5d06f5837,build_log,,True
kafka,PR-15505,trunk,6,15398.0,1711419427.0,UNSTABLE,70bbf9ba8106441a2ada641f4f50b1932e323b4f,297049.84,112791,25,279,2024-03-25,fa1cf7975e4005f59bf7a1ffc49e9d018c0eb572,build_log,,True
kafka,PR-15561,trunk,12,16887.0,1711419559.0,UNSTABLE,a2971704397e0b7f4b1fa78dafce2b70933c9afb,238976.9,112804,19,263,2024-03-25,fa1cf7975e4005f59bf7a1ffc49e9d018c0eb572,build_log,,True
kafka,PR-15595,trunk,2,18700.0,1711435634.0,UNSTABLE,430813c5a6698e6387b2499081d49644814db35c,452132.16,112788,78,280,2024-03-26,fa1cf7975e4005f59bf7a1ffc49e9d018c0eb572,build_log,,True
kafka,PR-15568,trunk,6,16630.0,1711453943.0,UNSTABLE,c3a650c669798893acb3c0af1d1aa2d1f81edbeb,320108.7,112812,31,272,2024-03-26,2d4abb85bf4a3afb1e3359a05786ab8f3fda127e,build_log,,True
kafka,PR-15389,trunk,8,17016.0,1711453943.0,UNSTABLE,fb6fb90142521a65bd4a04a28b5e20afc7313ec9,318702.06,112877,52,272,2024-03-26,2d4abb85bf4a3afb1e3359a05786ab8f3fda127e,build_log,,True
kafka,PR-15588,trunk,5,18734.0,1711453943.0,UNSTABLE,c943d09f46716ee9635babc1c1f81b4c692ae745,288823.0,112580,51,274,2024-03-26,2d4abb85bf4a3afb1e3359a05786ab8f3fda127e,build_log,,True
kafka,PR-15492,trunk,8,15874.0,1711467674.0,UNSTABLE,91dc60e4dac18fda812aa6bf75b7d9bfcec70abe,239343.55,112817,23,262,2024-03-26,6f8d4fe26b7ceaa369c5e974a8cf54cc2714f9a7,build_log,,True
kafka,PR-15250,trunk,71,13920.0,1711488090.0,UNSTABLE,6c431ec3a88abf7e7cac24a6d3cf6e199ceb0f0a,259347.45,112802,24,272,2024-03-26,b667e61ea7c7ed53406338df2434e97ef684d0dd,build_log,,True
kafka,PR-15600,trunk,4,15644.0,1711508324.0,UNSTABLE,2b353183eaddc8fdbb6458b69cb62dca1d362916,301680.12,112783,16,280,2024-03-26,3e64f8fa1b0f2ef09f1d5ff8de6539992d295799,build_log,,True
kafka,PR-15075,trunk,18,14891.0,1711527289.0,UNSTABLE,a5a7b0027cad63a8cccafd90fb08c9b8483bb5f5,248205.38,112795,13,270,2024-03-27,932647606504125e5c3ba0ae9470b4af335a0885,build_log,,True
kafka,PR-15609,trunk,2,17934.0,1711538202.0,UNSTABLE,ffd3e6b0cfd18e54b2dc2426a44560837c5e0b56,359642.88,112822,31,273,2024-03-27,ace2152d229da35263a7e64537ca0d0316415558,build_log,,True
kafka,PR-15611,trunk,1,16372.0,1711551854.0,UNSTABLE,c38ebfd61af89a4920b2ef74b28de42bb6cb2cc6,268276.8,112809,16,271,2024-03-27,6f38fe5e0a6e2fe85fec7cb9adc379061d35ce45,build_log,,True
kafka,PR-15549,trunk,3,17310.0,1711553020.0,UNSTABLE,ff4d83b7948e623d7637bee609678d87387c1090,422936.06,112820,25,280,2024-03-27,6f38fe5e0a6e2fe85fec7cb9adc379061d35ce45,build_log,,True
kafka,PR-15612,trunk,1,16133.0,1711553565.0,UNSTABLE,59d5f41676b476aa24e863bcc792bb1b911a50c9,302429.4,112779,57,270,2024-03-27,6f38fe5e0a6e2fe85fec7cb9adc379061d35ce45,build_log,,True
kafka,PR-15373,trunk,6,22748.0,1711560157.0,UNSTABLE,f0ab817c3f7e56eee9d8e25e8acbde92cdd0e013,250756.84,111966,173,260,2024-03-27,6f38fe5e0a6e2fe85fec7cb9adc379061d35ce45,build_log,,True
kafka,PR-15510,trunk,7,13607.0,1711625869.0,UNSTABLE,83df169ebd49cc0fef12ad54f09a600af1955239,276743.53,112761,76,278,2024-03-28,4ccbf1634afb063615616b5995ef279a063fbeab,build_log,,True
kafka,PR-15589,trunk,10,17242.0,1711637636.0,UNSTABLE,2b8b10662c73f18b3fcec52478bf95e3d5abd30c,292981.75,112778,91,270,2024-03-28,355873aa54439790d37a6b7c1c9d0c072511e47a,build_log,,True
kafka,PR-15572,trunk,10,15360.0,1711639835.0,UNSTABLE,bda32be7979fa8018f678b4d212977b5ba6b01d6,88333.83,56326,34,162,2024-03-28,8b274d8c1bfbfa6d4319ded884a11da790d7bf77,build_log,,True
kafka,PR-15619,trunk,2,13253.0,1711641950.0,UNSTABLE,788b722c58fe6e8779b2dc1a943c21bc29448d38,25610.928,28119,16,110,2024-03-28,8b274d8c1bfbfa6d4319ded884a11da790d7bf77,build_log,,True
kafka,PR-15446,trunk,12,11635.0,1711643569.0,UNSTABLE,f3027d67346ea5780b2d345df8e6c42eb1b0061f,31668.617,28122,16,110,2024-03-28,8b274d8c1bfbfa6d4319ded884a11da790d7bf77,build_log,,True
kafka,PR-15597,trunk,9,10654.0,1711644550.0,UNSTABLE,352d7e74202967c0a9378639690323be258a223e,25566.229,28119,16,113,2024-03-28,8b274d8c1bfbfa6d4319ded884a11da790d7bf77,build_log,,True
kafka,PR-15618,3.6,2,7352.0,1711647852.0,UNSTABLE,5391bee186af0481602547ca6fe4fc230ff7c95b,17134.629,25128,12,21,2024-03-28,64f7a0a300c70b00c0cc357d0a936ea8b42b69fb,build_log,,True
kafka,PR-15463,trunk,16,17358.0,1711727355.0,UNSTABLE,51cceca55846d051ce71e07a9dd0cabbd4f59fbb,297504.72,112786,68,279,2024-03-29,7c3a596688501223f2b53ed05fca7c8b9d39c3ca,build_log,,True
kafka,PR-15541,trunk,5,18975.0,1711728268.0,UNSTABLE,977f21c149e2eaeb4406af3ba3c4326cea86edf7,272771.9,112800,89,273,2024-03-29,7317159f0cf1bbf4e3e83d1729bb0e682a9ad05c,build_log,,True
kafka,PR-15605,trunk,7,18104.0,1711740915.0,UNSTABLE,85729ced41d7ee95dc0c0dd727ae4d1ba9098787,254241.23,112804,78,272,2024-03-29,7317159f0cf1bbf4e3e83d1729bb0e682a9ad05c,build_log,,True
kafka,PR-15627,trunk,1,17163.0,1711748687.0,UNSTABLE,964a193c4639d6c8f1881575de78a9053d7d52d8,244543.33,112785,79,277,2024-03-29,7317159f0cf1bbf4e3e83d1729bb0e682a9ad05c,build_log,,True
kafka,PR-15629,trunk,1,15372.0,1711750553.0,UNSTABLE,910fae72d7ea2166ea315970aa3ff47dc57a7ce6,284575.62,112787,75,279,2024-03-29,7317159f0cf1bbf4e3e83d1729bb0e682a9ad05c,build_log,,True
kafka,PR-15367,trunk,11,15697.0,1711754442.0,UNSTABLE,7a323d215997ec48c53ed658015ae8e589e84bfb,297375.16,112808,83,278,2024-03-29,2118d858053df9494ae0c314c3d32a9f7756e9ac,build_log,,True
kafka,PR-15630,trunk,1,21342.0,1711773529.0,UNSTABLE,80447f819db8b17a8528c6c653aa06dc89544927,389419.47,112898,34,277,2024-03-29,d8673b26bf20634a2caf784159701062212cb103,build_log,,True
kafka,PR-14760,trunk,3,18515.0,1711890290.0,UNSTABLE,c405f7387bcfc94845689d46588c9fc75cbb8596,396310.56,112895,36,280,2024-03-31,d4caa1c10ec81b9c87eaaf52b73c83d5579b68d3,build_log,,True
kafka,PR-15633,trunk,3,15540.0,1711898569.0,UNSTABLE,54f59117d819f43bec38859c8e7ab59705dd960d,268125.38,112828,54,280,2024-03-31,d4caa1c10ec81b9c87eaaf52b73c83d5579b68d3,build_log,,True
kafka,PR-15632,trunk,2,14690.0,1711968895.0,UNSTABLE,57040e5939b437b5d0324fdb956c652d55cdce6b,271935.9,112896,17,274,2024-04-01,40e87ae35beb389d6419d32130174d7c68fa4d19,build_log,,True
kafka,PR-15638,trunk,1,17713.0,1711976160.0,UNSTABLE,fb33c2fcafc5fab0f9e6e964360e36b3d66f170a,198757.98,112907,16,271,2024-04-01,a524b6217b83f1ad327ae5c39ea0345ef6cb90da,build_log,,True
kafka,PR-15635,trunk,2,16720.0,1711980593.0,UNSTABLE,3616dca87744cacefe16f9ab05cf5155ad96976e,315986.5,112905,16,275,2024-04-01,a524b6217b83f1ad327ae5c39ea0345ef6cb90da,build_log,,True
kafka,PR-15636,trunk,4,20014.0,1711982568.0,UNSTABLE,912072e750915f616706b79381c79a3a7cf6a898,269398.06,112869,8,272,2024-04-01,a524b6217b83f1ad327ae5c39ea0345ef6cb90da,build_log,,True
kafka,PR-15521,trunk,6,15177.0,1711983770.0,UNSTABLE,f8afe830115e4a2bcd1643bad8f8b2abbd4628c1,299466.84,112886,14,279,2024-04-01,a524b6217b83f1ad327ae5c39ea0345ef6cb90da,build_log,,True
kafka,PR-15556,trunk,5,15674.0,1711985577.0,UNSTABLE,b77722b477734e69e156a909e44a45573bec5c5a,166598.42,112904,27,256,2024-04-01,a524b6217b83f1ad327ae5c39ea0345ef6cb90da,build_log,,True
kafka,PR-14706,trunk,24,18346.0,1711987860.0,UNSTABLE,cb7e41a4896a0917651a7d0db16184e6a4f2c2fe,274018.6,112904,10,272,2024-04-01,a524b6217b83f1ad327ae5c39ea0345ef6cb90da,build_log,,True
kafka,PR-15617,trunk,5,18104.0,1711994769.0,UNSTABLE,a25abe983eec1ef1b9ff14a15877854d7650f223,275783.22,112892,14,272,2024-04-01,a524b6217b83f1ad327ae5c39ea0345ef6cb90da,build_log,,True
kafka,PR-15610,trunk,3,17509.0,1712017218.0,UNSTABLE,c11c85596539aed7b6e9d98548a3a33927ca9939,356108.12,112884,20,280,2024-04-01,cc6b919212ae62d75850214ae2c93379b78ff325,build_log,,True
kafka,PR-15643,trunk,1,17035.0,1712044160.0,UNSTABLE,246d82dcaf58e364573d7a905714de957c66adf7,289633.94,112887,25,277,2024-04-02,7a10f4a17ef0ade273ad561cbf02ebbc776e83d1,build_log,,True
kafka,PR-15644,trunk,1,19733.0,1712045412.0,UNSTABLE,8781b82e501c483dce9c6e7f403ca8719aecc7f3,222670.3,112884,10,264,2024-04-02,7a10f4a17ef0ade273ad561cbf02ebbc776e83d1,build_log,,True
kafka,PR-15637,trunk,5,18121.0,1712046501.0,UNSTABLE,1ae42ebf915f99fa14ed9b58ba6677c68b792d6a,327157.88,112895,25,272,2024-04-02,7a10f4a17ef0ade273ad561cbf02ebbc776e83d1,build_log,,True
kafka,PR-15639,trunk,2,17622.0,1712047432.0,UNSTABLE,67499dc28db41d26e0fe227261890b9817672cc3,304107.12,112876,19,273,2024-04-02,7a10f4a17ef0ade273ad561cbf02ebbc776e83d1,build_log,,True
kafka,PR-15646,trunk,1,18438.0,1712056868.0,UNSTABLE,b114bcd815abd59ed397d7042b187a45e6dac2d6,324883.56,112882,10,279,2024-04-02,b3116f4f76ebc8a074e0d7ce38bf46981da44723,build_log,,True
kafka,PR-15624,trunk,3,15707.0,1712062248.0,UNSTABLE,ea7ee9091b84beeb1b516c10e73791aaae0da7a5,258291.0,112894,49,263,2024-04-02,b3116f4f76ebc8a074e0d7ce38bf46981da44723,build_log,,True
kafka,PR-15593,trunk,5,21611.0,1712077353.0,UNSTABLE,cb125e22c9f94b58a66335ab805c2e8f639c75c8,263081.56,112854,80,256,2024-04-02,ee61bb721eecb0404929f125fe43392f3d024453,build_log,,True
kafka,PR-15525,trunk,26,19327.0,1712118106.0,UNSTABLE,f6b7d48a076ca4b63d0e0fd160a78dc4f60bddb5,423975.84,112952,35,278,2024-04-02,ee61bb721eecb0404929f125fe43392f3d024453,build_log,,True
kafka,PR-15641,trunk,2,15548.0,1712132965.0,UNSTABLE,45b9d2ece6b63ae4377f80f85702341a1410c3f6,277260.38,112908,15,272,2024-04-03,ee61bb721eecb0404929f125fe43392f3d024453,build_log,,True
kafka,PR-15532,trunk,3,16733.0,1712150863.0,UNSTABLE,a7e8309f0afde86b6bd557ba47394b9f8b1064ad,364010.72,112910,24,277,2024-04-03,21479a31bdff0e15cfe7ee0a4e509232ed064b41,build_log,,True
kafka,PR-15642,trunk,3,16385.0,1712247700.0,UNSTABLE,241364934ae2f2a7d4eafb620671a97e2807ea45,342269.78,112925,28,281,2024-04-04,376e9e20dbf7c7aeb6f6f666d47932c445eb6bd1,build_log,,True
kafka,PR-15655,trunk,5,14409.0,1712250865.0,UNSTABLE,3eb2e99d91d51b313b5b224c9aa7dced1097fd30,219226.02,112943,11,265,2024-04-04,376e9e20dbf7c7aeb6f6f666d47932c445eb6bd1,build_log,,True
kafka,PR-15661,trunk,4,18212.0,1712265240.0,UNSTABLE,7fbf6b6a682a35f36c5776b71592b2d597e2d80a,411690.1,112943,28,279,2024-04-04,376e9e20dbf7c7aeb6f6f666d47932c445eb6bd1,build_log,,True
kafka,PR-15665,trunk,1,19069.0,1712294444.0,UNSTABLE,cd39e93083de5caad8ca61f8418b61323d5861a3,376883.84,112937,15,280,2024-04-05,a2ee0855ee5e73f3a74555d52294bb4acfd28945,build_log,,True
kafka,PR-14000,trunk,6,17919.0,1712310611.0,UNSTABLE,241cab23b3584fdf01279e61847519232bfb4b64,338346.6,112921,17,278,2024-04-05,a2ee0855ee5e73f3a74555d52294bb4acfd28945,build_log,,True
kafka,PR-15663,trunk,3,15968.0,1712322126.0,UNSTABLE,c1c59c9d4896505f585f1617009e7e0fda1b5a8a,236938.78,112952,21,264,2024-04-05,5e4c7dae22975e7482ea5d4f8c69dd6c97404e99,build_log,,True
kafka,PR-15470,trunk,16,18737.0,1712333668.0,UNSTABLE,bc1a6feb8b0c3ce714b25dc331cc3f410521a2a7,212646.34,112950,8,264,2024-04-05,fd9c7d2932dee055289b403e37a0bbb631c080a9,build_log,,True
kafka,PR-15670,trunk,1,16610.0,1712340044.0,UNSTABLE,9331eaa0abedcf3fe1d7b0f3726c2282e99a3300,314994.9,112902,46,269,2024-04-05,fd9c7d2932dee055289b403e37a0bbb631c080a9,build_log,,True
kafka,PR-15527,trunk,4,15302.0,1712351503.0,UNSTABLE,e29f3eed11469d5aa7a7c3d0681d576f4428923d,170709.67,112950,12,254,2024-04-05,fd9c7d2932dee055289b403e37a0bbb631c080a9,build_log,,True
kafka,PR-15529,trunk,7,18245.0,1712356803.0,UNSTABLE,90d272cefc225da43c61e5ab664daa92b0361dff,261819.3,112929,14,272,2024-04-05,fd9c7d2932dee055289b403e37a0bbb631c080a9,build_log,,True
kafka,PR-15335,trunk,17,17898.0,1712361979.0,UNSTABLE,70d833d7e40661ade7b0fffd1622e7615b13452a,372658.38,112947,30,278,2024-04-05,fd9c7d2932dee055289b403e37a0bbb631c080a9,build_log,,True
kafka,PR-15585,trunk,5,17314.0,1712368892.0,UNSTABLE,82c738a6d14b0d53c2ce48661a07ebae16faf899,304195.16,112957,26,273,2024-04-05,fd9c7d2932dee055289b403e37a0bbb631c080a9,build_log,,True
kafka,PR-15651,trunk,3,19742.0,1712383081.0,UNSTABLE,ba9dfc765b71c90d2bb6da1a4209156ca1b6bfe1,283976.9,112925,12,271,2024-04-06,5c1b819b02ae9905fba4c2bdcb38998e5817566f,build_log,,True
kafka,PR-15672,trunk,1,17011.0,1712383236.0,UNSTABLE,f0cdb49d37fdd4dd685af974f5dd5e855d355308,360692.4,112930,13,279,2024-04-06,5c1b819b02ae9905fba4c2bdcb38998e5817566f,build_log,,True
kafka,PR-15666,trunk,2,18469.0,1712401880.0,UNSTABLE,f4e6d3307bac72f3544ceba0647c273815f4e1f8,339981.6,112913,51,272,2024-04-06,bdd85405e3d72b5089d99026ca1e5aa5b3bc3e51,build_log,,True
kafka,PR-15667,trunk,2,18341.0,1712402030.0,UNSTABLE,08252c939489f42c5e21d6abb110f2d1078677c4,226557.28,112948,8,263,2024-04-06,bdd85405e3d72b5089d99026ca1e5aa5b3bc3e51,build_log,,True
kafka,PR-15557,trunk,7,14521.0,1712442405.0,UNSTABLE,07770219d0e429cec285a7cb7fa2e22b2264f536,251027.47,112939,13,273,2024-04-06,dc189a39cc79d45c59fa1762ca9379bdbd85ee34,build_log,,True
kafka,PR-15674,trunk,2,17070.0,1712501793.0,UNSTABLE,9d2133b7a5ff966710d46a797a75b4b498417190,349273.3,112935,12,280,2024-04-07,4b2278ff9c8c6a02be8a40005ee3ed593e1c7112,build_log,,True
kafka,PR-15587,trunk,5,14181.0,1712512473.0,UNSTABLE,c1dfd77711853b62a0cf8ad755d8d0428d9be77c,236544.95,112946,15,267,2024-04-07,4b2278ff9c8c6a02be8a40005ee3ed593e1c7112,build_log,,True
kafka,PR-15677,trunk,1,17899.0,1712543540.0,UNSTABLE,d2cd4874edda653b17ba4a990bdb61575c6754c2,421534.16,112947,27,279,2024-04-07,8e61f042289deb0defb10c5dfda52042ca0fe06b,build_log,,True
kafka,PR-14289,trunk,7,19023.0,1712563664.0,UNSTABLE,13fbc17d781baa9d31c254274277e06d1d5c34e7,372917.7,112943,24,279,2024-04-08,8e61f042289deb0defb10c5dfda52042ca0fe06b,build_log,,True
kafka,PR-15680,trunk,1,19032.0,1712585145.0,UNSTABLE,295afe3e10720f4199ffc5834e37b28fcd09d22c,424801.78,112990,31,279,2024-04-08,22f9eee89b93d27a5021cbf6456f3b8f5be27048,build_log,,True
kafka,PR-15668,trunk,7,17784.0,1712590183.0,UNSTABLE,2da40c26541e727f2cd38bb9fb64ee41e5ca42c2,280140.22,112984,15,285,2024-04-08,22f9eee89b93d27a5021cbf6456f3b8f5be27048,build_log,,True
kafka,PR-15659,trunk,4,14105.0,1712590554.0,UNSTABLE,b421fa6b02a1e60f4788b11d510f206a7d110ddf,230325.44,112977,14,271,2024-04-08,22f9eee89b93d27a5021cbf6456f3b8f5be27048,build_log,,True
kafka,PR-15189,trunk,26,13762.0,1712607076.0,UNSTABLE,d2c7ea5169037310dc8a9f4f8e6106a96465bb4f,242130.8,113003,6,270,2024-04-08,22f9eee89b93d27a5021cbf6456f3b8f5be27048,build_log,,True
kafka,PR-15686,trunk,1,17366.0,1712652365.0,UNSTABLE,134de1d709a9517593af29699c14839cd270e4db,296037.72,112971,7,278,2024-04-09,f895ab5145077c5efa10a4a898628d901b01e2c2,build_log,,True
kafka,PR-12174,trunk,12,18057.0,1712661579.0,UNSTABLE,973c3c2b4b0c43ccf218a5b5e097ea2f94c1e058,333292.25,112974,8,276,2024-04-09,f895ab5145077c5efa10a4a898628d901b01e2c2,build_log,,True
kafka,PR-15687,trunk,4,20432.0,1712672973.0,UNSTABLE,9f9811b91dc01f97721c525bbaedef0d4875a2ec,299868.3,112968,7,280,2024-04-09,f895ab5145077c5efa10a4a898628d901b01e2c2,build_log,,True
kafka,PR-15669,trunk,4,18611.0,1712677178.0,UNSTABLE,760ec6289a1a8b7099410f255a34f6b4e87bd91b,343723.97,113010,21,272,2024-04-09,f895ab5145077c5efa10a4a898628d901b01e2c2,build_log,,True
kafka,PR-15689,trunk,2,17977.0,1712688520.0,UNSTABLE,5d7ec70fcbfb6dfcd4e5dd8c5c4c2e3753ae7518,295814.44,113001,22,265,2024-04-09,3ad648243c72adbd7ba6e52cbaff143b551884b1,build_log,,True
kafka,PR-15621,trunk,40,17930.0,1712690955.0,UNSTABLE,d12fce2b0656ee61e2bebdcd7badc67195928b78,326665.75,113006,16,268,2024-04-09,3ad648243c72adbd7ba6e52cbaff143b551884b1,build_log,,True
kafka,PR-15656,trunk,8,18074.0,1712728210.0,UNSTABLE,ca98f89a17d47c4f7b90a5280fdb797025d5ae34,301369.34,113002,15,268,2024-04-10,9a6760f13040acbbfbe2ca3d0df457c3fbc95a9f,build_log,,True
kafka,PR-15411,trunk,16,18809.0,1712750428.0,UNSTABLE,fedaa64336646420ee3014dca8d1a9226a0bd74a,282500.9,112993,45,272,2024-04-10,f6c9feea76d01a46319b0ca602d70aa855057b07,build_log,,True
kafka,PR-15681,trunk,2,19456.0,1712780671.0,UNSTABLE,7595daa7699ccef20f4cf35aa27c166028b4eea5,462870.38,113056,28,276,2024-04-10,619f27015fbe8db6b46cb0d671395696d9725369,build_log,,True
kafka,PR-15660,trunk,3,15360.0,1712781204.0,UNSTABLE,feb2c36c4eb28959e4f49b5bb23664ab15bb7c6f,339731.0,113030,13,276,2024-04-10,619f27015fbe8db6b46cb0d671395696d9725369,build_log,,True
kafka,PR-15696,trunk,1,16347.0,1712790948.0,UNSTABLE,982de27db51b9c89eb5a72ba9a6eb35e8bb52221,266533.62,113030,12,265,2024-04-10,619f27015fbe8db6b46cb0d671395696d9725369,build_log,,True
kafka,PR-15676,trunk,5,18657.0,1712803869.0,UNSTABLE,25fd368d94c4c9563d4741a0f4c3250b95822455,225490.78,112895,31,260,2024-04-10,619f27015fbe8db6b46cb0d671395696d9725369,build_log,,True
kafka,PR-15695,trunk,2,24627.0,1712810454.0,UNSTABLE,5698f1c28c53af97fed263387f00d0abcee7462f,457469.62,113036,42,274,2024-04-10,619f27015fbe8db6b46cb0d671395696d9725369,build_log,,True
kafka,PR-15522,trunk,8,20195.0,1712831263.0,UNSTABLE,93e7b36810a7dbe84aaaaca1ec233ae009c3821a,240428.38,113056,17,260,2024-04-11,619f27015fbe8db6b46cb0d671395696d9725369,build_log,,True
kafka,PR-15699,trunk,1,18667.0,1712849720.0,UNSTABLE,782d144c0117024f6044e1cb1b49262caa192f5b,351020.44,113040,12,276,2024-04-11,4aba80753016dd6f04bad81798a7ce5fb43123b6,build_log,,True
kafka,PR-15692,trunk,3,16826.0,1712864371.0,UNSTABLE,452b7d1f4da7d0ad0839ac76252847fc0f5cc85b,314680.7,113048,15,268,2024-04-11,b67a3fa79dab8bb253be353fb35d9e9f8536d750,build_log,,True
kafka,PR-15700,trunk,2,16110.0,1712869306.0,UNSTABLE,d39fb7393a3d64c9544f002d80242524093cbac0,296622.28,113056,17,264,2024-04-11,b67a3fa79dab8bb253be353fb35d9e9f8536d750,build_log,,True
kafka,PR-15703,trunk,2,15699.0,1712900286.0,UNSTABLE,fcd3db819e6ec993c18046484f1a2c5a51d1d1b3,306453.75,113037,9,275,2024-04-12,753cc4b7c872f3d3d42d47be8ff1c65003e5488c,build_log,,True
kafka,PR-15654,trunk,22,19174.0,1712922592.0,UNSTABLE,387307fc53fbb8c7731c4a0c563f240bb21220b2,288468.4,113126,12,268,2024-04-12,31171d0791a350236d2e5e3d143c51fd73cd7532,build_log,,True
kafka,PR-15706,trunk,1,18911.0,1712931399.0,UNSTABLE,89879b5833fa0aa8ac8e18d099cce21fe26dda9c,365777.12,113036,27,276,2024-04-12,31171d0791a350236d2e5e3d143c51fd73cd7532,build_log,,True
kafka,PR-15712,trunk,1,18126.0,1712938104.0,UNSTABLE,d1f794a46cb3b62a17af31bfd99aa0f0bdb40f1e,369842.62,113034,14,275,2024-04-12,31171d0791a350236d2e5e3d143c51fd73cd7532,build_log,,True
kafka,PR-15631,trunk,6,18440.0,1712978570.0,UNSTABLE,44527ce87a233bc1ecb57d3e41e575d5b7564294,387031.28,113081,16,273,2024-04-12,e02ffd852fae7c1d2681621be7eb888e3805e027,build_log,,True
kafka,PR-15707,trunk,3,18866.0,1712982309.0,UNSTABLE,40a8f437101912e8cf10b1d0152c1d9e4e50eb38,289499.66,113067,18,267,2024-04-12,e02ffd852fae7c1d2681621be7eb888e3805e027,build_log,,True
kafka,PR-15489,trunk,22,19303.0,1713074160.0,UNSTABLE,c379db267abee2181f6027f20b38f3d46825374c,427390.16,113249,20,275,2024-04-14,c034cf2953e691ce4ecd94bf00ac5810167354bc,build_log,,True
kafka,PR-15716,trunk,2,16048.0,1713081461.0,UNSTABLE,19076f10add256ab474952392f8b084a7eaf885e,351647.12,113071,18,276,2024-04-14,0b4e9afee2ace7edf6ff8690e070100b98627836,build_log,,True
kafka,PR-15558,trunk,10,18789.0,1713101129.0,UNSTABLE,2b29c013443cbfee2c7b83f51d7783df43d33748,374582.9,113243,15,275,2024-04-14,437ebb941e1485a6f1ad7afbba3814bfa310c9cf,build_log,,True
kafka,PR-15708,trunk,3,15087.0,1713121407.0,UNSTABLE,a5a30efd2af4ecb9b2979ff4b405df8f67ff85f6,294114.03,113227,11,274,2024-04-14,437ebb941e1485a6f1ad7afbba3814bfa310c9cf,build_log,,True
kafka,PR-15711,trunk,2,13489.0,1713121623.0,UNSTABLE,ba17ac3a1f1316672950006688ed061a234a8ff9,221817.7,113227,6,268,2024-04-14,437ebb941e1485a6f1ad7afbba3814bfa310c9cf,build_log,,True
kafka,PR-15678,trunk,6,18091.0,1713164989.0,UNSTABLE,a04e025250235776f749789829034bf36818f040,382716.88,113271,39,269,2024-04-15,437ebb941e1485a6f1ad7afbba3814bfa310c9cf,build_log,,True
kafka,PR-15408,trunk,3,17134.0,1713167967.0,UNSTABLE,abf6015a0a8bf9a17646f2be1e8f0f8e052c3f67,258158.52,113332,12,267,2024-04-15,437ebb941e1485a6f1ad7afbba3814bfa310c9cf,build_log,,True
kafka,PR-15709,trunk,2,16542.0,1713171775.0,UNSTABLE,a412a71e941dfe5f0a53e06f98ba992c3c90b0d3,357500.75,113233,13,276,2024-04-15,49e7c795dcd9fad44afa9597049dd6589a13f167,build_log,,True
kafka,PR-15575,trunk,12,20527.0,1713199070.0,UNSTABLE,ba914d1e4b47e0d77ce9b417e771c79109b97bb6,279281.2,113245,17,268,2024-04-15,395fdae5f23bb8202cfc5b0a0e4630e9c32e0edd,build_log,,True
kafka,PR-15710,trunk,4,21644.0,1713210070.0,UNSTABLE,4a41b7f533cf892afe3d69a30eaf537b4a3e4221,245410.14,113246,9,260,2024-04-15,395fdae5f23bb8202cfc5b0a0e4630e9c32e0edd,build_log,,True
kafka,PR-15713,trunk,2,17912.0,1713215028.0,UNSTABLE,e6ac162489e025cbd3b18527ffdd4c9890964e9a,262874.16,113234,11,267,2024-04-15,395fdae5f23bb8202cfc5b0a0e4630e9c32e0edd,build_log,,True
kafka,PR-15724,trunk,2,18526.0,1713231330.0,UNSTABLE,0b1a3fa50e691590a8bb7a458f18bd6e3b27e0bc,348365.62,113238,9,276,2024-04-15,395fdae5f23bb8202cfc5b0a0e4630e9c32e0edd,build_log,,True
kafka,PR-15725,trunk,1,17118.0,1713236062.0,UNSTABLE,5eab81afdc150566d0241d0e56f253fcbf91b194,231788.12,113241,12,261,2024-04-15,395fdae5f23bb8202cfc5b0a0e4630e9c32e0edd,build_log,,True
kafka,PR-15726,trunk,1,17342.0,1713238767.0,UNSTABLE,0fbb51ff415ddc0e2a5759be5af86146447a467e,262873.8,113231,10,266,2024-04-15,395fdae5f23bb8202cfc5b0a0e4630e9c32e0edd,build_log,,True
kafka,PR-15705,trunk,4,18199.0,1713252634.0,UNSTABLE,d942f9db18f4809b0a785e8457ffb7963c22599e,357390.0,113229,17,276,2024-04-16,8c0458861c92d0a85969e99cb3b62c3256ad21e8,build_log,,True
kafka,PR-15728,trunk,1,17403.0,1713257504.0,UNSTABLE,04370833ec29e2f1b2175e35179bcdf92e01cb33,370347.84,113224,34,278,2024-04-16,8c0458861c92d0a85969e99cb3b62c3256ad21e8,build_log,,True
kafka,PR-15718,trunk,2,15879.0,1713259463.0,UNSTABLE,623fe962762c79bae23c4f2d1473ad514d48b15f,254675.97,113239,12,267,2024-04-16,f7eb96230d5d66fbd6e6d9480359ab82f925c230,build_log,,True
kafka,PR-15733,trunk,3,16034.0,1713299911.0,UNSTABLE,70467d4a3e7b1efaa9ee2c969dd117e19e73ddf1,275874.9,113280,21,267,2024-04-16,5193eb93237ba9093ae444d73a1eaa2d6abcc9c1,build_log,,True
kafka,PR-15730,trunk,3,18830.0,1713299911.0,UNSTABLE,14e41065098a44d0eb13453513db0b8403f1f638,380436.94,113278,19,276,2024-04-16,5193eb93237ba9093ae444d73a1eaa2d6abcc9c1,build_log,,True
kafka,PR-15662,trunk,20,23806.0,1713329806.0,UNSTABLE,a03a377f47590184247f46957df7b28cd562a886,316881.28,113302,20,264,2024-04-16,5193eb93237ba9093ae444d73a1eaa2d6abcc9c1,build_log,,True
kafka,PR-15684,trunk,13,20911.0,1713332485.0,UNSTABLE,1561ad83a2941b747aa3fa63706df2cb3148c953,404818.25,113261,15,276,2024-04-17,5193eb93237ba9093ae444d73a1eaa2d6abcc9c1,build_log,,True
kafka,PR-15729,trunk,5,18066.0,1713332955.0,UNSTABLE,d05bfb44df6b38ca9f02b37c0b22be0f5afdb7a9,316865.84,113281,18,268,2024-04-17,4954c578d43e4306cf24638569122fb4b63b709f,build_log,,True
kafka,PR-15734,trunk,2,17134.0,1713339336.0,UNSTABLE,44a5f0b81493444919fcb78308ca0e2467e4c429,323198.0,113279,15,270,2024-04-17,4954c578d43e4306cf24638569122fb4b63b709f,build_log,,True
kafka,PR-15741,trunk,3,18865.0,1713344460.0,UNSTABLE,de3517f7ead8bf5543789f5bc0d7333f7d0e91b4,342108.0,112325,101,261,2024-04-17,4954c578d43e4306cf24638569122fb4b63b709f,build_log,,True
kafka,PR-15736,trunk,2,21868.0,1713349005.0,UNSTABLE,0afe5deda2b0fdb5ebad3420b9e07455acf8e633,366999.66,113262,16,275,2024-04-17,4954c578d43e4306cf24638569122fb4b63b709f,build_log,,True
kafka,PR-15613,trunk,11,18736.0,1713359817.0,UNSTABLE,9a043f9723d8676cc4bafeb571cde300de91832f,357041.9,113350,28,278,2024-04-17,7b1c777b3385f7376252c7a87ab95fb2de815bc4,build_log,,True
kafka,PR-15747,3.7,1,19219.0,1713380168.0,UNSTABLE,d092787487047178c674bd60a182129a8d997c4a,449675.7,111229,95,284,2024-04-17,f6bf85edbfb0885ce192fae19b3b7866e687c886,build_log,,True
kafka,PR-15749,trunk,1,19434.0,1713387339.0,UNSTABLE,4d2cf548cb38fddc9c1006fb7b15935118cd8363,309338.94,113334,13,268,2024-04-17,aee9724ee15ed539ae73c09cc2c2eda83ae3c864,build_log,,True
kafka,PR-13824,trunk,2,19724.0,1713434145.0,UNSTABLE,6f145334e8c5d4dc35911427c308e7defb6c16c3,332654.25,113320,7,276,2024-04-18,aee9724ee15ed539ae73c09cc2c2eda83ae3c864,build_log,,True
kafka,PR-15569,trunk,18,19294.0,1713434309.0,UNSTABLE,551f2478aa52f2ab158748ce2a28785b5a989fef,393615.38,113324,16,276,2024-04-18,aee9724ee15ed539ae73c09cc2c2eda83ae3c864,build_log,,True
kafka,PR-15136,trunk,15,17404.0,1713437143.0,UNSTABLE,31412a9485b63731a49b5d44d6dc6fbeaf52dd0f,231342.14,113349,15,260,2024-04-18,aee9724ee15ed539ae73c09cc2c2eda83ae3c864,build_log,,True
kafka,PR-15738,trunk,1,18255.0,1713446501.0,UNSTABLE,d392a19604ccfd2b3e72d134752069ac29ef0b30,340205.56,113345,20,281,2024-04-18,aee9724ee15ed539ae73c09cc2c2eda83ae3c864,build_log,,True
kafka,PR-15594,trunk,3,17484.0,1713452396.0,UNSTABLE,643831eb5bc41835d9b16de381c157a17ed7ff68,366064.3,113352,26,268,2024-04-18,aee9724ee15ed539ae73c09cc2c2eda83ae3c864,build_log,,True
kafka,PR-15753,trunk,1,16258.0,1713455126.0,UNSTABLE,7cbf9908254d35bff0dc6061ca32a5bc4e3af23e,382259.78,113328,13,276,2024-04-18,aee9724ee15ed539ae73c09cc2c2eda83ae3c864,build_log,,True
kafka,PR-15754,trunk,2,18758.0,1713475006.0,UNSTABLE,2a22aac4ce2e962a81b2d966734e0a212f5df286,317138.78,113341,9,276,2024-04-18,53ff1a5a589eb0e30a302724fcf5d0c72c823682,build_log,,True
kafka,PR-15732,trunk,5,18883.0,1713513435.0,UNSTABLE,e800634a969574c2bdb6344d76f5122ec94b4450,316283.84,113354,23,268,2024-04-19,8f2fca7bd83c94301a6f8d8e37500b4f9c9597b4,build_log,,True
kafka,PR-15682,trunk,2,19653.0,1713515363.0,UNSTABLE,936865b5176d7d2362cd33571220385a9d0a400d,351066.75,113369,20,275,2024-04-19,8f2fca7bd83c94301a6f8d8e37500b4f9c9597b4,build_log,,True
kafka,PR-15719,trunk,6,17421.0,1713588740.0,UNSTABLE,70c99bd0bd2779b781da74452b4583f959250791,326206.78,113352,23,277,2024-04-19,0308543d596d564b68dcac371a8e3af69e06caea,build_log,,True
kafka,PR-15760,trunk,1,15773.0,1713599484.0,UNSTABLE,d4c71fb8c1dc34cd526afb4eb1e3bd3aed3277aa,261667.3,113356,19,268,2024-04-20,0308543d596d564b68dcac371a8e3af69e06caea,build_log,,True
kafka,PR-15763,trunk,1,14860.0,1713623643.0,UNSTABLE,cf87b0b6bd1cd9252157e47c39f0eaf09f2d4a8e,308819.03,113348,16,273,2024-04-20,ced79ee12f295ebe30a4dc9a90228a18c9fc94df,build_log,,True
kafka,PR-15764,trunk,1,14892.0,1713653528.0,UNSTABLE,ebc4dd5b8bf66a10d3a2149351a5f6da12fe4953,236512.77,113352,12,268,2024-04-20,98548c517d4702d97461469139b981585eb4b58f,build_log,,True
kafka,PR-15722,trunk,8,16467.0,1713660598.0,UNSTABLE,3013d8643689ad4e68090b43882c526fa4c64d84,325009.7,113385,41,269,2024-04-20,98548c517d4702d97461469139b981585eb4b58f,build_log,,True
kafka,PR-15765,trunk,2,22532.0,1713680683.0,UNSTABLE,7027dd4790335d42b6f73339e1fc3b3617a6b03c,412776.34,113358,49,269,2024-04-21,98548c517d4702d97461469139b981585eb4b58f,build_log,,True
kafka,PR-15768,trunk,1,15135.0,1713689951.0,UNSTABLE,e61dca9c2f4d45e260cc9a501f3c777777af8502,262915.2,113379,24,268,2024-04-21,98548c517d4702d97461469139b981585eb4b58f,build_log,,True
kafka,PR-15769,trunk,1,15316.0,1713691477.0,UNSTABLE,8cd994e7df4bd58dc76f68567fbac857e452373a,279637.88,113361,19,268,2024-04-21,98548c517d4702d97461469139b981585eb4b58f,build_log,,True
kafka,PR-15770,trunk,1,17548.0,1713694712.0,UNSTABLE,733f05147426ca3561b2bf73233612fb253ff773,293510.53,113361,33,268,2024-04-21,98548c517d4702d97461469139b981585eb4b58f,build_log,,True
kafka,PR-15758,trunk,3,18386.0,1713766359.0,UNSTABLE,de67ac1e3db567a838c6daf7c4642f1d0db917a0,284051.2,113360,9,268,2024-04-22,5e96e5c898c01d1e8c223d9201ad28b1608dd6df,build_log,,True
kafka,PR-15771,trunk,2,15401.0,1713772251.0,UNSTABLE,70f74df4b334cc2ee21afe48603be5f756894eab,327666.06,113360,21,275,2024-04-22,5e96e5c898c01d1e8c223d9201ad28b1608dd6df,build_log,,True
kafka,PR-15776,3.7,1,17808.0,1713776411.0,UNSTABLE,83667253f2aca1531ff784807ce7f4586d06cc09,336400.22,111254,105,268,2024-04-22,b40a962a8ead04b10f7a8eba346fe79784de9e4e,build_log,,True
kafka,PR-15742,trunk,2,15808.0,1713784476.0,UNSTABLE,3bbbfe7d53ab8d35a87a506ad46b8752a92df76b,294143.47,113382,31,268,2024-04-22,e4d34ddd203b995f6cc0755d2c5e134270d0f092,build_log,,True
kafka,PR-15772,trunk,5,18296.0,1713790797.0,UNSTABLE,edd056289a5cb1e90060892e0d6cc3fa297d08da,230529.8,113395,19,264,2024-04-22,1763fe19ddc0f864ac57aae3680faeecde2dddab,build_log,,True
kafka,PR-15780,trunk,2,23266.0,1713800437.0,UNSTABLE,c20e666f0c77780caf118a89e32067531e727196,448672.34,113414,29,277,2024-04-22,59c781415fc37c89aa087d7c2999cec7f82f6188,build_log,,True
kafka,PR-15777,3.7,2,22117.0,1713801561.0,UNSTABLE,84989b70d03eca774c739f0b4ae5dfc5f09b4a4e,312943.4,111254,91,275,2024-04-22,0c8552acca918eb453ecacc1fc4391283529cbf8,build_log,,True
kafka,PR-15693,trunk,4,23618.0,1713801822.0,UNSTABLE,59b2e10748435b1a4b1019e5fdaacb27466a44a1,361724.16,113423,9,277,2024-04-22,59c781415fc37c89aa087d7c2999cec7f82f6188,build_log,,True
kafka,PR-15701,trunk,3,22537.0,1713803355.0,UNSTABLE,3e4972c880c65b4bd24274b3f434fa7fba14b805,261771.56,112804,70,259,2024-04-22,59c781415fc37c89aa087d7c2999cec7f82f6188,build_log,,True
kafka,PR-15762,trunk,3,22498.0,1713806376.0,UNSTABLE,52b3fef60e14621bbc9ee8700e4a70fd19dd9cd2,258381.28,112345,72,271,2024-04-22,59c781415fc37c89aa087d7c2999cec7f82f6188,build_log,,True
kafka,PR-15783,trunk,2,19500.0,1713836962.0,UNSTABLE,3bd183a826a2f42f3372497f790f10d8839675a5,308882.9,113405,16,269,2024-04-22,b254e787cbdefb38344c6a0da2b965e6d7707d27,build_log,,True
kafka,PR-15298,trunk,4,17679.0,1713876119.0,UNSTABLE,6647cf989f5a0c1b72b999c7cff168e833d26fed,284146.7,113402,16,269,2024-04-23,1b301b30207ed8fca9f0aea5cf940b0353a1abca,build_log,,True
kafka,PR-15748,3.6,6,15364.0,1713879900.0,UNSTABLE,7931cce21b9839f81cb83aaeefe773bab859a438,330884.62,100180,20,158,2024-04-23,8d77d469745d4c2efdf048873165f3703953a79e,build_log,,True
kafka,PR-15774,trunk,7,20605.0,1713880347.0,UNSTABLE,8167d2e44cb8e87f238a48d9286c4c59f1d4def4,332553.53,113419,24,269,2024-04-23,1b301b30207ed8fca9f0aea5cf940b0353a1abca,build_log,,True
kafka,PR-15714,trunk,6,20825.0,1713882635.0,UNSTABLE,ff5a1d5f0049605858d940399a440e1307e409af,336361.22,113433,34,269,2024-04-23,1b301b30207ed8fca9f0aea5cf940b0353a1abca,build_log,,True
kafka,PR-15620,trunk,9,19382.0,1713904191.0,UNSTABLE,a5ec5dd2f24813491fc872181fa1cbf19fb3693d,428776.6,113393,33,277,2024-04-23,1b301b30207ed8fca9f0aea5cf940b0353a1abca,build_log,,True
kafka,PR-15791,3.6,1,11486.0,1713909472.0,UNSTABLE,9c45353380b7087035787a473699a881df03ee36,190004.95,100160,16,158,2024-04-23,8d77d469745d4c2efdf048873165f3703953a79e,build_log,,True
kafka,PR-15679,trunk,14,18712.0,1713918830.0,UNSTABLE,78c5a6294c3f642b9bd6010cee4a77540a22279b,333552.78,113460,30,269,2024-04-23,1b301b30207ed8fca9f0aea5cf940b0353a1abca,build_log,,True
kafka,PR-15616,trunk,11,19788.0,1713927275.0,UNSTABLE,89ef9c1cdcd009d4625775968debff6f9fe3501a,324744.38,113411,23,271,2024-04-23,1b301b30207ed8fca9f0aea5cf940b0353a1abca,build_log,,True
kafka,PR-15787,trunk,3,18964.0,1713928136.0,UNSTABLE,21d522d4e4901ab3c6431a6ef28085d83e998003,369978.75,113411,22,276,2024-04-23,1b301b30207ed8fca9f0aea5cf940b0353a1abca,build_log,,True
kafka,PR-15793,3.7,1,17396.0,1713938292.0,UNSTABLE,4bb5cc5b2aee3fbbe6d39016aaf1f69a4ec2abfd,276725.62,111302,39,268,2024-04-24,4ee66bb26961acf849810d0db0721ca69a0b8996,build_log,,True
kafka,PR-15794,trunk,1,18295.0,1713959561.0,UNSTABLE,fb85e007e094a55369e303d474f1da74d69469a3,290021.28,113462,26,270,2024-04-24,960794a67782b8aecf44cdca0016888d661561c3,build_log,,True
kafka,PR-15795,trunk,1,20260.0,1713961535.0,UNSTABLE,375f5cdd80a4bc058010665fe6b7965c92868788,362599.22,113389,37,277,2024-04-24,960794a67782b8aecf44cdca0016888d661561c3,build_log,,True
kafka,PR-15739,trunk,5,15809.0,1713976793.0,UNSTABLE,b226f39ed7499d81d41a0baba1da27fc9fda2b07,235868.89,113479,22,262,2024-04-24,b8b2415d5e006cf91c0f74dcf60b764933c9c1d0,build_log,,True
kafka,PR-15799,trunk,1,18509.0,1713991697.0,UNSTABLE,3108bec6462ba4ff9b1cdee565b4b531ee5ab8ae,300537.28,113410,28,269,2024-04-24,81c222e9779c3339aa139ab930a74aba2c7c8685,build_log,,True
kafka,PR-15801,trunk,1,16344.0,1714008071.0,UNSTABLE,faafd52db1edb48326275d4571a15a40b00e5e53,296088.03,113469,10,269,2024-04-24,864744ffd4ddc3b0d216a3049ee0c61e9c0d3ad1,build_log,,True
kafka,PR-15755,3.7,6,14148.0,1714013555.0,UNSTABLE,216cc9dce46b7837282bd67bfab06ec045c9902c,342757.16,111297,31,284,2024-04-24,79c9d0de405fd62a9580dc68aa1df98ba1111395,build_log,,True
kafka,PR-15721,trunk,17,20067.0,1714032699.0,UNSTABLE,9116e43391c3ac2dcb3552fbdb58e0015b034679,293546.75,113585,16,269,2024-04-25,4e23378aa811ae2aae0b7aa37ff9c5bb7c450fb0,build_log,,True
kafka,PR-15717,trunk,18,18857.0,1714032738.0,UNSTABLE,598dbbbff3c0fe3cb91846f975115bd46c5487df,429084.22,113477,30,277,2024-04-25,4e23378aa811ae2aae0b7aa37ff9c5bb7c450fb0,build_log,,True
kafka,PR-15786,trunk,9,21585.0,1714033636.0,UNSTABLE,6265403e5d25368f697232cc1f92503dc00e15f1,491081.78,113578,26,277,2024-04-25,4e23378aa811ae2aae0b7aa37ff9c5bb7c450fb0,build_log,,True
kafka,PR-15797,trunk,3,19476.0,1714036883.0,UNSTABLE,156d02bf3bfbf88e104b422617b7ad16eff59015,377393.4,113468,13,277,2024-04-25,dcdf8128807b661ac98bfefeea5425ef4770b8c3,build_log,,True
kafka,PR-15782,trunk,9,19551.0,1714041982.0,UNSTABLE,6c4a396a63097189fee06756841614accb60e789,544451.75,113497,46,277,2024-04-25,dcdf8128807b661ac98bfefeea5425ef4770b8c3,build_log,,True
kafka,PR-15796,trunk,3,16865.0,1714043356.0,UNSTABLE,2aa34023c15c90711dd4801b6a7d54f68ea1e1fa,229548.8,113484,15,257,2024-04-25,dcdf8128807b661ac98bfefeea5425ef4770b8c3,build_log,,True
kafka,PR-15698,trunk,11,16554.0,1714054909.0,UNSTABLE,569f574a1aecbab727d946e4425afbf1733d4996,159895.4,113489,13,256,2024-04-25,bed23b79788c31aaf4ec67db7097ec5ad4b84d07,build_log,,True
kafka,PR-15806,trunk,1,18834.0,1714061202.0,UNSTABLE,ebc4954b305d694d07fb1a015f8121819b67c7a1,365240.88,113482,25,277,2024-04-25,8013657f5da99277e7a21177c77d2ef172792aee,build_log,,True
kafka,PR-15804,trunk,2,18448.0,1714061669.0,UNSTABLE,9b60b69918548812210dab2c823e5134e30b1cbd,320958.28,113482,24,271,2024-04-25,8013657f5da99277e7a21177c77d2ef172792aee,build_log,,True
kafka,PR-15809,trunk,1,17796.0,1714072414.0,UNSTABLE,13ea492415a629857984d9b8bb1a6fab46064c45,303863.38,113490,25,272,2024-04-25,6feae817d25d3ffd97916f53c0183f88494a23c3,build_log,,True
kafka,PR-15750,3.7,3,19298.0,1714080029.0,UNSTABLE,6a30b0c252b6bd35fb5c01d684565c39053f62eb,446502.38,111300,39,283,2024-04-25,14626837b36c1ae7f757ffa4bcb6d19f8e101701,build_log,,True
kafka,PR-15723,trunk,9,18717.0,1714087095.0,UNSTABLE,f676b7422cb920e8c1700e9f9e37facf6bdc9e68,328268.78,113521,42,261,2024-04-25,df4ef5a6210c01661a068123d52af7bf8ba6769d,build_log,,True
kafka,PR-15737,trunk,4,17811.0,1714087128.0,UNSTABLE,530ee8c9bb85ab31934dcbf659cabf6c10959b14,331314.9,113477,29,268,2024-04-25,df4ef5a6210c01661a068123d52af7bf8ba6769d,build_log,,True
kafka,PR-15811,trunk,1,16689.0,1714094662.0,UNSTABLE,a12beda96383787cd31f151688eb5568be2ab5de,401379.94,113503,30,275,2024-04-25,025f9816f1a15d14aab25c9e8e5b03a87f0cefe2,build_log,,True
kafka,PR-15812,trunk,1,20938.0,1714102800.0,UNSTABLE,f4e346109845187a598c04edca7da84f84a016f4,356602.94,113500,21,269,2024-04-25,025f9816f1a15d14aab25c9e8e5b03a87f0cefe2,build_log,,True
kafka,PR-15805,trunk,2,17303.0,1714119363.0,UNSTABLE,0cf29ed3bedf97d598bcc11eeeafd61176230f27,248079.42,113503,23,261,2024-04-26,82844c01d8e0111e9d0eb5cb37293e3b248b147b,build_log,,True
kafka,PR-15807,trunk,3,17280.0,1714120961.0,UNSTABLE,4e1435476da91c519ae48a729b2883521dd88a6a,333160.94,113504,21,277,2024-04-26,2db87f04b807b6ea6ba6cdd43fc05852cb1938e9,build_log,,True
kafka,PR-15802,trunk,3,16521.0,1714124075.0,UNSTABLE,2949006fe502e8f3e6c36d7120d0e7445205ce43,353794.84,113505,15,276,2024-04-26,2db87f04b807b6ea6ba6cdd43fc05852cb1938e9,build_log,,True
kafka,PR-15775,trunk,7,16148.0,1714129089.0,UNSTABLE,076e913d3a3b776da4b05bc7c0962620a4478a96,308925.1,113505,15,269,2024-04-26,2db87f04b807b6ea6ba6cdd43fc05852cb1938e9,build_log,,True
kafka,PR-15814,trunk,2,14983.0,1714135042.0,UNSTABLE,65e850253180aa2b22947765720498aa7d3ddd67,363200.4,113516,45,277,2024-04-26,2db87f04b807b6ea6ba6cdd43fc05852cb1938e9,build_log,,True
kafka,PR-15815,trunk,1,14865.0,1714135701.0,UNSTABLE,a0703f738da30427a89fd90cb1a109fed2963c9c,229372.56,113520,23,261,2024-04-26,2db87f04b807b6ea6ba6cdd43fc05852cb1938e9,build_log,,True
kafka,PR-15778,trunk,3,17311.0,1714163677.0,UNSTABLE,44478c359f576193b76d7116c9969dd09606a29d,374825.6,113535,52,269,2024-04-26,e7792258df934a5c8470c2925c5d164c7d5a8e6c,build_log,,True
kafka,PR-15761,trunk,22,19801.0,1714193846.0,UNSTABLE,a0a776c2a14634c38ab4bbedaf78e4d95f9b594c,417551.8,113524,23,272,2024-04-26,4060d4370ecda867f8a3ac338c617dc8ee71a4d6,build_log,,True
kafka,PR-15819,trunk,3,15878.0,1714194158.0,UNSTABLE,498c9dabc13d2b548aa245f4abad6e058688e1fe,364230.5,113486,16,273,2024-04-27,4060d4370ecda867f8a3ac338c617dc8ee71a4d6,build_log,,True
kafka,PR-15645,trunk,16,21056.0,1714241333.0,UNSTABLE,8d27c59091ccb5f65a8c02a4d6866a010de640c7,322516.6,113529,16,265,2024-04-27,5de5d967adffd864bad3ec729760a430253abf38,build_log,,True
kafka,PR-15647,trunk,11,16138.0,1714314873.0,UNSTABLE,0195e865cff229e5c2fdf1b54bca8a5d5ed87d89,243331.9,113579,11,262,2024-04-28,5de5d967adffd864bad3ec729760a430253abf38,build_log,,True
kafka,PR-15822,trunk,10,15003.0,1714341398.0,UNSTABLE,d204454dae127711724e1f8a153882eb28e192c6,219331.38,113537,9,261,2024-04-28,5de5d967adffd864bad3ec729760a430253abf38,build_log,,True
kafka,PR-15816,trunk,2,14472.0,1714342601.0,UNSTABLE,74326c39966bab4996f11c448a01e82cad93d20a,238126.22,113514,15,265,2024-04-28,5de5d967adffd864bad3ec729760a430253abf38,build_log,,True
kafka,PR-15664,trunk,2,19002.0,1714389817.0,UNSTABLE,34502202a7920bcc3259d28ffac7774c1bbd5c6f,364300.5,112954,68,275,2024-04-29,636e65aa6b3558a7ae239ce69579b62ab3377fcb,build_log,,True
kafka,PR-15824,trunk,2,17978.0,1714399850.0,UNSTABLE,f7b4c2d2096c48064a239ea58abae1981d5139b5,260329.83,113528,12,255,2024-04-29,636e65aa6b3558a7ae239ce69579b62ab3377fcb,build_log,,True
kafka,PR-15788,trunk,6,18416.0,1714401747.0,UNSTABLE,1ab87b1683281139cfbb2f392f5c63184d7dac4f,415135.4,113533,29,273,2024-04-29,636e65aa6b3558a7ae239ce69579b62ab3377fcb,build_log,,True
kafka,PR-15818,trunk,7,20759.0,1714458158.0,UNSTABLE,7e05b9f91fef66138565b8bd354938e78cf099eb,301184.22,113534,39,267,2024-04-30,9387c7a62620f6c403ae689b82e33560ce78633e,build_log,,True
kafka,PR-15808,trunk,13,17425.0,1714461146.0,UNSTABLE,a24fc4d24c899010e45294f92681644ca694a362,380267.28,113537,24,269,2024-04-30,9387c7a62620f6c403ae689b82e33560ce78633e,build_log,,True
kafka,PR-15831,trunk,1,19927.0,1714466206.0,UNSTABLE,7cdbd22f2ddb872b348ba4613f83303a5b2bc310,391277.78,113573,24,265,2024-04-30,7c0a302c4da9d53a8fddc504a9fac8d8afecbec8,build_log,,True
kafka,PR-15773,trunk,9,17967.0,1714509716.0,UNSTABLE,3a0efebe3712138a774b571a6c0df83b3d3a61f7,345534.97,113556,28,265,2024-04-30,da5f4424dc317f5ef1303c012d3c6a84b722b217,build_log,,True
kafka,PR-15735,trunk,4,17677.0,1714514328.0,UNSTABLE,8f352abda37617197f235b3fc4b606a8220bc303,290447.34,113546,11,265,2024-04-30,da5f4424dc317f5ef1303c012d3c6a84b722b217,build_log,,True
kafka,PR-15833,trunk,3,15584.0,1714575229.0,UNSTABLE,724193930bc97036ab216330ca9b325dabf9cb38,202023.92,113561,13,257,2024-05-01,4825c89d14e5f1b2da7e1f48dac97888602028d7,build_log,,True
kafka,PR-15800,trunk,15,14635.0,1714581071.0,UNSTABLE,2bb2a23358d4d1d45a6cc4c3a81152532fefd261,221063.28,113559,15,257,2024-05-01,4825c89d14e5f1b2da7e1f48dac97888602028d7,build_log,,True
kafka,PR-15731,trunk,3,12965.0,1714581211.0,UNSTABLE,e07dc14087b5b70c0ee7fb0064212a74188122be,230076.42,113546,6,263,2024-05-01,4825c89d14e5f1b2da7e1f48dac97888602028d7,build_log,,True
kafka,PR-15832,trunk,7,15353.0,1714584762.0,UNSTABLE,33c04aa64abc43f330380946f3666b7bffec1f93,308151.84,113573,21,264,2024-05-01,4825c89d14e5f1b2da7e1f48dac97888602028d7,build_log,,True
kafka,PR-14309,trunk,10,17888.0,1714587056.0,UNSTABLE,4c55f4bc34d9f2fede3db953b01b8dd8218c8e1b,340653.5,113580,25,264,2024-05-01,4825c89d14e5f1b2da7e1f48dac97888602028d7,build_log,,True
kafka,PR-15810,trunk,2,17482.0,1714599919.0,UNSTABLE,bdc07910b00545418c9dbad8d884d06f5dcf67d3,264071.75,113620,12,264,2024-05-01,4825c89d14e5f1b2da7e1f48dac97888602028d7,build_log,,True
kafka,PR-15803,trunk,4,14981.0,1714626561.0,UNSTABLE,105b6e3c98bcc8a158baf7b9aa6336433bad0244,275098.72,113543,8,271,2024-05-02,89d8045a15b622805f65c3c6fbfde82606921f65,build_log,,True
kafka,PR-15846,trunk,1,16976.0,1714646933.0,UNSTABLE,49bcdd1a797cc2be3b3d83d98813d1480fbc0157,352280.34,113566,13,273,2024-05-02,cdc4caa578778719684edda5dbb2f0786e67f202,build_log,,True
kafka,PR-15845,trunk,2,16742.0,1714673724.0,UNSTABLE,b5845cde62ea25f0b4cf32ea26bbd3f935fcdb92,392358.1,113648,15,273,2024-05-02,a3f24149905886ac719901eeab8dc6d7b3c79614,build_log,,True
kafka,PR-15849,trunk,1,17778.0,1714677166.0,UNSTABLE,17cfcc163f226785264a7611ec3dbca010c7ea2f,324559.84,113645,21,264,2024-05-02,a3f24149905886ac719901eeab8dc6d7b3c79614,build_log,,True
kafka,PR-15843,trunk,2,17729.0,1714677417.0,UNSTABLE,8f24d2be5c976cc897406cd6b880a8a0197608f0,282810.3,113667,22,259,2024-05-02,a3f24149905886ac719901eeab8dc6d7b3c79614,build_log,,True
kafka,PR-15745,trunk,10,17221.0,1714699207.0,UNSTABLE,57986f88ca20bf028865ca7ee5bc278096944367,338513.16,113680,15,271,2024-05-02,a3f24149905886ac719901eeab8dc6d7b3c79614,build_log,,True
kafka,PR-6934,trunk,25,17751.0,1714713143.0,UNSTABLE,4d33913fbb22627f4b3f6a664bfd7e24590e594f,288376.44,113679,10,265,2024-05-03,a3f24149905886ac719901eeab8dc6d7b3c79614,build_log,,True
kafka,PR-15847,trunk,2,15348.0,1714724495.0,UNSTABLE,f656673ad3d5b4696db4db296d482c3d64526082,204142.23,113684,8,259,2024-05-03,87390f961f3bd0c582d0926cb9c4fe00d9298b6f,build_log,,True
kafka,PR-13801,trunk,32,16715.0,1714725537.0,UNSTABLE,e8c031ff63513af7ad680cd055d2a975d160895a,277887.5,113722,12,265,2024-05-03,87390f961f3bd0c582d0926cb9c4fe00d9298b6f,build_log,,True
kafka,PR-15829,trunk,5,17030.0,1714731275.0,UNSTABLE,35e8ca08bf8799911422322a45795b0226618a6a,360325.1,113543,25,272,2024-05-03,240243b91d69c2b65b5e456065fdcce90c121b04,build_log,,True
kafka,PR-15850,trunk,4,15955.0,1714741447.0,UNSTABLE,1af69286e43977e8d31a0aa8dad72a595352d18e,282862.44,113685,9,265,2024-05-03,240243b91d69c2b65b5e456065fdcce90c121b04,build_log,,True
kafka,PR-15854,trunk,1,16351.0,1714750711.0,UNSTABLE,c91f819fbaa8e35e4004f7ef36efd56c29c39059,293053.1,113687,14,265,2024-05-03,2c0b8b692071b6d436fa7e9dc90a1592476a6b17,build_log,,True
kafka,PR-15852,trunk,2,16110.0,1714755009.0,UNSTABLE,145761aadbd50d8c8c69fe9ebeb50fcec467040b,215238.89,113690,14,257,2024-05-03,2c0b8b692071b6d436fa7e9dc90a1592476a6b17,build_log,,True
kafka,PR-15851,trunk,3,16331.0,1714757052.0,UNSTABLE,acfa30307a45108ac34e2834feadb7b6ed9c9516,272020.8,113671,14,266,2024-05-03,2c0b8b692071b6d436fa7e9dc90a1592476a6b17,build_log,,True
kafka,PR-15573,trunk,10,16057.0,1714757141.0,UNSTABLE,1489a8f5bce368d38efed7e0816072f12846f6e9,331583.38,113279,65,271,2024-05-03,2c0b8b692071b6d436fa7e9dc90a1592476a6b17,build_log,,True
kafka,PR-14360,trunk,13,15161.0,1714766720.0,UNSTABLE,cac83f87343979da714de0b6185ccd3295abad9b,288660.56,113682,17,265,2024-05-03,1fd39150aa39f0b3d7a38d6e2ce4e295cf8a3842,build_log,,True
kafka,PR-15671,trunk,30,14906.0,1714768544.0,UNSTABLE,c363bf199ca9e72ee2a29a8056555374555c4e65,288295.34,113882,10,266,2024-05-03,1fd39150aa39f0b3d7a38d6e2ce4e295cf8a3842,build_log,,True
kafka,PR-15853,trunk,4,14075.0,1714808822.0,UNSTABLE,3bf4e59909febe704933ba3573446379f5573596,284724.6,113715,12,272,2024-05-04,9b8aac22ec7ce927a2ceb2bfe7afd57419ee946c,build_log,,True
kafka,PR-15826,trunk,3,15846.0,1714819877.0,UNSTABLE,caa278320dcf1bb541606d6168020de82728ea3c,323476.75,113709,11,272,2024-05-04,9b8aac22ec7ce927a2ceb2bfe7afd57419ee946c,build_log,,True
kafka,PR-15817,trunk,5,16456.0,1714840258.0,UNSTABLE,7b3537d9f900aa2763d1a10a6318636fe663f201,410914.94,113693,26,273,2024-05-04,9b8aac22ec7ce927a2ceb2bfe7afd57419ee946c,build_log,,True
kafka,PR-15858,trunk,2,16290.0,1714842527.0,UNSTABLE,64d6718ee87425b456dce1a3c81b4d3a43ec15f7,321139.0,113686,14,273,2024-05-04,9b8aac22ec7ce927a2ceb2bfe7afd57419ee946c,build_log,,True
kafka,PR-15781,trunk,16,17652.0,1714853542.0,UNSTABLE,8d0360fec3eb8073057a05ad7d8dfeef49e1f3f3,289604.8,114126,130,241,2024-05-04,bfe81d622979809325c31d549943c40f6f0f7337,build_log,,True
kafka,PR-15841,trunk,15,13027.0,1714925567.0,UNSTABLE,9774b09b989ccec06944f43722fa1f7894e907f4,229784.58,113922,5,265,2024-05-05,25118cec145b1a70a7b1709ca4a7ac367f066c6c,build_log,,True
kafka,PR-15823,trunk,11,14262.0,1714953514.0,UNSTABLE,7b4e048fb24952a8da95c2135199fcd74767e0f5,284973.25,113881,9,273,2024-05-05,25118cec145b1a70a7b1709ca4a7ac367f066c6c,build_log,,True
kafka,PR-15571,trunk,5,18930.0,1714955826.0,UNSTABLE,e9648a91dad0704bc3b18def26b0795d740ca3bb,456644.0,113926,36,273,2024-05-05,25118cec145b1a70a7b1709ca4a7ac367f066c6c,build_log,,True
kafka,PR-15867,trunk,1,19008.0,1714979005.0,UNSTABLE,cbbd868472b4ccf059ae7ca810a52927d907cc73,451050.62,113998,72,272,2024-05-06,41f5bf844df1ee94ab69c341d216a334a0d8c7f7,build_log,,True
kafka,PR-13531,trunk,7,14376.0,1714986006.0,UNSTABLE,d16da25c335a1f34c5f26572c223e3436afb9362,248187.62,112809,79,263,2024-05-06,55a00be4e973f3f4c8869b6f70de1e285719e890,build_log,,True
kafka,PR-15652,trunk,7,16281.0,1714997370.0,UNSTABLE,ded46804fb43da5cb823cb4ed1b8dd006f4098e9,258064.16,113961,24,256,2024-05-06,42754336e1ff35cb45661f1a906fc24b761b27cf,build_log,,True
kafka,PR-15875,trunk,1,15552.0,1715000800.0,UNSTABLE,1c9718e4de66214a16d8b497b33a3a1c3aeb8eda,230119.5,113961,30,257,2024-05-06,42754336e1ff35cb45661f1a906fc24b761b27cf,build_log,,True
kafka,PR-15744,trunk,13,17215.0,1715007934.0,UNSTABLE,9d8948609f64bffb09e1d219427da34b8ac54156,389156.53,113976,17,272,2024-05-06,0b4eaefd863e911c211f3defccd75c0ae78e14d2,build_log,,True
kafka,PR-15856,trunk,2,15691.0,1715009847.0,UNSTABLE,b9f529a1bd1d562e1550b53d9d68e88ec822fa85,235098.83,113985,17,258,2024-05-06,0b4eaefd863e911c211f3defccd75c0ae78e14d2,build_log,,True
kafka,PR-15798,trunk,15,19317.0,1715011552.0,UNSTABLE,53cf9955d1a98e50d8939c7a9f52a45bbf3c5ae1,506638.75,114023,47,273,2024-05-06,0b4eaefd863e911c211f3defccd75c0ae78e14d2,build_log,,True
kafka,PR-15379,trunk,16,19870.0,1715014479.0,UNSTABLE,70dfe00bb38a2ef24ffe706e8125a0a87b5637a1,417571.06,114082,23,273,2024-05-06,0b4eaefd863e911c211f3defccd75c0ae78e14d2,build_log,,True
kafka,PR-15766,trunk,35,15150.0,1715044629.0,UNSTABLE,004e8cc12e877b32e5dda4501cb573221ad52ef2,351831.3,114123,13,270,2024-05-06,0df340d64d3eddf4a7b57057274fb6807f366f43,build_log,,True
kafka,PR-15835,trunk,5,18444.0,1715065315.0,UNSTABLE,7946865dd6c5e2b6b0c4eb166801d33ef13b7e05,419393.44,114178,32,274,2024-05-07,459eaec666c54020fc859174004806ff4ee5cef3,build_log,,True
kafka,PR-15870,trunk,2,14977.0,1715069100.0,UNSTABLE,089536520294d88802dbe575266ac90283aee421,209773.98,114174,10,257,2024-05-07,459eaec666c54020fc859174004806ff4ee5cef3,build_log,,True
kafka,PR-15879,trunk,1,19274.0,1715082649.0,UNSTABLE,5871080215b5ef4e3b3386f9ed5e4a815b6eac83,332210.2,114177,17,265,2024-05-07,ea485a7061146976566004159e6d3a7582e03d13,build_log,,True
kafka,PR-15880,trunk,1,18908.0,1715085696.0,UNSTABLE,0d57efc35bba50f2240d4621c4fed165460cc712,392873.5,114184,23,274,2024-05-07,cb35ddc5ca233d5cca6f51c1c41b952a7e9fe1a0,build_log,,True
kafka,PR-15871,trunk,4,17727.0,1715085702.0,UNSTABLE,be0567ab2fb1c5a46c483f2ed5dca9912ac7b715,344594.78,114200,32,266,2024-05-07,cb35ddc5ca233d5cca6f51c1c41b952a7e9fe1a0,build_log,,True
kafka,PR-15881,trunk,1,18912.0,1715086565.0,UNSTABLE,3151490e92168024b7e96422b5ac08a998a11053,423765.72,114215,25,272,2024-05-07,cb35ddc5ca233d5cca6f51c1c41b952a7e9fe1a0,build_log,,True
kafka,PR-15883,trunk,1,15749.0,1715090520.0,UNSTABLE,b04d17fb011c465f90107cbc9505d3edb2923e96,307585.5,113453,75,268,2024-05-07,21bf715622e9d05984fa8a2a1f9f12d54b76ce41,build_log,,True
kafka,PR-15836,trunk,13,21960.0,1715101392.0,UNSTABLE,64b5f31b0a1d755f2704e7373ba93e29f8d35d31,319715.75,114211,14,265,2024-05-07,05df10449eb9c95fe6d6055b302c84686be8058d,build_log,,True
kafka,PR-14729,trunk,8,18107.0,1715108997.0,UNSTABLE,dad4a514257be35b30d2e090cad84cdcbd2ce0fd,321223.44,114373,14,264,2024-05-07,525b9b1d7682ae2a527ceca83fedca44b1cba11a,build_log,,True
kafka,PR-13185,trunk,12,17962.0,1715110951.0,UNSTABLE,15f3e46f5eed9da327e79fd8f24e8ee6be7892c6,259286.36,114380,37,257,2024-05-07,525b9b1d7682ae2a527ceca83fedca44b1cba11a,build_log,,True
kafka,PR-15886,trunk,1,14491.0,1715127044.0,UNSTABLE,86be21334d4c1abf0307d4b54f8a0373721766db,294330.22,114355,8,269,2024-05-07,525b9b1d7682ae2a527ceca83fedca44b1cba11a,build_log,,True
kafka,PR-15892,trunk,1,25110.0,1715148057.0,UNSTABLE,0fde07d37216db8a4fb346938003eac9a843bcaa,311972.66,114259,62,259,2024-05-08,5f933ac840343429e911f5706ccb7cd8dc379462,build_log,,True
kafka,PR-15878,trunk,2,16397.0,1715165284.0,UNSTABLE,00bcb31ee48c4879f0ceacff311b6290cb58faae,250332.7,114394,17,258,2024-05-08,f74f596bc7d35fcea97edcd83244e5d6aee308d2,build_log,,True
kafka,PR-15873,trunk,9,16689.0,1715170107.0,UNSTABLE,f844c92117740c756411755315ad6bced5550a1e,311085.2,114403,18,267,2024-05-08,f74f596bc7d35fcea97edcd83244e5d6aee308d2,build_log,,True
kafka,PR-15866,trunk,2,13837.0,1715175688.0,UNSTABLE,d6bb04690080913ddfb053520f026861d0ce2b0c,168880.1,114389,34,248,2024-05-08,2a5efe4a334611fc7c15f76b322482bad0942db0,build_log,,True
kafka,PR-15872,trunk,3,20103.0,1715176510.0,UNSTABLE,68ebedbdfc04c6d8ecebaefc00f69743d4197227,294731.97,114462,14,265,2024-05-08,2a5efe4a334611fc7c15f76b322482bad0942db0,build_log,,True
kafka,PR-15898,trunk,1,22684.0,1715178724.0,UNSTABLE,0c7602aaea540312b386acce27b0c00d315bcaf5,240521.3,114384,4,257,2024-05-08,2a5efe4a334611fc7c15f76b322482bad0942db0,build_log,,True
kafka,PR-15899,trunk,1,20527.0,1715179204.0,UNSTABLE,a07e2a76ddac34bf8b7209f03b8d8e4bd4437785,224098.06,113944,65,257,2024-05-08,2a5efe4a334611fc7c15f76b322482bad0942db0,build_log,,True
kafka,PR-15900,trunk,1,16361.0,1715188400.0,UNSTABLE,0b7324dc48cc6bafeb0bac2ee83a156472e20636,151478.17,114385,6,249,2024-05-08,2a5efe4a334611fc7c15f76b322482bad0942db0,build_log,,True
kafka,PR-15901,trunk,1,14065.0,1715192717.0,UNSTABLE,899daeff30eea2dd736a92c023062ffa4decb874,227038.45,112099,158,260,2024-05-08,c64a315fd554809e3a5274a136ce0e3ec210dea9,build_log,,True
kafka,PR-15837,trunk,5,17694.0,1715246395.0,UNSTABLE,a8dc0ee1792b64f5453d844274df918ca0f9575d,333004.06,114391,15,264,2024-05-09,29f3260a9c07e654a28620aeb93a778622a5233d,build_log,,True
kafka,PR-15905,trunk,1,16489.0,1715248267.0,UNSTABLE,d6219164841c792cb3f75552b66ffbac3c145bfa,237396.06,113716,72,255,2024-05-09,29f3260a9c07e654a28620aeb93a778622a5233d,build_log,,True
kafka,PR-15902,trunk,2,17129.0,1715265099.0,UNSTABLE,d8da3bc104f2822ecee01409d5f5ef964512cc98,333851.94,114447,8,271,2024-05-09,f4fdaa702a2e718bdb44b9c5fec254f32a33f0d8,build_log,,True
kafka,PR-15907,trunk,1,16895.0,1715267791.0,UNSTABLE,e46f748d912b74edea9b4ba8d0cf635dc49a8702,228542.94,114449,4,257,2024-05-09,f4fdaa702a2e718bdb44b9c5fec254f32a33f0d8,build_log,,True
kafka,PR-15715,trunk,16,14764.0,1715268012.0,UNSTABLE,75d83ea3789afd4b577e908798df4be0a4adb1ac,291267.72,114441,12,273,2024-05-09,f4fdaa702a2e718bdb44b9c5fec254f32a33f0d8,build_log,,True
kafka,PR-15785,trunk,20,18002.0,1715268312.0,UNSTABLE,7e6a7ebafa38b30cc6b83b49ce5332ec35bcfb51,422625.1,114462,20,271,2024-05-09,f4fdaa702a2e718bdb44b9c5fec254f32a33f0d8,build_log,,True
kafka,PR-14716,trunk,9,18333.0,1715271769.0,UNSTABLE,91156446ee177281590887cb8054ae9dd914556b,235371.64,114458,12,257,2024-05-09,f4fdaa702a2e718bdb44b9c5fec254f32a33f0d8,build_log,,True
kafka,PR-15887,trunk,3,14090.0,1715289529.0,UNSTABLE,59b8ac2dab4ea3c3a0400b9d02bea714573ad827,322443.38,114476,10,273,2024-05-09,5a9ccb6b7733a910b2f3a6a9433fd09cfef394c1,build_log,,True
kafka,PR-15884,trunk,6,16860.0,1715347275.0,UNSTABLE,0ee6392bbf6ff9bbad18b7ce23aaac60b45d0920,244344.78,114497,11,263,2024-05-10,510431a732dd8b4c18964238b9f136ba19d6e04e,build_log,,True
kafka,PR-15888,trunk,4,15542.0,1715350750.0,UNSTABLE,1b9bcaa291cfafb465de409e250b180a1756a26e,270500.03,114057,74,267,2024-05-10,510431a732dd8b4c18964238b9f136ba19d6e04e,build_log,,True
kafka,PR-15906,trunk,2,19783.0,1715358155.0,UNSTABLE,f5f54f09fbb58f3fb3a28d82ed7aacb6f327d983,357836.38,114480,42,268,2024-05-10,510431a732dd8b4c18964238b9f136ba19d6e04e,build_log,,True
kafka,PR-15904,trunk,3,16536.0,1715358847.0,UNSTABLE,62fcd538ba7f3116acd4e30756141495ac8e687e,204103.97,114497,18,263,2024-05-10,147ea55dfe200658032de2a26efda067771d92e8,build_log,,True
kafka,PR-15912,trunk,4,17789.0,1715359362.0,UNSTABLE,c98cfb6779095d032dfa38b13a3ce71e94510f4e,392285.62,114506,18,273,2024-05-10,147ea55dfe200658032de2a26efda067771d92e8,build_log,,True
kafka,PR-15909,trunk,6,16022.0,1715374275.0,UNSTABLE,5e9c04687715222d4c1d32811b3cc8fb9fa53a5c,321921.2,114488,12,273,2024-05-10,0cfc2983a58e8e8dc15eccf7a413804cd9062f26,build_log,,True
kafka,PR-15922,trunk,1,17306.0,1715382920.0,UNSTABLE,c085353863d74fc494bb804092933d2f8ac47af6,314480.5,114509,15,264,2024-05-10,ef7b48e66ab72ff6030299e191c6949d44d17c8f,build_log,,True
kafka,PR-15897,trunk,5,16582.0,1715442753.0,UNSTABLE,1f244644b621025f1458d582d832c33c3fd44e9d,347019.88,114517,14,272,2024-05-11,643db430a707479c9e87eec1ad67e1d4f43c9268,build_log,,True
kafka,PR-15925,3.7,1,22944.0,1715444051.0,UNSTABLE,ee368abf543b6d072e27b857771595f515c148f0,310505.06,111226,162,268,2024-05-11,e7749546d8063edc5ba678959f7ba507497c6fe6,build_log,,True
kafka,PR-15052,trunk,31,11802.0,1715567443.0,UNSTABLE,9f7b2a145ae7b304f89928b29070cbc9d16e0124,257428.78,111935,6,1457,2024-05-12,643db430a707479c9e87eec1ad67e1d4f43c9268,build_log,,True
kafka,PR-15882,trunk,6,14350.0,1715587308.0,UNSTABLE,79d6bc2b6a12bc9cfefcfdf11163088e8de7a6e8,284983.4,114481,25,270,2024-05-13,8a9dd2beda90f04180e71b406657d9da388d359e,build_log,,True
kafka,PR-15929,trunk,1,16039.0,1715595728.0,UNSTABLE,381e9cab1e8e3646d5eab46f013a843c6c181897,299895.47,113823,63,272,2024-05-13,ee16eee5debe653b005afc5a3f4e0bf5486b09b0,build_log,,True
kafka,PR-15894,trunk,6,16335.0,1715597746.0,UNSTABLE,99f2a2c496ef4a6b6dfceab3d91383adfdf48925,224087.8,114464,18,257,2024-05-13,ee16eee5debe653b005afc5a3f4e0bf5486b09b0,build_log,,True
kafka,PR-15727,trunk,6,17558.0,1715602246.0,UNSTABLE,29c57832a78b60faf7dc1a9f3a0ebecb708b0548,358549.38,114425,14,273,2024-05-13,6161fd0db28281cd7cf2ac6392d4a5a7dc766234,build_log,,True
kafka,PR-15931,trunk,1,15919.0,1715604096.0,UNSTABLE,d85cd62103c6ac3c306ce9ea799be87ae6072b2e,234423.06,114446,25,261,2024-05-13,5439914c32fa00d634efa7219699f1bc21add839,build_log,,True
kafka,PR-15932,trunk,1,19706.0,1715610137.0,UNSTABLE,b61a03fa3e26ca891f4673d1b8045ce58b76a42a,282504.6,114436,35,258,2024-05-13,5439914c32fa00d634efa7219699f1bc21add839,build_log,,True
kafka,PR-15934,trunk,1,17895.0,1715610591.0,UNSTABLE,1b6c4121e3f609dd79817c63488e3852e20379df,353167.7,114413,23,273,2024-05-13,5439914c32fa00d634efa7219699f1bc21add839,build_log,,True
kafka,PR-15877,trunk,3,17380.0,1715610859.0,UNSTABLE,cad9e27c67077b875384a6e731a0a67c74024757,271804.28,114460,17,262,2024-05-13,5439914c32fa00d634efa7219699f1bc21add839,build_log,,True
kafka,PR-15936,trunk,3,24051.0,1715615152.0,UNSTABLE,ce2f9d689be9b54464fd94020ae9491877873ae6,232905.55,114424,10,258,2024-05-13,5439914c32fa00d634efa7219699f1bc21add839,build_log,,True
kafka,PR-15634,trunk,7,28719.0,1715615726.0,UNSTABLE,1db9dca1a664e1952ec3dcddcac4a17aae2de6b1,396067.3,114442,31,269,2024-05-13,5439914c32fa00d634efa7219699f1bc21add839,build_log,,True
kafka,PR-15868,trunk,6,26629.0,1715617192.0,UNSTABLE,71282b711c496a25df22ad025ea6270f5c97a491,305147.62,114452,21,267,2024-05-13,5439914c32fa00d634efa7219699f1bc21add839,build_log,,True
kafka,PR-15923,trunk,2,28645.0,1715619853.0,UNSTABLE,cb95f00d4ff83abb8d27455bf99432b7c5f8be6e,207795.6,114430,11,257,2024-05-13,5439914c32fa00d634efa7219699f1bc21add839,build_log,,True
kafka,PR-15919,trunk,6,26714.0,1715624410.0,UNSTABLE,0e3f77d6d188a756472e1cdfa91fbaf4bd6823da,149403.61,114477,15,252,2024-05-13,5439914c32fa00d634efa7219699f1bc21add839,build_log,,True
kafka,PR-15903,trunk,2,27438.0,1715624961.0,UNSTABLE,9cff2163322a1dfa8b1c53855a7461e7aae6445c,326878.0,114351,16,273,2024-05-13,5439914c32fa00d634efa7219699f1bc21add839,build_log,,True
kafka,PR-15784,trunk,13,23046.0,1715643622.0,UNSTABLE,dd90897ca86d16eee6b6378f314d6008096852ac,237364.89,114451,15,258,2024-05-13,d61b34f2a7d5eecd21f3ea9fd595051e29574cae,build_log,,True
kafka,PR-14452,trunk,6,18899.0,1715660142.0,UNSTABLE,54384cf4b15cda28482abd7827bcef3540826fad,383539.22,111844,32,1457,2024-05-13,e18f61ce46ae677fde75a9b93c334e48b491482b,build_log,,True
kafka,PR-15935,trunk,3,19168.0,1715671015.0,UNSTABLE,f526723e6624df2f5ee422a8612c57947c449b21,343419.4,114381,25,264,2024-05-14,ccd83cafea6957fe61a07cf306b5cb1b92ed4523,build_log,,True
kafka,PR-13965,trunk,8,19365.0,1715674435.0,UNSTABLE,75ee2a18995e34b9d018daca045fdf080ba79b7b,157247.38,114386,9,251,2024-05-14,e1771448cf10b8fe5633a4ff905cde1bccc08478,build_log,,True
kafka,PR-15896,trunk,6,20351.0,1715685378.0,UNSTABLE,6daa2f06e0705abdea09506bb884a8d1ab96288a,360432.62,114320,20,265,2024-05-14,0587a9af3d3dec4859475dcf48463083647c1eb9,build_log,,True
kafka,PR-15921,trunk,5,23427.0,1715688540.0,UNSTABLE,b40b00b3f15389020f59b790aea334c03e686973,314591.12,114389,14,266,2024-05-14,0587a9af3d3dec4859475dcf48463083647c1eb9,build_log,,True
kafka,PR-15950,trunk,2,18812.0,1715692461.0,UNSTABLE,a37f59fdf999a5ca32231d0a1a63a6ec19a53780,321042.8,114376,13,266,2024-05-14,0587a9af3d3dec4859475dcf48463083647c1eb9,build_log,,True
kafka,PR-15941,trunk,2,17161.0,1715694234.0,UNSTABLE,36d7369119d2b462d88d87a6241c7491ed9f601c,286706.2,114372,14,263,2024-05-14,d59336a61563fc7dd50602060be4985d56f71716,build_log,,True
kafka,PR-15949,trunk,4,21897.0,1715694937.0,UNSTABLE,2241d5dca977beffe30829f7219eff4d42448a34,272613.12,114386,11,258,2024-05-14,8ac32d6c1942e4cea4e110520400c99359aa0d70,build_log,,True
kafka,PR-15697,trunk,7,25410.0,1715700808.0,UNSTABLE,639738cce6e74a58444390919fe8ac13007cd0cb,271059.75,114388,33,260,2024-05-14,df5735dda52ff9e3ded9d7b7d7a8e4f009f7ee33,build_log,,True
kafka,PR-15885,trunk,9,26888.0,1715706285.0,UNSTABLE,58424dc227f0c02124f57a95ff35ea43a1b9d5b0,341263.4,114444,24,267,2024-05-14,57d30d3450998465177f92516a41218dbe8d4340,build_log,,True
kafka,PR-15948,trunk,2,24544.0,1715710262.0,UNSTABLE,40cabe2795ab8c051281ee03ead967cd525fd502,329912.22,114448,27,257,2024-05-14,57d30d3450998465177f92516a41218dbe8d4340,build_log,,True
kafka,PR-15960,trunk,1,14684.0,1715740195.0,UNSTABLE,cd0e988af7eb79b9d44cc8e557550cee9ad34d78,205935.48,114077,69,255,2024-05-14,cb968845ecb3cb0982182d9dd437ecf652fe38d3,build_log,,True
kafka,PR-15917,trunk,7,16765.0,1715751829.0,UNSTABLE,9d69ad12f1c7826fc8e8742f606d5842e8f91d2f,315967.06,113889,87,263,2024-05-15,eb5559a40e6cd07626cf77890326547e18f09613,build_log,,True
kafka,PR-15953,3.7,2,16193.0,1715752074.0,UNSTABLE,d7a1fa50b6efecf3389018e00dbecbbf504c3da9,345388.22,111357,48,276,2024-05-15,2eb6baac1d211de2cf734347441f6730e6b80a08,build_log,,True
kafka,PR-15930,trunk,4,16874.0,1715758913.0,UNSTABLE,8fec33ff52cb429ec67974d3007bcd200736b3af,226427.25,114472,19,254,2024-05-15,bf88013a2812cab65bc70667e451e0a15d26b73c,build_log,,True
kafka,PR-15957,trunk,2,17270.0,1715769895.0,UNSTABLE,0489e8de838819a3308769db6e3921bd806d64c7,308817.72,114499,19,261,2024-05-15,3f8d11f047bf2f388fee7e8b5ddb359b47cee554,build_log,,True
kafka,PR-15963,trunk,1,16535.0,1715776938.0,UNSTABLE,46f2cb37385d41aa29a2288ed66584e60665932b,355504.12,114490,21,269,2024-05-15,3f8d11f047bf2f388fee7e8b5ddb359b47cee554,build_log,,True
kafka,PR-15861,trunk,20,17373.0,1715783900.0,UNSTABLE,7e26c74fe67b63fd055cc6801a55878186e1edf6,282369.25,114486,12,262,2024-05-15,3f8d11f047bf2f388fee7e8b5ddb359b47cee554,build_log,,True
kafka,PR-15967,trunk,1,18082.0,1715786888.0,UNSTABLE,d08a9e232ad1027d51b5f1d74ab82e66be657e5d,242215.28,114493,16,253,2024-05-15,3f8d11f047bf2f388fee7e8b5ddb359b47cee554,build_log,,True
kafka,PR-15859,trunk,11,16197.0,1715786940.0,UNSTABLE,ac073d6da448546896c7658ca76256720a69b522,239315.27,114823,32,254,2024-05-15,3f8d11f047bf2f388fee7e8b5ddb359b47cee554,build_log,,True
kafka,PR-15956,trunk,3,18433.0,1715810563.0,UNSTABLE,2700493a26dc0aee447ae85ae43d92f2f5e036d8,280518.1,114537,24,253,2024-05-15,ba19eedb90fc3a3efc97714e3ea125647338fc66,build_log,,True
kafka,PR-15969,trunk,2,8860.0,1715819600.0,UNSTABLE,0827f37c18175556af150643a30e070a1f6c3aaa,104309.73,114517,21,240,2024-05-15,ba19eedb90fc3a3efc97714e3ea125647338fc66,build_log,,True
kafka,PR-15947,trunk,4,16919.0,1715828274.0,UNSTABLE,ae95409a33e16ddec47037afa34005d95cf41d1d,293142.7,114511,18,260,2024-05-15,ba19eedb90fc3a3efc97714e3ea125647338fc66,build_log,,True
kafka,PR-15839,trunk,5,16717.0,1715859721.0,UNSTABLE,82cb48cb38b513b4f512b0f383f074070b401535,409761.62,114503,23,268,2024-05-16,7b1fe33d01cb3de9f457a7e4d711eacb7c8f1c4a,build_log,,True
kafka,PR-15865,trunk,2,16438.0,1715859851.0,UNSTABLE,73d82d0c507aec9be51ff253319f1b8f41e6a3f8,226681.16,114484,10,261,2024-05-16,7b1fe33d01cb3de9f457a7e4d711eacb7c8f1c4a,build_log,,True
kafka,PR-15976,trunk,1,17673.0,1715871863.0,UNSTABLE,7e86f1870f815ad43e2d5845f0f1c10bdc9ede29,417370.16,114880,23,269,2024-05-16,056d232f4e28bf8e67e00f8ed2c103fdb0f3b78e,build_log,,True
kafka,PR-15958,trunk,10,17624.0,1715871937.0,UNSTABLE,c918fdee388263c086eb7be7535f9d9f54619a67,300514.44,114877,14,260,2024-05-16,056d232f4e28bf8e67e00f8ed2c103fdb0f3b78e,build_log,,True
kafka,PR-15977,trunk,1,16765.0,1715871979.0,UNSTABLE,28139e952eb4c16fbd2bf60c3f3d1412e4b6e1cc,267215.22,114879,12,259,2024-05-16,056d232f4e28bf8e67e00f8ed2c103fdb0f3b78e,build_log,,True
kafka,PR-15933,trunk,6,22020.0,1715872906.0,UNSTABLE,34212aa30dc30050375ae39f69d3031c146a321a,281691.12,114909,14,252,2024-05-16,056d232f4e28bf8e67e00f8ed2c103fdb0f3b78e,build_log,,True
kafka,PR-15978,trunk,1,19936.0,1715873021.0,UNSTABLE,8be30d49b418f9038883bf9592c692903cd85788,228991.27,114883,16,257,2024-05-16,056d232f4e28bf8e67e00f8ed2c103fdb0f3b78e,build_log,,True
kafka,PR-15979,trunk,1,21810.0,1715873071.0,UNSTABLE,119cc7b5f69792b4916d4b9596d3305537920362,310594.53,114895,16,264,2024-05-16,056d232f4e28bf8e67e00f8ed2c103fdb0f3b78e,build_log,,True
kafka,PR-14448,trunk,9,22930.0,1715892295.0,UNSTABLE,7747d7e2e917cb76d0ac1abc6078a8791043ec6c,405952.94,114887,25,269,2024-05-16,fafa3c76dc93f3258b2cea49dfd1dc7a724a213c,build_log,,True
kafka,PR-15981,trunk,1,16573.0,1715902672.0,UNSTABLE,67149f90496efb200f3246d121052acd83f1fda7,236138.89,114893,14,252,2024-05-16,fafa3c76dc93f3258b2cea49dfd1dc7a724a213c,build_log,,True
kafka,PR-15980,trunk,2,15729.0,1715934169.0,UNSTABLE,1d079fac5967506374e15d5300de5cb82a87ac8b,270607.84,114917,15,261,2024-05-17,f9db4fa19cce975a6bbaeb09fbe9c91b81846b5a,build_log,,True
kafka,PR-15954,trunk,6,17029.0,1715937969.0,UNSTABLE,711ed7c841b2f21e5b2e0bf4b8ed4898e33f3fe6,328616.1,114899,15,268,2024-05-17,f9db4fa19cce975a6bbaeb09fbe9c91b81846b5a,build_log,,True
kafka,PR-15305,trunk,8,15292.0,1715942711.0,UNSTABLE,da52e545bb5ced4f2ab9836329fe519c0e77e0bd,310546.8,114869,20,265,2024-05-17,f9db4fa19cce975a6bbaeb09fbe9c91b81846b5a,build_log,,True
kafka,PR-15942,trunk,3,15762.0,1715947678.0,UNSTABLE,3b6805595d86a896709e117cde2c815e0811d129,240732.4,114873,10,263,2024-05-17,f9db4fa19cce975a6bbaeb09fbe9c91b81846b5a,build_log,,True
kafka,PR-15982,trunk,1,12303.0,1715948413.0,UNSTABLE,220924e31976633f0ddb7d94bcbc6b85eed8738d,132395.0,114895,5,246,2024-05-17,f9db4fa19cce975a6bbaeb09fbe9c91b81846b5a,build_log,,True
kafka,PR-15983,trunk,1,16775.0,1715949705.0,UNSTABLE,f8291c0f3c1d7b2613024f8f86b9da831b6fbb3d,330251.84,114897,11,267,2024-05-17,f9db4fa19cce975a6bbaeb09fbe9c91b81846b5a,build_log,,True
kafka,PR-15965,trunk,2,13029.0,1715953410.0,UNSTABLE,b4713873ccec75b886ee555530e2bbfdadde7ee4,147875.72,114908,17,244,2024-05-17,f9db4fa19cce975a6bbaeb09fbe9c91b81846b5a,build_log,,True
kafka,PR-15971,trunk,4,16881.0,1715959078.0,UNSTABLE,0721144a3a50633e28b293a2c328805037f40fca,240402.75,114906,18,258,2024-05-17,b8c96389b47df0dbd53fcba9404363dcdf43604d,build_log,,True
kafka,PR-15990,trunk,1,13306.0,1716025967.0,UNSTABLE,43f9a34aa74beb7357f4c1529bddad3dfa9c2576,292711.94,114949,5,268,2024-05-18,3e15ab98ec66257af4cbe1f2edc7dbcf8cc792f0,build_log,,True
kafka,PR-15984,trunk,3,13621.0,1716056864.0,UNSTABLE,78de4b17b076d78dd3eee6e731f402f29062be7e,272157.56,114949,5,268,2024-05-18,3e15ab98ec66257af4cbe1f2edc7dbcf8cc792f0,build_log,,True
kafka,PR-15994,trunk,1,17140.0,1716134347.0,UNSTABLE,b3d8dcf08fb6e76d1db5b5297d6e08431dd7df9c,395954.3,114229,82,267,2024-05-19,412b05df001df399a873b74093e26b1f6f70ef44,build_log,,True
kafka,PR-15996,trunk,1,13687.0,1716162774.0,UNSTABLE,06956358f6dc06367586dfbe87a2b4094e136a7c,227877.0,114959,9,260,2024-05-19,412b05df001df399a873b74093e26b1f6f70ef44,build_log,,True
kafka,PR-15951,trunk,5,17472.0,1716175999.0,UNSTABLE,4a1b76d38effa2233fb7bc062920a2457243fded,264149.22,114970,12,259,2024-05-19,412b05df001df399a873b74093e26b1f6f70ef44,build_log,,True
kafka,PR-15704,trunk,9,16706.0,1716197117.0,UNSTABLE,a897d48d26dea64b5e58b158ffa2eed777a3e1c7,392307.56,114956,18,269,2024-05-20,81e609802187ac2bcbd0ac169fa10e8c02c237f5,build_log,,True
kafka,PR-15952,trunk,2,14230.0,1716204099.0,UNSTABLE,fa3747fa9dadb99ccadca73f66b53f7694aac604,291194.66,114966,13,260,2024-05-20,81e609802187ac2bcbd0ac169fa10e8c02c237f5,build_log,,True
kafka,PR-15992,trunk,2,16137.0,1716216390.0,UNSTABLE,336d5f5f16187b78cf95fc09fc0664cbe6aa9998,266007.75,114965,14,261,2024-05-20,81e609802187ac2bcbd0ac169fa10e8c02c237f5,build_log,,True
kafka,PR-15916,trunk,10,17934.0,1716217284.0,UNSTABLE,b891b93e1f7e3a0625fdd657a4b80245fc6ff97a,285569.88,114964,16,260,2024-05-20,81e609802187ac2bcbd0ac169fa10e8c02c237f5,build_log,,True
kafka,PR-15910,trunk,8,18643.0,1716222450.0,UNSTABLE,56db4edf332d105e8ed580dee67fe0b32fd3fd75,514030.72,115001,39,274,2024-05-20,81e609802187ac2bcbd0ac169fa10e8c02c237f5,build_log,,True
kafka,PR-16002,trunk,2,17488.0,1716233634.0,UNSTABLE,c7236404147acce1bdc24cee3febe4b47fd31d20,410522.78,114977,19,268,2024-05-20,95adb7bfbfc69b3e9f3538cc5d6f7c6a577d30ee,build_log,,True
kafka,PR-15940,trunk,3,18270.0,1716240804.0,UNSTABLE,81cc29c862d562eef2117570e11cad5c287a4ca0,280824.62,114977,12,252,2024-05-20,95adb7bfbfc69b3e9f3538cc5d6f7c6a577d30ee,build_log,,True
kafka,PR-15469,trunk,9,17158.0,1716240857.0,UNSTABLE,8fb6c6e814c70e92b784764e9a60808ef5ca8d4e,257169.78,115082,31,253,2024-05-20,95adb7bfbfc69b3e9f3538cc5d6f7c6a577d30ee,build_log,,True
kafka,PR-15964,trunk,4,22700.0,1716242551.0,UNSTABLE,cd914dc83f6ee95f6ada2e3a406b18fd37c5496f,336284.5,114953,23,260,2024-05-20,95adb7bfbfc69b3e9f3538cc5d6f7c6a577d30ee,build_log,,True
kafka,PR-16011,trunk,1,16153.0,1716263893.0,UNSTABLE,dd367af5bb769a81c269489d39ccda6f17d2e541,298917.2,114964,23,261,2024-05-20,476d323f5a6e3d811f94a5d859cdc364e4bc479b,build_log,,True
kafka,PR-16012,trunk,1,16952.0,1716264821.0,UNSTABLE,eb5b99e8bcb94f3ab6a45e40845ede8a5cb7d68b,367540.06,114971,26,269,2024-05-20,476d323f5a6e3d811f94a5d859cdc364e4bc479b,build_log,,True
kafka,PR-16014,trunk,1,17725.0,1716276738.0,UNSTABLE,a77c403f5695036037abd7a5be785661c268b24d,345421.34,114957,30,260,2024-05-21,b4c2d6680141d8ed2057bd9208cfad96cbdb99e6,build_log,,True
kafka,PR-15975,trunk,3,18614.0,1716281450.0,UNSTABLE,5cb6e095e4b8ebb2ebd64a4230b90059f974a6da,376726.88,114995,30,261,2024-05-21,52b4596dae25c4ef3fbf1df0e6c3630ae8b0be01,build_log,,True
kafka,PR-16015,trunk,1,19066.0,1716281565.0,UNSTABLE,7106d5abad58fbbc120866b83e09e0fef2f2d80c,404324.12,115004,26,269,2024-05-21,52b4596dae25c4ef3fbf1df0e6c3630ae8b0be01,build_log,,True
kafka,PR-15417,trunk,20,18743.0,1716281926.0,UNSTABLE,28ad4782364a36b566bb035ee793e3e5ab7ef23b,381557.03,114990,26,275,2024-05-21,52b4596dae25c4ef3fbf1df0e6c3630ae8b0be01,build_log,,True
kafka,PR-15516,trunk,17,16244.0,1716288895.0,UNSTABLE,9b4f5395840984341331ac4c73c31046c4289157,311529.22,124249,15,260,2024-05-21,b5a013e4564ad93026b9c61431e4573a39bec766,build_log,,True
kafka,PR-16013,trunk,3,20779.0,1716336991.0,UNSTABLE,7b2fc257e0d5bb76e20d7900d1f55bbdc7c80e79,373957.97,124341,23,262,2024-05-21,7de58f7359a6c255701107d0078d359047c31457,build_log,,True
kafka,PR-15927,trunk,9,19054.0,1716337127.0,UNSTABLE,a3916a56840bed86d7f5eb3096156101f0be0226,304415.8,124328,23,261,2024-05-21,7de58f7359a6c255701107d0078d359047c31457,build_log,,True
kafka,PR-15985,trunk,4,20887.0,1716337406.0,UNSTABLE,17880df92b3855a9c2f1d98ceb04e80cb15a804f,428870.75,124341,38,269,2024-05-21,7de58f7359a6c255701107d0078d359047c31457,build_log,,True
kafka,PR-15640,trunk,58,21374.0,1716337800.0,UNSTABLE,91af164415b8b950c70d3a61bb0837c34ae4ed69,527186.7,124397,42,269,2024-05-21,7de58f7359a6c255701107d0078d359047c31457,build_log,,True
kafka,PR-16004,trunk,4,16217.0,1716338387.0,UNSTABLE,4dfc51dc7b88c1848d16397e5eb230c3ba0111e9,93300.34,124349,11,244,2024-05-21,7de58f7359a6c255701107d0078d359047c31457,build_log,,True
kafka,PR-15972,trunk,8,21910.0,1716338708.0,UNSTABLE,3910eb65e5b350a4a4dde66efc2da4b46db6df4f,101465.07,124242,109,243,2024-05-21,7de58f7359a6c255701107d0078d359047c31457,build_log,,True
kafka,PR-16026,trunk,2,26493.0,1716352472.0,UNSTABLE,b62c7e64a451fd2c6d2e450411b9783d0a3ea326,143268.38,124362,21,245,2024-05-21,e93aae0664f9cef69b6a14d9fdeabb7e7786194d,build_log,,True
kafka,PR-16023,trunk,2,27251.0,1716368756.0,UNSTABLE,eaaf0fc6e42bef1a2d62c614e31deb92ddeeaa71,330267.88,124371,24,261,2024-05-22,5552f5c26df4eb07b2d6ee218e4a29e4ca790d5c,build_log,,True
kafka,PR-15973,trunk,14,25814.0,1716373026.0,UNSTABLE,a22f98358c0abce4b46ae4a3bcf04ca9d479a59b,254143.42,124283,132,255,2024-05-22,5552f5c26df4eb07b2d6ee218e4a29e4ca790d5c,build_log,,True
kafka,PR-15987,trunk,5,24201.0,1716378726.0,UNSTABLE,044319a2968f1c18f0919c687bb875f81a6499b4,224274.86,124375,15,256,2024-05-22,5552f5c26df4eb07b2d6ee218e4a29e4ca790d5c,build_log,,True
kafka,PR-16028,trunk,1,24533.0,1716380846.0,UNSTABLE,289bb811573c048317c9b4b4c72c2d623acbb868,208605.06,124387,29,255,2024-05-22,5552f5c26df4eb07b2d6ee218e4a29e4ca790d5c,build_log,,True
kafka,PR-16027,trunk,9,27475.0,1716382202.0,UNSTABLE,cb67b852969f6921011768b6079e95c9330119dd,362635.3,124359,16,274,2024-05-22,5552f5c26df4eb07b2d6ee218e4a29e4ca790d5c,build_log,,True
kafka,PR-16024,trunk,2,28341.0,1716389319.0,UNSTABLE,ff7692d8396604ec144368ccc91b380413125db7,352774.47,124385,26,261,2024-05-22,028e7a06dcdca7d4dbeae83f2fce0a4120cc2753,build_log,,True
kafka,PR-16001,trunk,3,28609.0,1716412930.0,UNSTABLE,3477e2332f9c50f2f663733fe426fd640932abdc,210440.73,124318,113,253,2024-05-22,27a6c156c49e375edea0e6f33a35c64c615db1b5,build_log,,True
kafka,PR-15988,trunk,6,25468.0,1716416053.0,UNSTABLE,3bf2783cc1a0279d85824408dad0d90bbb9dc597,373284.6,124347,121,268,2024-05-22,27a6c156c49e375edea0e6f33a35c64c615db1b5,build_log,,True
kafka,PR-16034,trunk,3,24492.0,1716424749.0,UNSTABLE,d07ea0ee23be33c6feaf940e0e11a33f7322c9d1,285876.56,124305,106,263,2024-05-22,06739d5aa026e7db62ff0bd7da57e079cca35f07,build_log,,True
kafka,PR-16036,trunk,1,18159.0,1716449541.0,UNSTABLE,2dcefcdff357f40f918de51e523fe5b8a2c132be,160270.39,124380,107,249,2024-05-23,14b5c4d1e8589ff61faf855e6b64766001e06ecf,build_log,,True
kafka,PR-16029,trunk,4,21137.0,1716450231.0,UNSTABLE,706833b94ca186b5fcf234895b2e4244307a94eb,322662.47,124376,111,261,2024-05-23,14b5c4d1e8589ff61faf855e6b64766001e06ecf,build_log,,True
kafka,PR-16038,trunk,1,18435.0,1716457265.0,UNSTABLE,e93259f3c904f2764d96e32801980de9338b2399,266043.62,124431,132,252,2024-05-23,14b5c4d1e8589ff61faf855e6b64766001e06ecf,build_log,,True
kafka,PR-16016,trunk,3,18938.0,1716458124.0,UNSTABLE,889a321c01f15bb20a95e0a216ca9efbcb596bae,214021.0,124372,105,253,2024-05-23,14b5c4d1e8589ff61faf855e6b64766001e06ecf,build_log,,True
kafka,PR-16035,trunk,3,18597.0,1716461036.0,UNSTABLE,9df04e90c2d5765b33bc934a23ad61f84c9e56b6,393191.12,124380,116,268,2024-05-23,14b5c4d1e8589ff61faf855e6b64766001e06ecf,build_log,,True
kafka,PR-16044,trunk,3,22961.0,1716473426.0,UNSTABLE,61ccb83fcdd367304662b5fcd56418db959b5e36,217110.86,124470,8,253,2024-05-23,ab0cc72499eedd5b5da7232d4a799103d17802fd,build_log,,True
kafka,PR-16047,trunk,2,23744.0,1716474794.0,UNSTABLE,4e5693c197e0ef0e3468f33ba104579b1458eb14,314723.6,124368,116,261,2024-05-23,ab0cc72499eedd5b5da7232d4a799103d17802fd,build_log,,True
kafka,PR-15377,trunk,10,23798.0,1716476824.0,UNSTABLE,e583d218fa54bf67d88fc2cfd04d2e8e568fbc79,354271.78,124370,115,272,2024-05-23,8d117a188df7a135ad5595d0302ad903f9241027,build_log,,True
kafka,PR-16039,trunk,5,14307.0,1716478459.0,UNSTABLE,64a83c1c108164dc1a79b6a0e9c9c9bac94a463f,94325.69,124402,108,237,2024-05-23,8d117a188df7a135ad5595d0302ad903f9241027,build_log,,True
kafka,PR-15970,trunk,13,28582.0,1716484006.0,UNSTABLE,5940f59bff16bfe24bdb0184016cc7ccd53f6205,240494.78,124440,114,252,2024-05-23,0ba15ad4d1bd7318d626430035a1666eb16f844d,build_log,,True
kafka,PR-16008,trunk,6,24890.0,1716485408.0,UNSTABLE,4e9a94020b51152c174641dfb91969116aa54f4e,243853.44,124405,126,256,2024-05-23,c3018ef55ec97f6b2bb08baaf141ff840559e10e,build_log,,True
kafka,PR-16060,trunk,1,28089.0,1716498950.0,UNSTABLE,9855a1384464fee5cbd99a722075d34e9744799e,434250.9,124508,134,261,2024-05-23,11ad5e8bca2444d8c51cd6b81ee84dcb41a047c2,build_log,,True
kafka,PR-15891,trunk,23,27272.0,1716500078.0,UNSTABLE,f9fef1989add194ef17783368619ad60c1f1a164,469329.06,124603,31,268,2024-05-23,de3202832dcabdb30fbcaa29329552c410db8500,build_log,,True
kafka,PR-16051,trunk,6,23206.0,1716500690.0,UNSTABLE,2fa9bdb3884a997cb8c0854e9c4d9efb038e059f,106381.305,62230,3,159,2024-05-23,de3202832dcabdb30fbcaa29329552c410db8500,build_log,,True
kafka,PR-15893,trunk,7,23671.0,1716505894.0,UNSTABLE,23e6844709c28f94ca572b0e712d8fd49546de98,266757.03,123644,87,251,2024-05-23,de3202832dcabdb30fbcaa29329552c410db8500,build_log,,True
kafka,PR-15825,trunk,30,28742.0,1716512922.0,UNSTABLE,d4668beecdb86559e7c849d978ea92121c34497c,280933.9,124675,29,247,2024-05-23,de3202832dcabdb30fbcaa29329552c410db8500,build_log,,True
kafka,PR-16063,trunk,2,21064.0,1716522310.0,UNSTABLE,3c91ca4a8433e31a6e50e3d3c8c783795a779c42,328497.5,124592,32,261,2024-05-23,de3202832dcabdb30fbcaa29329552c410db8500,build_log,,True
kafka,PR-16045,trunk,2,23091.0,1716532674.0,UNSTABLE,fc9fe4d3bfa45e0764745d52e6748bd74b40afb2,511217.6,124322,110,261,2024-05-24,de3202832dcabdb30fbcaa29329552c410db8500,build_log,,True
kafka,PR-16069,trunk,1,18267.0,1716543643.0,UNSTABLE,13d5b583633882eff999c0f1135fd1bcfc8b8a79,247429.27,124653,15,253,2024-05-24,520aa8665c8bad19c55d74e6b8ac14a4e17de789,build_log,,True
kafka,PR-16070,trunk,1,18884.0,1716548265.0,UNSTABLE,66e21422b9b1fb62034c6def7769ad8da6dcd7d5,415841.1,124631,17,269,2024-05-24,c5cd19081891c058681b3088c30769641bf4ae6b,build_log,,True
kafka,PR-16072,trunk,1,18376.0,1716555188.0,UNSTABLE,faf5e066c8601e279a020dc8354e5f37884b6a17,277482.03,124666,22,254,2024-05-24,0143c72e501afd76f89c2da9e4537be5ea11d4a0,build_log,,True
kafka,PR-16059,trunk,3,20222.0,1716558900.0,UNSTABLE,c881ac1e85a0601763a35c5138b41c2d1858aaab,300717.7,124652,30,253,2024-05-24,0143c72e501afd76f89c2da9e4537be5ea11d4a0,build_log,,True
kafka,PR-16073,trunk,1,17995.0,1716562257.0,UNSTABLE,c8f1d1d875020b990feaa29e8a9de3b74795f2d0,253809.77,124651,28,253,2024-05-24,0143c72e501afd76f89c2da9e4537be5ea11d4a0,build_log,,True
kafka,PR-15848,trunk,7,23158.0,1716564465.0,UNSTABLE,2a5a25c5e83ff2cce3986d05b8bc6f73e4adfcf0,352309.72,124633,20,268,2024-05-24,0143c72e501afd76f89c2da9e4537be5ea11d4a0,build_log,,True
kafka,PR-16006,trunk,7,21586.0,1716566062.0,UNSTABLE,dadb569b29809c3de7f5e71822ec4238f71828dd,295001.6,124643,15,263,2024-05-24,0143c72e501afd76f89c2da9e4537be5ea11d4a0,build_log,,True
kafka,PR-15607,trunk,4,20696.0,1716572066.0,UNSTABLE,b448433568a89cdf7b99d1c9d107e32d08c49a65,149510.45,124580,82,247,2024-05-24,4f55786a8a86fe228a0b10a2f28529f5128e5d6f,build_log,,True
kafka,PR-16076,trunk,1,22933.0,1716575657.0,UNSTABLE,d76aa3de4f86ff70ee5e4abef62d000accf4982b,341560.66,124585,75,269,2024-05-24,4f55786a8a86fe228a0b10a2f28529f5128e5d6f,build_log,,True
kafka,PR-16064,trunk,4,17654.0,1716600619.0,UNSTABLE,36de041a709044be458fadfbd1c08088991eb4a7,309768.72,124596,81,261,2024-05-24,d585a494a4871eaecdddf98f8655b8f30c5bd834,build_log,,True
kafka,PR-15974,trunk,15,21029.0,1716615035.0,UNSTABLE,dccb5839a421518164c6f4b80c1cebe5e7009a97,283084.38,124603,71,260,2024-05-25,d585a494a4871eaecdddf98f8655b8f30c5bd834,build_log,,True
kafka,PR-16081,trunk,1,14994.0,1716625559.0,UNSTABLE,595546bd6938d81cc4c67acc51b10f4b584884f4,276386.78,124582,62,269,2024-05-25,d585a494a4871eaecdddf98f8655b8f30c5bd834,build_log,,True
kafka,PR-16082,trunk,1,14801.0,1716652655.0,UNSTABLE,9c9c2de783ba499fe0424856239aacfcfb44a65e,303688.34,124643,7,269,2024-05-25,d585a494a4871eaecdddf98f8655b8f30c5bd834,build_log,,True
kafka,PR-15860,trunk,3,15651.0,1716690485.0,UNSTABLE,9bfc63782eccaef3b9ada201bf3c5fe404b61392,243085.77,124595,64,261,2024-05-25,d9ee9c96dd5081f3b494f5fc820fb3f51328993f,build_log,,True
kafka,PR-14686,trunk,9,17011.0,1716701424.0,UNSTABLE,5f5f284631b19272a884821074407322dbcc7dac,305950.84,124618,335,269,2024-05-26,d9ee9c96dd5081f3b494f5fc820fb3f51328993f,build_log,,True
kafka,PR-15889,trunk,25,13968.0,1716864019.0,SUCCESS,b44f199ef747f78daed12f2a65682fee1f51361a,91153.37,62306,0,159,2024-05-27,adab48df6830259d33bd9705b91885c4f384f267,build_log,,True
kafka,PR-15702,trunk,8,17038.0,1716873458.0,UNSTABLE,bebdaf00f0255c43b4b545d7219fc66135609b19,120904.18,62317,4,163,2024-05-28,91284d8d7b38d350a63b4086d2f12918e5bc31dc,build_log,,True
kafka,PR-16067,trunk,2,21295.0,1716875133.0,UNSTABLE,4ff2c41ebcd19a79d339cb48f72464f3858e9cdd,161359.05,62311,12,159,2024-05-28,91284d8d7b38d350a63b4086d2f12918e5bc31dc,build_log,,True
kafka,PR-16066,trunk,2,21286.0,1716875249.0,UNSTABLE,a94e3f49acf3d18f5453773cab7b6bb6c6f67cf9,288802.9,62308,20,167,2024-05-28,91284d8d7b38d350a63b4086d2f12918e5bc31dc,build_log,,True
kafka,PR-16098,trunk,1,15629.0,1716876311.0,UNSTABLE,799b4c0b535fffaa1bd8f904cfa1c8aef73a2489,120289.66,62300,7,159,2024-05-28,91284d8d7b38d350a63b4086d2f12918e5bc31dc,build_log,,True
kafka,PR-16099,trunk,1,16157.0,1716877599.0,UNSTABLE,e9ed693e68484e49822a9b53aaec8a3cccd4b37f,186635.03,62303,7,166,2024-05-28,91284d8d7b38d350a63b4086d2f12918e5bc31dc,build_log,,True
kafka,PR-16100,trunk,1,16320.0,1716883248.0,UNSTABLE,3331561c0d7ac0efcb57c0a9ca161fbd864f7deb,150674.86,62293,4,167,2024-05-28,91284d8d7b38d350a63b4086d2f12918e5bc31dc,build_log,,True
kafka,PR-16101,trunk,1,20482.0,1716883449.0,UNSTABLE,9f45498291e32a6d0389b387b64aa24ad6ad97b9,145753.31,62309,8,159,2024-05-28,91284d8d7b38d350a63b4086d2f12918e5bc31dc,build_log,,True
kafka,PR-16103,trunk,1,18652.0,1716890020.0,UNSTABLE,fba7f9ff178b1514d6a245d25d95a1fd09a66523,102284.36,62306,6,160,2024-05-28,a57c05b73bdccaad6164e53da07f07d37f3005a8,build_log,,True
kafka,PR-16040,trunk,7,7970.0,1716895703.0,UNSTABLE,44dcbf6d6dd534b61e6d0e76e062722af82b42bc,45801.85,62312,6,154,2024-05-28,699438b7f7801115cb7d66dba202b25af7ff8a1f,build_log,,True
kafka,PR-16010,trunk,10,17063.0,1716896160.0,UNSTABLE,a6afc0e1b2bd83e3af5b65e6cc03477711b80f9e,115314.734,62301,12,158,2024-05-28,699438b7f7801115cb7d66dba202b25af7ff8a1f,build_log,,True
kafka,PR-16104,trunk,1,22033.0,1716900942.0,UNSTABLE,5504c57f317ada97f76f3bde9b8e40b7545b1e17,204214.6,62303,9,167,2024-05-28,699438b7f7801115cb7d66dba202b25af7ff8a1f,build_log,,True
kafka,PR-16084,trunk,4,21305.0,1716910411.0,UNSTABLE,c6f24de0e3ee358b250f7c49bcdf814e8228d928,195364.97,62241,66,167,2024-05-28,64f699aeea681f54f9a4c973509c953c0501820d,build_log,,True
kafka,PR-15691,trunk,8,17656.0,1716914079.0,UNSTABLE,ca745917e6aa9da12419b961daad038843881dec,110289.81,62300,3,160,2024-05-28,a649bc457faa0f4b682e831d61d27fb289659cba,build_log,,True
kafka,PR-16112,trunk,1,17387.0,1716922641.0,UNSTABLE,3eb1d4c71d6b65a63b952ab13b7e98b6512c313f,166701.3,62299,5,165,2024-05-28,a649bc457faa0f4b682e831d61d27fb289659cba,build_log,,True
kafka,PR-16057,trunk,8,17328.0,1716922683.0,UNSTABLE,9512b40f2b0a6a1c727ee22b9dc0b1f401a63d6b,101165.414,62306,4,159,2024-05-28,a649bc457faa0f4b682e831d61d27fb289659cba,build_log,,True
kafka,PR-15889,trunk,26,15245.0,1716923901.0,UNSTABLE,621d0f0ae5c99cde760a4a47c3cc8a7a99c543c2,101296.086,62317,7,158,2024-05-28,4d04eb83ea2cf67484d81e30603e976f63616428,build_log,,True
kafka,PR-15601,trunk,28,16339.0,1716924932.0,UNSTABLE,e223f3309c50af1cd24941737562ccf57a96e85b,144574.12,62302,10,166,2024-05-28,4d04eb83ea2cf67484d81e30603e976f63616428,build_log,,True
kafka,PR-16052,trunk,6,13608.0,1716926964.0,UNSTABLE,5735e53b258c441cadeadb44c3027df71cbae2fd,101849.625,62311,5,161,2024-05-28,4d04eb83ea2cf67484d81e30603e976f63616428,build_log,,True
kafka,PR-16074,trunk,5,14302.0,1716930105.0,UNSTABLE,906379c1f54ae32610bff3e7791f243e400c1394,97296.74,62306,2,159,2024-05-28,4d04eb83ea2cf67484d81e30603e976f63616428,build_log,,True
kafka,PR-16111,trunk,3,14650.0,1716935265.0,UNSTABLE,49d8650ad89417be06b42574022bd7cccc4a3def,159588.05,62304,5,167,2024-05-28,4eb60b5104c3e7a6d9d6943b18abc3c2d26bea3a,build_log,,True
kafka,PR-16117,trunk,1,13043.0,1716942909.0,UNSTABLE,0cdabef0a4079c6fc96af6bb4a36bc87a4032fab,101542.516,62321,9,160,2024-05-28,56ee1392e8fdb8dd49719370e6c01cc8b641deb7,build_log,,True
kafka,PR-16114,trunk,2,4959.0,1716943918.0,UNSTABLE,240cedd851dcf6010b6573aada91c387538e69df,48259.61,62326,6,151,2024-05-28,56ee1392e8fdb8dd49719370e6c01cc8b641deb7,build_log,,True
kafka,PR-15946,trunk,15,18353.0,1716953872.0,UNSTABLE,2bbd8ff3f17b81fa045618de9b197bb880229dc8,202885.33,62317,8,167,2024-05-28,d64e3fbb2b76fd4ffe9720ca2b3c1763381e1abb,build_log,,True
kafka,PR-16090,trunk,2,18548.0,1716965048.0,UNSTABLE,9eef86dea2a35cab2a4b518bec99360c13fcb034,173941.06,62340,22,159,2024-05-29,eefd114c4ac386a5cf5b425d74cd47456d8ce9c1,build_log,,True
kafka,PR-15690,trunk,12,19680.0,1716967735.0,UNSTABLE,5263b4e213f6c154b9f39764b09fc8d4e95e8ab1,224105.28,62352,18,166,2024-05-29,eefd114c4ac386a5cf5b425d74cd47456d8ce9c1,build_log,,True
kafka,PR-14847,trunk,32,18345.0,1716972642.0,UNSTABLE,3a079d5d74a76bcf50d3f863145fc0fd6f3d8c8b,174716.83,62325,10,167,2024-05-29,897cab2a614407149bbdd96697d7bc27be89505b,build_log,,True
kafka,PR-15914,trunk,2,17700.0,1716973079.0,UNSTABLE,835fc165e217e40a78e27244a564d8c633a8b27e,108146.14,62338,16,158,2024-05-29,897cab2a614407149bbdd96697d7bc27be89505b,build_log,,True
kafka,PR-16118,trunk,2,19185.0,1716974330.0,UNSTABLE,3000de00a6c381e050626ee36f27784153f0b4b7,185066.05,62327,13,167,2024-05-29,897cab2a614407149bbdd96697d7bc27be89505b,build_log,,True
kafka,PR-15998,trunk,8,21126.0,1716975406.0,UNSTABLE,eddb1d1663eff0e7b30c45f8f8a7ca7932f1514d,170295.23,62325,6,166,2024-05-29,897cab2a614407149bbdd96697d7bc27be89505b,build_log,,True
kafka,PR-16108,trunk,3,17105.0,1716988081.0,UNSTABLE,af53f5065481e6ff7c908a3e2328f2036008f79c,171355.1,62327,5,167,2024-05-29,8d11d9579503426edfaeae791ec4bb212da37ad2,build_log,,True
kafka,PR-16113,trunk,2,21014.0,1716992191.0,UNSTABLE,1e5b04389b7af19173a8a6c316cc1b8d57d61004,118721.8,62349,16,159,2024-05-29,8d11d9579503426edfaeae791ec4bb212da37ad2,build_log,,True
kafka,PR-15779,trunk,22,19443.0,1716992427.0,UNSTABLE,e36cf73b6d0872ca6716e882e77f3bd5b18b0225,124245.39,62544,13,160,2024-05-29,8d11d9579503426edfaeae791ec4bb212da37ad2,build_log,,True
kafka,PR-16032,trunk,7,22710.0,1716992470.0,UNSTABLE,bed0f5b0261c8952fb9748d862f3ef375daf7d50,225481.95,62353,8,167,2024-05-29,8d11d9579503426edfaeae791ec4bb212da37ad2,build_log,,True
kafka,PR-16123,trunk,1,17267.0,1716995100.0,UNSTABLE,53bd7ec02ef857656e4efd1dbf4096ca7b707f4d,116361.82,62333,9,161,2024-05-29,0b75cf7c0bf71688a2ddcb5c2bf2610836da6943,build_log,,True
kafka,PR-15165,trunk,4,19337.0,1716995949.0,UNSTABLE,652a787a65d71935c3bac5099cb614047ec23a86,126036.33,62333,7,162,2024-05-29,0b75cf7c0bf71688a2ddcb5c2bf2610836da6943,build_log,,True
kafka,PR-16125,trunk,1,21900.0,1717000788.0,UNSTABLE,ee543189b02fc2b427db5f72fcf3a54440992eb0,151707.05,62354,18,159,2024-05-29,2d9994e0de915037525f041ff9a9b9325f838938,build_log,,True
kafka,PR-16075,trunk,5,18873.0,1717004825.0,UNSTABLE,a389c1a07233f7315acb48bc586ed4cd62ac9707,166680.78,62328,5,167,2024-05-29,0f0c9ecbf330923ad653cc2ff4fca6c4dced1cf7,build_log,,True
kafka,PR-15685,trunk,37,20497.0,1717004996.0,UNSTABLE,0704b61f82e152290cded2a43d74fda16b47314e,159954.45,62571,7,166,2024-05-29,0f0c9ecbf330923ad653cc2ff4fca6c4dced1cf7,build_log,,True
kafka,PR-16121,trunk,2,19094.0,1717005464.0,UNSTABLE,94c6326caed83265ecb2736c1d2821839469c9ab,97217.57,62338,4,159,2024-05-29,0f0c9ecbf330923ad653cc2ff4fca6c4dced1cf7,build_log,,True
kafka,PR-16092,trunk,12,16487.0,1717012287.0,UNSTABLE,7d67257d30ff25267e37c1804adb29d373131c20,166665.95,62333,7,166,2024-05-29,0f0c9ecbf330923ad653cc2ff4fca6c4dced1cf7,build_log,,True
kafka,PR-16033,trunk,21,5921.0,1717014556.0,UNSTABLE,fe3fd0623834c7407c42f9b730faead3b7c17b7e,43095.742,62354,6,152,2024-05-29,cc269b0d438534ae8fef16b39354da1d78332a2c,build_log,,True
kafka,PR-16005,trunk,7,15855.0,1717028432.0,UNSTABLE,147fee1d414a2990bb84017ac37263c7d8c29e87,163026.25,62588,6,167,2024-05-29,c8af740bd44dae92bbe68254114c0fd7f7c32345,build_log,,True
kafka,PR-15821,trunk,13,16438.0,1717033812.0,UNSTABLE,f61f3387417450f9568ded7851ea7445e0cd7ae8,100379.64,62623,5,159,2024-05-29,3d14690cbfe97dda05dc9896047e38d851076fd4,build_log,,True
kafka,PR-15625,trunk,11,17104.0,1717048361.0,UNSTABLE,d57b8c316a9f7140e1ec9f5748db0a5ce735b34d,173309.75,62593,8,167,2024-05-30,131ce0ba593535b6a0cd2d39ea04dd3929adf60c,build_log,,True
kafka,PR-16046,trunk,9,18692.0,1717069072.0,UNSTABLE,2fcf50f8bfe7b3270ea630bf10353707c0f6db22,232381.9,62591,18,167,2024-05-30,8068a086a3f41b9f7e4d4a1dab3338f029089f23,build_log,,True
kafka,PR-16048,trunk,4,18354.0,1717069354.0,UNSTABLE,0f526d5caeaa6936ba03394c961f5d71e2ce7ee3,149165.56,62594,14,160,2024-05-30,8068a086a3f41b9f7e4d4a1dab3338f029089f23,build_log,,True
kafka,PR-15862,trunk,8,16372.0,1717070562.0,UNSTABLE,83499cdf9d85d268b49fd0b1412671f30f75016c,179820.08,62613,28,159,2024-05-30,8068a086a3f41b9f7e4d4a1dab3338f029089f23,build_log,,True
kafka,PR-16128,trunk,2,17927.0,1717076168.0,UNSTABLE,29e138fb4992d3205c907de631cc7bb8de2a02a7,236012.84,62619,16,167,2024-05-30,3b92046c08b38252af0f8ecf7d6b097f7b43f852,build_log,,True
kafka,PR-15989,trunk,3,17198.0,1717078187.0,UNSTABLE,4c732780c14011e2130eb00d75c3c4443478a46f,130855.95,62819,5,159,2024-05-30,3327435c8d5e564232707bac5fdc4706fd93b7d2,build_log,,True
kafka,PR-16139,trunk,1,18866.0,1717078815.0,UNSTABLE,6f3e88009c71f1f521b25639b133e927960287e6,124861.54,62815,11,160,2024-05-30,3327435c8d5e564232707bac5fdc4706fd93b7d2,build_log,,True
kafka,PR-16062,trunk,4,16063.0,1717086236.0,UNSTABLE,0dc751237b72c74af45c8eae36b3cc98b890f02f,100071.63,62820,8,159,2024-05-30,bb7db87f9883a7023b28f1150085b0914c011379,build_log,,True
kafka,PR-16135,trunk,3,15882.0,1717087089.0,UNSTABLE,95f3ce601ac319110b882161604b927925ee0eeb,182380.6,62817,15,166,2024-05-30,bb7db87f9883a7023b28f1150085b0914c011379,build_log,,True
kafka,PR-16130,trunk,3,15376.0,1717088612.0,UNSTABLE,ef660246d2d0a6d9e5c5c9e5c117d7382eddf29e,112581.375,62820,17,159,2024-05-30,bb6a042e99a3d011968a75f4e2bfb51d57637a25,build_log,,True
kafka,PR-16096,trunk,3,17783.0,1717105649.0,UNSTABLE,472c6d26ca2ad61ed293200097ea239e02266ecd,133170.5,62824,8,159,2024-05-30,a8e99eb969539bd38ae6ee572791b974b41f8433,build_log,,True
kafka,PR-16025,trunk,2,20817.0,1717105875.0,UNSTABLE,9a1ad7f19c6d0738818305c8df162cd23bf864b9,226917.4,62826,14,167,2024-05-30,a8e99eb969539bd38ae6ee572791b974b41f8433,build_log,,True
kafka,PR-16146,trunk,1,9432.0,1717105956.0,UNSTABLE,7914425632b865fca9c664618cb772d5e22d72cd,58352.49,62833,17,152,2024-05-30,a8e99eb969539bd38ae6ee572791b974b41f8433,build_log,,True
kafka,PR-16129,trunk,7,17828.0,1717107083.0,UNSTABLE,01d5f4db945d3ceed1c86dc6f421400fe100b0ae,256235.36,62833,25,167,2024-05-30,7c1bb1585f31b1ec68b0f327e831ec2a909d824a,build_log,,True
kafka,PR-15840,trunk,22,20021.0,1717113576.0,UNSTABLE,ba4264fda28fb1442d13c8a29b7c191797e24966,231492.84,62874,15,163,2024-05-30,370e5ea1f81b0cd64760f740981a388b76b5e29d,build_log,,True
kafka,PR-16085,trunk,7,18248.0,1717120844.0,UNSTABLE,8bb4159f068459ca37edab60da60c5bf95aef2cc,130867.06,62847,10,159,2024-05-30,b0fb2ac06d81d656d6230ace5bcba0f9a62c61dc,build_log,,True
kafka,PR-15844,trunk,7,15710.0,1717123616.0,UNSTABLE,d7ced361a0513f2dc84fac369e55f1a34b857a89,191405.44,62827,9,167,2024-05-30,b0fb2ac06d81d656d6230ace5bcba0f9a62c61dc,build_log,,True
kafka,PR-16120,trunk,12,14895.0,1717139284.0,UNSTABLE,b1b296370e2c2bc722875858e815515415085d7a,197081.02,62878,12,169,2024-05-31,b0fb2ac06d81d656d6230ace5bcba0f9a62c61dc,build_log,,True
kafka,PR-16150,trunk,1,17383.0,1717146574.0,UNSTABLE,9ef7e01d82705b3f0c94d6ae9c8de3b45859f1c8,203501.78,62841,11,166,2024-05-31,0971924ebc7e65eb7055010d2400626d31967d8c,build_log,,True
kafka,PR-16022,trunk,6,26556.0,1717148764.0,UNSTABLE,9cbfc2fc4625b6e2a2b7da1836493750ea929df8,220709.3,62856,16,171,2024-05-31,0971924ebc7e65eb7055010d2400626d31967d8c,build_log,,True
kafka,PR-16133,trunk,3,21346.0,1717150183.0,UNSTABLE,c37942e842dceeb6e107dc27f40fc2c15d410fc8,106584.37,62850,5,159,2024-05-31,0971924ebc7e65eb7055010d2400626d31967d8c,build_log,,True
kafka,PR-16152,trunk,1,19842.0,1717151556.0,UNSTABLE,562a160da4308e95c5822addf62d0a68b59c93ee,109836.66,62841,7,159,2024-05-31,0971924ebc7e65eb7055010d2400626d31967d8c,build_log,,True
kafka,PR-16149,trunk,4,17345.0,1717155993.0,UNSTABLE,6372e37421d65b9a508381fca0ca1258ea899442,111167.84,62850,10,159,2024-05-31,0971924ebc7e65eb7055010d2400626d31967d8c,build_log,,True
kafka,PR-16088,trunk,4,15410.0,1717157015.0,UNSTABLE,f7c0b47125feee04d7a4ef45b7ba8debe475e38d,137608.89,62836,1,166,2024-05-31,0971924ebc7e65eb7055010d2400626d31967d8c,build_log,,True
kafka,PR-16154,trunk,1,18640.0,1717158016.0,UNSTABLE,9e6655d00e70b5b288accb713776c18e20d29495,193174.61,62846,8,165,2024-05-31,0971924ebc7e65eb7055010d2400626d31967d8c,build_log,,True
kafka,PR-16153,trunk,3,18152.0,1717160743.0,UNSTABLE,0d07722207b7af8ab737fe571d0e95414c3125a1,137720.17,62879,8,160,2024-05-31,21caf6b123dd70a68d258fd925785a529f3a48d9,build_log,,True
kafka,PR-16017,trunk,8,14117.0,1717166732.0,UNSTABLE,ba44b96af7c58fb6ef13c09cb473e9337fcfd052,98367.97,62874,3,161,2024-05-31,7e81cc5e68a709d4df151ecd86d2b5e3f03d0fb3,build_log,,True
kafka,PR-15945,trunk,4,18077.0,1717174265.0,UNSTABLE,0410201bc0f04145c4a86d8a23b08350cc756ae6,239057.4,62891,18,165,2024-05-31,7e81cc5e68a709d4df151ecd86d2b5e3f03d0fb3,build_log,,True
kafka,PR-16148,trunk,2,18289.0,1717180428.0,UNSTABLE,68b100729925b2da5cbe6d6be609082a0f3a4d99,109877.39,62875,6,159,2024-05-31,9c2b1b8d0bfaeb2dbdbbbf581b8ae083af5f68f7,build_log,,True
kafka,PR-15790,trunk,5,16782.0,1717182194.0,UNSTABLE,a8e320fe4d538cf54191abc9ae5084c654ac1cc1,183396.2,62894,12,166,2024-05-31,9c2b1b8d0bfaeb2dbdbbbf581b8ae083af5f68f7,build_log,,True
kafka,PR-16160,trunk,2,9209.0,1717200073.0,UNSTABLE,915f0965101de9138513715e6a3431dd282c7c0c,27817.732,31411,10,108,2024-05-31,fb566e48bf05d749f8db8da803a3570acf25bb11,build_log,,True
kafka,PR-16155,trunk,4,15131.0,1717209330.0,UNSTABLE,e862f7fafed81e6af73ef4bb36fa78e8fa1c2938,102589.87,62732,3,160,2024-05-31,fb566e48bf05d749f8db8da803a3570acf25bb11,build_log,,True
kafka,PR-15961,trunk,12,18411.0,1717227563.0,UNSTABLE,dd17e11d3128b44cbb439c967c64003f9f9d5c06,224638.66,62926,14,169,2024-06-01,fb566e48bf05d749f8db8da803a3570acf25bb11,build_log,,True
kafka,PR-15863,trunk,10,4587.0,1717251079.0,UNSTABLE,836390ac63a06c7f0909a5a4665b62ee7c01a829,43930.793,62929,7,151,2024-06-01,fb566e48bf05d749f8db8da803a3570acf25bb11,build_log,,True
kafka,PR-16166,trunk,2,14668.0,1717265502.0,UNSTABLE,45ea857cee4cc0ffe3a7f82ec409e72b3874f5f6,111029.336,62734,4,160,2024-06-01,355d5da79a82bce1956767dd573a6b0b6ac4b507,build_log,,True
kafka,PR-16168,trunk,1,14249.0,1717277670.0,UNSTABLE,bbb6d7098bf6bc130f99344fd953e35943ece098,97019.945,62733,2,160,2024-06-01,966f2eb3efd929a4c270c502514aa74ea1414677,build_log,,True
kafka,PR-16042,trunk,14,14036.0,1717292460.0,UNSTABLE,331a6cd09f0816fd84b9b4136eacde8bd09d1c2f,102688.77,62749,9,161,2024-06-01,8ace33b47fc078d89a104043b12ca95f6e1da637,build_log,,True
kafka,PR-16164,trunk,3,16157.0,1717312315.0,UNSTABLE,80ff22c33770ff50498c3d2edc186819042df31f,223165.92,62760,13,169,2024-06-02,8ace33b47fc078d89a104043b12ca95f6e1da637,build_log,,True
kafka,PR-16170,trunk,2,5813.0,1717327695.0,UNSTABLE,1f7544c239f6015c3b36a121b3fa4df13f940738,50843.547,62761,3,151,2024-06-02,2c82ecd67f2f6b412f625e8efc1457e7fb7f74dd,build_log,,True
kafka,PR-16097,trunk,24,12924.0,1717334571.0,UNSTABLE,89999a894e9de73a96ea1a698d8540a0b5f494a3,123911.8,62742,4,168,2024-06-02,9eb05fc72963fbb5667ecf00a252654b0cc1f8cc,build_log,,True
kafka,PR-16171,trunk,1,13369.0,1717342059.0,UNSTABLE,74fde9fdf4b3ffa98f255cc7405ede457c23a1a5,156762.86,62750,9,169,2024-06-02,b05f82d44489b5744a1470d49896e322528c25da,build_log,,True
kafka,PR-16169,trunk,3,13425.0,1717359099.0,UNSTABLE,c910d6c7533a6bb7de38478a20242427c6e75490,141254.11,62748,3,169,2024-06-02,342e69192f62b89b7d1ea824aeecc09c38899d72,build_log,,True
kafka,PR-16131,trunk,4,13442.0,1717388873.0,UNSTABLE,bc935c662b8cc47adf0be44e6662b026f4c85b8f,108041.484,62913,16,160,2024-06-02,fb566e48bf05d749f8db8da803a3570acf25bb11,build_log,,True
kafka,PR-16138,trunk,3,17403.0,1717418578.0,UNSTABLE,8b8b661b970ab003e1832caac2fce274f11211a6,119983.69,62772,12,160,2024-06-03,734d309a2973884cd175b29c1f9c95947e1c0b80,build_log,,True
kafka,PR-16163,trunk,2,16512.0,1717418858.0,UNSTABLE,0ec7f3d602a79a036c63bc8a1811ec779cd91be6,106464.25,62760,13,160,2024-06-03,734d309a2973884cd175b29c1f9c95947e1c0b80,build_log,,True
kafka,PR-16174,trunk,1,18185.0,1717419867.0,UNSTABLE,914a2fe49c57fd559a514320dea0d7f362db7bf5,99883.79,62768,2,160,2024-06-03,734d309a2973884cd175b29c1f9c95947e1c0b80,build_log,,True
kafka,PR-16049,trunk,5,20665.0,1717421346.0,UNSTABLE,47af96327f791d7acae2d448774d306cbf4efee3,178381.8,62774,10,169,2024-06-03,734d309a2973884cd175b29c1f9c95947e1c0b80,build_log,,True
kafka,PR-16122,trunk,3,20985.0,1717425188.0,UNSTABLE,ad2fe29bdb762a56fba7ceb773f57fdf9e4fc918,178534.67,62768,8,169,2024-06-03,a68a1cce824a8346509d5194e0e43a3cb36ba09a,build_log,,True
kafka,PR-16177,trunk,1,21537.0,1717427973.0,UNSTABLE,70ea630de78918c866d1ce191314faa45bdb9dbf,108253.8,62767,3,160,2024-06-03,a68a1cce824a8346509d5194e0e43a3cb36ba09a,build_log,,True
kafka,PR-16134,trunk,4,20625.0,1717431989.0,UNSTABLE,9900d89420ca27f69c994c3a0013d350df8dd1ec,174540.36,62758,9,169,2024-06-03,a68a1cce824a8346509d5194e0e43a3cb36ba09a,build_log,,True
kafka,PR-15986,trunk,21,14874.0,1717432055.0,UNSTABLE,d2371b290b4626708b62c2c8db250457d9b47ac9,99925.6,62793,23,161,2024-06-03,a68a1cce824a8346509d5194e0e43a3cb36ba09a,build_log,,True
kafka,PR-16181,trunk,1,20770.0,1717438260.0,UNSTABLE,b2699b9bc3150b5c6bc83618aa9e91c4be133295,221805.5,62763,9,167,2024-06-03,5cbc1d616ac48b61d8abbab96594526f9994e9c5,build_log,,True
kafka,PR-16144,trunk,3,11721.0,1717439658.0,UNSTABLE,1e14b14747f53c790cafee9aef3edef4a9ebff4d,50519.223,62778,6,153,2024-06-03,979f8d9aa3e8840951a151ab83eb006f8e7c1314,build_log,,True
kafka,PR-16182,trunk,1,9045.0,1717441797.0,UNSTABLE,3ccda5a17e2de60214c250fd7687339116faaf5d,55091.66,62775,4,153,2024-06-03,7973aa6a39249f0afc141cddf46560bdae546337,build_log,,True
kafka,PR-16080,trunk,7,18192.0,1717444148.0,UNSTABLE,34aa67f8fe700615f8518c230a00690d1f67f6c2,186023.84,62802,15,173,2024-06-03,c6c39c0062b60d4b51a09b72d7d9c0e8618a00f1,build_log,,True
kafka,PR-16173,trunk,4,18375.0,1717445392.0,UNSTABLE,7e251341c6b12b962fb33137570b347f0634bcee,106229.234,62800,8,161,2024-06-03,c6c39c0062b60d4b51a09b72d7d9c0e8618a00f1,build_log,,True
kafka,PR-16058,trunk,5,18951.0,1717451903.0,UNSTABLE,6c9c293b3591c46f28b49ddb8209aac7802172f4,144285.7,62782,16,168,2024-06-03,459da4795a511f6933e940fcf105a824bd9e589c,build_log,,True
kafka,PR-16151,trunk,3,15252.0,1717460674.0,UNSTABLE,b80bee6e7bb1779f57d1051821a4c82b35eb4cd7,103820.2,62787,13,160,2024-06-03,459da4795a511f6933e940fcf105a824bd9e589c,build_log,,True
kafka,PR-15993,trunk,13,16605.0,1717463235.0,UNSTABLE,2a4ef5cd9aa8f666cf04e130e9a34b364932e6e1,141194.39,62793,29,160,2024-06-03,459da4795a511f6933e940fcf105a824bd9e589c,build_log,,True
kafka,PR-15675,trunk,8,5877.0,1717475091.0,UNSTABLE,695c46404c5207e2536867c0ccd582272facc779,45138.75,62824,10,151,2024-06-03,53d592e369f9ea5d3a25d828bbc1c4845a8a1f92,build_log,,True
kafka,PR-16147,trunk,14,21533.0,1717480399.0,UNSTABLE,53410c0ba661fa2a68e489f13fc921a3524edd08,200221.62,63305,13,169,2024-06-04,53d592e369f9ea5d3a25d828bbc1c4845a8a1f92,build_log,,True
kafka,PR-16185,trunk,1,14873.0,1717484266.0,UNSTABLE,db47b6b7fa4ad965476349d7e9aca260b07dbbe4,195075.98,61899,102,162,2024-06-04,d7bc43ed06bbdb0864863541df51544dbe234e5d,build_log,,True
kafka,PR-16068,trunk,14,14301.0,1717484986.0,UNSTABLE,0f0fb39f159d2335f5e7e0c1708707e2a4845027,167849.62,62794,20,168,2024-06-04,d7bc43ed06bbdb0864863541df51544dbe234e5d,build_log,,True
kafka,PR-16186,trunk,2,17429.0,1717487689.0,UNSTABLE,1b7da54a4e03fc5d537fda53eb2da4490d6481fa,177873.53,62791,7,168,2024-06-04,d7bc43ed06bbdb0864863541df51544dbe234e5d,build_log,,True
kafka,PR-16178,trunk,2,16562.0,1717491266.0,UNSTABLE,b68f3c985112408acb1c9fe19b6e0d38dc5b997a,159344.1,62831,18,160,2024-06-04,e4ff54073a5957af50626f63f59d15c26c16370d,build_log,,True
kafka,PR-16180,trunk,4,17071.0,1717493995.0,UNSTABLE,49e8dcd5209d7de291d2ca2efc16bb5a23460f1b,197843.31,62825,17,169,2024-06-04,e4ff54073a5957af50626f63f59d15c26c16370d,build_log,,True
kafka,PR-16187,trunk,1,15930.0,1717495490.0,UNSTABLE,9eef86dea2a35cab2a4b518bec99360c13fcb034,135608.44,62814,25,160,2024-06-04,e4ff54073a5957af50626f63f59d15c26c16370d,build_log,,True
kafka,PR-16156,trunk,5,20336.0,1717501114.0,UNSTABLE,a4648f1e3b4d748945f407fc24a6af4876af53e5,219322.28,62928,28,169,2024-06-04,eea9ebf8a31126f797a4a325995e5e04d4993b74,build_log,,True
kafka,PR-16189,trunk,2,15377.0,1717503918.0,UNSTABLE,e532a4c00d3a8e34b928fd5728c26a06d06498b3,133080.38,62827,21,161,2024-06-04,eea9ebf8a31126f797a4a325995e5e04d4993b74,build_log,,True
kafka,PR-16105,trunk,5,19771.0,1717506540.0,UNSTABLE,3ebe588c253cb0f33f4188698319e0ccfd0aac30,143379.83,62826,17,161,2024-06-04,a08db65670ddea78da859a8c29a00632d5e8b779,build_log,,True
kafka,PR-16190,trunk,2,21821.0,1717506612.0,UNSTABLE,73fc90df4a87b1fac036c6f09f366e3cf7d8cc40,192038.23,62817,8,169,2024-06-04,a08db65670ddea78da859a8c29a00632d5e8b779,build_log,,True
kafka,PR-15834,trunk,6,22319.0,1717507130.0,UNSTABLE,fc4ed99f95bc025c3b8a78a473f11e51d52a023f,199538.5,62828,15,167,2024-06-04,a08db65670ddea78da859a8c29a00632d5e8b779,build_log,,True
kafka,PR-16192,trunk,1,19667.0,1717507678.0,UNSTABLE,b83fe6e769255643dcedc91dc1422f3737d4da65,111409.94,62830,6,160,2024-06-04,a08db65670ddea78da859a8c29a00632d5e8b779,build_log,,True
kafka,PR-16065,trunk,6,16657.0,1717515764.0,UNSTABLE,3bd267644233f60d34c3afe0b1314fd9e25db854,115718.56,62832,4,160,2024-06-04,55d38efcc5505a5a1bddb08ba05f4d923f8050f9,build_log,,True
kafka,PR-16197,trunk,1,8606.0,1717521532.0,UNSTABLE,4ce917c9b10994ead405f9127ca184cb97a8ab8c,45405.617,62845,5,151,2024-06-04,55d38efcc5505a5a1bddb08ba05f4d923f8050f9,build_log,,True
kafka,PR-16145,trunk,9,12719.0,1717531151.0,UNSTABLE,be093662631e504a150c77964c5472eac1601b85,99118.055,63409,7,160,2024-06-04,cda2df5feb0f4c4226f5c3a6e3f55ecdbf071e2c,build_log,,True
kafka,PR-16161,trunk,2,16762.0,1717533187.0,UNSTABLE,554f648b3a7d9e3d14d203684695cc4dd42bbf6d,211386.34,63368,14,169,2024-06-04,8b3c77c6711d8c1424659a1b4621a8c823fa2236,build_log,,True
kafka,PR-16165,trunk,5,17298.0,1717545355.0,UNSTABLE,daf19de4f274bb3641cd9da8b719146389594f30,168929.47,63367,4,169,2024-06-04,d652f5cf54c969c07d486d1c4843bcfdddea889a,build_log,,True
kafka,PR-16184,trunk,5,14253.0,1717547827.0,UNSTABLE,6509461c1228d6c1da6d47c1344eb983ab0571f7,105423.14,63381,2,160,2024-06-04,b89999b504bef8b6594e67b3eb098d7dbe36daa0,build_log,,True
kafka,PR-14778,trunk,9,14849.0,1717553592.0,UNSTABLE,6667b68e61b0125784c5ad65f0c124e9355bd34d,161624.69,63368,5,168,2024-06-04,b89999b504bef8b6594e67b3eb098d7dbe36daa0,build_log,,True
kafka,PR-16196,trunk,2,17443.0,1717560924.0,UNSTABLE,e1d751e17b2f5e4c22422c071234b7cd1701ee90,194172.48,63247,101,169,2024-06-04,b89999b504bef8b6594e67b3eb098d7dbe36daa0,build_log,,True
kafka,PR-16194,trunk,3,16113.0,1717564550.0,UNSTABLE,dccda66ea525e4aaa7a2c1b818e2e2698093994b,166226.61,63373,3,169,2024-06-05,252c1acac357708f98403a12f3ef3eb91e3735ac,build_log,,True
kafka,PR-16176,trunk,17,15057.0,1717565302.0,UNSTABLE,0f108eba933a19debbb36d54b913b7799940106d,149416.73,63372,10,169,2024-06-05,252c1acac357708f98403a12f3ef3eb91e3735ac,build_log,,True
kafka,PR-16204,trunk,1,21481.0,1717567182.0,UNSTABLE,65652738a3d6514d7f2b47c890f167cae8bf64bc,271081.84,63356,52,169,2024-06-05,252c1acac357708f98403a12f3ef3eb91e3735ac,build_log,,True
kafka,PR-16205,trunk,1,15953.0,1717567860.0,UNSTABLE,03d7198563088383ea1321bdbd93bd2209544999,229607.36,63422,16,169,2024-06-05,7ddfa64759d494ae85d67efd4d49cf673e7962bc,build_log,,True
kafka,PR-16206,trunk,1,15041.0,1717573874.0,UNSTABLE,aa8ea243b145842d79b3ae8869797742cda66a9b,165349.9,63414,5,169,2024-06-05,02c794dfd3bda12066031155bd62234ad863860b,build_log,,True
kafka,PR-16208,trunk,1,12568.0,1717576965.0,UNSTABLE,871f8b181b0dd8197d7a4501e18551346659c21d,102884.45,63424,9,160,2024-06-05,02c794dfd3bda12066031155bd62234ad863860b,build_log,,True
kafka,PR-16071,trunk,5,11775.0,1717581945.0,UNSTABLE,90553594a0cd8f33e541d485eb1abf52bd2c57d9,88999.38,63423,2,160,2024-06-05,02c794dfd3bda12066031155bd62234ad863860b,build_log,,True
kafka,PR-16214,trunk,1,17312.0,1717598325.0,UNSTABLE,146e1f5ee650e5f8b0c64ab6f2367121276fedba,123775.305,63418,8,171,2024-06-05,f2aafcc66faca4d07a27e4ef90158136cb317b44,build_log,,True
kafka,PR-16159,trunk,2,17884.0,1717603208.0,UNSTABLE,9d90ab7e7f6a607eadd122e0d1b6c21e65afca7b,170085.02,63417,5,169,2024-06-05,f2aafcc66faca4d07a27e4ef90158136cb317b44,build_log,,True
kafka,PR-16079,trunk,11,14817.0,1717607091.0,UNSTABLE,5d736245443a486b3a35d4ae83d19e2c99f34c51,119721.37,63441,15,160,2024-06-05,f2aafcc66faca4d07a27e4ef90158136cb317b44,build_log,,True
kafka,PR-16202,trunk,3,17116.0,1717608210.0,UNSTABLE,ad85c3775c7e5ccf004eeb9184afe30fbc274fca,146376.88,63416,4,169,2024-06-05,f2aafcc66faca4d07a27e4ef90158136cb317b44,build_log,,True
kafka,PR-16110,trunk,7,15348.0,1717610338.0,UNSTABLE,d1187ec85468814827126c7b0a0ce051c62b416f,183559.06,63428,8,169,2024-06-05,f2aafcc66faca4d07a27e4ef90158136cb317b44,build_log,,True
kafka,PR-16115,trunk,14,16775.0,1717611620.0,UNSTABLE,f5abcc5bd956dc8157b2ff1e885edd8d72689cbd,98675.87,63115,33,159,2024-06-05,f2aafcc66faca4d07a27e4ef90158136cb317b44,build_log,,True
kafka,PR-16220,trunk,1,14850.0,1717623112.0,UNSTABLE,9e92bbbe374e39426d9fbba7826765c7271c725d,165322.48,63426,14,169,2024-06-05,896af1b2f2f2a7d579e0aef074bcb2004c0246f2,build_log,,True
kafka,PR-16031,trunk,50,16318.0,1717626217.0,UNSTABLE,246b65ec58190271b01cef4c61ea5fd6fac46e77,207705.33,63534,13,169,2024-06-05,7763243752d797ee4136b9090722863e034f7afc,build_log,,True
kafka,PR-16199,trunk,15,16360.0,1717660174.0,UNSTABLE,a70391f9e9ada941438c6913b50191b593bf7f33,154594.25,63462,6,169,2024-06-06,b74b182841a340b7b92d852142201cd5c1ee1b85,build_log,,True
kafka,PR-16222,trunk,1,13954.0,1717662065.0,UNSTABLE,51da8fa1e09b1dcb135721b821e81e38385ed5bf,142684.67,63465,5,166,2024-06-06,b74b182841a340b7b92d852142201cd5c1ee1b85,build_log,,True
kafka,PR-16226,trunk,1,16099.0,1717671580.0,UNSTABLE,78b527ed7c42169654701e45cbb5dced6eb52008,174662.31,63460,8,169,2024-06-06,b74b182841a340b7b92d852142201cd5c1ee1b85,build_log,,True
kafka,PR-16157,trunk,2,16030.0,1717676998.0,UNSTABLE,3ce88e066741b3c6833bfd2f9e25700876e188ab,167073.95,63468,11,174,2024-06-06,ebe1e964ffb7f6da770df67980de82e7931c0496,build_log,,True
kafka,PR-15966,trunk,4,16161.0,1717680347.0,UNSTABLE,707762d0a231169e51b934c71e6ce51108fba3f8,108875.805,55365,6,94,2024-06-06,226f3c57e3a19de227d6b34828fd5e3a535e6778,build_log,,True
kafka,PR-16198,trunk,7,17614.0,1717682927.0,UNSTABLE,447967277a1d1432afff515fbcb14f2e70029e6a,163501.2,63465,8,167,2024-06-06,226f3c57e3a19de227d6b34828fd5e3a535e6778,build_log,,True
kafka,PR-16193,trunk,3,8885.0,1717685857.0,UNSTABLE,6d868fd3d60d639cc395044c4156eaee04a5ec9b,58479.582,63481,11,152,2024-06-06,226f3c57e3a19de227d6b34828fd5e3a535e6778,build_log,,True
kafka,PR-15869,trunk,12,17921.0,1717686254.0,UNSTABLE,e5549c41936e464b47b54127bf48e6579996a25e,152528.97,63480,13,160,2024-06-06,226f3c57e3a19de227d6b34828fd5e3a535e6778,build_log,,True
kafka,PR-16219,trunk,2,13908.0,1717688337.0,UNSTABLE,768c6ff520cd968a11d02b8b172a14744c95b306,129932.49,63458,4,168,2024-06-06,226f3c57e3a19de227d6b34828fd5e3a535e6778,build_log,,True
kafka,PR-16126,trunk,19,16556.0,1717696822.0,UNSTABLE,f6a2f08c8d30287759685bec0d61c346edd0cba6,111377.37,63470,6,160,2024-06-06,a41f7a4e13bfdb21fcd84dcf0baad3f2f4511479,build_log,,True
kafka,PR-15513,trunk,4,17520.0,1717698044.0,UNSTABLE,e4cd09725f6eeec9054f3d6c18cd0ae45a173be0,161917.19,63462,6,169,2024-06-06,a41f7a4e13bfdb21fcd84dcf0baad3f2f4511479,build_log,,True
kafka,PR-16234,trunk,2,4754.0,1717706825.0,UNSTABLE,68559aa3dffa96484908c1d18dd2895c3ab4bb03,46195.184,63480,2,151,2024-06-06,8a2bc3a22188fbdb506b6f4bec6d3f8eb59d4c3f,build_log,,True
kafka,PR-16249,trunk,2,18015.0,1717809457.0,UNSTABLE,0732d571ae9eb13afa56fd181ea5b7abcb74efb5,154757.66,63568,20,160,2024-06-07,d13a693ea768fa8013240dc39bc21db92bffc31f,build_log,,True
kafka,PR-16251,trunk,1,15310.0,1717828648.0,UNSTABLE,7dfd15d1afaf4465e064e3a6950eb2f797805e36,160007.34,63550,3,169,2024-06-08,96036aee855ba0ec1d562904636ea0ff433bce7f,build_log,,True
kafka,PR-16232,trunk,3,5117.0,1717845099.0,UNSTABLE,ee5af53845e4c59f6dedbc18cde2980df202c62a,42849.496,63254,39,150,2024-06-08,5a5a2921462fedde664ec2a61b033240160b66f7,build_log,,True
kafka,PR-16245,trunk,3,15113.0,1717853955.0,UNSTABLE,f725a0a42916df48642c9b94093b35acc0fb4aa7,119417.04,63565,11,161,2024-06-08,55945580472218b306616122ba3889ba644aa700,build_log,,True
kafka,PR-16201,trunk,19,18170.0,1717853985.0,UNSTABLE,948b33e8f8d932aa7e7260a1ebb2c4b3b015534e,160342.64,63583,10,169,2024-06-08,55945580472218b306616122ba3889ba644aa700,build_log,,True
kafka,PR-16236,trunk,6,4549.0,1717854401.0,UNSTABLE,135dd6db6eb21aef186e97806107ea691d69169a,45827.977,63571,5,151,2024-06-08,55945580472218b306616122ba3889ba644aa700,build_log,,True
kafka,PR-16172,trunk,13,17612.0,1717857637.0,UNSTABLE,f07113a6081a800a01e9dbd2017659ea7ae90a69,154874.84,63571,13,166,2024-06-08,55945580472218b306616122ba3889ba644aa700,build_log,,True
kafka,PR-16252,trunk,2,17994.0,1717862584.0,UNSTABLE,2524afcb126a25d805fb2472c4a1cd87a053c64c,230558.45,63572,20,169,2024-06-08,55945580472218b306616122ba3889ba644aa700,build_log,,True
kafka,PR-16229,trunk,5,15353.0,1717867239.0,UNSTABLE,630e7717d6c313c83e971a2f404344a2673a19ec,107579.22,63570,6,160,2024-06-08,3d5d1504f791b89dae943283f8d027fb4d1f4bc5,build_log,,True
kafka,PR-12988,trunk,19,15507.0,1717930779.0,UNSTABLE,52d9d52a276ccd0279f49d73da268bbf7cdfb019,183549.67,63584,7,169,2024-06-09,34afdb96275bb33d2d348997e3e772f47627ef29,build_log,,True
kafka,PR-16256,trunk,1,13025.0,1717939448.0,UNSTABLE,9294a6868e8ed20c7c186379cc8504ab15122a3f,104608.695,63592,4,160,2024-06-09,34afdb96275bb33d2d348997e3e772f47627ef29,build_log,,True
kafka,PR-16255,trunk,3,13344.0,1717959824.0,UNSTABLE,81ea2f3deee7a4d28312e27c8bf0f6fe5835a98c,145228.8,63611,3,163,2024-06-09,e5b8712993d342d0dd2be69c3fc78d6493366f93,build_log,,True
kafka,PR-16233,trunk,6,17122.0,1718005003.0,UNSTABLE,4e1bbb9839cdc4a8761022365f613d857392da97,196270.62,63590,7,169,2024-06-10,84b2d5bedf4381ebfcf32a4671f096de937beb31,build_log,,True
kafka,PR-16158,trunk,6,13223.0,1718005006.0,UNSTABLE,ba081e1e52744345554dd094c5eb38b4be98bf80,102984.99,63596,5,160,2024-06-10,84b2d5bedf4381ebfcf32a4671f096de937beb31,build_log,,True
kafka,PR-16260,trunk,2,14881.0,1718005043.0,UNSTABLE,c2c6db10c8bece4cbeaae015a410cb3efe295411,182882.81,63585,8,168,2024-06-10,84b2d5bedf4381ebfcf32a4671f096de937beb31,build_log,,True
kafka,PR-16261,trunk,1,18861.0,1718005249.0,UNSTABLE,ae62b211765da5094eaecea02af894636582a8ea,209330.73,63595,12,169,2024-06-10,84b2d5bedf4381ebfcf32a4671f096de937beb31,build_log,,True
kafka,PR-16188,trunk,9,12324.0,1718005547.0,UNSTABLE,77640077627da3fbe100a6ac930fb2d26a47b7ad,100793.12,63604,7,160,2024-06-10,84b2d5bedf4381ebfcf32a4671f096de937beb31,build_log,,True
kafka,PR-16243,trunk,2,13894.0,1718007063.0,UNSTABLE,bd0b2b690ff731107e2659e950e00da95fd7d403,113850.78,63623,5,159,2024-06-10,84b2d5bedf4381ebfcf32a4671f096de937beb31,build_log,,True
kafka,PR-16203,trunk,10,16929.0,1718014155.0,UNSTABLE,ee86d3462f23a115663f537f4044d7f856556654,127166.35,63594,6,163,2024-06-10,557c23267522f161cb1c4959bca99a6a6cd1e578,build_log,,True
kafka,PR-15820,trunk,13,19099.0,1718017215.0,UNSTABLE,22016f2b417b5ab3bc17cee69294b281a088cea8,177565.81,63597,5,169,2024-06-10,53841625fcf9895f4e34333ded1f09dd70801b41,build_log,,True
kafka,PR-16212,trunk,3,18020.0,1718017225.0,UNSTABLE,54bd2ac08b3fbc7379b7eac84d5b9bf7a931e6d8,169484.75,63585,10,169,2024-06-10,53841625fcf9895f4e34333ded1f09dd70801b41,build_log,,True
kafka,PR-16043,trunk,15,8628.0,1718023345.0,UNSTABLE,142616d8858be2db9053927b004f8b67af76c851,60165.09,63623,14,151,2024-06-10,049cfeac027451a13031807ea28f121a0176e254,build_log,,True
kafka,PR-16224,trunk,4,14332.0,1718027603.0,UNSTABLE,7afa147ca100677ff876498ef2b06f5892593dbc,110225.18,63604,9,163,2024-06-10,049cfeac027451a13031807ea28f121a0176e254,build_log,,True
kafka,PR-16267,trunk,1,15245.0,1718027999.0,UNSTABLE,7afa147ca100677ff876498ef2b06f5892593dbc,199246.45,63598,9,169,2024-06-10,049cfeac027451a13031807ea28f121a0176e254,build_log,,True
kafka,PR-16053,trunk,6,15866.0,1718034709.0,UNSTABLE,f0eaf606e879c063507e2acc5acbfc38c556dbdb,171103.47,63607,8,169,2024-06-10,f359908fcdc38c2fbc34278d6787d92564a8b251,build_log,,True
kafka,PR-16238,trunk,4,16927.0,1718036514.0,UNSTABLE,ba118345700bf9dfad24495352220d80fb407a51,128865.38,63610,6,160,2024-06-10,f359908fcdc38c2fbc34278d6787d92564a8b251,build_log,,True
kafka,PR-16009,trunk,7,25762.0,1718045047.0,UNSTABLE,ac65cb8995644f4cf5c41031cd5b2d01d548d4f4,156162.23,63608,6,169,2024-06-10,1426e8e92061276c6af548b152ffe9f585e6806e,build_log,,True
kafka,PR-16273,trunk,1,16744.0,1718052231.0,UNSTABLE,d64dfcbbcbe04209ecbc84d97b1008125f648837,173288.66,63608,11,169,2024-06-10,1426e8e92061276c6af548b152ffe9f585e6806e,build_log,,True
kafka,PR-16269,trunk,5,16722.0,1718059043.0,UNSTABLE,40a552b6218d7c0c09b3b87fac836a28400fa3dd,122073.31,63621,9,161,2024-06-10,eec8fd6a98cf0e7ddf4c75ec3e4ea429d1be2fb7,build_log,,True
kafka,PR-16262,trunk,2,14088.0,1718068831.0,UNSTABLE,861ae6e23b7686e0e8c60189ef4148eeb144af3f,94253.2,63615,4,160,2024-06-10,31c55b630b6bb5c4ea7768bcf54d05a35c4014f5,build_log,,True
kafka,PR-16275,3.8,1,19630.0,1718081640.0,UNSTABLE,313503c44038b1f59c6dd71836eb414988510d61,200372.31,63672,7,169,2024-06-10,facbab272fb411ec3f056720eaab1df05ccefb9c,build_log,,True
kafka,PR-16276,3.8,1,19309.0,1718081703.0,UNSTABLE,c913cfa1c3b65110e11ba26b3875e2646b1ac055,171297.52,63496,27,167,2024-06-10,facbab272fb411ec3f056720eaab1df05ccefb9c,build_log,,True
kafka,PR-16268,trunk,2,16620.0,1718085477.0,UNSTABLE,65ed15ccf8c22a648891ba8756bb1c70aef70fed,209211.6,63629,8,169,2024-06-11,68070c94a6bd5141c720aaff85fa545da3a7a1b5,build_log,,True
kafka,PR-16209,trunk,10,18591.0,1718090490.0,UNSTABLE,c39050df5c9938909a7146cc1df87e1aff2f0bad,106190.25,63620,4,161,2024-06-11,af86e56fcdf20d35b04639399cc81b3a1223fe6b,build_log,,True
kafka,PR-16106,trunk,12,17818.0,1718092437.0,UNSTABLE,e1d4036c5a8cc94e4ca4e6e97ee0c835dbb05341,218932.94,63619,18,169,2024-06-11,af86e56fcdf20d35b04639399cc81b3a1223fe6b,build_log,,True
kafka,PR-16279,trunk,1,17741.0,1718099943.0,UNSTABLE,e243d3d496a14c56d72cb59ce296e43e141bc1a7,237057.08,63625,12,168,2024-06-11,af86e56fcdf20d35b04639399cc81b3a1223fe6b,build_log,,True
kafka,PR-16231,trunk,13,12626.0,1718102100.0,UNSTABLE,05a4f466d4979a1ffcd23e77b479b3b1c60c6220,102713.64,63624,5,159,2024-06-11,af86e56fcdf20d35b04639399cc81b3a1223fe6b,build_log,,True
kafka,PR-16281,trunk,2,13902.0,1718107116.0,UNSTABLE,43060fa25c641975045ac110901e9dcbe3373ea2,120111.73,63634,9,160,2024-06-11,f746d67c3bf62e7d4f5f4e652ea36b4d5a0e01a6,build_log,,True
kafka,PR-16283,trunk,1,15781.0,1718110645.0,UNSTABLE,24e7b200764d30c40b332aa4b973bdd48864f347,183237.08,63622,6,169,2024-06-11,f746d67c3bf62e7d4f5f4e652ea36b4d5a0e01a6,build_log,,True
kafka,PR-16286,trunk,1,18718.0,1718120975.0,UNSTABLE,2e4ff38f268bd8af7a4cd62df2332be72a5af64b,195115.78,63631,10,169,2024-06-11,f3dbd7ed08a0a7af0e69de1ccca8b6171b698a62,build_log,,True
kafka,PR-16107,trunk,5,19759.0,1718122576.0,UNSTABLE,dfab7d1520cf8f24654a76ac6cee6c62e8bfe1ac,196126.6,63630,10,169,2024-06-11,f3dbd7ed08a0a7af0e69de1ccca8b6171b698a62,build_log,,True
kafka,PR-16077,trunk,4,16975.0,1718125175.0,UNSTABLE,fba5c1f6d33664af29e6ad9f5674b19a1612d054,178960.52,63621,7,169,2024-06-11,f3dbd7ed08a0a7af0e69de1ccca8b6171b698a62,build_log,,True
kafka,PR-16215,trunk,8,14181.0,1718131258.0,UNSTABLE,e958fd3f2a2e557e9cbaecdd4750dcf196007e34,102612.41,63639,3,161,2024-06-11,aecaf4447561edd8da9f06e3abdf46f382dc9d89,build_log,,True
kafka,PR-16289,trunk,1,18032.0,1718131534.0,UNSTABLE,ca8031362a20d7134b0d2c053718edf7cfd910d3,207008.06,63628,16,169,2024-06-11,98f7da9172c080592c22b241e2760435d2b48195,build_log,,True
kafka,PR-16294,trunk,1,13491.0,1718146602.0,UNSTABLE,20f078a0fd2df6ce7e4a1ee5abd86e24394c6d82,88908.02,63637,4,160,2024-06-11,2fa2c72581de641a8d62b8124209b75f75152b78,build_log,,True
kafka,PR-16244,trunk,9,14860.0,1718151444.0,UNSTABLE,4be119a4b1b25973b33461a844466e8e4f621513,103822.6,63641,2,160,2024-06-11,2fa2c72581de641a8d62b8124209b75f75152b78,build_log,,True
kafka,PR-16227,trunk,12,16683.0,1718160113.0,UNSTABLE,f43af6d46cd47662c84dd79f62b7aa89833fb5bf,176185.16,63638,10,177,2024-06-11,23fe71d579f84d59ebfe6d5a29e688315cec1285,build_log,,True
kafka,PR-16078,trunk,6,15930.0,1718170948.0,UNSTABLE,189e8593b2e75e23cfbbcb47c8d95ac8166c354d,102774.8,63668,5,160,2024-06-12,0782232fbeb6313a316b930d12508d1d6148f3c9,build_log,,True
kafka,PR-16282,trunk,4,19393.0,1718171630.0,UNSTABLE,c6dc90ec6f670c45fda3f6243b6245d453c633d1,259435.81,63662,16,169,2024-06-12,39ffdea6d321ef3dd5e787aef1b1102c33448c0f,build_log,,True
kafka,PR-16296,trunk,1,16884.0,1718171891.0,UNSTABLE,04889f1cc3e32636abeb99b10f3edbffd8a05f6e,167128.42,63663,7,160,2024-06-12,39ffdea6d321ef3dd5e787aef1b1102c33448c0f,build_log,,True
kafka,PR-16299,trunk,1,17827.0,1718173661.0,UNSTABLE,2ae700a0c6061529861388eea1313b7364244260,155067.45,63657,7,165,2024-06-12,39ffdea6d321ef3dd5e787aef1b1102c33448c0f,build_log,,True
kafka,PR-16136,trunk,7,14933.0,1718188587.0,UNSTABLE,2b3537aa57ac029f432a7ac538e8148e7562e41c,134833.61,63678,10,160,2024-06-12,638844f833b165d6f9ca52c173858d26b7254fac,build_log,,True
kafka,PR-13277,trunk,33,16143.0,1718194529.0,UNSTABLE,197ae84491bda4fae14e8eeaa8b8a7d6626121b2,133918.52,63688,8,161,2024-06-12,faee6a4385c525c406606195357ca3b114c7a527,build_log,,True
kafka,PR-16140,trunk,34,13959.0,1718200547.0,UNSTABLE,4aad5c67101fff270285e679deda312410638623,101008.33,63675,15,159,2024-06-12,faee6a4385c525c406606195357ca3b114c7a527,build_log,,True
kafka,PR-16253,trunk,29,19016.0,1718200950.0,UNSTABLE,6ab875a23c49af09a3cbd54314d5e09446b33f25,118923.67,63698,9,160,2024-06-12,faee6a4385c525c406606195357ca3b114c7a527,build_log,,True
kafka,PR-16237,trunk,5,19082.0,1718201758.0,UNSTABLE,36615fed954124980f2917ca280985218fcc9fd7,191613.88,63672,12,169,2024-06-12,faee6a4385c525c406606195357ca3b114c7a527,build_log,,True
kafka,PR-16304,trunk,1,13100.0,1718204251.0,UNSTABLE,165bc524798a74bdd3c3bae696e188a7d297c11e,60671.223,63695,17,152,2024-06-12,46eb0814f63236fa3c3532975ba76180485933fb,build_log,,True
kafka,PR-16302,trunk,5,19091.0,1718205733.0,UNSTABLE,40e992c9980f5b1342db4c75debcabea9650c931,111071.97,63679,10,161,2024-06-12,9368ef81b5cc6ce149979ff916c14709d1f2e491,build_log,,True
kafka,PR-16285,trunk,5,10672.0,1718207802.0,UNSTABLE,24a2a578cbb70f1dd4eafa915b52594911bd26f5,49654.227,63693,9,154,2024-06-12,9368ef81b5cc6ce149979ff916c14709d1f2e491,build_log,,True
kafka,PR-16288,trunk,3,24140.0,1718207867.0,UNSTABLE,cffb1e149193c9619dd1ac7c5e5228cac2d8c94c,121546.03,63681,2,160,2024-06-12,9368ef81b5cc6ce149979ff916c14709d1f2e491,build_log,,True
kafka,PR-15673,trunk,11,23580.0,1718208720.0,UNSTABLE,8b6df2355e0425f7b641f91bd59272609360ada8,173809.78,63710,10,187,2024-06-12,615e6e705c6fe56d1badcd7e85581efd6abb75c6,build_log,,True
kafka,PR-16291,trunk,9,22491.0,1718215134.0,UNSTABLE,2583e120df71cfbb4b6026dccb5850b0b944dfe6,158103.47,63680,6,169,2024-06-12,615e6e705c6fe56d1badcd7e85581efd6abb75c6,build_log,,True
kafka,PR-16290,trunk,5,21507.0,1718215235.0,UNSTABLE,f43fef7aa6d87b32b583489bb766d42a05730561,146184.0,63684,3,168,2024-06-12,615e6e705c6fe56d1badcd7e85581efd6abb75c6,build_log,,True
kafka,PR-16292,trunk,5,12115.0,1718215315.0,UNSTABLE,c37fafecc7bfa47086f3aebf7338ae66ced2c6b7,46545.145,63702,6,152,2024-06-12,615e6e705c6fe56d1badcd7e85581efd6abb75c6,build_log,,True
kafka,PR-16241,trunk,25,24962.0,1718215749.0,UNSTABLE,a9b110e778d96459a9961b09cfd8ebb01e8a1549,182933.61,63690,11,169,2024-06-12,615e6e705c6fe56d1badcd7e85581efd6abb75c6,build_log,,True
kafka,PR-16308,trunk,2,22520.0,1718216913.0,UNSTABLE,8cf80322a0abd55d7208ccd638f0a9e461cb1b5f,108707.336,63687,4,160,2024-06-12,615e6e705c6fe56d1badcd7e85581efd6abb75c6,build_log,,True
kafka,PR-16306,trunk,5,21572.0,1718225803.0,UNSTABLE,d774fe2aedcb9e8c0b0085eed1819b5f8909eef6,231902.14,63709,9,169,2024-06-12,dd755b7ea95b3f9c277d9778d6624ab05407cac6,build_log,,True
kafka,PR-16313,trunk,1,15319.0,1718235673.0,UNSTABLE,7bdfd879035de5d180d59d66f1c331ec880f8e29,166319.86,63712,13,169,2024-06-12,05b1380ecbe747a2a14aea6dd4c9992ed40e7eae,build_log,,True
kafka,PR-16314,trunk,1,16658.0,1718235843.0,UNSTABLE,8089e4487ab6ae53ac0aef7a8ff343bdfb5ebacd,128816.086,63729,8,160,2024-06-12,05b1380ecbe747a2a14aea6dd4c9992ed40e7eae,build_log,,True
kafka,PR-15890,trunk,12,15665.0,1718242706.0,UNSTABLE,d2a21a75d2c1ed4ee895f5810dd7a81189c7317e,109401.01,63725,8,160,2024-06-12,e76e1da5ea5cca0df90880481ee092b1766831c4,build_log,,True
kafka,PR-16318,trunk,1,16461.0,1718245747.0,UNSTABLE,277c805fbcb092277e4aa6574cb4999490bafac5,179093.92,63720,13,169,2024-06-12,0a203a962207745cb690cd1027bedb42a47c179a,build_log,,True
kafka,PR-16322,trunk,1,20722.0,1718265932.0,UNSTABLE,84eae4b65b43ba28456e061f30fec39937a14dea,169191.9,63786,25,159,2024-06-13,596b94507244114fdf9e44711fe56505885188ab,build_log,,True
kafka,PR-16298,trunk,5,20723.0,1718266466.0,UNSTABLE,b24a0774768e682c65537383a72c1a0150aaa527,181019.95,63724,7,175,2024-06-13,ea606665139a8c7ff3ba4a85e0e99314403729fd,build_log,,True
kafka,PR-16254,trunk,4,18180.0,1718270507.0,UNSTABLE,69f49240a9103f8558833c4ada890ccffff3bc38,158019.22,63722,7,169,2024-06-13,11c85a93c3f38f467e6da393b82dab51750d2701,build_log,,True
kafka,PR-16266,trunk,5,15315.0,1718280583.0,UNSTABLE,098195ca4de755d01974cafe86776cc60657549a,98318.31,63727,1,160,2024-06-13,11c85a93c3f38f467e6da393b82dab51750d2701,build_log,,True
kafka,PR-16195,trunk,6,17614.0,1718285348.0,UNSTABLE,a7e9dcf401f959b8397f6849e81732cd3716e7b8,108031.86,63727,14,160,2024-06-13,11c85a93c3f38f467e6da393b82dab51750d2701,build_log,,True
kafka,PR-16326,trunk,1,20530.0,1718285550.0,UNSTABLE,3ab2916b7b5165b08accc9277332d019c204f272,230813.14,63724,11,169,2024-06-13,11c85a93c3f38f467e6da393b82dab51750d2701,build_log,,True
kafka,PR-16305,trunk,2,20007.0,1718285871.0,UNSTABLE,692fc94b45d47cdd8558c69bec580e2877127c09,178971.23,63717,4,169,2024-06-13,11c85a93c3f38f467e6da393b82dab51750d2701,build_log,,True
kafka,PR-16274,trunk,7,19539.0,1718286187.0,UNSTABLE,0789eb956df8e8bccfabcb85002f02b4fcc0c4d2,149517.5,63778,11,164,2024-06-13,11c85a93c3f38f467e6da393b82dab51750d2701,build_log,,True
kafka,PR-15926,trunk,6,18713.0,1718293121.0,UNSTABLE,92783e1c7d43ccc0492c425ebe873a1aa38fdaca,108335.14,63727,7,160,2024-06-13,f380cd1b64134cf81e5dab16d71a276781de890e,build_log,,True
kafka,PR-16329,trunk,1,19962.0,1718296039.0,UNSTABLE,bd07d7959087378317a9702ee888f1003c5a974f,91782.836,63727,2,160,2024-06-13,f380cd1b64134cf81e5dab16d71a276781de890e,build_log,,True
kafka,PR-16272,trunk,16,24316.0,1718296785.0,UNSTABLE,56ac969f0e7f392382b4450b6bc976a5fe5f0331,150909.2,63722,5,167,2024-06-13,f380cd1b64134cf81e5dab16d71a276781de890e,build_log,,True
kafka,PR-16315,trunk,5,21545.0,1718303889.0,UNSTABLE,61700fee015b80981f6665a4371eefb8105e1bf5,124493.47,63984,14,160,2024-06-13,4333af5c9f89e5e8bfd67f4919fe2958484f6a22,build_log,,True
kafka,PR-16331,trunk,1,18568.0,1718305554.0,UNSTABLE,a477a80e47f7ac5bebfedad29c310e0b41f71a10,100701.086,63729,2,160,2024-06-13,4333af5c9f89e5e8bfd67f4919fe2958484f6a22,build_log,,True
kafka,PR-16316,trunk,13,18355.0,1718312871.0,UNSTABLE,fe9e811c4c25bcf5750e7c31bc2e41d9197e42f7,126891.414,63742,12,160,2024-06-13,a0b716ec9fd518daef4f7164d82ab515b2ad7e64,build_log,,True
kafka,PR-16336,trunk,1,14369.0,1718315456.0,UNSTABLE,56dd12da82aa891c6bc18f33ebf7ad19eb65861e,109346.19,63731,6,160,2024-06-13,a0b716ec9fd518daef4f7164d82ab515b2ad7e64,build_log,,True
kafka,PR-16277,trunk,13,10648.0,1718331871.0,UNSTABLE,cbad788cc0b5323a87c09f69814aa50aa69c64a6,53446.793,63744,12,151,2024-06-13,dfe0fcfe28a9e3b52b4bf653efed1eddafce1065,build_log,,True
kafka,PR-16250,trunk,10,18504.0,1718341622.0,UNSTABLE,811fca42c84dbdac7c235ccb96d7f3f58507e319,209004.08,63750,8,169,2024-06-14,1565d41cd740b62d5543e9c94c023b37ca4303a9,build_log,,True
kafka,PR-16263,trunk,14,21376.0,1718342228.0,UNSTABLE,148f35f311f61edce49763d402d6c5bad9889063,127688.43,63782,9,161,2024-06-14,1565d41cd740b62d5543e9c94c023b37ca4303a9,build_log,,True
kafka,PR-16330,trunk,2,21937.0,1718343690.0,UNSTABLE,3419e60eca7d4b24566138e1f8cd66fc5d4cbe48,294477.75,63762,30,168,2024-06-14,1565d41cd740b62d5543e9c94c023b37ca4303a9,build_log,,True
kafka,PR-16278,trunk,7,19559.0,1718346771.0,UNSTABLE,8245f7193ee6225e1fea5ca8f995db9611ec2d45,316199.72,63736,75,169,2024-06-14,1565d41cd740b62d5543e9c94c023b37ca4303a9,build_log,,True
kafka,PR-16319,trunk,6,17578.0,1718347248.0,UNSTABLE,8cad543bf7da6e0d26b13f505ed4c1a94839cd39,169766.42,63777,22,160,2024-06-14,1565d41cd740b62d5543e9c94c023b37ca4303a9,build_log,,True
kafka,PR-16337,trunk,3,17377.0,1718347728.0,UNSTABLE,a530117c86e2a690a0419524126a9ed1a98b52aa,260452.25,63768,27,169,2024-06-14,1565d41cd740b62d5543e9c94c023b37ca4303a9,build_log,,True
kafka,PR-16116,trunk,20,18613.0,1718357129.0,UNSTABLE,f73c1cc1f31abe5bb90b28e593c39c702fff3c9a,179055.53,63746,8,169,2024-06-14,888a17760347223614da9243dc3751a18403cfa6,build_log,,True
kafka,PR-16328,trunk,2,11457.0,1718362631.0,UNSTABLE,3e5ee2d64a51c770f10a4aae3ef615a045d2032b,73076.98,63766,12,151,2024-06-14,888a17760347223614da9243dc3751a18403cfa6,build_log,,True
kafka,PR-16340,trunk,1,19565.0,1718373271.0,UNSTABLE,8712f71e280042d841b4e0ca5cbf07da944a5468,197166.05,63783,6,169,2024-06-14,8f6e0513df2c1f97179fd5cc593bee9c1d078356,build_log,,True
kafka,PR-16124,trunk,13,19035.0,1718375045.0,UNSTABLE,a0271eae7449156e4ddce88b01e531339b1f4293,143213.94,63819,15,162,2024-06-14,8f6e0513df2c1f97179fd5cc593bee9c1d078356,build_log,,True
kafka,PR-16228,trunk,4,5767.0,1718375451.0,UNSTABLE,ff230f6ad3bd9a50368761ccbe9982e25c38eddc,44081.574,63793,6,156,2024-06-14,8f6e0513df2c1f97179fd5cc593bee9c1d078356,build_log,,True
kafka,PR-16210,trunk,8,19825.0,1718378583.0,UNSTABLE,5686b7220856024af70f7f1f5ca942058e757a18,177557.0,63783,6,169,2024-06-14,8f6e0513df2c1f97179fd5cc593bee9c1d078356,build_log,,True
kafka,PR-16332,trunk,5,15634.0,1718382030.0,UNSTABLE,af912a32dba5936d363f672713e2d5bcbd667f0d,102974.76,63790,4,162,2024-06-14,4e2f26bfc66367877c41149f1205d301b5bef932,build_log,,True
kafka,PR-16310,trunk,20,14618.0,1718383499.0,UNSTABLE,b1e35cb5f442fc51a4c5e3a4eb3a96ca6d41d259,94566.57,63814,5,161,2024-06-14,fc6f8b659135a932bd91c1c6a982dbe241f1041d,build_log,,True
kafka,PR-16259,trunk,3,19957.0,1718391529.0,UNSTABLE,f9e4bbe98ab780e1f0abb30ca48387c1b0765ddb,206841.92,63786,10,169,2024-06-14,9a239c6142a8f2eb36f1600d1012224c31e58e71,build_log,,True
kafka,PR-16309,trunk,5,19029.0,1718391770.0,UNSTABLE,2a1b0d7e9252f09ed086f4136e80da3a6b4d120e,155536.5,63795,11,163,2024-06-14,9a239c6142a8f2eb36f1600d1012224c31e58e71,build_log,,True
kafka,PR-16342,3.7,2,17333.0,1718398225.0,UNSTABLE,348e93a059dfa79bd0e84085e2632503eedd1edf,483266.25,111497,62,284,2024-06-14,65cbd478e8b8014cbb35db8f0acdbe659091bd65,build_log,,True
kafka,PR-16297,trunk,7,20396.0,1718426520.0,UNSTABLE,8a578654f725fb45b196f40cbde78f212f46e627,239522.36,63833,20,169,2024-06-14,3a9d877686d0b330a2ab4b8191bbaf90c227d9d9,build_log,,True
kafka,PR-16335,trunk,5,21631.0,1718434120.0,UNSTABLE,b87d7b058184083592a40a56a7f76aac643f5676,271431.16,63823,20,169,2024-06-15,3a9d877686d0b330a2ab4b8191bbaf90c227d9d9,build_log,,True
kafka,PR-15908,trunk,22,6129.0,1718458264.0,UNSTABLE,8ae8ab7b68f10d432a6fefac8403c6fc19a1b4ce,45513.76,63768,5,155,2024-06-15,adee6bae45e728f8e2ae1ec8a7232c64ff7c0426,build_log,,True
kafka,PR-16338,trunk,9,19929.0,1718526124.0,UNSTABLE,1e1078a3a7dfeeff460d9ed840332360a1224666,133694.62,63762,10,161,2024-06-16,4e846038a6313e28d3b3ee3d3c3163d1f26356bf,build_log,,True
kafka,PR-16341,trunk,4,18855.0,1718533115.0,UNSTABLE,85aea5fed8e76ee345a89d501ffbdbc39d2e1358,170085.3,63780,12,165,2024-06-16,bcf781230e750fd5efbf276e984f2875bf9fa683,build_log,,True
kafka,PR-16358,trunk,1,20836.0,1718537826.0,UNSTABLE,80e251d724b45c6db13ee37f4bd9c814072711f1,217209.45,63759,14,169,2024-06-16,bcf781230e750fd5efbf276e984f2875bf9fa683,build_log,,True
kafka,PR-16280,trunk,6,18931.0,1718539290.0,UNSTABLE,b6f111fbe98cc872cececb72a478376f7188c33a,220188.64,63773,12,169,2024-06-16,bcf781230e750fd5efbf276e984f2875bf9fa683,build_log,,True
kafka,PR-15924,trunk,3,15518.0,1718550432.0,UNSTABLE,4bf4223865c02a53260333bc8b7bc5084231649d,138764.53,63751,7,168,2024-06-16,bcf781230e750fd5efbf276e984f2875bf9fa683,build_log,,True
kafka,PR-16354,trunk,3,17298.0,1718554418.0,UNSTABLE,7ac5fca63c6a8325043e2a601e6f712990a74771,168757.7,63752,13,169,2024-06-16,bcf781230e750fd5efbf276e984f2875bf9fa683,build_log,,True
kafka,PR-16327,trunk,9,15666.0,1718580963.0,UNSTABLE,d9d44709559b10d5adcbab63a4ef9f18eee78380,168871.25,63754,9,169,2024-06-16,bcf781230e750fd5efbf276e984f2875bf9fa683,build_log,,True
kafka,PR-16362,trunk,1,17030.0,1718593568.0,UNSTABLE,831560961fec218a378178e637185d6ae1f1fa61,162082.17,63768,8,168,2024-06-16,a9d71d131217405cac30ff6d0c6af76e98eb97af,build_log,,True
kafka,PR-16357,trunk,5,17114.0,1718607284.0,UNSTABLE,727c37bd5ed727e978e8652a95f14b13b2d258e9,231954.75,63806,19,169,2024-06-17,768e90f6673fd484f0ca64a628cda4cb8383c385,build_log,,True
kafka,PR-16366,trunk,1,16647.0,1718607705.0,UNSTABLE,11d4fdd12e73c56a463dc663fb91f56509ab3fed,111344.234,63782,6,167,2024-06-17,768e90f6673fd484f0ca64a628cda4cb8383c385,build_log,,True
kafka,PR-16367,trunk,1,16499.0,1718621001.0,UNSTABLE,2a5a35712402d45468c19433072caeeb673b7061,168969.23,63788,6,168,2024-06-17,21d60eabab8a14c8002611c65e092338bf584314,build_log,,True
kafka,PR-16355,trunk,4,15598.0,1718621072.0,UNSTABLE,7acc4b3efdbf6d3331c85b6bcb87b85bff17d75c,110240.57,63801,9,171,2024-06-17,21d60eabab8a14c8002611c65e092338bf584314,build_log,,True
kafka,PR-16323,trunk,5,19057.0,1718622339.0,UNSTABLE,ff4c6b1a15e413c2ff5641842c66b32a69453b6d,217544.03,63799,11,169,2024-06-17,21d60eabab8a14c8002611c65e092338bf584314,build_log,,True
kafka,PR-15175,trunk,14,17208.0,1718622620.0,UNSTABLE,fa8bba5dc7b3117b0240dca557686628cdeb9e51,132124.86,63840,13,159,2024-06-17,21d60eabab8a14c8002611c65e092338bf584314,build_log,,True
kafka,PR-16359,trunk,3,9601.0,1718624252.0,UNSTABLE,7b51a42b7340a814bf88dd14425b9c57289dd3a5,60305.02,63818,7,152,2024-06-17,21d60eabab8a14c8002611c65e092338bf584314,build_log,,True
kafka,PR-16369,trunk,1,15304.0,1718626723.0,UNSTABLE,41040554884c0b7863f44fa24a77d8247f216ec7,98609.44,63787,7,162,2024-06-17,09b4ef416aa54a4e65b297f7e6b47a04e88556f5,build_log,,True
kafka,PR-16350,trunk,4,23463.0,1718628629.0,UNSTABLE,bb8e95908c0a3bbab3630b20bba60f056adc45b2,189361.27,63793,11,169,2024-06-17,09b4ef416aa54a4e65b297f7e6b47a04e88556f5,build_log,,True
kafka,PR-16343,trunk,2,18100.0,1718631889.0,UNSTABLE,67fecfacb5b60160f6c2f40deb0e189bdf290dca,104039.0,63786,6,167,2024-06-17,09b4ef416aa54a4e65b297f7e6b47a04e88556f5,build_log,,True
kafka,PR-16374,trunk,1,20109.0,1718646642.0,UNSTABLE,104567379d948ca6eacda1a97c7a6421968a2ffb,185789.16,63868,19,160,2024-06-17,166d9e80591fc0f5af17e3224e9d4ad04be71009,build_log,,True
kafka,PR-16333,trunk,4,17426.0,1718657602.0,UNSTABLE,dd8eea11a87d057c97649285233dad316f5820cc,189599.73,63856,11,167,2024-06-17,6c4e77707978a43a2994de013335d71bc063ff38,build_log,,True
kafka,PR-16376,3.8,1,14537.0,1718658624.0,UNSTABLE,ceb4aceb9977a4b8a5c844c3e4c66988c4004a00,151150.53,63789,4,166,2024-06-17,f2e471fb81a4c3548c32e6b5bd205102651b7a70,build_log,,True
kafka,PR-16345,trunk,3,19730.0,1718659150.0,UNSTABLE,71b35e783b5679647ce0dad9e69b393127971303,114188.08,63856,2,160,2024-06-17,6c4e77707978a43a2994de013335d71bc063ff38,build_log,,True
kafka,PR-16353,trunk,3,16506.0,1718666007.0,UNSTABLE,95809cf5c29e654ceb760dae00f5d470db0a1236,155435.08,63844,4,168,2024-06-17,6c4e77707978a43a2994de013335d71bc063ff38,build_log,,True
kafka,PR-16351,trunk,19,18020.0,1718674542.0,UNSTABLE,c2609bdf3695ec726e40be7d54bd0d6d197a8a40,188766.62,63844,9,168,2024-06-17,029bbb16e99de3f4785b5755481fcaf0758aad15,build_log,,True
kafka,PR-16378,trunk,1,15989.0,1718676311.0,UNSTABLE,58a735b88559c0f2ae14f2b90681cca43d095673,157091.97,63842,7,168,2024-06-17,029bbb16e99de3f4785b5755481fcaf0758aad15,build_log,,True
kafka,PR-16348,trunk,7,17114.0,1718678366.0,UNSTABLE,c79b8de076ef4452bbe29c6c7ab9b679ad0ceca9,136988.45,63849,10,163,2024-06-17,029bbb16e99de3f4785b5755481fcaf0758aad15,build_log,,True
kafka,PR-16379,trunk,1,17258.0,1718692110.0,UNSTABLE,6e8901b3309f46bdc4b35049730f6bf9e92283a4,176611.45,63282,67,168,2024-06-18,8abeaf3cb495bb4bf05e11c1be45967d6e4730f8,build_log,,True
kafka,PR-16382,trunk,1,19443.0,1718695068.0,UNSTABLE,2661e8619aa993bcb0e6e87959573adb1900e792,243120.42,63861,18,168,2024-06-18,8abeaf3cb495bb4bf05e11c1be45967d6e4730f8,build_log,,True
kafka,PR-16339,trunk,4,17763.0,1718700294.0,UNSTABLE,87a085e93f814ca3a2147de104b2ca7784b00ba0,114138.06,63867,9,162,2024-06-18,a8e4caae09de09128a2b849b30850c2194e0b25c,build_log,,True
kafka,PR-16370,trunk,3,18694.0,1718716312.0,UNSTABLE,b715e3e4cfaecf5d0d9a0901d4eec389236c85a4,121058.32,63850,12,164,2024-06-18,191b6476d76e884517da57b8452c9386a6ebed70,build_log,,True
kafka,PR-16383,trunk,4,18435.0,1718721987.0,UNSTABLE,9f0ba96a6c4c93cb963624de5fac0efefd3091f9,117027.78,63862,5,161,2024-06-18,2fd00ce53678509c9f2cfedb428e37a871e3d530,build_log,,True
kafka,PR-16375,trunk,3,15584.0,1718722114.0,UNSTABLE,b4e74d5b9ae5f7f32fded31f79fef42da398a5b7,108574.72,63863,10,160,2024-06-18,2fd00ce53678509c9f2cfedb428e37a871e3d530,build_log,,True
kafka,PR-16385,trunk,2,20561.0,1718723413.0,UNSTABLE,d0f249db1dedb3f192544c0e15532ff962dc745b,140382.97,63861,8,163,2024-06-18,8199290500980b5a469a463dab6050a314c1529e,build_log,,True
kafka,PR-16386,trunk,1,20147.0,1718725497.0,UNSTABLE,99f050f78a5ede649a550dd65f79ce9849369cc1,232861.28,63860,10,169,2024-06-18,c4a3d2475f740033b71a32973286c6b411f4d19e,build_log,,True
kafka,PR-16030,trunk,7,19758.0,1718726064.0,UNSTABLE,a5ea72dc705cfbfa9d4999f0f1d71c860d6916d2,211934.06,63860,13,169,2024-06-18,c4a3d2475f740033b71a32973286c6b411f4d19e,build_log,,True
kafka,PR-15451,trunk,3,15910.0,1718728040.0,UNSTABLE,86efc7503c32d1dfdc04726eee1d3b9e676b9ae4,158726.1,63855,6,169,2024-06-18,c4a3d2475f740033b71a32973286c6b411f4d19e,build_log,,True
kafka,PR-16303,trunk,8,16534.0,1718758644.0,UNSTABLE,e02dbfafd3c5aa698c5c20ff9b7b858d825c0061,93737.42,63881,2,162,2024-06-18,e2060204fead9aa03f611b76c543b6824f8eb26b,build_log,,True
kafka,PR-16392,trunk,1,16720.0,1718760624.0,UNSTABLE,bbac69bc517869dc04677ff9255f07936fef6bb4,108770.234,63907,4,164,2024-06-18,b2758f4ac6ff5933a919c7dea1903b51fa4fe992,build_log,,True
kafka,PR-16295,trunk,3,19191.0,1718779301.0,UNSTABLE,82a0012b49373258ba735b9becad5c69871a1a1b,131142.12,63884,6,164,2024-06-19,4de6a90801e3a9d51beb22821893a85cea76ac3a,build_log,,True
kafka,PR-16380,trunk,5,20438.0,1718782370.0,UNSTABLE,c1295b8f0c8785a56bed02db01d495a8d2af118c,332474.25,63888,22,169,2024-06-19,4de6a90801e3a9d51beb22821893a85cea76ac3a,build_log,,True
kafka,PR-16349,trunk,3,18824.0,1718785003.0,UNSTABLE,030555bb84f7eb66aacb50fec5f16ad4ae135740,173038.73,63882,11,168,2024-06-19,a0bfc64470bf90aac88d5bca793f14f8342b6edc,build_log,,True
kafka,PR-16368,trunk,2,17399.0,1718792204.0,UNSTABLE,4c5c7aa15399c9d05797ef3e43829360af9e69e4,129295.13,63892,10,161,2024-06-19,2b491f9611cb8514687b4030f3da95dc7573e1da,build_log,,True
kafka,PR-16388,trunk,3,18121.0,1718792889.0,UNSTABLE,6b993f2222a74946e390da0c95f1ee0e4e68e20d,121913.49,63882,8,162,2024-06-19,2b491f9611cb8514687b4030f3da95dc7573e1da,build_log,,True
kafka,PR-16360,trunk,4,18566.0,1718805790.0,UNSTABLE,1b54c5890553b9c8cc36d18aafc012fab88fcfcc,193787.1,63716,14,168,2024-06-19,2b491f9611cb8514687b4030f3da95dc7573e1da,build_log,,True
kafka,PR-16395,3.6,1,12758.0,1718806148.0,UNSTABLE,5ea38fc55d94f77bfb0ab4ee515fd1ba868d264a,231995.58,100162,8,161,2024-06-19,35f0eeb2b07cabba0287b1a83a124abfb15e6745,build_log,,True
kafka,PR-16317,trunk,9,16677.0,1718809132.0,UNSTABLE,f87ecb63156221276134f26a74079131f043f948,184452.55,63894,10,174,2024-06-19,c0add50a991a1f9d57d9f00a8b205583a513ee92,build_log,,True
kafka,PR-16397,trunk,1,16879.0,1718827764.0,UNSTABLE,0f6149f5cf4b3c4566d24f36247d474dfacfe6ae,110529.38,63906,4,162,2024-06-19,a6718dbbdbcf3c71a8a3ab9844107cd994ceec25,build_log,,True
kafka,PR-16393,trunk,4,15674.0,1718851725.0,UNSTABLE,bb4a6278079c964724952d4a569ad8de8eb07523,116958.3,63724,8,160,2024-06-19,f79e429044cfe3701f48d54ff79ee2b42841ed99,build_log,,True
kafka,PR-16394,trunk,5,17928.0,1718860920.0,UNSTABLE,daf36fd7bf363574270be10d8423a6bb8e702fc7,170870.19,63714,5,169,2024-06-20,f79e429044cfe3701f48d54ff79ee2b42841ed99,build_log,,True
kafka,PR-16401,trunk,1,16840.0,1718878340.0,UNSTABLE,be1c630207968f21a895605b970c05e8d10d6ce1,166226.05,63715,6,169,2024-06-20,80f31224aad543dbfc892bce1ad73b6bb693855a,build_log,,True
kafka,PR-16402,trunk,1,17268.0,1718878898.0,UNSTABLE,3b5940ec2029862c19fac2811181a7562adf1675,136516.5,63712,9,169,2024-06-20,80f31224aad543dbfc892bce1ad73b6bb693855a,build_log,,True
kafka,PR-16324,trunk,8,16177.0,1718884495.0,UNSTABLE,c76376320053c73de6772ce5b7955be27b9be512,155315.86,63710,7,169,2024-06-20,80f31224aad543dbfc892bce1ad73b6bb693855a,build_log,,True
kafka,PR-16404,trunk,1,17446.0,1718885563.0,UNSTABLE,953c97fdb1df72133f954de391c8757b7a2ff718,179427.67,63715,8,169,2024-06-20,80f31224aad543dbfc892bce1ad73b6bb693855a,build_log,,True
kafka,PR-16356,trunk,12,17142.0,1718887735.0,UNSTABLE,6a971e7160ff0d669bb28906458003a0f37fd526,210224.42,63761,17,161,2024-06-20,80f31224aad543dbfc892bce1ad73b6bb693855a,build_log,,True
kafka,PR-16406,trunk,1,21655.0,1718895108.0,UNSTABLE,dfab5771a2fb418878bd36ee3586b2073df69d76,214572.02,63719,9,168,2024-06-20,80f31224aad543dbfc892bce1ad73b6bb693855a,build_log,,True
kafka,PR-16407,trunk,1,22546.0,1718895694.0,UNSTABLE,eff9742a790f9d0d0a83027f1876a95d7aa5ba71,202600.78,63713,8,169,2024-06-20,80f31224aad543dbfc892bce1ad73b6bb693855a,build_log,,True
kafka,PR-16211,trunk,7,17789.0,1718902979.0,UNSTABLE,22f748027b9d9aab19ca1f6f51d259916911630b,112789.85,63725,4,161,2024-06-20,6aa8f3c11964c0fb0236641a6b65a4c7f37576d8,build_log,,True
kafka,PR-16235,trunk,20,16183.0,1718913581.0,UNSTABLE,b79b74ad1f811859d0d9febb694be2e75801c94c,109499.73,63960,10,160,2024-06-20,64702bcf6f883d266ccffcec458b4c3c0706ad75,build_log,,True
kafka,PR-16409,3.8,6,17584.0,1718923468.0,UNSTABLE,aaad51842da26cc06296f38e0fe62a9eb0c23099,186683.72,63782,6,168,2024-06-20,26763c526824bee505a118c3def190da8fa4c5dc,build_log,,True
kafka,PR-16416,trunk,1,16239.0,1718956283.0,UNSTABLE,971cf44581c585677d509b438b09dbc9a7e1a9de,162133.23,63750,8,169,2024-06-21,d646a09dd0b03e6823f6d8b65f8b5c8619826a31,build_log,,True
kafka,PR-16415,trunk,6,15194.0,1718961165.0,UNSTABLE,7123a313c7a6e8054dac224203404a7bec0ff95f,107367.16,63790,13,156,2024-06-21,9b5b434e2a6b2d5290ea403fc02859b1c523d8aa,build_log,,True
kafka,PR-16377,trunk,6,16299.0,1718962448.0,UNSTABLE,65927a7bdf3ed53cc67682897ee8643a1ab20de8,109261.62,63786,10,164,2024-06-21,9b5b434e2a6b2d5290ea403fc02859b1c523d8aa,build_log,,True
kafka,PR-16265,trunk,13,17767.0,1718973302.0,UNSTABLE,46d322669c345407fa2bb7f1264c00cf664c3921,86795.07,63769,2,159,2024-06-21,9b5b434e2a6b2d5290ea403fc02859b1c523d8aa,build_log,,True
kafka,PR-15830,trunk,14,17789.0,1719006287.0,UNSTABLE,7bcec4082cb998f6bed05280a0e9f5ccbe58a320,125846.914,63839,11,161,2024-06-21,7d702e17604c6cc95e4e8bfdea58b04be3f5ffc3,build_log,,True
kafka,PR-16405,trunk,3,16679.0,1719011636.0,UNSTABLE,ee0cf8ded51262d98e913c5eb18538806c99499f,163691.64,63822,8,167,2024-06-21,7d702e17604c6cc95e4e8bfdea58b04be3f5ffc3,build_log,,True
kafka,PR-16419,trunk,2,18875.0,1719033198.0,UNSTABLE,8138f4f84c7120bc8950de6f3f1a7760dfcb64e7,186638.4,63817,8,168,2024-06-22,7d702e17604c6cc95e4e8bfdea58b04be3f5ffc3,build_log,,True
kafka,PR-16418,trunk,2,16531.0,1719044376.0,UNSTABLE,6eb2f0353609131326fcc5f19ecb869c22f9e341,132226.44,63792,3,170,2024-06-22,7d702e17604c6cc95e4e8bfdea58b04be3f5ffc3,build_log,,True
kafka,PR-16403,trunk,3,16190.0,1719059031.0,UNSTABLE,3648f9baf1433d34b0586ded8839fd096c36dd72,181153.62,63920,10,168,2024-06-22,96171026d5edf139c36caf54ed86c437e9cb9fe4,build_log,,True
kafka,PR-16384,trunk,5,20532.0,1719060554.0,UNSTABLE,3cb3afa3cfeffb1e0eb58aa4849d0e424d9f1980,170885.75,63788,9,169,2024-06-22,96171026d5edf139c36caf54ed86c437e9cb9fe4,build_log,,True
kafka,PR-16361,trunk,3,15993.0,1719063549.0,UNSTABLE,bf49892b1ffdf5943a48d905095024a50466bcd6,169286.6,63807,7,169,2024-06-22,7fe3374f7a6d956777b6b007300fa3fea6cf7118,build_log,,True
kafka,PR-16408,trunk,3,15703.0,1719116800.0,UNSTABLE,d413d3f44885ed03c878c925be471e1e71082728,142221.38,63837,5,169,2024-06-22,7fe3374f7a6d956777b6b007300fa3fea6cf7118,build_log,,True
kafka,PR-16423,trunk,3,7553.0,1719121524.0,UNSTABLE,07b93fb33ef2f5f507cf3ba24328a2e19da3b825,52663.188,63823,2,151,2024-06-23,7fe3374f7a6d956777b6b007300fa3fea6cf7118,build_log,,True
kafka,PR-16396,trunk,6,14327.0,1719153592.0,UNSTABLE,916fefa5cae9d89a419db73fe2ed05c74b1ed9b4,128147.83,63766,4,167,2024-06-23,8a109d87d1673d1540054b1202ad94789ac5cea4,build_log,,True
kafka,PR-16429,trunk,1,15848.0,1719157085.0,UNSTABLE,1a55561be1f73dfd36156a9d5dae67c019eec6a6,89236.31,63815,2,160,2024-06-23,8a109d87d1673d1540054b1202ad94789ac5cea4,build_log,,True
kafka,PR-16414,trunk,8,14268.0,1719158433.0,UNSTABLE,32ac2883195ac0d0d2661a5819222eb358149aaa,100436.82,63841,1,160,2024-06-23,8a109d87d1673d1540054b1202ad94789ac5cea4,build_log,,True
kafka,PR-15740,trunk,6,16140.0,1719187197.0,UNSTABLE,e12495267d034164573d2c43d6c48bfbdbdb9337,159305.06,63815,8,169,2024-06-23,8a109d87d1673d1540054b1202ad94789ac5cea4,build_log,,True
kafka,PR-16413,trunk,3,16737.0,1719194717.0,UNSTABLE,b8208029805dfb8b28372fb743a62b0ec08bd851,95478.48,63811,3,160,2024-06-23,8a109d87d1673d1540054b1202ad94789ac5cea4,build_log,,True
kafka,PR-16434,trunk,1,21290.0,1719228422.0,UNSTABLE,4606c8cbbf96000c85765a47e7dc2b75301cc7fe,288595.9,63802,22,168,2024-06-24,3a0c83e49030074271dd34c20fa99baad6270c93,build_log,,True
kafka,PR-16435,trunk,1,18576.0,1719228503.0,UNSTABLE,4abeafd54990dd8551ba4e6c17854f6ccb3f36bd,153073.48,62971,74,167,2024-06-24,3a0c83e49030074271dd34c20fa99baad6270c93,build_log,,True
kafka,PR-16436,trunk,1,9994.0,1719228519.0,UNSTABLE,d2e95a07da59dfad25b78731bcae7ac81455fbd3,58831.727,63792,14,154,2024-06-24,3a0c83e49030074271dd34c20fa99baad6270c93,build_log,,True
kafka,PR-16437,trunk,1,24734.0,1719229363.0,UNSTABLE,99d8f29f97daea8fc179c6cd155bc3efe059e02d,259936.05,63818,21,169,2024-06-24,3a0c83e49030074271dd34c20fa99baad6270c93,build_log,,True
kafka,PR-16344,trunk,10,23606.0,1719231834.0,UNSTABLE,34708197a735044dd9f50a272aec5a87027efdfc,210790.67,63894,14,169,2024-06-24,3a0c83e49030074271dd34c20fa99baad6270c93,build_log,,True
kafka,PR-16424,trunk,2,21221.0,1719234672.0,UNSTABLE,eb78debfeb6a8fd82e39be669649b2e67154947f,153838.06,63776,1,169,2024-06-24,3a0c83e49030074271dd34c20fa99baad6270c93,build_log,,True
kafka,PR-16439,trunk,2,23303.0,1719241887.0,UNSTABLE,8f5d14848a529c184b4414aacf8d663101cb08d5,118206.336,63798,9,160,2024-06-24,42058462ac9ef65e0cad4240358bbb5db9cebcd4,build_log,,True
kafka,PR-16441,trunk,1,19125.0,1719249348.0,UNSTABLE,48af7c4b4bc0e62dd5f4d6859cfa0e84fac9abd6,126117.555,63799,15,167,2024-06-24,78372b6883173fc8c021c2230a65c1859080fdba,build_log,,True
kafka,PR-16442,trunk,2,14784.0,1719264687.0,UNSTABLE,8e0f8828ef0ad8ab9884a9a49d1ec6a959e0e6fd,93950.64,63792,4,160,2024-06-24,78372b6883173fc8c021c2230a65c1859080fdba,build_log,,True
kafka,PR-16445,trunk,2,21113.0,1719288805.0,UNSTABLE,3a3d995c9b6878f4eb80c921fdf164aee97ee5ab,211111.92,63791,10,169,2024-06-24,f4cbf71ea68f5bda3afbb2d3a8411658e57516e8,build_log,,True
kafka,PR-16257,trunk,4,16212.0,1719303336.0,UNSTABLE,464782ee9dd70cccddab1fe03b6aa1c854cb1628,160860.67,63814,4,169,2024-06-25,3f3b070a6a239dc801d4dd83c8ee55ccf497346b,build_log,,True
kafka,PR-16440,trunk,2,14759.0,1719303712.0,UNSTABLE,fdbdaa61f74b5e02db98d15e1f184b20e103393b,115428.766,63831,7,157,2024-06-25,3f3b070a6a239dc801d4dd83c8ee55ccf497346b,build_log,,True
kafka,PR-16430,trunk,5,17876.0,1719313200.0,UNSTABLE,1c39c42dbc9b2ae7731d84ff1431f8ca391c0d47,167603.61,63847,5,169,2024-06-25,db1c8a80c456d0b246402cac9ad50daee40216d6,build_log,,True
kafka,PR-15915,trunk,6,16952.0,1719317132.0,UNSTABLE,9f611ab5fe60b951cdaac8ec8bac5229f06c7392,160043.6,63841,6,169,2024-06-25,db1c8a80c456d0b246402cac9ad50daee40216d6,build_log,,True
kafka,PR-16089,trunk,1,16894.0,1719317327.0,UNSTABLE,8848e7f467f68fe5067f12fde2bd959fb9227de5,151364.67,63811,6,176,2024-06-25,db1c8a80c456d0b246402cac9ad50daee40216d6,build_log,,True
kafka,PR-16448,trunk,1,18456.0,1719321897.0,UNSTABLE,a0a5289875286820c21c0b72a132269f9a287445,198543.86,63827,16,169,2024-06-25,db1c8a80c456d0b246402cac9ad50daee40216d6,build_log,,True
kafka,PR-16452,trunk,1,16028.0,1719339420.0,UNSTABLE,b615266076c6dcdd1847aa6e13d48ebd9775c760,103055.0,64051,5,164,2024-06-25,a599b89fe0fd167498cef864aa1d1ae3dfaa2c4a,build_log,,True
kafka,PR-16420,3.8,5,16642.0,1719341088.0,UNSTABLE,1faf2abc69803dd542b60727cbf89b1aa8f5cee7,137558.23,63784,4,169,2024-06-25,35b34a85a7bed1f2e9bd23ae961cac85602435e6,build_log,,True
kafka,PR-16453,trunk,2,13948.0,1719348190.0,UNSTABLE,ee3c2b6034afc757cc7bd2fe09d225c6eaee9f37,98580.836,63840,5,160,2024-06-25,5b0e96d78550fe8264fe5ddeb93ae76d6e40d3d2,build_log,,True
kafka,PR-16422,trunk,4,16021.0,1719361252.0,UNSTABLE,31e34beed8ebba5a901720d2b0e95e10675041f9,170390.39,64076,6,169,2024-06-25,adee6f0cc11c37edaf7b47c1f77457d66e80ebe4,build_log,,True
kafka,PR-16431,trunk,9,16496.0,1719384595.0,UNSTABLE,d74c051d6c79c3fd0d55b21e1c73b83956e64cfa,219876.78,64065,17,169,2024-06-26,adee6f0cc11c37edaf7b47c1f77457d66e80ebe4,build_log,,True
kafka,PR-16446,trunk,5,16911.0,1719402821.0,UNSTABLE,7f142a717aaf471259573824baf877055d139d09,126788.6,64072,9,160,2024-06-26,93dd9acad0c7b7694ae34235ff9dd52a7a5c958b,build_log,,True
kafka,PR-16462,trunk,1,17364.0,1719419439.0,UNSTABLE,3d11a19046367523cb00ea3bb06c334732293bad,161661.5,64045,3,169,2024-06-26,2074e5a6dbb65900c0979a834c9638f637bc6038,build_log,,True
kafka,PR-16447,trunk,7,16513.0,1719439873.0,UNSTABLE,c8650a96f807174052af92e732867b68143dd802,170229.95,64052,6,169,2024-06-26,399949ebcf3815e088a62495996100f27f637ec0,build_log,,True
kafka,PR-16466,trunk,1,20805.0,1719469206.0,UNSTABLE,f3937ca387c020d5ce886d09bf4ff4dd8af2227a,161358.31,64056,32,160,2024-06-27,399949ebcf3815e088a62495996100f27f637ec0,build_log,,True
kafka,PR-16467,trunk,1,16109.0,1719473411.0,UNSTABLE,c099355404ecb346d40602446ebb2bc972b3fd7e,153440.89,64073,10,165,2024-06-27,9b4f13efbc0674ec63835ceee728f5ec62e69171,build_log,,True
kafka,PR-16054,trunk,14,15109.0,1719476002.0,UNSTABLE,aad7dc6b71b65c94c9047c7e5b3a80630d5d12c3,96424.04,64060,9,160,2024-06-27,9b4f13efbc0674ec63835ceee728f5ec62e69171,build_log,,True
kafka,PR-16468,trunk,1,19864.0,1719476034.0,UNSTABLE,5b82ae617fbca61eb406e3af7c94cede82e3a954,146543.45,64054,10,162,2024-06-27,9b4f13efbc0674ec63835ceee728f5ec62e69171,build_log,,True
kafka,PR-16471,trunk,2,6470.0,1719483659.0,UNSTABLE,8eebc8521e996a514b629a02320e2dd8cbb32000,48989.71,64094,2,151,2024-06-27,49e9bd4a5ba055b7d6e9d166ca87b75e75f738fa,build_log,,True
kafka,PR-16455,trunk,3,15323.0,1719495671.0,UNSTABLE,ea28f10815ab23c8024672e707b2f2f2b0542d72,105749.88,64086,5,168,2024-06-27,3ebad6349de7d121a31f9d47c5ede7d6bbfac4d1,build_log,,True
kafka,PR-16464,trunk,4,21158.0,1719501535.0,UNSTABLE,90e240173868b20cc38d342f61a7f3c90edfe8f2,192815.9,64084,9,169,2024-06-27,3ebad6349de7d121a31f9d47c5ede7d6bbfac4d1,build_log,,True
kafka,PR-16476,trunk,1,14613.0,1719515032.0,UNSTABLE,8f598ea74d1d4354aa4a14d87a83e40876a167d5,89603.28,64081,14,160,2024-06-27,3ebad6349de7d121a31f9d47c5ede7d6bbfac4d1,build_log,,True
kafka,PR-16347,trunk,16,18494.0,1719521820.0,UNSTABLE,fccf7cbeb8f157e2c6778bd892e8edbe0fe6a144,146111.9,64164,20,162,2024-06-27,dc7c9ad0685612b8640faaddcf63b96222b19fcd,build_log,,True
kafka,PR-16312,trunk,47,20940.0,1719523154.0,UNSTABLE,baca710f757f975c1224c51a386da4d565aa0683,374952.22,64189,37,169,2024-06-27,ebaa108967fca35b2fce1d9052e3641046e510fd,build_log,,True
kafka,PR-16399,trunk,13,16709.0,1719545903.0,UNSTABLE,4dc78e93a392a781b85f012cc77ba042fff4ebf6,93537.15,64167,4,161,2024-06-27,9be27e715a209a892941bf35e66859d9c39c28c4,build_log,,True
kafka,PR-16479,trunk,1,21182.0,1719557095.0,UNSTABLE,72e7346f7f65e597228a8a6985699e54ffdba4a2,191820.7,64184,19,161,2024-06-28,9be27e715a209a892941bf35e66859d9c39c28c4,build_log,,True
kafka,PR-16481,trunk,1,19863.0,1719561073.0,UNSTABLE,faa720272739e93d184c97381a13ef2fe5240d08,174891.22,64154,7,178,2024-06-28,e57cbe034615c59557bb0229ee7ca5af90246257,build_log,,True
kafka,PR-16371,trunk,10,19645.0,1719562301.0,UNSTABLE,1a3e42036dc0f892216a065d3c0dc1b71493aacf,207583.58,64180,8,171,2024-06-28,e57cbe034615c59557bb0229ee7ca5af90246257,build_log,,True
kafka,PR-16484,trunk,1,18892.0,1719567994.0,UNSTABLE,d20d2566fb8d4a7620d833d35ffa7f79f1a0c64c,106965.73,64160,3,162,2024-06-28,e57cbe034615c59557bb0229ee7ca5af90246257,build_log,,True
kafka,PR-16487,trunk,1,16155.0,1719583876.0,UNSTABLE,4cc2bd8c53e79176b9463e725248a41c3eea2048,152224.23,64150,3,180,2024-06-28,e57cbe034615c59557bb0229ee7ca5af90246257,build_log,,True
kafka,PR-16428,trunk,3,19936.0,1719585107.0,UNSTABLE,f8b0d282833ef08f37a1fc5aadaf2bec454f6f8c,167486.47,64163,5,171,2024-06-28,b0054f3a2f28ebd19045a4b8a8d356987275965b,build_log,,True
kafka,PR-16478,3.8,3,15457.0,1719598007.0,UNSTABLE,659aa0d00fc4d0514aafc51643928c52eee37ef8,146539.22,63739,3,167,2024-06-28,5edab42ae371f40584b42fb9a9568cf0ab5c5037,build_log,,True
kafka,PR-16489,trunk,1,15316.0,1719609307.0,UNSTABLE,16012e9bf9d46b1468c345fa2c08e10da6a0f4bb,91218.664,64166,2,161,2024-06-28,836f52b0bafd278bbbf064d5ee7bb47e2661f11c,build_log,,True
kafka,PR-16450,trunk,14,16830.0,1719719759.0,UNSTABLE,d7a01d0e1b01805bca76abc4d204c2ea4b5e85f5,107335.664,64173,3,161,2024-06-29,3c4b1db93b0511f27a0d61301e84e9bbdb1abbbe,build_log,,True
kafka,PR-16470,trunk,14,15464.0,1719727054.0,UNSTABLE,e2ff23cada0ba0b551cbb7105e59d6e1ed28eaaa,108815.266,64151,22,163,2024-06-30,3c4b1db93b0511f27a0d61301e84e9bbdb1abbbe,build_log,,True
kafka,PR-16458,trunk,6,19440.0,1719760957.0,UNSTABLE,773effc736bd945ef89b93340bba368d11abe487,199927.97,64180,20,170,2024-06-30,33f5995ec379f0d18c6981106838c605ee94be7f,build_log,,True
kafka,PR-15864,trunk,3,16023.0,1719765991.0,UNSTABLE,90c73aa6f01d7c59d02f3093fb275583f3c544a8,175399.67,64164,8,171,2024-06-30,33f5995ec379f0d18c6981106838c605ee94be7f,build_log,,True
kafka,PR-16469,trunk,3,19232.0,1719795915.0,UNSTABLE,d67b33b1a7375054b8f5fff24566cb90417adf8b,71575.12,32148,1,53,2024-06-30,15a4501bded513822485dd85fa6258e16f1571ca,build_log,,True
kafka,PR-16465,trunk,5,22896.0,1719825763.0,UNSTABLE,63f7c25a9a90ce7bfa34a651e3806c4b0faf2dcf,154423.12,64216,11,164,2024-07-01,9a78122fb0b1b37961139d5c62e49fa758dc08ac,build_log,,True
kafka,PR-16473,trunk,2,18296.0,1719837513.0,UNSTABLE,990699d4869cb25c6a040d79ec92c0a4db93549b,169332.61,62823,112,168,2024-07-01,7d91bc8cf9fdd6e888b85f892ab7b8203c69e13b,build_log,,True
kafka,PR-16480,trunk,9,22433.0,1719838039.0,UNSTABLE,b20c4e1e797daef9aef8b302e09dbc1aab2a9d91,329806.75,64177,41,171,2024-07-01,7d91bc8cf9fdd6e888b85f892ab7b8203c69e13b,build_log,,True
kafka,PR-16485,trunk,3,17042.0,1719845548.0,UNSTABLE,a22e2174f9e3c65187c9fafd2f873cbf57c77b9b,173452.9,64198,7,171,2024-07-01,7d91bc8cf9fdd6e888b85f892ab7b8203c69e13b,build_log,,True
kafka,PR-16264,trunk,9,18931.0,1719846761.0,UNSTABLE,70da1b4d6801b6c25d356914fdc0ed1d37f767d0,206776.03,64167,8,170,2024-07-01,7d91bc8cf9fdd6e888b85f892ab7b8203c69e13b,build_log,,True
kafka,PR-16460,trunk,6,17539.0,1719847598.0,UNSTABLE,3d3f6c5d828a20dba24a8ab70260cc7c586cec06,161553.6,64199,11,170,2024-07-01,7d91bc8cf9fdd6e888b85f892ab7b8203c69e13b,build_log,,True
kafka,PR-15224,trunk,5,18335.0,1719855258.0,UNSTABLE,757b655a72f23efedbd75c05a133d392a2d17f6c,182579.84,64259,27,159,2024-07-01,206d0f809ad8438e9d89b7f731a8b995f952f0c0,build_log,,True
kafka,PR-16482,trunk,6,18939.0,1719909514.0,UNSTABLE,97dd1f8d0639468a4a1fbbe52c1ae5bb0dbea7d3,144265.02,64167,5,171,2024-07-02,d0dfefbe6394276eb329b6ca998842a984add506,build_log,,True
kafka,PR-16400,3.8,14,14511.0,1719912079.0,UNSTABLE,fd44ece024a4fc99bbc12d7ff3412bb5419829f4,110752.16,63793,10,159,2024-07-02,31a9c702a484a0f17e9551d6b4b8ed439dec37ff,build_log,,True
kafka,PR-16507,trunk,1,18436.0,1719920049.0,UNSTABLE,f1fd1f272cf848a370b24f684017a8010f36b76d,194526.08,64164,23,168,2024-07-02,d0dfefbe6394276eb329b6ca998842a984add506,build_log,,True
kafka,PR-16457,trunk,7,17104.0,1719927866.0,UNSTABLE,a1175d8a04bfcf4792d6f1a89b9372bb7a8433ed,152761.05,64214,8,171,2024-07-02,d0dfefbe6394276eb329b6ca998842a984add506,build_log,,True
kafka,PR-16474,trunk,4,21649.0,1719932023.0,UNSTABLE,e005d8bf17f45e3c3a99ddbd768c7543529b4d7f,182960.95,64186,11,170,2024-07-02,e7a75805fe0f156d580683d17c226dc76aa189fa,build_log,,True
kafka,PR-13333,trunk,15,17648.0,1719934495.0,UNSTABLE,c875bdf53cc79b7384f63487b16a2730f37cc530,103358.11,64170,11,165,2024-07-02,e7a75805fe0f156d580683d17c226dc76aa189fa,build_log,,True
kafka,PR-16512,trunk,1,15626.0,1719951834.0,UNSTABLE,6d06585cad27c943f08ecdf4d4e16c4c933dfe87,176536.67,64169,7,168,2024-07-02,c97d4ce026fdb75f80760bcce00b239db951a481,build_log,,True
kafka,PR-16503,trunk,3,17707.0,1719958198.0,UNSTABLE,5d755b4b7427ec1e8609b49ba4ee4dab643233f3,181052.16,64175,9,167,2024-07-02,d0dfefbe6394276eb329b6ca998842a984add506,build_log,,True
kafka,PR-16477,trunk,6,17156.0,1719960093.0,UNSTABLE,2693eeb61b5d81f8bb963f88860f45236c961c77,100968.58,64218,5,158,2024-07-02,c97d4ce026fdb75f80760bcce00b239db951a481,build_log,,True
kafka,PR-15302,trunk,5,16498.0,1719965655.0,UNSTABLE,dc56646bc7b4007a5e4b906db5de2d3f17b0462a,203423.5,64212,11,171,2024-07-02,c97d4ce026fdb75f80760bcce00b239db951a481,build_log,,True
kafka,PR-16087,trunk,8,17102.0,1719978227.0,UNSTABLE,51df459d59aa4a23a1661f1d6347ed9dcc56f1a1,88534.445,64229,9,163,2024-07-02,c97d4ce026fdb75f80760bcce00b239db951a481,build_log,,True
kafka,PR-16459,trunk,14,14747.0,1719985826.0,UNSTABLE,ece7777e5e3f1250fcb6731f40c8bd1c85942453,100706.68,64255,5,161,2024-07-03,c97d4ce026fdb75f80760bcce00b239db951a481,build_log,,True
kafka,PR-16086,trunk,5,17796.0,1719996847.0,UNSTABLE,f99c139408ca6daffe7876b9ca540c61bbf82374,162964.6,64195,6,180,2024-07-03,b2da186f21490ddf9922a7ad834e830deee1f7a8,build_log,,True
kafka,PR-16513,trunk,2,16272.0,1719997674.0,UNSTABLE,dd5ea42ab606b74bcd14c5de53a1530648c551e6,124621.22,64211,16,161,2024-07-03,1ffe42b06d2f86818be5653e2b5749d9b331f7aa,build_log,,True
kafka,PR-15968,trunk,22,18925.0,1720015504.0,UNSTABLE,1e87719e9ee0cf7b2c0f89e2f2862ae52a698412,206785.81,64276,15,171,2024-07-03,20e101c2e4cb2b34c2c575287cfaec76aa8c5db0,build_log,,True
kafka,PR-16287,trunk,7,6531.0,1720016858.0,UNSTABLE,0b8590c935813e171882b46a7bd5704fbc66c26f,55464.88,64289,2,151,2024-07-03,e93242283d1b7c4855e97009adc130373e7bbec7,build_log,,True
kafka,PR-16516,trunk,4,21392.0,1720019621.0,UNSTABLE,83f3d7b08786ce304ca241d46f77e12b777d17cf,162846.0,64345,4,171,2024-07-03,ae192bdd41a6058a889dcf0bc961dceb3631a4a6,build_log,,True
kafka,PR-16454,trunk,7,8431.0,1720030945.0,UNSTABLE,a270c720587a9302c70893b709f4bb243a1faf66,61912.625,64408,14,153,2024-07-03,27220d146c5d043da4adc3d636036bd6e7b112d2,build_log,,True
kafka,PR-16520,trunk,1,19235.0,1720032253.0,UNSTABLE,72a75ab09429d6ae24269033961046ce453a6fc4,131811.48,64296,8,161,2024-07-03,27220d146c5d043da4adc3d636036bd6e7b112d2,build_log,,True
kafka,PR-14158,trunk,4,14262.0,1720063296.0,UNSTABLE,062d01f9640726b8f383806419bc984122be8901,96411.9,64402,4,162,2024-07-03,22787de48285a7e7059a06816c8a38b830d70a9c,build_log,,True
kafka,PR-16491,trunk,6,15542.0,1720067866.0,UNSTABLE,bda59937b75551c985fdf0dea1d700540e585439,99317.39,64427,6,161,2024-07-03,641469e4ac15fafc362dab5aa5db49979782d5f0,build_log,,True
kafka,PR-16498,trunk,8,20121.0,1720073452.0,UNSTABLE,2d9fa79ed9aaa420b569c6ed4c691625de0f900e,213221.48,64425,22,161,2024-07-04,641469e4ac15fafc362dab5aa5db49979782d5f0,build_log,,True
kafka,PR-16504,trunk,7,19481.0,1720094203.0,UNSTABLE,c45ac7839d774c366408eead23ef5c69a0c9a15d,162336.06,64440,8,171,2024-07-04,efe7ccaf772a23e73f10a8731202025f05f40ea9,build_log,,True
kafka,PR-16325,trunk,19,18983.0,1720096253.0,UNSTABLE,fee30ec7b9e58024230ba4708302054bf09332cf,156192.55,64412,9,167,2024-07-04,efe7ccaf772a23e73f10a8731202025f05f40ea9,build_log,,True
kafka,PR-16526,trunk,2,15741.0,1720122917.0,UNSTABLE,27b0958466ef818257d2b907e74e5944494941fb,134096.9,64545,2,169,2024-07-04,376365d9da8099e3eb9175090cc456f55985fcb0,build_log,,True
kafka,PR-16508,trunk,3,14906.0,1720148152.0,UNSTABLE,0be279b33b20a624795bea34ee67ca865ca3b82b,143530.84,64529,10,168,2024-07-04,4a49a1249d6a2e4523e1d63f8c4f95761df32263,build_log,,True
kafka,PR-16301,trunk,5,19101.0,1720160820.0,UNSTABLE,654b5d68e9eaa374d26229f6e9725130ed360c65,230585.58,64533,21,171,2024-07-05,4a49a1249d6a2e4523e1d63f8c4f95761df32263,build_log,,True
kafka,PR-16527,trunk,1,17255.0,1720166340.0,UNSTABLE,9e37ec26472d6a068dafdd41829c86f525a4339d,150303.44,64501,45,167,2024-07-05,b4d77e047b369c3d3c1c2a50367bbc395a5fb3b2,build_log,,True
kafka,PR-16531,trunk,1,21316.0,1720191681.0,UNSTABLE,0a6dda303c79613f1c4691f9a255703a2542d882,228896.78,64557,17,168,2024-07-05,9a7eee60727dc73f09075e971ea35909d2245f19,build_log,,True
kafka,PR-16533,trunk,1,19589.0,1720193973.0,UNSTABLE,2bc332eefb714504d7842bd039bda7f54954a906,144995.39,64542,11,161,2024-07-05,9a7eee60727dc73f09075e971ea35909d2245f19,build_log,,True
kafka,PR-16095,trunk,14,17179.0,1720201517.0,UNSTABLE,56d6be64299ee30cdf6e455c402db51a29013a8e,163151.38,64536,5,171,2024-07-05,9a7eee60727dc73f09075e971ea35909d2245f19,build_log,,True
kafka,PR-16535,trunk,1,18464.0,1720214834.0,UNSTABLE,22acf1b348239fb842aafe342c709941675a7454,167720.44,64526,5,167,2024-07-05,1bec3811adcfeca8973f89dc4ff23d3a35d08d74,build_log,,True
kafka,PR-16536,fix-dedicated-mirror-integration-test-multi-node-cluster,1,21482.0,1720225907.0,UNSTABLE,f8418d4fdea1b989356b74e7e73462ecfa9cd8aa,195900.31,64576,11,171,2024-07-05,82d48bd7f72a2c772fc829a17d414bfa69ee9428,build_log,,True
kafka,PR-16537,trunk,1,17685.0,1720226313.0,UNSTABLE,31c38d18e2ffb56d10f927f4625bd0a2bb0d45ac,154661.88,64528,6,170,2024-07-05,07133cebd2a86193467e2875fe04e896af9affd1,build_log,,True
kafka,PR-16524,trunk,3,17260.0,1720237997.0,UNSTABLE,d336afc669bef63c914d0dc3a60c6014dbcd3b62,145171.16,64546,9,170,2024-07-05,07133cebd2a86193467e2875fe04e896af9affd1,build_log,,True
kafka,PR-16538,trunk,1,8436.0,1720238328.0,UNSTABLE,216e6bc7f0e98c69fe7733eef1c1d2405ee3c425,56597.54,64539,3,151,2024-07-05,07133cebd2a86193467e2875fe04e896af9affd1,build_log,,True
kafka,PR-16475,trunk,10,20992.0,1720253548.0,UNSTABLE,2e38fd5f38631babea944258ebb819f68ecdd45e,153563.47,64555,7,161,2024-07-06,79244fe2353107a4c0a96ce034c7e38293778314,build_log,,True
kafka,PR-16488,trunk,8,14992.0,1720339300.0,UNSTABLE,0ab7845bf243d680624b3c68af9677b98675ab8b,143209.05,64523,4,170,2024-07-07,79244fe2353107a4c0a96ce034c7e38293778314,build_log,,True
kafka,PR-16497,trunk,5,18032.0,1720403564.0,UNSTABLE,3a3d6e5f16657431b9e90baea0158b5bd69e52b1,204012.31,64505,51,170,2024-07-07,a533e246e3ed5f6f6c5be4ebf9d29ae75cab557e,build_log,,True
kafka,PR-16545,3.8,2,13780.0,1720426199.0,UNSTABLE,0bcebe0f96492a63ccfd36f9555a24039f2d81cd,92437.734,63792,1,159,2024-07-08,c8f88ed3ab3295f464cc549b6d500ccad69772a8,build_log,,True
kafka,PR-15756,trunk,9,16049.0,1720443833.0,UNSTABLE,622ebad5d58962ac37e528445c0de516e600cebd,122415.875,64578,9,161,2024-07-08,a533e246e3ed5f6f6c5be4ebf9d29ae75cab557e,build_log,,True
kafka,PR-16546,trunk,1,20139.0,1720444013.0,UNSTABLE,f24e5ec5621d8901adba276b4bbf5e7639f37960,230374.5,64528,26,172,2024-07-08,a533e246e3ed5f6f6c5be4ebf9d29ae75cab557e,build_log,,True
kafka,PR-16532,trunk,4,18701.0,1720444114.0,UNSTABLE,12784e165a789c5facc4ba493dd4b7d9e7f5f4be,165745.97,64528,3,170,2024-07-08,a533e246e3ed5f6f6c5be4ebf9d29ae75cab557e,build_log,,True
kafka,PR-16550,trunk,1,18209.0,1720446468.0,UNSTABLE,7f84a4e2dc47f6b6742edb8cce479cd72837183f,138795.52,64567,24,160,2024-07-08,a533e246e3ed5f6f6c5be4ebf9d29ae75cab557e,build_log,,True
kafka,PR-16530,trunk,6,21178.0,1720447752.0,UNSTABLE,6865435e3b501566780c8787e0199eca3652dfd4,158564.28,64594,18,161,2024-07-08,a533e246e3ed5f6f6c5be4ebf9d29ae75cab557e,build_log,,True
kafka,PR-16525,trunk,8,20950.0,1720448624.0,UNSTABLE,82d48bd7f72a2c772fc829a17d414bfa69ee9428,211037.25,64533,10,169,2024-07-08,a533e246e3ed5f6f6c5be4ebf9d29ae75cab557e,build_log,,True
kafka,PR-15999,trunk,35,6175.0,1720483878.0,UNSTABLE,6deb95c345b764305c12601aee692d2957f0ea66,54662.867,64613,6,151,2024-07-08,25230b538841a5e7256b1b51725361dd59435901,build_log,,True
kafka,PR-15475,trunk,11,17970.0,1720484469.0,UNSTABLE,14844ad7e1994e21c80422a96b6ac3afcbf37609,110469.76,64606,9,161,2024-07-08,25230b538841a5e7256b1b51725361dd59435901,build_log,,True
kafka,PR-16539,trunk,3,15910.0,1720493550.0,UNSTABLE,739986f1892edb8f8355c18631f2275f96c39473,123184.15,64582,7,161,2024-07-08,25230b538841a5e7256b1b51725361dd59435901,build_log,,True
kafka,PR-16552,trunk,1,19538.0,1720509646.0,UNSTABLE,285030141b4e7d53052519032d0a662a1e01e8ec,98830.93,64669,6,159,2024-07-09,67e68596329df1d990310f02767a47512a44d568,build_log,,True
kafka,PR-14372,trunk,7,15572.0,1720520985.0,UNSTABLE,a358547431b9ed75a354e36a0eac6ff934593ce3,153925.94,64636,5,170,2024-07-09,67e68596329df1d990310f02767a47512a44d568,build_log,,True
kafka,PR-16553,trunk,3,16536.0,1720525140.0,UNSTABLE,8dd95af363c3a822f1efd191c1a2b4175bbe6bbd,141798.61,64594,82,179,2024-07-09,0781151794c8468e686b75cdd8ae0b6d16399cdf,build_log,,True
kafka,PR-16555,3.8,2,10006.0,1720541414.0,UNSTABLE,badb649ff3cd649ed5526d152e665cb351c4212b,65803.41,63802,24,151,2024-07-09,1dd93857943f622d82c07f89fc1355fd01f32457,build_log,,True
kafka,PR-16551,offsets-api-integration-test-wait-for-consumer-groups,5,17825.0,1720544828.0,UNSTABLE,db3c0815be5a3148971b5346f817b3d81b2b8b19,136012.36,64332,6,161,2024-07-09,1c443c4301c0a34c98b60feb6608932b1d91e99f,build_log,,True
kafka,PR-16132,trunk,7,19126.0,1720548803.0,UNSTABLE,7aa30d9292193d2221fb15d293447f34251db69c,179957.78,64707,8,171,2024-07-09,cfc7bb90ae40669d6eb284ae1987ce93b14990f4,build_log,,True
kafka,PR-16426,trunk,13,15953.0,1720568943.0,UNSTABLE,a215cca61bd47b740afb299dce8ad3a634dee640,160374.19,64665,10,170,2024-07-09,43676f7612b2155ecada54c61b129d996f58bae2,build_log,,True
kafka,PR-16562,trunk,1,20949.0,1720597019.0,UNSTABLE,59d711b3dd58ce192cbf6244bbd7df7e6f2d1fae,168005.94,64694,5,171,2024-07-10,0b11971f2c94f7aadc3fab2c51d94642065a72e5,build_log,,True
kafka,PR-16506,trunk,3,18375.0,1720609276.0,UNSTABLE,705f445891b1903d7ac7466f3934c36c14c4c976,163107.7,64697,10,167,2024-07-10,0b11971f2c94f7aadc3fab2c51d94642065a72e5,build_log,,True
kafka,PR-16486,trunk,11,20082.0,1720616599.0,UNSTABLE,73bece1a4b8e0a3caecf1fc2b5a83a34817eee18,192866.9,64711,11,170,2024-07-10,0b11971f2c94f7aadc3fab2c51d94642065a72e5,build_log,,True
kafka,PR-16519,trunk,12,21258.0,1720618996.0,UNSTABLE,441425fa900b9b477486c4523bdea0261b5f604d,153528.08,64716,9,162,2024-07-10,0b11971f2c94f7aadc3fab2c51d94642065a72e5,build_log,,True
kafka,PR-16541,trunk,3,20824.0,1720624703.0,UNSTABLE,f3670dd60a038d663a3ba4a7c7a36b76639d96f6,111711.734,64703,3,161,2024-07-10,0b11971f2c94f7aadc3fab2c51d94642065a72e5,build_log,,True
kafka,PR-16561,trunk,2,17204.0,1720626724.0,UNSTABLE,58f0210684bcaad6f0983045b7d1b76d2ccc5a54,185119.44,64704,11,171,2024-07-10,0b11971f2c94f7aadc3fab2c51d94642065a72e5,build_log,,True
kafka,PR-16501,trunk,17,16335.0,1720627811.0,UNSTABLE,ba3713b2b4af6c7e7b14e74bf55b034939724f48,185238.53,64705,12,171,2024-07-10,0b11971f2c94f7aadc3fab2c51d94642065a72e5,build_log,,True
kafka,PR-16421,trunk,12,15522.0,1720630369.0,UNSTABLE,f4bd3ccfe123100431bbad0610f52b37c1ab6b9a,126565.59,64731,11,160,2024-07-10,406d4c5ef9710d55063e83512ee6a7046a3110c3,build_log,,True
kafka,PR-16230,trunk,5,16701.0,1720636751.0,UNSTABLE,07d7055e0b90bf39599d593ef451301ce70b3037,149936.78,64716,54,164,2024-07-10,25d775b742406477a0ff678b9990ed149d2157cc,build_log,,True
kafka,PR-16568,3.8,1,20967.0,1720644731.0,UNSTABLE,2f17eb27773fa2ae2efcb148e81ab20c1649ddd5,186542.45,63802,15,167,2024-07-10,4ecbb75c1fc023ebbab52f4ba33053e9b5a4c28a,build_log,,True
kafka,PR-16346,trunk,5,16539.0,1720644907.0,UNSTABLE,dddf82d34ed6e30e3250781e47c6764dcb9f1e3c,139913.38,64731,9,170,2024-07-10,25d775b742406477a0ff678b9990ed149d2157cc,build_log,,True
kafka,PR-16221,trunk,4,16392.0,1720670135.0,UNSTABLE,7f5b063ff231e1a29d5da73f9601f8430f4c3d01,92305.05,64728,3,160,2024-07-10,ede289db93f6d191319ec03af69542b44be34953,build_log,,True
kafka,PR-16565,trunk,2,17820.0,1720673243.0,UNSTABLE,f28e86feb2df203f26dff54d1baeecb3e7f87f8a,172607.36,64726,8,171,2024-07-10,ede289db93f6d191319ec03af69542b44be34953,build_log,,True
kafka,PR-16570,3.8,1,16335.0,1720692006.0,UNSTABLE,d651c66be582078c948c6f241e94e3027937a32f,155463.73,63789,4,168,2024-07-11,4ecbb75c1fc023ebbab52f4ba33053e9b5a4c28a,build_log,,True
kafka,PR-16542,3.8,3,15469.0,1720700389.0,UNSTABLE,d0ce4edb2064ff12104ee73629f209cce550411e,157215.61,63794,10,167,2024-07-11,4ecbb75c1fc023ebbab52f4ba33053e9b5a4c28a,build_log,,True
kafka,PR-16571,trunk,1,18711.0,1720703819.0,UNSTABLE,aff6edea86938fa16469f695c50774b6c650dcdd,172652.34,64736,8,170,2024-07-11,3f43d27483433aa768c12a39a4ee285323b16878,build_log,,True
kafka,PR-16490,trunk,9,19510.0,1720712706.0,UNSTABLE,d055ee970c7c617501f1d38f03fc0fcb5ca45e64,133621.22,64738,11,161,2024-07-11,3f43d27483433aa768c12a39a4ee285323b16878,build_log,,True
kafka,PR-16572,trunk,1,18057.0,1720713154.0,UNSTABLE,70d7984d971c33f4f635896f97f014ce21d6c8ea,111047.45,64732,16,161,2024-07-11,a0309be7f4d1aa641a5657e3ccc430ab5fe17c16,build_log,,True
kafka,PR-16573,trunk,1,9401.0,1720713832.0,UNSTABLE,c3846afca7e86f864fc06c47b6cafc9b7cd80b52,64379.83,64793,7,151,2024-07-11,a0309be7f4d1aa641a5657e3ccc430ab5fe17c16,build_log,,True
kafka,PR-16461,trunk,8,16661.0,1720717215.0,UNSTABLE,53ddc94bb767ef5a6f0816596911667c91a4769e,165799.12,65294,8,169,2024-07-11,a0309be7f4d1aa641a5657e3ccc430ab5fe17c16,build_log,,True
kafka,PR-16574,trunk,1,19534.0,1720719271.0,UNSTABLE,f634e636af9c0d60f46801a4212540bd31be90be,138356.02,64749,17,161,2024-07-11,e118811da3d331faae8626ade8df3b9b45dd92b1,build_log,,True
kafka,PR-16575,trunk,2,6374.0,1720722531.0,UNSTABLE,e928c6b27c2394983e7ca2d22825fb7de0edcfde,54752.617,64737,5,153,2024-07-11,e118811da3d331faae8626ade8df3b9b45dd92b1,build_log,,True
kafka,PR-16529,trunk,7,9740.0,1720739618.0,UNSTABLE,72d5f8d015b428dfed5612d9c8122b6e88c89e0f,65635.11,64742,7,151,2024-07-11,ec9dabf86fd0ddd006cf26cd5d4dc967fdd6826f,build_log,,True
kafka,PR-16559,trunk,6,21716.0,1720748271.0,UNSTABLE,8e4b9172697f189a8212edae6929580dbc2901cc,221798.28,64760,14,171,2024-07-11,ec9dabf86fd0ddd006cf26cd5d4dc967fdd6826f,build_log,,True
kafka,PR-16577,trunk,1,15828.0,1720771331.0,UNSTABLE,6120ee0d45b675bba1ef7d89f7f94fb6908a656a,101012.26,64739,8,161,2024-07-12,01cf24a1ca6a719b31e779c3fdb8dd149938952c,build_log,,True
kafka,PR-16569,trunk,2,17081.0,1720799567.0,UNSTABLE,7cf36492b1333afb6502989cd4a0e3bbff81e1eb,177147.52,64724,11,171,2024-07-12,0ada8fac6869cad8ac33a79032cf5d57bfa2a3ea,build_log,,True
kafka,PR-15918,trunk,9,16297.0,1720809268.0,UNSTABLE,35a208ec96620d7154f4a3211344226ac2f4cd13,152918.78,64731,6,171,2024-07-12,0ada8fac6869cad8ac33a79032cf5d57bfa2a3ea,build_log,,True
kafka,PR-16518,trunk,15,15949.0,1720817007.0,UNSTABLE,ce227921bfa3ab381e7a40ff006160a9a69e351b,94060.18,64744,4,163,2024-07-12,0ada8fac6869cad8ac33a79032cf5d57bfa2a3ea,build_log,,True
kafka,PR-16581,trunk,2,17091.0,1720817744.0,SUCCESS,73db945dcb6b8e863a77aee938d297e72e7f6e05,95293.4,64750,0,161,2024-07-12,7495e70365ebeba4806fc4da23c2ca75fa191649,build_log,,True
kafka,PR-16586,trunk,1,21335.0,1720821646.0,UNSTABLE,f7ca9bfee59f5a7b9b98b8cea6a106b5301e4ca2,265280.3,64747,16,171,2024-07-12,7495e70365ebeba4806fc4da23c2ca75fa191649,build_log,,True
kafka,PR-16563,trunk,11,5795.0,1720846285.0,UNSTABLE,60a0a4e7f20e34e482263005c1108a711890d910,49561.516,64775,6,154,2024-07-12,7495e70365ebeba4806fc4da23c2ca75fa191649,build_log,,True
kafka,PR-16564,trunk,3,22248.0,1720854326.0,UNSTABLE,0e3d71128737f1f4b21909471a94e000ca912430,242298.0,64750,20,171,2024-07-13,7495e70365ebeba4806fc4da23c2ca75fa191649,build_log,,True
kafka,PR-16566,trunk,5,18767.0,1720860083.0,UNSTABLE,2e901ae1dafba4f3474a742153546c4c9150e5af,164327.45,64775,5,170,2024-07-13,83081652abe3a7c836efe21cdfa52f2c0063953f,build_log,,True
kafka,PR-16589,trunk,1,17004.0,1720955823.0,UNSTABLE,dbe8f0cf145d60d6efbc092cf52b996ae02ddff5,149410.42,64778,7,161,2024-07-14,e104974b742c13fc238d438cd9ece576fa99e9de,build_log,,True
kafka,PR-16591,trunk,1,16483.0,1720962550.0,UNSTABLE,472500ee701c46d77066205dbceb8f238624386c,163603.12,64780,10,171,2024-07-14,e104974b742c13fc238d438cd9ece576fa99e9de,build_log,,True
kafka,PR-16582,trunk,6,21678.0,1720971103.0,SUCCESS,f4686ba9ea02aeadfa3a1ef327c313a6b74ad0c0,48607.043,28980,0,0,2024-07-14,e104974b742c13fc238d438cd9ece576fa99e9de,build_log,,True
kafka,PR-16549,trunk,3,14906.0,1721010503.0,UNSTABLE,8292fd9f66855d0bfc57239f5f53fe3e3bb06478,148596.34,64771,4,170,2024-07-14,2cf1ef99d7a76b4d53ec0d1a2f5a7be181274456,build_log,,True
kafka,PR-16593,3.8,1,18433.0,1721029800.0,UNSTABLE,f05e1678f7f73aae51695ea40da3a16ad2d0a260,229625.38,63800,12,169,2024-07-15,7d9b8e460445dbb074e9ccc3bf89535fa94b4d6d,build_log,,True
kafka,PR-16578,trunk,2,18206.0,1721039546.0,UNSTABLE,5228b017031701845e3630186f2059c7c43063fb,159972.77,64777,11,169,2024-07-15,15eb555b031b87ba29d4ca776192b166a630f5e0,build_log,,True
kafka,PR-16557,trunk,6,6500.0,1721056904.0,UNSTABLE,c753806a13d19486805621f9bc279709834d8b45,53614.824,64908,3,151,2024-07-15,3a442ffe32ba38c0fcde329851dc9bad2bf560a2,build_log,,True
kafka,PR-16588,trunk,4,21461.0,1721057596.0,UNSTABLE,6a73114b334b3672f37a8b9f4a40a0c6620fb115,227625.12,64860,12,171,2024-07-15,3a442ffe32ba38c0fcde329851dc9bad2bf560a2,build_log,,True
kafka,PR-16597,trunk,1,17915.0,1721078567.0,UNSTABLE,b4a3bdb070863a32461dad1ae158dc5fe1d5fb63,150229.17,64931,12,161,2024-07-15,20ee83c462f544d73518bd7ee05d21d971c56f24,build_log,,True
kafka,PR-16598,trunk,1,16288.0,1721080096.0,UNSTABLE,b7cda81773dafc3a11ef269cd490b8f855282195,136853.33,64908,10,161,2024-07-15,79ab5074e7a3c1cb7ef9e8e3f373d7312f1faf60,build_log,,True
kafka,PR-16451,trunk,12,10281.0,1721106878.0,UNSTABLE,72bb5dc5498160afc154dacaf93ee61c96185dad,75892.96,64917,22,151,2024-07-16,808498e9391dab292a7ccd8a0bf3713f444f9d2f,build_log,,True
kafka,PR-16502,trunk,7,19384.0,1721113774.0,UNSTABLE,d046d385c936274aed3326aeb5aed13835729938,182815.08,64920,15,171,2024-07-16,808498e9391dab292a7ccd8a0bf3713f444f9d2f,build_log,,True
kafka,PR-16449,trunk,15,19013.0,1721134581.0,UNSTABLE,2218e7dcd9a74167c3eaa5a81d96bd186b88d38e,148858.08,65483,11,161,2024-07-16,1e16e16f64709bdbd2234cce171608e2cc0ed56b,build_log,,True
kafka,PR-16605,trunk,1,16811.0,1721149644.0,UNSTABLE,b6cfd69285a5e7c2608df63a890978dde1d3a81d,131646.34,65490,11,161,2024-07-16,4d3e366bc2487ca0c2321e6e6d7786fb6ed0efa5,build_log,,True
kafka,PR-16560,trunk,6,17991.0,1721194374.0,UNSTABLE,43a605f9b9e8aeb50ed00beba3308fa646e62312,175996.81,65491,9,170,2024-07-17,177b38ad66daef4d62c8b5fe5ba88ba8a5eaa5f4,build_log,,True
kafka,PR-16494,trunk,14,20321.0,1721198663.0,UNSTABLE,45352f69d518409c61795e1a32b1262a2ab81123,271962.34,65535,24,169,2024-07-17,177b38ad66daef4d62c8b5fe5ba88ba8a5eaa5f4,build_log,,True
kafka,PR-16607,trunk,3,20860.0,1721207022.0,UNSTABLE,331995d532d3a6829b004e3ce71c7a334c807fd3,119132.016,65521,7,166,2024-07-17,177b38ad66daef4d62c8b5fe5ba88ba8a5eaa5f4,build_log,,True
kafka,PR-16611,trunk,1,18316.0,1721213462.0,UNSTABLE,642fa04d1c1d74e30117dc2abee6f477e8a8da64,137734.61,65500,11,161,2024-07-17,177b38ad66daef4d62c8b5fe5ba88ba8a5eaa5f4,build_log,,True
kafka,PR-16612,trunk,1,15993.0,1721218062.0,UNSTABLE,706c125998aa43c93e9c40a7ab47c3100c0fc8ba,116005.57,65495,6,161,2024-07-17,24ed31739e2efc337f53040366c38dedae543308,build_log,,True
kafka,PR-16580,trunk,19,20496.0,1721223322.0,UNSTABLE,9f88857ed6aff6856bdfcf0c074ae0abbfcc6ea9,135252.02,65531,13,160,2024-07-17,24ed31739e2efc337f53040366c38dedae543308,build_log,,True
kafka,PR-16608,trunk,4,17976.0,1721228199.0,UNSTABLE,240fd6434ef7a24686effa519607d3d9d24ebd3b,115349.01,65494,6,164,2024-07-17,ce0a4269c170df72a777c0d73225af3dad0bc68f,build_log,,True
kafka,PR-16616,3.7,1,17864.0,1721230849.0,UNSTABLE,a7d32265ee1fcaac972f93dd6f226fc02aa0c6ab,241540.62,111488,45,260,2024-07-17,67151c6022060996a5e54b209c75731dc5098cb9,build_log,,True
kafka,PR-16617,3.8,1,17328.0,1721231154.0,UNSTABLE,eedbdf5ce3b2310c552dc1266f1d9742889f9594,128892.18,63825,15,164,2024-07-17,f05e1678f7f73aae51695ea40da3a16ad2d0a260,build_log,,True
kafka,PR-16581,trunk,3,18278.0,1721233739.0,UNSTABLE,4497362033031cef34ccd23c3becedf2695ce6f6,123621.984,65506,11,160,2024-07-17,a66a59f427b30611175fd029d86832d00aa5aabd,build_log,,True
kafka,PR-16496,trunk,6,16384.0,1721240105.0,UNSTABLE,a95b93b3844403188c08c3da778a2f732fdc857d,124519.516,65524,18,161,2024-07-17,a66a59f427b30611175fd029d86832d00aa5aabd,build_log,,True
kafka,PR-16619,trunk,2,6112.0,1721248908.0,UNSTABLE,9ca7e3094abe038fa9c873c81073f2ef29cbd86e,53539.12,65537,6,151,2024-07-17,53ec055394d4ac1cffe23faec679b5cf5b234a15,build_log,,True
kafka,PR-16603,trunk,5,19508.0,1721266973.0,UNSTABLE,43ca95fb5c693cba785fa066603696eabeb2c93c,219301.83,65504,16,170,2024-07-17,9a9eb18beb2de1180237719cac9f026224abea17,build_log,,True
kafka,PR-16372,trunk,9,7425.0,1721267709.0,UNSTABLE,1f575ac1bf127300fdbd2c624def26e0f46dabe0,55545.617,65516,13,151,2024-07-17,9a9eb18beb2de1180237719cac9f026224abea17,build_log,,True
kafka,PR-16614,trunk,2,16980.0,1721280368.0,UNSTABLE,d34489ba827634a289a6da8b5ead2b0ddbfab697,99315.945,65504,12,160,2024-07-18,04d34f3676c5e760fc1adc01bd988dbdd219edde,build_log,,True
kafka,PR-16543,trunk,10,16926.0,1721280546.0,UNSTABLE,8584bb9cfaaa077edf65dfa315ef879e8b462d71,124071.414,65516,16,162,2024-07-18,04d34f3676c5e760fc1adc01bd988dbdd219edde,build_log,,True
kafka,PR-16558,trunk,6,15366.0,1721296609.0,UNSTABLE,03c3866a61a43ec58cd2c3a6a8a1740b7785b063,117506.51,65546,6,162,2024-07-18,04d34f3676c5e760fc1adc01bd988dbdd219edde,build_log,,True
kafka,PR-16622,trunk,1,16299.0,1721297373.0,UNSTABLE,5e39729bf27ad2d394caf6022e55095f4a333827,149477.25,65498,4,170,2024-07-18,c7c0de388970a2c201fa0557d19ed9ec6e7ecc73,build_log,,True
kafka,PR-16590,trunk,5,18016.0,1721298232.0,UNSTABLE,21e0e1a0334be1caa7abbae38da7a62a053749de,166696.17,65526,6,171,2024-07-18,94f5a4f63e7a385325fc9a0f7d592a417d25711f,build_log,,True
kafka,PR-16544,trunk,2,16351.0,1721309935.0,UNSTABLE,c546a4197e7fe40e0a816bbcb8d62cb781c00733,120000.016,65511,7,161,2024-07-18,f595802cc752ed01dc74e9ab932209fe25a9d10b,build_log,,True
kafka,PR-16540,trunk,10,20907.0,1721311654.0,UNSTABLE,4057113c0b55f86da3af849d6d180cbee039399f,171511.56,65502,5,169,2024-07-18,f595802cc752ed01dc74e9ab932209fe25a9d10b,build_log,,True
kafka,PR-16606,trunk,5,21511.0,1721313666.0,UNSTABLE,bbddd216ee80a11a06a1de6109a94192b0fda2b2,226955.56,65568,10,171,2024-07-18,f595802cc752ed01dc74e9ab932209fe25a9d10b,build_log,,True
kafka,PR-16623,trunk,3,9208.0,1721315525.0,UNSTABLE,631ed73763ead21e8dfb2b960b1ed9610c4988cb,64805.688,65547,14,151,2024-07-18,f595802cc752ed01dc74e9ab932209fe25a9d10b,build_log,,True
kafka,PR-16576,trunk,2,16120.0,1721319020.0,UNSTABLE,a7178ea3c13b47a7072c7b8dd632768740aa1ecc,108987.2,65510,9,160,2024-07-18,f595802cc752ed01dc74e9ab932209fe25a9d10b,build_log,,True
kafka,PR-16587,trunk,8,19774.0,1721351652.0,UNSTABLE,2d8e4545cf36aa07c92746c48f626cd53e80db84,206030.92,65535,9,170,2024-07-18,b4682da5aea4c6eda97f15bfef534762abeb5ef2,build_log,,True
kafka,PR-16624,trunk,3,21077.0,1721360511.0,UNSTABLE,bb7c862645f58c61defc0d5dd159fd0302334e4b,172719.14,65509,9,170,2024-07-18,66655ab49a9401a62e1e99e637e0c5bd5a1ba550,build_log,,True
kafka,PR-16609,trunk,2,19494.0,1721362482.0,UNSTABLE,1681c170fc4078689ccf7b63ad26b21ea356c410,202722.86,65530,14,171,2024-07-18,66655ab49a9401a62e1e99e637e0c5bd5a1ba550,build_log,,True
kafka,PR-16630,3.5,1,12140.0,1721362652.0,UNSTABLE,1e874b94caa765862d4a970f75b42614fabfd522,82507.22,68384,23,103,2024-07-18,f2e3335300e18f674ff2a617f93062589d128a2c,build_log,,True
kafka,PR-16093,trunk,63,20517.0,1721376469.0,UNSTABLE,8eb130092bf5b92f1039d986335151bbf08edff6,174152.55,65514,5,171,2024-07-19,66655ab49a9401a62e1e99e637e0c5bd5a1ba550,build_log,,True
kafka,PR-16528,trunk,2,21897.0,1721387640.0,UNSTABLE,f2a950fc223df61e39257ad8949cba24e5ad60ec,239233.08,65527,20,170,2024-07-19,f09ead14839877959a71aa4f43697a1a62132955,build_log,,True
kafka,PR-16635,trunk,1,17388.0,1721403631.0,UNSTABLE,371c8005e8bf4db809d59dd147fb8ccc6c6860ec,121960.48,65543,14,159,2024-07-19,f09ead14839877959a71aa4f43697a1a62132955,build_log,,True
kafka,PR-16509,trunk,3,23093.0,1721406059.0,UNSTABLE,0eb78299922ac5effea835896488cb0181eab4fe,155897.77,65536,8,161,2024-07-19,f09ead14839877959a71aa4f43697a1a62132955,build_log,,True
kafka,PR-16621,trunk,3,16602.0,1721407635.0,UNSTABLE,9747c21d1a884fbef0708eea24562051beff30b7,147807.19,65522,5,169,2024-07-19,f09ead14839877959a71aa4f43697a1a62132955,build_log,,True
kafka,PR-16636,trunk,1,17721.0,1721412209.0,UNSTABLE,b4033fb9eb98680f9a2ba519c67dddfd4fe57f44,169454.47,65524,6,168,2024-07-19,208bb1fbc22d32e2dc70cc9924be085c62997c65,build_log,,True
kafka,PR-16626,trunk,4,14485.0,1721427647.0,UNSTABLE,396b699431d59550b62a05b926be87e3c728b4d0,96191.64,63203,11,161,2024-07-19,208bb1fbc22d32e2dc70cc9924be085c62997c65,build_log,,True
kafka,PR-16639,trunk,2,16814.0,1721472961.0,UNSTABLE,7db0421ae4c5e698a9385e10f07682d3a0ef565f,159209.39,65529,9,171,2024-07-20,208bb1fbc22d32e2dc70cc9924be085c62997c65,build_log,,True
kafka,PR-16601,trunk,5,16056.0,1721489236.0,UNSTABLE,2c7b211f6010175ba6ddb078cce0f2fb1bf01d30,158206.6,65530,8,170,2024-07-20,208bb1fbc22d32e2dc70cc9924be085c62997c65,build_log,,True
kafka,PR-16640,trunk,1,17977.0,1721502100.0,UNSTABLE,f44bc25cfef4e154d76586d68f5f57358286d710,146614.58,65535,10,160,2024-07-20,208bb1fbc22d32e2dc70cc9924be085c62997c65,build_log,,True
kafka,PR-16618,trunk,6,19177.0,1721529719.0,UNSTABLE,b9c1625906527a01ea9c00da8c53d6d7bc268810,158108.08,65567,9,159,2024-07-20,208bb1fbc22d32e2dc70cc9924be085c62997c65,build_log,,True
kafka,PR-16642,trunk,1,18937.0,1721530105.0,UNSTABLE,816b390173b4e6f3da9d5aa7d36d3ff8f7e4ac12,170206.05,65527,11,171,2024-07-20,208bb1fbc22d32e2dc70cc9924be085c62997c65,build_log,,True
kafka,PR-16643,trunk,1,21219.0,1721540606.0,UNSTABLE,0c734faf9f7eee0d144576ade77efe007e75e4d1,193637.62,65518,9,171,2024-07-21,208bb1fbc22d32e2dc70cc9924be085c62997c65,build_log,,True
kafka,PR-16610,trunk,5,17450.0,1721544130.0,UNSTABLE,e278de39b922926ef702db0a6acb11464cf70b51,184072.97,65520,10,171,2024-07-21,0696fbc73242368e60a8f72dbf0e219f1c7662c5,build_log,,True
kafka,PR-16647,trunk,1,17198.0,1721593240.0,UNSTABLE,d34b9896356e5794d7cdee9f3c57fe61e11ae9ee,151150.92,65521,4,168,2024-07-21,7a8f89e0a074d11ab82c4a5bcde63db10d1e5407,build_log,,True
kafka,PR-16641,trunk,5,16121.0,1721636878.0,UNSTABLE,a7a1e6b40b940ba05b2cc475da439599bda666b4,102589.52,65528,5,163,2024-07-22,90b779b7bb8b813e52ea21ce88c209e71b475ec9,build_log,,True
kafka,PR-16019,trunk,56,20920.0,1721639189.0,UNSTABLE,8fe9465eaf9d916253b7b758d22b4db01ad69606,212062.75,65551,12,173,2024-07-22,90b779b7bb8b813e52ea21ce88c209e71b475ec9,build_log,,True
kafka,PR-16634,trunk,2,17536.0,1721640317.0,UNSTABLE,8097123dd09bb35600abf101300275ae55711441,176914.4,65545,7,172,2024-07-22,90b779b7bb8b813e52ea21ce88c209e71b475ec9,build_log,,True
kafka,PR-16633,trunk,2,16371.0,1721642054.0,UNSTABLE,739203536b01d9ba328bc5f0ee3747a75257f641,155997.42,65518,4,173,2024-07-22,90b779b7bb8b813e52ea21ce88c209e71b475ec9,build_log,,True
kafka,PR-16499,trunk,19,20144.0,1721642877.0,UNSTABLE,238d1a7f9b4844cc4de581bb0690719dc7553613,174893.3,65552,8,171,2024-07-22,90b779b7bb8b813e52ea21ce88c209e71b475ec9,build_log,,True
kafka,PR-16651,trunk,1,22117.0,1721648747.0,UNSTABLE,01113897c0f7596a213b04130b0c0fb154fbaafc,228998.44,65509,10,171,2024-07-22,90b779b7bb8b813e52ea21ce88c209e71b475ec9,build_log,,True
kafka,PR-16655,trunk,2,26419.0,1721664508.0,UNSTABLE,ed89697d0e1ed6235477326a9aedfe76f25288c7,210791.52,65539,30,165,2024-07-22,44a44b753f45bb5bba67812e59e1b21e930f4a9d,build_log,,True
kafka,PR-16500,trunk,9,18526.0,1721669851.0,UNSTABLE,446c0977d7a5006ed06a233d894c3f80e7d6fdc7,149057.23,63202,7,174,2024-07-22,98979e73841e9f2b9429e1c11ae63c448efc1957,build_log,,True
kafka,PR-16632,trunk,3,18130.0,1721680421.0,UNSTABLE,44423e3e3434f555e0656c86e21eb2e7b3bbbcc8,129925.195,65570,14,163,2024-07-22,9db5c2481f8cefb5ec9a97d6e715a350dbc929c7,build_log,,True
kafka,PR-16645,trunk,6,17588.0,1721697579.0,UNSTABLE,fdf0e50bcc04a90130d7157466a024533fba245a,139235.39,65600,9,163,2024-07-22,9db5c2481f8cefb5ec9a97d6e715a350dbc929c7,build_log,,True
kafka,PR-16656,trunk,3,16368.0,1721719447.0,UNSTABLE,5970c352a9d885fb5a4c8e39eae6231820554da1,150487.66,65558,7,173,2024-07-23,a5bfc2190c3448039c9361909e547f64f7fdb6e2,build_log,,True
kafka,PR-16615,trunk,6,15884.0,1721741782.0,UNSTABLE,d8c7e5bbebe139f498bcf7549a235726bf8236d2,177780.23,65571,16,171,2024-07-23,c71eb60a3b2e30cc376b81144cf9c2c411d8f28b,build_log,,True
kafka,PR-16657,trunk,5,15093.0,1721783480.0,UNSTABLE,d8e790ed20394ef14c4c3f4b752e4ab0d1d89ed9,167359.08,65562,9,170,2024-07-23,7efb58f3211cdc3bd0524a79f9b5ce4ef74a77b4,build_log,,True
kafka,PR-16638,trunk,3,20381.0,1721783733.0,UNSTABLE,abd34de73df3481e40da35cd575f5e4246d8bc64,214514.62,65593,26,163,2024-07-23,7efb58f3211cdc3bd0524a79f9b5ce4ef74a77b4,build_log,,True
kafka,PR-14717,trunk,12,18877.0,1721785151.0,UNSTABLE,78c332a643d3fb3405dbcd6854cc93e7944c27f0,102075.86,65567,4,160,2024-07-23,7efb58f3211cdc3bd0524a79f9b5ce4ef74a77b4,build_log,,True
kafka,PR-13817,trunk,47,27304.0,1721799965.0,UNSTABLE,d3321cad2e0121a5cbaa99a338f7592f4d6f0605,205554.14,65566,15,182,2024-07-24,7efb58f3211cdc3bd0524a79f9b5ce4ef74a77b4,build_log,,True
kafka,PR-16660,trunk,4,22328.0,1721809263.0,UNSTABLE,584b5e7c64ac52df32c2f6c2a292944a5a9d078f,187543.42,65569,10,170,2024-07-24,7efb58f3211cdc3bd0524a79f9b5ce4ef74a77b4,build_log,,True
kafka,PR-16663,trunk,6,23306.0,1721813546.0,UNSTABLE,b73f7acf8c10b20121d0006c91d219c292eb51f4,157276.94,65562,9,172,2024-07-24,539f466ccb112167b1b55a0bd3c67123aaae5f6a,build_log,,True
kafka,PR-16671,trunk,3,19747.0,1721820066.0,UNSTABLE,e63d849967a63d7c0375a44107b9c665936b80d6,110109.71,65568,3,163,2024-07-24,539f466ccb112167b1b55a0bd3c67123aaae5f6a,build_log,,True
kafka,PR-16677,3.7,2,23131.0,1721820845.0,UNSTABLE,55eef98c75df346dbaded771eb354c84cd45faa1,425394.84,111491,55,285,2024-07-24,3ccd01919852fe92902ff7ccb5146b735b7501ca,build_log,,True
kafka,PR-16679,trunk,2,21230.0,1721836081.0,UNSTABLE,2e6b50d5dcb407eef7180bf8aff0e02e387f9440,190163.53,65576,7,172,2024-07-24,a6b940760779cdd642b3b925ac5f1e20e6fc920e,build_log,,True
kafka,PR-16373,trunk,32,18170.0,1721846317.0,UNSTABLE,3cf8f651963d3aa4ae85caf0371fcc28ba46848f,169529.08,65643,20,163,2024-07-24,a38829e61b9b4f8efce7ac7e7ca47c86e240e790,build_log,,True
kafka,PR-16200,trunk,70,20697.0,1721846327.0,UNSTABLE,1f1bd7dd7ee59d0b194fe9d8290d9587b2df0b63,122143.305,65629,12,163,2024-07-24,a38829e61b9b4f8efce7ac7e7ca47c86e240e790,build_log,,True
kafka,PR-16670,trunk,5,18062.0,1721867245.0,UNSTABLE,dddafd89ebf67fda958c7d1c4868ee8beb2a2d14,239221.52,65660,21,170,2024-07-24,a38829e61b9b4f8efce7ac7e7ca47c86e240e790,build_log,,True
kafka,PR-16688,trunk,3,18302.0,1721884872.0,UNSTABLE,9489439b2b655399898c100dcbcca3b3802a51c7,169788.33,65617,8,169,2024-07-25,a38829e61b9b4f8efce7ac7e7ca47c86e240e790,build_log,,True
kafka,PR-16654,trunk,2,15980.0,1721896864.0,UNSTABLE,d4a32c112bde8a1868d31fa42a56fb5aedf8b96e,199415.28,65638,15,173,2024-07-25,437b86cd20ab500ee26e9555ad489f19fa8fb571,build_log,,True
kafka,PR-16674,trunk,3,15885.0,1721905067.0,UNSTABLE,58d6f8860a4aad859bd2de68987ce87ad67013bf,171154.02,65618,7,173,2024-07-25,ee03c5f98a622271f35f7d00776f9e8d3c8e0d39,build_log,,True
kafka,PR-16681,trunk,4,17297.0,1721911106.0,UNSTABLE,cfa811b37ed5743c2e4484947e83a39326de89df,187892.03,65625,5,173,2024-07-25,ee03c5f98a622271f35f7d00776f9e8d3c8e0d39,build_log,,True
kafka,PR-15502,trunk,2,15957.0,1721916862.0,UNSTABLE,5c2afccb4b7264c21df8007582803414693760ad,184643.75,65620,7,173,2024-07-25,ee03c5f98a622271f35f7d00776f9e8d3c8e0d39,build_log,,True
kafka,PR-16432,trunk,15,16101.0,1721917149.0,UNSTABLE,c4c781c4730afb1fd3f960bf545a7e13a9f036da,164521.98,65620,9,173,2024-07-25,ee03c5f98a622271f35f7d00776f9e8d3c8e0d39,build_log,,True
kafka,PR-16684,trunk,3,10293.0,1721921766.0,UNSTABLE,735f8e7131654dec934aa9435d761e71387bfe5b,68838.55,65636,19,153,2024-07-25,ee03c5f98a622271f35f7d00776f9e8d3c8e0d39,build_log,,True
kafka,PR-16183,trunk,21,17156.0,1721945239.0,UNSTABLE,22af8c7fa0f925144acf6483533abe849ef7c9db,188252.47,65662,7,173,2024-07-25,ee03c5f98a622271f35f7d00776f9e8d3c8e0d39,build_log,,True
kafka,PR-16692,trunk,2,14795.0,1722000127.0,UNSTABLE,e93b1f02310148db15f9e8020f811e9ba9386363,108930.31,65623,3,164,2024-07-26,738d8cc91e405be9af785d603d0ee279d83bc7d5,build_log,,True
kafka,PR-16668,trunk,3,6456.0,1722015095.0,UNSTABLE,808b68f607be93d7e68bb5cb46f2c645aaf540f3,53968.594,65632,2,153,2024-07-26,738d8cc91e405be9af785d603d0ee279d83bc7d5,build_log,,True
kafka,PR-16625,trunk,2,19549.0,1722019858.0,UNSTABLE,c0d3e8624132a6bd51e2f7a6b869730c2ba421af,223909.23,65654,14,173,2024-07-26,a0f6e6f816c6ac3fbbc4e0dc503dc43bfacfe6c7,build_log,,True
kafka,PR-16620,trunk,3,5650.0,1722021049.0,UNSTABLE,396b59bc63bdcd360773ac9a6f806055ad1a38c6,55704.285,65677,3,156,2024-07-26,a0f6e6f816c6ac3fbbc4e0dc503dc43bfacfe6c7,build_log,,True
kafka,PR-16683,trunk,4,15083.0,1722034712.0,UNSTABLE,6853743b31740cd549103790603e38f9b85ede6d,111230.12,65673,4,163,2024-07-26,a0f6e6f816c6ac3fbbc4e0dc503dc43bfacfe6c7,build_log,,True
kafka,PR-16701,trunk,1,15776.0,1722035208.0,UNSTABLE,01a25c2a854e75a495800872c2c58a16c6dbc7e1,104212.78,65649,6,162,2024-07-26,a0f6e6f816c6ac3fbbc4e0dc503dc43bfacfe6c7,build_log,,True
kafka,PR-16696,trunk,2,18622.0,1722039801.0,UNSTABLE,c21afb867e32ee86f51ee939eddf22022de0ff98,154733.19,65721,14,163,2024-07-26,da32dcab2c4abd5d12c928dfcb4a2f25a2891195,build_log,,True
kafka,PR-16698,trunk,2,14783.0,1722041591.0,UNSTABLE,7c5f614393389247e4555689fa74b48dd0b3faf0,107104.36,65684,5,164,2024-07-26,da32dcab2c4abd5d12c928dfcb4a2f25a2891195,build_log,,True
kafka,PR-16702,trunk,1,16635.0,1722046406.0,UNSTABLE,6cb93031592d97689cbb1c046b37e2fab1c98c6d,104327.29,65681,5,165,2024-07-26,da32dcab2c4abd5d12c928dfcb4a2f25a2891195,build_log,,True
kafka,PR-16682,trunk,3,5691.0,1722066957.0,UNSTABLE,879e3debf0fcc5f603971e70f9d8a8cfee300d34,50525.28,65691,3,154,2024-07-27,da32dcab2c4abd5d12c928dfcb4a2f25a2891195,build_log,,True
kafka,PR-16599,trunk,16,14861.0,1722094084.0,UNSTABLE,4545b2064f4af6942f85a2859c2f275b9f19c54f,100020.875,65707,3,163,2024-07-27,da32dcab2c4abd5d12c928dfcb4a2f25a2891195,build_log,,True
kafka,PR-16706,trunk,1,19057.0,1722168586.0,UNSTABLE,f7187a2f22fba2db3b63954552acefe8c52f8ecc,171655.48,65675,3,173,2024-07-28,da32dcab2c4abd5d12c928dfcb4a2f25a2891195,build_log,,True
kafka,PR-16699,trunk,4,17196.0,1722215100.0,UNSTABLE,916cf9a132f3c87ec97dc1ff1d1777ea2d147f44,210364.67,65680,13,173,2024-07-28,da8fe6355b345adb7455860f32e6b397c722c07a,build_log,,True
kafka,PR-16700,trunk,3,16541.0,1722215156.0,UNSTABLE,0f98821d28e47b3428c1416d5644a5f6ad71ab3b,162576.7,65679,6,173,2024-07-28,da8fe6355b345adb7455860f32e6b397c722c07a,build_log,,True
kafka,PR-16387,trunk,16,17594.0,1722239854.0,UNSTABLE,149a8754ac2b9a9639348b23e57ca27dbc0e941e,206438.34,65691,12,173,2024-07-29,da8fe6355b345adb7455860f32e6b397c722c07a,build_log,,True
kafka,PR-16693,trunk,7,16140.0,1722241942.0,UNSTABLE,122e9d08308e30eefab7b27f859aa4f5e60ed09e,188331.39,65691,8,171,2024-07-29,da8fe6355b345adb7455860f32e6b397c722c07a,build_log,,True
kafka,PR-16650,trunk,6,18679.0,1722250340.0,UNSTABLE,b7c906a2d87d73fbd13ebd7494ce1289f089764d,203071.28,65670,22,175,2024-07-29,4e69bc09e6b6f7ebc9985fde2180a9d396e19299,build_log,,True
kafka,PR-16714,trunk,1,23296.0,1722255286.0,UNSTABLE,c872e18c6fe9b901428a549f2473918532a81ce9,126628.66,65712,5,164,2024-07-29,4e69bc09e6b6f7ebc9985fde2180a9d396e19299,build_log,,True
kafka,PR-16716,trunk,3,17035.0,1722260674.0,UNSTABLE,b6aac751e31d2bc69864dd10f1406305fd49b1d5,134739.8,65689,9,163,2024-07-29,d260b061803e3b9a2b4a0414f9a4f44b1f8d8f46,build_log,,True
kafka,PR-16680,trunk,7,15353.0,1722260884.0,UNSTABLE,e4332949fc12d0e66ddc280ef13f34f4d70fa2cd,163283.81,65699,8,172,2024-07-29,d260b061803e3b9a2b4a0414f9a4f44b1f8d8f46,build_log,,True
kafka,PR-16711,trunk,2,19917.0,1722261701.0,UNSTABLE,541ec026cf65ef57db81070dce9071005e567fa2,180037.12,65688,14,173,2024-07-29,d260b061803e3b9a2b4a0414f9a4f44b1f8d8f46,build_log,,True
kafka,PR-16433,trunk,13,5744.0,1722262462.0,UNSTABLE,902ae9835040b78405c0826862780dd0ad13ad7b,60758.566,65722,7,153,2024-07-29,d260b061803e3b9a2b4a0414f9a4f44b1f8d8f46,build_log,,True
kafka,PR-16637,trunk,14,17903.0,1722267162.0,UNSTABLE,5eb8d65fdf73a66694b66cb0e7d16104d3322b21,138256.39,65676,9,163,2024-07-29,61f61d62403e6b547a3a333895395ceff6d7afe5,build_log,,True
kafka,PR-16710,trunk,3,16529.0,1722282168.0,UNSTABLE,c08613e5d0579cdadecfca4ec6096848a211f613,144485.75,65683,9,164,2024-07-29,2cf87bff9b6b5136a22539edf48b2d7cc668bdf9,build_log,,True
kafka,PR-16697,trunk,3,22737.0,1722286333.0,UNSTABLE,4a5a252b83313918de214dc33777b193f5223e13,286177.4,65718,32,172,2024-07-29,6ff51bc388dac55e04343fe4247b1080f1241dab,build_log,,True
kafka,PR-16678,trunk,4,23044.0,1722289352.0,UNSTABLE,8e3d0ffbe5df49d3b2c55435a2e739d53e25179b,311075.38,65702,32,173,2024-07-29,6ff51bc388dac55e04343fe4247b1080f1241dab,build_log,,True
kafka,PR-16721,trunk,1,16899.0,1722290991.0,UNSTABLE,f72c13dbefc4d7ae2fba06bc8acdccc3214712ed,185600.36,65676,4,173,2024-07-29,6ff51bc388dac55e04343fe4247b1080f1241dab,build_log,,True
kafka,PR-16666,trunk,3,15914.0,1722308285.0,UNSTABLE,27101e338bbd2418b0abc2405dbd37a7dc6500c4,202911.8,65680,11,170,2024-07-29,0ec520a2af05ecd6956b5e645e257d72ad5b8fbd,build_log,,True
kafka,PR-16726,trunk,1,15582.0,1722326165.0,UNSTABLE,a63b1485f93386f09dffc318d24769a40f069f77,110058.35,65697,3,163,2024-07-30,dcb331c6237375c82ea007c0c9ca4be8e83c5c3b,build_log,,True
kafka,PR-16728,trunk,2,16694.0,1722330874.0,UNSTABLE,c93f5b1098311d5bb8d18c89aac05ebb877a4aab,189319.83,65722,10,173,2024-07-30,dcb331c6237375c82ea007c0c9ca4be8e83c5c3b,build_log,,True
kafka,PR-16659,trunk,6,18338.0,1722340194.0,UNSTABLE,ae3fb8a6a4eb55064bd3846cb53b758caa6fcd86,133403.27,65775,12,165,2024-07-30,dcb331c6237375c82ea007c0c9ca4be8e83c5c3b,build_log,,True
kafka,PR-16730,trunk,1,16697.0,1722343366.0,UNSTABLE,56453c9557ca0617293b3865a6cf84f0e53a8206,105170.44,65704,5,164,2024-07-30,dcb331c6237375c82ea007c0c9ca4be8e83c5c3b,build_log,,True
kafka,PR-16725,trunk,2,20289.0,1722352005.0,UNSTABLE,6b7ee0ba0419f9c0293f16ecaff72c19378daf5a,252955.38,65736,30,173,2024-07-30,901c656a1da16c8473200c93e57991004fc1371d,build_log,,True
kafka,PR-16722,trunk,2,20296.0,1722352385.0,UNSTABLE,9484c5c50e870ca23c2187aefc39e3b23c6848df,159418.7,65727,13,163,2024-07-30,901c656a1da16c8473200c93e57991004fc1371d,build_log,,True
kafka,PR-16733,trunk,1,22818.0,1722361031.0,UNSTABLE,ab4427f13f00d2a8b8b3519fc9e28d9e8308bd19,236006.58,65727,16,172,2024-07-30,e299a006c8c0e4e78aa1082359b0054118f9ff15,build_log,,True
kafka,PR-16732,trunk,2,18537.0,1722361697.0,UNSTABLE,d6c5e6902a41d560fdbd2b91e93e7101852a1901,107823.95,65751,5,166,2024-07-30,89214d033ec2788ff23e4fad29a30ebdfb345f9f,build_log,,True
kafka,PR-16734,trunk,1,18150.0,1722363180.0,UNSTABLE,741e0e0833420d3402593d7a42b28e7af70f2124,140845.17,65752,5,163,2024-07-30,1084d3b9c95aecccbe3c82e84ae4c8f406fc68e1,build_log,,True
kafka,PR-16334,trunk,6,23165.0,1722369564.0,UNSTABLE,df93822e7818ae73914f3bd79e0c398e0731c5f7,236903.83,65732,6,173,2024-07-30,683b8a2beeb5a75ef0a2ac878cf5a963f9b9d915,build_log,,True
kafka,PR-16724,trunk,7,20638.0,1722374637.0,UNSTABLE,073f32ec28bf2424f7e677a2d5f1f2291a6c8726,182468.16,65724,5,171,2024-07-30,9e06767ffa80b26791c3bff6bc9b10b6612ce7d2,build_log,,True
kafka,PR-16737,trunk,1,25113.0,1722378895.0,UNSTABLE,7a99cbf94dd2584a86f6c04020be3c3edf86edb6,163281.72,65730,4,162,2024-07-30,9e06767ffa80b26791c3bff6bc9b10b6612ce7d2,build_log,,True
kafka,PR-16675,trunk,16,20259.0,1722381546.0,UNSTABLE,95870692de03fdccca4017e2cfa561b71063f41b,164168.48,65109,62,170,2024-07-30,9e06767ffa80b26791c3bff6bc9b10b6612ce7d2,build_log,,True
kafka,PR-16738,3.9,1,16137.0,1722386180.0,UNSTABLE,769f23a38d682cb894fd7d58d2b93e3ca4708c70,123599.74,65697,6,163,2024-07-30,0370a6464b0ace99a34e3a34a18596eaf57c4d54,build_log,,True
kafka,PR-16689,trunk,4,9494.0,1722389888.0,UNSTABLE,abf95194eb6f8b4069ad3046f613623a772d4714,59580.184,65769,14,153,2024-07-30,e9d810965876634968795dfd14008921aa21ea8e,build_log,,True
kafka,PR-16740,trunk,1,7470.0,1722399950.0,SUCCESS,1a27a8a573b75746b951ab7f83eb2671bf5de7c5,54145.387,65736,0,153,2024-07-30,e9d810965876634968795dfd14008921aa21ea8e,build_log,,True
kafka,PR-16736,trunk,3,6184.0,1722406250.0,SUCCESS,67c3aa6c7efbdd18062486077ecd460b56b5274b,45670.816,65746,0,153,2024-07-31,0dc9b9e4eec124df9f5c92b41db2b4fb7bd49600,build_log,,True
kafka,PR-16729,trunk,3,18093.0,1722408949.0,UNSTABLE,2b3be96777acf9eb31ca32d9b3072b36afa94e4a,202369.84,65679,74,171,2024-07-31,0dc9b9e4eec124df9f5c92b41db2b4fb7bd49600,build_log,,True
kafka,PR-16746,trunk,1,20226.0,1722411446.0,UNSTABLE,bfe81f06efcdb4e74f55c6a184e63af216c8a3eb,166835.92,65783,9,163,2024-07-31,fa682623b9ad593eb1886642f67ef6686c8a11d4,build_log,,True
kafka,PR-16747,trunk,1,19750.0,1722412565.0,UNSTABLE,70e09f821c3420e1a52200b82ff3dbda8f32fd48,223480.75,65765,7,173,2024-07-31,51c1e1e147272b84b8e338264ae16ad9a2ecbe67,build_log,,True
kafka,PR-16749,trunk,1,21550.0,1722415967.0,UNSTABLE,f13700f94a0f8dcdda1679d1cc7f4eb4ceb96526,128713.43,65795,6,164,2024-07-31,51c1e1e147272b84b8e338264ae16ad9a2ecbe67,build_log,,True
kafka,PR-16750,trunk,1,24231.0,1722424110.0,UNSTABLE,48e8061458fc6fd86a249c9160f516f02d698f89,199426.4,65780,18,173,2024-07-31,342bd2844fa8d4ec2fe52051102c96a0ec79a52d,build_log,,True
kafka,PR-15200,trunk,4,18184.0,1722435921.0,UNSTABLE,442ac27c2a53bb5304980c9efebb1186925215c3,211074.08,65769,8,172,2024-07-31,342bd2844fa8d4ec2fe52051102c96a0ec79a52d,build_log,,True
kafka,PR-16207,trunk,5,19518.0,1722437749.0,UNSTABLE,bd8ace766286e30362831a94fff915c00e5182b9,136037.72,65801,7,163,2024-07-31,342bd2844fa8d4ec2fe52051102c96a0ec79a52d,build_log,,True
kafka,PR-16300,trunk,35,24328.0,1722439058.0,UNSTABLE,0a86defb57993285f6cd309710910e357665a174,276148.16,65816,30,171,2024-07-31,342bd2844fa8d4ec2fe52051102c96a0ec79a52d,build_log,,True
kafka,PR-16755,trunk,1,19439.0,1722447705.0,UNSTABLE,bb43429e2abf235cc8383a759eb4edc188f2f797,176945.89,65768,4,171,2024-07-31,9d634629f29cd402a723d7e7bece18c8099065a4,build_log,,True
kafka,PR-16756,trunk,1,18361.0,1722450128.0,UNSTABLE,96e5b996af53dc68b33f670cb1a9da2e1ecf21a8,182741.53,65786,5,173,2024-07-31,9d634629f29cd402a723d7e7bece18c8099065a4,build_log,,True
kafka,PR-16686,trunk,13,7766.0,1722450453.0,SUCCESS,c3de041950486e31b00765d1897b5e4f6a7d157d,53835.47,65775,0,160,2024-07-31,08b3d9f37b0682078ac1d273497fb88cebfc9528,build_log,,True
kafka,PR-16583,trunk,4,18750.0,1722459988.0,SUCCESS,ed00a2e236219d3f0d5dbb924c04ba9302ac309a,43662.78,29040,0,0,2024-07-31,8d8c367066f59d888d6aa2011b840915cd07a3c2,build_log,,True
kafka,PR-16759,trunk,3,17696.0,1722464993.0,UNSTABLE,2c06d6a384a673b7514481c4c1ca0af13aabfe96,117867.03,65778,3,162,2024-07-31,8d8c367066f59d888d6aa2011b840915cd07a3c2,build_log,,True
kafka,PR-16741,trunk,2,16723.0,1722470341.0,UNSTABLE,63564a3b3111fa9b0eca40b0bbf1a0eba3e3c1bc,178843.4,65777,7,171,2024-07-31,f1ef7a5a9f87cda7ae1209fc2285259eba4204ca,build_log,,True
kafka,PR-16731,trunk,3,21520.0,1722475316.0,UNSTABLE,8e688cb764739f9586b2a54f9ca440a9fc29040c,315613.66,63535,33,170,2024-07-31,342bd2844fa8d4ec2fe52051102c96a0ec79a52d,build_log,,True
kafka,PR-16760,trunk,1,9017.0,1722476450.0,UNSTABLE,96cfd9f5dab8382ed3dac9fa04200987b58b0f64,68006.99,65797,5,153,2024-07-31,f1ef7a5a9f87cda7ae1209fc2285259eba4204ca,build_log,,True
kafka,PR-16764,trunk,1,21661.0,1722503711.0,UNSTABLE,581014cedcfc62a54a8e8125f9f42fd03a96713b,180767.3,65776,4,173,2024-08-01,ed179c8ba768f4ed6a015d706bb00acd39614ce0,build_log,,True
kafka,PR-16757,trunk,3,15493.0,1722511978.0,UNSTABLE,3b42104924a75d76747f14787c6d65d015577fab,121271.35,65786,5,163,2024-08-01,ed179c8ba768f4ed6a015d706bb00acd39614ce0,build_log,,True
kafka,PR-16748,trunk,5,21101.0,1722528772.0,UNSTABLE,bb23c18fa5c1a5554d6dda85fe2aa1599387089c,366686.25,65833,32,172,2024-08-01,ad605b7bae23e97c340778bbc1b2265f609b3771,build_log,,True
kafka,PR-16770,trunk,1,8817.0,1722531383.0,UNSTABLE,3134901429c3217b55fafba04e35c102678720ac,70610.08,65795,6,154,2024-08-01,7d88bde9a9a0000e69fe69baadd0859d594dc7a0,build_log,,True
kafka,PR-16653,trunk,17,11477.0,1722571399.0,UNSTABLE,9fb9757966e14aef9577921dca18ad3baef784fa,64446.637,65821,15,153,2024-08-01,704476885ffb40cd3bf9b8f5c368c01eaee0a737,build_log,,True
kafka,PR-16742,trunk,6,16859.0,1722572854.0,UNSTABLE,d7c3529dc98ff8a67c674523e2c2c28d5886697f,97559.664,65824,7,160,2024-08-01,704476885ffb40cd3bf9b8f5c368c01eaee0a737,build_log,,True
kafka,PR-16776,trunk,1,17285.0,1722588574.0,UNSTABLE,a79ccf296bf667c15d6ffb6b766a18df2be98230,132015.6,65839,5,163,2024-08-02,704476885ffb40cd3bf9b8f5c368c01eaee0a737,build_log,,True
kafka,PR-16762,trunk,2,19375.0,1722590700.0,UNSTABLE,9fbdab0ef025e698b2f986e9ce2046821cb55856,236389.98,65816,12,173,2024-08-02,704476885ffb40cd3bf9b8f5c368c01eaee0a737,build_log,,True
kafka,PR-16777,trunk,1,21991.0,1722592533.0,UNSTABLE,4aadda279e955927bc95d2ef4236144fb972ee22,211879.1,65845,24,164,2024-08-02,704476885ffb40cd3bf9b8f5c368c01eaee0a737,build_log,,True
kafka,PR-16627,trunk,14,18264.0,1722601453.0,UNSTABLE,343bf6c28b20b0cb3a990aa6f3519d9777137581,205619.03,65840,14,171,2024-08-02,704476885ffb40cd3bf9b8f5c368c01eaee0a737,build_log,,True
kafka,PR-16715,trunk,3,14097.0,1722611520.0,UNSTABLE,4af1a91a8d428c77fd85101247c0fe4c9203a4b2,103809.77,65817,7,161,2024-08-02,704476885ffb40cd3bf9b8f5c368c01eaee0a737,build_log,,True
kafka,PR-16763,trunk,7,17063.0,1722612034.0,UNSTABLE,465e28b03e4c59443cef5c110a6aeeb448e7ce53,127392.81,65824,7,162,2024-08-02,704476885ffb40cd3bf9b8f5c368c01eaee0a737,build_log,,True
kafka,PR-16771,trunk,2,25813.0,1722615768.0,UNSTABLE,c9556ee3ab78ac5a0dde3925bbcaf9163ab87a03,272637.22,65799,43,180,2024-08-02,704476885ffb40cd3bf9b8f5c368c01eaee0a737,build_log,,True
kafka,PR-16669,trunk,23,17326.0,1722618522.0,UNSTABLE,d8bb8ec3eb76c588f740d58b27350c5d715d4ea8,204696.98,65827,11,173,2024-08-02,16cc87753314823a39ef96024eda86e23b12abe1,build_log,,True
kafka,PR-16772,trunk,3,22601.0,1722622016.0,UNSTABLE,e7b2060c2283c18021ad544af33c6d86d2a9ec73,182934.36,65847,15,163,2024-08-02,5afdb17092f99d956bf65fcb543de0b15c04e01f,build_log,,True
kafka,PR-16745,trunk,8,18426.0,1722628426.0,UNSTABLE,646ca1e14448e8e0f8ef873b108579aafd1636a4,150550.0,65860,10,163,2024-08-02,5afdb17092f99d956bf65fcb543de0b15c04e01f,build_log,,True
kafka,PR-16720,trunk,4,15380.0,1722628893.0,UNSTABLE,1636ccafcdd95d21ece855bc16f080eea585a77c,154449.75,65808,9,169,2024-08-02,3922cadc5d2fb52bca150b09aac278b4dc450ec2,build_log,,True
kafka,PR-16781,trunk,2,9874.0,1722652339.0,UNSTABLE,83e5c3cce05598ded3d8c3a262a2f320e7309d29,68447.766,65840,5,153,2024-08-02,da14b5a61dc90fc70748278c98ce312a7a433c0d,build_log,,True
kafka,PR-16712,trunk,2,15998.0,1722654222.0,UNSTABLE,87aa3a70dff48c47edb529d1473a6d1c26f3d723,111757.87,65826,4,166,2024-08-02,da14b5a61dc90fc70748278c98ce312a7a433c0d,build_log,,True
kafka,PR-16780,trunk,3,17276.0,1722668652.0,UNSTABLE,0cbd114712f669a8ba1025a0be4935d4e239624c,110305.15,65851,4,167,2024-08-03,6e324487fa93c540ef611eb9c9694c464fdecd3c,build_log,,True
kafka,PR-14551,trunk,5,5646.0,1722713729.0,UNSTABLE,6c1463db3ad7bd1e754c9e7607638b9d712cdd87,49665.46,65879,5,153,2024-08-03,2c9d7afe4c60656d10f5b15367e3fb65173d0372,build_log,,True
kafka,PR-16691,trunk,5,17338.0,1722750086.0,UNSTABLE,10cca29b031a375e3eea9c6456448a5d88d56e80,140487.2,65867,8,164,2024-08-04,7c539f902983a76f14d0cd993e7d6dcbfdacd909,build_log,,True
kafka,PR-16752,trunk,5,19140.0,1722818272.0,UNSTABLE,372c1ca419c1bdd1b86cd25081f2a7af7a46a71d,110346.914,65858,3,170,2024-08-04,b3fd9a5a9517b3c72b6a83f6a7b20fcd7be37a95,build_log,,True
kafka,PR-16783,trunk,11,27625.0,1722825615.0,UNSTABLE,ce1e59d9763d03491a9709b3a8ae9653ad1e69a6,349525.22,65902,14,173,2024-08-04,b3fd9a5a9517b3c72b6a83f6a7b20fcd7be37a95,build_log,,True
kafka,PR-16723,trunk,2,17731.0,1722828677.0,UNSTABLE,66c04ca05e98278f9e4efdc6c0e6c393f7c25299,190709.61,65887,4,173,2024-08-04,0b78d8459cc8963ad9c324639f304277a76560ff,build_log,,True
kafka,PR-16793,3.8,1,13090.0,1722845548.0,UNSTABLE,01f42fc0e83728d21addc06ef643c402b448238e,92801.02,63799,4,160,2024-08-05,ae6f3180a2054dbf5acca0aefbf9fb6fe8df80b2,build_log,,True
kafka,PR-16794,3.7,1,16012.0,1722846373.0,UNSTABLE,88a693bc87925f1f353f1c71aa8bf5c760e786f4,347079.97,111503,42,276,2024-08-05,373f8e38069b7213326c5ea6d8b2173eab126fc8,build_log,,True
kafka,PR-16782,trunk,2,14907.0,1722848964.0,UNSTABLE,cd1a5c38ccf4c2197317b5b3814a1d4cf73d60b7,107566.59,65873,5,163,2024-08-05,a4277c661793994f008fd131e03afec57b78c2f7,build_log,,True
kafka,PR-16795,trunk,1,22495.0,1722857572.0,UNSTABLE,6d88bfb5f2c0de5a91359c6bb516d762bb2cd188,142815.44,65897,5,164,2024-08-05,a4277c661793994f008fd131e03afec57b78c2f7,build_log,,True
kafka,PR-16735,trunk,7,15172.0,1722861900.0,SUCCESS,e28c53727a9840e163cb3bb86a11dfadbac66ef0,108895.19,65907,0,164,2024-08-05,a4277c661793994f008fd131e03afec57b78c2f7,build_log,,True
kafka,PR-16789,trunk,4,17159.0,1722864289.0,UNSTABLE,751477caf19a2eec7203e339df6f14dd14aac746,105500.71,65872,3,163,2024-08-05,a4277c661793994f008fd131e03afec57b78c2f7,build_log,,True
kafka,PR-16785,trunk,3,20759.0,1722864906.0,UNSTABLE,203958f54a7c234e49ff5d8015f91768bebd3821,160563.4,65866,5,173,2024-08-05,a4277c661793994f008fd131e03afec57b78c2f7,build_log,,True
kafka,PR-16784,trunk,2,17224.0,1722864975.0,UNSTABLE,d9e2454924961376afeb9ff1f4f63a415a7e8d02,120115.82,65900,6,164,2024-08-05,a4277c661793994f008fd131e03afec57b78c2f7,build_log,,True
kafka,PR-16769,trunk,4,9962.0,1722872929.0,UNSTABLE,e6f6eac32a1870b520ba7f13c4b7697fb5409601,70320.3,65892,11,153,2024-08-05,736bd3cd093cd418b4fec5b583359884f23265ff,build_log,,True
kafka,PR-16797,trunk,1,19215.0,1722873436.0,UNSTABLE,304e6ed9ef0aaa8e057d89b574dece1773977479,209519.53,65886,7,173,2024-08-05,736bd3cd093cd418b4fec5b583359884f23265ff,build_log,,True
kafka,PR-16567,trunk,6,21261.0,1722887452.0,UNSTABLE,4a58348bb501271fad6e3ccfe3d81882a9692267,146665.25,65911,10,163,2024-08-05,8152ee6519f1c2d0608702000ed9c0b1162c447d,build_log,,True
kafka,PR-16798,trunk,1,21462.0,1722887542.0,UNSTABLE,76eca6b2b0d23762f0c16fff266bc00066249c19,277788.75,65924,16,173,2024-08-05,8152ee6519f1c2d0608702000ed9c0b1162c447d,build_log,,True
kafka,PR-16456,trunk,17,17824.0,1722887688.0,UNSTABLE,990699475ac51278680c60dca37235f29a15e7d0,166406.23,65944,7,173,2024-08-05,8152ee6519f1c2d0608702000ed9c0b1162c447d,build_log,,True
kafka,PR-16143,trunk,5,21103.0,1722888369.0,UNSTABLE,0b7ea69ac4ce765bbbd259fd1ef980a1da182d1b,225776.3,64572,209,166,2024-08-05,8152ee6519f1c2d0608702000ed9c0b1162c447d,build_log,,True
kafka,PR-16801,trunk,1,20344.0,1722888380.0,UNSTABLE,04f77e6e85c6f49744affeaef7e7d9dc7c526530,174634.73,65948,11,163,2024-08-05,8152ee6519f1c2d0608702000ed9c0b1162c447d,build_log,,True
kafka,PR-14783,trunk,31,18019.0,1722902770.0,UNSTABLE,be561e8e29f96bf94d0868177816701e6a6977f0,182778.72,66471,33,169,2024-08-05,8152ee6519f1c2d0608702000ed9c0b1162c447d,build_log,,True
kafka,PR-16652,trunk,6,16187.0,1722909127.0,UNSTABLE,035722c651a525152fe40cd8ba5bef348b95bc43,170103.0,65926,2,173,2024-08-05,8152ee6519f1c2d0608702000ed9c0b1162c447d,build_log,,True
kafka,PR-16803,trunk,1,18608.0,1722924191.0,UNSTABLE,eb0f3cd360c9db3a763ba6436781f32777ff92c2,207802.28,65919,8,173,2024-08-06,8152ee6519f1c2d0608702000ed9c0b1162c447d,build_log,,True
kafka,PR-16805,trunk,1,18366.0,1722929862.0,UNSTABLE,9577d3369e18c8b73bafcdadf71a38d96c0c062d,140722.28,65918,8,163,2024-08-06,5a602b2f86935f799e94918c7143820b3d46142f,build_log,,True
kafka,PR-16811,3.8,1,18190.0,1722949371.0,UNSTABLE,05de9ddb0371ec7051aefb5c663059cb4fab697d,170116.86,63796,4,169,2024-08-06,ecf30144e565932e4d1cede4a28eb122eb3bfeec,build_log,,True
kafka,PR-16767,trunk,4,21262.0,1722957157.0,UNSTABLE,92995ee81dd0beab62a70ba8f3cad5d422a15af9,204853.77,65944,6,171,2024-08-06,1db84c1a113cb3b115ff3565b5b368643338b6c9,build_log,,True
kafka,PR-16813,trunk,1,16151.0,1722958399.0,UNSTABLE,c0538f7e4c9079d6b048288530fb258e4a9845cb,162165.34,65925,12,172,2024-08-06,1db84c1a113cb3b115ff3565b5b368643338b6c9,build_log,,True
kafka,PR-16814,trunk,1,17276.0,1722969667.0,UNSTABLE,e4a16e04a024ffe46e33c1408b7996d32d15cd34,116013.375,65988,5,163,2024-08-06,5fac9057496ded1de838f6283aa7430b7794d354,build_log,,True
kafka,PR-16709,trunk,7,22462.0,1722971469.0,UNSTABLE,91bdbc1206539be7099b061b23fb20e777f32d80,232838.19,65963,14,173,2024-08-06,5fac9057496ded1de838f6283aa7430b7794d354,build_log,,True
kafka,PR-16815,trunk,1,14127.0,1722971978.0,UNSTABLE,02d2be9f8d962e62baf70fd4e2d499101b2861b2,98541.37,65967,2,163,2024-08-06,5596f9e1d561dfef46a83fbd7264e6745ca538cc,build_log,,True
kafka,PR-16773,trunk,7,20931.0,1722975212.0,UNSTABLE,143c92b48e8f28ad2fbb18d32041dc98d3be5f66,250124.36,65968,15,173,2024-08-06,5596f9e1d561dfef46a83fbd7264e6745ca538cc,build_log,,True
kafka,PR-16788,trunk,3,16750.0,1722981919.0,UNSTABLE,affa95386b76af15b1199f65c13e81e5de1b6829,188973.1,65966,4,173,2024-08-06,5596f9e1d561dfef46a83fbd7264e6745ca538cc,build_log,,True
kafka,PR-16809,trunk,2,10052.0,1722994315.0,UNSTABLE,339b8957dc66e68057d7acf6f715cb31901107dd,64280.094,65983,12,153,2024-08-06,6b5d172dcfa305dcd9c140be13cd65d4c5656761,build_log,,True
kafka,PR-16818,trunk,1,16741.0,1722995027.0,UNSTABLE,ba857cdb13f555f238ca86139a9250c160abcf19,167043.2,65959,7,173,2024-08-06,6b5d172dcfa305dcd9c140be13cd65d4c5656761,build_log,,True
kafka,PR-16766,trunk,5,5642.0,1723019535.0,UNSTABLE,6289a67ca62787230dc51bd23a63bf735dd9c908,52197.105,65990,3,154,2024-08-07,6b5d172dcfa305dcd9c140be13cd65d4c5656761,build_log,,True
kafka,PR-16819,trunk,2,14919.0,1723043956.0,UNSTABLE,230e9c4b1e5c25c888fe6762aa29e702d870cacc,100530.96,65990,9,163,2024-08-07,c2f53a97608683405897c3dcb3bd25a03ceb7dba,build_log,,True
kafka,PR-16827,trunk,2,8502.0,1723047759.0,UNSTABLE,89f571cf2552f0ad06a91a2d290638d08fd718f1,67823.3,66004,5,153,2024-08-07,837684a1b9b3bad244613211e90b67cf9170fb44,build_log,,True
kafka,PR-16522,trunk,7,21923.0,1723048669.0,UNSTABLE,205054f3b6986bc5b50cc092838e5547e3060b5c,219913.81,65999,44,165,2024-08-07,837684a1b9b3bad244613211e90b67cf9170fb44,build_log,,True
kafka,PR-16753,trunk,8,15326.0,1723049266.0,UNSTABLE,9407311ed26f4788ffba94523e56d63a2f79a7ae,134046.98,65981,7,163,2024-08-07,837684a1b9b3bad244613211e90b67cf9170fb44,build_log,,True
kafka,PR-16751,trunk,5,19598.0,1723059858.0,UNSTABLE,6f529d0d1cc062cce8c6e470c88c600fd6f1d9ce,214018.84,66048,14,172,2024-08-07,b9099301fbd0a5b35e46b4f9ac026263c753cce6,build_log,,True
kafka,PR-16830,trunk,2,15193.0,1723068630.0,UNSTABLE,12e8c1441df8f08f468333b47ae61a4e70b8c398,95038.53,65029,68,162,2024-08-07,b9099301fbd0a5b35e46b4f9ac026263c753cce6,build_log,,True
kafka,PR-16284,trunk,12,17991.0,1723078242.0,UNSTABLE,76ca67947555538900c764dfc502cc7c33bc2feb,214772.48,66007,9,173,2024-08-07,b9099301fbd0a5b35e46b4f9ac026263c753cce6,build_log,,True
kafka,PR-16765,trunk,12,22845.0,1723088961.0,UNSTABLE,e03e563502d0953e279becce148da5d977bba5cd,138764.02,65893,22,169,2024-08-07,786d2c9975c7715b4f9959c2d2d40cde66e08e65,build_log,,True
kafka,PR-16828,trunk,2,20607.0,1723108519.0,UNSTABLE,a4b1225a9c6a35fb8456e5f06612a4ff870bb338,184012.88,65985,7,173,2024-08-08,786d2c9975c7715b4f9959c2d2d40cde66e08e65,build_log,,True
kafka,PR-16807,trunk,2,18932.0,1723110096.0,UNSTABLE,a43c12445ecf915bef6f22db6f839cf095bf0216,139886.11,66021,8,163,2024-08-08,786d2c9975c7715b4f9959c2d2d40cde66e08e65,build_log,,True
kafka,PR-16727,trunk,8,8768.0,1723117523.0,UNSTABLE,31b0c2d6130c3db0545833ce1aff6c3727b24a2d,66231.805,66018,3,153,2024-08-08,164f89960575c4ac1acdc6408e650c1567ee9515,build_log,,True
kafka,PR-16825,trunk,2,16056.0,1723119718.0,UNSTABLE,047b24341e3d18e31f9196dae775ab4af4bd928a,175806.47,66019,6,172,2024-08-08,164f89960575c4ac1acdc6408e650c1567ee9515,build_log,,True
kafka,PR-16800,trunk,2,17578.0,1723122681.0,UNSTABLE,8e10d17192da37a589284a316cb54f16c2f90b3b,140429.45,66034,8,164,2024-08-08,164f89960575c4ac1acdc6408e650c1567ee9515,build_log,,True
kafka,PR-16704,trunk,5,9119.0,1723132453.0,UNSTABLE,105d3729b26a55069df0dc2012366b250522dddf,57190.547,66023,6,153,2024-08-08,0cbc5e083a936025a85f127102dc1032f6cf4fd9,build_log,,True
kafka,PR-16774,trunk,10,24141.0,1723134853.0,UNSTABLE,953ae021c93e619ef2f5d5120ed7f4e8ddcd4961,298620.75,65332,84,170,2024-08-08,3066019efa1cabe7fe52bb7ac663d4363bb9be84,build_log,,True
kafka,PR-16821,trunk,8,17422.0,1723135354.0,UNSTABLE,16835a47f3dc09af3deabe1fe5a444e0377a2a81,102834.67,66007,3,162,2024-08-08,3066019efa1cabe7fe52bb7ac663d4363bb9be84,build_log,,True
kafka,PR-16790,trunk,4,22124.0,1723141039.0,UNSTABLE,bedad171019edc3906b7e1b4ba0be1683be1f3ff,192532.42,61122,9,100,2024-08-08,4e862c0903195eb11a715271c29304d28036273d,build_log,,True
kafka,PR-16817,trunk,4,19372.0,1723144929.0,UNSTABLE,93654830a804dde207d9b390cec66e279fdb9d76,185546.0,61092,9,109,2024-08-08,4e862c0903195eb11a715271c29304d28036273d,build_log,,True
kafka,PR-16839,trunk,1,21155.0,1723150251.0,UNSTABLE,e350693058ffb5ddf2af3f4e45500f2c097c57ef,118201.36,61094,5,100,2024-08-08,e7317b37bf4a3ea5beaeb22a9b0707bdb16ebee7,build_log,,True
kafka,PR-16841,trunk,1,16336.0,1723158467.0,UNSTABLE,b6d843d47f507cd22b0a971e7c30fdf589ede6af,127573.66,66106,7,165,2024-08-08,6a44fb154d37d45fe9aeb050a6f1eb129c451f92,build_log,,True
kafka,PR-10967,trunk,10,23762.0,1723207234.0,UNSTABLE,0bcffb19017479937c242c21e1881782757328b1,285455.03,61070,25,172,2024-08-09,0a4a12fbc4df0ac4b141a869d3880b15b66a7759,build_log,,True
kafka,PR-15067,trunk,25,21277.0,1723209290.0,UNSTABLE,259751ae1fa4516ff1308b6ba006f6dc10b7e19e,228371.73,66156,16,173,2024-08-09,0a4a12fbc4df0ac4b141a869d3880b15b66a7759,build_log,,True
kafka,PR-16820,trunk,11,20113.0,1723212576.0,UNSTABLE,b662aa4c7fbf8b9bd4ac456a13df424591c1260e,283157.53,66136,38,173,2024-08-09,0a4a12fbc4df0ac4b141a869d3880b15b66a7759,build_log,,True
kafka,PR-16604,trunk,13,17176.0,1723218088.0,UNSTABLE,d6025612122b576463978abf8bcf97607af228bb,219391.44,66148,15,173,2024-08-09,0a4a12fbc4df0ac4b141a869d3880b15b66a7759,build_log,,True
kafka,PR-16846,trunk,1,15459.0,1723218384.0,UNSTABLE,c4037f59c07ea92ce73f5f201489d26f2eb6287d,120351.18,66139,13,160,2024-08-09,0a4a12fbc4df0ac4b141a869d3880b15b66a7759,build_log,,True
kafka,PR-16787,trunk,4,6305.0,1723225690.0,UNSTABLE,8bf6c147bfced73958b496069ee9d41addeb4059,52717.14,56149,18,89,2024-08-09,98cdf9717049e87ba34bb5161276577fcb8bd1c4,build_log,,True
kafka,PR-16672,trunk,6,16338.0,1723245762.0,UNSTABLE,9fe61b150785b275374ff6daa1ca516a4927a680,175485.39,66172,12,170,2024-08-09,98cdf9717049e87ba34bb5161276577fcb8bd1c4,build_log,,True
kafka,PR-16851,trunk,3,18238.0,1723334525.0,UNSTABLE,756792150bac2552b4a59df625dbf2df122e3f86,250729.81,66200,20,173,2024-08-10,5d66f8d88cc3121236287157a2d46856dbae4512,build_log,,True
kafka,PR-16822,trunk,3,16151.0,1723339843.0,UNSTABLE,fe3213612f3fcf7059807d89aab318f094888d6e,117216.664,61283,13,100,2024-08-10,5d66f8d88cc3121236287157a2d46856dbae4512,build_log,,True
kafka,PR-16687,trunk,10,17249.0,1723360032.0,UNSTABLE,2b1eb340a79d089330f3c3de757f078ca1fad7be,120326.02,66208,13,163,2024-08-11,5d66f8d88cc3121236287157a2d46856dbae4512,build_log,,True
kafka,PR-16492,trunk,2,15129.0,1723375161.0,UNSTABLE,d29220e1966de40e8d98ccfca7cb42cf517696c6,155709.69,66182,9,173,2024-08-11,5d66f8d88cc3121236287157a2d46856dbae4512,build_log,,True
kafka,PR-16855,trunk,2,16403.0,1723377365.0,UNSTABLE,b8bad98db150a429eca5ea53196ef476657fd9df,184719.6,66216,17,173,2024-08-11,49fc14f6116a697550339a8804177bd9290d15db,build_log,,True
kafka,PR-16856,trunk,1,15651.0,1723378008.0,UNSTABLE,9e48014ac6c937b5fc25c8de26a05cf74d74787c,112846.17,66204,15,162,2024-08-11,49fc14f6116a697550339a8804177bd9290d15db,build_log,,True
kafka,PR-16592,trunk,10,21294.0,1723378364.0,UNSTABLE,8b45b583dd1ee31fadd3886e5cc2c9f88fb4d04f,134163.77,61134,18,171,2024-08-11,49fc14f6116a697550339a8804177bd9290d15db,build_log,,True
kafka,PR-16708,trunk,7,17874.0,1723379472.0,UNSTABLE,fe7c3b2a0a644957026320e08a438bb23f032d36,142225.84,66193,20,163,2024-08-11,49fc14f6116a697550339a8804177bd9290d15db,build_log,,True
kafka,PR-16857,trunk,1,20846.0,1723389590.0,UNSTABLE,9fb2bd13dcc4d1dbbe01eb6c9bf071b31e2e5b3f,275789.75,56215,17,109,2024-08-11,49fc14f6116a697550339a8804177bd9290d15db,build_log,,True
kafka,PR-16838,trunk,3,17388.0,1723402860.0,UNSTABLE,a333843f85f47fb2e7d49f95d2832625cb9c5860,182070.98,66213,15,171,2024-08-11,49fc14f6116a697550339a8804177bd9290d15db,build_log,,True
kafka,PR-15838,trunk,5,16323.0,1723407631.0,UNSTABLE,4d0d0ef1910928f12944e4ef43ec05a7f1881d75,170612.55,66188,11,173,2024-08-11,49fc14f6116a697550339a8804177bd9290d15db,build_log,,True
kafka,PR-16832,trunk,4,18339.0,1723436215.0,UNSTABLE,a9a1b7a321b6f32945e8faf4f52abdd31438991a,193542.0,66186,5,173,2024-08-11,7c03c8f3abeba9a8bb06fe58d46ba34d60f756d0,build_log,,True
kafka,PR-16792,trunk,7,5815.0,1723448350.0,UNSTABLE,db0366b93837f3eea8599b0f2737d4da84a57358,53667.582,56247,7,91,2024-08-12,7c03c8f3abeba9a8bb06fe58d46ba34d60f756d0,build_log,,True
kafka,PR-16854,trunk,3,21334.0,1723448918.0,UNSTABLE,c674dfdaa3808f5760bb7abe6d5b6b2e60b337c3,190772.97,66234,8,171,2024-08-12,bbdf79e1b4ffd4960f42ec128edbced11349c538,build_log,,True
kafka,PR-16579,trunk,14,23146.0,1723454481.0,UNSTABLE,b3c5c2b0db81809cac8b3ffccb52d317ebff4916,149599.28,66252,19,163,2024-08-12,5d115fea3b6f2c97678f3fb232a6e6917570de67,build_log,,True
kafka,PR-16829,trunk,2,16194.0,1723457433.0,UNSTABLE,85438ae6a5440c8a306cf1e250615abbaa172f1e,111357.484,61287,10,100,2024-08-12,5d115fea3b6f2c97678f3fb232a6e6917570de67,build_log,,True
kafka,PR-16861,trunk,2,24948.0,1723466844.0,UNSTABLE,a13035c759f66e2a35c2f7ad19b8fd7f77b2d548,214835.97,61282,8,110,2024-08-12,f47b526eb4fe0e4bbf594c08f0e056d7aaaf8e8d,build_log,,True
kafka,PR-16847,trunk,3,17569.0,1723473402.0,UNSTABLE,d48e1e797caef3858a3eb8602b3168a0b8da58bc,118054.21,56229,11,100,2024-08-12,f47b526eb4fe0e4bbf594c08f0e056d7aaaf8e8d,build_log,,True
kafka,PR-16438,trunk,3,9992.0,1723474755.0,UNSTABLE,6027881f493691bf38d8c356cf919fa29128d0e4,55155.83,61375,7,94,2024-08-12,5b47975bb96325de65ba370c7412923ec00804a9,build_log,,True
kafka,PR-16628,trunk,10,25862.0,1723479940.0,UNSTABLE,2ea9f9a9e20c609bebfdc88ef789cfdfcccd587e,403683.16,66319,41,172,2024-08-12,b52469fa284279197f6c21cba606dcf6920f4b10,build_log,,True
kafka,PR-16863,trunk,2,16544.0,1723494310.0,UNSTABLE,9dde81a309862cf058e737a0cd731cad8f4b54b4,200104.17,66280,10,167,2024-08-12,df04887ba597941674a28d54bd35202bbd21631e,build_log,,True
kafka,PR-16167,trunk,34,6421.0,1723509508.0,UNSTABLE,ca373a7cbf4ac697ef625b23c1eb365c2253ca71,45779.098,61474,3,153,2024-08-12,bb0f4d5e117e5e1358dc2c5c38e4bb91eaa5367b,build_log,,True
kafka,PR-16594,trunk,3,18711.0,1723532095.0,UNSTABLE,2258207efd856193b66860422dd8bf7d8db82c20,157268.72,66280,14,158,2024-08-13,deab703e432656e89fca26f0149c44b2cea0f755,build_log,,True
kafka,PR-16836,trunk,7,17279.0,1723532639.0,UNSTABLE,4adb8de918cab8664e644d588ff29384188ec00b,163693.94,66294,5,169,2024-08-13,25b955ddf2253ce76354eee8705155e96ee003fa,build_log,,True
kafka,PR-16869,trunk,1,19301.0,1723534685.0,UNSTABLE,27dc03e8c111ad4dc03ce6e1de89ea7a3865efa7,153748.05,56283,20,104,2024-08-13,25b955ddf2253ce76354eee8705155e96ee003fa,build_log,,True
kafka,PR-16865,trunk,2,17001.0,1723534707.0,UNSTABLE,88e290c104d56c22ebf5f8dd0ad6491a73ef2930,179146.14,66266,6,168,2024-08-13,25b955ddf2253ce76354eee8705155e96ee003fa,build_log,,True
kafka,PR-16786,trunk,8,20288.0,1723540303.0,UNSTABLE,d09b05639063d20ff36e871423e73733f624c1e7,212590.08,66301,10,167,2024-08-13,25b955ddf2253ce76354eee8705155e96ee003fa,build_log,,True
kafka,PR-16835,trunk,5,24235.0,1723541047.0,UNSTABLE,92cfd8abf5c5edbf474fecfc2ea2669ac852fc31,153168.94,66295,11,160,2024-08-13,25b955ddf2253ce76354eee8705155e96ee003fa,build_log,,True
kafka,PR-16871,trunk,1,18614.0,1723551592.0,UNSTABLE,b3da634b964b415569f899358a14d832a2508e36,162389.69,66297,4,168,2024-08-13,03d1a736cb53d63e2d925e1d86020452685aca42,build_log,,True
kafka,PR-16664,trunk,20,19771.0,1723557861.0,UNSTABLE,2e5a3544174a3b6d27edfe526ceb66ba9430faa8,248760.45,66308,19,172,2024-08-13,dc636ea1ff030d2e37c07d637d6be61ea4f07327,build_log,,True
kafka,PR-16768,trunk,2,20020.0,1723558209.0,UNSTABLE,64bebc7a30733ed81e167eb091044f0fe89edc7d,178452.52,66272,8,173,2024-08-13,dc636ea1ff030d2e37c07d637d6be61ea4f07327,build_log,,True
kafka,PR-16867,trunk,3,21377.0,1723565139.0,UNSTABLE,b2831e1822bff4c111d7b10c1ee08f8b5d6620dc,116695.16,66540,4,161,2024-08-13,5b9cbcf886d0666849e81d0fbb8c19d3531c1143,build_log,,True
kafka,PR-16804,trunk,11,18514.0,1723596464.0,UNSTABLE,96378c27410dc2da637d14322b0633f78f5f29f7,210815.55,66495,7,169,2024-08-13,75bcb9eb42fb305bce0eecd4dda265f935cbd108,build_log,,True
kafka,PR-16875,trunk,1,17994.0,1723597560.0,UNSTABLE,f59c6a691a79ccfdaebdadb84e01108258ff1b6c,181446.11,66531,8,169,2024-08-13,75bcb9eb42fb305bce0eecd4dda265f935cbd108,build_log,,True
kafka,PR-16860,trunk,5,22503.0,1723620918.0,UNSTABLE,3d057be4f6e47329e09b3f7dc8d3905d2d2a98c0,199036.8,66586,7,177,2024-08-14,75bcb9eb42fb305bce0eecd4dda265f935cbd108,build_log,,True
kafka,PR-16859,trunk,8,14908.0,1723625069.0,UNSTABLE,e7545830c972be2f15b2ccb99ca385a34bd39e05,154972.0,66549,7,168,2024-08-14,75bcb9eb42fb305bce0eecd4dda265f935cbd108,build_log,,True
kafka,PR-16872,trunk,3,16523.0,1723631492.0,UNSTABLE,fae0a3ab307b612bfa710c9278f8044de48c7f3e,156971.6,66530,8,174,2024-08-14,75bcb9eb42fb305bce0eecd4dda265f935cbd108,build_log,,True
kafka,PR-16845,trunk,5,17623.0,1723640980.0,UNSTABLE,4a9fb187efcccc06429c3409023839648993969d,215926.28,66548,11,169,2024-08-14,d64f4b9cd044bd599a0bd35dc3d7226c3f2d70f1,build_log,,True
kafka,PR-16823,trunk,3,16648.0,1723642626.0,UNSTABLE,09ad61d893a0f55ee55e0c20642829e81de09881,154665.34,66553,2,168,2024-08-14,d64f4b9cd044bd599a0bd35dc3d7226c3f2d70f1,build_log,,True
kafka,PR-16881,trunk,1,18637.0,1723642920.0,UNSTABLE,3b53a9af155de371dc07946928742f04de317981,169988.27,66608,9,160,2024-08-14,3a0efa2845e6a0d237772adfe6364579af50ce18,build_log,,True
kafka,PR-16870,trunk,2,15694.0,1723645031.0,UNSTABLE,64624a28ef1a02b84232d0087d5f75df84f9afb9,106585.336,66572,4,160,2024-08-14,5dd4d84eecbff0ddc6d066941fca53f6e64dd275,build_log,,True
kafka,PR-16862,trunk,5,20836.0,1723664467.0,UNSTABLE,9788401b861bed618f306f2dd5ab9dde2cb4a98e,215899.19,66557,14,167,2024-08-14,5dd4d84eecbff0ddc6d066941fca53f6e64dd275,build_log,,True
kafka,PR-16703,trunk,10,20116.0,1723675800.0,UNSTABLE,7c2f3aa1f1206cab885e137b3464d6b92fde6ad9,239057.12,66559,10,167,2024-08-14,0f7cd4dcdeb2c705c01743927e36b66b06010f20,build_log,,True
kafka,PR-16775,trunk,5,16941.0,1723702906.0,UNSTABLE,05b28f547101862c0f07bef4833d1e7df904b625,177007.77,66550,6,167,2024-08-15,0f7cd4dcdeb2c705c01743927e36b66b06010f20,build_log,,True
kafka,PR-16886,trunk,1,16783.0,1723712235.0,UNSTABLE,045aef211a325d0a561df2e4915c5f3a63b25bbc,111152.95,66558,6,158,2024-08-15,0f7cd4dcdeb2c705c01743927e36b66b06010f20,build_log,,True
kafka,PR-16889,trunk,1,18332.0,1723721224.0,UNSTABLE,02725fe53f866825196b8e64e21d6dcbeeaa1e90,209788.22,66582,10,167,2024-08-15,b767c655279083c0a7e958e3f319fe2cead13ddc,build_log,,True
kafka,PR-16891,trunk,1,17878.0,1723728476.0,UNSTABLE,1147ecdf82aebaf2f548d038bf5c6093028624ba,205398.69,66558,7,167,2024-08-15,b767c655279083c0a7e958e3f319fe2cead13ddc,build_log,,True
kafka,PR-16894,trunk,1,18698.0,1723754289.0,UNSTABLE,85b5ed33f589fc9d7223ddb980a2633bf360e35d,194555.81,66573,7,167,2024-08-15,21dd5cd421139d6134d738d6e7555f0db6e1f622,build_log,,True
kafka,PR-16890,trunk,3,20267.0,1723757838.0,UNSTABLE,d5d5219afe4bb84ec2902f17ae1bffb02109a0b1,224274.7,66585,19,166,2024-08-15,011d35237c3454d24f1933791173ba211d037969,build_log,,True
kafka,PR-16884,trunk,3,21285.0,1723791242.0,UNSTABLE,677dd091c1058e8bc1fcd813b441102abb35b67c,315078.88,66604,24,174,2024-08-16,011d35237c3454d24f1933791173ba211d037969,build_log,,True
kafka,PR-16897,trunk,1,16662.0,1723796737.0,UNSTABLE,2e22d07b70940c367269e36aee2ec5cc7100de12,162147.28,66549,6,175,2024-08-16,011d35237c3454d24f1933791173ba211d037969,build_log,,True
kafka,PR-16892,trunk,3,20779.0,1723815532.0,UNSTABLE,5333646fc2cf611722420f09421b0d7175538bdb,123233.89,66600,4,162,2024-08-16,cd47b3c1cce7a9f1881e40d38742b9ec8b30cf32,build_log,,True
kafka,PR-16883,trunk,7,18729.0,1723817737.0,UNSTABLE,e384c10de21730ff4e5a23e2a1ed5554967f5e7b,177283.0,66627,18,158,2024-08-16,cd47b3c1cce7a9f1881e40d38742b9ec8b30cf32,build_log,,True
kafka,PR-16584,trunk,9,25273.0,1723821132.0,UNSTABLE,5e548a35faa19b66a5a2f245b44f68f711fbba9f,245608.0,66583,78,163,2024-08-16,cd47b3c1cce7a9f1881e40d38742b9ec8b30cf32,build_log,,True
kafka,PR-16834,trunk,4,15400.0,1723821647.0,UNSTABLE,f9117d171f207c9e13723f60711a08d67193f9ca,114005.44,66608,6,157,2024-08-16,cd47b3c1cce7a9f1881e40d38742b9ec8b30cf32,build_log,,True
kafka,PR-16900,trunk,1,20571.0,1723830229.0,UNSTABLE,189c1eee1a4ecb544d595504c7cb9d027eaa8bc8,194574.27,66631,9,162,2024-08-16,cd47b3c1cce7a9f1881e40d38742b9ec8b30cf32,build_log,,True
kafka,PR-16901,trunk,1,19197.0,1723833009.0,UNSTABLE,6ca8608b256a01eb5580e0bfe6787235642e3b04,135585.94,66612,14,158,2024-08-16,cd47b3c1cce7a9f1881e40d38742b9ec8b30cf32,build_log,,True
kafka,PR-16902,trunk,1,17464.0,1723835317.0,UNSTABLE,acfdf4afac9cfdba57dd0db9815dbe94422bdb9c,131558.84,66603,5,158,2024-08-16,9f330c374d1b6d0e50b54ad2d979c57d9672bb87,build_log,,True
kafka,PR-16705,trunk,2,17397.0,1723912057.0,UNSTABLE,b254e9ad07e581cbdf907ce472fdee108cfcf19c,123949.336,66606,3,158,2024-08-17,fd544024aa033155a672e0919310f424835c41eb,build_log,,True
kafka,PR-16909,trunk,1,16336.0,1723947561.0,UNSTABLE,bbf963cc83ac880fadba9b1c3b11492c6439585f,106064.445,66649,8,158,2024-08-17,fd544024aa033155a672e0919310f424835c41eb,build_log,,True
kafka,PR-16911,trunk,1,22132.0,1723977545.0,UNSTABLE,af78c024689080e44d4dcf4f04b7d9eda26b162d,154359.88,66603,5,164,2024-08-18,fd544024aa033155a672e0919310f424835c41eb,build_log,,True
kafka,PR-16880,trunk,2,16644.0,1724010800.0,UNSTABLE,47e234d3ac86a153d11191ec2dbd28d08900b366,208113.44,66617,13,162,2024-08-18,4b4107116538f99ded780fd8efef094576c3d151,build_log,,True
kafka,PR-16646,trunk,8,18868.0,1724031008.0,UNSTABLE,640792016d54a65ac522967d5f6ce24852640e59,137048.84,66617,5,158,2024-08-18,5f02ef952e500fda5272609cec90fe1eb30da6fa,build_log,,True
kafka,PR-16910,trunk,2,22186.0,1724035165.0,UNSTABLE,3af5dd779fc7e333dcd38ce209bd52d4adc1e286,201723.31,66619,13,157,2024-08-18,5f02ef952e500fda5272609cec90fe1eb30da6fa,build_log,,True
kafka,PR-16707,trunk,6,16510.0,1724035265.0,UNSTABLE,654be943615957846397e04dd6a248c763e68407,152255.5,66599,5,164,2024-08-18,5f02ef952e500fda5272609cec90fe1eb30da6fa,build_log,,True
kafka,PR-16913,trunk,2,16057.0,1724053930.0,UNSTABLE,986c920b26036a419855d5e9563629f68d8cf52b,163671.88,66622,7,166,2024-08-19,5f02ef952e500fda5272609cec90fe1eb30da6fa,build_log,,True
kafka,PR-16877,trunk,3,16698.0,1724055302.0,UNSTABLE,fae79202b4ceaa722e4062145434e9baddeb0cdc,150242.62,66600,7,166,2024-08-19,5f02ef952e500fda5272609cec90fe1eb30da6fa,build_log,,True
kafka,PR-16903,trunk,4,18527.0,1724061898.0,UNSTABLE,849376f6d6f4f1947b52ff46239bcf69c57ee253,229515.72,66632,13,166,2024-08-19,5f02ef952e500fda5272609cec90fe1eb30da6fa,build_log,,True
kafka,PR-16849,trunk,3,6956.0,1724066973.0,UNSTABLE,0eea42c1c7f71ecd06cf80dfec7c3f11432582eb,61928.492,66618,4,149,2024-08-19,5f02ef952e500fda5272609cec90fe1eb30da6fa,build_log,,True
kafka,PR-16878,trunk,2,18829.0,1724070567.0,UNSTABLE,30c4b5560c2e921a48fe01968da083b86005f590,197447.88,66612,7,164,2024-08-19,5f02ef952e500fda5272609cec90fe1eb30da6fa,build_log,,True
kafka,PR-16888,trunk,8,9592.0,1724080533.0,UNSTABLE,8712b1fa5b4c7b8a16dd5969ca24ffffb212b97a,66652.945,66619,19,149,2024-08-19,b63b20eeeef229a298c9d7c13b4824f5815c5bd7,build_log,,True
kafka,PR-16919,trunk,2,18678.0,1724083516.0,UNSTABLE,11ed5d7a8a345ebcfb71f565aa150a99c9bf5896,112123.58,66612,6,161,2024-08-19,2f0ae82d4a2205c8056b8e92a954ffbed9fa65fc,build_log,,True
kafka,PR-12782,trunk,13,22159.0,1724086027.0,UNSTABLE,6dc4f6eb5eb906b0045a5d42a09add3f71f24312,254356.7,66624,11,166,2024-08-19,2f0ae82d4a2205c8056b8e92a954ffbed9fa65fc,build_log,,True
kafka,PR-16826,trunk,4,17043.0,1724089866.0,UNSTABLE,4cff0fbe189986ad478954fbc43c9f67c0525e7d,186624.4,66608,11,166,2024-08-19,e24354a21d4c1fa9407e439f2266a4948accd025,build_log,,True
kafka,PR-15598,trunk,8,20339.0,1724090252.0,UNSTABLE,bbdc54c5a13993623da2c503f4cd66dfed4468f0,218983.77,66600,8,167,2024-08-19,d28ddcb9f4a97cc69744e111232ec8585d2dfaed,build_log,,True
kafka,PR-16907,trunk,2,19255.0,1724091029.0,UNSTABLE,158447da32ea0823b32cf70c0e809b0ef36f1dea,195768.78,66618,6,166,2024-08-19,d28ddcb9f4a97cc69744e111232ec8585d2dfaed,build_log,,True
kafka,PR-16924,trunk,1,17832.0,1724091590.0,UNSTABLE,b2cda9b39e23ce227752fab6b99fe6eb989e515c,189265.14,66516,31,158,2024-08-19,d28ddcb9f4a97cc69744e111232ec8585d2dfaed,build_log,,True
kafka,PR-16925,trunk,1,6847.0,1724097549.0,UNSTABLE,5fdd5050eabaf98ecfc6726ee32a9f9c2360f518,57460.2,66616,5,149,2024-08-19,d28ddcb9f4a97cc69744e111232ec8585d2dfaed,build_log,,True
kafka,PR-16908,trunk,2,7029.0,1724097678.0,UNSTABLE,c0f7cb01dc151a1e8b1fc948b68ad64eede53c8c,53998.8,66637,2,149,2024-08-19,e38fc50d1eff371a621f41593e0fce8152d1d8ef,build_log,,True
kafka,PR-16923,trunk,3,15847.0,1724098065.0,UNSTABLE,2f46369c170d9f988e5d395bef7d2586ef316fa1,100880.19,66630,3,156,2024-08-19,e38fc50d1eff371a621f41593e0fce8152d1d8ef,build_log,,True
kafka,PR-16895,trunk,5,17721.0,1724100325.0,UNSTABLE,e851e3cd25913af35cab3822800870cfc9ffffdb,176293.08,66607,5,172,2024-08-19,fd60d2d980fabd34aeba3e1bb6dadf0e41a88895,build_log,,True
kafka,PR-16926,trunk,2,19132.0,1724100686.0,UNSTABLE,8fd4fa06f3c269fedfbcd3aba4657db89b89e565,168542.8,65495,80,165,2024-08-19,3d868aacf2b893cbe658a6f7a1caa787be746ff3,build_log,,True
kafka,PR-16644,trunk,5,16795.0,1724117352.0,UNSTABLE,b0c8776d9bc5a2aedfc8e36b59794e45b1c9b1af,116154.05,66608,11,157,2024-08-19,65786fecbf6b466182e9daba7c27bd6a3e13d45c,build_log,,True
kafka,PR-16930,trunk,1,10913.0,1724119486.0,UNSTABLE,a66c8817d4a11afdc078cf9c557d8e2c6215cea7,72230.8,66614,23,149,2024-08-19,4e1a015d36d42a595f7b74501e3b7a1510450a19,build_log,,True
kafka,PR-16931,trunk,1,21663.0,1724120744.0,UNSTABLE,7b7a130c05920f98a4d88fba3c31686efd922251,142461.08,66612,4,159,2024-08-19,42715654095d019effc478ab343c0132e02aa70f,build_log,,True
kafka,PR-16658,trunk,24,10474.0,1724121250.0,UNSTABLE,18bdac74d51e8d1255f216bd5581e588b68d8c4b,60673.03,66632,3,149,2024-08-19,42715654095d019effc478ab343c0132e02aa70f,build_log,,True
kafka,PR-16876,trunk,13,17826.0,1724123158.0,UNSTABLE,d1158f1250c4833ee76163fa1efdb7b662279ee3,186981.5,66613,8,162,2024-08-19,42715654095d019effc478ab343c0132e02aa70f,build_log,,True
kafka,PR-16917,trunk,3,13959.0,1724147155.0,UNSTABLE,86e8b05fb09917533a31b3e12ce376880a087fa9,117113.76,66643,10,158,2024-08-20,f6bfa9406ca88d611e9c9ea0120b16d37e6ce015,build_log,,True
kafka,PR-16939,trunk,1,21996.0,1724165533.0,UNSTABLE,041134f30fe4aa1137c3a88e546b02f93e3ac55f,249182.11,66623,20,167,2024-08-20,e23172a48a3529c4c8db33bfef824f8ed9b4c64c,build_log,,True
kafka,PR-16940,trunk,1,23349.0,1724165974.0,UNSTABLE,5dc58acc68e5edbb035c7f3d933e44698dcb4148,205988.11,66643,7,167,2024-08-20,e23172a48a3529c4c8db33bfef824f8ed9b4c64c,build_log,,True
kafka,PR-16938,trunk,2,6816.0,1724167875.0,UNSTABLE,9b9d76a8b49bf8f4e256761d45d597c7d6481192,54140.582,66630,3,150,2024-08-20,e23172a48a3529c4c8db33bfef824f8ed9b4c64c,build_log,,True
kafka,PR-16942,trunk,3,16343.0,1724187054.0,UNSTABLE,5606c684204ae7d38a9152e2c6534f63f023176a,186247.25,66651,9,167,2024-08-20,a537e716eb4c168373c0c9d361e68382a63ee637,build_log,,True
kafka,PR-16661,trunk,8,21816.0,1724198674.0,UNSTABLE,f4bc7645606223a94e2171b95f62e2452cb00738,190380.3,65499,83,161,2024-08-20,7b6d4fbc57207fd45a5ab6bc56d566ccf11b4a6b,build_log,,True
kafka,PR-16944,trunk,1,19534.0,1724205554.0,UNSTABLE,f4bc7645606223a94e2171b95f62e2452cb00738,325709.22,66735,33,167,2024-08-20,7b6d4fbc57207fd45a5ab6bc56d566ccf11b4a6b,build_log,,True
kafka,PR-16937,trunk,3,20720.0,1724223814.0,UNSTABLE,67ef81b7fdf205ed4db544387001201425d61690,261909.33,66855,13,167,2024-08-21,944c1353a925858ea9bd9024a713cd7301f55133,build_log,,True
kafka,PR-16934,3.9,2,16389.0,1724224158.0,UNSTABLE,235ad827f163bca8a2c67aaff2cfade18f4e4cd7,158181.53,66090,6,169,2024-08-21,b7a97e7102c2202c425de347d2f731f97c470dd0,build_log,,True
kafka,PR-16943,trunk,4,7920.0,1724241744.0,UNSTABLE,57fcd9230b7a3a771d639b3cf1d98dd24e3faeeb,54975.11,66697,2,152,2024-08-21,0eaaff88cf68bc2c24d4874ff9bc1cc2b493c24b,build_log,,True
kafka,PR-16850,trunk,5,19082.0,1724245824.0,UNSTABLE,cba9bd13504f50c867e6e53c21bc4f4b5198c70d,231264.2,66730,15,167,2024-08-21,7c7751d8da558bcf902516310f8f54c961bcef0e,build_log,,True
kafka,PR-16946,trunk,1,7055.0,1724246304.0,UNSTABLE,ace181f2e92724ab30570826843afa94e9d403d5,53412.617,66725,4,149,2024-08-21,7c7751d8da558bcf902516310f8f54c961bcef0e,build_log,,True
kafka,PR-16505,trunk,8,17536.0,1724256619.0,UNSTABLE,0f09755bc944bdbfadeb10e7faecbc29c46dd08c,212322.14,66727,14,167,2024-08-21,7c7751d8da558bcf902516310f8f54c961bcef0e,build_log,,True
kafka,PR-16893,trunk,21,18645.0,1724263457.0,UNSTABLE,764f0e1476897f681c58c3d577a08755015f7cb3,220413.95,66693,13,171,2024-08-21,7c7751d8da558bcf902516310f8f54c961bcef0e,build_log,,True
kafka,PR-16848,trunk,11,24548.0,1724263928.0,UNSTABLE,0eebd25eccc7ecf997d90a41c71bb44985622a8a,191995.23,66712,28,166,2024-08-21,7c7751d8da558bcf902516310f8f54c961bcef0e,build_log,,True
kafka,PR-16953,trunk,1,21381.0,1724275003.0,UNSTABLE,0414a196f1cd63fd864c60831b977da72e46556d,236008.2,66711,9,167,2024-08-21,0bb2aee8385c98d38b306f77a8c71875f5d48c1a,build_log,,True
kafka,PR-16948,trunk,17,20592.0,1724277027.0,UNSTABLE,57ce2d942278055ba27f577833067459697d37d9,156129.11,66712,5,158,2024-08-21,1e14b0c964091121a5116cae18d9494a5d07bb5d,build_log,,True
kafka,PR-16517,trunk,4,20636.0,1724288326.0,UNSTABLE,6eb62b05253c91f31c16eda1c3bd18fc53716106,179604.9,66821,16,158,2024-08-21,95ef75aa48db054540217f1ac319538803c82a07,build_log,,True
kafka,PR-16941,trunk,2,17070.0,1724301098.0,UNSTABLE,5d80ff72ae10806839f9d32df23d17ecbabf7e15,171118.27,66713,6,166,2024-08-21,28cd7136fb1b5702af82c3736d246c7a1e709140,build_log,,True
kafka,PR-16810,trunk,11,5586.0,1724305411.0,UNSTABLE,d11821c19a255c044be0e14978d9f1d80a545a65,46977.395,66726,2,149,2024-08-22,28cd7136fb1b5702af82c3736d246c7a1e709140,build_log,,True
kafka,PR-16796,trunk,6,5663.0,1724316603.0,UNSTABLE,f928a23987a934fda9802cfb912d419d167b8dc9,55823.773,66751,7,150,2024-08-22,61a661ec5e627217e8b4e4c009d65ee0e0e938ba,build_log,,True
kafka,PR-16935,trunk,5,20846.0,1724317158.0,UNSTABLE,9567e00bbc31f5e9403896457ac91e6251dbdd79,376672.06,66856,42,175,2024-08-22,61a661ec5e627217e8b4e4c009d65ee0e0e938ba,build_log,,True
kafka,PR-16915,trunk,4,15053.0,1724317296.0,UNSTABLE,3f084cad7a69c293c71910175427739847aa4201,109171.695,66722,4,158,2024-08-22,61a661ec5e627217e8b4e4c009d65ee0e0e938ba,build_log,,True
kafka,PR-16960,trunk,1,16596.0,1724318580.0,UNSTABLE,0bdef1d3f23840a07566eeaab3b36955f12f66cf,167707.42,66754,11,158,2024-08-22,61a661ec5e627217e8b4e4c009d65ee0e0e938ba,build_log,,True
kafka,PR-16962,trunk,1,16546.0,1724318947.0,UNSTABLE,1d0541f713050790ecf3a2dddcbeb64ab4c5d443,182843.03,66717,6,173,2024-08-22,61a661ec5e627217e8b4e4c009d65ee0e0e938ba,build_log,,True
kafka,PR-16831,trunk,3,19360.0,1724319999.0,UNSTABLE,b31643bbe22241183b9fb9737bbfccb2ae490a5e,198347.81,66733,23,158,2024-08-22,61a661ec5e627217e8b4e4c009d65ee0e0e938ba,build_log,,True
kafka,PR-16920,trunk,7,20577.0,1724329853.0,UNSTABLE,4dae57851ea542cf4b66446d99c78611c365a3ff,157937.3,66828,9,158,2024-08-22,61a661ec5e627217e8b4e4c009d65ee0e0e938ba,build_log,,True
kafka,PR-16947,trunk,2,19789.0,1724331151.0,UNSTABLE,d869c370a539f1ad89090cdfb9fcbce7e865d7be,272177.47,66732,29,166,2024-08-22,61a661ec5e627217e8b4e4c009d65ee0e0e938ba,build_log,,True
kafka,PR-16961,trunk,2,22441.0,1724331566.0,UNSTABLE,caa0c0eb4e3853eab7d7ba87967ecb1812cfc03b,215829.1,66742,11,166,2024-08-22,61a661ec5e627217e8b4e4c009d65ee0e0e938ba,build_log,,True
kafka,PR-16949,trunk,2,15494.0,1724344527.0,UNSTABLE,064071cbb776610bef71f26e39ad25a328ba59d8,133555.84,66752,7,158,2024-08-22,61a661ec5e627217e8b4e4c009d65ee0e0e938ba,build_log,,True
kafka,PR-16968,trunk,1,16198.0,1724348211.0,UNSTABLE,a0c76de0c03e48e305653ea02d3bd05f25523e98,170678.27,66718,15,166,2024-08-22,61a661ec5e627217e8b4e4c009d65ee0e0e938ba,build_log,,True
kafka,PR-16966,trunk,3,22472.0,1724374163.0,UNSTABLE,93d178690a60436cc7972fbc0591bf307a0717da,208792.98,66706,47,159,2024-08-22,79f979cd525a168ea51148974e0d105acb0cd2b9,build_log,,True
kafka,PR-16972,trunk,1,19036.0,1724375191.0,UNSTABLE,27d378e4616e2b1627e5c77f651ce1961586c9f8,121517.32,66754,5,158,2024-08-22,79f979cd525a168ea51148974e0d105acb0cd2b9,build_log,,True
kafka,PR-16808,trunk,2,22947.0,1724376186.0,UNSTABLE,5b07a27bfd280c9edd280e677a3167bc6acc8d57,135747.44,66741,5,158,2024-08-22,79f979cd525a168ea51148974e0d105acb0cd2b9,build_log,,True
kafka,PR-16102,trunk,2,11402.0,1724378348.0,UNSTABLE,901645574869efc725238d4268f23c165cea054a,47246.992,66758,4,152,2024-08-22,c7f0ade7e06598d36bf5572dc76f0bdb3228c46a,build_log,,True
kafka,PR-16955,trunk,2,19809.0,1724413380.0,UNSTABLE,ca8199a27318fd66b1cbdbd2729a806fffdb68fb,282209.06,66752,14,167,2024-08-23,ffc865c4324a2c77a9dbbb90c75202ffd3a0982a,build_log,,True
kafka,PR-16945,trunk,6,22793.0,1724415920.0,UNSTABLE,18aa1075deb1fd5909f887e9da5b7eb7bc0eb6ef,286645.72,66779,22,167,2024-08-23,ced34e3176463759991d1ba322f1c793a243d068,build_log,,True
kafka,PR-16932,trunk,5,14920.0,1724417533.0,UNSTABLE,46fee6249d94199fbcefac0814415c0b755600ea,106548.28,66780,5,160,2024-08-23,ced34e3176463759991d1ba322f1c793a243d068,build_log,,True
kafka,PR-16975,trunk,5,17815.0,1724423374.0,UNSTABLE,2670a4f5601c567e227a93645813cf00ee234785,183908.67,66771,8,167,2024-08-23,be3e674e78092be7e1e5f3fae35d45f12639104c,build_log,,True
kafka,PR-16981,trunk,2,17520.0,1724424438.0,UNSTABLE,d8b94d485acfbbfa5daa7ad752d3b2b3996cf9e1,178567.02,66742,6,167,2024-08-23,be3e674e78092be7e1e5f3fae35d45f12639104c,build_log,,True
kafka,PR-16816,trunk,3,15015.0,1724455796.0,UNSTABLE,ce4ba2d11fc5fe12e97eb679be2ec0afd47fb8a5,104110.26,66753,5,158,2024-08-23,0123bdcf06d2554ea62ba3a75af7c4b17eb4d23a,build_log,,True
kafka,PR-16979,trunk,2,18111.0,1724475125.0,UNSTABLE,ce809cc5eff787f433e87f67569026b76e6cd328,199716.75,66785,16,167,2024-08-23,0123bdcf06d2554ea62ba3a75af7c4b17eb4d23a,build_log,,True
kafka,PR-16914,trunk,4,16302.0,1724480233.0,UNSTABLE,5d45fdd83fc5075829756517debf36f5272fa9c8,209918.02,66778,10,167,2024-08-24,0123bdcf06d2554ea62ba3a75af7c4b17eb4d23a,build_log,,True
kafka,PR-16858,trunk,7,14907.0,1724506121.0,UNSTABLE,5b572e62570ea0eb6bebe06039fc3948a7f926b7,186250.34,66758,6,167,2024-08-24,0123bdcf06d2554ea62ba3a75af7c4b17eb4d23a,build_log,,True
kafka,PR-16989,trunk,12,16071.0,1724506136.0,UNSTABLE,4ed9394f93ec7ab45fa9b028ede7760e3ebee898,183975.44,66772,6,167,2024-08-24,0123bdcf06d2554ea62ba3a75af7c4b17eb4d23a,build_log,,True
kafka,PR-16993,trunk,2,18835.0,1724533569.0,UNSTABLE,7f5e55dab6e73bf057f7a003c2f91c6754ef185b,165366.67,66748,8,167,2024-08-24,0123bdcf06d2554ea62ba3a75af7c4b17eb4d23a,build_log,,True
kafka,PR-16994,trunk,1,19456.0,1724550204.0,UNSTABLE,8c47a9562ad4efa629fac704038c2fd76befa119,169144.75,66871,16,158,2024-08-24,4a485ddb71c844acc8bf241feda1fcbffc5ce9be,build_log,,True
kafka,PR-16987,trunk,2,16357.0,1724586563.0,UNSTABLE,db79f2085fb2ec7a464e63437528b1cbafeedfb5,202973.48,66785,10,167,2024-08-25,11966a209a8bb5bbf867b5bb5ca1d60b80e26650,build_log,,True
kafka,PR-16995,3.8,1,12643.0,1724588511.0,UNSTABLE,956444ac9729078563f1c293246b277d2dd74319,92852.95,63805,6,160,2024-08-25,163dcaf6ab59fc91d42417a3a6f170de623fd5e0,build_log,,True
kafka,PR-16996,3.7,1,13259.0,1724589157.0,UNSTABLE,19145cc2cdfa3bff7f7e28ffdb5b585df7e9a2b6,204609.0,111501,40,271,2024-08-25,f596a0dffc332351ea53bf1213f8564ea0172d12,build_log,,True
kafka,PR-16997,trunk,1,17342.0,1724591035.0,UNSTABLE,bcaff7e685cfa0741034b3abf3a3de4339c14071,179280.5,66763,4,167,2024-08-25,e37f1dfb25ac5a41163786858369a71719682729,build_log,,True
kafka,PR-16954,trunk,3,15497.0,1724609379.0,UNSTABLE,ea4ac70e61a7ada1b6dfba5cd6b45db847044be6,167114.2,66762,5,167,2024-08-25,e37f1dfb25ac5a41163786858369a71719682729,build_log,,True
kafka,PR-16998,trunk,3,19850.0,1724633970.0,UNSTABLE,b84e77bf2f76b09a9e64caeeee2c46ed7da9fca1,150641.64,66774,10,158,2024-08-25,4ae0ab38dd3a82cf2c36032014ee74af63251859,build_log,,True
kafka,PR-16887,trunk,9,19458.0,1724639385.0,UNSTABLE,08ed9861914257732586de661aa100482237ae24,160467.2,66819,9,158,2024-08-25,4ae0ab38dd3a82cf2c36032014ee74af63251859,build_log,,True
kafka,PR-16980,trunk,3,21753.0,1724642718.0,UNSTABLE,6c8b562a48d454c21219d39d90cccb655a48b8f6,320164.75,66778,30,167,2024-08-25,4ae0ab38dd3a82cf2c36032014ee74af63251859,build_log,,True
kafka,PR-17000,trunk,1,15145.0,1724644450.0,UNSTABLE,5a5b57a7c9e24db17ea902f5a1ee7e0008ca0371,109522.65,66765,3,158,2024-08-25,4ae0ab38dd3a82cf2c36032014ee74af63251859,build_log,,True
kafka,PR-16985,trunk,3,20988.0,1724663381.0,UNSTABLE,6c6cf268d030fc662d544710c0fa1ef31e845098,189530.64,66760,6,167,2024-08-26,aaf887d3d942d463239369a37e1c97dfa711a775,build_log,,True
kafka,PR-16921,trunk,12,19349.0,1724666455.0,UNSTABLE,d1fcf3083e789278c34754f30bb9d72b4f1b5af3,204482.72,66820,13,167,2024-08-26,6bc0e1dcbaca51ea178642c52406709c83151cc2,build_log,,True
kafka,PR-16933,trunk,7,18473.0,1724668498.0,UNSTABLE,e668aaf4b3ffcad35d29984d57092dd16300901c,200078.98,66759,12,167,2024-08-26,6bc0e1dcbaca51ea178642c52406709c83151cc2,build_log,,True
kafka,PR-15482,trunk,17,17681.0,1724682586.0,UNSTABLE,81ade24df13faf40f434be341aeb562c15682def,249102.25,66805,27,166,2024-08-26,1621f88f06560394dd2a8415471e8c714b3323c3,build_log,,True
kafka,PR-17003,trunk,3,18555.0,1724682726.0,UNSTABLE,4302ecd677dac0493ee2a98f11546653ece96693,227508.66,66794,10,166,2024-08-26,1621f88f06560394dd2a8415471e8c714b3323c3,build_log,,True
kafka,PR-17002,trunk,2,13492.0,1724684554.0,UNSTABLE,e89df2e50da73bff75a43301be0e4b56d31aff69,105141.414,66797,5,158,2024-08-26,1621f88f06560394dd2a8415471e8c714b3323c3,build_log,,True
kafka,PR-16963,trunk,5,16096.0,1724698968.0,UNSTABLE,c151b8c4b15c2811c3275f6d8e97f100162dfe38,205347.05,66794,10,167,2024-08-26,1621f88f06560394dd2a8415471e8c714b3323c3,build_log,,True
kafka,PR-17006,trunk,1,16804.0,1724699416.0,UNSTABLE,590cb5ea027e76e4a81210c50122297aa13f68d2,206947.98,66830,16,167,2024-08-26,1621f88f06560394dd2a8415471e8c714b3323c3,build_log,,True
kafka,PR-16879,trunk,4,16039.0,1724742525.0,UNSTABLE,12cd60f620ced794ef78ab4c6e5588657530a2fc,208925.45,66774,12,166,2024-08-27,bf914b6982c31b62db250406b0db083867e28052,build_log,,True
kafka,PR-16974,trunk,4,22059.0,1724758846.0,UNSTABLE,93c366deb32f199eee65f267faa533a82ccf00ac,182640.06,66839,14,159,2024-08-27,62dc982ce9ce76b299a628d50648e3529fd88e63,build_log,,True
kafka,PR-16992,trunk,2,18390.0,1724760567.0,UNSTABLE,9aa97db30fe9e788b6de05b43d781c84c9bf814f,139128.86,66863,8,158,2024-08-27,62dc982ce9ce76b299a628d50648e3529fd88e63,build_log,,True
kafka,PR-17014,trunk,1,11861.0,1724763944.0,UNSTABLE,1fcb3b97df4f15e110816207209bd79785cd8e72,69684.625,66808,48,148,2024-08-27,62dc982ce9ce76b299a628d50648e3529fd88e63,build_log,,True
kafka,PR-16904,trunk,7,17130.0,1724768643.0,UNSTABLE,0ada1c916b676980a448ed9dbc8893d83b35be9e,135393.25,66881,10,158,2024-08-27,62dc982ce9ce76b299a628d50648e3529fd88e63,build_log,,True
kafka,PR-17017,trunk,1,17561.0,1724773453.0,UNSTABLE,8b8d1f846ad2d62c1f0b146872845ae606126671,202376.52,66832,6,166,2024-08-27,62dc982ce9ce76b299a628d50648e3529fd88e63,build_log,,True
kafka,PR-17018,trunk,1,13932.0,1724779774.0,UNSTABLE,ef23bc74873199da528a6090b27277290510149c,93691.94,66855,5,157,2024-08-27,62dc982ce9ce76b299a628d50648e3529fd88e63,build_log,,True
kafka,PR-17010,trunk,3,16995.0,1724782828.0,UNSTABLE,a1a9652daf20e240f92748f0f2da4c8cb66c70b6,129443.62,66862,8,158,2024-08-27,62dc982ce9ce76b299a628d50648e3529fd88e63,build_log,,True
kafka,PR-16990,trunk,4,19786.0,1724795892.0,UNSTABLE,05dea6de0b557739d41d926a14e8d305852c0c52,216652.95,66860,10,167,2024-08-27,62dc982ce9ce76b299a628d50648e3529fd88e63,build_log,,True
kafka,PR-17023,trunk,1,14857.0,1724802639.0,UNSTABLE,a0b9d613871dfd893d1e46c2ec2f12b3f5679520,176587.5,66837,9,164,2024-08-27,f5439864c6a3cf8275c951a5a09a0d500789d869,build_log,,True
kafka,PR-16951,3.7,3,16980.0,1724803546.0,UNSTABLE,6309de9372c2c59857856a6169b4c807f1d4ea2c,329310.47,111504,45,276,2024-08-27,57b6c2ef98d8177ab0e43f7653c8079d4daa8789,build_log,,True
kafka,PR-17025,trunk,3,17752.0,1724813858.0,UNSTABLE,8508f86129716c278566ff708b2f167f9a6622bd,161264.89,66823,7,164,2024-08-27,ead9ed513eb9d7776d750181c3b453c5a4b563a6,build_log,,True
kafka,PR-16958,trunk,3,17168.0,1724816909.0,UNSTABLE,03e6567f0cc2002078ef39171072f456e9fc4540,195030.28,66855,12,167,2024-08-27,ead9ed513eb9d7776d750181c3b453c5a4b563a6,build_log,,True
kafka,PR-16842,trunk,3,17204.0,1724849865.0,UNSTABLE,8030ae8b09a11dc7e60ab91d1469ab5945447da8,173830.9,66823,6,167,2024-08-28,ead9ed513eb9d7776d750181c3b453c5a4b563a6,build_log,,True
kafka,PR-17029,trunk,1,18389.0,1724852047.0,UNSTABLE,817253ff2cfc33e42b7cc3bcffe076be46934916,149578.02,66818,10,167,2024-08-28,ead9ed513eb9d7776d750181c3b453c5a4b563a6,build_log,,True
kafka,PR-17013,trunk,5,20498.0,1724860806.0,UNSTABLE,2295a6da3e31a3c9a4a16a5adadb159458cc5080,206155.81,66878,9,165,2024-08-28,dd7d7c3145d41103525cd212e718a8bdf5dd484b,build_log,,True
kafka,PR-16866,trunk,6,16323.0,1724862729.0,UNSTABLE,57263c81de01771f632a58b895cf3a27ec2c261a,192006.1,66876,7,167,2024-08-28,dd7d7c3145d41103525cd212e718a8bdf5dd484b,build_log,,True
kafka,PR-16906,trunk,7,16795.0,1724863502.0,UNSTABLE,0dcddcf9ef6fdc1396a105647e3790de62b22243,132651.22,66774,14,158,2024-08-28,f61719f96262d1dd36c99d49861c75ed39c964cb,build_log,,True
kafka,PR-17031,trunk,1,15701.0,1724863812.0,UNSTABLE,ce4f2a5e2d9758540440246af647f092e0977a71,182712.34,66825,3,167,2024-08-28,f61719f96262d1dd36c99d49861c75ed39c964cb,build_log,,True
kafka,PR-17033,trunk,2,13735.0,1724865037.0,UNSTABLE,8bb37ce2166cd92dd1600bae88a024b37bd3b638,116721.25,66875,13,157,2024-08-28,f61719f96262d1dd36c99d49861c75ed39c964cb,build_log,,True
kafka,PR-17008,trunk,2,22821.0,1724871980.0,UNSTABLE,e297dd7d523b490d0b7aa12320a3164c216b400d,297976.75,66856,28,157,2024-08-28,25819cecdb230ff592197bdd1b454fd695a8c244,build_log,,True
kafka,PR-17024,trunk,6,6109.0,1724879223.0,UNSTABLE,3f65822d1c4fdc1f32f2e843004d4eca3513ce04,61586.375,66847,10,150,2024-08-28,25819cecdb230ff592197bdd1b454fd695a8c244,build_log,,True
kafka,PR-16694,trunk,11,17164.0,1724890500.0,UNSTABLE,55d4daeeff5b5c081e4363273e1454b6f573dffb,167820.61,66853,5,167,2024-08-28,ca0cc355f6457286f4d986aec0a2ee2eb368813e,build_log,,True
kafka,PR-17036,trunk,12,14119.0,1724892019.0,UNSTABLE,6de78ead9cd5b38d1a25728b11185b6f8e09ea50,111689.164,66869,9,158,2024-08-28,ca0cc355f6457286f4d986aec0a2ee2eb368813e,build_log,,True
kafka,PR-16673,trunk,13,20077.0,1724896675.0,UNSTABLE,74ccb78f39008d7e0f3a2f568ca52c7b7e5d53a1,172650.92,66816,10,167,2024-08-28,291523e3e40567f961b4d94068e6946d751d18e4,build_log,,True
kafka,PR-16959,trunk,13,5663.0,1724899103.0,UNSTABLE,03dd499da550df3b90d650d127ef57bf5ec5ed93,48149.26,66800,2,151,2024-08-28,291523e3e40567f961b4d94068e6946d751d18e4,build_log,,True
kafka,PR-16791,trunk,11,15286.0,1724907263.0,UNSTABLE,9ca9410672d398cca17539f5191cb1fee320ce31,149442.67,66775,2,166,2024-08-28,291523e3e40567f961b4d94068e6946d751d18e4,build_log,,True
kafka,PR-16744,trunk,6,19294.0,1724915062.0,UNSTABLE,bc8b79de53abfb6c8ae16ecce8908072fba6126c,252589.72,66824,14,165,2024-08-29,ad4405c8dd2f94fcce66ccf157866bf2e21b9eb8,build_log,,True
kafka,PR-17040,trunk,1,21626.0,1724929020.0,UNSTABLE,4a8ac8af689e289b9fd617e52ef0bcd601c2e70b,375851.6,66875,35,167,2024-08-29,c977bfdd3cda4f7f4d3313d02e151df756872800,build_log,,True
kafka,PR-16778,trunk,2,19180.0,1724930003.0,UNSTABLE,7625a0cf3cc9a750066f437569624d565802c43b,198453.27,66829,9,167,2024-08-29,24d88c46c0ffd0c300c99f5b26c58028efd32c95,build_log,,True
kafka,PR-17041,3.9,1,23400.0,1724931221.0,UNSTABLE,e3aba49b4c10acaeddd3d3e6ad3d074070f80fdc,215593.72,66226,13,169,2024-08-29,fbaea5ff6a4c6fd6124244e13ba534b2c0eddd4b,build_log,,True
kafka,PR-17028,trunk,3,19890.0,1724937258.0,UNSTABLE,275da7991bc8e89940bf51b62106f78c66957ebd,188667.0,66852,4,167,2024-08-29,464051929d26c2330eeff58c155a2f59be528da1,build_log,,True
kafka,PR-17043,trunk,1,19445.0,1724938276.0,UNSTABLE,0ad11c089fb96f7670e0ef57e4406618a53bf9dd,161617.4,66872,11,157,2024-08-29,464051929d26c2330eeff58c155a2f59be528da1,build_log,,True
kafka,PR-16983,trunk,5,20357.0,1724940030.0,UNSTABLE,240ad5902522a679915863e455f3ecc9e60c4613,140337.05,66863,10,158,2024-08-29,464051929d26c2330eeff58c155a2f59be528da1,build_log,,True
kafka,PR-16824,trunk,5,23900.0,1724940629.0,UNSTABLE,eb5b0a6271d8b58692fcb40e1f85d0691161d9d3,187212.1,66837,4,166,2024-08-29,464051929d26c2330eeff58c155a2f59be528da1,build_log,,True
kafka,PR-17045,trunk,2,19157.0,1724940753.0,UNSTABLE,22551d41a603252dc47550b8e7b402257c001183,105720.83,66849,8,156,2024-08-29,464051929d26c2330eeff58c155a2f59be528da1,build_log,,True
kafka,PR-17030,trunk,3,23160.0,1724949600.0,UNSTABLE,ac7025fced54ad26681e1c41c2aa9973731b85f8,184222.08,66839,8,158,2024-08-29,165076afc615bcc324a07aec07a22edb41ae94c7,build_log,,True
kafka,PR-16083,trunk,5,19781.0,1724972737.0,UNSTABLE,da41bc6f830e7b2ef891a11bf282ad86a94d1264,243877.8,66860,15,167,2024-08-29,8db80d1f07020807bc82707f2d8642ec4fe7eb21,build_log,,True
kafka,PR-17049,trunk,1,5448.0,1724983101.0,UNSTABLE,412e5890d680b9fa38413a74c71e068d911965d0,47821.504,66848,4,149,2024-08-29,c23b6b0365af5c58b76d8ad3fb628f766f95348f,build_log,,True
kafka,PR-17051,trunk,1,16471.0,1724985576.0,UNSTABLE,77686359e63090068ace8171e452a112882660e1,229215.34,66833,11,167,2024-08-29,c23b6b0365af5c58b76d8ad3fb628f766f95348f,build_log,,True
kafka,PR-17052,trunk,1,17119.0,1724985887.0,UNSTABLE,f88ea667ab041b582e43d4698e1eb67ce0572de3,240080.5,66853,30,166,2024-08-29,c23b6b0365af5c58b76d8ad3fb628f766f95348f,build_log,,True
kafka,PR-16743,trunk,5,16401.0,1725001856.0,UNSTABLE,921f19ddefc1dd6664b8b40447454c075ae25df7,108669.1,66853,3,158,2024-08-30,c23b6b0365af5c58b76d8ad3fb628f766f95348f,build_log,,True
kafka,PR-17056,trunk,1,16444.0,1725016835.0,UNSTABLE,f037a6045d98abb4bcf166651a1c72de3a1da58a,199569.88,66834,11,167,2024-08-30,c23b6b0365af5c58b76d8ad3fb628f766f95348f,build_log,,True
kafka,PR-17060,trunk,4,21248.0,1725033000.0,UNSTABLE,13673cbfd2bb31f8c0b631250aca34586098a3c3,230387.6,66842,22,158,2024-08-30,70dd577286de31ef20dc4f198e95f9b9e4479b47,build_log,,True
kafka,PR-17053,trunk,2,14312.0,1725033876.0,UNSTABLE,5669007cf5578c4e0ecc2813bffab1ef44157384,117585.97,66830,6,161,2024-08-30,70dd577286de31ef20dc4f198e95f9b9e4479b47,build_log,,True
kafka,PR-17019,trunk,6,16949.0,1725038428.0,UNSTABLE,fbcf40de13f467cef18a4586999186dfce1600ae,223400.17,66855,11,167,2024-08-30,70dd577286de31ef20dc4f198e95f9b9e4479b47,build_log,,True
kafka,PR-17034,trunk,6,16904.0,1725045523.0,UNSTABLE,c8caf40af5cbf15f803fb5cd1130e721b66c197f,205234.5,66818,12,166,2024-08-30,70dd577286de31ef20dc4f198e95f9b9e4479b47,build_log,,True
kafka,PR-17062,trunk,2,20757.0,1725047212.0,UNSTABLE,6159741755beb8e8a6541e0c3f9e9c1faaebe4e3,214543.44,66828,12,167,2024-08-30,70dd577286de31ef20dc4f198e95f9b9e4479b47,build_log,,True
kafka,PR-16956,trunk,5,16065.0,1725057465.0,UNSTABLE,0f83add075de3ae9a43ef34e76df1161f477c145,199928.27,66827,10,167,2024-08-30,70dd577286de31ef20dc4f198e95f9b9e4479b47,build_log,,True
kafka,PR-16648,trunk,32,15975.0,1725061139.0,UNSTABLE,a4f10555d235ace21a1dcf405db7f0b79622cddc,210407.56,66856,12,166,2024-08-30,70dd577286de31ef20dc4f198e95f9b9e4479b47,build_log,,True
kafka,PR-17022,trunk,5,16401.0,1725064864.0,UNSTABLE,11d98a37beaab86b7226840904a0fc578a05732a,152033.8,66823,14,169,2024-08-30,70dd577286de31ef20dc4f198e95f9b9e4479b47,build_log,,True
kafka,PR-16852,trunk,13,16455.0,1725081888.0,UNSTABLE,ea835fc08b60d499d27456ffbb6115c6585f1427,164584.98,66859,6,173,2024-08-31,1841c07d4af1daa55f5f332e7c844738c12e7f7c,build_log,,True
kafka,PR-17063,trunk,1,21492.0,1725096679.0,UNSTABLE,234f9a66f6cb28e9791be2f22a9c3d0e3c9dddd7,253801.02,66862,12,167,2024-08-31,1841c07d4af1daa55f5f332e7c844738c12e7f7c,build_log,,True
kafka,PR-17064,trunk,1,21842.0,1725109738.0,UNSTABLE,c754aa55a99bd1ee2cb9a91e69e4a5cb9a6151e0,199694.53,66859,7,164,2024-08-31,fc720d33a03e5b40a31b82c4baddb8a23b6e8f9d,build_log,,True
kafka,PR-16873,trunk,9,18066.0,1725112939.0,UNSTABLE,9138d9cf8e1f51f25fd5823a8504fb66692fd4aa,237342.03,66912,21,173,2024-08-31,fc720d33a03e5b40a31b82c4baddb8a23b6e8f9d,build_log,,True
kafka,PR-16905,trunk,12,20721.0,1725115640.0,UNSTABLE,486080d4fa51e9eb1b9e522240f2ff10e3948cb9,233238.22,66878,10,173,2024-08-31,fc720d33a03e5b40a31b82c4baddb8a23b6e8f9d,build_log,,True
kafka,PR-17047,trunk,4,16227.0,1725115911.0,UNSTABLE,623c0df9942f59230574f06808e16fc45197b25b,135340.94,66881,13,157,2024-08-31,fc720d33a03e5b40a31b82c4baddb8a23b6e8f9d,build_log,,True
kafka,PR-17055,trunk,2,17902.0,1725128139.0,UNSTABLE,df0e6d2abad610669a78e9d73b92d938b1c3f311,192505.62,66855,5,167,2024-08-31,4a2577b80102145a3b82886ee3c02d47b8ac791c,build_log,,True
kafka,PR-16844,trunk,8,21745.0,1725148173.0,UNSTABLE,e8638280bc5d96f7e5287c19c2585b2df9193133,257848.38,66873,20,164,2024-08-31,4a2577b80102145a3b82886ee3c02d47b8ac791c,build_log,,True
kafka,PR-17050,trunk,2,17968.0,1725157149.0,UNSTABLE,f662c0bafd6aae4cbea22022508a0dfa1ed3e790,174627.53,66888,7,174,2024-08-31,dc650fbd737791e39f54cd76a5f1f80245c9816a,build_log,,True
kafka,PR-17065,trunk,2,5472.0,1725157564.0,UNSTABLE,5d69f3dbf68424a78d5e7eea4d066d10c193b617,46868.56,66897,3,150,2024-08-31,dc650fbd737791e39f54cd76a5f1f80245c9816a,build_log,,True
kafka,PR-16864,trunk,10,17830.0,1725170226.0,UNSTABLE,47aa850ff430d37310414c8d247decb57b8f10af,181784.06,66873,9,165,2024-09-01,59d3d7021a96fb90b660a3dd7f0abee06e218a50,build_log,,True
kafka,PR-17067,trunk,2,15392.0,1725176429.0,UNSTABLE,b571c804e4af4ba1837626546d92b644063011ab,133609.12,65607,93,155,2024-09-01,59d3d7021a96fb90b660a3dd7f0abee06e218a50,build_log,,True
kafka,PR-16713,trunk,2,19175.0,1725200924.0,UNSTABLE,7f19233fa14e4266405707360d7b407681bb422f,246454.34,66872,27,167,2024-09-01,6a2789cf70665bc564bfa582fec17f42b93f3616,build_log,,True
kafka,PR-17048,trunk,5,20876.0,1725201039.0,UNSTABLE,26d3060c74207f9949f3a6e960abf6a0e344b3a3,214424.1,66904,10,167,2024-09-01,6a2789cf70665bc564bfa582fec17f42b93f3616,build_log,,True
kafka,PR-17068,trunk,1,21138.0,1725201179.0,UNSTABLE,7f19233fa14e4266405707360d7b407681bb422f,224720.52,66076,72,164,2024-09-01,6a2789cf70665bc564bfa582fec17f42b93f3616,build_log,,True
kafka,PR-17069,trunk,1,16304.0,1725203550.0,UNSTABLE,c63bcd082ea51bb6746149c6a359d86c392cdab7,176043.83,66873,6,167,2024-09-01,6a2789cf70665bc564bfa582fec17f42b93f3616,build_log,,True
kafka,PR-16978,trunk,5,17648.0,1725273602.0,UNSTABLE,adce212c59f60a1a0442b883dcd50605a848bbdf,218801.3,66893,14,166,2024-09-02,89418b66aeb3e004e6ef16cd42f2f929d48a6718,build_log,,True
kafka,PR-17061,trunk,4,16631.0,1725274188.0,UNSTABLE,e3babb72291e4ef543a4eb4754197a8cc21fc705,178906.84,66898,4,167,2024-09-02,89418b66aeb3e004e6ef16cd42f2f929d48a6718,build_log,,True
kafka,PR-16665,trunk,10,16941.0,1725278765.0,UNSTABLE,1396b7d00772e0512062a55a20806b62078cb070,171057.45,66875,4,167,2024-09-02,89418b66aeb3e004e6ef16cd42f2f929d48a6718,build_log,,True
kafka,PR-17015,trunk,2,19751.0,1725284955.0,UNSTABLE,3321aadd8a1150eaea29d8694f9b3b817db53125,220616.72,66871,30,167,2024-09-02,89418b66aeb3e004e6ef16cd42f2f929d48a6718,build_log,,True
kafka,PR-17073,trunk,1,23561.0,1725285266.0,UNSTABLE,bd40de76f3be7166052c0997cd3cc93155026cb0,288431.44,66910,15,167,2024-09-02,89418b66aeb3e004e6ef16cd42f2f929d48a6718,build_log,,True
kafka,PR-16833,trunk,13,18084.0,1725336421.0,UNSTABLE,8b5774574129ed40eb12d07504d24a23ab7a6f1e,190072.23,66893,10,167,2024-09-02,743e185c8bf6d1d548fe7041ce543c7c31388e68,build_log,,True
kafka,PR-17074,trunk,1,20277.0,1725355385.0,UNSTABLE,d9e8b23a46b2802173346e8f7bd93a49903cf904,119370.88,66900,7,156,2024-09-03,c30615e6d7732b0214d59985ee5961bc9266b364,build_log,,True
kafka,PR-16986,trunk,8,21149.0,1725359856.0,UNSTABLE,7a7d828ddb8289fcd40d92878b0bd71c6660ed30,229652.0,66895,10,167,2024-09-03,f59d829381a7021971b0b2835fbbacb4abd996a5,build_log,,True
kafka,PR-17039,trunk,4,18590.0,1725360008.0,UNSTABLE,ee415c0a01276ff952dcbdfbdaad6a45b29a047e,145337.48,66911,4,158,2024-09-03,f59d829381a7021971b0b2835fbbacb4abd996a5,build_log,,True
kafka,PR-16717,trunk,3,23729.0,1725377870.0,UNSTABLE,e355745031c4989b0087708b3ad02e99b0728c3b,143496.77,66896,19,158,2024-09-03,88b9ff30adf19ba43072a8b26ede07aa4bfa727d,build_log,,True
kafka,PR-17072,trunk,2,20669.0,1725381589.0,UNSTABLE,4b7e6ecd2097aa21df8e76d4c0aed590e46f2856,267565.28,66902,11,165,2024-09-03,88b9ff30adf19ba43072a8b26ede07aa4bfa727d,build_log,,True
kafka,PR-16973,trunk,6,19018.0,1725384090.0,UNSTABLE,1ffb395b4433b4b344d508aaaab90943cbb43a27,197982.6,66933,14,167,2024-09-03,88b9ff30adf19ba43072a8b26ede07aa4bfa727d,build_log,,True
kafka,PR-17077,trunk,2,20105.0,1725388478.0,UNSTABLE,1ddbcba161100df35725ebd3deee7f0677ea6385,306871.97,66907,38,167,2024-09-03,839431e59170f162fb0da665f145919edfb16ea7,build_log,,True
kafka,PR-16967,trunk,4,19317.0,1725392910.0,UNSTABLE,5563d2bc5a21eb527447609ff9da58da15c7f912,194544.98,66933,14,173,2024-09-03,b0d0956b20735575b7d4d870c2838912f4006940,build_log,,True
kafka,PR-17078,trunk,1,17694.0,1725398548.0,UNSTABLE,8445e50391110fce0c6f18d0e6f0dec4b36b9005,157368.1,66984,5,166,2024-09-03,4d23fe92f18e5f9ec906daa09d658d1bba4a7d11,build_log,,True
kafka,PR-17035,trunk,4,17891.0,1725402180.0,UNSTABLE,506b622cb992d6f67193e9d4cd58603780ac6543,205488.6,66992,10,166,2024-09-03,4d23fe92f18e5f9ec906daa09d658d1bba4a7d11,build_log,,True
kafka,PR-16970,trunk,11,17017.0,1725403384.0,UNSTABLE,639de56d7a47d78743f11c7429ff89a0164b8835,129861.766,66848,33,158,2024-09-03,4d23fe92f18e5f9ec906daa09d658d1bba4a7d11,build_log,,True
kafka,PR-17038,trunk,4,17177.0,1725405735.0,UNSTABLE,44e70838c7e2f7d305b288c33dc1196d559a1cf3,150232.1,67041,10,158,2024-09-03,eb9cfb06c0d7954a6c8d70dac6e835800aca4aab,build_log,,True
kafka,PR-17084,trunk,1,23248.0,1725443116.0,UNSTABLE,15c7b51be78871c94f3a949b16a1b0b260631597,335649.75,67018,27,167,2024-09-04,005155ba5cad313d22fb84efc9959dd3fd484bf3,build_log,,True
kafka,PR-17057,trunk,5,21319.0,1725445414.0,UNSTABLE,d49bbf6e2e5ae4bd45c2a6c40aa34eeb83648c41,217192.73,66536,7,167,2024-09-04,005155ba5cad313d22fb84efc9959dd3fd484bf3,build_log,,True
kafka,PR-16779,trunk,14,22204.0,1725446485.0,UNSTABLE,e047cb0d507bbfbdd852f614a260f2e740d65384,179044.06,68036,15,157,2024-09-04,005155ba5cad313d22fb84efc9959dd3fd484bf3,build_log,,True
kafka,PR-17066,trunk,2,20401.0,1725457658.0,UNSTABLE,eef2729bf3c365a05026b74cfdde4672806d9a36,146587.44,67010,8,158,2024-09-04,59f5d91d8f1412c50c74a776a624879101402284,build_log,,True
kafka,PR-17089,trunk,2,17646.0,1725458320.0,UNSTABLE,d00ce4ba14cba1331ed3898741218eab9eb49b28,115252.234,67008,7,158,2024-09-04,59f5d91d8f1412c50c74a776a624879101402284,build_log,,True
kafka,PR-17058,trunk,2,11182.0,1725462396.0,UNSTABLE,0485a9578d57280dc8342155c5b8cec17c17b203,81795.53,67029,20,149,2024-09-04,59f5d91d8f1412c50c74a776a624879101402284,build_log,,True
kafka,PR-17092,trunk,1,17400.0,1725467669.0,UNSTABLE,6a07597ffac58d926589a5843a274f44f530f8d1,166576.2,67001,7,164,2024-09-04,59f5d91d8f1412c50c74a776a624879101402284,build_log,,True
kafka,PR-17090,trunk,2,19987.0,1725467754.0,UNSTABLE,93cf15c1891c177904e04e3e395312672afb83d1,319564.66,67030,34,166,2024-09-04,59f5d91d8f1412c50c74a776a624879101402284,build_log,,True
kafka,PR-17095,trunk,1,22393.0,1725478134.0,UNSTABLE,61e959aad196734b57c0698b3e75f2723c0e1802,260743.31,67038,13,167,2024-09-04,0294b1402d382dc628f42f6e41f093d4ee73ee98,build_log,,True
kafka,PR-17054,trunk,6,16360.0,1725479426.0,UNSTABLE,eae1b58a2f53ea087e328bd02bf31d311896acbd,193813.34,67032,11,167,2024-09-04,0294b1402d382dc628f42f6e41f093d4ee73ee98,build_log,,True
kafka,PR-17096,trunk,1,16891.0,1725482065.0,UNSTABLE,e0379835a22532263db816a22dc4265c06740f9e,121397.12,67014,6,158,2024-09-04,748d20200f9b06c2dfd7ef7df18bc42c83ef0516,build_log,,True
kafka,PR-17085,trunk,3,17878.0,1725489081.0,UNSTABLE,bd1cf4645d0bfff4e56d1a245c5b34ec3f88a1ef,134855.61,67044,9,158,2024-09-04,748d20200f9b06c2dfd7ef7df18bc42c83ef0516,build_log,,True
kafka,PR-16213,trunk,10,19922.0,1725515909.0,UNSTABLE,92bb514271d90ae36b4ff6df345ac0820f6606cd,208341.38,66568,13,167,2024-09-05,9abb8d3b3cbc2bc862d894726cb0aca0b11fe518,build_log,,True
kafka,PR-17088,trunk,3,13063.0,1725518531.0,UNSTABLE,48926e05cb712565fdb678eb14ca9f2ee8ae7696,90119.06,66557,7,157,2024-09-05,235a5b6cf910265b65a25228f4d479cfb732b671,build_log,,True
kafka,PR-17101,3.8,1,15699.0,1725532522.0,UNSTABLE,64dc1ad1811ccbfbe17689e25a5af49557fce5fb,171366.62,63853,12,169,2024-09-05,d9a26a95a70ac5632fb36d7e1da4728a86e789b5,build_log,,True
kafka,PR-17100,trunk,2,22403.0,1725538430.0,UNSTABLE,4440ec3831aea50d8d49bf9ab81d491925c2137a,264892.8,66552,17,167,2024-09-05,190df07ace9ab266f8d27cc353481e6aa08efd77,build_log,,True
kafka,PR-17103,trunk,2,18404.0,1725550911.0,UNSTABLE,10a6dab4ff1d6e7e64c5c2efb4b1c3437acdcf43,232463.72,66541,28,167,2024-09-05,190df07ace9ab266f8d27cc353481e6aa08efd77,build_log,,True
kafka,PR-16840,trunk,8,16579.0,1725550963.0,UNSTABLE,909b84679b1670b7b09937c5e4d7c85fc5054315,164997.06,64860,199,165,2024-09-05,190df07ace9ab266f8d27cc353481e6aa08efd77,build_log,,True
kafka,PR-16218,trunk,5,19833.0,1725551698.0,UNSTABLE,af989024e0dd368f0b4b370d5b006b267c5fce70,142869.62,66545,21,158,2024-09-05,b4f47aeff506a45c66d60c40d4f63ca219f68bdc,build_log,,True
kafka,PR-17098,trunk,7,20605.0,1725554656.0,UNSTABLE,4259b5f71ee39d3f16f1083c91547d1d9870a1cd,189350.7,66546,8,167,2024-09-05,b4f47aeff506a45c66d60c40d4f63ca219f68bdc,build_log,,True
kafka,PR-17094,3.9,4,17915.0,1725565957.0,UNSTABLE,88fb21467c456290e0852da4baf3fb5203328ca6,177083.69,66198,4,167,2024-09-05,74d55ca6393ced994caf900a72e558c1535109fc,build_log,,True
kafka,PR-17081,trunk,6,15851.0,1725572785.0,UNSTABLE,c917a5823f3066f43ab3fb5b6b39e316b8600eb7,128720.03,66553,13,159,2024-09-05,50ca2c8c73b1d9a77c46c1f88e83254ec4bcb821,build_log,,True
kafka,PR-17004,trunk,17,17315.0,1725583570.0,UNSTABLE,2af2478e6edc251f73e3d028d3b4f366706c187e,114724.664,66548,4,157,2024-09-05,50ca2c8c73b1d9a77c46c1f88e83254ec4bcb821,build_log,,True
kafka,PR-16127,trunk,55,16049.0,1725596867.0,UNSTABLE,f89cae8915b2b13145555ea6b2d80c4adc90ac3b,167294.12,66541,6,167,2024-09-05,50ca2c8c73b1d9a77c46c1f88e83254ec4bcb821,build_log,,True
kafka,PR-17110,trunk,1,16398.0,1725599722.0,UNSTABLE,4b9c91c0c86e64fde2f83f279cf6125afc9f469c,168752.69,66469,5,166,2024-09-06,50ca2c8c73b1d9a77c46c1f88e83254ec4bcb821,build_log,,True
kafka,PR-17111,trunk,1,20187.0,1725605772.0,UNSTABLE,0f02c91a4ed19d286b4ba76de43cc336950833a9,198883.53,66508,53,163,2024-09-06,50ca2c8c73b1d9a77c46c1f88e83254ec4bcb821,build_log,,True
kafka,PR-17113,trunk,1,17474.0,1725607637.0,UNSTABLE,74ba5f47c3eee07cc0e47c4a2c9b869a1cb68e9f,168496.17,66549,7,175,2024-09-06,50ca2c8c73b1d9a77c46c1f88e83254ec4bcb821,build_log,,True
kafka,PR-16676,trunk,7,18358.0,1725619471.0,UNSTABLE,8ef05a478747f924a8df41b73c6dcd9e78f0b451,209268.72,66582,14,163,2024-09-06,eec9eccacb5362eb682e3d6007755b2eb524dda9,build_log,,True
kafka,PR-16493,trunk,16,11088.0,1725619873.0,UNSTABLE,e3936789d16cd8a04625c3f586d5f639c03140a9,67117.73,66588,15,149,2024-09-06,eec9eccacb5362eb682e3d6007755b2eb524dda9,build_log,,True
kafka,PR-17115,trunk,1,15726.0,1725621814.0,UNSTABLE,52652dad1e03828f68e696bb2a6c459c526c1438,160063.25,66556,5,166,2024-09-06,eec9eccacb5362eb682e3d6007755b2eb524dda9,build_log,,True
kafka,PR-16899,trunk,18,17982.0,1725626055.0,UNSTABLE,c805310ccccebada7c3ce67a7a925c7d2e08fb82,192687.81,66438,131,167,2024-09-06,eec9eccacb5362eb682e3d6007755b2eb524dda9,build_log,,True
kafka,PR-17106,trunk,3,7299.0,1725635682.0,UNSTABLE,111fcf7a895b35c85b3a8e545266083d8a3ca7f1,54992.5,66561,8,153,2024-09-06,eec9eccacb5362eb682e3d6007755b2eb524dda9,build_log,,True
kafka,PR-17118,trunk,2,7503.0,1725639556.0,UNSTABLE,a677d05dbcf62be653661f38ac04f551ba399b2a,68266.93,66560,8,149,2024-09-06,eec9eccacb5362eb682e3d6007755b2eb524dda9,build_log,,True
kafka,PR-17119,3.8,1,18461.0,1725644340.0,UNSTABLE,330d3f22f9c8408492f11bc68708a180bb1f4c7c,199639.27,63812,23,167,2024-09-06,d9a26a95a70ac5632fb36d7e1da4728a86e789b5,build_log,,True
kafka,PR-17120,3.7,1,19824.0,1725645153.0,UNSTABLE,5b9131af59e81b58e77c210b9645fc50ab4376a2,543654.56,111500,60,280,2024-09-06,c7c3e609c009b05c29a1032a21103411c5ea1e10,build_log,,True
kafka,PR-17093,trunk,2,23657.0,1725645784.0,UNSTABLE,468300086047c2bd253f4ab230f34921f5da2b99,396733.0,66570,59,167,2024-09-06,1fd1646eb9865b7c93ef0c5efc4ec51d4c7e7b56,build_log,,True
kafka,PR-17104,trunk,5,13147.0,1725655247.0,UNSTABLE,199cd18ce20b2f726759d6bd2fead2f2f4e1584f,85167.625,66551,2,158,2024-09-06,62379d7d538c0a827cd754fdaf859af95031f4fa,build_log,,True
kafka,PR-16950,trunk,4,17152.0,1725708394.0,UNSTABLE,e9e99c10e524bcbee7f63111d952d1a13adc8e47,175204.94,66544,5,164,2024-09-07,e4d108d4df3762843deb568498d5b29c93488e17,build_log,,True
kafka,PR-17097,trunk,3,21811.0,1725714067.0,UNSTABLE,47ce02652814a209eb7b9a21d5e12486deb0bf1f,218844.62,66564,11,165,2024-09-07,e4d108d4df3762843deb568498d5b29c93488e17,build_log,,True
kafka,PR-16918,trunk,2,15613.0,1725719016.0,UNSTABLE,aa17c8e21425ec6bc4156e79d6b36e8f1802e3fd,123261.68,66558,6,157,2024-09-07,e4d108d4df3762843deb568498d5b29c93488e17,build_log,,True
kafka,PR-17109,trunk,5,16234.0,1725722642.0,UNSTABLE,c6fe2a7cfb26f21cfec751194fc902beddd94779,179597.58,66569,5,163,2024-09-07,50e7022a1bf756224eeab43579ddb0c3aa03b8be,build_log,,True
kafka,PR-16868,trunk,3,21597.0,1725723088.0,UNSTABLE,688632116eefb14180365183b2ab4f50d082a4a8,261916.81,66553,16,165,2024-09-07,50e7022a1bf756224eeab43579ddb0c3aa03b8be,build_log,,True
kafka,PR-17122,trunk,1,18983.0,1725724451.0,UNSTABLE,b84378a1ebf877da154ae76ebb6504c87fa9020a,233489.66,66553,25,168,2024-09-07,50e7022a1bf756224eeab43579ddb0c3aa03b8be,build_log,,True
kafka,PR-17108,trunk,3,16187.0,1725730943.0,UNSTABLE,fedb6870debb744b6d2328959d8eddb5f658f3a4,150291.02,66549,3,165,2024-09-07,50e7022a1bf756224eeab43579ddb0c3aa03b8be,build_log,,True
kafka,PR-17121,trunk,14,18242.0,1725736254.0,UNSTABLE,56fa051a72098f852e12c14835f00a666e4cd064,207035.31,66556,10,164,2024-09-07,50e7022a1bf756224eeab43579ddb0c3aa03b8be,build_log,,True
kafka,PR-17005,trunk,16,17431.0,1725740370.0,UNSTABLE,64cd0a5c718ff0e93c2923c82f56e05e74566234,182838.19,66562,4,164,2024-09-07,040ae26472a61787d0c4962341d83a57fc36ee40,build_log,,True
kafka,PR-17125,trunk,1,21340.0,1725784873.0,UNSTABLE,bc95452c97801d83eb5f9ff0d7cf9d444a3df19b,270451.6,66593,13,165,2024-09-08,a9f3ea2dd34f8704f880bf58af1ff3a3f1070fbb,build_log,,True
kafka,PR-15615,trunk,3,17879.0,1725786402.0,UNSTABLE,3748a1af2b0384fc370e6c86377b7c9107a72375,218730.02,66556,66,165,2024-09-08,a9f3ea2dd34f8704f880bf58af1ff3a3f1070fbb,build_log,,True
kafka,PR-17123,trunk,4,15533.0,1725805716.0,UNSTABLE,7a53cfab064bff00857711550db78979ff1575f1,153135.6,66585,7,164,2024-09-08,a9f3ea2dd34f8704f880bf58af1ff3a3f1070fbb,build_log,,True
kafka,PR-17105,trunk,5,16213.0,1725830448.0,UNSTABLE,c37671b6ab9fa822facc55ba56385f9fd3d30e06,137922.67,66608,5,157,2024-09-08,04dee3b2f2db317c94a52568ae9f674eb9d157bd,build_log,,True
kafka,PR-17130,trunk,1,21833.0,1725830774.0,UNSTABLE,596006008d34b628d2a321a037d408923cc10293,298426.0,66519,113,165,2024-09-08,049b7cde4c2f75a6af164d7308318e29878a2eca,build_log,,True
kafka,PR-16896,trunk,3,20801.0,1725868601.0,UNSTABLE,ba73bb08dcbb4e7de16ddc4d47bf7b65b83c6539,219223.23,66607,7,165,2024-09-09,049b7cde4c2f75a6af164d7308318e29878a2eca,build_log,,True
kafka,PR-17086,trunk,5,20181.0,1725881160.0,UNSTABLE,6386d4703f22ec515eb19fdb129ade7593955fa2,286982.78,66621,12,165,2024-09-09,049b7cde4c2f75a6af164d7308318e29878a2eca,build_log,,True
kafka,PR-17027,trunk,9,16940.0,1725881538.0,UNSTABLE,8da09bae43ce34e39d1df29e324e54055b55446c,195957.17,66602,10,164,2024-09-09,049b7cde4c2f75a6af164d7308318e29878a2eca,build_log,,True
kafka,PR-17044,trunk,3,20216.0,1725882451.0,UNSTABLE,1bb45ad29522544672386a1aa674d0d4a41732df,197385.73,66618,4,165,2024-09-09,049b7cde4c2f75a6af164d7308318e29878a2eca,build_log,,True
kafka,PR-17087,trunk,5,21816.0,1725888706.0,UNSTABLE,84a691fac152cff116570257bb9df304f9396f8b,278529.88,67561,19,164,2024-09-09,049b7cde4c2f75a6af164d7308318e29878a2eca,build_log,,True
kafka,PR-17135,trunk,1,23069.0,1725890836.0,UNSTABLE,4493ddc7917c40696609c1317c0f5a1905ba7d8b,244230.03,66617,20,164,2024-09-09,4ac1dd4fc7b033e5703d7c469c0d52e7d96788a7,build_log,,True
kafka,PR-17099,trunk,10,15619.0,1725892239.0,UNSTABLE,2eb05a7accbd94c47d209c11c979aa4678fdd0fb,117287.5,66619,15,157,2024-09-09,4ac1dd4fc7b033e5703d7c469c0d52e7d96788a7,build_log,,True
kafka,PR-17117,trunk,6,17465.0,1725892575.0,UNSTABLE,4268f6cbdd6bffd1b1604758ad903b409da283fb,107887.47,66619,5,156,2024-09-09,4ac1dd4fc7b033e5703d7c469c0d52e7d96788a7,build_log,,True
kafka,PR-17127,trunk,2,22263.0,1725894976.0,UNSTABLE,bed6b6a2b8762c09066188d0e615297d5eaa63da,186346.16,66626,11,157,2024-09-09,4ac1dd4fc7b033e5703d7c469c0d52e7d96788a7,build_log,,True
kafka,PR-17129,trunk,3,23500.0,1725896741.0,UNSTABLE,fd6713575fc48e3f29b5e7298c0b7e5e75b723a6,199315.12,66608,3,165,2024-09-09,4ac1dd4fc7b033e5703d7c469c0d52e7d96788a7,build_log,,True
kafka,PR-17134,trunk,2,23478.0,1725899836.0,UNSTABLE,ff4f3400511b362c607dfc625d55b52aad8dcf5d,228216.62,66613,11,165,2024-09-09,4ac1dd4fc7b033e5703d7c469c0d52e7d96788a7,build_log,,True
kafka,PR-17114,trunk,3,14554.0,1725907903.0,UNSTABLE,26fd9fc9574d492f62591ce1308a7f344cdf2318,115565.39,66616,3,157,2024-09-09,b317624baa76bffc30242dbbbbe97c29d726aace,build_log,,True
kafka,PR-17140,trunk,11,16818.0,1725908219.0,UNSTABLE,a7e801facf9755763f17b3b065263fc7b9509063,108240.984,66614,3,159,2024-09-09,b317624baa76bffc30242dbbbbe97c29d726aace,build_log,,True
kafka,PR-17011,trunk,32,21218.0,1725911609.0,UNSTABLE,95a72e23699c8d71d2cde418d7cbccb32dd3cdd3,207618.27,66698,10,165,2024-09-09,92672d1df81cd608f9c360260e022c07e41d2ceb,build_log,,True
kafka,PR-17142,trunk,1,18032.0,1725915589.0,UNSTABLE,8cab7e2a2972de9757dafdee8728d65f22cf0412,118044.766,66640,4,157,2024-09-09,92672d1df81cd608f9c360260e022c07e41d2ceb,build_log,,True
kafka,PR-17143,trunk,1,6022.0,1725925503.0,UNSTABLE,201827f5ac2c0ba8f3a31509e3650944825f37dd,55636.926,66649,5,149,2024-09-09,92672d1df81cd608f9c360260e022c07e41d2ceb,build_log,,True
kafka,PR-17144,trunk,1,16225.0,1725927634.0,UNSTABLE,7fd2a2db0a4f529bf23a7f50662cdc07c2ffbcd7,232043.06,66699,13,164,2024-09-09,821c10157d1719f2cc9cb279242805e69158a086,build_log,,True
kafka,PR-17133,trunk,2,21424.0,1725936072.0,UNSTABLE,c91cb7e97f473d569d9c816ad92fb3c8c7a80866,194099.05,66692,7,168,2024-09-09,b22e848ddef975785846af13685ee50ce40d4df9,build_log,,True
kafka,PR-17131,3.9,4,17213.0,1725937319.0,UNSTABLE,52b0992caa88faa750609fb7278ef7feadf096d7,182993.62,66190,4,167,2024-09-09,034780dce90002406ccbef4ef6a7799c8c857429,build_log,,True
kafka,PR-17148,trunk,2,16550.0,1725939339.0,UNSTABLE,95b142d12d7fae2f53967fdd8b2fcf638c491b91,170243.16,66691,7,164,2024-09-09,b22e848ddef975785846af13685ee50ce40d4df9,build_log,,True
kafka,PR-17071,trunk,5,22666.0,1725940157.0,UNSTABLE,b074c51d163d07d9b50c3aaf99f8a20e3ea9fe0e,191699.22,66703,25,157,2024-09-09,b22e848ddef975785846af13685ee50ce40d4df9,build_log,,True
kafka,PR-16898,trunk,9,14924.0,1725955704.0,UNSTABLE,99db7458a1be4f6d0edd003c2aaea7e77ace1baf,98251.82,66750,4,156,2024-09-10,089cbefac9cb7b6c153c5377ee877ca290b3ee9e,build_log,,True
kafka,PR-17128,trunk,12,20455.0,1725957875.0,UNSTABLE,85bdd76f0a1203cb18a5e02daf9cb029cdbbd240,244057.34,66718,11,165,2024-09-10,beacf488d1391b010b28e907f13f284401e46f0b,build_log,,True
kafka,PR-16916,trunk,10,19473.0,1725959069.0,UNSTABLE,70ced5109a5a73bd2dc66d11dff528d384f638c7,168845.2,66755,9,163,2024-09-10,beacf488d1391b010b28e907f13f284401e46f0b,build_log,,True
kafka,PR-17137,trunk,2,14812.0,1725959796.0,UNSTABLE,cb1852884de0c5b3cd252f9512bbbdc834719245,109784.71,66719,6,157,2024-09-10,af8d058d8e43ed90b02885ae723c9801b8ed71ab,build_log,,True
kafka,PR-17151,trunk,1,20756.0,1725975237.0,UNSTABLE,5de905804a0d2f651ae4507007c57763db6287a8,139391.47,66505,29,157,2024-09-10,ac4784ec0c9ebf924e8f05a8de8e43b1e09526d4,build_log,,True
kafka,PR-17152,trunk,3,18279.0,1725976596.0,UNSTABLE,8d472a8182f39e9a0da1100768f28862feae6de0,195805.22,66703,5,164,2024-09-10,ac4784ec0c9ebf924e8f05a8de8e43b1e09526d4,build_log,,True
kafka,PR-17153,trunk,1,15367.0,1725977674.0,UNSTABLE,827efa5cc346ddfa4e7be04a516c4562481286d4,149649.83,66701,5,151,2024-09-10,975bc831d193a9be7b2206a30c94997a4409ec94,build_log,,True
kafka,PR-17116,trunk,9,21387.0,1725978651.0,UNSTABLE,eefc2c316bc449ad064bbb6c42bd8ab834cb2cba,257365.08,66757,13,165,2024-09-10,31f79055cebcc88d866dcd8eb331fd8b85557be9,build_log,,True
kafka,PR-17138,trunk,6,20082.0,1725981772.0,UNSTABLE,bda6968191be3b9f81abe71bf64d4e2c196d557c,206652.16,66740,8,164,2024-09-10,05955bc1fc9c6741159f6b10e8226d9827f98946,build_log,,True
kafka,PR-17155,trunk,1,19672.0,1725982249.0,UNSTABLE,ad6c52e1e38d09b681a243add9b2f25a997a39f6,199905.84,66199,58,163,2024-09-10,05955bc1fc9c6741159f6b10e8226d9827f98946,build_log,,True
kafka,PR-17156,trunk,6,17907.0,1725992375.0,UNSTABLE,db7ccdce80f2f67d6deee2015cc0f793f4d8ecd2,120391.31,66745,10,162,2024-09-10,0af75c0e41184e362efca25317b5e8dd89507cd2,build_log,,True
kafka,PR-17158,trunk,1,22045.0,1725993641.0,UNSTABLE,25009f60f89636a86b496d887e63496e600c99e3,352409.84,66061,97,163,2024-09-10,0af75c0e41184e362efca25317b5e8dd89507cd2,build_log,,True
kafka,PR-17141,trunk,3,18208.0,1725997607.0,UNSTABLE,a020aff369aeec5e73ceab35d6a2875445ed615d,207911.23,66755,8,165,2024-09-10,0af75c0e41184e362efca25317b5e8dd89507cd2,build_log,,True
kafka,PR-17157,trunk,3,16856.0,1725998440.0,UNSTABLE,27195cd8ccb952a5b47ebbb0948e2faeea2ac912,125876.79,66760,10,163,2024-09-10,0af75c0e41184e362efca25317b5e8dd89507cd2,build_log,,True
kafka,PR-17124,trunk,7,19773.0,1726004774.0,UNSTABLE,597e472ac9a2ea0bbc77ceb17928c7a73cc23bb9,201970.3,66743,6,165,2024-09-10,0af75c0e41184e362efca25317b5e8dd89507cd2,build_log,,True
kafka,PR-16991,trunk,11,21126.0,1726006964.0,UNSTABLE,ebf0d679b8f37482ede268c5389d3c9e95cacb01,165538.2,66718,48,165,2024-09-10,0af75c0e41184e362efca25317b5e8dd89507cd2,build_log,,True
kafka,PR-17070,trunk,8,18039.0,1726008548.0,UNSTABLE,07b2864dc1d920c5711fcc93740b6d719854bfbb,167596.38,66757,5,164,2024-09-10,0af75c0e41184e362efca25317b5e8dd89507cd2,build_log,,True
kafka,PR-17160,trunk,1,17795.0,1726010100.0,UNSTABLE,74c15d40c303cc0f102c5032013f332c97c2e4fc,225480.34,66753,14,164,2024-09-10,0af75c0e41184e362efca25317b5e8dd89507cd2,build_log,,True
kafka,PR-17161,trunk,1,17013.0,1726011139.0,UNSTABLE,270209079b3326a1b97ada0a04043c68778ee977,181881.5,66753,6,165,2024-09-10,0af75c0e41184e362efca25317b5e8dd89507cd2,build_log,,True
kafka,PR-17164,trunk,1,19055.0,1726034620.0,UNSTABLE,139b8aea1d788ca83ac7ccdf31f8f9ba33e1be26,291577.7,66755,14,151,2024-09-11,a981c33bdf09da8d28f83c03680fc167a3a94287,build_log,,True
kafka,PR-17046,trunk,5,12436.0,1726048490.0,UNSTABLE,f074a207f1e8cfd647ef32a6bec4fc8c59c8de86,70411.97,66798,4,151,2024-09-11,e380b7f5d1a095c5ca60da3637b93e62e611ba13,build_log,,True
kafka,PR-17075,trunk,5,21109.0,1726048773.0,UNSTABLE,2ef030baa9e709bb7dce874c3026c3e9eefb9cbe,211180.8,66788,9,151,2024-09-11,e380b7f5d1a095c5ca60da3637b93e62e611ba13,build_log,,True
kafka,PR-17059,trunk,9,11570.0,1726050966.0,UNSTABLE,272c9eb942ae24153ddd3d398c5fd2a56c1f241d,59425.953,66788,3,151,2024-09-11,b4e1deb43a75ca84262d877c5f47bbf2b0dbc6c4,build_log,,True
kafka,PR-16969,trunk,36,8270.0,1726057424.0,UNSTABLE,62ad9429a85f3970640ede637dcb1bf8cf1ebba3,61916.42,66810,4,151,2024-09-11,d04f53489256cf19e7faeacfe325f7527f796cf0,build_log,,True
kafka,PR-16922,trunk,14,14672.0,1726065468.0,UNSTABLE,74cf7b22df42cb896d3ce3b2fc17a205d64ca0d1,118888.21,66822,7,151,2024-09-11,d04f53489256cf19e7faeacfe325f7527f796cf0,build_log,,True
kafka,PR-17147,trunk,6,21599.0,1726065674.0,UNSTABLE,87c4234f334251b0d587d2a94e2a29a19dd68faa,215558.5,66793,5,151,2024-09-11,d04f53489256cf19e7faeacfe325f7527f796cf0,build_log,,True
kafka,PR-17126,trunk,2,15729.0,1726067867.0,UNSTABLE,0af52e9f3df7cb52b59574fc9ea4189a9b5b38ca,105096.984,66784,1,151,2024-09-11,0e30209f01728d176906df23fad3cf8b36abbf38,build_log,,True
kafka,PR-17145,trunk,3,16107.0,1726071540.0,UNSTABLE,25ac9370c13050fc4ba43ede4615569686d3cc15,124335.05,66794,6,151,2024-09-11,0e30209f01728d176906df23fad3cf8b36abbf38,build_log,,True
kafka,PR-17166,trunk,5,18306.0,1726081057.0,UNSTABLE,a7ef15b5c6d2cb73ae349babb758c40df5451186,183850.12,66700,28,151,2024-09-11,f466e86bb5600b3b969df4b5f8fa4f5512bd1835,build_log,,True
kafka,PR-17162,trunk,6,20865.0,1726093297.0,UNSTABLE,ea690255bb78ceaa727e608dfaaeb421db894cbb,207997.6,66823,5,151,2024-09-11,c62c3899aaa1787b72ec8236e5a2ab290e2989ac,build_log,,True
kafka,PR-17167,trunk,2,16682.0,1726103606.0,UNSTABLE,4ca8f686a3c46a4f9013d73d9c017e5c174418fd,125727.3,66819,4,151,2024-09-11,a1f28570afb9499fb0cdb9b2928afb50a8a489ff,build_log,,True
kafka,PR-17171,trunk,1,19264.0,1726107045.0,UNSTABLE,6fb5258775878a4fcf8f196d78d7154bf205f97d,198861.0,65779,107,149,2024-09-11,a1f28570afb9499fb0cdb9b2928afb50a8a489ff,build_log,,True
kafka,PR-17172,trunk,1,17555.0,1726109493.0,UNSTABLE,13eed7567629e40be07489b6b56acefd745fcf2a,104513.39,66814,4,151,2024-09-11,a1f28570afb9499fb0cdb9b2928afb50a8a489ff,build_log,,True
kafka,PR-17082,trunk,4,16420.0,1726119438.0,UNSTABLE,ed26f66db95e6a42a74772f4e8acfc3f1a648f63,164280.77,66820,6,151,2024-09-12,a1f28570afb9499fb0cdb9b2928afb50a8a489ff,build_log,,True
kafka,PR-17136,trunk,5,5895.0,1726124718.0,SUCCESS,86e4511b2d3833aa6659a5501ced04bd00bbcce0,46699.527,66814,0,151,2024-09-12,a1f28570afb9499fb0cdb9b2928afb50a8a489ff,build_log,,True
kafka,PR-16988,trunk,7,17623.0,1726125171.0,UNSTABLE,1039817e2aaf69397885ff02987137a9b1934507,192035.64,66809,37,151,2024-09-12,a1f28570afb9499fb0cdb9b2928afb50a8a489ff,build_log,,True
kafka,PR-17176,trunk,1,19870.0,1726138028.0,UNSTABLE,61c750b1665f59a9ead62335acb036ddda75a9a4,143707.14,66765,53,151,2024-09-12,241b6e6c6f26291a9498891aea163ba63b15afac,build_log,,True
kafka,PR-17175,trunk,2,16098.0,1726142872.0,UNSTABLE,e03317f0c89520b5d42ef4844b3c803270f1ab57,115931.79,66822,4,151,2024-09-12,241b6e6c6f26291a9498891aea163ba63b15afac,build_log,,True
kafka,PR-17009,trunk,14,18303.0,1726142947.0,UNSTABLE,392e040e364b826c09da019b180cd4b609c5b8f1,150805.86,66898,4,151,2024-09-12,241b6e6c6f26291a9498891aea163ba63b15afac,build_log,,True
kafka,PR-17177,trunk,1,17936.0,1726144943.0,UNSTABLE,7a40b26409cde2204147a1809bcbe503f8b0549f,97317.086,66814,3,151,2024-09-12,241b6e6c6f26291a9498891aea163ba63b15afac,build_log,,True
kafka,PR-17178,trunk,1,9174.0,1726154137.0,UNSTABLE,8893de1ab3e722b005e0236cc728aa39ab3b9e19,62537.773,66816,5,151,2024-09-12,241b6e6c6f26291a9498891aea163ba63b15afac,build_log,,True
kafka,PR-17180,trunk,1,18187.0,1726158798.0,UNSTABLE,462ad84e9e3b67dbfc5d90b3a0f4ead184194bb7,182955.75,66815,9,151,2024-09-12,2703b64c4ccf9ba463cac58ff922757741a3af92,build_log,,True
kafka,PR-17182,trunk,1,18059.0,1726159477.0,UNSTABLE,9e59c9ae1113689aa40e830df5d38ace8621a876,189274.34,66809,5,151,2024-09-12,2703b64c4ccf9ba463cac58ff922757741a3af92,build_log,,True
kafka,PR-17136,trunk,7,20941.0,1726175694.0,UNSTABLE,28cbb7c1a5bb45aaffaf6a573fa364bf3db46f8b,143993.23,66813,5,151,2024-09-12,b436499557e4d9de89a01818117d6c29d8190a49,build_log,,True
kafka,PR-17159,trunk,4,18016.0,1726182476.0,UNSTABLE,8b9343972157c3a18c2553ba1b62f9aebe5cac7e,215678.81,66821,9,151,2024-09-12,b436499557e4d9de89a01818117d6c29d8190a49,build_log,,True
kafka,PR-17181,trunk,10,10190.0,1726196084.0,UNSTABLE,efc1adb31cbaeb6d801165e7c5a2cc3bf5963e73,64500.676,66814,2,151,2024-09-12,b436499557e4d9de89a01818117d6c29d8190a49,build_log,,True
kafka,PR-17154,trunk,6,19334.0,1726196807.0,UNSTABLE,94dc2edd27c226703d10ab82ac2942b604877b9d,225023.8,66818,11,151,2024-09-12,b436499557e4d9de89a01818117d6c29d8190a49,build_log,,True
kafka,PR-17173,trunk,3,17839.0,1726209873.0,UNSTABLE,a949c65ef21ea52b837e8d79682f390307d0920e,194687.47,66825,12,151,2024-09-13,b436499557e4d9de89a01818117d6c29d8190a49,build_log,,True
kafka,PR-17186,3.7,1,19408.0,1726211047.0,UNSTABLE,7cd39aadef40c135340ede446e34ac5db0c2cdfa,321993.75,111593,33,274,2024-09-13,a1766e02b6844610f7e11699617d53a04fe8e516,build_log,,True
kafka,PR-16885,trunk,34,17670.0,1726226728.0,UNSTABLE,fdb39bff2526108b758f0677791d04a5afadda68,158865.9,66810,3,151,2024-09-13,3a79fabacfeb7bb7a182ca676be36fc2da81d26d,build_log,,True
kafka,PR-17189,trunk,1,6973.0,1726238412.0,UNSTABLE,2489c1311d85d234f16bde8c5ad2a9cde28aff69,54736.047,66826,2,151,2024-09-13,d95e384146e67e475b2e0638f70d6f4a708a01dc,build_log,,True
kafka,PR-17190,trunk,2,21627.0,1726242179.0,UNSTABLE,37e99d875bb487ed0170ecf5b6adb22a23bafe34,246540.47,66803,8,151,2024-09-13,420f69abbd1e8537edee0c8f78a51b93744bafb7,build_log,,True
kafka,PR-17139,trunk,5,15961.0,1726242860.0,UNSTABLE,1bdc192e52b5a10108d0254ef94cf415347e2473,103526.43,66826,2,151,2024-09-13,420f69abbd1e8537edee0c8f78a51b93744bafb7,build_log,,True
kafka,PR-17194,trunk,1,16728.0,1726248942.0,UNSTABLE,97d4a228f70ca9ec8775564bada6dbbceeea0dea,129931.51,66830,5,151,2024-09-13,d3936365bf0fc7df86c2632a576081474d923e08,build_log,,True
kafka,PR-17169,trunk,4,17845.0,1726251409.0,UNSTABLE,38d05a944c1e8e8094c8c08b154a12c1235b6599,199360.69,66847,10,151,2024-09-13,d3936365bf0fc7df86c2632a576081474d923e08,build_log,,True
kafka,PR-17192,trunk,3,17803.0,1726273450.0,UNSTABLE,291256cab0008b52051a8705fc346be6936f4490,209151.06,66873,12,151,2024-09-13,6610a4d46fa1efb02d905d1dccfd3b58e79f9c1f,build_log,,True
kafka,PR-17195,trunk,3,15107.0,1726277407.0,UNSTABLE,a010a26cfeb61e3dace37849ac92b266b78c87e7,98422.84,66867,6,151,2024-09-13,d7a456ed5d531465d33cb83f4fafe7f79327d6b8,build_log,,True
kafka,PR-17168,trunk,2,19064.0,1726278172.0,UNSTABLE,1dd26e07b33fed14f64cfd15fbbba9f962acd816,228566.7,66883,9,151,2024-09-13,d7a456ed5d531465d33cb83f4fafe7f79327d6b8,build_log,,True
kafka,PR-17083,trunk,3,20755.0,1726279380.0,UNSTABLE,a943f90772f64f86b7cf36ea9d667043c1fa9345,169876.0,66871,9,151,2024-09-13,d7a456ed5d531465d33cb83f4fafe7f79327d6b8,build_log,,True
kafka,PR-17163,trunk,4,22213.0,1726283501.0,UNSTABLE,5dd136b2be9a67cdb7d462b3aa09e632fd837a7d,368789.66,66885,37,151,2024-09-13,d7a456ed5d531465d33cb83f4fafe7f79327d6b8,build_log,,True
kafka,PR-17150,trunk,3,14011.0,1726284203.0,UNSTABLE,4576cc638c9accde63ce9d226546708065675534,92521.13,66877,2,151,2024-09-13,d7a456ed5d531465d33cb83f4fafe7f79327d6b8,build_log,,True
kafka,PR-17199,trunk,1,14764.0,1726371494.0,UNSTABLE,b1b848fd5a86b4f9ba461c41e10b57a30de886a6,97990.81,66862,6,151,2024-09-14,7a321f29a2495d519165206e50b10595a0ceae9c,build_log,,True
kafka,PR-17200,trunk,1,15751.0,1726371855.0,UNSTABLE,9a99e27708adf0828f8323004a78dc5f0b9d4972,173409.78,66868,8,151,2024-09-14,7a321f29a2495d519165206e50b10595a0ceae9c,build_log,,True
kafka,PR-17197,trunk,2,17315.0,1726380276.0,UNSTABLE,9529bb33d2e70327969ea824307b44f12ec082a1,162544.1,66870,6,151,2024-09-15,7a321f29a2495d519165206e50b10595a0ceae9c,build_log,,True
kafka,PR-17201,trunk,1,18077.0,1726381946.0,UNSTABLE,d0cc9bf9790210c47a99d9316afae09a51e41083,207007.56,66884,11,151,2024-09-15,7a321f29a2495d519165206e50b10595a0ceae9c,build_log,,True
kafka,PR-16602,trunk,26,17016.0,1726420575.0,UNSTABLE,578fe23b2e1063198f92d32116c2eac9c8de7129,121083.58,66890,5,151,2024-09-15,c95865437b80ad37cc2bf3007fc744b40f712aa8,build_log,,True
kafka,PR-17042,trunk,4,16051.0,1726433554.0,UNSTABLE,ea83ddf62f8d8c3242681df00df5de61fb6354e6,118924.99,66853,3,151,2024-09-15,e1f11c67140f995bc22acd1568fcfac593c1ee10,build_log,,True
kafka,PR-17203,trunk,1,20355.0,1726446049.0,UNSTABLE,f214b67de2cc887b15fdda6e9c44a8bec6d741a1,150104.94,66869,4,151,2024-09-15,344d8a60af8ba7e4ae646501494b17b6987a95d3,build_log,,True
kafka,PR-17205,trunk,1,21395.0,1726454290.0,UNSTABLE,8339055c960b81f3e06c0c96b8c8d11e133b6536,221573.17,66883,10,151,2024-09-15,344d8a60af8ba7e4ae646501494b17b6987a95d3,build_log,,True
kafka,PR-16964,trunk,12,17286.0,1726486793.0,UNSTABLE,4dc4e625edbee46494c99d5e3dad2e9a600fe1ac,195130.7,66897,9,151,2024-09-16,ab1eb8d561ca3ac4a1366f866d450d92c3a0144a,build_log,,True
kafka,PR-16843,trunk,10,17093.0,1726487324.0,UNSTABLE,48dfffe8e9c2c65e45f9e3824a2c10e965624a53,162564.9,66870,5,151,2024-09-16,ab1eb8d561ca3ac4a1366f866d450d92c3a0144a,build_log,,True
kafka,PR-16965,trunk,9,10498.0,1726494130.0,UNSTABLE,1998aeebf09703dae7a6368b66f57135f7d2d920,60437.17,66869,2,151,2024-09-16,d0f4d691b592ed2d65c9df413f5d6660df7fc90e,build_log,,True
kafka,PR-17213,trunk,1,20499.0,1726542759.0,UNSTABLE,ffb79f468d810042fd335f40647afc83fb05e084,190997.42,66324,80,150,2024-09-16,aaf3fc05f8e7cb6b8c79f8471f68faa3a994e1e5,build_log,,True
kafka,PR-17210,trunk,3,17395.0,1726562405.0,UNSTABLE,9f7393bcd92fe886b9c1f8ed788a7851d9c20a37,215199.62,66813,16,151,2024-09-17,aaf3fc05f8e7cb6b8c79f8471f68faa3a994e1e5,build_log,,True
kafka,PR-17215,trunk,1,14741.0,1726563930.0,UNSTABLE,a42b934b132fc272aabc29a7bd4e8768a6b237f3,100296.86,66798,1,151,2024-09-17,aaf3fc05f8e7cb6b8c79f8471f68faa3a994e1e5,build_log,,True
kafka,PR-17216,3.9,5,15835.0,1726583505.0,UNSTABLE,d0d326ca2644d18fdb5e80111c58167064a84583,160163.62,66246,9,163,2024-09-17,a1a4389c35026805cdccd5aa1a5b5d1ac5cd5205,build_log,,True
kafka,PR-17217,trunk,1,15811.0,1726590520.0,UNSTABLE,96bc29833c1c3d0f0d64eeaccbf59cad5ba0470e,111750.73,66799,6,151,2024-09-17,f1e7954ad1dd2dc865195cdb796e2b1d518f8b85,build_log,,True
kafka,PR-17218,3.9,1,16897.0,1726596739.0,UNSTABLE,04469c489b1c75eaaddf003b512ab60bf00d8835,108366.79,66220,3,160,2024-09-17,f324ef461f9d9e7fc38324336727e0cc269b95db,build_log,,True
kafka,PR-17219,trunk,1,16739.0,1726621857.0,UNSTABLE,6ad68fa038444ad142ec962666353c6e4113a19e,188491.94,66803,6,151,2024-09-17,95b734d3c86c06a1599e8559d0ab2f95b442125c,build_log,,True
kafka,PR-17220,trunk,1,16319.0,1726624224.0,SUCCESS,46c70d54df817356e7e69172cdce99c030d63d9c,100609.1,66796,0,151,2024-09-17,95b734d3c86c06a1599e8559d0ab2f95b442125c,build_log,,True
kafka,PR-17214,trunk,3,18851.0,1726629798.0,UNSTABLE,1a83a24ba81071edfa7aed0dc0d3d061517fbc60,199309.6,66804,5,151,2024-09-17,95b734d3c86c06a1599e8559d0ab2f95b442125c,build_log,,True
kafka,PR-16761,trunk,28,16398.0,1726641780.0,UNSTABLE,08879f8d7741b6cd97b9826bc8334f3f9510db94,149598.86,66783,1,151,2024-09-18,95b734d3c86c06a1599e8559d0ab2f95b442125c,build_log,,True
kafka,PR-17187,trunk,4,20155.0,1726657721.0,UNSTABLE,ecdc67545be3a5a352a96931257c087d2a804992,213526.48,66803,5,151,2024-09-18,74bebf6e3dfdc9de6894d656bdbbb28a4c33eda8,build_log,,True
kafka,PR-17191,trunk,9,16359.0,1726662049.0,UNSTABLE,9f18444e75149aa957ca6a6e29dfb456bc7cb690,127816.27,66799,5,151,2024-09-18,74bebf6e3dfdc9de6894d656bdbbb28a4c33eda8,build_log,,True
kafka,PR-17226,trunk,1,16905.0,1726662861.0,UNSTABLE,ad1dfa81d194452933bc67555b0ae3d133334bd5,163493.8,66797,3,151,2024-09-18,74bebf6e3dfdc9de6894d656bdbbb28a4c33eda8,build_log,,True
kafka,PR-17076,trunk,7,18505.0,1726683289.0,UNSTABLE,4ae624bab0cad7ae9dbc964850dd317b9844bbc6,218324.53,66799,8,151,2024-09-18,77e952687bd4cc5f2423f2824ac20cb061c91836,build_log,,True
kafka,PR-17170,trunk,3,16258.0,1726693148.0,UNSTABLE,28aaab8a0a0e3ad2dbe349fe1fc44a36d219fc86,193688.84,66563,9,151,2024-09-18,09e3c12057b1e15ad2a9fb85af452fd3c3dc87e1,build_log,,True
kafka,PR-17229,trunk,3,16767.0,1726702137.0,UNSTABLE,3bacc383f967f76045686f80d94a9daef6fbc3cb,115163.05,66797,3,151,2024-09-18,09e3c12057b1e15ad2a9fb85af452fd3c3dc87e1,build_log,,True
kafka,PR-17228,trunk,3,16058.0,1726706754.0,UNSTABLE,af82c3d14f2ebeb10c331932b2da4711afef250e,190197.4,66809,7,151,2024-09-18,09e3c12057b1e15ad2a9fb85af452fd3c3dc87e1,build_log,,True
kafka,PR-17232,trunk,1,17210.0,1726736585.0,UNSTABLE,54cf10854707831d7c3cd9ee37dccddf929f87f4,156110.17,66797,6,151,2024-09-19,31d395163e55487c6f2025a2ed08cfe3ad1c9cdb,build_log,,True
kafka,PR-17234,trunk,1,15960.0,1726751259.0,UNSTABLE,15c365287c1b97d4a020f0bdced10c8550ef490e,132360.25,66804,5,151,2024-09-19,31d395163e55487c6f2025a2ed08cfe3ad1c9cdb,build_log,,True
kafka,PR-17132,trunk,3,14390.0,1726754112.0,SUCCESS,2daef277406515ac85a7ced9e72e5e39df977041,94014.164,66798,0,151,2024-09-19,31d395163e55487c6f2025a2ed08cfe3ad1c9cdb,build_log,,True
kafka,PR-17211,trunk,3,19094.0,1726765909.0,UNSTABLE,39c0b9a1b6c21265436e573ed305b1e58d87d692,181119.67,66809,7,151,2024-09-19,ef567bcc3fe262455b11707818dc6c5b7f7b7e21,build_log,,True
kafka,PR-16957,trunk,10,20135.0,1726766696.0,UNSTABLE,9d3a34494819fe7f94ec50b588d1fb49225f262b,157285.83,66802,9,151,2024-09-19,8569cf102b93f23e2536a6c8659125f6e8b86a8d,build_log,,True
kafka,PR-17227,trunk,3,19486.0,1726767824.0,UNSTABLE,8c8d01b6cf7c2224fba87b706ccd24dfe58d56fc,124784.18,66799,2,151,2024-09-19,8569cf102b93f23e2536a6c8659125f6e8b86a8d,build_log,,True
kafka,PR-17239,trunk,1,15701.0,1726777138.0,UNSTABLE,e836945c0787396423424648b2f62f20da762c37,197783.53,66802,6,151,2024-09-19,e3983c2a442b86db3d0d7ba880437c3a36aa5373,build_log,,True
kafka,PR-17240,trunk,1,16861.0,1726785786.0,SUCCESS,c70c4b0f58c6e44ad3f7c28cc85ebde07502affa,95942.9,66798,0,151,2024-09-19,57013061c159d235f36d95ad0130e058832c26ef,build_log,,True
kafka,PR-17241,trunk,1,21505.0,1726788317.0,UNSTABLE,a83ff3d0847c0c89bbb880bd8a1777d0134938ad,213423.3,66803,10,151,2024-09-19,57013061c159d235f36d95ad0130e058832c26ef,build_log,,True
kafka,PR-17208,trunk,13,17542.0,1726788998.0,UNSTABLE,e39f883572faaaf6cdcb76d0fa1d00ebb3db1795,218654.58,66821,18,151,2024-09-19,57013061c159d235f36d95ad0130e058832c26ef,build_log,,True
kafka,PR-17242,trunk,3,15154.0,1726789565.0,UNSTABLE,9443afdf2cd0d3fff2fb1f4d07ded286f2ebe04a,123004.85,66805,6,151,2024-09-19,3783385dc1cc27246cf09ec791e4b43f577a26ea,build_log,,True
kafka,PR-17198,trunk,9,17042.0,1726795276.0,UNSTABLE,fe2ad32fcbdd05958d2229f9d7f24741f65fa93c,145588.17,66759,5,149,2024-09-19,3783385dc1cc27246cf09ec791e4b43f577a26ea,build_log,,True
kafka,PR-17196,trunk,4,16224.0,1726821000.0,UNSTABLE,8579472384fafc24293049ee5cee7f4c15a98c8b,103689.625,66804,3,151,2024-09-20,3783385dc1cc27246cf09ec791e4b43f577a26ea,build_log,,True
kafka,PR-17243,trunk,1,19200.0,1726824920.0,UNSTABLE,c92715ffd1ce61443cfa681c1a91fb8f3221597f,392660.6,66834,52,151,2024-09-20,3783385dc1cc27246cf09ec791e4b43f577a26ea,build_log,,True
kafka,PR-17016,trunk,14,16375.0,1726836539.0,UNSTABLE,9ca12f272886f783ea461816444dc30c70950e52,217585.58,66642,30,151,2024-09-20,3783385dc1cc27246cf09ec791e4b43f577a26ea,build_log,,True
kafka,PR-17245,trunk,1,15288.0,1726849111.0,UNSTABLE,7ea8ea01dcd359eb3ba075b0dafaac205df4bc6f,162377.98,66731,4,149,2024-09-20,3783385dc1cc27246cf09ec791e4b43f577a26ea,build_log,,True
kafka,PR-17206,trunk,3,16006.0,1726874366.0,UNSTABLE,8fac6e41adac2c63f22d8f5bdae252f5a7573355,97004.32,66558,1,151,2024-09-20,2489cf586f81d4ddef25dc409c03dfc3c4ccad24,build_log,,True
kafka,PR-17204,trunk,9,16991.0,1726882423.0,UNSTABLE,a953e418317733daf12db364b2a0266abdae7256,211637.39,66565,7,151,2024-09-20,2489cf586f81d4ddef25dc409c03dfc3c4ccad24,build_log,,True
kafka,PR-17080,trunk,11,21005.0,1726899070.0,UNSTABLE,9feb16ccbd5633aa65d4d78b4a106556f1d45c46,258493.31,66566,10,151,2024-09-21,2489cf586f81d4ddef25dc409c03dfc3c4ccad24,build_log,,True
kafka,PR-16912,trunk,9,21134.0,1726920255.0,UNSTABLE,28815d6196ce330187faea8238d07a1a5aba7aac,226230.22,66567,13,151,2024-09-21,2489cf586f81d4ddef25dc409c03dfc3c4ccad24,build_log,,True
kafka,PR-16050,trunk,6,20595.0,1726921025.0,UNSTABLE,016cab2d3d6b91fa990449833bea85bca682da35,227796.06,66571,8,151,2024-09-21,2489cf586f81d4ddef25dc409c03dfc3c4ccad24,build_log,,True
kafka,PR-17026,trunk,5,19611.0,1726922107.0,UNSTABLE,c52cb83d3c8740634bd6e5a9ea8384de47681477,193091.72,66577,5,151,2024-09-21,2489cf586f81d4ddef25dc409c03dfc3c4ccad24,build_log,,True
kafka,PR-16463,trunk,22,16170.0,1726944897.0,UNSTABLE,384b79a73bbc23b02c09c27db1c5c2eb435a59d3,168120.73,66565,7,151,2024-09-21,bf450ebe5a4c24492d5dc39cb47da6e7bc0c633f,build_log,,True
kafka,PR-17230,trunk,6,15504.0,1726947048.0,UNSTABLE,1bdfb9f8acc5ad498c1450ad0dbce59b10a6f072,162715.2,66575,4,151,2024-09-21,bf450ebe5a4c24492d5dc39cb47da6e7bc0c633f,build_log,,True
kafka,PR-17212,trunk,3,15745.0,1726970196.0,UNSTABLE,ca4563d6e2c6680dc627c6eebe6f6ddf6b7d4b7f,112039.17,66702,7,151,2024-09-21,bf450ebe5a4c24492d5dc39cb47da6e7bc0c633f,build_log,,True
kafka,PR-17179,trunk,6,16365.0,1726979520.0,UNSTABLE,334ac8942603c5b47aacc035b812c36881214b22,113866.89,66558,5,151,2024-09-21,bf450ebe5a4c24492d5dc39cb47da6e7bc0c633f,build_log,,True
kafka,PR-17202,trunk,5,5984.0,1726981461.0,UNSTABLE,baaef6ac4c1d8c8c3fed900d80dc4044447c18b9,54815.918,66555,2,151,2024-09-22,bf450ebe5a4c24492d5dc39cb47da6e7bc0c633f,build_log,,True
kafka,PR-17248,trunk,1,17254.0,1726988925.0,UNSTABLE,4aabf4cdd7f952bcf8e120fb36d721e26a8ca056,192806.52,66564,10,151,2024-09-22,bf450ebe5a4c24492d5dc39cb47da6e7bc0c633f,build_log,,True
kafka,PR-17249,trunk,1,16871.0,1726996609.0,UNSTABLE,7c1f7683389e9ef1294a38e2ea3524afe65c6626,141015.22,66565,6,151,2024-09-22,bf450ebe5a4c24492d5dc39cb47da6e7bc0c633f,build_log,,True
kafka,PR-17207,trunk,5,15420.0,1727037695.0,UNSTABLE,a8d18e0dd4d4e5e9a6a2624afa5174357bc07332,102608.76,66563,1,151,2024-09-22,bf450ebe5a4c24492d5dc39cb47da6e7bc0c633f,build_log,,True
kafka,PR-17174,trunk,7,16151.0,1727054773.0,UNSTABLE,a6ed817156bcc2fa0e70da823bf3ca2e57ca3f6e,141255.5,66568,7,151,2024-09-22,bf450ebe5a4c24492d5dc39cb47da6e7bc0c633f,build_log,,True
kafka,PR-17237,trunk,6,16199.0,1727075999.0,SUCCESS,8516b3174c194cd6340ca999cdb08143d1cd4a91,101362.37,66688,0,151,2024-09-23,d06344382574eec3da917e00e4537e40449f16e2,build_log,,True
kafka,PR-17223,trunk,7,19963.0,1727079518.0,UNSTABLE,7b25136e8ded19419d8553c4fbc1ed4e43486402,128206.34,66695,5,151,2024-09-23,d06344382574eec3da917e00e4537e40449f16e2,build_log,,True
kafka,PR-17252,trunk,2,17866.0,1727092611.0,UNSTABLE,ea54ef3bccf5180e0f9034bfd0e94d8ea05f9718,182618.0,66694,5,151,2024-09-23,d06344382574eec3da917e00e4537e40449f16e2,build_log,,True
kafka,PR-17253,trunk,2,17737.0,1727094501.0,UNSTABLE,2f92ca4227f65c2d1987b947820ba36831368524,104702.805,66694,2,151,2024-09-23,a407cc3a315536e6b3ea5e52bc34ed603dd75d1b,build_log,,True
kafka,PR-17240,trunk,5,17021.0,1727094898.0,UNSTABLE,b6597787b233617660d667746101d90433f85404,104465.4,66693,2,151,2024-09-23,a407cc3a315536e6b3ea5e52bc34ed603dd75d1b,build_log,,True
kafka,PR-17225,trunk,3,15915.0,1727100955.0,UNSTABLE,aedd451dfbb857ea16ab35c54d764a3ba7c587b6,120516.516,66695,4,151,2024-09-23,a407cc3a315536e6b3ea5e52bc34ed603dd75d1b,build_log,,True
kafka,PR-17254,trunk,1,17035.0,1727103944.0,UNSTABLE,5b9471c0f312faf3a81f71045b9cd5431083028e,87777.164,66692,1,151,2024-09-23,9352faa8fc159de139ee6a0b29a9c0deb6b4bafe,build_log,,True
kafka,PR-16381,trunk,14,23047.0,1727110102.0,UNSTABLE,c2d18fcc46d818acbfd5aed8e5d02cc3f26c3962,228754.1,66707,10,151,2024-09-23,9352faa8fc159de139ee6a0b29a9c0deb6b4bafe,build_log,,True
kafka,PR-17255,trunk,3,18771.0,1727114576.0,UNSTABLE,e33482094c9d79afe76f175442b956078136437a,239632.44,66696,20,151,2024-09-23,9352faa8fc159de139ee6a0b29a9c0deb6b4bafe,build_log,,True
kafka,PR-16443,trunk,13,15104.0,1727115444.0,SUCCESS,2d427d0471067a57d2f0feb2497cb42531679e6f,144816.89,66698,0,151,2024-09-23,9352faa8fc159de139ee6a0b29a9c0deb6b4bafe,build_log,,True
kafka,PR-17256,trunk,1,18541.0,1727115479.0,UNSTABLE,7800b974b0acec15feccd01285d57da1e9c00179,264325.06,66713,18,151,2024-09-23,9352faa8fc159de139ee6a0b29a9c0deb6b4bafe,build_log,,True
kafka,PR-17235,trunk,3,9543.0,1727116267.0,SUCCESS,b7c74bbb1a3d6417c166158b2234501c7947666c,58356.164,66692,0,151,2024-09-23,9352faa8fc159de139ee6a0b29a9c0deb6b4bafe,build_log,,True
kafka,PR-17250,trunk,5,14487.0,1727150619.0,UNSTABLE,94b13c60a31726790b963e13ed00339a96236360,152986.6,66699,8,151,2024-09-23,2e8bae8c7ec643234396b81f0862a6a0c9e0a526,build_log,,True
kafka,PR-17261,trunk,1,18331.0,1727159280.0,UNSTABLE,ec84fa3aba87842811e5ee1bd299d05f05898f27,101927.72,66691,7,151,2024-09-24,2e8bae8c7ec643234396b81f0862a6a0c9e0a526,build_log,,True
kafka,PR-17262,trunk,1,20581.0,1727167220.0,UNSTABLE,39aa81980af93e1c80958fe14228ddbc1089bf00,171441.48,66594,18,151,2024-09-24,42cc3c0ad517ff324306bea5013ce59733b4609f,build_log,,True
kafka,PR-17260,trunk,7,20727.0,1727168675.0,UNSTABLE,d3051e1e318b589dcb297a052929e22effbbb817,248384.19,66706,10,151,2024-09-24,42cc3c0ad517ff324306bea5013ce59733b4609f,build_log,,True
kafka,PR-17165,trunk,13,15390.0,1727168836.0,UNSTABLE,217df42c6bdc33ad06010f9461aa93477376e46d,128409.61,66708,7,151,2024-09-24,42cc3c0ad517ff324306bea5013ce59733b4609f,build_log,,True
kafka,PR-17244,trunk,4,20799.0,1727180222.0,UNSTABLE,ee60c864a9abd20656c422eabb10260c4d5d866e,234610.23,66711,22,151,2024-09-24,34c158f67f3d583b758bd134b43737edfa3fa017,build_log,,True
kafka,PR-17233,trunk,5,19819.0,1727181446.0,UNSTABLE,14858247c3d0f9f78af7da20378a9b6121622c4e,178585.34,66698,6,151,2024-09-24,34c158f67f3d583b758bd134b43737edfa3fa017,build_log,,True
kafka,PR-17263,trunk,1,5593.0,1727182469.0,UNSTABLE,d4b24fe3e3f9a3d9fcfb016bb6b487a089cbf477,55348.652,66696,4,151,2024-09-24,34c158f67f3d583b758bd134b43737edfa3fa017,build_log,,True
kafka,PR-17264,trunk,1,15050.0,1727187102.0,UNSTABLE,84ab266be29054fe36b0b8f22d8354e519e97677,150662.98,66695,6,151,2024-09-24,1bd9dc3ffc78880923a2651aa005a8f564581f9a,build_log,,True
kafka,PR-17259,trunk,4,18895.0,1727192248.0,UNSTABLE,4b6983ae8e721205f29fe432b0cba39c7a223ae7,191901.88,66698,24,151,2024-09-24,1bd9dc3ffc78880923a2651aa005a8f564581f9a,build_log,,True
kafka,PR-17257,trunk,5,16324.0,1727193111.0,UNSTABLE,4c17a731eeef732c96ca5d83c8d4357aebb026d4,165255.19,66718,4,151,2024-09-24,1bd9dc3ffc78880923a2651aa005a8f564581f9a,build_log,,True
kafka,PR-17193,trunk,2,21602.0,1727200071.0,UNSTABLE,52c2e55e658705ae9c834d660c8409f93ec9f4d2,265827.0,66700,10,151,2024-09-24,265c5160ac6742c01f59e2d4e259447dc1ffe87a,build_log,,True
kafka,PR-17238,trunk,5,20566.0,1727207554.0,UNSTABLE,5ebe1712258b99f4215a4e1a602becc29d30cba2,229472.97,66696,16,151,2024-09-24,2bb9f53477f6a71c87c9bbe0d0281652cffb6eb7,build_log,,True
kafka,PR-17265,trunk,1,20276.0,1727223864.0,UNSTABLE,bf35756aadd7bd025d1d8be48a4d2c332c20ea3e,214315.64,66733,6,151,2024-09-24,2bb9f53477f6a71c87c9bbe0d0281652cffb6eb7,build_log,,True
kafka,PR-17224,trunk,5,16203.0,1727223999.0,UNSTABLE,b87b5f2010360d691628b0248991988d15efc43e,157164.47,66680,4,151,2024-09-24,2bb9f53477f6a71c87c9bbe0d0281652cffb6eb7,build_log,,True
kafka,PR-17231,trunk,4,16234.0,1727226654.0,UNSTABLE,7510bd545a9b2cce341e05ce3f710c24c8fd82bc,158743.72,66696,3,151,2024-09-24,2bb9f53477f6a71c87c9bbe0d0281652cffb6eb7,build_log,,True
kafka,PR-17266,trunk,1,18486.0,1727228731.0,UNSTABLE,03959ad84caab76690609c409ab957339567d4ca,219785.62,66562,6,149,2024-09-24,2bb9f53477f6a71c87c9bbe0d0281652cffb6eb7,build_log,,True
kafka,PR-17267,trunk,1,19741.0,1727229975.0,UNSTABLE,9a0f59a53ba82833326819ab4c4f3c297049fd76,285572.66,66711,20,151,2024-09-24,2bb9f53477f6a71c87c9bbe0d0281652cffb6eb7,build_log,,True
kafka,PR-17247,trunk,3,15008.0,1727238246.0,UNSTABLE,c7382278c9ccbd22b5a1496cbd2db9d98c61c5c0,92723.91,66698,3,151,2024-09-24,a577d30d3828b360915f8982f7c85fc1c378c8c9,build_log,,True
kafka,PR-16425,trunk,20,20973.0,1727239345.0,UNSTABLE,315b4b6ea335150499bc1478a943871148935252,182441.67,66694,3,151,2024-09-24,a577d30d3828b360915f8982f7c85fc1c378c8c9,build_log,,True
kafka,PR-17112,trunk,12,16097.0,1727245441.0,UNSTABLE,1cff7ecc35505974687b0ea4dc6b50e414097758,192153.94,66837,17,151,2024-09-25,a577d30d3828b360915f8982f7c85fc1c378c8c9,build_log,,True
kafka,PR-17268,trunk,1,15870.0,1727246654.0,UNSTABLE,bfb2b077f762d7910cbe393d4d6428edb1ba61b8,156103.88,66693,4,151,2024-09-25,a577d30d3828b360915f8982f7c85fc1c378c8c9,build_log,,True
kafka,PR-17149,trunk,25,16027.0,1727254674.0,UNSTABLE,088bbf1e1be6688cab095c40ea989ecae0861988,155003.02,66766,7,151,2024-09-25,ab0df20489a8d6079cc576f4d9f7326db4b333c9,build_log,,True
kafka,PR-17209,trunk,9,17148.0,1727275269.0,UNSTABLE,aa8abfc30bab04ef6d1b528ac73612ee496a439d,116129.13,66704,12,151,2024-09-25,ab0df20489a8d6079cc576f4d9f7326db4b333c9,build_log,,True
kafka,PR-17221,trunk,4,21921.0,1727275519.0,UNSTABLE,5f4d45c7d97f77781e3cae4c4413e65f1580ba98,306248.03,66689,39,151,2024-09-25,ab0df20489a8d6079cc576f4d9f7326db4b333c9,build_log,,True
kafka,PR-17269,trunk,1,18312.0,1727275966.0,UNSTABLE,1616e2e24ed3b00dbea059674a090f9ff96a7aee,216419.53,66714,6,151,2024-09-25,ab0df20489a8d6079cc576f4d9f7326db4b333c9,build_log,,True
kafka,PR-17271,trunk,1,21051.0,1727277120.0,UNSTABLE,a2d2cbd40a3be33b38b82dd802aeca3af8ce08ee,140562.81,66712,7,151,2024-09-25,ab0df20489a8d6079cc576f4d9f7326db4b333c9,build_log,,True
kafka,PR-17272,trunk,1,16723.0,1727278105.0,UNSTABLE,d0490a5fd6a032a3902de9c74eb3dc9169f9c2d3,147303.94,66710,4,151,2024-09-25,ab0df20489a8d6079cc576f4d9f7326db4b333c9,build_log,,True
kafka,PR-17274,trunk,1,17463.0,1727279169.0,UNSTABLE,962e9876635e0891ec312682cff9364c5a81a1dc,113292.47,66708,4,151,2024-09-25,ab0df20489a8d6079cc576f4d9f7326db4b333c9,build_log,,True
kafka,PR-17222,trunk,7,9891.0,1727281116.0,UNSTABLE,565772d0dd26bd346d5bb8cb1b474430e342b28c,53317.87,66706,1,151,2024-09-25,ab0df20489a8d6079cc576f4d9f7326db4b333c9,build_log,,True
kafka,PR-17146,trunk,7,18008.0,1727284815.0,UNSTABLE,c0d68b2f106135992e8070541d14506f5daf3606,208342.44,66723,16,151,2024-09-25,ab0df20489a8d6079cc576f4d9f7326db4b333c9,build_log,,True
kafka,PR-16719,trunk,13,17213.0,1727285872.0,UNSTABLE,fbb482115d67729933923ab70a9ddddc423f21cb,206413.05,66777,6,151,2024-09-25,ab0df20489a8d6079cc576f4d9f7326db4b333c9,build_log,,True
kafka,PR-17258,trunk,5,16103.0,1727287037.0,UNSTABLE,0a2752a52b75bfdc639577110c7007972458818f,126791.734,66711,6,151,2024-09-25,ab0df20489a8d6079cc576f4d9f7326db4b333c9,build_log,,True
kafka,PR-15241,trunk,10,16265.0,1727288688.0,UNSTABLE,ea47cd5c04aaf55c55b7feca0c96cabad2ea1d1c,162085.3,66716,2,151,2024-09-25,ab0df20489a8d6079cc576f4d9f7326db4b333c9,build_log,,True
kafka,PR-15995,trunk,5,14873.0,1727289557.0,UNSTABLE,ae9f1507bc49f9d9a9930504cf3e9af5c08362b5,157626.6,66810,8,151,2024-09-25,ab0df20489a8d6079cc576f4d9f7326db4b333c9,build_log,,True
kafka,PR-17132,trunk,6,16300.0,1727289647.0,UNSTABLE,7bf3026be7c0c882086e506bfd601db42decb2f0,179332.97,66717,4,151,2024-09-25,ab0df20489a8d6079cc576f4d9f7326db4b333c9,build_log,,True
kafka,PR-17275,trunk,2,17767.0,1727290982.0,UNSTABLE,9881ddb11675078ec370f22890b37819f2449c8d,244229.56,66715,14,151,2024-09-25,ab0df20489a8d6079cc576f4d9f7326db4b333c9,build_log,,True
kafka,PR-16686,trunk,24,17558.0,1727291188.0,UNSTABLE,484b3cf46a29afd2263ef01b545c310b3c335b25,124125.37,66723,7,151,2024-09-25,ab0df20489a8d6079cc576f4d9f7326db4b333c9,build_log,,True
kafka,PR-17021,trunk,23,14988.0,1727293112.0,UNSTABLE,8d64d7df4495b2649f822ac8946bf160e6e98ac8,119211.54,66733,23,151,2024-09-25,84fee3399edee0e2940d20315f7e45acda747f48,build_log,,True
kafka,PR-16982,trunk,18,16510.0,1727296028.0,UNSTABLE,9cd97d3073092b39d8ebd38128c3375b53880d8a,219629.72,66720,16,151,2024-09-25,2637d12e2f4cbd8d46c1ed108a9a3b4e12c0c924,build_log,,True
kafka,PR-17278,3.8,1,18396.0,1727332471.0,UNSTABLE,6c7f1ff6a0d675953de29a5facedfcf8aa493804,191642.47,63862,13,167,2024-09-26,e4a4e95ebb5cdf53121d01dbe421c1071717cd85,build_log,,True
kafka,PR-17359,3.8,2,6888.0,1727964727.0,UNSTABLE,8898b4a6501cb5247fc1a92136ed3903ac17af03,50964.848,63880,4,151,2024-10-03,8fc6d8f30b19983db5e98b9e914f971f8ba91b39,build_log,,True
kafka,PR-17391,kip1071,1,14128.0,1728312809.0,UNSTABLE,242ecf8d91f6e3c362ead99414ecc419a7c2a6ff,94179.94,67134,2,151,2024-10-07,a8ece199044cc71472f0ad31eb2eb8f55cf22110,build_log,,True
kafka,PR-17400,3.9,2,17148.0,1728343292.0,UNSTABLE,d9c6f2c486d50a073d3b271b15fa9aceeac967b8,107404.32,66237,1,160,2024-10-07,1d54a7373cba2fb283d4fcabe9b580b77d6824ce,build_log,,True
kafka,PR-17371,kip1071,3,15466.0,1728401540.0,UNSTABLE,4bf079043b48ebc077c14723e264c31cb716a6e4,146300.83,67209,2,151,2024-10-08,8c3ec029bf3d30256842a7ba9ac23b16cbde71d5,build_log,,True
kafka,PR-17421,3.9,1,16437.0,1728421088.0,SUCCESS,dafdf736294828b1cebc75b00c47853186cf8b40,153195.28,66228,0,167,2024-10-08,0a70c3a61e7b1961e2d9a5faed801bde0493d0d9,build_log,,True
kafka,PR-17433,kip1071,1,14951.0,1728486855.0,UNSTABLE,840e8f584022472fdf181867d361201a633f8c40,93653.75,66228,71,146,2024-10-09,8c3ec029bf3d30256842a7ba9ac23b16cbde71d5,build_log,,True
kafka,PR-17436,3.9,1,14996.0,1728491062.0,UNSTABLE,fc5b700bccc129e7912ec8dd4de3ca4297dfe82a,99329.41,66237,5,158,2024-10-09,8af063a165e2549ea1c2165c90f75aaf80f3bccf,build_log,,True
kafka,PR-17449,3.8,1,14951.0,1728552428.0,UNSTABLE,2507f0896b4e6dfb1c201773870a0c9519560117,139478.73,63869,2,167,2024-10-10,c9347cfd5f022daad6dc27591da0a684dd2140ec,build_log,,True
kafka,PR-17453,3.8,1,15777.0,1728562420.0,UNSTABLE,8ece8a1b28eef9b8cb1780b5b3f636dcf9755b6b,152136.78,63870,6,167,2024-10-10,accb34be84552d06cef2cec63e7cd04f4b4eca4d,build_log,,True
kafka,PR-17459,3.8,1,15520.0,1728577865.0,UNSTABLE,c8647e74affd3b4485fcf165eccc8920cc11aef3,148344.55,63870,1,167,2024-10-10,232285e5342dfab28eafddb474b011e99394b930,build_log,,True
kafka,PR-17461,3.9,1,17126.0,1728590104.0,UNSTABLE,63e8c6484d8780ae0372433a5ca481a22e6cd8f1,194758.62,66244,9,166,2024-10-10,44f15cc22cfc8540cdcacb1af2aa1a117bceff44,build_log,,True
kafka,PR-17477,3.7,2,17448.0,1728724401.0,UNSTABLE,d5fb6f07f6c3ce6ed9745a613fa338c32f67eeee,362369.34,111619,40,279,2024-10-12,a2e133df5a364ad47b640190dd2a5622ed19315c,build_log,,True
kafka,PR-17481,3.9,1,15990.0,1728731792.0,UNSTABLE,0474b407315f42b4704bd6955763713d218e2270,158968.06,66238,2,167,2024-10-12,8c3c6c3841dd7491b1e2e782e19ec40535500110,build_log,,True
kafka,PR-17482,3.8,1,14192.0,1728738143.0,UNSTABLE,006ffc5163246e634750b3cec1b2ff9b90f0a05e,140914.34,63871,5,166,2024-10-12,6081932bbcc4d2ccddc55ae32cb232f304c4c95b,build_log,,True
kafka,PR-17485,3.7,1,13581.0,1728740038.0,UNSTABLE,c96826c57c2fbe9a980fa70a5d2cb935463f2b58,306579.0,111603,27,280,2024-10-12,a2e133df5a364ad47b640190dd2a5622ed19315c,build_log,,True
kafka,PR-17447,3.9,2,17719.0,1728910196.0,UNSTABLE,c58523a6577b2367a1ce131e956e92d32913b597,186431.78,66248,7,166,2024-10-14,8c3c6c3841dd7491b1e2e782e19ec40535500110,build_log,,True
kafka,PR-17501,3.9,1,17614.0,1728929571.0,UNSTABLE,34bbc8611bc1256d5b6d36f5a42cf6734027d92f,174235.11,66247,4,167,2024-10-14,51253e2bf4134c1232ead4ce3666949669d0dea6,build_log,,True
kafka,PR-17506,3.9,1,17740.0,1728951764.0,UNSTABLE,0fed3c58ca7c9dc6b89dd4e4ece6be2c68758659,109625.46,66244,2,163,2024-10-14,51253e2bf4134c1232ead4ce3666949669d0dea6,build_log,,True
kafka,PR-17508,3.8,1,18321.0,1728987913.0,UNSTABLE,6be311f0cf7bc94e13418140e722354d9b00ef25,167617.42,63875,9,166,2024-10-15,4e9cc764abf2e956a73adf0ce7c0f919e99b219c,build_log,,True
kafka,PR-17571,3.8,1,16588.0,1729572542.0,UNSTABLE,c58e7a4e274bb5196146bd94476748430f2bcc2b,197481.52,63882,11,167,2024-10-21,8333ccc169a94754127842e2c9691b7a3606ac7a,build_log,,True
kafka,PR-17683,3.9,1,16060.0,1730729820.0,UNSTABLE,81dadcea9d21187e6fd356e6be09b60e5addd0f7,149257.95,66274,13,167,2024-11-04,bcb5d167fd196c8ad9cfc179eb76d02eecb7dd1d,build_log,,True
kafka,PR-17703,3.8,1,20996.0,1730901927.0,UNSTABLE,9bb568eab493ad54ad70f06bbfbd8d110e6ebce8,230629.75,63890,18,167,2024-11-06,b2638a4533109ccf2829a16c36325fa6c874ea0f,build_log,,True
kafka,PR-17716,3.8,1,14983.0,1731014697.0,UNSTABLE,03bcd7878ab54b3d3511fbb4fb463ed523536431,92255.64,63884,1,159,2024-11-07,14bd65149e353164b8750d306a3da49f1e5b8ce5,build_log,,True
kafka,PR-17733,3.9,1,21582.0,1731207681.0,UNSTABLE,4ce2f9b19cfba1ce8ea6005f7eb5e0d17e25e9bb,247181.52,66320,20,167,2024-11-09,ad3e34d33b4d265d9ad747aa5171536378802a11,build_log,,True
kafka,PR-17696,3.7,3,11898.0,1731980374.0,UNSTABLE,435df932ce9dad93a4a3bb88e79cae7d81d759e6,182904.94,111632,31,265,2024-11-18,1d975923d84f5222c7d99b467d91ca20d98e4586,build_log,,True
kafka,PR-17878,3.9,1,17894.0,1732115966.0,SUCCESS,cde733aeab1892d24a132bc856e19e634bef1d59,154675.16,66277,0,166,2024-11-20,c3187d1d7f712953752bc8dedd0a0027eea1ba09,build_log,,True
kafka,PR-17970,3.9,1,15615.0,1732756161.0,UNSTABLE,90452cd10cf37a39a6b76d49d1b2785fc6c9239b,128911.17,66308,12,159,2024-11-27,762526db4133755889b4607b32951b51d963cd28,build_log,,True
kafka,PR-17830,3.9,2,16809.0,1733249565.0,UNSTABLE,c0078ad0f1cbe25e46da2bc9feb56997e7783bb8,158921.56,66301,5,167,2024-12-03,6cec93a2411aee6b01b2b8343d1c48f148f4bb33,build_log,,True
kafka,PR-18225,3.8,1,22524.0,1734438794.0,UNSTABLE,b7623b4bbe0da42fabf8eb1f1d97085c556e2e6e,325191.25,63984,31,165,2024-12-17,a8745c00e1fef7d7e7856aba0d6078d06c91cc2d,build_log,,True
kafka,PR-18273,3.9,1,17538.0,1734626701.0,UNSTABLE,10db4480f55497d0c978c0c6e37202d2a1d95026,248651.92,66344,14,166,2024-12-19,2f510997588921077d62b8f2f757e7b7e066e3f3,build_log,,True
kafka,PR-18311,3.9,1,16616.0,1735047547.0,UNSTABLE,31c0421f5eb9995e51d5ce0139ca70cfbd233d1e,167173.05,66323,3,167,2024-12-24,430892654bcf45d644e66b532d83aab0f569cb7d,build_log,,True
kafka,PR-18323,3.9,1,18113.0,1735231230.0,UNSTABLE,a350fdb288310cddf2eedbc1c25289298162c023,187895.2,66321,5,167,2024-12-26,f5952c6f6ab0fe2b2eaa67172cef808b644e6dbd,build_log,,True
kafka,PR-18333,3.9,1,17160.0,1735316750.0,UNSTABLE,2ad7d6cc1c14b741ada6c620565c1bb93ce0af9f,164589.45,66319,3,167,2024-12-27,ba14b5ca785301a1dd432ab4cd535d83df39b568,build_log,,True
kafka,PR-18502,3.9,1,18321.0,1736763899.0,UNSTABLE,3f8285a242e704aa343c7d10c219108365acec1c,132121.22,66350,8,161,2025-01-13,ed83f7224d13b8c63d2bb59e0b1fd36d354cc8ce,build_log,,True
kafka,PR-18503,3.8,1,16033.0,1736763959.0,UNSTABLE,c8c227bd624817af43f9e0ab4c3fc4710d958a71,103398.79,63912,4,161,2025-01-13,d6a66d33d593a2d4b593d1a4eb2bd79f7ff4a0c0,build_log,,True
kafka,PR-18485,3.9,3,16247.0,1736942252.0,UNSTABLE,36c64c2d7412c4fa0c939b2cba1d920743c295d8,181073.88,66338,8,167,2025-01-15,bb0921865d364737b2b22328c0f891cae4ce6ce8,build_log,,True
kafka,PR-18564,3.8,1,15287.0,1736970540.0,UNSTABLE,3a24f87242416835462742794471223f88a2a81b,113376.09,63912,6,159,2025-01-15,d64e8f39e1714aeccb8700022f7c621d877cccc5,build_log,,True
kafka,PR-18576,3.9,2,16947.0,1737367992.0,UNSTABLE,0bf353af4d277c7b8af01cb8245b42b61d8786b5,178120.9,66376,5,167,2025-01-20,9c33e7d3d9c2d940d068669172da7c193e6d637b,build_log,,True
kafka,PR-18657,3.9,1,18913.0,1737472253.0,UNSTABLE,53c0095c10501e9c772a59f7977a00066665ed37,187822.92,66374,4,167,2025-01-21,310867a9844eb8d5a7a780957fc0c6fd607a39c3,build_log,,True
kafka,PR-18660,3.8,2,17442.0,1737711316.0,UNSTABLE,ceeec62d5b7f630e56018b1f093cae2ff7b4ce4b,189690.28,63909,7,167,2025-01-24,2c147c7c0f6d6d73d48737b5e6e00a1220f68391,build_log,,True
kafka,PR-18690,3.9,2,14978.0,1737859729.0,UNSTABLE,300f381765b8bdc6f81b85340122385bfbb69b59,105129.81,66362,3,160,2025-01-25,a92022f7f6007ff95c6b6d29f6b3b8a3ed17975e,build_log,,True
kafka,PR-18736,3.9,1,17625.0,1738131929.0,UNSTABLE,4f65f467f6b1359a80ecf39f8e359d1c21e1f618,210803.9,66388,9,167,2025-01-29,85658e5e33f550c6953ae58e37cc1808fd56b879,build_log,,True
kafka,PR-18741,3.9,1,17072.0,1738171029.0,UNSTABLE,e6ee03b735293f1dc432116d706837977f9fc4ae,93805.28,66365,2,166,2025-01-29,6b82a4cc6a21ef9330246ee0655532ab9fb42110,build_log,,True
kafka,PR-18769,3.8,1,14802.0,1738344230.0,UNSTABLE,124a3a577bfb9da2a6303e48c30ecbd46c984dce,105118.45,63921,5,160,2025-01-31,ffe983d07558b57b478e7cff4534d66d18211db3,build_log,,True
kafka,PR-18767,3.9,9,20589.0,1738685051.0,UNSTABLE,f9b47b9984c4e85e04ca97fce120de1b25e0e6a4,280099.56,66384,24,167,2025-02-04,8831f5b13353d5f8b6e958557f9c98a8a25060eb,build_log,,True
kafka,PR-19058,3.9,3,18596.0,1741052249.0,UNSTABLE,45e9017285b1d933e18b79e6497b82bd6475751b,175519.53,66404,5,167,2025-03-03,4d0216dd9f0d1c125313e04521726f6934f056e0,build_log,,True
kafka,PR-19158,3.9,1,14916.0,1741367110.0,UNSTABLE,15689eba88662ad17d9cf3b601b0a8930d496573,140101.8,66380,4,165,2025-03-07,bf9912a1eb6ec278cbe9bfdb5417b5291f54fe0d,build_log,,True
kafka,PR-19221,3.9,1,20067.0,1742231504.0,UNSTABLE,5cf8929771d779bb9d226d59eb3651e1e8895b44,207520.25,66420,5,169,2025-03-17,90ee2d2b3499b7e1eff99bc63bf66aba9d7ff99c,build_log,,True
kafka,PR-19150,3.9,4,17554.0,1743158373.0,UNSTABLE,3fe6702ebb3614450e8aedaa219ddb9767fc1eb2,167516.7,66384,5,166,2025-03-28,90ee2d2b3499b7e1eff99bc63bf66aba9d7ff99c,build_log,,True
kafka,PR-19307,3.9,1,16521.0,1743175734.0,UNSTABLE,fb959a11ab3ae2d31b8fb76c70c0503dbe75bab4,166632.6,66392,7,167,2025-03-28,90ee2d2b3499b7e1eff99bc63bf66aba9d7ff99c,build_log,,True
kafka,PR-19308,3.9,1,16863.0,1743175775.0,UNSTABLE,e876734238590d4b72ae086fc1c2d14fb7a3cbc1,149012.98,66382,1,167,2025-03-28,90ee2d2b3499b7e1eff99bc63bf66aba9d7ff99c,build_log,,True
kafka,PR-19310,3.9,1,20916.0,1743175825.0,UNSTABLE,71c2a39b1ab2281cd22e9c460c34501dcbb232ad,198656.11,66396,15,167,2025-03-28,90ee2d2b3499b7e1eff99bc63bf66aba9d7ff99c,build_log,,True
kafka,PR-19311,3.9,2,14585.0,1743186532.0,UNSTABLE,f4cd8d5d664a62b280c0d2ea1bc731069443ba87,122615.66,65473,69,168,2025-03-28,90ee2d2b3499b7e1eff99bc63bf66aba9d7ff99c,build_log,,True
kafka,PR-19312,3.9,1,17741.0,1743217569.0,UNSTABLE,3fc119d8588db67332a87d380b9bc50b4f9314de,167035.0,66391,5,167,2025-03-28,90ee2d2b3499b7e1eff99bc63bf66aba9d7ff99c,build_log,,True
kafka,PR-19365,3.9,1,17824.0,1743703696.0,UNSTABLE,7a68a0abea5140f327129fbada9accb0a52925a0,185447.27,66399,7,167,2025-04-03,c37ac21cc9ad11e0bec301ae9c84a35edd5392c3,build_log,,True
kafka,PR-19367,3.9,1,17770.0,1743704011.0,UNSTABLE,e57033b668b19e031b079e2d341139c41e670aaf,150959.19,66409,2,167,2025-04-03,c37ac21cc9ad11e0bec301ae9c84a35edd5392c3,build_log,,True
kafka,PR-19368,3.9,1,16504.0,1743734976.0,UNSTABLE,f4cd8d5d664a62b280c0d2ea1bc731069443ba87,168235.45,99794,5,213,2025-04-03,d37f88403582c61c4cc3e10f35887841d12a8212,build_log,,True
kafka,PR-19396,3.9,2,17656.0,1743998301.0,UNSTABLE,f9a561dcc1c8b587923ecaef75547c385b713fb2,201220.48,99801,7,213,2025-04-06,392a56423e0bc35dad47c8e83fc3a5fcc82709b0,build_log,,True
kafka,PR-19448,3.9,1,16149.0,1744368216.0,UNSTABLE,ddc1e949364ff7c854538be2ff9d548538124fb4,178506.3,99923,1,213,2025-04-11,21dd41b251a1cc2faa0d3848ba0b973c1eba7eff,build_log,,True
kafka,PR-19498,3.9,2,17705.0,1744835280.0,UNSTABLE,fb6a2a5b6f98b461dffa4483daa2bc1f6a037b8b,280870.12,99934,10,221,2025-04-16,d88c2183ceaaaeb17fabf879771d0f598d7cd8e5,build_log,,True
kafka,PR-19499,3.9,1,15534.0,1744835985.0,UNSTABLE,60c1138676aacbabc738d08024cc18f5e237d866,230384.94,99928,6,219,2025-04-16,d88c2183ceaaaeb17fabf879771d0f598d7cd8e5,build_log,,True
kafka,PR-19534,3.9,1,20566.0,1745324128.0,UNSTABLE,b1caa3e53dacb294a90b1a845b24b70d27062679,318507.3,100033,9,221,2025-04-22,1f18da31126f47bc751cbe813302df9b853c2b96,build_log,,True
kafka,PR-19563,3.9,1,22783.0,1745587589.0,UNSTABLE,492c89e4e8148bdc51eaf256d5bc69bcc9d79d2c,533293.5,99912,57,221,2025-04-25,141693270b2dab8b22be1c82219ca68204943f90,build_log,,True
kafka,PR-19648,3.9,1,17928.0,1746520842.0,UNSTABLE,11d5c0dd97d1de9867cc092607d28f9eabbd2adc,273716.34,99950,23,217,2025-05-06,ed900eb96ff8f099db6fdcebb01339794a1aa2ac,build_log,,True
kafka,PR-19665,3.9,1,16078.0,1746787994.0,UNSTABLE,f96e360b5e612f1212e169f570936f7f0422f9b5,261791.92,99928,5,221,2025-05-09,c0909b0551f24e7b2fde1cf85ebca8f4d155d1d6,build_log,,True
kafka,PR-19692,3.8,1,14293.0,1747083023.0,UNSTABLE,b30fa886a4f524edaaabe8315d85a17a83e3e0fd,138709.45,63929,3,165,2025-05-12,6da199903ed602209c7757045dfb5b22c285defb,build_log,,True
kafka,PR-19694,3.6,1,13599.0,1747088795.0,UNSTABLE,c5ad6a380d0410ba9cfc75ae690f2f76bcb83591,244893.62,100161,17,158,2025-05-12,9570c67b8c4ed1a4c3888511adad58d9b3a8bc0f,build_log,,True
kafka,PR-19695,3.5,1,11560.0,1747088971.0,UNSTABLE,45f07a21c146120773457258c562115f9accd55f,154772.22,68383,16,103,2025-05-12,1361d5cd5bcb620367a67f2151b257657cc6f907,build_log,,True
kafka,PR-19696,3.4,1,13749.0,1747090062.0,UNSTABLE,2059b8e5f438eb664ccbbbbd64f65d6788dfc62a,154987.64,63910,29,105,2025-05-12,88bb23617eb2acd91b1f53e4c7b764e62d9c751a,build_log,,True
kafka,PR-19710,3.3,1,11437.0,1747156586.0,UNSTABLE,0818cf5cfa464d757620565f7518f262dfb07745,118194.2,61346,26,119,2025-05-13,05694da5d4e64b1af49f8eccd25ce72d9b436dc4,build_log,,True
kafka,PR-19690,3.9,2,16209.0,1747674323.0,UNSTABLE,ac688cdb19b9e93b0712a853c1d0ed1a6696fee0,262542.62,99927,9,220,2025-05-19,a2a1bcc75b112b7dc414264cec795624ed4c6b86,build_log,,True
kafka,PR-19756,3.9,3,16457.0,1747698413.0,UNSTABLE,608c8d78259c4bafc39db347cba15a1ae3024ca2,244140.12,99928,5,221,2025-05-19,a2a1bcc75b112b7dc414264cec795624ed4c6b86,build_log,,True
kafka,PR-19784,3.9,1,15815.0,1747860616.0,UNSTABLE,dfbeb0821b382818292f7e2f7d64020cdaad75bc,238805.25,99977,4,221,2025-05-21,63149656ef906b964b3270adf5dbaacf3764679c,build_log,,True
kafka,PR-19693,3.7,3,13025.0,1748470692.0,UNSTABLE,ac248e82eff3c06adac23e9967335e568b46277f,244015.5,111628,33,273,2025-05-28,9c9ebdd1208138ea98c5fe193fff276c0e14273d,build_log,,True
kafka,PR-19949,3.9,1,17370.0,1749627240.0,UNSTABLE,98836de628b01fa70f1fc0daf8e082f7ef20ce72,282595.4,99990,7,220,2025-06-11,50df284bce204e3e184c29a55febacb55e0e0eba,build_log,,True
kafka,PR-19953,3.9,1,16414.0,1749723007.0,UNSTABLE,4cb1f11f3875373598b2d586ae78c9e8f4742ed2,273115.53,99984,6,219,2025-06-12,a7598220225607450fefc19691668fcfd724c70f,build_log,,True
kafka,PR-20050,3.9,3,17813.0,1751203320.0,UNSTABLE,2106276f48e89102302c4a889f11d3bf900689e2,211485.78,100021,9,213,2025-06-29,e2cb9ea78221282ddda2a1867c9890fb829d7143,build_log,,True
kafka,PR-20117,3.9,3,17544.0,1751985155.0,UNSTABLE,b91fe5240fc769a3c78ca527f48447e0d6ec0852,213906.73,100000,13,212,2025-07-08,e2cb9ea78221282ddda2a1867c9890fb829d7143,build_log,,True
kafka,PR-20142,3.9,2,16526.0,1752212552.0,UNSTABLE,6af6c369f4dad68b15b453dd9a769fbd649c56d4,278211.88,99980,10,221,2025-07-11,e2cb9ea78221282ddda2a1867c9890fb829d7143,build_log,,True
kafka,PR-20146,3.7,14,13401.0,1753233163.0,UNSTABLE,ce4990ea427edacfd79e9f1713a8e30b0b105b06,263647.97,111637,37,271,2025-07-22,36a486f4a9787bbbd191da39be2823b26c9ca851,build_log,,True
kafka,PR-20272,3.9,3,17897.0,1753974752.0,UNSTABLE,45dce93484ce839d42c5401ddf80fb85fbc62e81,166154.56,99993,6,211,2025-07-31,b7b2676f5345b1683db1599a2c0d04461619ecbf,build_log,,True
kafka,PR-20404,3.9,1,15774.0,1756138331.0,UNSTABLE,b13a7eedf6fb02878110b90b00cd255c0372b4e0,257336.28,100000,10,221,2025-08-25,f670e9baa307d1b0abde871de17153a00d1fdd0a,build_log,,True
kafka,PR-20433,3.9,1,17120.0,1756391280.0,UNSTABLE,90de681acfd8937d162caec5c56caf72681cbac8,215066.33,100004,11,213,2025-08-28,5507c22b458367161fe854738100579bf54f79ec,build_log,,True
kafka,PR-20441,3.9,1,16619.0,1756475969.0,UNSTABLE,0c1e1492e10b6e90fd746390ce46c9f91a4f9e2b,230895.11,99991,8,221,2025-08-29,0fd4593554eb068750ec0a68825c27e1e7a9cb05,build_log,,True
kafka,PR-20435,3.9,2,15389.0,1756920932.0,UNSTABLE,2eb940f0301985d669118cba31665be98a6fe535,256156.36,99997,11,220,2025-09-03,0fd4593554eb068750ec0a68825c27e1e7a9cb05,build_log,,True
kafka,PR-20506,3.9,1,15850.0,1757363502.0,UNSTABLE,c21e0a383da1f5f99b2887107b98e30d87360c13,235060.28,99989,8,219,2025-09-08,a2c8823cfe52c7ebc9938618657aa5eee96b4b3b,build_log,,True
kafka,PR-20510,3.9,1,15646.0,1757414169.0,UNSTABLE,73d062f4e3693b26adfa0b18eace2c3c1d81570a,185720.25,100003,6,213,2025-09-09,1a996218422f30c888ddb93de91a5e04a0a03257,build_log,,True
kafka,PR-20529,3.9,3,17880.0,1758039027.0,UNSTABLE,d31093614bcd120d2c6fb4af020bdf96cbc07588,250465.1,99993,9,221,2025-09-16,1a996218422f30c888ddb93de91a5e04a0a03257,build_log,,True
kafka,PR-20577,3.9,8,16682.0,1758916923.0,UNSTABLE,53b279f846e9528cdbde55aa7afd4bae685be127,277190.4,100001,8,221,2025-09-26,17157ed82a61e909c4d02b6b3fe036e34229bcb4,build_log,,True
kafka,PR-20585,3.9,2,19827.0,1759338428.0,UNSTABLE,b0aa4c87b0c5a7b2db566f87ca981d215bb2d721,490035.2,100159,41,220,2025-10-01,e37f31e8b2dcf64df63a86411f1b3e4be4d93171,build_log,,True
kafka,PR-20627,3.9,2,23155.0,1759506766.0,UNSTABLE,6ec0800200aeabd9e0ffd3d6419995a6cbd9d8ec,542797.8,100017,50,221,2025-10-03,c29c130fd9770f15c2e86f37b7d6745d04ad957a,build_log,,True
kafka,PR-20624,3.9,5,17151.0,1759760968.0,UNSTABLE,51fd2640eafb2f50f178fb8cd0bb515a1b2f1f2e,284610.1,100002,16,221,2025-10-06,c29c130fd9770f15c2e86f37b7d6745d04ad957a,build_log,,True
kafka,PR-20682,3.9,1,16867.0,1760110200.0,UNSTABLE,187435fe00de766060bf8f9d8512db7f1d910657,240189.95,100024,12,221,2025-10-10,b54acf80a581fbd76c90391e66e5fc78a3aa4b68,build_log,,True
kafka,PR-20734,3.9,3,18312.0,1760992173.0,UNSTABLE,4c67ed1a8064e1ea7a6f495fe81cb025ae31f7a0,270315.1,100029,11,220,2025-10-20,4df04416f78621c0f8fefb6f79498f6ecc9c7de6,build_log,,True
kafka,PR-20877,3.9,2,14619.0,1763131461.0,UNSTABLE,c5139952891559bfc4f98815c88c5c95cf54ef55,233968.72,100027,9,221,2025-11-14,b84618a143da13dc17c5de98a818c5028764e7ce,build_log,,True
kafka,PR-20897,3.9,5,14233.0,1763545749.0,UNSTABLE,61b0a20487a197082b3a4ddc8e2aab8eb06438d3,221259.78,100035,9,218,2025-11-19,a44f8b147ed41149697e9fb179dbd7eea3306863,build_log,,True
kafka,PR-20535,3.9,2,18322.0,1763793152.0,UNSTABLE,8b1ef6cd15bb9bfa81e9e8bedad33fadc59e4f61,260694.42,100035,13,220,2025-11-22,8367846e9b7fa8c4bd02201dc18ae12df9db625e,build_log,,True
kafka,PR-20962,3.9,1,17490.0,1763793402.0,UNSTABLE,3b5fd574373bd36947a22c87586e5741ead2d59b,218391.86,100029,7,220,2025-11-22,8367846e9b7fa8c4bd02201dc18ae12df9db625e,build_log,,True
kafka,PR-20974,3.9,1,14302.0,1763993381.0,UNSTABLE,c415ad7be3737a18f92e294dbf49ea96d590475b,168725.81,100027,5,216,2025-11-24,d251ec045f200c8fa48d44a1b27408b320161f8b,build_log,,True
kafka,PR-20985,3.9,1,16567.0,1764048277.0,UNSTABLE,2c0ced7c911f4d140a2759aa98722e530edaa1a3,214000.56,100026,7,221,2025-11-24,3bcfb64ea4eb2786ac8c027551b02195fc4c297b,build_log,,True
kafka,PR-21040,3.9,1,16737.0,1764650196.0,UNSTABLE,f1d4eec0585ee1ae229a73cf8a454812708f3f16,226966.55,100045,9,214,2025-12-01,d665464164d85e8ac686eb1f51394c4b240c82ae,build_log,,True
kafka,PR-21026,3.9,8,15035.0,1764776107.0,UNSTABLE,0f94bd2461746e5dce21748c80fc45070da1f151,125328.41,100077,6,207,2025-12-03,4b7966dde8b77ecf229fe10d9e10df274acd915a,build_log,,True
kafka,PR-21085,3.9,1,20219.0,1764904602.0,UNSTABLE,aef86462d42d0d3c3ca200923b9943b9357e3a32,343378.28,100069,22,221,2025-12-04,4b7966dde8b77ecf229fe10d9e10df274acd915a,build_log,,True
kafka,PR-21104,3.9,4,21697.0,1765177401.0,UNSTABLE,f378475b265b5e955bb013a405f2e538cb2dfd27,348779.53,133465,16,264,2025-12-08,7ac6b3ff3383177084b32b432223377ec8fc180f,build_log,,True
kafka,PR-21138,3.9,1,17417.0,1765559480.0,UNSTABLE,5ae7641a02d50aa225a886c2dca72559d7751f07,176439.69,100072,5,209,2025-12-12,8ddc4cccf350560c39c8d9e1f601400297fad499,build_log,,True
kafka,PR-21187,3.5,1,10331.0,1766198592.0,UNSTABLE,97952d6785822aa0bdf1f571dee679e8418ec4fd,119135.99,68383,16,103,2025-12-19,1361d5cd5bcb620367a67f2151b257657cc6f907,build_log,,True
kafka,PR-21189,3.7,1,9137.0,1766198893.0,UNSTABLE,f9b77f07a79ced61a6b2011adf002105ee03c4e6,155686.69,111658,47,252,2025-12-19,36a486f4a9787bbbd191da39be2823b26c9ca851,build_log,,True
kafka,PR-21190,3.8,1,13743.0,1766198938.0,UNSTABLE,e8e4f2a87ded1b370b0c0b67e8bb2a536cca668f,105809.88,63978,11,157,2025-12-19,e7d7a2b6df04915748f3c88fc29f244255c27b4f,build_log,,True
kafka,PR-21191,3.9,1,18153.0,1766198993.0,UNSTABLE,4d31bafed546698ec2e09a82d43b149c1f055d65,160889.0,100087,10,206,2025-12-19,aaacb5867540cbe81ff4a1ff315f439bc65cc4a8,build_log,,True
kafka,PR-19263,3.9,6,16044.0,1766426460.0,UNSTABLE,3e7248b236a70f0e1be02c825eeb89288de891ee,188861.11,100157,10,212,2025-12-22,88ddca64b752bb74490d980adeab5f01462894f5,build_log,,True
kafka,PR-21207,3.9,3,16346.0,1766469762.0,UNSTABLE,10517a3909c37d0937323d6b658d778ecac62bc2,256626.73,99123,82,218,2025-12-23,88ddca64b752bb74490d980adeab5f01462894f5,build_log,,True
kafka,PR-21137,3.9,3,16579.0,1766849339.0,UNSTABLE,cc857636bb6080b4bab8539000bb24a6f17746fe,246152.14,100153,7,219,2025-12-27,0b5b8c5a0d90b2bca0b478d59410ca23e7191d12,build_log,,True
kafka,PR-21134,3.9,6,16281.0,1767956981.0,UNSTABLE,b385bce0bcccc24918b2a12b11e9feb05d1a8d7b,238940.77,100167,12,217,2026-01-09,506ff18e8887cf9610489f56f643a081d015394e,build_log,,True
kafka,PR-21351,3.9,1,23330.0,1769213970.0,UNSTABLE,e959bedff1d4ad582f573a2095fe79d4865144f0,450760.84,99498,144,220,2026-01-23,43e4479ff60a249478c88f6161eef6d31c7f4eec,build_log,,True
kafka,PR-21505,3.9,1,21797.0,1771392871.0,UNSTABLE,46752a1b622637d9f10a95789c6eb2e6a8c09dfb,536726.2,100243,88,219,2026-02-17,5e9866f43ab8e7e41ef39e5584ac50019381328d,build_log,,True
kafka,PR-21568,3.8,1,14999.0,1771951413.0,UNSTABLE,9ac980493543389a618baffad4556fdb87361a67,156703.02,63970,6,166,2026-02-24,100f80b4d00ee409c77930a6240b453b17da30d3,build_log,,True
kafka,PR-21624,3.9,1,17058.0,1772575957.0,FAILURE,b122cd9f0fb6e0bdb5534e33c55f58908bea4111,114485.6,66742,4,161,2026-03-03,25a388ffc0f3ea70c0650e2640a0232e86e472f5,build_log,,True
kafka,PR-21669,3.9,4,20460.0,1773186525.0,FAILURE,bfd3e849e3ee5e58d8983efa9b5a64e913a42866,177014.92,33420,45,51,2026-03-10,5d9f316d67929e730b573b6329f169ec706fa08a,build_log,,True
kafka,PR-21731,3.9,1,17414.0,1773312253.0,UNSTABLE,3a69e8f88361e2e5e84c57e64b6a9317ad59ad4f,270677.12,100161,11,218,2026-03-12,5d9f316d67929e730b573b6329f169ec706fa08a,build_log,,True
kafka,PR-21731,3.9,2,16663.0,1773603577.0,UNSTABLE,3a69e8f88361e2e5e84c57e64b6a9317ad59ad4f,291983.66,100172,15,220,2026-03-15,8cb79acb9455bd95de15ec6cb5a284b06732880c,build_log,,True
kafka,PR-21858,3.9,1,17451.0,1774353691.0,UNSTABLE,2f6f42e53f52dab4c3c379393a33a515a0b8e6dd,266930.1,100132,61,221,2026-03-24,1c19815557df42efd265fb66d44332ac7d3729b4,build_log,,True
kafka,PR-21870,3.9,1,15897.0,1774446777.0,FAILURE,f60c1f857a196f883a02296fc46de2aa8ad3e24a,184703.7,100171,7,213,2026-03-25,1c19815557df42efd265fb66d44332ac7d3729b4,build_log,,True
kafka,PR-21669,3.9,8,28803.0,1774475155.0,FAILURE,90c77df5a09adb5619ba240f774e810ce43d7af5,100631.266,33199,36,52,2026-03-25,1c19815557df42efd265fb66d44332ac7d3729b4,build_log,,True
kafka,PR-21881,3.9,1,19336.0,1774561053.0,FAILURE,abd5cf14250e335eca5642d4bbe8059c5d16decb,312608.28,100174,16,221,2026-03-26,f60c1f857a196f883a02296fc46de2aa8ad3e24a,build_log,,True
kafka,PR-21669,3.9,9,14903.0,1774632318.0,FAILURE,32fc1bc27144a781e41d290538c73ebc84e1f878,94716.71,33440,5,51,2026-03-27,f60c1f857a196f883a02296fc46de2aa8ad3e24a,build_log,,True
kafka,PR-21881,3.9,2,23010.0,1774766343.0,UNSTABLE,30bb463dacea6e041d615fd70fe6c4dbe47690c9,631109.56,100177,72,221,2026-03-29,f60c1f857a196f883a02296fc46de2aa8ad3e24a,build_log,,True
kafka,PR-21893,3.9,1,27125.0,1774831950.0,FAILURE,6920b1709b1926de5af24a07d1aa34be29f348d2,532593.8,100172,55,221,2026-03-29,f60c1f857a196f883a02296fc46de2aa8ad3e24a,build_log,,True
kafka,PR-21881,3.9,3,16570.0,1774865467.0,UNSTABLE,869d50386519aa7e6d5bc85cfe3f090943268d2e,273309.47,100164,9,219,2026-03-30,94b0ce1e75b41458c7304b57fd9d04543ab03ecb,build_log,,True
kafka,PR-21898,3.9,1,18018.0,1774892316.0,UNSTABLE,32fc1bc27144a781e41d290538c73ebc84e1f878,261764.11,100175,14,220,2026-03-30,94b0ce1e75b41458c7304b57fd9d04543ab03ecb,build_log,,True
karaf,PR-1825,main,1,6313.0,1707895617.0,SUCCESS,ce790689d2589ce908916246cdb260bb7994862c,2400.505,931,0,39,2024-02-14,fb612cf024dc3254af7ba31e86da2d64189de72b,build_log,,True
karaf,PR-1826,main,1,4723.0,1710753495.0,SUCCESS,5ad710722c38bd3f1b0487a584c8dfd71d5f7931,1681.3733,932,0,39,2024-03-18,0068a686a44514c3bb16d92a7be2cdb21a7e2662,build_log,,True
karaf,PR-1828,main,1,5021.0,1711635182.0,SUCCESS,b233719546aabb490feb1750236b43de8eb19ef4,1899.3765,933,0,39,2024-03-28,72dfd610a6b02f404292d9c4fb030f85887cc6b7,build_log,,True
karaf,PR-1831,main,1,3718.0,1711637015.0,SUCCESS,03354d2635441d19ff762e217348f798a19cc983,1280.3806,933,0,39,2024-03-28,72dfd610a6b02f404292d9c4fb030f85887cc6b7,build_log,,True
karaf,PR-1832,main,1,5271.0,1711637331.0,SUCCESS,e0554629f088800d06aac7b42e18f713b3ae4213,2231.557,933,0,39,2024-03-28,72dfd610a6b02f404292d9c4fb030f85887cc6b7,build_log,,True
karaf,PR-1833,main,1,4850.0,1711637340.0,SUCCESS,f00ebd97c9382787b5b2c72663804a869097a897,1872.4371,933,0,39,2024-03-28,72dfd610a6b02f404292d9c4fb030f85887cc6b7,build_log,,True
karaf,PR-1834,main,1,6032.0,1711637436.0,SUCCESS,ecde04e125a921628648ea8d5c02a2e35f6899d4,2248.0188,933,0,39,2024-03-28,72dfd610a6b02f404292d9c4fb030f85887cc6b7,build_log,,True
karaf,PR-1836,main,1,4972.0,1711779593.0,SUCCESS,5d55a981fdf2e45c20dd11ae009db8f0a1ce5984,1968.5804,933,0,39,2024-03-30,d9e18e39dd73324b5b44812b5108e483438245b1,build_log,,True
karaf,PR-1837,main,1,5081.0,1711779660.0,SUCCESS,60d8fda23c209360d185f2e8611ce7f0f27a4ffc,1982.7655,933,0,39,2024-03-30,d9e18e39dd73324b5b44812b5108e483438245b1,build_log,,True
karaf,PR-1838,main,1,3702.0,1711779853.0,SUCCESS,e9def96371a11291b7a4a164fc15ccb0e9aec4a6,1217.9836,933,0,39,2024-03-30,d9e18e39dd73324b5b44812b5108e483438245b1,build_log,,True
karaf,PR-1839,main,1,5008.0,1711779933.0,SUCCESS,dc1167231e6246089ba3b6e2bf82c54758e7acf4,2009.7401,933,0,39,2024-03-30,d9e18e39dd73324b5b44812b5108e483438245b1,build_log,,True
karaf,PR-1841,main,1,5499.0,1712136955.0,SUCCESS,089345083c3253fce81a0aea222ebbdc138cda38,2219.9612,933,0,39,2024-04-03,cbf0869addeb59a1a2f4c1c2578032cabe205cde,build_log,,True
karaf,PR-1842,main,1,5637.0,1712144610.0,SUCCESS,a6b55c4a7748a53abe5f235dfe261615c5d34867,2360.9805,933,0,39,2024-04-03,3d8364bb6b65cbc8eca965af2f2663a23429e7e8,build_log,,True
karaf,PR-1840,main,8,6229.0,1712472512.0,SUCCESS,606dcbf395bdecf451f92172287b46ae14ce4eff,2674.1365,933,0,41,2024-04-07,56b612b2045cf420eae1b506db44fe438da2f4f7,build_log,,True
karaf,PR-1844,main,1,5111.0,1712604210.0,SUCCESS,fb9933603d7512d99502c500b4af82ebcea6abff,1882.5255,933,0,41,2024-04-08,21dca2b3bd3f2146cbba63dbcde7520cdad92d5f,build_log,,True
karaf,PR-1846,main,1,5036.0,1718518794.0,SUCCESS,09885396d579fe24a3b2d95764e3568a22567c2d,1954.5586,933,0,41,2024-06-16,694ead5d5993adae08333b1d9d6d634b18aa6a98,build_log,,True
karaf,PR-1848,main,1,6012.0,1718519646.0,SUCCESS,cf9ae21042630e73971ca213c82366328eacc8b0,2312.1453,933,0,41,2024-06-16,694ead5d5993adae08333b1d9d6d634b18aa6a98,build_log,,True
karaf,PR-1849,main,1,5991.0,1718519716.0,SUCCESS,2377e89101b777dca3cb7104ba2945d38d052ded,2370.8303,933,0,41,2024-06-16,694ead5d5993adae08333b1d9d6d634b18aa6a98,build_log,,True
karaf,PR-1847,main,2,6287.0,1718620811.0,SUCCESS,58b83b7f7ba0a751a78c023d163731edd44b8b21,2409.9094,933,0,41,2024-06-17,054bc0ce107e76e0c06de889091b62cee18da2ca,build_log,,True
karaf,PR-1852,main,1,4172.0,1719521340.0,SUCCESS,54c3aa0ea7ad056e570c25d59f7cb16cd15ebd23,1359.3119,933,0,41,2024-06-27,82272ea20f1acdb3729a8ab9155124b731454979,build_log,,True
karaf,PR-1851,main,5,3629.0,1720002146.0,SUCCESS,3010797e07d0eedf13d1610857986331167eaaf8,1119.9535,933,0,41,2024-07-03,b96d2cc02c233e7cabd6244ba3451410e0eda522,build_log,,True
karaf,PR-1853,main,2,6265.0,1720171722.0,SUCCESS,eed18d7d1d089fdc1b9b2c101ae1419e9d911342,3090.595,933,0,41,2024-07-05,b96d2cc02c233e7cabd6244ba3451410e0eda522,build_log,,True
karaf,PR-1854,main,1,5006.0,1720399540.0,SUCCESS,b7bc7467d2ff11b15d5bd56c87661103a3f278a0,1969.4983,933,0,41,2024-07-07,b96d2cc02c233e7cabd6244ba3451410e0eda522,build_log,,True
karaf,PR-1855,main,3,6873.0,1720536974.0,SUCCESS,e06c154739ac66b321d49040c24c94f39d066e10,3600.0693,933,0,41,2024-07-09,b70c4d5f556eb3eb74be4ad78c569543f324b726,build_log,,True
karaf,PR-1858,karaf-4.4.x,1,4477.0,1721183044.0,SUCCESS,ca2db24b3eb3891f85eafad5dec9007c6c922405,1680.3218,932,0,41,2024-07-16,8d5a510d2b391aae2a48cdc97455ace3d34eb55a,build_log,,True
karaf,PR-1859,main,1,12482.0,1721785901.0,SUCCESS,440a201b73873acd73cd7592e4a35035bfabc007,1293.805,933,0,41,2024-07-23,efdf64d27afddcfa04e15916aba11581e5acfab4,build_log,,True
karaf,PR-1860,main,1,13145.0,1721786009.0,SUCCESS,fc6fbbec50935947316d8ad6a99dfd0534a1aa76,1239.6089,933,0,41,2024-07-23,efdf64d27afddcfa04e15916aba11581e5acfab4,build_log,,True
karaf,PR-1862,main,1,5064.0,1725354500.0,SUCCESS,c24ebeef9bd55566e25c73f14f3386a57c9d82c8,1937.4604,933,0,41,2024-09-03,efdf64d27afddcfa04e15916aba11581e5acfab4,build_log,,True
karaf,PR-1864,main,1,5013.0,1727375158.0,SUCCESS,4ecab5bce80db453577ac161ed3eb481ae362173,1881.734,933,0,41,2024-09-26,e9b9c973569596c8931cc4e8f7d62744d9c3ede5,build_log,,True
karaf,PR-1866,main,1,5046.0,1727772217.0,SUCCESS,ede5ee8a5eb11ec40f039438cc93b9db5786baad,2052.3079,933,0,41,2024-10-01,e9b9c973569596c8931cc4e8f7d62744d9c3ede5,build_log,,True
karaf,PR-1867,main,1,5331.0,1727774987.0,SUCCESS,a67eba4cb671aa8711f90123247d4b37f284a49c,2057.5464,933,0,41,2024-10-01,e9b9c973569596c8931cc4e8f7d62744d9c3ede5,build_log,,True
karaf,PR-1868,main,1,5325.0,1727795537.0,SUCCESS,af92a0685a9207c111b554c15a710c9b3bd0303b,2063.8877,933,0,41,2024-10-01,72859c04c13f3c1b520bf8730e3a4f3b5b984527,build_log,,True
karaf,PR-1870,main,1,6290.0,1727861153.0,SUCCESS,35c0b4f7007d00ea6c2eaac4ec2c1e9b3ee60f48,2284.5562,933,0,41,2024-10-02,85fbcc1e22420efe33a7c123224b852dcc35c51e,build_log,,True
karaf,PR-1871,main,1,3560.0,1727861224.0,SUCCESS,0dd96ed5342cd7ecef3aaba0d1214115d222317a,1191.5972,933,0,41,2024-10-02,85fbcc1e22420efe33a7c123224b852dcc35c51e,build_log,,True
karaf,PR-1873,main,1,4291.0,1729166722.0,SUCCESS,f3b4c5eee0679c247173dcf44134d4e904e6973e,1259.356,933,0,41,2024-10-17,8fc49a4180a53f585248272e38c5a5c597078547,build_log,,True
karaf,PR-1874,main,1,6168.0,1729193601.0,SUCCESS,5a80f254c97de614221d87f01a797af8c1670e4e,2291.3372,933,0,41,2024-10-17,8fc49a4180a53f585248272e38c5a5c597078547,build_log,,True
karaf,PR-1876,main,1,6183.0,1729245094.0,SUCCESS,cba90df947e32c0c096d4228d594f33589b338fb,2265.079,933,0,41,2024-10-18,dff20591072d40c07bb1846e6f3332e4698bdb0a,build_log,,True
karaf,PR-1878,main,1,6188.0,1729332353.0,SUCCESS,e5e2ad2d999bcbed3824870997a9a7f82285bc5d,2269.4917,933,0,41,2024-10-19,dff20591072d40c07bb1846e6f3332e4698bdb0a,build_log,,True
karaf,PR-1875,main,4,5521.0,1730126969.0,SUCCESS,8c2c8f4185b39e73648515bb4daa81403f20e210,2127.0876,933,0,41,2024-10-28,f127ede30841376f0196e19d0a2b6bc6887487ff,build_log,,True
karaf,PR-1880,main,1,4846.0,1730181419.0,SUCCESS,0ba29ae746888468274b85710bc5cdaab9cd2abb,1912.295,933,0,41,2024-10-29,5a8d99f8c7ae651eab830687f537b4e24cbce228,build_log,,True
karaf,PR-1882,main,1,5145.0,1730990044.0,SUCCESS,591ee9c51fbf2335777c19d7c823b18e78cba141,1895.5688,933,0,41,2024-11-07,a8d990102fd5181bcb8e23ef8fe06a5782db9d0a,build_log,,True
karaf,PR-1883,main,1,4798.0,1730991187.0,SUCCESS,2c8c32c301201c7586ec01ec2c39824404a1e052,1691.1672,933,0,41,2024-11-07,a8d990102fd5181bcb8e23ef8fe06a5782db9d0a,build_log,,True
karaf,PR-1885,main,1,4953.0,1732735258.0,SUCCESS,5fe35309634de4ac216862c49a266634a8fdebeb,1903.9907,933,0,41,2024-11-27,a8d990102fd5181bcb8e23ef8fe06a5782db9d0a,build_log,,True
karaf,PR-1886,karaf-4.4.x,1,6285.0,1732735674.0,SUCCESS,089fecec7508597c9f9ff61c2939195af08d0af2,2314.96,932,0,41,2024-11-27,adff3062444832856ec9f88b29134aaa97591fd2,build_log,,True
karaf,PR-1887,main,1,3531.0,1734448208.0,SUCCESS,9b513410cd5a4d35161860ba16e0d37dd35abebe,1128.7877,933,0,41,2024-12-17,79fc01225ca636ea1cb49d020e5b8017b5ab8a1e,build_log,,True
karaf,PR-1889,main,1,6349.0,1734614870.0,SUCCESS,5596f439f34746e5671e08e845fb337a9b197954,2333.1702,933,0,41,2024-12-19,7df461c107dcae5352d8b169cd1ce298b8405d46,build_log,,True
karaf,PR-1891,main,1,5448.0,1734619034.0,SUCCESS,02135ef81c26d2761c047f195ff879f11e82440c,2038.122,933,0,41,2024-12-19,7df461c107dcae5352d8b169cd1ce298b8405d46,build_log,,True
karaf,PR-1892,main,1,6280.0,1734619111.0,SUCCESS,396f55e6ba32ddd7d7b9ed3fbc09326c62318472,2212.0852,933,0,41,2024-12-19,7df461c107dcae5352d8b169cd1ce298b8405d46,build_log,,True
karaf,PR-1888,main,2,5225.0,1734688423.0,SUCCESS,7b88436f36baebd99d75c1714618e283fadf0681,1978.9957,933,0,41,2024-12-20,a0ca22e86bcbb27bf0cdda7aa32b4010668f952b,build_log,,True
karaf,PR-1890,main,5,6604.0,1734762492.0,SUCCESS,5600f39854fc47d840f913988343ace2546b82bd,2228.1536,933,0,41,2024-12-21,a0ca22e86bcbb27bf0cdda7aa32b4010668f952b,build_log,,True
karaf,PR-1894,main,2,5947.0,1734762707.0,SUCCESS,69fcb6848e65bacd0c338d0ccfd786c273f07c5f,2596.2266,933,0,41,2024-12-21,ffe708c6a44b4b2bf0175aa4a5c110c39f59dd8b,build_log,,True
karaf,PR-1893,main,4,4881.0,1735838669.0,SUCCESS,b27a93a19ebb7be3ad93dcc67a36bed18df5bc4a,1897.3406,933,0,41,2025-01-02,65a813357c0a777e9a1dda700c58f01506d709b2,build_log,,True
karaf,PR-1881,main,8,5728.0,1735884755.0,SUCCESS,b92848e0700394b802c91b62f27102cec01baa0c,2124.4343,933,0,41,2025-01-03,65a813357c0a777e9a1dda700c58f01506d709b2,build_log,,True
karaf,PR-1895,main,1,5084.0,1735887851.0,SUCCESS,b8a0e2def625794cb3febdfc32f7a0c583060b67,1893.8292,933,0,41,2025-01-03,c5160297b2651d8f437d05470891c5eb8c1495a4,build_log,,True
karaf,PR-1896,main,1,5092.0,1735888817.0,SUCCESS,62a6cb2192edea9bce20abc24b179308109c1c04,1937.777,933,0,41,2025-01-03,c5160297b2651d8f437d05470891c5eb8c1495a4,build_log,,True
karaf,PR-1898,main,2,4959.0,1736002533.0,SUCCESS,bbdb3a614c92556913010cdbad8ef483a72e1b6a,1898.6357,933,0,41,2025-01-04,e7d3cd063a8e2e7cf91404c84ae23d18f2b4bdb4,build_log,,True
karaf,PR-1899,main,1,5497.0,1736002670.0,SUCCESS,06e8c6c195bf909addbb26beea0d1721b8d19709,2115.6462,933,0,41,2025-01-04,e7d3cd063a8e2e7cf91404c84ae23d18f2b4bdb4,build_log,,True
karaf,PR-1900,main,1,5585.0,1736002894.0,SUCCESS,8d5b60cdc7b8a3f4636a80ba25f93674cddae037,2082.1377,933,0,41,2025-01-04,e7d3cd063a8e2e7cf91404c84ae23d18f2b4bdb4,build_log,,True
karaf,PR-1901,main,1,3666.0,1736004281.0,SUCCESS,2336bed945fc5cd2d03b78d89e415874d10784bf,1226.2297,933,0,41,2025-01-04,e7d3cd063a8e2e7cf91404c84ae23d18f2b4bdb4,build_log,,True
karaf,PR-1902,main,1,3997.0,1736004546.0,SUCCESS,6adb9377df7982dba55bf2e47794d270e17a74c1,1230.5769,933,0,41,2025-01-04,e7d3cd063a8e2e7cf91404c84ae23d18f2b4bdb4,build_log,,True
karaf,PR-1903,main,1,5466.0,1736004691.0,SUCCESS,0e77f9f0e4c059167561a14da4e9465921421736,2026.136,933,0,41,2025-01-04,e7d3cd063a8e2e7cf91404c84ae23d18f2b4bdb4,build_log,,True
karaf,PR-1904,main,1,5366.0,1736090131.0,SUCCESS,8268f39abca56d5e7049420e1812417a31010365,2033.8129,933,0,41,2025-01-05,4766d111912bc35409f25bf29759b319c96d5946,build_log,,True
karaf,PR-1907,main,1,6150.0,1736090131.0,SUCCESS,03a5aa6bf6db7b65a98cd3e968081d30c608c4f3,2313.9712,933,0,41,2025-01-05,4766d111912bc35409f25bf29759b319c96d5946,build_log,,True
karaf,PR-1908,main,1,3560.0,1736090131.0,SUCCESS,9705c1af6db4507116bb10b25541fcc8d1a959ed,1128.0457,933,0,41,2025-01-05,4766d111912bc35409f25bf29759b319c96d5946,build_log,,True
karaf,PR-1910,main,1,6248.0,1736090131.0,SUCCESS,a252a0c94164e8e0b0212042a8665627ba26264d,2469.417,933,0,41,2025-01-05,4766d111912bc35409f25bf29759b319c96d5946,build_log,,True
karaf,PR-1913,main,1,6431.0,1736090131.0,SUCCESS,d59900739f12af9b686ac3265abe158116cd5424,2558.1929,933,0,41,2025-01-05,4766d111912bc35409f25bf29759b319c96d5946,build_log,,True
karaf,PR-1911,main,1,5252.0,1736090131.0,SUCCESS,ec826c13543f6d6c893fb42aff37e27d2d77c6d1,1917.79,933,0,41,2025-01-05,4766d111912bc35409f25bf29759b319c96d5946,build_log,,True
karaf,PR-1905,main,2,5604.0,1736099340.0,SUCCESS,af0faf99eaff2621e3d941414dff683dac9cef0f,2073.2585,933,0,41,2025-01-05,d172d256835e07c86adfbb14658b546cbf09b1c9,build_log,,True
karaf,PR-1906,main,2,5808.0,1736099410.0,SUCCESS,e9bcd78f95f2c4af2624a215d007d775d5c55611,2162.395,933,0,41,2025-01-05,d172d256835e07c86adfbb14658b546cbf09b1c9,build_log,,True
karaf,PR-1909,main,2,4857.0,1736099432.0,SUCCESS,1a2f118864f1d558487eefda1fecabad157a7f5f,1907.8032,933,0,41,2025-01-05,d172d256835e07c86adfbb14658b546cbf09b1c9,build_log,,True
karaf,PR-1912,main,2,6628.0,1736099460.0,SUCCESS,4f82773da690e1c550277c26345c5798f80a3c1b,2326.613,933,0,41,2025-01-05,d172d256835e07c86adfbb14658b546cbf09b1c9,build_log,,True
karaf,PR-1914,main,1,6294.0,1736099547.0,SUCCESS,1d3e1be623a93bc30cb5f718ae92c46b31ac4f09,2075.5227,933,0,41,2025-01-05,d172d256835e07c86adfbb14658b546cbf09b1c9,build_log,,True
karaf,PR-1915,main,1,7017.0,1736099617.0,SUCCESS,5700d50d68f4b8c3269dceddd2591943d95ff07e,2238.8027,933,0,41,2025-01-05,d172d256835e07c86adfbb14658b546cbf09b1c9,build_log,,True
karaf,PR-1916,main,1,6125.0,1736099687.0,SUCCESS,a2f77b21053be1f833c9d01834c7888744791e8a,1894.8679,933,0,41,2025-01-05,d172d256835e07c86adfbb14658b546cbf09b1c9,build_log,,True
karaf,PR-1917,main,1,5970.0,1736099784.0,SUCCESS,3195f4986dc05e922f48ac27d52fa6c74b60789c,1960.7238,933,0,41,2025-01-05,d172d256835e07c86adfbb14658b546cbf09b1c9,build_log,,True
karaf,PR-1921,main,1,5125.0,1736455943.0,SUCCESS,570ede10eb5c9e24f7d71cf2cbf380b81cb7aff6,1914.5989,933,0,41,2025-01-09,fcf0e6898419de4e13b412ba5f42051a501d9f69,build_log,,True
karaf,PR-1922,main,1,3314.0,1736579474.0,SUCCESS,5dc767b60c339c7acd4927c1a4b5249b2b5a2455,1240.1238,933,0,41,2025-01-11,b60288a08e4c66f4aca620130f83c25e58f10856,build_log,,True
karaf,PR-1923,main,1,3699.0,1736581582.0,SUCCESS,6ae09baf08b5e99e775a6b7be54df2b9c5a72466,1232.1759,933,0,41,2025-01-11,b60288a08e4c66f4aca620130f83c25e58f10856,build_log,,True
karaf,PR-1925,main,1,6205.0,1736780762.0,SUCCESS,3911b3920faf8311e1e26aee44789e3d26abb5d0,2329.6697,933,0,41,2025-01-13,60ccfae0cda55b9da62fdfeeed1c3d8f348db7ed,build_log,,True
karaf,PR-1926,karaf-4.4.x,1,5263.0,1737023974.0,SUCCESS,fa4ab124df96fe256e6428ad7d15331174835820,2108.4844,932,0,41,2025-01-16,788a06a8894cda168bf09224bdc9f4be84f41c3e,build_log,,True
karaf,PR-1927,main,1,5469.0,1737034314.0,SUCCESS,4ca23a6aeaaa4a60fc80f6c067f8ef308a46c9e3,2116.6716,933,0,41,2025-01-16,04555d219a81c3e64233092f593158c1d441491b,build_log,,True
karaf,PR-1929,main,2,5035.0,1737088366.0,SUCCESS,fc11e441567b7f712e95678fbe18dba57220c799,2068.9429,933,0,41,2025-01-16,21a4f97abc4a471492eb2d8b229a3d701981ffb0,build_log,,True
karaf,PR-1928,main,2,5649.0,1737090353.0,SUCCESS,4dd1d53e4e66d552b26355ff2ac9168869ca32a2,1954.1478,933,0,41,2025-01-16,a8cf33fd8b87126d996cc0a00def227d0011f144,build_log,,True
karaf,PR-1930,main,3,5165.0,1737097086.0,SUCCESS,f5c84f2cb36dbe5e5f2c9f8ffedf0c75af89be0c,1929.761,933,0,41,2025-01-17,0a9a916825afa80d2bdad39f60de5df01e0cc7a6,build_log,,True
karaf,PR-1931,main,1,4053.0,1737320773.0,SUCCESS,a3ab61c194ae62ee86c1ab41dea55f758697634c,1225.5883,933,0,41,2025-01-19,2848bc21cb78ff405da9e219a86d19fc9ef9be03,build_log,,True
karaf,PR-1932,main,1,6511.0,1737525028.0,SUCCESS,f0c2b0c0a9e0049cab99292f70f5b7c5dfbad10e,2603.9456,933,0,41,2025-01-21,ff3a777b4d746ad24aa160d1fc4def1e0b3a888e,build_log,,True
karaf,PR-1933,main,1,5063.0,1737654309.0,SUCCESS,f597989e603ae58d6082ff4521f1381348c6acc0,1885.8662,933,0,41,2025-01-23,ff3a777b4d746ad24aa160d1fc4def1e0b3a888e,build_log,,True
karaf,PR-1936,main,2,5307.0,1745448243.0,SUCCESS,6d1c155d373eea1f07881fe4277e4d4774a8b388,2050.1663,933,0,41,2025-04-23,ad427cd12543dc78e095bbaa4608d7ca3d5ea4d8,build_log,,True
karaf,PR-1937,main,1,5018.0,1745532176.0,SUCCESS,e62f7cb4c4001421ad6128e731622b202feed88e,1952.4364,933,0,41,2025-04-24,ad427cd12543dc78e095bbaa4608d7ca3d5ea4d8,build_log,,True
karaf,PR-1939,main,1,5063.0,1745669206.0,SUCCESS,31e0a6ac9d17a8323b29f7695909b269214c5dfc,1898.6897,933,0,41,2025-04-26,8c15acbf0526c001cc05e6c67de8a2dc15eb5949,build_log,,True
karaf,PR-1863,main,16,6358.0,1746205571.0,SUCCESS,27b9946c313daa0e10cb59fb2e5c6e8c2e2fa7ab,2229.3274,941,0,41,2025-05-02,a021c6b4c22a0678b82cdf18ae2567e64b8add1c,build_log,,True
karaf,PR-1944,main,2,5451.0,1746631110.0,SUCCESS,41b428e0cef6775d3d9f1c06ffec43b2c1497e96,2065.839,934,0,41,2025-05-07,a021c6b4c22a0678b82cdf18ae2567e64b8add1c,build_log,,True
karaf,PR-1948,main,1,5191.0,1746773248.0,SUCCESS,989cc6ee280fbe4d62df36c7228fd6106f3765a6,1917.036,943,0,41,2025-05-09,a021c6b4c22a0678b82cdf18ae2567e64b8add1c,build_log,,True
karaf,PR-1946,main,4,5439.0,1747150599.0,SUCCESS,0d836aac632488c769567ddd347cb7ddf0429b12,2084.74,933,0,41,2025-05-13,a021c6b4c22a0678b82cdf18ae2567e64b8add1c,build_log,,True
karaf,PR-1949,main,1,5792.0,1750692572.0,SUCCESS,7faf00c0af03f1e4d420751db84d988656b8994d,2094.0107,933,0,41,2025-06-23,a021c6b4c22a0678b82cdf18ae2567e64b8add1c,build_log,,True
karaf,PR-1953,main,1,3518.0,1751529174.0,SUCCESS,858c82626f425be91c40c4e9ad80a03741dbdee4,1247.905,934,0,41,2025-07-03,0caf22c54f993374bd54e4daf0480ce1bf163c26,build_log,,True
karaf,PR-1954,main,1,5610.0,1751533157.0,SUCCESS,c718977c8c531ce6c20fd36df9d13468cc824431,2277.5396,934,0,41,2025-07-03,76274187f1a6c760722e7564b5ceee9f69c4bb39,build_log,,True
karaf,PR-1955,main,1,6262.0,1751543211.0,SUCCESS,3201ecc99255deba9135737cdb89754c0a16be8c,2290.1958,934,0,41,2025-07-03,fa669fb5a54b045b486a312fd4e43bda53c8b7d0,build_log,,True
karaf,PR-1956,main,1,6336.0,1751690953.0,SUCCESS,f713031b4e2ca4f8bce010a5219a4846fd41740c,2235.341,934,0,41,2025-07-04,4ddfaa26f8cd3d65e7f7efcb1de10493c3d137f3,build_log,,True
karaf,PR-1957,main,1,3696.0,1751727979.0,SUCCESS,3791feaf9263eddc46a9abcef0d6d05f9fdcc37c,1239.0386,934,0,41,2025-07-05,b80249f8f818735c1c843ded1796b1e49fffc49a,build_log,,True
karaf,PR-1958,main,1,5181.0,1751734080.0,SUCCESS,4f78520c186eed59b341de06c68c2703f465d8b4,1919.8025,934,0,41,2025-07-05,93ea6b2344fa8c802bd2b575531cdad6df18e707,build_log,,True
karaf,PR-1959,main,1,5505.0,1751776686.0,SUCCESS,6256178d43292b64933c2f25f6be68d41deea285,2068.033,934,0,41,2025-07-05,93ea6b2344fa8c802bd2b575531cdad6df18e707,build_log,,True
karaf,PR-1947,main,5,5234.0,1752534672.0,SUCCESS,6bebc05b8ce8134a9aa2f92a8959bbff0b1de0cc,2156.744,934,0,41,2025-07-14,9b1433a72d39e23ff3b6857b9c4410fdfe585c94,build_log,,True
karaf,PR-1964,main,3,6193.0,1752757839.0,SUCCESS,63d38a9a3defd1e891654cc2a2d96ebf68ac4971,2262.1104,932,0,43,2025-07-17,9b1433a72d39e23ff3b6857b9c4410fdfe585c94,build_log,,True
karaf,PR-1918,main,5,5497.0,1753331357.0,SUCCESS,96c4acc8eb6df2b51b2459e11fea57e2c0a2c7ed,2005.6238,932,0,43,2025-07-23,531122d96fb4b7dd66d8da28c427eebaa6cd69f4,build_log,,True
karaf,PR-1919,main,2,4933.0,1753349504.0,SUCCESS,0106da5eca299a5dfe0e6ccab6e41711bed8ca30,1832.258,932,0,43,2025-07-24,1c3a2b0348ba6cbe6c6126a233d0e2d5cdd75b1c,build_log,,True
karaf,PR-1960,main,3,5053.0,1753357245.0,SUCCESS,cef2b4733addb9f53925af2e2066b7fc07413a7a,1795.923,932,0,43,2025-07-24,a464c9c2fe73be76e191d824b6241536d978c984,build_log,,True
karaf,PR-1962,main,2,5548.0,1753363663.0,SUCCESS,d8cb478af19c4065104454499ae9e9ec822f7bc5,2226.9382,932,0,43,2025-07-24,ca1ebbc293812a45333e6ac615d3a653779f9006,build_log,,True
karaf,PR-1963,main,2,5249.0,1753370792.0,SUCCESS,18cb56adceffd1d630fab581ebd6cc4edc67fd65,1937.9846,932,0,43,2025-07-24,2cf48f3764316d8392af23ac9bb6074e81db207d,build_log,,True
karaf,PR-1966,main,1,4743.0,1753421886.0,SUCCESS,cb58e278acef017f90e84318483404151b38a41e,1794.6298,932,0,43,2025-07-25,bae22aa8f5dd7c9eb6ebafff4f5c5489857a0e3b,build_log,,True
karaf,PR-1967,main,1,4690.0,1753434513.0,SUCCESS,6fd8a69f3a538b84a650bb63b54813a09e56ad27,1778.9735,932,0,43,2025-07-25,7269571f1ab99f5eaa679d1280ee5f454aeb0da4,build_log,,True
karaf,PR-1968,main,1,5468.0,1753472970.0,SUCCESS,e1ad6c787bdce3911ab9bd08eb20721631461953,2049.6047,932,0,43,2025-07-25,7c09dfa30e42e1ea80bf0e09a26ec128d6a9c15a,build_log,,True
karaf,PR-1969,main,1,5388.0,1753473112.0,SUCCESS,6e77d9d5323dff7393b2b29c79b0afe75439a8f3,2016.2421,932,0,43,2025-07-25,7c09dfa30e42e1ea80bf0e09a26ec128d6a9c15a,build_log,,True
karaf,PR-1971,main,1,4874.0,1753508208.0,SUCCESS,62c9058948c15b6349ffca0c1494715a237b0198,1771.3524,932,0,43,2025-07-26,aaafabfa0dc37214472f4e3f54a0b1ddb1284876,build_log,,True
karaf,PR-1972,main,1,6334.0,1753508602.0,SUCCESS,09438c94029e83dd3097e34e90a9bb7f92aa10e4,2534.032,932,0,43,2025-07-26,aaafabfa0dc37214472f4e3f54a0b1ddb1284876,build_log,,True
karaf,PR-1973,main,1,5296.0,1753508789.0,SUCCESS,2e52f6b04db2236d02ef63fcf1557b50e4790d54,1970.7845,932,0,43,2025-07-26,aaafabfa0dc37214472f4e3f54a0b1ddb1284876,build_log,,True
karaf,PR-1974,main,1,6077.0,1753508874.0,SUCCESS,cc4f400067262170fb4cc9f01064ebba48ef6b52,2328.9285,932,0,43,2025-07-26,aaafabfa0dc37214472f4e3f54a0b1ddb1284876,build_log,,True
karaf,PR-1975,main,1,5610.0,1753607060.0,SUCCESS,913ba362911a752e4c60c7de49ed2463e077754c,1988.8545,932,0,43,2025-07-27,df9e9111d5a5ad414499be8a8f6708098be98e00,build_log,,True
karaf,PR-1978,main,1,5155.0,1753689990.0,SUCCESS,46ad932d8d4a7056220a4926f589bf6ecb567b92,1811.7125,932,0,43,2025-07-28,2ef11ff6a2c95aae1c7770ddb54e9d3309932a02,build_log,,True
karaf,PR-1979,main,1,6142.0,1753690102.0,SUCCESS,66ca6520ad1552bc23441617f12d08fdec3177a5,2193.3875,932,0,43,2025-07-28,2ef11ff6a2c95aae1c7770ddb54e9d3309932a02,build_log,,True
karaf,PR-1980,main,1,3808.0,1753725755.0,SUCCESS,3f5293f27ad9a0a1eb48c90c488a0786514fd079,1186.2787,932,0,43,2025-07-28,e32c6372803eda2227d1c5bd7326dd1c334dec43,build_log,,True
karaf,PR-1982,main,2,5432.0,1753846064.0,SUCCESS,595690e0525db5196c055a30817a38d49abb4614,1884.1294,932,0,43,2025-07-29,efc8a4319bf02f64c1048fb94ba6217a4d47a6ec,build_log,,True
karaf,PR-1983,karaf-4.4.x,2,5107.0,1754116518.0,SUCCESS,6bbcc65397c5151b347ae17516c439974cb50bf6,1875.8284,931,0,43,2025-08-02,7f159a9d1159de1faab10e2e157b6f72e4c91500,build_log,,True
karaf,PR-1945,main,2,6131.0,1755027371.0,SUCCESS,adf44292a896de77598386e328c63281e092cdc7,2161.9856,934,0,43,2025-08-12,adb9779af51a2c968bd7a15500ed34b56990dc94,build_log,,True
karaf,PR-1984,main,3,5764.0,1755170629.0,SUCCESS,c47ea93570de6048c568d19226bb808d19b20b45,2205.9023,932,0,43,2025-08-14,adb9779af51a2c968bd7a15500ed34b56990dc94,build_log,,True
karaf,PR-1985,main,8,3515.0,1755192696.0,SUCCESS,c138884edeb876d26488260fcd90008ff0041d1e,1178.8403,932,0,43,2025-08-14,adb9779af51a2c968bd7a15500ed34b56990dc94,build_log,,True
karaf,PR-1986,main,1,6120.0,1755532065.0,SUCCESS,54073ae2c3e0f540cac49713a10b3b01d0e04957,2166.32,932,0,43,2025-08-18,adb9779af51a2c968bd7a15500ed34b56990dc94,build_log,,True
karaf,PR-1988,main,1,4864.0,1755549643.0,SUCCESS,db8e7ea2c2a24cd7767bb89b8a31f527a362ac87,1877.8525,932,0,43,2025-08-18,adb9779af51a2c968bd7a15500ed34b56990dc94,build_log,,True
karaf,PR-2065,karaf-4.4.x,1,5459.0,1759134571.0,SUCCESS,55281731508a63f5e3469f81e86bc85dc8849272,2161.694,931,0,43,2025-09-29,cf382a32213975f97b96e2c767b4e36f68e7a6a9,build_log,,True
karaf,PR-2069,karaf-4.4.x,1,6234.0,1759149013.0,SUCCESS,1f630ae459a187cf028449e51811b6c900d6f287,2339.3171,931,0,43,2025-09-29,cf382a32213975f97b96e2c767b4e36f68e7a6a9,build_log,,True
