FeatureDeploymentListener.init,addBundleListener
FeatureDeploymentListener.init,loadProperties
FeatureDeploymentListener.init,getBundles
FeatureDeploymentListener.init,getState
FeatureDeploymentListener.init,bundleChanged
FeatureDeploymentListener.destroy,removeBundleListener
FeatureDeploymentListener.isKnownFeaturesURI,equalsIgnoreCase
FeatureDeploymentListener.loadProperties,getPropertiesFile
FeatureDeploymentListener.loadProperties,exists
FeatureDeploymentListener.loadProperties,load
FeatureDeploymentListener.saveProperties,getPropertiesFile
FeatureDeploymentListener.saveProperties,store
FeatureDeploymentListener.getPropertiesFile,getDataFile
FeatureDeploymentListener.getPropertiesFile,debug
FeatureDeploymentListener.canHandle,isFile
FeatureDeploymentListener.canHandle,getName
FeatureDeploymentListener.canHandle,endsWith
FeatureDeploymentListener.canHandle,readLine
FeatureDeploymentListener.canHandle,contains
FeatureDeploymentListener.canHandle,getRootElementName
FeatureDeploymentListener.canHandle,getLocalPart
FeatureDeploymentListener.canHandle,getNamespaceURI
FeatureDeploymentListener.canHandle,equals
FeatureDeploymentListener.canHandle,isKnownFeaturesURI
FeatureDeploymentListener.canHandle,error
FeatureDeploymentListener.canHandle,getAbsolutePath
FeatureDeploymentListener.transform,toString
FeatureDeploymentListener.transform,error
FeatureDeploymentListener.bundleChanged,getType
FeatureDeploymentListener.bundleChanged,getBundle
FeatureDeploymentListener.bundleChanged,getBundleId
FeatureDeploymentListener.bundleChanged,remove
FeatureDeploymentListener.bundleChanged,parseInt
FeatureDeploymentListener.bundleChanged,add
FeatureDeploymentListener.bundleChanged,create
FeatureDeploymentListener.bundleChanged,saveProperties
FeatureDeploymentListener.bundleChanged,findEntries
FeatureDeploymentListener.bundleChanged,hasMoreElements
FeatureDeploymentListener.bundleChanged,nextElement
FeatureDeploymentListener.bundleChanged,toURI
FeatureDeploymentListener.bundleChanged,createRepository
FeatureDeploymentListener.bundleChanged,of
FeatureDeploymentListener.bundleChanged,filter
FeatureDeploymentListener.bundleChanged,getInstall
FeatureDeploymentListener.bundleChanged,equals
FeatureDeploymentListener.bundleChanged,map
FeatureDeploymentListener.bundleChanged,getName
FeatureDeploymentListener.bundleChanged,getVersion
FeatureDeploymentListener.bundleChanged,forEach
FeatureDeploymentListener.bundleChanged,getFeatures
FeatureDeploymentListener.bundleChanged,isEmpty
FeatureDeploymentListener.bundleChanged,put
FeatureDeploymentListener.bundleChanged,toString
FeatureDeploymentListener.bundleChanged,size
FeatureDeploymentListener.bundleChanged,get
FeatureDeploymentListener.bundleChanged,toASCIIString
FeatureDeploymentListener.bundleChanged,asList
FeatureDeploymentListener.bundleChanged,listRequiredRepositories
FeatureDeploymentListener.bundleChanged,stream
FeatureDeploymentListener.bundleChanged,collect
FeatureDeploymentListener.bundleChanged,toSet
FeatureDeploymentListener.bundleChanged,removeAll
FeatureDeploymentListener.bundleChanged,addAll
FeatureDeploymentListener.bundleChanged,listRequirements
FeatureDeploymentListener.bundleChanged,updateReposAndRequirements
FeatureDeploymentListener.bundleChanged,noneOf
FeatureDeploymentListener.bundleChanged,error
FeatureDeploymentListener.bundleChanged,getSymbolicName
FeatureDeploymentListener.getRootElementName,newFactory
FeatureDeploymentListener.getRootElementName,setProperty
FeatureDeploymentListener.getRootElementName,createXMLStreamReader
FeatureDeploymentListener.getRootElementName,nextTag
FeatureDeploymentListener.getRootElementName,getName
FeatureURLHandler.openConnection,getPath
FeatureURLHandler.openConnection,trim
FeatureURLHandler.openConnection,length
FeatureURLHandler.openConnection,debug
FeatureURLHandler.getInputStream,transform
FeatureURLHandler.getInputStream,close
FeatureURLHandler.getInputStream,toByteArray
FeatureURLHandler.getInputStream,error
Connection.getInputStream,transform
Connection.getInputStream,close
Connection.getInputStream,toByteArray
Connection.getInputStream,error
Connection.getInputStream,getPath
FeatureTransformer.transform,getPath
FeatureTransformer.transform,lastIndexOf
FeatureTransformer.transform,substring
FeatureTransformer.transform,extractNameVersionType
FeatureTransformer.transform,getMainAttributes
FeatureTransformer.transform,putValue
FeatureTransformer.transform,putNextEntry
FeatureTransformer.transform,write
FeatureTransformer.transform,closeEntry
FeatureTransformer.transform,openStream
FeatureTransformer.transform,copy
FeatureTransformer.transform,close
FeatureTransformer.getPath,getProtocol
FeatureTransformer.getPath,equals
FeatureTransformer.getPath,toExternalForm
FeatureTransformer.getPath,substring
FeatureTransformer.getPath,split
FeatureTransformer.getPath,getPath
FeatureTransformer.getPath,replace
Activator.doStart,getTrackedService
Activator.doStart,put
Activator.doStart,register
Activator.doStart,registerListener
Activator.doStart,setKarService
Activator.doStart,setStorageLocation
Activator.doStart,getProperty
Activator.doStart,setDockerService
Activator.doStart,registerMBean
Activator.doStart,setWrapperService
Activator.doStart,setConfigRepo
Activator.doStart,ensureStartupConfiguration
Activator.doStart,setPattern
Activator.doStart,setGroup
Activator.doStart,getRegistry
Activator.doStart,getService
Activator.doStart,parseBoolean
Activator.doStart,createAndRunSshServer
Activator.doStart,setBundleContext
Activator.doStart,setWebContainer
Activator.doStart,setWebContainerService
Activator.doStart,getBundle
Activator.doStart,getBundleContext
Activator.doStart,getInt
Activator.doStart,getRuntime
Activator.doStart,availableProcessors
Activator.doStart,namedThreadFactory
Activator.doStart,getLogger
Activator.doStart,loadDigraph
Activator.doStart,verifyUnmanagedBundles
Activator.doStart,registerRegionDiGraph
Activator.doStart,getBoolean
Activator.doStart,getTrackedServiceRef
Activator.doStart,saveDigraph
Activator.doStart,getServiceProperties
Activator.doStart,getGlobalRepository
Activator.doStart,getConfig
Activator.doStart,createStateStorage
Activator.doStart,createFeatureListenerTracker
Activator.doStart,open
Activator.doStart,setFeaturesService
Activator.doStart,getStringArray
Activator.doStart,getString
Activator.doStart,start
Activator.doStart,warn
Activator.doStart,info
Activator.doStart,setProperty
Activator.doStart,getName
Activator.doStart,getLong
Activator.doStart,setLogger
Activator.doStart,setConfigAdmin
Activator.doStart,setCreate
Activator.doStart,setLocate
Activator.doStart,setHost
Activator.doStart,setPort
Activator.doStart,init
Activator.doStart,setLocateExistingServerIfPossible
Activator.doStart,getServer
Activator.doStart,setRealm
Activator.doStart,setServer
Activator.doStart,setServiceUrl
Activator.doStart,setGuard
Activator.doStart,setRmiServerHost
Activator.doStart,setDaemon
Activator.doStart,setThreaded
Activator.doStart,setObjectName
Activator.doStart,setJmxmpEnabled
Activator.doStart,setJmxmpServiceUrl
Activator.doStart,setJmxmpObjectName
Activator.doStart,setEnvironment
Activator.doStart,setJmxmpEnvironment
Activator.doStart,setKeyStoreAvailabilityTimeout
Activator.doStart,setAuthenticatorType
Activator.doStart,setSecured
Activator.doStart,setAlgorithm
Activator.doStart,setSecureProtocol
Activator.doStart,setEnabledProtocols
Activator.doStart,setEnabledCipherSuites
Activator.doStart,setKeyStore
Activator.doStart,setKeyAlias
Activator.doStart,setTrustStore
Activator.doStart,setKeystoreManager
Activator.doStart,error
Activator.doStart,getMessage
Activator.doStart,setMBeanServer
Activator.doStart,getConfiguration
Activator.doStart,keys
Activator.doStart,hasMoreElements
Activator.doStart,nextElement
Activator.doStart,startsWith
Activator.doStart,get
Activator.doStart,setScheduler
Activator.doStart,registerBundleStateService
Activator.doStart,unregisterBundleStateService
Activator.doStart,ungetService
Activator.doStart,setJdbcService
Activator.doStart,setSystemService
Activator.doStart,createQueue
Activator.doStart,createLoggers
Activator.doStart,createFilter
Activator.doStart,getTopics
Activator.doStart,isEmpty
Activator.doStart,startRunner
Activator.doStart,setProfileService
Activator.doStart,setNoAutoRefreshBundles
Activator.doStart,setNoAutoStartBundles
Activator.doStart,setProxyManager
Activator.doStart,setJndiService
Activator.doStart,setProxyService
Activator.doStart,setInstanceService
Activator.doStart,setSessionFactory
Activator.doStart,setBookingService
Activator.doStart,registerMBeanWithName
Activator.doStart,addCommandOption
Activator.doStart,setColor
Activator.doStart,setJmsService
Activator.doStart,addRegEx
Activator.doStop,getTrackedService
Activator.doStop,unregisterListener
Activator.doStop,destroy
Activator.doStop,getRegistry
Activator.doStop,getService
Activator.doStop,unregister
Activator.doStop,stop
Activator.doStop,warn
Activator.doStop,unregisterMbean
Activator.doStop,close
Activator.doStop,saveDigraph
Activator.doStop,deactivate
Activator.doStop,isAlive
Activator.doStop,add
Activator.doStop,join
Activator.doStop,interrupt
Activator.doStop,debug
Activator.doStop,clear
Activator.deploymentEvent,info
Activator.deploymentEvent,setFeaturesService
Activator.deploymentEvent,setBundleContext
Activator.deploymentEvent,init
Activator.deploymentEvent,register
Activator.deploymentEvent,error
Activator.deploymentEvent,getMessage
DeploymentFinishedListener.deploymentEvent,info
DeploymentFinishedListener.deploymentEvent,setFeaturesService
DeploymentFinishedListener.deploymentEvent,setBundleContext
DeploymentFinishedListener.deploymentEvent,init
DeploymentFinishedListener.deploymentEvent,register
DeploymentFinishedListener.deploymentEvent,error
DeploymentFinishedListener.deploymentEvent,getMessage
WrapDeploymentListener.canHandle,getPath
WrapDeploymentListener.canHandle,endsWith
WrapDeploymentListener.canHandle,getManifest
WrapDeploymentListener.canHandle,getMainAttributes
WrapDeploymentListener.canHandle,getValue
WrapDeploymentListener.transform,getPath
WrapDeploymentListener.transform,substring
WrapDeploymentListener.transform,lastIndexOf
WrapDeploymentListener.transform,extractNameVersionType
WrapDeploymentListener.transform,toExternalForm
KarArtifactInstaller.install,list
KarArtifactInstaller.install,contains
KarArtifactInstaller.install,getKarName
KarArtifactInstaller.install,info
KarArtifactInstaller.install,getName
KarArtifactInstaller.install,install
KarArtifactInstaller.install,toURI
KarArtifactInstaller.uninstall,getKarName
KarArtifactInstaller.uninstall,info
KarArtifactInstaller.uninstall,uninstall
KarArtifactInstaller.update,warn
KarArtifactInstaller.update,uninstall
KarArtifactInstaller.update,getKarName
KarArtifactInstaller.update,install
KarArtifactInstaller.update,toURI
KarArtifactInstaller.getKarName,getName
KarArtifactInstaller.getKarName,substring
KarArtifactInstaller.getKarName,lastIndexOf
KarArtifactInstaller.canHandle,getName
KarArtifactInstaller.canHandle,endsWith
KarArtifactInstaller.canHandle,info
KarArtifactInstaller.canHandle,isFile
KarArtifactInstaller.canHandle,debug
KarArtifactInstaller.canHandle,getEntry
KarArtifactInstaller.canHandle,warn
KarArtifactInstaller.canHandle,close
BlueprintURLHandler.openConnection,getPath
BlueprintURLHandler.openConnection,trim
BlueprintURLHandler.openConnection,length
BlueprintURLHandler.openConnection,debug
BlueprintURLHandler.openConnection,transform
BlueprintURLHandler.openConnection,createUrl
BlueprintURLHandler.openConnection,close
BlueprintURLHandler.openConnection,toByteArray
BlueprintURLHandler.getInputStream,transform
BlueprintURLHandler.getInputStream,getPath
BlueprintURLHandler.getInputStream,close
BlueprintURLHandler.getInputStream,toByteArray
BlueprintURLHandler.getInputStream,error
BlueprintURLHandler.getInputStream,createUrl
BlueprintTransformer.transform,parse
BlueprintTransformer.transform,getPath
BlueprintTransformer.transform,lastIndexOf
BlueprintTransformer.transform,substring
BlueprintTransformer.transform,extractNameVersionType
BlueprintTransformer.transform,getMainAttributes
BlueprintTransformer.transform,putValue
BlueprintTransformer.transform,getImportPackages
BlueprintTransformer.transform,analyze
BlueprintTransformer.transform,length
BlueprintTransformer.transform,getElementsByTagName
BlueprintTransformer.transform,getLength
BlueprintTransformer.transform,item
BlueprintTransformer.transform,getTextContent
BlueprintTransformer.transform,load
BlueprintTransformer.transform,trim
BlueprintTransformer.transform,getBytes
BlueprintTransformer.transform,propertyNames
BlueprintTransformer.transform,hasMoreElements
BlueprintTransformer.transform,nextElement
BlueprintTransformer.transform,getProperty
BlueprintTransformer.transform,getParentNode
BlueprintTransformer.transform,removeChild
BlueprintTransformer.transform,getLastModified
BlueprintTransformer.transform,setTime
BlueprintTransformer.transform,putNextEntry
BlueprintTransformer.transform,write
BlueprintTransformer.transform,closeEntry
BlueprintTransformer.transform,endsWith
BlueprintTransformer.transform,transform
BlueprintTransformer.transform,close
BlueprintTransformer.analyze,transform
BlueprintTransformer.analyze,getResourceAsStream
BlueprintTransformer.analyze,toByteArray
BlueprintTransformer.analyze,close
BlueprintTransformer.analyze,readLine
BlueprintTransformer.analyze,trim
BlueprintTransformer.analyze,length
BlueprintTransformer.analyze,split
BlueprintTransformer.analyze,lastIndexOf
BlueprintTransformer.analyze,substring
BlueprintTransformer.analyze,startsWith
BlueprintTransformer.analyze,add
BlueprintTransformer.getImportPackages,length
BlueprintTransformer.getImportPackages,append
BlueprintTransformer.getImportPackages,toString
BlueprintTransformer.parse,openStream
BlueprintTransformer.parse,parse
BlueprintTransformer.getLastModified,openConnection
BlueprintTransformer.getLastModified,getInputStream
BlueprintTransformer.getLastModified,getLastModified
BlueprintTransformer.getPath,getProtocol
BlueprintTransformer.getPath,equals
BlueprintTransformer.getPath,toExternalForm
BlueprintTransformer.getPath,substring
BlueprintTransformer.getPath,split
BlueprintTransformer.getPath,getPath
BlueprintTransformer.getPath,replace
BlueprintDeploymentListener.canHandle,isFile
BlueprintDeploymentListener.canHandle,getName
BlueprintDeploymentListener.canHandle,endsWith
BlueprintDeploymentListener.canHandle,parse
BlueprintDeploymentListener.canHandle,getDocumentElement
BlueprintDeploymentListener.canHandle,getLocalName
BlueprintDeploymentListener.canHandle,getNamespaceURI
BlueprintDeploymentListener.canHandle,equals
BlueprintDeploymentListener.canHandle,error
BlueprintDeploymentListener.canHandle,getAbsolutePath
BlueprintDeploymentListener.transform,toString
BlueprintDeploymentListener.transform,error
BlueprintDeploymentListener.parse,parse
SpringURLHandler.openConnection,getPath
SpringURLHandler.openConnection,trim
SpringURLHandler.openConnection,length
SpringURLHandler.openConnection,debug
SpringURLHandler.openConnection,transform
SpringURLHandler.openConnection,createUrl
SpringURLHandler.openConnection,close
SpringURLHandler.openConnection,toByteArray
SpringURLHandler.getInputStream,transform
SpringURLHandler.getInputStream,getPath
SpringURLHandler.getInputStream,close
SpringURLHandler.getInputStream,toByteArray
SpringURLHandler.getInputStream,error
SpringURLHandler.getInputStream,createUrl
SpringTransformer.transform,parse
SpringTransformer.transform,getPath
SpringTransformer.transform,lastIndexOf
SpringTransformer.transform,substring
SpringTransformer.transform,extractNameVersionType
SpringTransformer.transform,getMainAttributes
SpringTransformer.transform,putValue
SpringTransformer.transform,getImportPackages
SpringTransformer.transform,analyze
SpringTransformer.transform,length
SpringTransformer.transform,getElementsByTagName
SpringTransformer.transform,getLength
SpringTransformer.transform,item
SpringTransformer.transform,getTextContent
SpringTransformer.transform,load
SpringTransformer.transform,trim
SpringTransformer.transform,getBytes
SpringTransformer.transform,propertyNames
SpringTransformer.transform,hasMoreElements
SpringTransformer.transform,nextElement
SpringTransformer.transform,getProperty
SpringTransformer.transform,getParentNode
SpringTransformer.transform,removeChild
SpringTransformer.transform,getLastModified
SpringTransformer.transform,setTime
SpringTransformer.transform,putNextEntry
SpringTransformer.transform,write
SpringTransformer.transform,closeEntry
SpringTransformer.transform,transform
SpringTransformer.transform,close
SpringTransformer.analyze,transform
SpringTransformer.analyze,getResourceAsStream
SpringTransformer.analyze,toByteArray
SpringTransformer.analyze,close
SpringTransformer.analyze,readLine
SpringTransformer.analyze,trim
SpringTransformer.analyze,length
SpringTransformer.analyze,split
SpringTransformer.analyze,lastIndexOf
SpringTransformer.analyze,substring
SpringTransformer.analyze,startsWith
SpringTransformer.analyze,add
SpringTransformer.getImportPackages,length
SpringTransformer.getImportPackages,append
SpringTransformer.getImportPackages,toString
SpringTransformer.parse,openStream
SpringTransformer.parse,parse
SpringTransformer.getLastModified,openConnection
SpringTransformer.getLastModified,getInputStream
SpringTransformer.getLastModified,getLastModified
SpringTransformer.getPath,getProtocol
SpringTransformer.getPath,equals
SpringTransformer.getPath,toExternalForm
SpringTransformer.getPath,substring
SpringTransformer.getPath,split
SpringTransformer.getPath,getPath
SpringTransformer.getPath,replace
SpringDeploymentListener.canHandle,isFile
SpringDeploymentListener.canHandle,getName
SpringDeploymentListener.canHandle,endsWith
SpringDeploymentListener.canHandle,getRootElement
SpringDeploymentListener.canHandle,equals
SpringDeploymentListener.canHandle,error
SpringDeploymentListener.canHandle,getAbsolutePath
SpringDeploymentListener.transform,toString
SpringDeploymentListener.transform,error
SpringDeploymentListener.getRootElement,newInstance
SpringDeploymentListener.getRootElement,setProperty
SpringDeploymentListener.getRootElement,createXMLEventReader
SpringDeploymentListener.getRootElement,hasNext
SpringDeploymentListener.getRootElement,nextEvent
SpringDeploymentListener.getRootElement,isStartElement
SpringDeploymentListener.getRootElement,asStartElement
SpringDeploymentListener.getRootElement,close
App.main,println
D.createStringWithDependencies,createStringWithDependencies
ArchiveMojo.execute,getArtifact
ArchiveMojo.execute,exists
ArchiveMojo.execute,setFile
ArchiveMojo.execute,getPackaging
ArchiveMojo.execute,equals
ArchiveMojo.execute,archive
ArchiveMojo.archive,createArtifact
ArchiveMojo.archive,getArtifact
ArchiveMojo.archive,getGroupId
ArchiveMojo.archive,getArtifactId
ArchiveMojo.archive,getVersion
ArchiveMojo.archive,getScope
ArchiveMojo.archive,archive
ArchiveMojo.archive,attachArtifact
ArchiveMojo.archive,getType
ArchiveMojo.archive,setFile
ArchiveMojo.archive,setArtifact
ArchiveMojo.archive,getName
ArchiveMojo.archive,trim
ArchiveMojo.archive,length
ArchiveMojo.archive,endsWith
ArchiveMojo.archive,equals
ArchiveMojo.archive,newOutputStream
ArchiveMojo.archive,toPath
ArchiveMojo.archive,newDirectoryStream
ArchiveMojo.archive,setLongFileMode
ArchiveMojo.archive,setBigNumberMode
ArchiveMojo.archive,addFileToTarGz
ArchiveMojo.archive,addFileToZip
ArchiveMojo.addFileToTarGz,isDirectory
ArchiveMojo.addFileToTarGz,getFileName
ArchiveMojo.addFileToTarGz,toString
ArchiveMojo.addFileToTarGz,putArchiveEntry
ArchiveMojo.addFileToTarGz,closeArchiveEntry
ArchiveMojo.addFileToTarGz,newDirectoryStream
ArchiveMojo.addFileToTarGz,addFileToTarGz
ArchiveMojo.addFileToTarGz,isSymbolicLink
ArchiveMojo.addFileToTarGz,setLinkName
ArchiveMojo.addFileToTarGz,readSymbolicLink
ArchiveMojo.addFileToTarGz,setSize
ArchiveMojo.addFileToTarGz,size
ArchiveMojo.addFileToTarGz,contains
ArchiveMojo.addFileToTarGz,startsWith
ArchiveMojo.addFileToTarGz,endsWith
ArchiveMojo.addFileToTarGz,setMode
ArchiveMojo.addFileToTarGz,copy
ArchiveMojo.addFileToZip,isDirectory
ArchiveMojo.addFileToZip,getFileName
ArchiveMojo.addFileToZip,toString
ArchiveMojo.addFileToZip,putArchiveEntry
ArchiveMojo.addFileToZip,closeArchiveEntry
ArchiveMojo.addFileToZip,newDirectoryStream
ArchiveMojo.addFileToZip,addFileToZip
ArchiveMojo.addFileToZip,isSymbolicLink
ArchiveMojo.addFileToZip,setUnixMode
ArchiveMojo.addFileToZip,write
ArchiveMojo.addFileToZip,readSymbolicLink
ArchiveMojo.addFileToZip,getBytes
ArchiveMojo.addFileToZip,setSize
ArchiveMojo.addFileToZip,size
ArchiveMojo.addFileToZip,contains
ArchiveMojo.addFileToZip,startsWith
ArchiveMojo.addFileToZip,endsWith
ArchiveMojo.addFileToZip,copy
VerifyMojo.execute,karafVersion
VerifyMojo.execute,remoteRepositoryList
VerifyMojo.execute,getRemoteProjectRepositories
VerifyMojo.execute,getLog
VerifyMojo.execute,info
VerifyMojo.execute,put
VerifyMojo.execute,getBasedir
VerifyMojo.execute,getRequest
VerifyMojo.execute,getUserSettingsFile
VerifyMojo.execute,exists
VerifyMojo.execute,toString
VerifyMojo.execute,createMavenResolver
VerifyMojo.execute,doExecute
VerifyMojo.getVersion,getVersion
VerifyMojo.getVersion,getArtifactMap
VerifyMojo.getVersion,get
VerifyMojo.getVersion,getBaseVersion
VerifyMojo.getVersion,startsWith
VerifyMojo.invoke,getClass
VerifyMojo.invoke,getMethod
VerifyMojo.invoke,invoke
VerifyMojo.invoke,toString
VerifyMojo.invoke,getName
VerifyMojo.invoke,hashCode
VerifyMojo.invoke,getSymbolicName
VerifyMojo.invoke,getVersion
VerifyMojo.invoke,get
VerifyMojo.invoke,indexOf
VerifyMojo.invoke,substring
VerifyMojo.invoke,trim
VerifyMojo.getPolicy,invoke
VerifyMojo.doExecute,setProperty
VerifyMojo.doExecute,load
VerifyMojo.doExecute,propertyNames
VerifyMojo.doExecute,hasMoreElements
VerifyMojo.doExecute,nextElement
VerifyMojo.doExecute,get
VerifyMojo.doExecute,put
VerifyMojo.doExecute,toString
VerifyMojo.doExecute,singleton
VerifyMojo.doExecute,contains
VerifyMojo.doExecute,add
VerifyMojo.doExecute,getVersion
VerifyMojo.doExecute,getProperty
VerifyMojo.doExecute,getBuild
VerifyMojo.doExecute,getDirectory
VerifyMojo.doExecute,addAll
VerifyMojo.doExecute,newScheduledThreadPool
VerifyMojo.doExecute,loadRepositories
VerifyMojo.doExecute,keySet
VerifyMojo.doExecute,getFeature
VerifyMojo.doExecute,getBundle
VerifyMojo.doExecute,getLocation
VerifyMojo.doExecute,getConfigfile
VerifyMojo.doExecute,getFinalname
VerifyMojo.doExecute,substring
VerifyMojo.doExecute,equals
VerifyMojo.doExecute,indexOf
VerifyMojo.doExecute,length
VerifyMojo.doExecute,getClass
VerifyMojo.doExecute,getDeclaredField
VerifyMojo.doExecute,setAccessible
VerifyMojo.doExecute,set
VerifyMojo.doExecute,values
VerifyMojo.doExecute,isEmpty
VerifyMojo.doExecute,getPattern
VerifyMojo.doExecute,iterator
VerifyMojo.doExecute,hasNext
VerifyMojo.doExecute,next
VerifyMojo.doExecute,getName
VerifyMojo.doExecute,matcher
VerifyMojo.doExecute,matches
VerifyMojo.doExecute,remove
VerifyMojo.doExecute,getId
VerifyMojo.doExecute,isBlacklisted
VerifyMojo.doExecute,getLog
VerifyMojo.doExecute,info
VerifyMojo.doExecute,verifyResolution
VerifyMojo.doExecute,getCause
VerifyMojo.doExecute,isDebugEnabled
VerifyMojo.doExecute,warn
VerifyMojo.doExecute,getMessage
VerifyMojo.doExecute,getConditional
VerifyMojo.doExecute,getCondition
VerifyMojo.doExecute,join
VerifyMojo.doExecute,getNamespace
VerifyMojo.doExecute,getAttributes
VerifyMojo.doExecute,shutdown
VerifyMojo.doExecute,size
VerifyMojo.getPattern,length
VerifyMojo.getPattern,append
VerifyMojo.getPattern,trim
VerifyMojo.getPattern,startsWith
VerifyMojo.getPattern,substring
VerifyMojo.getPattern,replaceAll
VerifyMojo.getPattern,contains
VerifyMojo.getPattern,compile
VerifyMojo.getPattern,toString
VerifyMojo.verifyResolution,getSystemBundle
VerifyMojo.verifyResolution,getMetadata
VerifyMojo.verifyResolution,values
VerifyMojo.verifyResolution,defaultDeploymentRequest
VerifyMojo.verifyResolution,addToMapSet
VerifyMojo.verifyResolution,deploy
VerifyMojo.verifyResolution,getDeploymentState
VerifyMojo.verifyResolution,deployFully
VerifyMojo.verifyResolution,getMessage
VerifyMojo.verifyResolution,toString
VerifyMojo.verifyResolution,keySet
VerifyMojo.verifyResolution,getProviders
VerifyMojo.toString,append
VerifyMojo.toString,toString
VerifyMojo.getSystemBundle,getArtifactMap
VerifyMojo.getSystemBundle,get
VerifyMojo.getSystemBundle,equals
VerifyMojo.getSystemBundle,getType
VerifyMojo.getSystemBundle,getArtifactId
VerifyMojo.getSystemBundle,getBaseVersion
VerifyMojo.getSystemBundle,getFile
VerifyMojo.getSystemBundle,getVersion
VerifyMojo.getSystemBundle,split
VerifyMojo.getSystemBundle,resolveDistributionArtifact
VerifyMojo.getSystemBundle,getName
VerifyMojo.getSystemBundle,substring
VerifyMojo.getSystemBundle,length
VerifyMojo.getSystemBundle,loadPropertiesFile
VerifyMojo.getSystemBundle,put
VerifyMojo.getSystemBundle,getProperty
VerifyMojo.getSystemBundle,substitute
VerifyMojo.getSystemBundle,putValue
VerifyMojo.getSystemBundle,containsKey
VerifyMojo.getSystemBundle,replaceAll
VerifyMojo.getSystemBundle,entrySet
VerifyMojo.getSystemBundle,getKey
VerifyMojo.getSystemBundle,toString
VerifyMojo.getSystemBundle,getValue
VerifyMojo.getSystemBundle,getBundle
VerifyMojo.resolveDistributionArtifact,trim
VerifyMojo.resolveDistributionArtifact,isEmpty
VerifyMojo.resolveDistributionArtifact,resolve
VerifyMojo.resolveDistributionArtifact,apply
VerifyMojo.loadRepositories,createDownloader
VerifyMojo.loadRepositories,toURI
VerifyMojo.loadRepositories,toString
VerifyMojo.loadRepositories,forEach
VerifyMojo.loadRepositories,getInstructions
VerifyMojo.loadRepositories,getBlacklistedRepositoryLocationPatterns
VerifyMojo.loadRepositories,add
VerifyMojo.loadRepositories,isRepositoryBlacklisted
VerifyMojo.loadRepositories,download
VerifyMojo.loadRepositories,containsKey
VerifyMojo.loadRepositories,getUrl
VerifyMojo.loadRepositories,open
VerifyMojo.loadRepositories,isJson
VerifyMojo.loadRepositories,unmarshal
VerifyMojo.loadRepositories,process
VerifyMojo.loadRepositories,put
VerifyMojo.loadRepositories,getRepository
VerifyMojo.loadRepositories,await
VerifyMojo.downloaded,containsKey
VerifyMojo.downloaded,getUrl
VerifyMojo.downloaded,open
VerifyMojo.downloaded,isJson
VerifyMojo.downloaded,unmarshal
VerifyMojo.downloaded,process
VerifyMojo.downloaded,put
VerifyMojo.downloaded,getRepository
VerifyMojo.downloaded,isRepositoryBlacklisted
VerifyMojo.downloaded,download
VerifyMojo.getPrefixedProperties,keySet
VerifyMojo.getPrefixedProperties,startsWith
VerifyMojo.getPrefixedProperties,get
VerifyMojo.getPrefixedProperties,length
VerifyMojo.getPrefixedProperties,substring
VerifyMojo.getPrefixedProperties,isEmpty
VerifyMojo.getPrefixedProperties,add
VerifyMojo.getMetadata,keySet
VerifyMojo.getMetadata,startsWith
VerifyMojo.getMetadata,get
VerifyMojo.getMetadata,substring
VerifyMojo.getMetadata,length
VerifyMojo.getMetadata,split
VerifyMojo.getMetadata,computeIfAbsent
VerifyMojo.getMetadata,setProperty
VerifyMojo.getMetadata,getVersion
VerifyMojo.getMetadata,toString
VerifyMojo.getMetadata,process
VerifyMojo.getMetadata,put
VerifyMojo.getSymbolicName,getSymbolicName
VerifyMojo.saveState,replace
VerifyMojo.installBundle,getNextEntry
VerifyMojo.installBundle,equals
VerifyMojo.installBundle,getName
VerifyMojo.installBundle,getMainAttributes
VerifyMojo.installBundle,entrySet
VerifyMojo.installBundle,put
VerifyMojo.installBundle,getKey
VerifyMojo.installBundle,toString
VerifyMojo.installBundle,getValue
VerifyMojo.installBundle,incrementAndGet
VerifyMojo.installBundle,getBundle
VerifyMojo.installBundle,addToMapSet
VerifyMojo.installBundle,getBundleId
VerifyMojo.uninstall,keySet
VerifyMojo.uninstall,removeFromMapSet
VerifyMojo.uninstall,getBundleId
VerifyMojo.uninstall,remove
VerifyMojo.doLog,getLog
VerifyMojo.doLog,debug
VerifyMojo.doLog,info
VerifyMojo.doLog,warn
VerifyMojo.doLog,error
FakeBundleRevision.invoke,getName
FakeBundleRevision.invoke,hashCode
FakeBundleRevision.invoke,getSymbolicName
FakeBundleRevision.invoke,getVersion
FakeBundleRevision.invoke,get
FakeBundleRevision.invoke,indexOf
FakeBundleRevision.invoke,substring
FakeBundleRevision.invoke,trim
FakeBundleRevision.getSymbolicName,getSymbolicName
FakeBundleRevision.getVersion,getVersion
DummyDeployCallback.saveState,replace
DummyDeployCallback.installBundle,getNextEntry
DummyDeployCallback.installBundle,equals
DummyDeployCallback.installBundle,getName
DummyDeployCallback.installBundle,getMainAttributes
DummyDeployCallback.installBundle,entrySet
DummyDeployCallback.installBundle,put
DummyDeployCallback.installBundle,getKey
DummyDeployCallback.installBundle,toString
DummyDeployCallback.installBundle,getValue
DummyDeployCallback.installBundle,incrementAndGet
DummyDeployCallback.installBundle,getBundle
DummyDeployCallback.installBundle,addToMapSet
DummyDeployCallback.installBundle,getBundleId
DummyDeployCallback.uninstall,keySet
DummyDeployCallback.uninstall,removeFromMapSet
DummyDeployCallback.uninstall,getBundleId
DummyDeployCallback.uninstall,remove
MavenResolverLog.doLog,getLog
MavenResolverLog.doLog,debug
MavenResolverLog.doLog,info
MavenResolverLog.doLog,warn
MavenResolverLog.doLog,error
DockerMojo.execute,getLog
DockerMojo.execute,info
DockerMojo.execute,newBuilder
DockerMojo.execute,command
DockerMojo.execute,directory
DockerMojo.execute,start
DockerMojo.execute,getPid
DockerMojo.execute,isRunning
DockerMojo.execute,sleep
DockerMojo.execute,getMessage
DockerfileMojo.execute,getLog
DockerfileMojo.execute,info
DockerfileMojo.execute,append
DockerfileMojo.execute,getName
DockerfileMojo.execute,write
DockerfileMojo.execute,toString
DockerfileMojo.execute,getMessage
KarMojo.execute,resolveFile
KarMojo.execute,getGroupId
KarMojo.execute,getArtifactId
KarMojo.execute,getVersion
KarMojo.execute,isMavenUrl
KarMojo.execute,resourceToArtifact
KarMojo.execute,getArtifactHandler
KarMojo.execute,readResources
KarMojo.execute,createArchive
KarMojo.execute,getProject
KarMojo.execute,getPackaging
KarMojo.execute,equals
KarMojo.execute,getLog
KarMojo.execute,warn
KarMojo.execute,attachArtifact
KarMojo.execute,getArtifact
KarMojo.execute,setFile
KarMojo.resolveFile,isMavenUrl
KarMojo.resolveFile,fromMaven
KarMojo.resolveFile,resourceToArtifact
KarMojo.resolveFile,exists
KarMojo.resolveFile,resolve
KarMojo.resolveFile,getFile
KarMojo.resolveFile,getLog
KarMojo.resolveFile,error
KarMojo.readResources,isJson
KarMojo.readResources,toURI
KarMojo.readResources,toASCIIString
KarMojo.readResources,unmarshal
KarMojo.readResources,getFeature
KarMojo.readResources,getBundles
KarMojo.readResources,isDependency
KarMojo.readResources,add
KarMojo.readResources,resourceToArtifact
KarMojo.readResources,getLocation
KarMojo.readResources,getConditional
KarMojo.readResources,getConfigurationFiles
KarMojo.createArchive,getArchiveFile
KarMojo.createArchive,setCreatedBy
KarMojo.createArchive,addManifestEntries
KarMojo.createArchive,getManifestEntries
KarMojo.createArchive,setArchiver
KarMojo.createArchive,setOutputFile
KarMojo.createArchive,configureReproducible
KarMojo.createArchive,createArtifactWithClassifier
KarMojo.createArchive,addFile
KarMojo.createArchive,pathOf
KarMojo.createArchive,isSnapshot
KarMojo.createArchive,getLog
KarMojo.createArchive,debug
KarMojo.createArchive,getParentFile
KarMojo.createArchive,getAbsolutePath
KarMojo.createArchive,exists
KarMojo.createArchive,setGroupId
KarMojo.createArchive,getGroupId
KarMojo.createArchive,setArtifactId
KarMojo.createArchive,getArtifactId
KarMojo.createArchive,setVersion
KarMojo.createArchive,getVersion
KarMojo.createArchive,setModelVersion
KarMojo.createArchive,setLastUpdatedTimestamp
KarMojo.createArchive,currentTimeMillis
KarMojo.createArchive,setLocalCopy
KarMojo.createArchive,setSnapshot
KarMojo.createArchive,setClassifier
KarMojo.createArchive,getClassifier
KarMojo.createArchive,setExtension
KarMojo.createArchive,getType
KarMojo.createArchive,setUpdated
KarMojo.createArchive,getLastUpdated
KarMojo.createArchive,addSnapshotVersion
KarMojo.createArchive,setVersioning
KarMojo.createArchive,write
KarMojo.createArchive,warn
KarMojo.createArchive,substring
KarMojo.createArchive,lastIndexOf
KarMojo.createArchive,resolve
KarMojo.createArchive,getBaseVersion
KarMojo.createArchive,createTempFile
KarMojo.createArchive,toFile
KarMojo.createArchive,generateMavenMetadata
KarMojo.createArchive,add
KarMojo.createArchive,getFile
KarMojo.createArchive,isDirectory
KarMojo.createArchive,getArchiver
KarMojo.createArchive,addDirectory
KarMojo.createArchive,createArchive
KarMojo.createArchive,delete
KarMojo.isMavenUrl,matcher
KarMojo.isMavenUrl,matches
KarMojo.fromMaven,matcher
KarMojo.fromMaven,matches
KarMojo.fromMaven,append
KarMojo.fromMaven,group
KarMojo.fromMaven,length
KarMojo.fromMaven,charAt
KarMojo.fromMaven,setCharAt
KarMojo.fromMaven,present
KarMojo.fromMaven,toString
KarMojo.present,isEmpty
KarMojo.getArchiveFile,trim
KarMojo.getArchiveFile,length
KarMojo.getArchiveFile,startsWith
AssemblyMojo.execute,setNullListsToEmpty
AssemblyMojo.execute,setNullMapsToEmpty
AssemblyMojo.execute,doExecute
AssemblyMojo.doExecute,isEmpty
AssemblyMojo.doExecute,size
AssemblyMojo.doExecute,newInstance
AssemblyMojo.doExecute,extraProtocols
AssemblyMojo.doExecute,offline
AssemblyMojo.doExecute,isOffline
AssemblyMojo.doExecute,localRepository
AssemblyMojo.doExecute,getBasedir
AssemblyMojo.doExecute,resolverWrapper
AssemblyMojo.doExecute,javase
AssemblyMojo.doExecute,karafVersion
AssemblyMojo.doExecute,useReferenceUrls
AssemblyMojo.doExecute,defaultAddAll
AssemblyMojo.doExecute,ignoreDependencyFlag
AssemblyMojo.doExecute,propertyEdits
AssemblyMojo.doExecute,configurePropertyEdits
AssemblyMojo.doExecute,translatedUrls
AssemblyMojo.doExecute,configureTranslatedUrls
AssemblyMojo.doExecute,pidsToExtract
AssemblyMojo.doExecute,writeProfiles
AssemblyMojo.doExecute,generateConsistencyReport
AssemblyMojo.doExecute,setConsistencyReportProjectName
AssemblyMojo.doExecute,setConsistencyReportProjectVersion
AssemblyMojo.doExecute,environment
AssemblyMojo.doExecute,defaultStartLevel
AssemblyMojo.doExecute,setFeaturesProcessing
AssemblyMojo.doExecute,toPath
AssemblyMojo.doExecute,resolverParallelism
AssemblyMojo.doExecute,remoteRepositoryList
AssemblyMojo.doExecute,getRemoteProjectRepositories
AssemblyMojo.doExecute,getLog
AssemblyMojo.doExecute,info
AssemblyMojo.doExecute,split
AssemblyMojo.doExecute,mavenRepositories
AssemblyMojo.doExecute,forEach
AssemblyMojo.doExecute,blacklistBundles
AssemblyMojo.doExecute,blacklistFeatures
AssemblyMojo.doExecute,blacklistProfiles
AssemblyMojo.doExecute,blacklistRepositories
AssemblyMojo.doExecute,blacklistPolicy
AssemblyMojo.doExecute,configureWorkDirectory
AssemblyMojo.doExecute,homeDirectory
AssemblyMojo.doExecute,processDirectMavenDependencies
AssemblyMojo.doExecute,detectStartupKarsAndFeatures
AssemblyMojo.doExecute,defaultStage
AssemblyMojo.doExecute,kars
AssemblyMojo.doExecute,toArray
AssemblyMojo.doExecute,repositories
AssemblyMojo.doExecute,features
AssemblyMojo.doExecute,bundles
AssemblyMojo.doExecute,profiles
AssemblyMojo.doExecute,firstStageBootFeatures
AssemblyMojo.doExecute,generateAssembly
AssemblyMojo.doExecute,copyDirectory
AssemblyMojo.doExecute,getBuild
AssemblyMojo.doExecute,getOutputDirectory
AssemblyMojo.doExecute,exists
AssemblyMojo.doExecute,listFiles
AssemblyMojo.doExecute,getName
AssemblyMojo.doExecute,endsWith
AssemblyMojo.doExecute,setPosixFilePermissions
AssemblyMojo.doExecute,fromString
AssemblyMojo.doExecute,max
AssemblyMojo.doExecute,lastIndexOf
AssemblyMojo.doExecute,contains
AssemblyMojo.doExecute,substring
AssemblyMojo.doExecute,resolve
AssemblyMojo.doExecute,startsWith
AssemblyMojo.doExecute,list
AssemblyMojo.doExecute,filter
AssemblyMojo.doExecute,test
AssemblyMojo.doExecute,getFileName
AssemblyMojo.doExecute,toString
AssemblyMojo.doExecute,collect
AssemblyMojo.doExecute,toList
AssemblyMojo.doExecute,stream
AssemblyMojo.doExecute,peek
AssemblyMojo.doExecute,relativize
AssemblyMojo.doExecute,isDirectory
AssemblyMojo.doExecute,deleteRecursive
AssemblyMojo.doExecute,toFile
AssemblyMojo.doExecute,delete
AssemblyMojo.configureWorkDirectory,deleteRecursive
AssemblyMojo.configureWorkDirectory,mkdirs
AssemblyMojo.processDirectMavenDependencies,getDependencyArtifacts
AssemblyMojo.processDirectMavenDependencies,fromMavenScope
AssemblyMojo.processDirectMavenDependencies,getScope
AssemblyMojo.processDirectMavenDependencies,artifactToMvn
AssemblyMojo.processDirectMavenDependencies,getType
AssemblyMojo.processDirectMavenDependencies,addUris
AssemblyMojo.addUris,add
AssemblyMojo.detectStartupKarsAndFeatures,iterator
AssemblyMojo.detectStartupKarsAndFeatures,hasNext
AssemblyMojo.detectStartupKarsAndFeatures,next
AssemblyMojo.detectStartupKarsAndFeatures,startsWith
AssemblyMojo.detectStartupKarsAndFeatures,remove
AssemblyMojo.detectStartupKarsAndFeatures,getLog
AssemblyMojo.detectStartupKarsAndFeatures,info
AssemblyMojo.detectStartupKarsAndFeatures,kars
AssemblyMojo.detectStartupKarsAndFeatures,equals
AssemblyMojo.detectStartupKarsAndFeatures,isEmpty
AssemblyMojo.detectStartupKarsAndFeatures,karafVersion
AssemblyMojo.detectStartupKarsAndFeatures,contains
AssemblyMojo.detectStartupKarsAndFeatures,features
AssemblyMojo.configurePropertyEdits,exists
AssemblyMojo.configurePropertyEdits,read
AssemblyMojo.configurePropertyEdits,getEdits
AssemblyMojo.configurePropertyEdits,isEmpty
AssemblyMojo.configurePropertyEdits,addAll
AssemblyMojo.configureTranslatedUrls,getAttachedArtifacts
AssemblyMojo.configureTranslatedUrls,add
AssemblyMojo.configureTranslatedUrls,getArtifact
AssemblyMojo.configureTranslatedUrls,getFile
AssemblyMojo.configureTranslatedUrls,exists
AssemblyMojo.configureTranslatedUrls,artifactToMvn
AssemblyMojo.configureTranslatedUrls,put
AssemblyMojo.configureTranslatedUrls,toURI
AssemblyMojo.configureTranslatedUrls,toString
AssemblyMojo.configureTranslatedUrls,entrySet
AssemblyMojo.configureTranslatedUrls,getKey
AssemblyMojo.configureTranslatedUrls,getValue
AssemblyMojo.getType,equals
AssemblyMojo.getType,getType
AssemblyMojo.getType,getFile
AssemblyMojo.getType,getEntry
AssemblyMojo.getType,getClassifier
AssemblyMojo.getType,newFactory
AssemblyMojo.getType,setProperty
AssemblyMojo.getType,createXMLStreamReader
AssemblyMojo.getType,nextTag
AssemblyMojo.getType,getName
AssemblyMojo.getType,getLocalPart
AssemblyMojo.getType,getNamespaceURI
AssemblyMojo.getType,isEmpty
AssemblyMojo.getType,startsWith
AssemblyMojo.getType,getManifest
AssemblyMojo.getType,getMainAttributes
AssemblyMojo.getType,getValue
AssemblyMojo.artifactToMvn,getGroupId
AssemblyMojo.artifactToMvn,getArtifactId
AssemblyMojo.artifactToMvn,getBaseVersion
AssemblyMojo.artifactToMvn,getArtifactHandler
AssemblyMojo.artifactToMvn,getExtension
AssemblyMojo.artifactToMvn,getClassifier
AssemblyMojo.artifactToMvn,isEmpty
AssemblyMojo.artifactToMvn,equals
AssemblyMojo.artifactToMvn,format
AssemblyMojo.toArray,toArray
AssemblyMojo.toArray,size
AssemblyMojo.setNullListsToEmpty,nonNullList
AssemblyMojo.setNullMapsToEmpty,nonNullMap
AssemblyMojo.setNullMapsToEmpty,nonNullProps
AssemblyMojo.nonNullList,stream
AssemblyMojo.nonNullList,filter
AssemblyMojo.nonNullList,collect
AssemblyMojo.nonNullList,toList
AbstractFeatureMojo.addFeatureRepo,resourceToArtifact
AbstractFeatureMojo.addFeatureRepo,resolveArtifact
AbstractFeatureMojo.addFeatureRepo,add
AbstractFeatureMojo.addFeatureRepo,getLog
AbstractFeatureMojo.addFeatureRepo,warn
AbstractFeatureMojo.addFeatureRepo,debug
AbstractFeatureMojo.retrieveDescriptorsRecursively,resourceToArtifact
AbstractFeatureMojo.retrieveDescriptorsRecursively,getMessage
AbstractFeatureMojo.retrieveDescriptorsRecursively,resolveArtifact
AbstractFeatureMojo.retrieveDescriptorsRecursively,add
AbstractFeatureMojo.retrieveDescriptorsRecursively,getFile
AbstractFeatureMojo.retrieveDescriptorsRecursively,toURI
AbstractFeatureMojo.retrieveDescriptorsRecursively,toString
AbstractFeatureMojo.retrieveDescriptorsRecursively,translateFromMaven
AbstractFeatureMojo.retrieveDescriptorsRecursively,isJson
AbstractFeatureMojo.retrieveDescriptorsRecursively,unmarshal
AbstractFeatureMojo.retrieveDescriptorsRecursively,getLog
AbstractFeatureMojo.retrieveDescriptorsRecursively,error
AbstractFeatureMojo.retrieveDescriptorsRecursively,getFeature
AbstractFeatureMojo.retrieveDescriptorsRecursively,put
AbstractFeatureMojo.retrieveDescriptorsRecursively,getId
AbstractFeatureMojo.retrieveDescriptorsRecursively,getRepository
AbstractFeatureMojo.retrieveDescriptorsRecursively,retrieveDescriptorsRecursively
AbstractFeatureMojo.resolveArtifact,getRepository
AbstractFeatureMojo.resolveArtifact,singletonList
AbstractFeatureMojo.resolveArtifact,resolve
AbstractFeatureMojo.resolveArtifact,getLog
AbstractFeatureMojo.resolveArtifact,warn
AbstractFeatureMojo.resolveArtifact,debug
AbstractFeatureMojo.resolveArtifact,resourceToArtifact
AbstractFeatureMojo.resolveArtifact,resolveArtifact
AbstractFeatureMojo.resolveArtifact,checkDoGarbageCollect
AbstractFeatureMojo.addFeatures,split
AbstractFeatureMojo.addFeatures,getMatchingFeature
AbstractFeatureMojo.addFeatures,add
AbstractFeatureMojo.addFeatures,addFeaturesDependencies
AbstractFeatureMojo.addFeatures,getFeature
AbstractFeatureMojo.addFeaturesDependencies,getMatchingFeature
AbstractFeatureMojo.addFeaturesDependencies,getName
AbstractFeatureMojo.addFeaturesDependencies,getVersion
AbstractFeatureMojo.addFeaturesDependencies,add
AbstractFeatureMojo.addFeaturesDependencies,addFeaturesDependencies
AbstractFeatureMojo.addFeaturesDependencies,getFeature
AbstractFeatureMojo.getMatchingFeature,compile
AbstractFeatureMojo.getMatchingFeature,equals
AbstractFeatureMojo.getMatchingFeature,keySet
AbstractFeatureMojo.getMatchingFeature,split
AbstractFeatureMojo.getMatchingFeature,matcher
AbstractFeatureMojo.getMatchingFeature,matches
AbstractFeatureMojo.getMatchingFeature,get
AbstractFeatureMojo.getMatchingFeature,add
AbstractFeatureMojo.getMatchingFeature,getVersion
AbstractFeatureMojo.getMatchingFeature,contains
AbstractFeatureMojo.getMatchingFeature,compareTo
AbstractFeatureMojo.getMatchingFeature,size
AbstractFeatureMojo.resolveFeatures,retrieveDescriptorsRecursively
AbstractFeatureMojo.resolveFeatures,keySet
AbstractFeatureMojo.resolveFeatures,addFeatures
AbstractFeatureMojo.resolveFeatures,getLog
AbstractFeatureMojo.resolveFeatures,info
AbstractFeatureMojo.resolveFeatures,getUrl
AbstractFeatureMojo.resolveFeatures,getBundle
AbstractFeatureMojo.resolveFeatures,resolveArtifact
AbstractFeatureMojo.resolveFeatures,getLocation
AbstractFeatureMojo.resolveFeatures,getConditional
AbstractFeatureMojo.resolveFeatures,getBundles
AbstractFeatureMojo.resolveFeatures,isDependency
AbstractFeatureMojo.resolveFeatures,getConfigfile
AbstractFeatureMojo.resolveFeatures,getName
AbstractFeatureMojo.resolveFeatures,getVersion
AbstractFeatureMojo.checkDoGarbageCollect,gc
AbstractFeatureMojo.checkDoGarbageCollect,runFinalization
AddToRepositoryMojo.execute,resolveFeatures
AddToRepositoryMojo.execute,copy
AddToRepositoryMojo.execute,copyBundlesToDestRepository
AddToRepositoryMojo.execute,getBundle
AddToRepositoryMojo.execute,getConditional
AddToRepositoryMojo.execute,copyBundlesConditionalToDestRepository
AddToRepositoryMojo.execute,getBundles
AddToRepositoryMojo.execute,copyConfigFilesToDestRepository
AddToRepositoryMojo.execute,getConfigfile
AddToRepositoryMojo.execute,copyFileBasedDescriptorsToDestRepository
AddToRepositoryMojo.copyBundlesConditionalToDestRepository,isDependency
AddToRepositoryMojo.copyBundlesConditionalToDestRepository,resourceToArtifact
AddToRepositoryMojo.copyBundlesConditionalToDestRepository,getLocation
AddToRepositoryMojo.copyBundlesConditionalToDestRepository,resolveArtifact
AddToRepositoryMojo.copyBundlesConditionalToDestRepository,copy
AddToRepositoryMojo.copyBundlesToDestRepository,resourceToArtifact
AddToRepositoryMojo.copyBundlesToDestRepository,getLocation
AddToRepositoryMojo.copyBundlesToDestRepository,resolveArtifact
AddToRepositoryMojo.copyBundlesToDestRepository,copy
AddToRepositoryMojo.copyConfigFilesToDestRepository,resourceToArtifact
AddToRepositoryMojo.copyConfigFilesToDestRepository,getLocation
AddToRepositoryMojo.copyConfigFilesToDestRepository,resolveArtifact
AddToRepositoryMojo.copyConfigFilesToDestRepository,copy
AddToRepositoryMojo.copy,getLog
AddToRepositoryMojo.copy,info
AddToRepositoryMojo.copy,getRelativePath
AddToRepositoryMojo.copy,getFile
AddToRepositoryMojo.copy,copy
AddToRepositoryMojo.copy,warn
AddToRepositoryMojo.getRelativePath,getDir
AddToRepositoryMojo.getRelativePath,getFileName
AddToRepositoryMojo.copyFileBasedDescriptorsToDestRepository,getTargetDirectory
AddToRepositoryMojo.copyFileBasedDescriptorsToDestRepository,getTargetFileName
AddToRepositoryMojo.copyFileBasedDescriptorsToDestRepository,copy
AddToRepositoryMojo.copyFileBasedDescriptorsToDestRepository,getSourceFile
ExportFeatureMetaDataMojo.execute,resolveFeatures
ExportFeatureMetaDataMojo.execute,mergeFeatureOneVersion
ExportFeatureMetaDataMojo.execute,mergeFeature
ExportFeatureMetaDataMojo.execute,add
ExportFeatureMetaDataMojo.execute,getParentFile
ExportFeatureMetaDataMojo.execute,mkdirs
ExportFeatureMetaDataMojo.execute,getFeature
ExportFeatureMetaDataMojo.execute,addAll
ExportFeatureMetaDataMojo.execute,marshal
ExportFeatureMetaDataMojo.execute,getMessage
ExportFeatureMetaDataMojo.mergeFeature,getBundle
ExportFeatureMetaDataMojo.mergeFeature,getBundleSymbolicName
ExportFeatureMetaDataMojo.mergeFeature,logIgnored
ExportFeatureMetaDataMojo.mergeFeature,getBundleVersion
ExportFeatureMetaDataMojo.mergeFeature,contains
ExportFeatureMetaDataMojo.mergeFeature,add
ExportFeatureMetaDataMojo.mergeFeatureOneVersion,getBundle
ExportFeatureMetaDataMojo.mergeFeatureOneVersion,getBundleSymbolicName
ExportFeatureMetaDataMojo.mergeFeatureOneVersion,logIgnored
ExportFeatureMetaDataMojo.mergeFeatureOneVersion,get
ExportFeatureMetaDataMojo.mergeFeatureOneVersion,getBundleVersion
ExportFeatureMetaDataMojo.mergeFeatureOneVersion,compareTo
ExportFeatureMetaDataMojo.mergeFeatureOneVersion,put
ExportFeatureMetaDataMojo.mergeFeatureOneVersion,values
ExportFeatureMetaDataMojo.mergeFeatureOneVersion,add
ExportFeatureMetaDataMojo.logIgnored,getLog
ExportFeatureMetaDataMojo.logIgnored,warn
ExportFeatureMetaDataMojo.logIgnored,getLocation
ExportFeatureMetaDataMojo.getBundleVersion,getManifest
ExportFeatureMetaDataMojo.getBundleVersion,getValue
ExportFeatureMetaDataMojo.getBundleSymbolicName,getManifest
ExportFeatureMetaDataMojo.getBundleSymbolicName,getValue
ExportFeatureMetaDataMojo.getManifest,get
ExportFeatureMetaDataMojo.getManifest,getLocation
ExportFeatureMetaDataMojo.getManifest,resourceToArtifact
ExportFeatureMetaDataMojo.getManifest,getFile
ExportFeatureMetaDataMojo.getManifest,resolveArtifact
ExportFeatureMetaDataMojo.getManifest,getManifest
ExportFeatureMetaDataMojo.getManifest,getMainAttributes
ExportFeatureMetaDataMojo.getManifest,put
GenerateDescriptorMojo.execute,getPackaging
GenerateDescriptorMojo.execute,equals
GenerateDescriptorMojo.execute,exists
GenerateDescriptorMojo.execute,getParentFile
GenerateDescriptorMojo.execute,isDirectory
GenerateDescriptorMojo.execute,mkdirs
GenerateDescriptorMojo.execute,filter
GenerateDescriptorMojo.execute,getLog
GenerateDescriptorMojo.execute,info
GenerateDescriptorMojo.execute,createArtifactWithClassifier
GenerateDescriptorMojo.execute,getGroupId
GenerateDescriptorMojo.execute,getArtifactId
GenerateDescriptorMojo.execute,getVersion
GenerateDescriptorMojo.execute,setFile
GenerateDescriptorMojo.execute,setArtifact
GenerateDescriptorMojo.execute,attachArtifact
GenerateDescriptorMojo.execute,createDependencyHelper
GenerateDescriptorMojo.execute,getDependencies
GenerateDescriptorMojo.execute,getLocalDependencies
GenerateDescriptorMojo.execute,getTreeListing
GenerateDescriptorMojo.execute,writeFeatures
GenerateDescriptorMojo.execute,error
GenerateDescriptorMojo.execute,getMessage
GenerateDescriptorMojo.resolveProject,get
GenerateDescriptorMojo.resolveProject,setSystemProperties
GenerateDescriptorMojo.resolveProject,getProperties
GenerateDescriptorMojo.resolveProject,setResolveDependencies
GenerateDescriptorMojo.resolveProject,setRemoteRepositories
GenerateDescriptorMojo.resolveProject,getPluginArtifactRepositories
GenerateDescriptorMojo.resolveProject,setLocalRepository
GenerateDescriptorMojo.resolveProject,setProfiles
GenerateDescriptorMojo.resolveProject,getRequest
GenerateDescriptorMojo.resolveProject,getProfiles
GenerateDescriptorMojo.resolveProject,setActiveProfileIds
GenerateDescriptorMojo.resolveProject,getActiveProfiles
GenerateDescriptorMojo.resolveProject,setRepositorySession
GenerateDescriptorMojo.resolveProject,createArtifact
GenerateDescriptorMojo.resolveProject,getGroupId
GenerateDescriptorMojo.resolveProject,getArtifactId
GenerateDescriptorMojo.resolveProject,getBaseVersion
GenerateDescriptorMojo.resolveProject,build
GenerateDescriptorMojo.resolveProject,getProject
GenerateDescriptorMojo.resolveProject,put
GenerateDescriptorMojo.resolveProject,format
GenerateDescriptorMojo.getVersionOrRange,getBaseVersion
GenerateDescriptorMojo.getVersionOrRange,resolveProject
GenerateDescriptorMojo.getVersionOrRange,getDependencies
GenerateDescriptorMojo.getVersionOrRange,getGroupId
GenerateDescriptorMojo.getVersionOrRange,equals
GenerateDescriptorMojo.getVersionOrRange,getArtifactId
GenerateDescriptorMojo.getVersionOrRange,getVersion
GenerateDescriptorMojo.writeFeatures,getLog
GenerateDescriptorMojo.writeFeatures,info
GenerateDescriptorMojo.writeFeatures,getAbsolutePath
GenerateDescriptorMojo.writeFeatures,exists
GenerateDescriptorMojo.writeFeatures,filter
GenerateDescriptorMojo.writeFeatures,readFeaturesFile
GenerateDescriptorMojo.writeFeatures,createFeaturesRoot
GenerateDescriptorMojo.writeFeatures,getName
GenerateDescriptorMojo.writeFeatures,setName
GenerateDescriptorMojo.writeFeatures,getArtifactId
GenerateDescriptorMojo.writeFeatures,getFeature
GenerateDescriptorMojo.writeFeatures,equals
GenerateDescriptorMojo.writeFeatures,createFeature
GenerateDescriptorMojo.writeFeatures,hasVersion
GenerateDescriptorMojo.writeFeatures,setVersion
GenerateDescriptorMojo.writeFeatures,getArtifact
GenerateDescriptorMojo.writeFeatures,getBaseVersion
GenerateDescriptorMojo.writeFeatures,getDescription
GenerateDescriptorMojo.writeFeatures,setDescription
GenerateDescriptorMojo.writeFeatures,setInstall
GenerateDescriptorMojo.writeFeatures,getDetails
GenerateDescriptorMojo.writeFeatures,setDetails
GenerateDescriptorMojo.writeFeatures,createBundle
GenerateDescriptorMojo.writeFeatures,setLocation
GenerateDescriptorMojo.writeFeatures,artifactToMvn
GenerateDescriptorMojo.writeFeatures,getVersion
GenerateDescriptorMojo.writeFeatures,setStartLevel
GenerateDescriptorMojo.writeFeatures,getBundle
GenerateDescriptorMojo.writeFeatures,add
GenerateDescriptorMojo.writeFeatures,contains
GenerateDescriptorMojo.writeFeatures,processFeatureArtifact
GenerateDescriptorMojo.writeFeatures,getParent
GenerateDescriptorMojo.writeFeatures,isArtifactAFeature
GenerateDescriptorMojo.writeFeatures,getVersionOrRange
GenerateDescriptorMojo.writeFeatures,getConfigfile
GenerateDescriptorMojo.writeFeatures,getLocation
GenerateDescriptorMojo.writeFeatures,replace
GenerateDescriptorMojo.writeFeatures,trim
GenerateDescriptorMojo.writeFeatures,resolve
GenerateDescriptorMojo.writeFeatures,getManifest
GenerateDescriptorMojo.writeFeatures,isBundle
GenerateDescriptorMojo.writeFeatures,isBundleIncludedTransitively
GenerateDescriptorMojo.writeFeatures,getScope
GenerateDescriptorMojo.writeFeatures,isTransitive
GenerateDescriptorMojo.writeFeatures,setDependency
GenerateDescriptorMojo.writeFeatures,getStartLevel
GenerateDescriptorMojo.writeFeatures,setPrerequisite
GenerateDescriptorMojo.writeFeatures,isEmpty
GenerateDescriptorMojo.writeFeatures,get
GenerateDescriptorMojo.writeFeatures,getRepository
GenerateDescriptorMojo.writeFeatures,marshal
GenerateDescriptorMojo.writeFeatures,checkChanges
GenerateDescriptorMojo.processFeatureArtifact,isArtifactAFeature
GenerateDescriptorMojo.processFeatureArtifact,equals
GenerateDescriptorMojo.processFeatureArtifact,getClassifier
GenerateDescriptorMojo.processFeatureArtifact,resolve
GenerateDescriptorMojo.processFeatureArtifact,getLog
GenerateDescriptorMojo.processFeatureArtifact,exists
GenerateDescriptorMojo.processFeatureArtifact,getFeature
GenerateDescriptorMojo.processFeatureArtifact,getRepository
GenerateDescriptorMojo.processFeatureArtifact,processFeatureArtifact
GenerateDescriptorMojo.processFeatureArtifact,getArtifact
GenerateDescriptorMojo.processFeatureArtifact,getName
GenerateDescriptorMojo.processFeatureArtifact,getVersion
GenerateDescriptorMojo.processFeatureArtifact,setPrerequisite
GenerateDescriptorMojo.processFeatureArtifact,contains
GenerateDescriptorMojo.processFeatureArtifact,setDependency
GenerateDescriptorMojo.processFeatureArtifact,findMatchingDependency
GenerateDescriptorMojo.processFeatureArtifact,mergeDependencies
GenerateDescriptorMojo.processFeatureArtifact,put
GenerateDescriptorMojo.processFeatureArtifact,add
GenerateDescriptorMojo.processFeatureArtifact,containsKey
GenerateDescriptorMojo.processFeatureArtifact,artifactToMvn
GenerateDescriptorMojo.processFeatureArtifact,getVersionOrRange
GenerateDescriptorMojo.findMatchingDependency,getName
GenerateDescriptorMojo.findMatchingDependency,equals
GenerateDescriptorMojo.mergeDependencies,getVersion
GenerateDescriptorMojo.mergeDependencies,equals
GenerateDescriptorMojo.mergeDependencies,setVersion
GenerateDescriptorMojo.mergeDependencies,isDependency
GenerateDescriptorMojo.mergeDependencies,setDependency
GenerateDescriptorMojo.mergeDependencies,isPrerequisite
GenerateDescriptorMojo.mergeDependencies,setPrerequisite
GenerateDescriptorMojo.isBundleIncludedTransitively,getFeature
GenerateDescriptorMojo.isBundleIncludedTransitively,findMatchingDependency
GenerateDescriptorMojo.isBundleIncludedTransitively,keySet
GenerateDescriptorMojo.isBundleIncludedTransitively,get
GenerateDescriptorMojo.isBundleIncludedTransitively,getBundle
GenerateDescriptorMojo.isBundleIncludedTransitively,contains
GenerateDescriptorMojo.isBundleIncludedTransitively,isBundleIncludedTransitively
GenerateDescriptorMojo.getManifest,isDirectory
GenerateDescriptorMojo.getManifest,exists
GenerateDescriptorMojo.getManifest,isFile
GenerateDescriptorMojo.getManifest,getLog
GenerateDescriptorMojo.getManifest,warn
GenerateDescriptorMojo.getManifest,getAbsolutePath
GenerateDescriptorMojo.getManifest,newInputStream
GenerateDescriptorMojo.getManifest,toPath
GenerateDescriptorMojo.getManifest,mark
GenerateDescriptorMojo.getManifest,getManifest
GenerateDescriptorMojo.getManifest,getName
GenerateDescriptorMojo.readFeaturesFile,isJson
GenerateDescriptorMojo.readFeaturesFile,toURI
GenerateDescriptorMojo.readFeaturesFile,toASCIIString
GenerateDescriptorMojo.readFeaturesFile,unmarshal
GenerateDescriptorMojo.getLog,setLog
GenerateDescriptorMojo.checkChanges,createFeaturesRoot
GenerateDescriptorMojo.checkChanges,setName
GenerateDescriptorMojo.checkChanges,getName
GenerateDescriptorMojo.checkChanges,createFeature
GenerateDescriptorMojo.checkChanges,getFeature
GenerateDescriptorMojo.checkChanges,add
GenerateDescriptorMojo.checkChanges,getBundle
GenerateDescriptorMojo.checkChanges,createBundle
GenerateDescriptorMojo.checkChanges,setLocation
GenerateDescriptorMojo.checkChanges,getLocation
GenerateDescriptorMojo.checkChanges,createDependency
GenerateDescriptorMojo.checkChanges,sort
GenerateDescriptorMojo.checkChanges,comparing
GenerateDescriptorMojo.checkChanges,exists
GenerateDescriptorMojo.checkChanges,filter
GenerateDescriptorMojo.checkChanges,readFeaturesFile
GenerateDescriptorMojo.checkChanges,get
GenerateDescriptorMojo.checkChanges,contains
GenerateDescriptorMojo.checkChanges,size
GenerateDescriptorMojo.checkChanges,remove
GenerateDescriptorMojo.checkChanges,getLog
GenerateDescriptorMojo.checkChanges,warn
GenerateDescriptorMojo.checkChanges,isEmpty
GenerateDescriptorMojo.checkChanges,saveDependencyChanges
GenerateDescriptorMojo.checkChanges,writeDependencies
GenerateDescriptorMojo.checkChanges,info
GenerateDescriptorMojo.checkChanges,saveTreeListing
GenerateDescriptorMojo.saveDependencyChanges,getParentFile
GenerateDescriptorMojo.saveDependencyChanges,toFeatures
GenerateDescriptorMojo.saveDependencyChanges,writeDependencies
GenerateDescriptorMojo.saveDependencyChanges,write
GenerateDescriptorMojo.saveDependencyChanges,saveTreeListing
GenerateDescriptorMojo.saveDependencyChanges,isEmpty
GenerateDescriptorMojo.saveDependencyChanges,getAbsolutePath
GenerateDescriptorMojo.saveDependencyChanges,marshal
GenerateDescriptorMojo.saveDependencyChanges,toString
GenerateDescriptorMojo.saveDependencyChanges,getLog
GenerateDescriptorMojo.saveDependencyChanges,warn
GenerateDescriptorMojo.toFeatures,createFeaturesRoot
GenerateDescriptorMojo.toFeatures,createFeature
GenerateDescriptorMojo.toFeatures,getBundle
GenerateDescriptorMojo.toFeatures,addAll
GenerateDescriptorMojo.toFeatures,getFeature
GenerateDescriptorMojo.toFeatures,add
GenerateDescriptorMojo.writeDependencies,getParentFile
GenerateDescriptorMojo.writeDependencies,mkdirs
GenerateDescriptorMojo.writeDependencies,exists
GenerateDescriptorMojo.writeDependencies,isDirectory
GenerateDescriptorMojo.writeDependencies,getParent
GenerateDescriptorMojo.writeDependencies,marshal
GenerateDescriptorMojo.filter,isEmpty
GenerateDescriptorMojo.filter,getLog
GenerateDescriptorMojo.filter,warn
GenerateDescriptorMojo.filter,getParentFile
GenerateDescriptorMojo.filter,mkdirs
GenerateDescriptorMojo.filter,setMavenProject
GenerateDescriptorMojo.filter,setMavenSession
GenerateDescriptorMojo.filter,setFilters
GenerateDescriptorMojo.filter,setEscapedBackslashesInFilePath
GenerateDescriptorMojo.filter,add
GenerateDescriptorMojo.filter,setDelimiters
GenerateDescriptorMojo.filter,getDefaultFilterWrappers
GenerateDescriptorMojo.filter,copyFile
GenerateDescriptorMojo.filter,getMessage
GenerateDescriptorMojo.saveTreeListing,getParentFile
GenerateDescriptorMojo.saveTreeListing,write
GenerateDescriptorMojo.saveTreeListing,getAbsolutePath
GenerateDescriptorMojo.getArtifact,computeIfAbsent
GenerateDescriptorMojo.getFeature,get
GenerateDescriptorMojo.getFeature,readFeaturesFile
GenerateDescriptorMojo.getFeature,put
FeaturesCache.getArtifact,computeIfAbsent
FeaturesCache.getFeature,get
FeaturesCache.getFeature,readFeaturesFile
FeaturesCache.getFeature,put
IoUtils.deleteRecursive,isDirectory
IoUtils.deleteRecursive,listFiles
IoUtils.deleteRecursive,deleteRecursive
IoUtils.deleteRecursive,delete
IoUtils.copyDirectory,exists
IoUtils.copyDirectory,mkdirs
IoUtils.copyDirectory,listFiles
IoUtils.copyDirectory,isDirectory
IoUtils.copyDirectory,canWrite
IoUtils.copyDirectory,getName
IoUtils.copyDirectory,copyDirectory
IoUtils.copyDirectory,copyFile
IoUtils.copyFile,exists
IoUtils.copyFile,isDirectory
IoUtils.copyFile,getChannel
IoUtils.copyFile,size
IoUtils.copyFile,transferFrom
IoUtils.copyFile,length
ReactorMavenResolver.toArtifact,startsWith
ReactorMavenResolver.toArtifact,substring
ReactorMavenResolver.toArtifact,getGroup
ReactorMavenResolver.toArtifact,getArtifact
ReactorMavenResolver.toArtifact,getClassifier
ReactorMavenResolver.toArtifact,getType
ReactorMavenResolver.toArtifact,getVersion
ReactorMavenResolver.resolve,toArtifact
ReactorMavenResolver.resolve,findArtifact
ReactorMavenResolver.resolve,resolve
ReactorMavenResolver.resolve,format
ReactorMavenResolver.resolveMetadata,resolveMetadata
ReactorMavenResolver.upload,upload
ReactorMavenResolver.uploadMetadata,uploadMetadata
ReactorMavenResolver.isRetryableException,isRetryableException
ReactorMavenResolver.close,close
MavenUtil.mvnToAether,matcher
MavenUtil.mvnToAether,matches
MavenUtil.mvnToAether,append
MavenUtil.mvnToAether,group
MavenUtil.mvnToAether,present
MavenUtil.mvnToAether,equals
MavenUtil.mvnToAether,toString
MavenUtil.mvnToArtifact,matcher
MavenUtil.mvnToArtifact,matches
MavenUtil.mvnToArtifact,group
MavenUtil.mvnToArtifact,present
MavenUtil.aetherToArtifact,matcher
MavenUtil.aetherToArtifact,matches
MavenUtil.aetherToArtifact,group
MavenUtil.aetherToArtifact,present
MavenUtil.present,isEmpty
MavenUtil.aetherToMvn,matcher
MavenUtil.aetherToMvn,matches
MavenUtil.aetherToMvn,append
MavenUtil.aetherToMvn,group
MavenUtil.aetherToMvn,present
MavenUtil.aetherToMvn,toString
MavenUtil.isEmpty,length
MavenUtil.generateMavenMetadata,getParentFile
MavenUtil.generateMavenMetadata,mkdirs
MavenUtil.generateMavenMetadata,setGroupId
MavenUtil.generateMavenMetadata,getGroupId
MavenUtil.generateMavenMetadata,setArtifactId
MavenUtil.generateMavenMetadata,getArtifactId
MavenUtil.generateMavenMetadata,setVersion
MavenUtil.generateMavenMetadata,getVersion
MavenUtil.generateMavenMetadata,setModelVersion
MavenUtil.generateMavenMetadata,setLastUpdatedTimestamp
MavenUtil.generateMavenMetadata,currentTimeMillis
MavenUtil.generateMavenMetadata,setLocalCopy
MavenUtil.generateMavenMetadata,setSnapshot
MavenUtil.generateMavenMetadata,setClassifier
MavenUtil.generateMavenMetadata,getClassifier
MavenUtil.generateMavenMetadata,setExtension
MavenUtil.generateMavenMetadata,getType
MavenUtil.generateMavenMetadata,setUpdated
MavenUtil.generateMavenMetadata,getLastUpdated
MavenUtil.generateMavenMetadata,addSnapshotVersion
MavenUtil.generateMavenMetadata,setVersioning
MavenUtil.generateMavenMetadata,write
MavenUtil.getFileName,getArtifactId
MavenUtil.getFileName,getVersion
MavenUtil.getFileName,getClassifier
MavenUtil.getFileName,getType
MavenUtil.getFileName,getBaseVersion
MavenUtil.getDir,getGroupId
MavenUtil.getDir,replace
MavenUtil.getDir,getArtifactId
MavenUtil.getDir,getBaseVersion
MavenUtil.remoteRepositoryList,length
MavenUtil.remoteRepositoryList,append
MavenUtil.remoteRepositoryList,getUrl
MavenUtil.remoteRepositoryList,getId
MavenUtil.remoteRepositoryList,getPolicy
MavenUtil.remoteRepositoryList,isEnabled
MavenUtil.remoteRepositoryList,toString
SimpleLRUCache.removeEldestEntry,size
MojoSupport.setMavenSession,getRequest
MojoSupport.setMavenSession,getUserSettingsFile
MojoSupport.setMavenSession,isFile
MojoSupport.setMavenSession,setProperty
MojoSupport.setMavenSession,getPath
MojoSupport.createManagedVersionMap,getDependencies
MojoSupport.createManagedVersionMap,createFromVersionSpec
MojoSupport.createManagedVersionMap,getVersion
MojoSupport.createManagedVersionMap,createDependencyArtifact
MojoSupport.createManagedVersionMap,getGroupId
MojoSupport.createManagedVersionMap,getArtifactId
MojoSupport.createManagedVersionMap,getType
MojoSupport.createManagedVersionMap,getClassifier
MojoSupport.createManagedVersionMap,getScope
MojoSupport.createManagedVersionMap,put
MojoSupport.createManagedVersionMap,getManagementKey
MojoSupport.createManagedVersionMap,getMessage
MojoSupport.translateFromMaven,startsWith
MojoSupport.translateFromMaven,substring
MojoSupport.translateFromMaven,split
MojoSupport.translateFromMaven,length
MojoSupport.translateFromMaven,replace
MojoSupport.translateFromMaven,getLocalRepoUrl
MojoSupport.translateFromMaven,replaceAll
MojoSupport.translateFromMaven,indexOf
MojoSupport.getLocalRepoUrl,getProperty
MojoSupport.getLocalRepoUrl,startsWith
MojoSupport.getLocalRepoUrl,getBasedir
MojoSupport.getLocalRepoUrl,replace
MojoSupport.getLocalRepoUrl,replaceAll
MojoSupport.getLocalRepoUrl,extractProtocolFromLocalMavenRepo
MojoSupport.getLocalRepoUrl,getUrl
MojoSupport.extractProtocolFromLocalMavenRepo,getProtocol
MojoSupport.extractProtocolFromLocalMavenRepo,getUrl
MojoSupport.findDependency,equals
MojoSupport.findDependency,getArtifactId
MojoSupport.findDependency,getGroupId
MojoSupport.findDependency,getType
MojoSupport.findDependency,getVersion
MojoSupport.resourceToArtifact,replace
MojoSupport.resourceToArtifact,indexOf
MojoSupport.resourceToArtifact,substring
MojoSupport.resourceToArtifact,length
MojoSupport.resourceToArtifact,min
MojoSupport.resourceToArtifact,startsWith
MojoSupport.resourceToArtifact,configureProxyToInlineRepo
MojoSupport.resourceToArtifact,setProxy
MojoSupport.resourceToArtifact,split
MojoSupport.resourceToArtifact,findDependency
MojoSupport.resourceToArtifact,getDependencies
MojoSupport.resourceToArtifact,getDependencyManagement
MojoSupport.resourceToArtifact,getVersion
MojoSupport.resourceToArtifact,getClassifier
MojoSupport.resourceToArtifact,getType
MojoSupport.resourceToArtifact,isEmpty
MojoSupport.resourceToArtifact,createArtifactWithClassifier
MojoSupport.resourceToArtifact,setRepository
MojoSupport.configureProxyToInlineRepo,getSettings
MojoSupport.configureProxyToInlineRepo,getActiveProxy
MojoSupport.configureProxyToInlineRepo,setProtocol
MojoSupport.configureProxyToInlineRepo,getProtocol
MojoSupport.configureProxyToInlineRepo,setHost
MojoSupport.configureProxyToInlineRepo,getHost
MojoSupport.configureProxyToInlineRepo,setPort
MojoSupport.configureProxyToInlineRepo,getPort
MojoSupport.configureProxyToInlineRepo,setNonProxyHosts
MojoSupport.configureProxyToInlineRepo,getNonProxyHosts
MojoSupport.configureProxyToInlineRepo,setUserName
MojoSupport.configureProxyToInlineRepo,getUsername
MojoSupport.configureProxyToInlineRepo,setPassword
MojoSupport.configureProxyToInlineRepo,getPassword
MojoSupport.copy,getParentFile
MojoSupport.copy,ensureDirExists
MojoSupport.copy,newInputStream
MojoSupport.copy,toPath
MojoSupport.copy,newOutputStream
MojoSupport.copy,copy
MojoSupport.copy,getMessage
MojoSupport.ensureDirExists,exists
MojoSupport.ensureDirExists,mkdirs
MojoSupport.ensureDirExists,isDirectory
ManifestUtils.getImports,parseHeader
ManifestUtils.getImports,getHeader
ManifestUtils.getImports,asList
ManifestUtils.getMandatoryImports,getImports
ManifestUtils.getMandatoryImports,isOptional
ManifestUtils.getMandatoryImports,add
ManifestUtils.getExports,parseHeader
ManifestUtils.getExports,getHeader
ManifestUtils.getExports,asList
ManifestUtils.isOptional,equals
ManifestUtils.isOptional,getDirective
ManifestUtils.isBundle,getBsn
ManifestUtils.matches,getName
ManifestUtils.matches,equals
ManifestUtils.matches,getVersionRange
ManifestUtils.matches,intersect
ManifestUtils.getHeader,getMainAttributes
ManifestUtils.getHeader,getValue
ManifestUtils.getBsn,getHeader
ManifestUtils.getVersionRange,getAttribute
ManifestUtils.getVersionRange,parseVersionRange
Dependency31Helper.setRepositorySession,invokeMethod
Dependency31Helper.getLocalDependencies,values
Dependency31Helper.getDependencies,getDependencyTree
Dependency31Helper.getDependencies,toArtifact
Dependency31Helper.getDependencies,getArtifact
Dependency31Helper.getDependencies,scan
Dependency31Helper.getDependencies,getLog
Dependency31Helper.getDependencyTree,setDependencySelector
Dependency31Helper.getDependencyTree,setDependencyGraphTransformer
Dependency31Helper.getDependencyTree,collectDependencies
Dependency31Helper.getDependencyTree,getRoot
Dependency31Helper.selectDependency,getScope
Dependency31Helper.selectDependency,equals
Dependency31Helper.scan,getChildren
Dependency31Helper.scan,scan
Dependency31Helper.scan,keySet
Dependency31Helper.scan,removeAll
Dependency31Helper.scan,repeat
Dependency31Helper.scan,accept
Dependency31Helper.scan,isLocal
Dependency31Helper.scan,isFeature
Dependency31Helper.scan,append
Dependency31Helper.scan,add
Dependency31Helper.scan,getDependency
Dependency31Helper.scan,getArtifact
Dependency31Helper.scan,contains
Dependency31Helper.scan,put
Dependency31Helper.scan,getScope
Dependency31Helper.scan,isContinue
Dependency31Helper.getLog,toString
Dependency31Helper.accept,getDependency
Dependency31Helper.accept,getScope
Dependency31Helper.accept,equalsIgnoreCase
Dependency31Helper.isFeature,isFeature
Dependency31Helper.isFeature,getDependency
Dependency31Helper.isFeature,getArtifact
Dependency31Helper.isFeature,getExtension
Dependency31Helper.isFeature,equals
Dependency31Helper.isFeature,getClassifier
Dependency31Helper.isArtifactAFeature,isFeature
Dependency31Helper.resolveArtifact,get
Dependency31Helper.resolveArtifact,setArtifact
Dependency31Helper.resolveArtifact,setRepositories
Dependency31Helper.resolveArtifact,resolveArtifact
Dependency31Helper.resolveArtifact,put
Dependency31Helper.resolve,isDebugEnabled
Dependency31Helper.resolve,debug
Dependency31Helper.resolve,resolveArtifact
Dependency31Helper.resolve,warn
Dependency31Helper.resolve,getArtifact
Dependency31Helper.resolve,getFile
Dependency31Helper.resolve,getRepository
Dependency31Helper.resolveById,startsWith
Dependency31Helper.resolveById,contains
Dependency31Helper.resolveById,substring
Dependency31Helper.resolveById,length
Dependency31Helper.resolveById,indexOf
Dependency31Helper.resolveById,endsWith
Dependency31Helper.resolveById,mvnToAether
Dependency31Helper.resolveById,isDebugEnabled
Dependency31Helper.resolveById,debug
Dependency31Helper.resolveById,resolveArtifact
Dependency31Helper.resolveById,aetherToArtifact
Dependency31Helper.resolveById,warn
Dependency31Helper.resolveById,format
Dependency31Helper.resolveById,getArtifact
Dependency31Helper.resolveById,getFile
Dependency31Helper.resolveById,getRepository
Dependency31Helper.artifactToMvn,artifactToMvn
Dependency31Helper.artifactToMvn,toArtifact
Dependency31Helper.artifactToMvn,getExtension
Dependency31Helper.artifactToMvn,equals
Dependency31Helper.artifactToMvn,isEmpty
Dependency31Helper.artifactToMvn,getClassifier
Dependency31Helper.artifactToMvn,format
Dependency31Helper.artifactToMvn,getGroupId
Dependency31Helper.artifactToMvn,getArtifactId
Dependency31Helper.toArtifact,getMethod
Dependency31Helper.toArtifact,invoke
Dependency31Helper.toArtifact,getMessage
Dependency31Helper.mvnToArtifact,mvnToArtifact
Dependency31Helper.mvnToArtifact,toArtifact
Dependency31Helper.pathFromMaven,indexOf
Dependency31Helper.pathFromMaven,endsWith
Dependency31Helper.pathFromMaven,substring
Dependency31Helper.pathFromMaven,length
Dependency31Helper.pathFromMaven,mvnToAether
Dependency31Helper.pathFromMaven,pathFromAether
Dependency31Helper.pathFromAether,aetherToArtifact
Dependency31Helper.pathFromAether,toArtifact
Dependency31Helper.pathFromAether,pathOf
ScopeDependencySelector2.selectDependency,getScope
ScopeDependencySelector2.selectDependency,equals
ScopeDependencySelector3.selectDependency,getScope
ScopeDependencySelector3.selectDependency,equals
Scanner.scan,getChildren
Scanner.scan,scan
Scanner.scan,keySet
Scanner.scan,removeAll
Scanner.scan,repeat
Scanner.scan,accept
Scanner.scan,isLocal
Scanner.scan,isFeature
Scanner.scan,append
Scanner.scan,add
Scanner.scan,getDependency
Scanner.scan,getArtifact
Scanner.scan,contains
Scanner.scan,put
Scanner.scan,getScope
Scanner.scan,isContinue
Scanner.getLog,toString
Scanner.accept,getDependency
Scanner.accept,getScope
Scanner.accept,equalsIgnoreCase
DependencyHelperFactory.createDependencyHelper,lookup
DependencyHelperFactory.createDependencyHelper,getRepositorySession
DependencyHelperFactory.createDependencyHelper,getRemoteProjectRepositories
DependencyHelperFactory.createDependencyHelper,getMessage
LocalDependency.equals,getClass
LocalDependency.equals,equals
LocalDependency.hashCode,hash
GenerateHelpMojo.execute,exists
GenerateHelpMojo.execute,mkdirs
GenerateHelpMojo.execute,fromString
GenerateHelpMojo.execute,createFinder
GenerateHelpMojo.execute,findAnnotatedClasses
GenerateHelpMojo.execute,isEmpty
GenerateHelpMojo.execute,getPrinter
GenerateHelpMojo.execute,newInstance
GenerateHelpMojo.execute,getAnnotation
GenerateHelpMojo.execute,scope
GenerateHelpMojo.execute,equals
GenerateHelpMojo.execute,name
GenerateHelpMojo.execute,printHelp
GenerateHelpMojo.execute,computeIfAbsent
GenerateHelpMojo.execute,add
GenerateHelpMojo.execute,getLog
GenerateHelpMojo.execute,info
GenerateHelpMojo.execute,warn
GenerateHelpMojo.execute,getName
GenerateHelpMojo.execute,printOverview
GenerateHelpMojo.execute,close
GenerateHelpMojo.createFinder,equals
GenerateHelpMojo.createFinder,getCompileClasspathElements
GenerateHelpMojo.createFinder,add
GenerateHelpMojo.createFinder,toURI
GenerateHelpMojo.createFinder,toURL
GenerateHelpMojo.createFinder,toArray
GenerateHelpMojo.createFinder,size
GenerateHelpMojo.createFinder,getClass
GenerateHelpMojo.createFinder,getClassLoader
AbstractCommandHelpPrinter.replaceDefaultArgument,equals
AbstractCommandHelpPrinter.replaceDefaultArgument,name
AbstractCommandHelpPrinter.replaceDefaultArgument,getName
AbstractCommandHelpPrinter.replaceDefaultArgument,description
AbstractCommandHelpPrinter.replaceDefaultArgument,required
AbstractCommandHelpPrinter.replaceDefaultArgument,index
AbstractCommandHelpPrinter.replaceDefaultArgument,multiValued
AbstractCommandHelpPrinter.replaceDefaultArgument,valueToShowInHelp
AbstractCommandHelpPrinter.replaceDefaultArgument,annotationType
AbstractCommandHelpPrinter.replaceDefaultArgument,censor
AbstractCommandHelpPrinter.replaceDefaultArgument,mask
AbstractCommandHelpPrinter.description,description
AbstractCommandHelpPrinter.required,required
AbstractCommandHelpPrinter.index,index
AbstractCommandHelpPrinter.multiValued,multiValued
AbstractCommandHelpPrinter.valueToShowInHelp,valueToShowInHelp
AbstractCommandHelpPrinter.annotationType,annotationType
AbstractCommandHelpPrinter.censor,censor
AbstractCommandHelpPrinter.mask,mask
AbstractCommandHelpPrinter.getDefaultValue,setAccessible
AbstractCommandHelpPrinter.getDefaultValue,get
AbstractCommandHelpPrinter.getDefaultValueString,toString
DocBookCommandHelpPrinter.printHelp,getClass
DocBookCommandHelpPrinter.printHelp,getAnnotation
DocBookCommandHelpPrinter.printHelp,getSuperclass
DocBookCommandHelpPrinter.printHelp,getDeclaredFields
DocBookCommandHelpPrinter.printHelp,add
DocBookCommandHelpPrinter.printHelp,replaceDefaultArgument
DocBookCommandHelpPrinter.printHelp,put
DocBookCommandHelpPrinter.printHelp,index
DocBookCommandHelpPrinter.printHelp,size
DocBookCommandHelpPrinter.printHelp,get
DocBookCommandHelpPrinter.printHelp,getName
DocBookCommandHelpPrinter.printHelp,set
DocBookCommandHelpPrinter.printHelp,println
DocBookCommandHelpPrinter.printHelp,scope
DocBookCommandHelpPrinter.printHelp,name
DocBookCommandHelpPrinter.printHelp,description
DocBookCommandHelpPrinter.printHelp,append
DocBookCommandHelpPrinter.printHelp,format
DocBookCommandHelpPrinter.printHelp,required
DocBookCommandHelpPrinter.printHelp,toString
DocBookCommandHelpPrinter.printHelp,valueToShowInHelp
DocBookCommandHelpPrinter.printHelp,length
DocBookCommandHelpPrinter.printHelp,equals
DocBookCommandHelpPrinter.printHelp,getDefaultValue
DocBookCommandHelpPrinter.printHelp,getDefaultValueString
DocBookCommandHelpPrinter.printHelp,aliases
DocBookCommandHelpPrinter.printHelp,detailedDescription
DocBookCommandHelpPrinter.printOverview,println
DocBookCommandHelpPrinter.printOverview,keySet
DocBookCommandHelpPrinter.printOverview,get
AsciiDoctorCommandHelpPrinter.printHelp,getClass
AsciiDoctorCommandHelpPrinter.printHelp,getAnnotation
AsciiDoctorCommandHelpPrinter.printHelp,getSuperclass
AsciiDoctorCommandHelpPrinter.printHelp,getDeclaredFields
AsciiDoctorCommandHelpPrinter.printHelp,add
AsciiDoctorCommandHelpPrinter.printHelp,replaceDefaultArgument
AsciiDoctorCommandHelpPrinter.printHelp,put
AsciiDoctorCommandHelpPrinter.printHelp,index
AsciiDoctorCommandHelpPrinter.printHelp,size
AsciiDoctorCommandHelpPrinter.printHelp,get
AsciiDoctorCommandHelpPrinter.printHelp,getName
AsciiDoctorCommandHelpPrinter.printHelp,set
AsciiDoctorCommandHelpPrinter.printHelp,println
AsciiDoctorCommandHelpPrinter.printHelp,scope
AsciiDoctorCommandHelpPrinter.printHelp,name
AsciiDoctorCommandHelpPrinter.printHelp,description
AsciiDoctorCommandHelpPrinter.printHelp,append
AsciiDoctorCommandHelpPrinter.printHelp,format
AsciiDoctorCommandHelpPrinter.printHelp,required
AsciiDoctorCommandHelpPrinter.printHelp,toString
AsciiDoctorCommandHelpPrinter.printHelp,getDefaultValue
AsciiDoctorCommandHelpPrinter.printHelp,getDefaultValueString
AsciiDoctorCommandHelpPrinter.printHelp,aliases
AsciiDoctorCommandHelpPrinter.printHelp,detailedDescription
AsciiDoctorCommandHelpPrinter.printHelp,length
AsciiDoctorCommandHelpPrinter.printOverview,println
AsciiDoctorCommandHelpPrinter.printOverview,keySet
AsciiDoctorCommandHelpPrinter.printOverview,get
MarkdownCommandHelpPrinter.printHelp,getClass
MarkdownCommandHelpPrinter.printHelp,getAnnotation
MarkdownCommandHelpPrinter.printHelp,getSuperclass
MarkdownCommandHelpPrinter.printHelp,getDeclaredFields
MarkdownCommandHelpPrinter.printHelp,add
MarkdownCommandHelpPrinter.printHelp,replaceDefaultArgument
MarkdownCommandHelpPrinter.printHelp,put
MarkdownCommandHelpPrinter.printHelp,index
MarkdownCommandHelpPrinter.printHelp,size
MarkdownCommandHelpPrinter.printHelp,get
MarkdownCommandHelpPrinter.printHelp,getName
MarkdownCommandHelpPrinter.printHelp,set
MarkdownCommandHelpPrinter.printHelp,println
MarkdownCommandHelpPrinter.printHelp,scope
MarkdownCommandHelpPrinter.printHelp,name
MarkdownCommandHelpPrinter.printHelp,description
MarkdownCommandHelpPrinter.printHelp,append
MarkdownCommandHelpPrinter.printHelp,format
MarkdownCommandHelpPrinter.printHelp,isEmpty
MarkdownCommandHelpPrinter.printHelp,required
MarkdownCommandHelpPrinter.printHelp,getDefaultValue
MarkdownCommandHelpPrinter.printHelp,getDefaultValueString
MarkdownCommandHelpPrinter.printHelp,toString
MarkdownCommandHelpPrinter.printHelp,aliases
MarkdownCommandHelpPrinter.printHelp,detailedDescription
MarkdownCommandHelpPrinter.printHelp,length
MarkdownCommandHelpPrinter.printOverview,println
MarkdownCommandHelpPrinter.printOverview,keySet
MarkdownCommandHelpPrinter.printOverview,get
UserConfCommandHelpPrinter.printHelp,getClass
UserConfCommandHelpPrinter.printHelp,getAnnotation
UserConfCommandHelpPrinter.printHelp,getSuperclass
UserConfCommandHelpPrinter.printHelp,getDeclaredFields
UserConfCommandHelpPrinter.printHelp,add
UserConfCommandHelpPrinter.printHelp,replaceDefaultArgument
UserConfCommandHelpPrinter.printHelp,put
UserConfCommandHelpPrinter.printHelp,index
UserConfCommandHelpPrinter.printHelp,size
UserConfCommandHelpPrinter.printHelp,get
UserConfCommandHelpPrinter.printHelp,getName
UserConfCommandHelpPrinter.printHelp,set
UserConfCommandHelpPrinter.printHelp,println
UserConfCommandHelpPrinter.printHelp,scope
UserConfCommandHelpPrinter.printHelp,name
UserConfCommandHelpPrinter.printHelp,description
UserConfCommandHelpPrinter.printHelp,append
UserConfCommandHelpPrinter.printHelp,format
UserConfCommandHelpPrinter.printHelp,required
UserConfCommandHelpPrinter.printHelp,toString
UserConfCommandHelpPrinter.printHelp,getDefaultValue
UserConfCommandHelpPrinter.printHelp,getDefaultValueString
UserConfCommandHelpPrinter.printHelp,aliases
UserConfCommandHelpPrinter.printHelp,detailedDescription
UserConfCommandHelpPrinter.printHelp,length
UserConfCommandHelpPrinter.printOverview,println
UserConfCommandHelpPrinter.printOverview,keySet
UserConfCommandHelpPrinter.printOverview,get
ClientMojo.execute,getProperty
ClientMojo.execute,equalsIgnoreCase
ClientMojo.execute,getLog
ClientMojo.execute,info
ClientMojo.execute,comparingDouble
ClientMojo.execute,getScript
ClientMojo.execute,readLine
ClientMojo.execute,trim
ClientMojo.execute,isEmpty
ClientMojo.execute,setCommand
ClientMojo.execute,setRank
ClientMojo.execute,getRank
ClientMojo.execute,add
ClientMojo.execute,getMessage
ClientMojo.execute,toString
ClientMojo.execute,addAll
ClientMojo.execute,warn
ClientMojo.execute,getCommand
ClientMojo.execute,println
ClientMojo.execute,execute
ClientMojo.execute,console
ClientMojo.execute,setUpDefaultClient
ClientMojo.execute,setupAgent
ClientMojo.execute,setUserInteraction
ClientMojo.execute,printf
ClientMojo.execute,readPassword
ClientMojo.execute,start
ClientMojo.execute,connect
ClientMojo.execute,addPasswordIdentity
ClientMojo.execute,auth
ClientMojo.execute,verify
ClientMojo.execute,createChannel
ClientMojo.execute,concat
ClientMojo.execute,setIn
ClientMojo.execute,setOut
ClientMojo.execute,setErr
ClientMojo.execute,open
ClientMojo.execute,waitFor
ClientMojo.execute,of
ClientMojo.execute,writeTo
ClientMojo.execute,getExitStatus
ClientMojo.execute,intValue
ClientMojo.execute,ansi
ClientMojo.execute,fg
ClientMojo.execute,indexOf
ClientMojo.execute,length
ClientMojo.execute,lastIndexOf
ClientMojo.execute,substring
ClientMojo.execute,stop
ClientMojo.welcome,printf
ClientMojo.interactive,readLine
ClientMojo.interactive,readPassword
ClientMojo.setupAgent,startAgent
ClientMojo.setupAgent,setAgentFactory
ClientMojo.setupAgent,getProperties
ClientMojo.setupAgent,put
ClientMojo.startAgent,getAbsoluteFile
ClientMojo.startAgent,toPath
ClientMojo.startAgent,loadKeys
ClientMojo.startAgent,addIdentity
ClientMojo.startAgent,getLog
ClientMojo.startAgent,error
ClientMojo.startAgent,getMessage
ClientMojo.connect,connect
ClientMojo.connect,await
ClientMojo.connect,getSession
ClientMojo.connect,sleep
ClientMojo.connect,toMillis
ClientMojo.connect,getLog
ClientMojo.connect,info
DeployMojo.execute,getArtifact
DeployMojo.execute,add
DeployMojo.execute,getGroupId
DeployMojo.execute,getArtifactId
DeployMojo.execute,getVersion
DeployMojo.execute,addAll
DeployMojo.execute,deployWithSsh
DeployMojo.execute,deployWithJmx
DeployMojo.deployWithJmx,add
DeployMojo.deployWithJmx,toArray
DeployMojo.deployWithJmx,size
DeployMojo.deployWithJmx,put
DeployMojo.deployWithJmx,connect
DeployMojo.deployWithJmx,getMBeanServerConnection
DeployMojo.deployWithJmx,invoke
DeployMojo.deployWithSsh,console
DeployMojo.deployWithSsh,setUpDefaultClient
DeployMojo.deployWithSsh,setupAgent
DeployMojo.deployWithSsh,setUserInteraction
DeployMojo.deployWithSsh,printf
DeployMojo.deployWithSsh,readLine
DeployMojo.deployWithSsh,readPassword
DeployMojo.deployWithSsh,start
DeployMojo.deployWithSsh,connect
DeployMojo.deployWithSsh,addPasswordIdentity
DeployMojo.deployWithSsh,auth
DeployMojo.deployWithSsh,verify
DeployMojo.deployWithSsh,println
DeployMojo.deployWithSsh,createChannel
DeployMojo.deployWithSsh,toString
DeployMojo.deployWithSsh,concat
DeployMojo.deployWithSsh,setIn
DeployMojo.deployWithSsh,setOut
DeployMojo.deployWithSsh,setErr
DeployMojo.deployWithSsh,open
DeployMojo.deployWithSsh,waitFor
DeployMojo.deployWithSsh,of
DeployMojo.deployWithSsh,writeTo
DeployMojo.deployWithSsh,getExitStatus
DeployMojo.deployWithSsh,intValue
DeployMojo.deployWithSsh,ansi
DeployMojo.deployWithSsh,fg
DeployMojo.deployWithSsh,indexOf
DeployMojo.deployWithSsh,length
DeployMojo.deployWithSsh,lastIndexOf
DeployMojo.deployWithSsh,substring
DeployMojo.deployWithSsh,printStackTrace
DeployMojo.deployWithSsh,getMessage
DeployMojo.deployWithSsh,stop
DeployMojo.welcome,printf
DeployMojo.interactive,readLine
DeployMojo.interactive,readPassword
DeployMojo.setupAgent,startAgent
DeployMojo.setupAgent,setAgentFactory
DeployMojo.setupAgent,getProperties
DeployMojo.setupAgent,put
DeployMojo.startAgent,getAbsoluteFile
DeployMojo.startAgent,toPath
DeployMojo.startAgent,loadKeys
DeployMojo.startAgent,addIdentity
DeployMojo.startAgent,getLog
DeployMojo.startAgent,error
DeployMojo.startAgent,getMessage
DeployMojo.connect,connect
DeployMojo.connect,await
DeployMojo.connect,getSession
DeployMojo.connect,sleep
DeployMojo.connect,toMillis
DeployMojo.connect,getLog
DeployMojo.connect,info
GenerateServiceMetadata.execute,createFinder
GenerateServiceMetadata.execute,findAnnotatedClasses
GenerateServiceMetadata.execute,getClassLoader
GenerateServiceMetadata.execute,getResource
GenerateServiceMetadata.execute,getName
GenerateServiceMetadata.execute,replace
GenerateServiceMetadata.execute,toURI
GenerateServiceMetadata.execute,toURL
GenerateServiceMetadata.execute,getBuild
GenerateServiceMetadata.execute,getOutputDirectory
GenerateServiceMetadata.execute,getPath
GenerateServiceMetadata.execute,startsWith
GenerateServiceMetadata.execute,getLog
GenerateServiceMetadata.execute,info
GenerateServiceMetadata.execute,isAssignableFrom
GenerateServiceMetadata.execute,add
GenerateServiceMetadata.execute,writeServiceProperties
GenerateServiceMetadata.execute,getAnnotation
GenerateServiceMetadata.execute,requires
GenerateServiceMetadata.execute,getRequirement
GenerateServiceMetadata.execute,provides
GenerateServiceMetadata.execute,getCapability
GenerateServiceMetadata.execute,setDirectory
GenerateServiceMetadata.execute,addResource
GenerateServiceMetadata.execute,getProperties
GenerateServiceMetadata.execute,setProperty
GenerateServiceMetadata.execute,join
GenerateServiceMetadata.execute,size
GenerateServiceMetadata.execute,get
GenerateServiceMetadata.execute,getCanonicalName
GenerateServiceMetadata.execute,getPackage
GenerateServiceMetadata.execute,isEmpty
GenerateServiceMetadata.getRequirement,combine
GenerateServiceMetadata.getRequirement,filter
GenerateServiceMetadata.getRequirement,value
GenerateServiceMetadata.getRequirement,getName
GenerateServiceMetadata.getCapability,value
GenerateServiceMetadata.getCapability,getName
GenerateServiceMetadata.writeServiceProperties,getAnnotation
GenerateServiceMetadata.writeServiceProperties,requires
GenerateServiceMetadata.writeServiceProperties,setProperty
GenerateServiceMetadata.writeServiceProperties,value
GenerateServiceMetadata.writeServiceProperties,getName
GenerateServiceMetadata.writeServiceProperties,filter
GenerateServiceMetadata.writeServiceProperties,getParentFile
GenerateServiceMetadata.writeServiceProperties,mkdirs
GenerateServiceMetadata.writeServiceProperties,writeProperties
GenerateServiceMetadata.writeProperties,newFileOutputStream
GenerateServiceMetadata.writeProperties,store
GenerateServiceMetadata.writeProperties,toString
GenerateServiceMetadata.writeProperties,readLine
GenerateServiceMetadata.writeProperties,startsWith
GenerateServiceMetadata.writeProperties,add
GenerateServiceMetadata.writeProperties,sort
GenerateServiceMetadata.writeProperties,println
GenerateServiceMetadata.combine,isEmpty
GenerateServiceMetadata.createFinder,equals
GenerateServiceMetadata.createFinder,add
GenerateServiceMetadata.createFinder,toURI
GenerateServiceMetadata.createFinder,toURL
GenerateServiceMetadata.createFinder,getBuild
GenerateServiceMetadata.createFinder,getOutputDirectory
GenerateServiceMetadata.createFinder,getArtifacts
GenerateServiceMetadata.createFinder,getGroupId
GenerateServiceMetadata.createFinder,getArtifactId
GenerateServiceMetadata.createFinder,length
GenerateServiceMetadata.createFinder,matches
GenerateServiceMetadata.createFinder,getFile
GenerateServiceMetadata.createFinder,getLog
GenerateServiceMetadata.createFinder,debug
GenerateServiceMetadata.createFinder,toArray
GenerateServiceMetadata.createFinder,size
GenerateServiceMetadata.createFinder,getClass
GenerateServiceMetadata.createFinder,getClassLoader
JoinUtil.join,join
JoinUtil.join,getStringValue
JoinUtil.join,length
JoinUtil.join,startsWith
JoinUtil.join,append
JoinUtil.join,toString
SortedProperties.keySet,unmodifiableSet
SortedProperties.entrySet,size
SortedProperties.entrySet,stream
SortedProperties.entrySet,sorted
SortedProperties.entrySet,getKey
SortedProperties.entrySet,toString
SortedProperties.entrySet,compareTo
SortedProperties.entrySet,iterator
SortedProperties.entrySet,hasNext
SortedProperties.entrySet,add
SortedProperties.entrySet,next
SortedProperties.compare,getKey
SortedProperties.compare,toString
SortedProperties.compare,compareTo
SortedProperties.keys,enumeration
KarafPropertiesFile.homedPropFile,startsWith
KarafPropertiesFile.load,exists
KarafPropertiesFile.load,load
KarafPropertiesFile.put,put
KarafPropertiesFile.remove,remove
KarafPropertiesFile.extend,get
KarafPropertiesFile.extend,put
KarafPropertiesFile.extend,join
KarafPropertiesFile.apply,equals
KarafPropertiesFile.apply,getOperation
KarafPropertiesFile.apply,extend
KarafPropertiesFile.apply,getKey
KarafPropertiesFile.apply,getValue
KarafPropertiesFile.apply,isPrepend
KarafPropertiesFile.apply,put
KarafPropertiesFile.apply,remove
KarafPropertiesFile.get,getProperty
KarafPropertiesFile.store,store
KarafPropertiesFile.store,format
KarafPropertiesFile.store,getClass
KarafPropertiesFile.store,getName
KarafPropertiesFile.replace,copyFile
KarafPropertiesFile.replace,format
KarafPropertiesFile.replace,getAbsolutePath
KarafPropertiesEditor.run,getEdits
KarafPropertiesEditor.run,computeIfAbsent
KarafPropertiesEditor.run,add
KarafPropertiesEditor.run,getFile
KarafPropertiesEditor.run,entrySet
KarafPropertiesEditor.run,getKey
KarafPropertiesEditor.run,load
KarafPropertiesEditor.run,getValue
KarafPropertiesEditor.run,apply
KarafPropertiesEditor.run,store
DockerClient.info,openConnection
DockerClient.info,setRequestMethod
DockerClient.info,readValue
DockerClient.info,getInputStream
DockerClient.version,openConnection
DockerClient.version,setRequestMethod
DockerClient.version,readValue
DockerClient.version,getInputStream
DockerClient.ps,openConnection
DockerClient.ps,setRequestMethod
DockerClient.ps,readValue
DockerClient.ps,getInputStream
DockerClient.ps,cleanName
DockerClient.cleanName,getNames
DockerClient.cleanName,startsWith
DockerClient.cleanName,substring
DockerClient.cleanName,add
DockerClient.cleanName,setNames
DockerClient.inspect,openConnection
DockerClient.inspect,setRequestMethod
DockerClient.inspect,readValue
DockerClient.inspect,getInputStream
DockerClient.top,openConnection
DockerClient.top,setRequestMethod
DockerClient.top,readValue
DockerClient.top,getInputStream
DockerClient.create,openConnection
DockerClient.create,setRequestMethod
DockerClient.create,setRequestProperty
DockerClient.create,setDoOutput
DockerClient.create,writeValue
DockerClient.create,getOutputStream
DockerClient.create,getResponseCode
DockerClient.create,getResponseMessage
DockerClient.rm,openConnection
DockerClient.rm,setRequestMethod
DockerClient.rm,getResponseCode
DockerClient.rm,getResponseMessage
DockerClient.start,openConnection
DockerClient.start,setRequestMethod
DockerClient.start,getResponseCode
DockerClient.start,getResponseMessage
DockerClient.stop,openConnection
DockerClient.stop,setRequestMethod
DockerClient.stop,getResponseCode
DockerClient.stop,getResponseMessage
DockerClient.restart,openConnection
DockerClient.restart,setRequestMethod
DockerClient.restart,getResponseCode
DockerClient.restart,getResponseMessage
DockerClient.kill,openConnection
DockerClient.kill,setRequestMethod
DockerClient.kill,getResponseCode
DockerClient.kill,getResponseMessage
DockerClient.rename,openConnection
DockerClient.rename,setRequestMethod
DockerClient.rename,getResponseCode
DockerClient.rename,getResponseMessage
DockerClient.pause,openConnection
DockerClient.pause,setRequestMethod
DockerClient.pause,getResponseCode
DockerClient.pause,getResponseMessage
DockerClient.unpause,openConnection
DockerClient.unpause,setRequestMethod
DockerClient.unpause,getResponseCode
DockerClient.unpause,getResponseMessage
DockerClient.logs,openConnection
DockerClient.logs,setRequestMethod
DockerClient.logs,getInputStream
DockerClient.logs,readLine
DockerClient.logs,append
DockerClient.logs,toString
DockerClient.commit,openConnection
DockerClient.commit,setRequestMethod
DockerClient.commit,setDoOutput
DockerClient.commit,writeValue
DockerClient.commit,getOutputStream
DockerClient.commit,getResponseCode
DockerClient.commit,getResponseMessage
DockerClient.images,openConnection
DockerClient.images,setRequestMethod
DockerClient.images,readValue
DockerClient.images,getInputStream
DockerClient.pull,openConnection
DockerClient.pull,setRequestMethod
DockerClient.pull,getInputStream
DockerClient.pull,readLine
DockerClient.pull,debug
DockerClient.pull,println
DockerClient.pull,getResponseCode
DockerClient.pull,getResponseMessage
DockerClient.push,openConnection
DockerClient.push,setRequestMethod
DockerClient.push,getInputStream
DockerClient.push,readLine
DockerClient.push,debug
DockerClient.push,println
DockerClient.push,getResponseCode
DockerClient.push,getResponseMessage
DockerClient.tag,openConnection
DockerClient.tag,setRequestMethod
DockerClient.tag,getResponseCode
DockerClient.tag,getResponseMessage
DockerClient.rmi,openConnection
DockerClient.rmi,setRequestMethod
DockerClient.rmi,getResponseCode
DockerClient.rmi,getResponseMessage
DockerClient.search,openConnection
DockerClient.search,setRequestMethod
DockerClient.search,readValue
DockerClient.search,getInputStream
DockerClient.getImage,openConnection
DockerClient.getImage,setRequestMethod
DockerClient.getImage,readValue
DockerClient.getImage,getInputStream
DockerClient.history,openConnection
DockerClient.history,setRequestMethod
DockerClient.history,readValue
DockerClient.history,getInputStream
DockerMBeanImpl.ps,ps
DockerMBeanImpl.ps,getId
DockerMBeanImpl.ps,getNames
DockerMBeanImpl.ps,getCommand
DockerMBeanImpl.ps,getCreated
DockerMBeanImpl.ps,getImage
DockerMBeanImpl.ps,getStatus
DockerMBeanImpl.ps,put
DockerMBeanImpl.info,info
DockerMBeanImpl.info,put
DockerMBeanImpl.info,toString
DockerMBeanImpl.info,getContainers
DockerMBeanImpl.info,isDebug
DockerMBeanImpl.info,getDriver
DockerMBeanImpl.info,getExecutionDriver
DockerMBeanImpl.info,isIpv4Forwarding
DockerMBeanImpl.info,getImages
DockerMBeanImpl.info,getIndexServerAddress
DockerMBeanImpl.info,getInitPath
DockerMBeanImpl.info,getInitSha1
DockerMBeanImpl.info,getKernelVersion
DockerMBeanImpl.info,isMemoryLimit
DockerMBeanImpl.info,isnEventsListener
DockerMBeanImpl.info,getNfd
DockerMBeanImpl.info,getNgoroutines
DockerMBeanImpl.info,isSwapLimit
DockerMBeanImpl.info,getMessage
DockerMBeanImpl.provision,provision
DockerMBeanImpl.provision,getMessage
DockerMBeanImpl.rm,rm
DockerMBeanImpl.rm,getMessage
DockerMBeanImpl.start,start
DockerMBeanImpl.start,getMessage
DockerMBeanImpl.stop,stop
DockerMBeanImpl.stop,getMessage
DockerMBeanImpl.logs,logs
DockerMBeanImpl.logs,getMessage
DockerMBeanImpl.commit,commit
DockerMBeanImpl.commit,getMessage
DockerMBeanImpl.images,images
DockerMBeanImpl.images,getId
DockerMBeanImpl.images,getCreated
DockerMBeanImpl.images,getRepoTags
DockerMBeanImpl.images,getSize
DockerMBeanImpl.images,put
DockerMBeanImpl.images,getMessage
DockerMBeanImpl.pull,pull
DockerMBeanImpl.pull,getMessage
DockerMBeanImpl.version,version
DockerMBeanImpl.version,put
DockerMBeanImpl.version,getExperimental
DockerMBeanImpl.version,getApiVersion
DockerMBeanImpl.version,getArch
DockerMBeanImpl.version,getBuildTime
DockerMBeanImpl.version,getGitCommit
DockerMBeanImpl.version,getGoVersion
DockerMBeanImpl.version,getKernelVersion
DockerMBeanImpl.version,getOs
DockerMBeanImpl.version,getVersion
DockerMBeanImpl.version,getMessage
DockerMBeanImpl.rename,rename
DockerMBeanImpl.rename,getMessage
DockerMBeanImpl.restart,restart
DockerMBeanImpl.restart,getMessage
DockerMBeanImpl.kill,kill
DockerMBeanImpl.kill,getMessage
DockerMBeanImpl.pause,pause
DockerMBeanImpl.pause,getMessage
DockerMBeanImpl.unpause,unpause
DockerMBeanImpl.unpause,getMessage
DockerMBeanImpl.search,search
DockerMBeanImpl.search,getName
DockerMBeanImpl.search,getStarCount
DockerMBeanImpl.search,isOfficial
DockerMBeanImpl.search,isAutomated
DockerMBeanImpl.search,getDescription
DockerMBeanImpl.search,put
DockerMBeanImpl.search,getMessage
DockerMBeanImpl.tag,tag
DockerMBeanImpl.tag,getMessage
DockerMBeanImpl.rmi,rmi
DockerMBeanImpl.rmi,getMessage
DockerMBeanImpl.push,push
DockerMBeanImpl.push,getMessage
DockerServiceImpl.ps,ps
DockerServiceImpl.info,info
DockerServiceImpl.version,version
DockerServiceImpl.create,pull
DockerServiceImpl.create,setTty
DockerServiceImpl.create,setAttachStdin
DockerServiceImpl.create,setAttachStderr
DockerServiceImpl.create,setAttachStdout
DockerServiceImpl.create,setImage
DockerServiceImpl.create,setHostname
DockerServiceImpl.create,setUser
DockerServiceImpl.create,setCmd
DockerServiceImpl.create,setWorkingDir
DockerServiceImpl.create,setOpenStdin
DockerServiceImpl.create,setStdinOnce
DockerServiceImpl.create,put
DockerServiceImpl.create,setExposedPorts
DockerServiceImpl.create,setPrivileged
DockerServiceImpl.create,setPublishAllPorts
DockerServiceImpl.create,exists
DockerServiceImpl.create,setBinds
DockerServiceImpl.create,getAbsolutePath
DockerServiceImpl.create,setNetworkMode
DockerServiceImpl.create,setLxcConf
DockerServiceImpl.create,setHostIp
DockerServiceImpl.create,setHostPort
DockerServiceImpl.create,add
DockerServiceImpl.create,setPortBindings
DockerServiceImpl.create,setHostConfig
DockerServiceImpl.create,create
DockerServiceImpl.provision,pull
DockerServiceImpl.provision,getProperty
DockerServiceImpl.provision,mkdirs
DockerServiceImpl.provision,copy
DockerServiceImpl.provision,makeFileExecutable
DockerServiceImpl.provision,setTty
DockerServiceImpl.provision,setAttachStdout
DockerServiceImpl.provision,setAttachStderr
DockerServiceImpl.provision,setAttachStdin
DockerServiceImpl.provision,setImage
DockerServiceImpl.provision,setHostname
DockerServiceImpl.provision,setUser
DockerServiceImpl.provision,setCmd
DockerServiceImpl.provision,setWorkingDir
DockerServiceImpl.provision,setOpenStdin
DockerServiceImpl.provision,setStdinOnce
DockerServiceImpl.provision,put
DockerServiceImpl.provision,setExposedPorts
DockerServiceImpl.provision,setPrivileged
DockerServiceImpl.provision,setPublishAllPorts
DockerServiceImpl.provision,setBinds
DockerServiceImpl.provision,getAbsolutePath
DockerServiceImpl.provision,setNetworkMode
DockerServiceImpl.provision,setLxcConf
DockerServiceImpl.provision,setHostIp
DockerServiceImpl.provision,setHostPort
DockerServiceImpl.provision,add
DockerServiceImpl.provision,setPortBindings
DockerServiceImpl.provision,setHostConfig
DockerServiceImpl.provision,create
DockerServiceImpl.start,start
DockerServiceImpl.stop,stop
DockerServiceImpl.restart,restart
DockerServiceImpl.kill,kill
DockerServiceImpl.pause,pause
DockerServiceImpl.unpause,unpause
DockerServiceImpl.rename,rename
DockerServiceImpl.rm,rm
DockerServiceImpl.rm,exists
DockerServiceImpl.rm,delete
DockerServiceImpl.logs,logs
DockerServiceImpl.top,top
DockerServiceImpl.commit,commit
DockerServiceImpl.images,images
DockerServiceImpl.pull,pull
DockerServiceImpl.search,search
DockerServiceImpl.inspect,inspect
DockerServiceImpl.push,push
DockerServiceImpl.history,history
DockerServiceImpl.tag,tag
DockerServiceImpl.rmi,rmi
DockerServiceImpl.copy,getName
DockerServiceImpl.copy,equals
DockerServiceImpl.copy,matches
DockerServiceImpl.copy,isDirectory
DockerServiceImpl.copy,exists
DockerServiceImpl.copy,mkdirs
DockerServiceImpl.copy,list
DockerServiceImpl.copy,copy
DockerServiceImpl.copy,read
DockerServiceImpl.copy,write
DockerServiceImpl.copy,flush
DockerServiceImpl.close,close
DockerServiceImpl.makeFileExecutable,add
DockerServiceImpl.makeFileExecutable,getPosixFilePermissions
DockerServiceImpl.makeFileExecutable,toPath
DockerServiceImpl.makeFileExecutable,addAll
DockerServiceImpl.makeFileExecutable,setPosixFilePermissions
StreamUtils.close,close
StreamUtils.copy,read
StreamUtils.copy,write
StreamUtils.copy,flush
StartCommand.execute,getDockerService
StartCommand.execute,start
CreateCommand.execute,setTty
CreateCommand.execute,setAttachStdin
CreateCommand.execute,setAttachStderr
CreateCommand.execute,setAttachStdout
CreateCommand.execute,setImage
CreateCommand.execute,setHostname
CreateCommand.execute,setUser
CreateCommand.execute,setCmd
CreateCommand.execute,setWorkingDir
CreateCommand.execute,setOpenStdin
CreateCommand.execute,setStdinOnce
CreateCommand.execute,put
CreateCommand.execute,setExposedPorts
CreateCommand.execute,setPrivileged
CreateCommand.execute,setPublishAllPorts
CreateCommand.execute,setNetworkMode
CreateCommand.execute,setLxcConf
CreateCommand.execute,setHostIp
CreateCommand.execute,setHostPort
CreateCommand.execute,add
CreateCommand.execute,getDockerService
CreateCommand.execute,create
CreateCommand.execute,getJdbcService
CreateCommand.execute,getJmsService
StopCommand.execute,getDockerService
StopCommand.execute,stop
PauseCommand.execute,getDockerService
PauseCommand.execute,pause
PullCommand.execute,getDockerService
PullCommand.execute,pull
ProvisionCommand.execute,getDockerService
ProvisionCommand.execute,provision
SearchCommand.execute,column
SearchCommand.execute,getDockerService
SearchCommand.execute,search
SearchCommand.execute,addRow
SearchCommand.execute,addContent
SearchCommand.execute,getName
SearchCommand.execute,getDescription
SearchCommand.execute,isAutomated
SearchCommand.execute,isOfficial
SearchCommand.execute,getStarCount
SearchCommand.execute,print
LogsCommand.execute,println
LogsCommand.execute,getDockerService
LogsCommand.execute,logs
ImagesCommand.execute,column
ImagesCommand.execute,getDockerService
ImagesCommand.execute,images
ImagesCommand.execute,addRow
ImagesCommand.execute,addContent
ImagesCommand.execute,getId
ImagesCommand.execute,getRepoTags
ImagesCommand.execute,getCreated
ImagesCommand.execute,getLabels
ImagesCommand.execute,getSize
ImagesCommand.execute,getVirtualSize
ImagesCommand.execute,print
RmiCommand.execute,getDockerService
RmiCommand.execute,rmi
HistoryCommand.execute,getDockerService
HistoryCommand.execute,history
HistoryCommand.execute,column
HistoryCommand.execute,addRow
HistoryCommand.execute,addContent
HistoryCommand.execute,getId
HistoryCommand.execute,getCreated
HistoryCommand.execute,getCreatedBy
HistoryCommand.execute,getComment
HistoryCommand.execute,getTags
HistoryCommand.execute,getSize
HistoryCommand.execute,print
VersionCommand.execute,getDockerService
VersionCommand.execute,version
VersionCommand.execute,println
VersionCommand.execute,getVersion
VersionCommand.execute,getOs
VersionCommand.execute,getKernelVersion
VersionCommand.execute,getGoVersion
VersionCommand.execute,getGitCommit
VersionCommand.execute,getArch
VersionCommand.execute,getApiVersion
VersionCommand.execute,getBuildTime
VersionCommand.execute,getExperimental
CommitCommand.execute,getDockerService
CommitCommand.execute,commit
InfoCommand.execute,getDockerService
InfoCommand.execute,info
InfoCommand.execute,println
InfoCommand.execute,getContainers
InfoCommand.execute,isDebug
InfoCommand.execute,getDriver
InfoCommand.execute,getExecutionDriver
InfoCommand.execute,isIpv4Forwarding
InfoCommand.execute,getImages
InfoCommand.execute,getIndexServerAddress
InfoCommand.execute,getInitPath
InfoCommand.execute,getInitSha1
InfoCommand.execute,getKernelVersion
InfoCommand.execute,isMemoryLimit
InfoCommand.execute,isnEventsListener
InfoCommand.execute,getNfd
InfoCommand.execute,getNgoroutines
InfoCommand.execute,isSwapLimit
InfoCommand.execute,column
InfoCommand.execute,getJdbcService
InfoCommand.execute,keySet
InfoCommand.execute,addRow
InfoCommand.execute,addContent
InfoCommand.execute,get
InfoCommand.execute,print
InfoCommand.execute,getJmsService
UnpauseCommand.execute,getDockerService
UnpauseCommand.execute,unpause
RmCommand.execute,getDockerService
RmCommand.execute,rm
RestartCommand.execute,getDockerService
RestartCommand.execute,restart
RenameCommand.execute,getDockerService
RenameCommand.execute,rename
PushCommand.execute,getDockerService
PushCommand.execute,push
KillCommand.execute,getDockerService
KillCommand.execute,kill
PsCommand.execute,column
PsCommand.execute,getDockerService
PsCommand.execute,ps
PsCommand.execute,getPorts
PsCommand.execute,append
PsCommand.execute,getPrivatePort
PsCommand.execute,getPublicPort
PsCommand.execute,getType
PsCommand.execute,addRow
PsCommand.execute,addContent
PsCommand.execute,getId
PsCommand.execute,getNames
PsCommand.execute,getCommand
PsCommand.execute,getCreated
PsCommand.execute,getImage
PsCommand.execute,getImageId
PsCommand.execute,getStatus
PsCommand.execute,getState
PsCommand.execute,toString
PsCommand.execute,getSizeRw
PsCommand.execute,getSizeRootFs
PsCommand.execute,print
TagCommand.execute,getDockerService
TagCommand.execute,tag
TopCommand.execute,getDockerService
TopCommand.execute,top
TopCommand.execute,getProcesses
TopCommand.execute,print
ImagesRepoTagsCompleter.complete,images
ImagesRepoTagsCompleter.complete,getRepoTags
ImagesRepoTagsCompleter.complete,getStrings
ImagesRepoTagsCompleter.complete,add
ImagesRepoTagsCompleter.complete,complete
ContainersNameCompleter.complete,ps
ContainersNameCompleter.complete,getNames
ContainersNameCompleter.complete,getStrings
ContainersNameCompleter.complete,add
ContainersNameCompleter.complete,complete
KarafTestSupport.apply,statement
KarafTestSupport.statement,evaluate
KarafTestSupport.statement,debug
KarafTestSupport.statement,getMessage
KarafTestSupport.evaluate,evaluate
KarafTestSupport.evaluate,debug
KarafTestSupport.evaluate,getMessage
KarafTestSupport.probeConfiguration,setHeader
KarafTestSupport.getConfigFile,getClass
KarafTestSupport.getConfigFile,getResource
KarafTestSupport.getConfigFile,getFile
KarafTestSupport.getKarafDistribution,maven
KarafTestSupport.getKarafDistribution,groupId
KarafTestSupport.getKarafDistribution,artifactId
KarafTestSupport.getKarafDistribution,versionAsInProject
KarafTestSupport.getKarafDistribution,type
KarafTestSupport.config,toString
KarafTestSupport.config,getAvailablePort
KarafTestSupport.config,parseInt
KarafTestSupport.config,getProperty
KarafTestSupport.config,bootDelegationPackage
KarafTestSupport.config,frameworkStartLevel
KarafTestSupport.config,url
KarafTestSupport.config,startLevel
KarafTestSupport.config,when
KarafTestSupport.config,useOptions
KarafTestSupport.config,equals
KarafTestSupport.config,getMajorVersion
KarafTestSupport.config,karafDistributionConfiguration
KarafTestSupport.config,frameworkUrl
KarafTestSupport.config,getKarafDistribution
KarafTestSupport.config,name
KarafTestSupport.config,unpackDirectory
KarafTestSupport.config,configureSecurity
KarafTestSupport.config,disableKarafMBeanServerBuilder
KarafTestSupport.config,configureConsole
KarafTestSupport.config,ignoreLocalConsole
KarafTestSupport.config,keepRuntimeFolder
KarafTestSupport.config,logLevel
KarafTestSupport.config,systemTimeout
KarafTestSupport.config,waitForRBCFor
KarafTestSupport.config,mavenBundle
KarafTestSupport.config,groupId
KarafTestSupport.config,artifactId
KarafTestSupport.config,versionAsInProject
KarafTestSupport.config,replaceConfigurationFile
KarafTestSupport.config,getConfigFile
KarafTestSupport.config,editConfigurationFilePut
KarafTestSupport.config,combine
KarafTestSupport.getAvailablePort,getLocalPort
KarafTestSupport.getAvailablePort,println
KarafTestSupport.executeCommand,executeCommand
KarafTestSupport.executeCommand,waitForCommandService
KarafTestSupport.executeCommand,getOsgiService
KarafTestSupport.executeCommand,create
KarafTestSupport.executeCommand,println
KarafTestSupport.executeCommand,executeInitScript
KarafTestSupport.executeCommand,execute
KarafTestSupport.executeCommand,getConsole
KarafTestSupport.executeCommand,toString
KarafTestSupport.executeCommand,getMessage
KarafTestSupport.executeCommand,flush
KarafTestSupport.executeCommand,getPrincipals
KarafTestSupport.executeCommand,addAll
KarafTestSupport.executeCommand,asList
KarafTestSupport.executeCommand,doAs
KarafTestSupport.executeCommand,submit
KarafTestSupport.executeCommand,get
KarafTestSupport.executeCommand,printStackTrace
KarafTestSupport.executeCommand,getCause
KarafTestSupport.executeAlias,executeAlias
KarafTestSupport.executeAlias,executeCommand
KarafTestSupport.executeInitScript,get
KarafTestSupport.executeInitScript,getProperty
KarafTestSupport.executeInitScript,join
KarafTestSupport.executeInitScript,readAllLines
KarafTestSupport.executeInitScript,execute
KarafTestSupport.executeInitScript,debug
KarafTestSupport.executeInitScript,println
KarafTestSupport.executeInitScript,getMessage
KarafTestSupport.assertServiceAvailable,assertNotNull
KarafTestSupport.assertServiceAvailable,getOsgiService
KarafTestSupport.getOsgiService,getOsgiService
KarafTestSupport.getOsgiService,startsWith
KarafTestSupport.getOsgiService,createFilter
KarafTestSupport.getOsgiService,open
KarafTestSupport.getOsgiService,waitForService
KarafTestSupport.getOsgiService,getBundle
KarafTestSupport.getOsgiService,getHeaders
KarafTestSupport.getOsgiService,println
KarafTestSupport.getOsgiService,explode
KarafTestSupport.getOsgiService,asCollection
KarafTestSupport.getOsgiService,getAllServiceReferences
KarafTestSupport.getOsgiService,getName
KarafTestSupport.getOsgiService,cast
KarafTestSupport.waitForCommandService,length
KarafTestSupport.waitForCommandService,indexOf
KarafTestSupport.waitForCommandService,substring
KarafTestSupport.waitForCommandService,currentTimeMillis
KarafTestSupport.waitForCommandService,getRegistry
KarafTestSupport.waitForCommandService,getCommand
KarafTestSupport.waitForCommandService,sleep
KarafTestSupport.waitForService,createFilter
KarafTestSupport.waitForService,open
KarafTestSupport.waitForService,waitForService
KarafTestSupport.waitForService,close
KarafTestSupport.waitBundleState,currentTimeMillis
KarafTestSupport.waitBundleState,findBundleByName
KarafTestSupport.waitBundleState,getState
KarafTestSupport.waitBundleState,sleep
KarafTestSupport.waitBundleState,fail
KarafTestSupport.explode,keys
KarafTestSupport.explode,hasMoreElements
KarafTestSupport.explode,nextElement
KarafTestSupport.explode,append
KarafTestSupport.explode,format
KarafTestSupport.explode,get
KarafTestSupport.explode,toString
KarafTestSupport.asCollection,asList
KarafTestSupport.asCollection,emptyList
KarafTestSupport.getJMXConnector,getJMXConnector
KarafTestSupport.getJMXConnector,getJmxServiceUrl
KarafTestSupport.getJMXConnector,put
KarafTestSupport.getJMXConnector,connect
KarafTestSupport.getJmxServiceUrl,getConfiguration
KarafTestSupport.getJmxServiceUrl,getProcessedProperties
KarafTestSupport.getJmxServiceUrl,get
KarafTestSupport.getJmxServiceUrl,toString
KarafTestSupport.getSshPort,getConfiguration
KarafTestSupport.getSshPort,getProcessedProperties
KarafTestSupport.getSshPort,get
KarafTestSupport.getSshPort,toString
KarafTestSupport.getHttpPort,getConfiguration
KarafTestSupport.getHttpPort,getProcessedProperties
KarafTestSupport.getHttpPort,get
KarafTestSupport.getHttpPort,toString
KarafTestSupport.assertFeatureInstalled,contains
KarafTestSupport.assertFeatureInstalled,substring
KarafTestSupport.assertFeatureInstalled,indexOf
KarafTestSupport.assertFeatureInstalled,assertFeatureInstalled
KarafTestSupport.assertFeatureInstalled,getFeatures
KarafTestSupport.assertFeatureInstalled,listInstalledFeatures
KarafTestSupport.assertFeatureInstalled,equals
KarafTestSupport.assertFeatureInstalled,fail
KarafTestSupport.assertFeaturesInstalled,asList
KarafTestSupport.assertFeaturesInstalled,listInstalledFeatures
KarafTestSupport.assertFeaturesInstalled,add
KarafTestSupport.assertFeaturesInstalled,getName
KarafTestSupport.assertFeaturesInstalled,assertTrue
KarafTestSupport.assertFeaturesInstalled,containsAll
KarafTestSupport.assertFeatureNotInstalled,contains
KarafTestSupport.assertFeatureNotInstalled,substring
KarafTestSupport.assertFeatureNotInstalled,indexOf
KarafTestSupport.assertFeatureNotInstalled,assertFeatureNotInstalled
KarafTestSupport.assertFeatureNotInstalled,getFeatures
KarafTestSupport.assertFeatureNotInstalled,listInstalledFeatures
KarafTestSupport.assertFeatureNotInstalled,equals
KarafTestSupport.assertFeatureNotInstalled,fail
KarafTestSupport.assertContains,assertTrue
KarafTestSupport.assertContains,contains
KarafTestSupport.assertContainsNot,assertFalse
KarafTestSupport.assertContainsNot,contains
KarafTestSupport.assertBundleInstalled,assertNotNull
KarafTestSupport.assertBundleInstalled,findBundleByName
KarafTestSupport.assertBundleNotInstalled,assertNull
KarafTestSupport.assertBundleNotInstalled,findBundleByName
KarafTestSupport.installBundle,installBundle
KarafTestSupport.installBundle,start
KarafTestSupport.findBundleByName,getBundles
KarafTestSupport.findBundleByName,getSymbolicName
KarafTestSupport.findBundleByName,equals
KarafTestSupport.addFeaturesRepository,addRepository
KarafTestSupport.installAndAssertFeature,installFeature
KarafTestSupport.installAndAssertFeature,assertFeatureInstalled
KarafTestSupport.installAssertAndUninstallFeature,installAssertAndUninstallFeatures
KarafTestSupport.installAssertAndUninstallFeatures,asList
KarafTestSupport.installAssertAndUninstallFeatures,println
KarafTestSupport.installAssertAndUninstallFeatures,installFeatures
KarafTestSupport.installAssertAndUninstallFeatures,assertFeatureInstalled
KarafTestSupport.installAssertAndUninstallFeatures,uninstallFeatures
KarafTestSupport.uninstallNewFeatures,listInstalledFeatures
KarafTestSupport.uninstallNewFeatures,contains
KarafTestSupport.uninstallNewFeatures,add
KarafTestSupport.uninstallNewFeatures,getId
KarafTestSupport.uninstallNewFeatures,println
KarafTestSupport.uninstallNewFeatures,uninstallFeatures
KarafTestSupport.uninstallNewFeatures,error
KarafTestSupport.uninstallNewFeatures,getMessage
KarafTestSupport.close,close
KarafTestSupport.close,getMessage
Retry.apply,statement
Retry.statement,evaluate
Retry.statement,debug
Retry.statement,getMessage
Retry.evaluate,evaluate
Retry.evaluate,debug
Retry.evaluate,getMessage
KarafTestWatcher.starting,println
KarafTestWatcher.starting,getTestClass
KarafTestWatcher.starting,getSimpleName
KarafTestWatcher.starting,getMethodName
KarafTestWatcher.failed,error
KarafTestWatcher.failed,getDisplayName
KarafTestWatcher.failed,getMessage
KarafTestWatcher.failed,printStackTrace
DeployerUtils.extractNameVersionType,matcher
DeployerUtils.extractNameVersionType,matches
DeployerUtils.extractNameVersionType,group
DeployerUtils.extractNameVersionType,append
DeployerUtils.extractNameVersionType,cleanupModifier
DeployerUtils.extractNameVersionType,toString
DeployerUtils.cleanupModifier,matcher
DeployerUtils.cleanupModifier,matches
DeployerUtils.cleanupModifier,group
DeployerUtils.cleanupModifier,length
DeployerUtils.cleanupModifier,charAt
DeployerUtils.cleanupModifier,append
StringEscapeUtils.unescapeJava,length
StringEscapeUtils.unescapeJava,charAt
StringEscapeUtils.unescapeJava,append
StringEscapeUtils.unescapeJava,parseInt
StringEscapeUtils.unescapeJava,toString
StringEscapeUtils.unescapeJava,setLength
StringEscapeUtils.escapeJava,length
StringEscapeUtils.escapeJava,charAt
StringEscapeUtils.escapeJava,append
StringEscapeUtils.escapeJava,hex
StringEscapeUtils.escapeJava,toString
StringEscapeUtils.hex,toHexString
StringEscapeUtils.hex,toUpperCase
XmlUtils.parse,documentBuilder
XmlUtils.parse,parse
XmlUtils.parse,reset
XmlUtils.parse,setErrorHandler
XmlUtils.transform,transformer
XmlUtils.transform,transform
XmlUtils.transform,reset
XmlUtils.xmlReader,get
XmlUtils.xmlReader,newInstance
XmlUtils.xmlReader,setNamespaceAware
XmlUtils.xmlReader,setFeature
XmlUtils.xmlReader,setXIncludeAware
XmlUtils.xmlReader,set
XmlUtils.xmlReader,newSAXParser
XmlUtils.xmlReader,getXMLReader
XmlUtils.documentBuilder,get
XmlUtils.documentBuilder,newInstance
XmlUtils.documentBuilder,setNamespaceAware
XmlUtils.documentBuilder,setFeature
XmlUtils.documentBuilder,setXIncludeAware
XmlUtils.documentBuilder,setExpandEntityReferences
XmlUtils.documentBuilder,set
XmlUtils.documentBuilder,newDocumentBuilder
XmlUtils.transformer,get
XmlUtils.transformer,newInstance
XmlUtils.transformer,setFeature
XmlUtils.transformer,setAttribute
XmlUtils.transformer,warn
XmlUtils.transformer,set
XmlUtils.transformer,newTransformer
CommandUtils.trimToSize,length
CommandUtils.trimToSize,append
CommandUtils.trimToSize,substring
ThreadUtils.newThread,getAndIncrement
ThreadUtils.newThread,isDaemon
ThreadUtils.newThread,setDaemon
ThreadUtils.newThread,getPriority
ThreadUtils.newThread,setPriority
NamedThreadFactory.newThread,getAndIncrement
NamedThreadFactory.newThread,isDaemon
NamedThreadFactory.newThread,setDaemon
NamedThreadFactory.newThread,getPriority
NamedThreadFactory.newThread,setPriority
FileLockUtils.execute,getChannel
FileLockUtils.execute,lock
FileLockUtils.execute,run
FileLockUtils.execute,release
FileLockUtils.execute,call
FileLockUtils.execute,execute
FileLockUtils.execute,load
FileLockUtils.execute,save
FileLockUtils.load,length
FileLockUtils.load,readFully
FileLockUtils.load,load
FileLockUtils.save,save
FileLockUtils.save,setLength
FileLockUtils.save,write
FileLockUtils.save,toByteArray
ConfigurationPID.isFactory,nonNull
ConfigurationPID.isR7,contains
ConfigurationPID.parsePid,contains
ConfigurationPID.parsePid,indexOf
ConfigurationPID.parsePid,substring
ConfigurationPID.parseFilename,substring
ConfigurationPID.parseFilename,lastIndexOf
ConfigurationPID.parseFilename,parsePid
ConfigurationPID.parseFilename,isEmpty
ConfigurationPID.parseFilename,format
ConfigurationPID.parseFilename,endsWith
ConfigurationPID.parseFilename,length
PropertiesLoader.loadConfigProperties,toURI
PropertiesLoader.loadConfigProperties,toURL
PropertiesLoader.loadConfigProperties,print
PropertiesLoader.loadConfigProperties,loadPropertiesFile
PropertiesLoader.loadConfigProperties,copySystemProperties
PropertiesLoader.loadConfigProperties,substitute
PropertiesLoader.loadConfigProperties,lookupVirtualProperty
PropertiesLoader.getValue,lookupVirtualProperty
PropertiesLoader.loadSystemProperties,toURI
PropertiesLoader.loadSystemProperties,toURL
PropertiesLoader.loadSystemProperties,loadPropertiesFile
PropertiesLoader.loadSystemProperties,propertyNames
PropertiesLoader.loadSystemProperties,hasMoreElements
PropertiesLoader.loadSystemProperties,nextElement
PropertiesLoader.loadSystemProperties,startsWith
PropertiesLoader.loadSystemProperties,substring
PropertiesLoader.loadSystemProperties,length
PropertiesLoader.loadSystemProperties,getProperty
PropertiesLoader.loadSystemProperties,setProperty
PropertiesLoader.loadSystemProperties,substVars
PropertiesLoader.copySystemProperties,getProperties
PropertiesLoader.copySystemProperties,propertyNames
PropertiesLoader.copySystemProperties,hasMoreElements
PropertiesLoader.copySystemProperties,nextElement
PropertiesLoader.copySystemProperties,startsWith
PropertiesLoader.copySystemProperties,setProperty
PropertiesLoader.copySystemProperties,getProperty
PropertiesLoader.loadPropertiesOrFail,toURI
PropertiesLoader.loadPropertiesOrFail,toURL
PropertiesLoader.loadPropertiesOrFail,loadPropertiesFile
PropertiesLoader.loadPropertiesFile,load
PropertiesLoader.loadPropertiesFile,println
PropertiesLoader.loadPropertiesFile,loadIncludes
PropertiesLoader.loadPropertiesFile,trimValues
PropertiesLoader.loadIncludes,get
PropertiesLoader.loadIncludes,countTokens
PropertiesLoader.loadIncludes,nextLocation
PropertiesLoader.loadIncludes,loadPropertiesFile
PropertiesLoader.loadIncludes,putAll
PropertiesLoader.loadIncludes,remove
PropertiesLoader.trimValues,keySet
PropertiesLoader.trimValues,put
PropertiesLoader.trimValues,get
PropertiesLoader.trimValues,trim
PropertiesLoader.nextLocation,countTokens
PropertiesLoader.nextLocation,hasMoreTokens
PropertiesLoader.nextLocation,nextToken
PropertiesLoader.nextLocation,toString
PropertiesLoader.nextLocation,append
PropertiesLoader.nextLocation,trim
PropertiesLoader.lookupVirtualProperty,valueOf
PropertiesLoader.lookupVirtualProperty,startsWith
PropertiesLoader.lookupVirtualProperty,substring
PropertiesLoader.lookupVirtualProperty,length
PropertiesLoader.lookupVirtualProperty,toJavaIntVersion
PropertiesLoader.lookupVirtualProperty,getProperty
PropertiesLoader.lookupVirtualProperty,rangeClosed
PropertiesLoader.lookupVirtualProperty,boxed
PropertiesLoader.lookupVirtualProperty,map
PropertiesLoader.lookupVirtualProperty,collect
PropertiesLoader.lookupVirtualProperty,joining
PropertiesLoader.toJavaIntVersion,getProperty
PropertiesLoader.toJavaIntVersion,equals
PropertiesLoader.toJavaIntVersion,parseInt
Parser.pathFromMaven,pathFromMaven
Parser.pathFromMaven,startsWith
Parser.pathFromMaven,substring
Parser.pathFromMaven,length
Parser.pathFromMaven,getGroup
Parser.pathFromMaven,replaceAll
Parser.pathFromMaven,getArtifact
Parser.pathFromMaven,indexOf
Parser.pathFromMaven,getArtifactPath
Parser.pathToMaven,split
Parser.pathToMaven,startsWith
Parser.pathToMaven,charAt
Parser.pathToMaven,length
Parser.pathToMaven,substring
Parser.pathToMaven,lastIndexOf
Parser.pathToMaven,append
Parser.pathToMaven,put
Parser.pathToMaven,equals
Parser.pathToMaven,toString
Parser.pathToMaven,pathToMaven
Parser.parseArtifactPart,split
Parser.parseArtifactPart,trim
Parser.parseArtifactPart,length
Parser.toMvnURI,append
Parser.toMvnURI,equals
Parser.toMvnURI,toString
Parser.getArtifactPath,getArtifactPath
Parser.getArtifactPath,matcher
Parser.getArtifactPath,matches
Parser.getArtifactPath,group
Parser.getArtifactPath,replaceAll
Parser.getSnapshotVersion,replace
Parser.getSnapshotPath,replaceAll
Parser.getSnapshotPath,getSnapshotVersion
Parser.getVersionMetadataPath,replaceAll
Parser.getVersionLocalMetadataPath,replaceAll
Parser.getArtifactLocalMetdataPath,replaceAll
Parser.getArtifactMetdataPath,replaceAll
FilesStream.stream,empty
FilesStream.stream,length
FilesStream.stream,charAt
FilesStream.stream,append
FilesStream.stream,add
FilesStream.stream,toString
FilesStream.stream,setLength
FilesStream.stream,indexOf
FilesStream.stream,get
FilesStream.stream,getProperty
FilesStream.stream,concat
FilesStream.stream,stream
FilesStream.stream,map
FilesStream.stream,flatMap
FilesStream.stream,files
FilesStream.files,lastIndexOf
FilesStream.files,substring
FilesStream.files,resolve
FilesStream.files,getFileSystem
FilesStream.files,getPathMatcher
FilesStream.files,builder
FilesStream.files,walkFileTree
FilesStream.files,of
FilesStream.files,equals
FilesStream.files,isHidden
FilesStream.files,relativize
FilesStream.files,matches
FilesStream.files,add
FilesStream.files,warn
FilesStream.files,build
FilesStream.preVisitDirectory,equals
FilesStream.preVisitDirectory,isHidden
FilesStream.preVisitDirectory,relativize
FilesStream.preVisitDirectory,matches
FilesStream.preVisitDirectory,add
FilesStream.visitFile,isHidden
FilesStream.visitFile,relativize
FilesStream.visitFile,matches
FilesStream.visitFile,add
SingleServiceTracker.getService,get
SingleServiceTracker.getServiceReference,get
SingleServiceTracker.open,compareAndSet
SingleServiceTracker.open,addServiceListener
SingleServiceTracker.open,findMatchingReference
SingleServiceTracker.open,getName
SingleServiceTracker.open,isEmpty
SingleServiceTracker.serviceChanged,get
SingleServiceTracker.serviceChanged,getType
SingleServiceTracker.serviceChanged,getServiceReference
SingleServiceTracker.serviceChanged,equals
SingleServiceTracker.serviceChanged,findMatchingReference
SingleServiceTracker.findMatchingReference,getServiceReferences
SingleServiceTracker.findMatchingReference,sort
SingleServiceTracker.findMatchingReference,getService
SingleServiceTracker.findMatchingReference,update
SingleServiceTracker.findMatchingReference,ungetService
SingleServiceTracker.findMatchingReference,getServiceReference
SingleServiceTracker.update,get
SingleServiceTracker.update,compareAndSet
SingleServiceTracker.update,getAndSet
SingleServiceTracker.update,accept
SingleServiceTracker.update,updateState
SingleServiceTracker.close,compareAndSet
SingleServiceTracker.close,removeServiceListener
SingleServiceTracker.close,getAndSet
SingleServiceTracker.close,accept
SingleServiceTracker.close,ungetService
SingleServiceTracker.close,set
IndentingXMLEventWriter.close,close
IndentingXMLEventWriter.add,getEventType
IndentingXMLEventWriter.add,add
IndentingXMLEventWriter.add,createCharacters
IndentingXMLEventWriter.add,possiblyIndent
IndentingXMLEventWriter.possiblyIndent,append
IndentingXMLEventWriter.possiblyIndent,add
IndentingXMLEventWriter.possiblyIndent,createCharacters
IndentingXMLEventWriter.possiblyIndent,toString
IndentingXMLEventWriter.getPrefix,getPrefix
IndentingXMLEventWriter.setPrefix,setPrefix
IndentingXMLEventWriter.setDefaultNamespace,setDefaultNamespace
IndentingXMLEventWriter.setNamespaceContext,setNamespaceContext
IndentingXMLEventWriter.getNamespaceContext,getNamespaceContext
IndentingXMLEventWriter.flush,flush
JsonReader.read,parse
JsonReader.read,endOfText
JsonReader.read,error
JsonReader.read,read
JsonReader.parse,read
JsonReader.parse,skipWhiteSpace
JsonReader.parse,readValue
JsonReader.parse,endOfText
JsonReader.parse,error
JsonReader.readValue,readNull
JsonReader.readValue,readTrue
JsonReader.readValue,readFalse
JsonReader.readValue,readString
JsonReader.readValue,readArray
JsonReader.readValue,readObject
JsonReader.readValue,readNumber
JsonReader.readValue,expected
JsonReader.readArray,read
JsonReader.readArray,skipWhiteSpace
JsonReader.readArray,readChar
JsonReader.readArray,add
JsonReader.readArray,readValue
JsonReader.readArray,expected
JsonReader.readObject,read
JsonReader.readObject,skipWhiteSpace
JsonReader.readObject,readChar
JsonReader.readObject,readName
JsonReader.readObject,expected
JsonReader.readObject,put
JsonReader.readObject,readValue
JsonReader.readNull,read
JsonReader.readNull,readRequiredChar
JsonReader.readTrue,read
JsonReader.readTrue,readRequiredChar
JsonReader.readFalse,read
JsonReader.readFalse,readRequiredChar
JsonReader.readRequiredChar,readChar
JsonReader.readRequiredChar,expected
JsonReader.readString,read
JsonReader.readString,setLength
JsonReader.readString,readEscape
JsonReader.readString,expected
JsonReader.readString,append
JsonReader.readString,toString
JsonReader.readEscape,read
JsonReader.readEscape,append
JsonReader.readEscape,isHexDigit
JsonReader.readEscape,expected
JsonReader.readEscape,parseInt
JsonReader.readEscape,valueOf
JsonReader.readNumber,setLength
JsonReader.readNumber,readAndAppendChar
JsonReader.readNumber,readAndAppendDigit
JsonReader.readNumber,expected
JsonReader.readNumber,readFraction
JsonReader.readNumber,readExponent
JsonReader.readNumber,parseDouble
JsonReader.readNumber,toString
JsonReader.readFraction,readAndAppendChar
JsonReader.readFraction,readAndAppendDigit
JsonReader.readFraction,expected
JsonReader.readExponent,readAndAppendChar
JsonReader.readExponent,readAndAppendDigit
JsonReader.readExponent,expected
JsonReader.readName,expected
JsonReader.readName,readString
JsonReader.readName,toString
JsonReader.readAndAppendChar,append
JsonReader.readAndAppendChar,read
JsonReader.readChar,read
JsonReader.readAndAppendDigit,isDigit
JsonReader.readAndAppendDigit,append
JsonReader.readAndAppendDigit,read
JsonReader.skipWhiteSpace,isWhiteSpace
JsonReader.skipWhiteSpace,endOfText
JsonReader.skipWhiteSpace,read
JsonReader.expected,endOfText
JsonReader.expected,error
JsonWriter.write,write
JsonWriter.write,flush
JsonWriter.write,writeObject
JsonWriter.write,writeArray
JsonWriter.write,writeNumber
JsonWriter.write,writeString
JsonWriter.write,writeBoolean
JsonWriter.write,writeNull
JsonWriter.writeObject,append
JsonWriter.writeObject,entrySet
JsonWriter.writeObject,indent
JsonWriter.writeObject,writeString
JsonWriter.writeObject,getKey
JsonWriter.writeObject,write
JsonWriter.writeObject,getValue
JsonWriter.writeString,append
JsonWriter.writeString,length
JsonWriter.writeString,charAt
JsonWriter.writeString,toHexString
JsonWriter.writeNumber,append
JsonWriter.writeNumber,toString
JsonWriter.writeBoolean,append
JsonWriter.writeBoolean,toString
JsonWriter.writeArray,append
JsonWriter.writeArray,indent
JsonWriter.writeArray,write
JsonWriter.writeNull,append
JsonWriter.indent,write
JsonWriter.indent,fill
JaasHelper.currentUserHasRole,equals
JaasHelper.currentUserHasRole,getContext
JaasHelper.currentUserHasRole,getSubject
JaasHelper.currentUserHasRole,currentUserHasRole
JaasHelper.currentUserHasRole,getPrincipals
JaasHelper.currentUserHasRole,indexOf
JaasHelper.currentUserHasRole,substring
JaasHelper.currentUserHasRole,getClass
JaasHelper.currentUserHasRole,getName
JaasHelper.currentUserHasRole,isAssignableFrom
JaasHelper.runAs,doAs
JaasHelper.runAs,run
JaasHelper.doAs,getContext
JaasHelper.doAs,doPrivileged
JaasHelper.combine,getPrincipals
JaasHelper.combine,toArray
JaasHelper.combine,arraycopy
JaasHelper.combine,optimize
JaasHelper.optimize,arraycopy
JaasHelper.implies,implies
OsgiSubjectDomainCombiner.combine,getPrincipals
OsgiSubjectDomainCombiner.combine,toArray
OsgiSubjectDomainCombiner.combine,arraycopy
OsgiSubjectDomainCombiner.combine,optimize
OsgiSubjectDomainCombiner.optimize,arraycopy
DelegatingProtectionDomain.implies,implies
CopyOnWriteArrayIdentityList.add,lock
CopyOnWriteArrayIdentityList.add,getData
CopyOnWriteArrayIdentityList.add,newElementArray
CopyOnWriteArrayIdentityList.add,arraycopy
CopyOnWriteArrayIdentityList.add,setData
CopyOnWriteArrayIdentityList.add,unlock
CopyOnWriteArrayIdentityList.add,checkIndexInclusive
CopyOnWriteArrayIdentityList.add,checkModifications
CopyOnWriteArrayIdentityList.add,add
CopyOnWriteArrayIdentityList.addAll,iterator
CopyOnWriteArrayIdentityList.addAll,size
CopyOnWriteArrayIdentityList.addAll,lock
CopyOnWriteArrayIdentityList.addAll,getData
CopyOnWriteArrayIdentityList.addAll,newElementArray
CopyOnWriteArrayIdentityList.addAll,arraycopy
CopyOnWriteArrayIdentityList.addAll,hasNext
CopyOnWriteArrayIdentityList.addAll,next
CopyOnWriteArrayIdentityList.addAll,setData
CopyOnWriteArrayIdentityList.addAll,unlock
CopyOnWriteArrayIdentityList.addAll,checkIndexInclusive
CopyOnWriteArrayIdentityList.addAll,checkModifications
CopyOnWriteArrayIdentityList.addAll,addAll
CopyOnWriteArrayIdentityList.addAllAbsent,size
CopyOnWriteArrayIdentityList.addAllAbsent,lock
CopyOnWriteArrayIdentityList.addAllAbsent,getData
CopyOnWriteArrayIdentityList.addAllAbsent,newElementArray
CopyOnWriteArrayIdentityList.addAllAbsent,indexOf
CopyOnWriteArrayIdentityList.addAllAbsent,arraycopy
CopyOnWriteArrayIdentityList.addAllAbsent,setData
CopyOnWriteArrayIdentityList.addAllAbsent,unlock
CopyOnWriteArrayIdentityList.addIfAbsent,lock
CopyOnWriteArrayIdentityList.addIfAbsent,getData
CopyOnWriteArrayIdentityList.addIfAbsent,indexOf
CopyOnWriteArrayIdentityList.addIfAbsent,newElementArray
CopyOnWriteArrayIdentityList.addIfAbsent,arraycopy
CopyOnWriteArrayIdentityList.addIfAbsent,setData
CopyOnWriteArrayIdentityList.addIfAbsent,unlock
CopyOnWriteArrayIdentityList.clear,lock
CopyOnWriteArrayIdentityList.clear,setData
CopyOnWriteArrayIdentityList.clear,newElementArray
CopyOnWriteArrayIdentityList.clear,unlock
CopyOnWriteArrayIdentityList.clear,checkModifications
CopyOnWriteArrayIdentityList.clear,removeRange
CopyOnWriteArrayIdentityList.clear,getData
CopyOnWriteArrayIdentityList.clone,setData
CopyOnWriteArrayIdentityList.clone,getData
CopyOnWriteArrayIdentityList.contains,indexOf
CopyOnWriteArrayIdentityList.containsAll,getData
CopyOnWriteArrayIdentityList.containsAll,containsAll
CopyOnWriteArrayIdentityList.containsAll,indexOf
CopyOnWriteArrayIdentityList.equals,listIterator
CopyOnWriteArrayIdentityList.equals,hasNext
CopyOnWriteArrayIdentityList.equals,next
CopyOnWriteArrayIdentityList.get,getData
CopyOnWriteArrayIdentityList.get,lock
CopyOnWriteArrayIdentityList.get,unlock
CopyOnWriteArrayIdentityList.get,checkIndexExlusive
CopyOnWriteArrayIdentityList.hashCode,hashCode
CopyOnWriteArrayIdentityList.indexOf,getData
CopyOnWriteArrayIdentityList.indexOf,indexOf
CopyOnWriteArrayIdentityList.isEmpty,size
CopyOnWriteArrayIdentityList.iterator,getData
CopyOnWriteArrayIdentityList.lastIndexOf,getData
CopyOnWriteArrayIdentityList.lastIndexOf,lastIndexOf
CopyOnWriteArrayIdentityList.listIterator,getData
CopyOnWriteArrayIdentityList.listIterator,checkIndexInclusive
CopyOnWriteArrayIdentityList.remove,removeRange
CopyOnWriteArrayIdentityList.remove,lock
CopyOnWriteArrayIdentityList.remove,indexOf
CopyOnWriteArrayIdentityList.remove,remove
CopyOnWriteArrayIdentityList.remove,unlock
CopyOnWriteArrayIdentityList.remove,checkIndexExlusive
CopyOnWriteArrayIdentityList.remove,checkModifications
CopyOnWriteArrayIdentityList.remove,getData
CopyOnWriteArrayIdentityList.removeAll,lock
CopyOnWriteArrayIdentityList.removeAll,removeAll
CopyOnWriteArrayIdentityList.removeAll,getData
CopyOnWriteArrayIdentityList.removeAll,unlock
CopyOnWriteArrayIdentityList.removeAll,size
CopyOnWriteArrayIdentityList.removeAll,contains
CopyOnWriteArrayIdentityList.removeAll,newElementArray
CopyOnWriteArrayIdentityList.removeAll,arraycopy
CopyOnWriteArrayIdentityList.removeAll,setData
CopyOnWriteArrayIdentityList.removeAll,checkModifications
CopyOnWriteArrayIdentityList.retainAll,lock
CopyOnWriteArrayIdentityList.retainAll,retainAll
CopyOnWriteArrayIdentityList.retainAll,getData
CopyOnWriteArrayIdentityList.retainAll,unlock
CopyOnWriteArrayIdentityList.retainAll,size
CopyOnWriteArrayIdentityList.retainAll,newElementArray
CopyOnWriteArrayIdentityList.retainAll,arraycopy
CopyOnWriteArrayIdentityList.retainAll,setData
CopyOnWriteArrayIdentityList.retainAll,contains
CopyOnWriteArrayIdentityList.retainAll,checkModifications
CopyOnWriteArrayIdentityList.set,lock
CopyOnWriteArrayIdentityList.set,size
CopyOnWriteArrayIdentityList.set,checkIndexExlusive
CopyOnWriteArrayIdentityList.set,newElementArray
CopyOnWriteArrayIdentityList.set,getData
CopyOnWriteArrayIdentityList.set,arraycopy
CopyOnWriteArrayIdentityList.set,setData
CopyOnWriteArrayIdentityList.set,unlock
CopyOnWriteArrayIdentityList.set,checkModifications
CopyOnWriteArrayIdentityList.set,set
CopyOnWriteArrayIdentityList.size,getData
CopyOnWriteArrayIdentityList.toArray,getData
CopyOnWriteArrayIdentityList.toArray,toArray
CopyOnWriteArrayIdentityList.toArray,arraycopy
CopyOnWriteArrayIdentityList.toArray,newInstance
CopyOnWriteArrayIdentityList.toArray,getClass
CopyOnWriteArrayIdentityList.toArray,getComponentType
CopyOnWriteArrayIdentityList.toString,append
CopyOnWriteArrayIdentityList.toString,length
CopyOnWriteArrayIdentityList.toString,setLength
CopyOnWriteArrayIdentityList.toString,toString
CopyOnWriteArrayIdentityList.getData,newElementArray
CopyOnWriteArrayIdentityList.removeRange,lock
CopyOnWriteArrayIdentityList.removeRange,size
CopyOnWriteArrayIdentityList.removeRange,checkIndexExlusive
CopyOnWriteArrayIdentityList.removeRange,checkIndexInclusive
CopyOnWriteArrayIdentityList.removeRange,newElementArray
CopyOnWriteArrayIdentityList.removeRange,getData
CopyOnWriteArrayIdentityList.removeRange,arraycopy
CopyOnWriteArrayIdentityList.removeRange,setData
CopyOnWriteArrayIdentityList.removeRange,unlock
CopyOnWriteArrayIdentityList.next,hasNext
CopyOnWriteArrayIdentityList.previous,hasPrevious
CopyOnWriteArrayIdentityList.checkModifications,getData
CopyOnWriteArrayIdentityList.hasNext,nextIndex
CopyOnWriteArrayIdentityList.hasPrevious,previousIndex
CopyOnWriteArrayIdentityList.writeObject,getData
CopyOnWriteArrayIdentityList.writeObject,defaultWriteObject
CopyOnWriteArrayIdentityList.writeObject,writeInt
CopyOnWriteArrayIdentityList.writeObject,writeObject
CopyOnWriteArrayIdentityList.readObject,defaultReadObject
CopyOnWriteArrayIdentityList.readObject,readInt
CopyOnWriteArrayIdentityList.readObject,setData
CopyOnWriteArrayIdentityList.readObject,newElementArray
CopyOnWriteArrayIdentityList.readObject,readObject
ListIteratorImpl.next,hasNext
ListIteratorImpl.previous,hasPrevious
SubList.checkModifications,getData
SubList.set,lock
SubList.set,checkIndexExlusive
SubList.set,checkModifications
SubList.set,set
SubList.set,getData
SubList.set,unlock
SubList.get,getData
SubList.get,lock
SubList.get,unlock
SubList.get,checkIndexExlusive
SubList.remove,lock
SubList.remove,checkIndexExlusive
SubList.remove,checkModifications
SubList.remove,remove
SubList.remove,getData
SubList.remove,unlock
SubList.remove,indexOf
SubList.add,lock
SubList.add,checkIndexInclusive
SubList.add,checkModifications
SubList.add,add
SubList.add,getData
SubList.add,unlock
SubList.addAll,lock
SubList.addAll,checkModifications
SubList.addAll,size
SubList.addAll,addAll
SubList.addAll,getData
SubList.addAll,unlock
SubList.addAll,checkIndexInclusive
SubList.clear,lock
SubList.clear,checkModifications
SubList.clear,removeRange
SubList.clear,getData
SubList.clear,unlock
SubList.contains,indexOf
SubList.containsAll,containsAll
SubList.indexOf,indexOf
SubList.lastIndexOf,lastIndexOf
SubList.removeAll,lock
SubList.removeAll,checkModifications
SubList.removeAll,removeAll
SubList.removeAll,getData
SubList.removeAll,unlock
SubList.retainAll,lock
SubList.retainAll,checkModifications
SubList.retainAll,retainAll
SubList.retainAll,getData
SubList.retainAll,unlock
SubList.toArray,toArray
SubList.hasNext,nextIndex
SubList.hasPrevious,previousIndex
SubListIterator.hasNext,nextIndex
SubListIterator.hasPrevious,previousIndex
BundleUtils.fixBundleWithUpdateLocation,createTempFile
BundleUtils.fixBundleWithUpdateLocation,toFile
BundleUtils.fixBundleWithUpdateLocation,setLevel
BundleUtils.fixBundleWithUpdateLocation,getNextEntry
BundleUtils.fixBundleWithUpdateLocation,read
BundleUtils.fixBundleWithUpdateLocation,write
BundleUtils.fixBundleWithUpdateLocation,getName
BundleUtils.fixBundleWithUpdateLocation,equals
BundleUtils.fixBundleWithUpdateLocation,toByteArray
BundleUtils.fixBundleWithUpdateLocation,getMainAttributes
BundleUtils.fixBundleWithUpdateLocation,getValue
BundleUtils.fixBundleWithUpdateLocation,putValue
BundleUtils.fixBundleWithUpdateLocation,reset
BundleUtils.fixBundleWithUpdateLocation,update
BundleUtils.fixBundleWithUpdateLocation,setSize
BundleUtils.fixBundleWithUpdateLocation,setCrc
BundleUtils.fixBundleWithUpdateLocation,putNextEntry
BundleUtils.fixBundleWithUpdateLocation,closeEntry
PumpStreamHandler.setChildOutputStream,createChildOutputPump
PumpStreamHandler.setChildErrorStream,createChildErrorPump
PumpStreamHandler.setChildInputStream,createInputPump
PumpStreamHandler.setChildInputStream,close
PumpStreamHandler.attach,setChildInputStream
PumpStreamHandler.attach,getOutputStream
PumpStreamHandler.attach,setChildOutputStream
PumpStreamHandler.attach,getInputStream
PumpStreamHandler.attach,setChildErrorStream
PumpStreamHandler.attach,getErrorStream
PumpStreamHandler.start,setDaemon
PumpStreamHandler.start,setName
PumpStreamHandler.start,start
PumpStreamHandler.stop,stop
PumpStreamHandler.stop,waitFor
PumpStreamHandler.stop,getIn
PumpStreamHandler.stop,close
PumpStreamHandler.stop,getOut
PumpStreamHandler.stop,flush
PumpStreamHandler.createChildOutputPump,createPump
PumpStreamHandler.createChildErrorPump,createPump
PumpStreamHandler.createPump,createPump
PumpStreamHandler.createInputPump,setAutoflush
StreamPumper.run,currentThread
StreamPumper.run,available
StreamPumper.run,read
StreamPumper.run,write
StreamPumper.run,flush
StreamPumper.run,sleep
StreamPumper.run,close
StreamPumper.run,notifyAll
StreamPumper.waitFor,isFinished
StreamPumper.waitFor,wait
StreamPumper.stop,interrupt
StreamPumper.stop,notifyAll
ProcessImpl.isRunning,isWindows
ProcessImpl.isRunning,put
ProcessImpl.isRunning,toString
ProcessImpl.isRunning,execute
ProcessImpl.isRunning,start
ProcessImpl.isRunning,getInputStream
ProcessImpl.isRunning,readLine
ProcessImpl.isRunning,length
ProcessImpl.isRunning,indexOf
ProcessImpl.isRunning,waitFor
ProcessImpl.destroy,isWindows
ProcessImpl.destroy,put
ProcessImpl.destroy,toString
ProcessImpl.destroy,execute
ProcessImpl.destroy,executeProcess
ProcessImpl.destroy,awaitShutdown
ProcessImpl.awaitShutdown,sleep
ProcessImpl.awaitShutdown,isRunning
ProcessImpl.awaitShutdown,currentThread
ProcessImpl.awaitShutdown,interrupt
ProcessImpl.create,createTempFile
ProcessImpl.create,toFile
ProcessImpl.create,put
ProcessImpl.create,getCanonicalPath
ProcessImpl.create,isWindows
ProcessImpl.create,replaceAll
ProcessImpl.create,execute
ProcessImpl.create,readPid
ProcessImpl.create,delete
ProcessImpl.readPid,readLine
ProcessImpl.readPid,valueOf
ProcessBuilderImpl.start,create
ProcessBuilderImpl.attach,attach
ScriptUtils.execute,createTempFile
ScriptUtils.execute,toFile
ScriptUtils.execute,isWindows
ScriptUtils.execute,copyFilteredResource
ScriptUtils.execute,executeProcess
ScriptUtils.execute,getCanonicalPath
ScriptUtils.execute,delete
ScriptUtils.executeProcess,start
ScriptUtils.executeProcess,waitFor
ScriptUtils.copyFilteredResource,getResourceAsStream
ScriptUtils.copyFilteredResource,hasNextLine
ScriptUtils.copyFilteredResource,nextLine
ScriptUtils.copyFilteredResource,filter
ScriptUtils.copyFilteredResource,println
ScriptUtils.copyFilteredResource,close
ScriptUtils.copyFilteredResource,safeClose
ScriptUtils.safeClose,close
ScriptUtils.filter,entrySet
ScriptUtils.filter,indexOf
ScriptUtils.filter,getKey
ScriptUtils.filter,substring
ScriptUtils.filter,length
ScriptUtils.filter,getValue
ScriptUtils.getJavaCommandPath,getCanonicalPath
ScriptUtils.getJavaCommandPath,getProperty
ScriptUtils.getJavaCommandPath,isWindows
WrapperServiceImpl.install,install
WrapperServiceImpl.install,getProperty
WrapperServiceImpl.install,getName
WrapperServiceImpl.install,put
WrapperServiceImpl.install,getenv
WrapperServiceImpl.install,getPath
WrapperServiceImpl.install,startsWith
WrapperServiceImpl.install,equalsIgnoreCase
WrapperServiceImpl.install,mkdir
WrapperServiceImpl.install,copyResourceTo
WrapperServiceImpl.install,copyFilteredResourceTo
WrapperServiceImpl.install,makeFileExecutable
WrapperServiceImpl.install,createJar
WrapperServiceImpl.mkdir,exists
WrapperServiceImpl.mkdir,info
WrapperServiceImpl.mkdir,getPath
WrapperServiceImpl.mkdir,println
WrapperServiceImpl.mkdir,mkdirs
WrapperServiceImpl.copyResourceTo,exists
WrapperServiceImpl.copyResourceTo,info
WrapperServiceImpl.copyResourceTo,getPath
WrapperServiceImpl.copyResourceTo,println
WrapperServiceImpl.copyResourceTo,getResourceAsStream
WrapperServiceImpl.copyResourceTo,hasNextLine
WrapperServiceImpl.copyResourceTo,nextLine
WrapperServiceImpl.copyResourceTo,safeClose
WrapperServiceImpl.copyResourceTo,read
WrapperServiceImpl.copyResourceTo,write
WrapperServiceImpl.copyResourceTo,warn
WrapperServiceImpl.copyFilteredResourceTo,exists
WrapperServiceImpl.copyFilteredResourceTo,info
WrapperServiceImpl.copyFilteredResourceTo,getPath
WrapperServiceImpl.copyFilteredResourceTo,println
WrapperServiceImpl.copyFilteredResourceTo,getResourceAsStream
WrapperServiceImpl.copyFilteredResourceTo,hasNextLine
WrapperServiceImpl.copyFilteredResourceTo,nextLine
WrapperServiceImpl.copyFilteredResourceTo,filter
WrapperServiceImpl.copyFilteredResourceTo,getName
WrapperServiceImpl.copyFilteredResourceTo,endsWith
WrapperServiceImpl.copyFilteredResourceTo,safeClose
WrapperServiceImpl.copyFilteredResourceTo,warn
WrapperServiceImpl.safeClose,close
WrapperServiceImpl.filter,entrySet
WrapperServiceImpl.filter,indexOf
WrapperServiceImpl.filter,getKey
WrapperServiceImpl.filter,substring
WrapperServiceImpl.filter,length
WrapperServiceImpl.filter,getValue
WrapperServiceImpl.makeFileExecutable,add
WrapperServiceImpl.makeFileExecutable,getPosixFilePermissions
WrapperServiceImpl.makeFileExecutable,toPath
WrapperServiceImpl.makeFileExecutable,addAll
WrapperServiceImpl.makeFileExecutable,setPosixFilePermissions
WrapperServiceImpl.createJar,exists
WrapperServiceImpl.createJar,info
WrapperServiceImpl.createJar,getPath
WrapperServiceImpl.createJar,println
WrapperServiceImpl.createJar,getClass
WrapperServiceImpl.createJar,getClassLoader
WrapperServiceImpl.createJar,getResourceAsStream
WrapperServiceImpl.createJar,indexOf
WrapperServiceImpl.createJar,putNextEntry
WrapperServiceImpl.createJar,substring
WrapperServiceImpl.createJar,closeEntry
WrapperServiceImpl.createJar,read
WrapperServiceImpl.createJar,write
WrapperServiceImpl.createJar,close
WrapperServiceImpl.createJar,safeClose
Main.start,launch
Main.start,setShutdownCallback
Main.start,start
Main.start,println
Main.start,printStackTrace
Main.run,awaitShutdown
Main.run,stop
Main.run,getExitCode
Main.run,start
Main.run,run
Main.run,startsWith
Main.run,substring
Main.run,length
Main.run,equals
Main.run,append
Main.run,setLength
Main.run,read
Main.run,getClassLoader
Main.run,getFiles
Main.run,toArray
Main.run,size
Main.run,setURLStreamHandlerFactory
Main.run,getJarsInJars
Main.run,createSessionFactory
Main.run,toString
Main.run,terminal
Main.run,createSession
Main.run,put
Main.run,discoverCommands
Main.run,getDiscoveryResource
Main.run,isMultiScopeMode
Main.run,execute
Main.run,logException
Main.run,doMonitor
Main.run,printStackTrace
Main.run,doWatchdog
Main.stop,destroy
Main.stop,println
Main.stop,printStackTrace
Main.stop,getExitCode
Main.waitingForShutdown,signalStopping
Main.controlEvent,isLaunchedAsService
Main.controlEvent,stop
Main.main,start
Main.main,getPackage
Main.main,getImplementationVersion
Main.main,setProperty
Main.main,run
Main.main,launch
Main.main,println
Main.main,getMessage
Main.main,log
Main.main,destroy
Main.main,setExitCode
Main.main,awaitShutdown
Main.main,getBoolean
Main.main,updateInstancePidAfterShutdown
Main.main,printStackTrace
Main.main,exit
Main.main,getExitCode
Main.main,gc
Main.main,setLevel
Main.main,getLevel
Main.main,getFile
Main.main,setLength
Main.main,read
Main.main,append
Main.main,setCommand
Main.main,toString
Main.main,isBatch
Main.main,builder
Main.main,build
Main.main,console
Main.main,readPassword
Main.main,setFilePasswordProvider
Main.main,setUserInteraction
Main.main,readLine
Main.main,getUser
Main.main,isEmpty
Main.main,setUser
Main.main,printf
Main.main,setupAgent
Main.main,getKeyFile
Main.main,set
Main.main,ofMillis
Main.main,getIdleTimeout
Main.main,connectWithRetries
Main.main,getPassword
Main.main,addPasswordIdentity
Main.main,auth
Main.main,verify
Main.main,getProperty
Main.main,getenv
Main.main,nativeSignals
Main.main,type
Main.main,signalHandler
Main.main,getCommand
Main.main,length
Main.main,createExecChannel
Main.main,setIn
Main.main,close
Main.main,sleep
Main.main,setAgentForwarding
Main.main,output
Main.main,setOut
Main.main,setErr
Main.main,open
Main.main,waitFor
Main.main,of
Main.main,getExitStatus
Main.main,createShellChannel
Main.main,enterRawMode
Main.main,addMode
Main.main,put
Main.main,getFlag
Main.main,setPtyModes
Main.main,setPtyColumns
Main.main,getWidth
Main.main,setPtyLines
Main.main,getHeight
Main.main,setEnv
Main.main,getType
Main.main,getDefault
Main.main,defaultCharset
Main.main,name
Main.main,input
Main.main,handle
Main.main,getSize
Main.main,sendWindowChange
Main.main,getColumns
Main.main,getRows
Main.main,getInvertedIn
Main.main,write
Main.main,getControlChar
Main.main,flush
Main.main,setAttributes
WrapperMBeanImpl.install,install
WrapperMBeanImpl.install,toString
Install.execute,install
Install.execute,getProperty
Install.execute,println
Install.execute,getPath
Install.execute,startsWith
Install.execute,exists
Install.execute,getName
Install.execute,getSystemBundleThreshold
Install.execute,currentUserHasRole
Install.execute,installBundle
Install.execute,toString
Install.execute,getHeaders
Install.execute,get
Install.execute,equals
Install.execute,uninstall
Install.execute,add
Install.execute,adapt
Install.execute,setStartLevel
Install.execute,getLocation
Install.execute,start
Install.execute,size
Install.execute,getBundleId
Install.execute,stream
Install.execute,map
Install.execute,collect
Install.execute,joining
Install.execute,throwIf
MetaServiceCaller.withMetaTypeService,getServiceReference
MetaServiceCaller.withMetaTypeService,getService
MetaServiceCaller.withMetaTypeService,apply
MetaServiceCaller.withMetaTypeService,ungetService
MetaServiceCaller.getPidsWithMetaInfo,withMetaTypeService
MetaServiceCaller.getPidsWithMetaInfo,getBundles
MetaServiceCaller.getPidsWithMetaInfo,getMetaTypeInformation
MetaServiceCaller.getPidsWithMetaInfo,getFactoryPids
MetaServiceCaller.getPidsWithMetaInfo,addAll
MetaServiceCaller.getPidsWithMetaInfo,asList
MetaServiceCaller.getPidsWithMetaInfo,getPids
MetaServiceCaller.doWithMetaType,getServiceReference
MetaServiceCaller.doWithMetaType,getService
MetaServiceCaller.doWithMetaType,getMetatype
MetaServiceCaller.doWithMetaType,apply
MetaServiceCaller.doWithMetaType,ofNullable
MetaServiceCaller.doWithMetaType,ungetService
MetaServiceCaller.getMetatype,getBundles
MetaServiceCaller.getMetatype,getMetaTypeInformation
MetaServiceCaller.getMetatype,getPids
MetaServiceCaller.getMetatype,equals
MetaServiceCaller.getMetatype,getObjectClassDefinition
MetaServiceCaller.getMetatype,getFactoryPids
JsonConfigInstaller.canHandle,getName
JsonConfigInstaller.canHandle,endsWith
JsonConfigInstaller.canHandle,getExtension
JsonConfigInstaller.getExtension,getenv
JsonConfigInstaller.getExtension,getProperty
JsonConfigInstaller.install,setConfig
JsonConfigInstaller.update,setConfig
JsonConfigInstaller.uninstall,deleteConfig
JsonConfigInstaller.setConfig,getName
JsonConfigInstaller.setConfig,parseFilename
JsonConfigInstaller.setConfig,getExtension
JsonConfigInstaller.setConfig,getConfiguration
JsonConfigInstaller.setConfig,toConfigKey
JsonConfigInstaller.setConfig,getProperties
JsonConfigInstaller.setConfig,buildReader
JsonConfigInstaller.setConfig,build
JsonConfigInstaller.setConfig,readConfiguration
JsonConfigInstaller.setConfig,remove
JsonConfigInstaller.setConfig,size
JsonConfigInstaller.setConfig,keySet
JsonConfigInstaller.setConfig,get
JsonConfigInstaller.setConfig,deepEquals
JsonConfigInstaller.setConfig,equals
JsonConfigInstaller.setConfig,put
JsonConfigInstaller.setConfig,info
JsonConfigInstaller.setConfig,update
JsonConfigInstaller.deleteConfig,findExistingConfiguration
JsonConfigInstaller.deleteConfig,toConfigKey
JsonConfigInstaller.deleteConfig,nonNull
JsonConfigInstaller.deleteConfig,delete
JsonConfigInstaller.deleteConfig,info
JsonConfigInstaller.deleteConfig,getName
JsonConfigInstaller.configurationEvent,getType
JsonConfigInstaller.configurationEvent,getProperty
JsonConfigInstaller.configurationEvent,getPid
JsonConfigInstaller.configurationEvent,getExtension
JsonConfigInstaller.configurationEvent,exists
JsonConfigInstaller.configurationEvent,delete
JsonConfigInstaller.configurationEvent,getConfiguration
JsonConfigInstaller.configurationEvent,getProcessedProperties
JsonConfigInstaller.configurationEvent,get
JsonConfigInstaller.configurationEvent,getCfgFileFromProperty
JsonConfigInstaller.configurationEvent,getProperties
JsonConfigInstaller.configurationEvent,canHandle
JsonConfigInstaller.configurationEvent,remove
JsonConfigInstaller.configurationEvent,buildWriter
JsonConfigInstaller.configurationEvent,build
JsonConfigInstaller.configurationEvent,writeConfiguration
JsonConfigInstaller.configurationEvent,warn
JsonConfigInstaller.getCfgFileFromProperty,toURI
JsonConfigInstaller.toConfigKey,getAbsoluteFile
JsonConfigInstaller.toConfigKey,toURI
JsonConfigInstaller.toConfigKey,toString
JsonConfigInstaller.getConfiguration,findExistingConfiguration
JsonConfigInstaller.getConfiguration,getConfiguration
JsonConfigInstaller.getConfiguration,getPid
JsonConfigInstaller.getConfiguration,isFactory
JsonConfigInstaller.getConfiguration,isR7
JsonConfigInstaller.getConfiguration,getFactoryConfiguration
JsonConfigInstaller.getConfiguration,getFactoryPid
JsonConfigInstaller.getConfiguration,getName
JsonConfigInstaller.getConfiguration,createFactoryConfiguration
JsonConfigInstaller.findExistingConfiguration,escapeFilterValue
JsonConfigInstaller.findExistingConfiguration,listConfigurations
JsonConfigInstaller.escapeFilterValue,replaceAll
ConfigRepositoryImpl.update,update
ConfigRepositoryImpl.update,trace
ConfigRepositoryImpl.update,getConfiguration
ConfigRepositoryImpl.update,getProcessedProperties
ConfigRepositoryImpl.update,getCfgFileFromProperties
ConfigRepositoryImpl.update,load
ConfigRepositoryImpl.update,putAll
ConfigRepositoryImpl.update,keySet
ConfigRepositoryImpl.update,retainAll
ConfigRepositoryImpl.update,store
ConfigRepositoryImpl.update,clear
ConfigRepositoryImpl.update,put
ConfigRepositoryImpl.update,toURI
ConfigRepositoryImpl.update,toString
ConfigRepositoryImpl.update,containsKey
ConfigRepositoryImpl.update,getCfgFileFromProperty
ConfigRepositoryImpl.update,get
ConfigRepositoryImpl.update,generateConfigFilename
ConfigRepositoryImpl.generateConfigFilename,getPid
ConfigRepositoryImpl.generateConfigFilename,getFactoryPid
ConfigRepositoryImpl.generateConfigFilename,substring
ConfigRepositoryImpl.generateConfigFilename,length
ConfigRepositoryImpl.generateConfigFilename,getProperty
ConfigRepositoryImpl.delete,trace
ConfigRepositoryImpl.delete,getConfiguration
ConfigRepositoryImpl.delete,delete
ConfigRepositoryImpl.exists,listConfigurations
ConfigRepositoryImpl.getCfgFileFromProperties,get
ConfigRepositoryImpl.getCfgFileFromProperties,getCfgFileFromProperty
ConfigRepositoryImpl.getCfgFileFromProperty,toURI
ConfigRepositoryImpl.getConfig,getConfiguration
ConfigRepositoryImpl.getConfig,getProcessedProperties
ConfigRepositoryImpl.getConfig,getCfgFileFromProperties
ConfigRepositoryImpl.getConfig,exists
ConfigRepositoryImpl.getConfig,load
ConfigRepositoryImpl.getConfig,get
ConfigRepositoryImpl.getConfig,equals
ConfigRepositoryImpl.getConfig,put
ConfigRepositoryImpl.getConfig,keys
ConfigRepositoryImpl.getConfig,hasMoreElements
ConfigRepositoryImpl.getConfig,nextElement
ConfigRepositoryImpl.getConfig,remove
ConfigRepositoryImpl.createFactoryConfiguration,createFactoryConfiguration
ConfigRepositoryImpl.createFactoryConfiguration,equals
ConfigRepositoryImpl.createFactoryConfiguration,trim
ConfigRepositoryImpl.createFactoryConfiguration,getProperty
ConfigRepositoryImpl.createFactoryConfiguration,createTempFile
ConfigRepositoryImpl.createFactoryConfiguration,toFile
ConfigRepositoryImpl.createFactoryConfiguration,toPath
ConfigRepositoryImpl.createFactoryConfiguration,putAll
ConfigRepositoryImpl.createFactoryConfiguration,store
ConfigRepositoryImpl.createFactoryConfiguration,put
ConfigRepositoryImpl.createFactoryConfiguration,toURI
ConfigRepositoryImpl.createFactoryConfiguration,toString
ConfigRepositoryImpl.createFactoryConfiguration,update
ConfigRepositoryImpl.createFactoryConfiguration,getPid
ConfigRepositoryImpl.load,toURI
ConfigRepositoryImpl.load,toString
ConfigRepositoryImpl.load,endsWith
ConfigRepositoryImpl.load,buildReader
ConfigRepositoryImpl.load,build
ConfigRepositoryImpl.load,readConfiguration
ConfigRepositoryImpl.load,keySet
ConfigRepositoryImpl.load,put
ConfigRepositoryImpl.load,get
ConfigRepositoryImpl.load,load
ConfigRepositoryImpl.store,toURI
ConfigRepositoryImpl.store,toString
ConfigRepositoryImpl.store,endsWith
ConfigRepositoryImpl.store,buildWriter
ConfigRepositoryImpl.store,build
ConfigRepositoryImpl.store,writeConfiguration
ConfigRepositoryImpl.store,save
ConfigMBeanImpl.getConfiguration,getConfigAdmin
ConfigMBeanImpl.getConfiguration,getConfiguration
ConfigMBeanImpl.getConfigProperties,getConfig
ConfigMBeanImpl.getConfigs,stream
ConfigMBeanImpl.getConfigs,map
ConfigMBeanImpl.getConfigs,collect
ConfigMBeanImpl.getConfigs,toList
ConfigMBeanImpl.getConfigs,getConfigAdmin
ConfigMBeanImpl.getConfigs,listConfigurations
ConfigMBeanImpl.getConfigs,toString
ConfigMBeanImpl.create,update
ConfigMBeanImpl.create,toString
ConfigMBeanImpl.install,contains
ConfigMBeanImpl.install,getProperty
ConfigMBeanImpl.install,exists
ConfigMBeanImpl.install,openStream
ConfigMBeanImpl.install,getParentFile
ConfigMBeanImpl.install,mkdirs
ConfigMBeanImpl.install,createNewFile
ConfigMBeanImpl.install,copy
ConfigMBeanImpl.install,toString
ConfigMBeanImpl.delete,delete
ConfigMBeanImpl.delete,toString
ConfigMBeanImpl.delete,getConfig
ConfigMBeanImpl.delete,remove
ConfigMBeanImpl.delete,update
ConfigMBeanImpl.exists,exists
ConfigMBeanImpl.exists,toString
ConfigMBeanImpl.listProperties,getConfigProperties
ConfigMBeanImpl.listProperties,entrySet
ConfigMBeanImpl.listProperties,put
ConfigMBeanImpl.listProperties,getKey
ConfigMBeanImpl.listProperties,displayValue
ConfigMBeanImpl.listProperties,getValue
ConfigMBeanImpl.listProperties,toString
ConfigMBeanImpl.displayValue,getClass
ConfigMBeanImpl.displayValue,isArray
ConfigMBeanImpl.displayValue,toString
ConfigMBeanImpl.deleteProperty,getConfigProperties
ConfigMBeanImpl.deleteProperty,remove
ConfigMBeanImpl.deleteProperty,update
ConfigMBeanImpl.deleteProperty,toString
ConfigMBeanImpl.appendProperty,getConfigProperties
ConfigMBeanImpl.appendProperty,get
ConfigMBeanImpl.appendProperty,put
ConfigMBeanImpl.appendProperty,update
ConfigMBeanImpl.appendProperty,toString
ConfigMBeanImpl.setProperty,getConfigProperties
ConfigMBeanImpl.setProperty,put
ConfigMBeanImpl.setProperty,update
ConfigMBeanImpl.setProperty,toString
ConfigMBeanImpl.getProperty,getConfigProperties
ConfigMBeanImpl.getProperty,get
ConfigMBeanImpl.getProperty,toString
ConfigMBeanImpl.update,putAll
ConfigMBeanImpl.update,update
ConfigMBeanImpl.update,toString
ConfigMBeanImpl.append,getConfig
ConfigMBeanImpl.append,putAll
ConfigMBeanImpl.append,update
ConfigMBeanImpl.append,toString
ConfigMBeanImpl.toDictionary,keySet
ConfigMBeanImpl.toDictionary,put
ConfigMBeanImpl.toDictionary,get
ConfigMBeanImpl.createFactoryConfiguration,createFactoryConfiguration
ConfigMBeanImpl.createFactoryConfiguration,toString
ConfigMBeanImpl.createFactoryConfiguration,putAll
DeleteCommand.doExecute,get
DeleteCommand.doExecute,equals
DeleteCommand.doExecute,println
DeleteCommand.doExecute,delete
DeleteCommand.doExecute,put
PropAppendCommand.propertyAction,get
PropAppendCommand.propertyAction,put
PropAppendCommand.propertyAction,println
ListCommand.doExecute,getConfigAdmin
ListCommand.doExecute,listConfigurations
ListCommand.doExecute,put
ListCommand.doExecute,getPid
ListCommand.doExecute,values
ListCommand.doExecute,println
ListCommand.doExecute,getFactoryPid
ListCommand.doExecute,getBundleLocation
ListCommand.doExecute,getProcessedProperties
ListCommand.doExecute,keys
ListCommand.doExecute,hasMoreElements
ListCommand.doExecute,nextElement
ListCommand.doExecute,toString
ListCommand.doExecute,get
ListCommand.doExecute,entrySet
ListCommand.doExecute,getKey
ListCommand.doExecute,displayValue
ListCommand.doExecute,getValue
ListCommand.doExecute,append
ListCommand.doExecute,length
ListCommand.doExecute,discoverResources
ListCommand.doExecute,column
ListCommand.doExecute,emptyTableText
ListCommand.doExecute,addRow
ListCommand.doExecute,addContent
ListCommand.doExecute,emptyIfNull
ListCommand.doExecute,getPresentationName
ListCommand.doExecute,getSymbolicName
ListCommand.doExecute,getVersion
ListCommand.doExecute,print
ListCommand.doExecute,getInstanceService
ListCommand.doExecute,getInstances
ListCommand.doExecute,alignRight
ListCommand.doExecute,getRightColumnHeader
ListCommand.doExecute,getSshPort
ListCommand.doExecute,getSshHost
ListCommand.doExecute,getRmiRegistryPort
ListCommand.doExecute,getRmiRegistryHost
ListCommand.doExecute,getRmiServerPort
ListCommand.doExecute,getRmiServerHost
ListCommand.doExecute,getState
ListCommand.doExecute,getRightColumnValue
ExistsCommand.doExecute,exists
UpdateCommand.doExecute,getEditedProps
UpdateCommand.doExecute,println
UpdateCommand.doExecute,get
UpdateCommand.doExecute,createFactoryConfiguration
UpdateCommand.doExecute,update
UpdateCommand.doExecute,put
UpdateCommand.doExecute,isEmpty
UpdateCommand.doExecute,remove
PropGetCommand.propertyAction,getRaw
PropGetCommand.propertyAction,println
PropGetCommand.propertyAction,displayValue
PropGetCommand.propertyAction,get
InstallCommand.execute,contains
InstallCommand.execute,getProperty
InstallCommand.execute,exists
InstallCommand.execute,println
InstallCommand.execute,openStream
InstallCommand.execute,getParentFile
InstallCommand.execute,mkdirs
InstallCommand.execute,createNewFile
InstallCommand.execute,copy
CancelCommand.doExecute,put
PropListCommand.propertyAction,save
PropListCommand.propertyAction,print
PropListCommand.propertyAction,toString
PropListCommand.propertyAction,load
PropListCommand.propertyAction,entrySet
PropListCommand.propertyAction,println
PropListCommand.propertyAction,getKey
PropListCommand.propertyAction,displayValue
PropListCommand.propertyAction,getValue
PropSetCommand.propertyAction,put
EditCommand.doExecute,get
EditCommand.doExecute,equals
EditCommand.doExecute,println
EditCommand.doExecute,startsWith
EditCommand.doExecute,getConfigAdmin
EditCommand.doExecute,listConfigurations
EditCommand.doExecute,getPid
EditCommand.doExecute,getConfig
EditCommand.doExecute,put
PropDelCommand.propertyAction,remove
ConfigCommandSupport.execute,doExecute
ConfigCommandSupport.getEditedProps,get
ConfigCommandSupport.displayValue,getClass
ConfigCommandSupport.displayValue,isArray
ConfigCommandSupport.displayValue,toString
ConfigPropertyCommandSupport.doExecute,getEditedProps
ConfigPropertyCommandSupport.doExecute,println
ConfigPropertyCommandSupport.doExecute,propertyAction
ConfigPropertyCommandSupport.doExecute,requiresUpdate
ConfigPropertyCommandSupport.doExecute,update
ConfigPropertyCommandSupport.getEditedProps,getConfig
MetaCommand.doExecute,doWithMetaType
MetaCommand.doExecute,getCause
MetaCommand.doExecute,getMessage
MetaCommand.doExecute,equals
MetaCommand.getDefaultValueStr,append
MetaCommand.getDefaultValueStr,toString
MetaCommand.apply,isPresent
MetaCommand.apply,println
MetaCommand.apply,createDefaultConfig
MetaCommand.apply,get
MetaCommand.apply,getMessage
MetaCommand.apply,isFactory
MetaCommand.apply,column
MetaCommand.apply,wrap
MetaCommand.apply,getDefinition
MetaCommand.apply,getAttributeDefinitions
MetaCommand.apply,addRow
MetaCommand.apply,addContent
MetaCommand.apply,getID
MetaCommand.apply,getName
MetaCommand.apply,getType
MetaCommand.apply,getDefaultValueStr
MetaCommand.apply,getDefaultValue
MetaCommand.apply,getDescription
MetaCommand.apply,print
MetaCommand.createDefaultConfig,getDefinition
MetaCommand.createDefaultConfig,getAttributeDefinitions
MetaCommand.createDefaultConfig,getConfigAdmin
MetaCommand.createDefaultConfig,isFactory
MetaCommand.createDefaultConfig,createFactoryConfiguration
MetaCommand.createDefaultConfig,getConfiguration
MetaCommand.createDefaultConfig,getDefaultValueStr
MetaCommand.createDefaultConfig,getDefaultValue
MetaCommand.createDefaultConfig,put
MetaCommand.createDefaultConfig,getID
MetaCommand.createDefaultConfig,update
MetaCommand.getType,get
AbstractMeta.getDefaultValueStr,append
AbstractMeta.getDefaultValueStr,toString
Create.apply,isPresent
Create.apply,println
Create.apply,createDefaultConfig
Create.apply,get
Create.apply,getMessage
Create.createDefaultConfig,getDefinition
Create.createDefaultConfig,getAttributeDefinitions
Create.createDefaultConfig,getConfigAdmin
Create.createDefaultConfig,isFactory
Create.createDefaultConfig,createFactoryConfiguration
Create.createDefaultConfig,getConfiguration
Create.createDefaultConfig,getDefaultValueStr
Create.createDefaultConfig,getDefaultValue
Create.createDefaultConfig,put
Create.createDefaultConfig,getID
Create.createDefaultConfig,update
Print.apply,isPresent
Print.apply,println
Print.apply,get
Print.apply,isFactory
Print.apply,column
Print.apply,wrap
Print.apply,getDefinition
Print.apply,getAttributeDefinitions
Print.apply,addRow
Print.apply,addContent
Print.apply,getID
Print.apply,getName
Print.apply,getType
Print.apply,getDefaultValueStr
Print.apply,getDefaultValue
Print.apply,getDescription
Print.apply,print
Print.getType,get
MetaCompleter.init,updateMeta
MetaCompleter.init,registerService
MetaCompleter.init,getCause
MetaCompleter.init,getMessage
MetaCompleter.init,equals
MetaCompleter.init,isDebugEnabled
MetaCompleter.init,warn
MetaCompleter.complete,complete
MetaCompleter.bundleChanged,updateMeta
MetaCompleter.updateMeta,getPidsWithMetaInfo
MetaCompleter.updateMeta,getStrings
MetaCompleter.updateMeta,clear
MetaCompleter.updateMeta,addAll
ConfigurationPropertyCompleter.complete,getPid
ConfigurationPropertyCompleter.complete,getPropertyNames
ConfigurationPropertyCompleter.complete,isEmpty
ConfigurationPropertyCompleter.complete,getStrings
ConfigurationPropertyCompleter.complete,addAll
ConfigurationPropertyCompleter.complete,complete
ConfigurationPropertyCompleter.getPid,get
ConfigurationPropertyCompleter.getPid,getArguments
ConfigurationPropertyCompleter.getPid,asList
ConfigurationPropertyCompleter.getPid,contains
ConfigurationPropertyCompleter.getPid,indexOf
ConfigurationPropertyCompleter.getPid,size
ConfigurationPropertyCompleter.getPropertyNames,listConfigurations
ConfigurationPropertyCompleter.getPropertyNames,getProcessedProperties
ConfigurationPropertyCompleter.getPropertyNames,keys
ConfigurationPropertyCompleter.getPropertyNames,hasMoreElements
ConfigurationPropertyCompleter.getPropertyNames,add
ConfigurationPropertyCompleter.getPropertyNames,valueOf
ConfigurationPropertyCompleter.getPropertyNames,nextElement
ConfigurationPropertyCompleter.getPropertyNames,getFactoryPid
ConfigurationPropertyCompleter.getPropertyNames,getMetaTypeProperties
ConfigurationPropertyCompleter.getPropertyNames,addAll
ConfigurationPropertyCompleter.getMetaTypeProperties,doWithMetaType
ConfigurationPropertyCompleter.getMetaTypeProperties,getCause
ConfigurationPropertyCompleter.getMetaTypeProperties,getMessage
ConfigurationPropertyCompleter.getMetaTypeProperties,equals
ConfigurationPropertyCompleter.getMetaTypeProperties,emptyList
ConfigurationPropertyCompleter.collectMetaConfigProperties,map
ConfigurationPropertyCompleter.collectMetaConfigProperties,getDefinition
ConfigurationPropertyCompleter.collectMetaConfigProperties,getAttributeDefinitions
ConfigurationPropertyCompleter.collectMetaConfigProperties,isPresent
ConfigurationPropertyCompleter.collectMetaConfigProperties,get
ConfigurationPropertyCompleter.collectMetaConfigProperties,add
ConfigurationPropertyCompleter.collectMetaConfigProperties,getID
ConfigurationPropertyCompleter.collectMetaConfigProperties,emptyList
ConfigurationCompleter.init,registerService
ConfigurationCompleter.init,listConfigurations
ConfigurationCompleter.init,add
ConfigurationCompleter.init,getPid
ConfigurationCompleter.init,getStrings
ConfigurationCompleter.init,addAll
ConfigurationCompleter.destroy,unregister
ConfigurationCompleter.complete,complete
ConfigurationCompleter.configurationEvent,getPid
ConfigurationCompleter.configurationEvent,getType
ConfigurationCompleter.configurationEvent,getStrings
ConfigurationCompleter.configurationEvent,remove
ConfigurationCompleter.configurationEvent,add
Activator.debugPrintln,println
Activator.debugPrintln,getBundle
Activator.debugPrintln,getBundleId
Activator.start,debugPrintln
Activator.start,addBundleListener
Activator.start,getBundles
Activator.start,getState
Activator.start,register
Activator.start,start
Activator.start,getCommandProcessor
Activator.start,addConverter
Activator.start,addConstant
Activator.start,getBundle
Activator.start,getBundleContext
Activator.start,getService
Activator.start,add
Activator.start,remove
Activator.start,ungetService
Activator.start,open
Activator.start,setFilters
Activator.start,addListener
Activator.start,registerService
Activator.start,parseBoolean
Activator.start,getProperty
Activator.start,info
Activator.start,unregister
Activator.start,setBundleContext
Activator.start,put
Activator.start,getInterfaceNames
Activator.start,isWindows
Activator.start,getClass
Activator.start,getClassLoader
Activator.start,loadClass
Activator.start,getConstructor
Activator.start,newInstance
Activator.start,getDataFile
Activator.start,toPath
Activator.start,getName
Activator.start,println
Activator.start,keys
Activator.start,hasMoreElements
Activator.start,nextElement
Activator.start,get
Activator.start,getServiceReference
Activator.start,getConfiguration
Activator.start,getProcessedProperties
Activator.start,printStackTrace
Activator.start,getType
Activator.start,getPid
Activator.start,setBookingService
Activator.start,setClientService
Activator.start,init
Activator.start,destroy
Activator.start,createFilter
Activator.start,split
Activator.start,loadConfigurations
Activator.start,trim
Activator.start,addAll
Activator.stop,debugPrintln
Activator.stop,removeBundleListener
Activator.stop,isEmpty
Activator.stop,unregister
Activator.stop,keySet
Activator.stop,iterator
Activator.stop,next
Activator.stop,close
Activator.stop,stop
Activator.stop,isWindows
Activator.bundleChanged,getType
Activator.bundleChanged,register
Activator.bundleChanged,getBundle
Activator.bundleChanged,unregister
Activator.bundleChanged,getBundleId
Activator.bundleChanged,resolveAll
Activator.bundleChanged,update
Activator.bundleChanged,delete
Activator.register,debugPrintln
Activator.register,getBundleId
Activator.register,get
Activator.register,findEntries
Activator.register,hasMoreElements
Activator.register,nextElement
Activator.register,toString
Activator.register,endsWith
Activator.register,substring
Activator.register,lastIndexOf
Activator.register,put
Activator.register,entrySet
Activator.register,getKey
Activator.register,getValue
Activator.register,register
Activator.unregister,remove
Activator.unregister,entrySet
Activator.unregister,debugPrintln
Activator.unregister,getKey
Activator.unregister,getValue
Activator.unregister,unregister
Activator.call,debugPrintln
Activator.call,openStream
Activator.call,readLine
Activator.call,trim
Activator.call,charAt
Activator.call,loadClass
Activator.toString,toString
Activator.hashCode,hashCode
Activator.equals,toExternalForm
Activator.equals,equals
BundleFactoryLoader.call,debugPrintln
BundleFactoryLoader.call,openStream
BundleFactoryLoader.call,readLine
BundleFactoryLoader.call,trim
BundleFactoryLoader.call,charAt
BundleFactoryLoader.call,loadClass
BundleFactoryLoader.toString,toString
BundleFactoryLoader.hashCode,hashCode
BundleFactoryLoader.equals,toExternalForm
BundleFactoryLoader.equals,equals
SAXParserFactory.newDefaultInstance,newInstance
SAXParserFactory.newInstance,find
SAXParserFactory.newInstance,newInstance
SAXParserFactory.getSchema,getClass
SAXParserFactory.getSchema,getPackage
SAXParserFactory.getSchema,getSpecificationTitle
SAXParserFactory.getSchema,getSpecificationVersion
SAXParserFactory.setSchema,getClass
SAXParserFactory.setSchema,getPackage
SAXParserFactory.setSchema,getSpecificationTitle
SAXParserFactory.setSchema,getSpecificationVersion
SAXParserFactory.isXIncludeAware,getClass
SAXParserFactory.isXIncludeAware,getPackage
SAXParserFactory.isXIncludeAware,getSpecificationTitle
SAXParserFactory.isXIncludeAware,getSpecificationVersion
SAXParserFactory.setXIncludeAware,getClass
DocumentBuilderFactory.newDefaultInstance,newInstance
DocumentBuilderFactory.newInstance,find
DocumentBuilderFactory.newInstance,newInstance
DocumentBuilderFactory.getSchema,getClass
DocumentBuilderFactory.getSchema,getPackage
DocumentBuilderFactory.getSchema,getSpecificationTitle
DocumentBuilderFactory.getSchema,getSpecificationVersion
DocumentBuilderFactory.setSchema,getClass
DocumentBuilderFactory.setSchema,getPackage
DocumentBuilderFactory.setSchema,getSpecificationTitle
DocumentBuilderFactory.setSchema,getSpecificationVersion
DocumentBuilderFactory.isXIncludeAware,getClass
DocumentBuilderFactory.isXIncludeAware,getPackage
DocumentBuilderFactory.isXIncludeAware,getSpecificationTitle
DocumentBuilderFactory.isXIncludeAware,getSpecificationVersion
DocumentBuilderFactory.setXIncludeAware,getClass
$FactoryFinder.dPrint,println
$FactoryFinder.dPrint,get
$FactoryFinder.getProviderClass,forName
$FactoryFinder.getProviderClass,getClassLoader
$FactoryFinder.getProviderClass,getContextClassLoader
$FactoryFinder.newInstance,newInstance
$FactoryFinder.newInstance,getSecurityManager
$FactoryFinder.newInstance,startsWith
$FactoryFinder.newInstance,getProviderClass
$FactoryFinder.newInstance,isAssignableFrom
$FactoryFinder.newInstance,getName
$FactoryFinder.newInstance,getConstructor
$FactoryFinder.newInstance,dPrint
$FactoryFinder.newInstance,cast
$FactoryFinder.newInstance,fine
$FactoryFinder.newInstance,safeLoadClass
$FactoryFinder.find,find
$FactoryFinder.find,getName
$FactoryFinder.find,locate
$FactoryFinder.find,getConstructor
$FactoryFinder.find,newInstance
$FactoryFinder.find,equals
$FactoryFinder.find,getSystemProperty
$FactoryFinder.find,getProperty
$FactoryFinder.find,dPrint
$FactoryFinder.find,doesFileExist
$FactoryFinder.find,load
$FactoryFinder.find,getFileInputStream
$FactoryFinder.find,printStackTrace
$FactoryFinder.find,findServiceProvider
$FactoryFinder.find,fine
$FactoryFinder.find,log
$FactoryFinder.find,contextClassLoader
$FactoryFinder.find,fromSystemProperty
$FactoryFinder.find,fromJDKProperties
$FactoryFinder.find,firstByServiceLoader
$FactoryFinder.find,fromMetaInfServices
$FactoryFinder.findServiceProvider,doPrivileged
$FactoryFinder.findServiceProvider,load
$FactoryFinder.findServiceProvider,iterator
$FactoryFinder.findServiceProvider,hasNext
$FactoryFinder.findServiceProvider,next
$FactoryFinder.findServiceProvider,getMessage
$FactoryFinder.findServiceProvider,currentThread
$FactoryFinder.findServiceProvider,getContextClassLoader
$FactoryFinder.getContextClassLoader,doPrivileged
$FactoryFinder.getContextClassLoader,currentThread
$FactoryFinder.getContextClassLoader,getContextClassLoader
$FactoryFinder.getContextClassLoader,getSystemClassLoader
$FactoryFinder.getSystemProperty,doPrivileged
$FactoryFinder.getSystemProperty,getProperty
$FactoryFinder.getSystemProperty,log
$FactoryFinder.getSystemProperty,logFound
$FactoryFinder.getFileInputStream,doPrivileged
$FactoryFinder.getFileInputStream,getException
$FactoryFinder.doesFileExist,doPrivileged
XPathFactory.newDefaultInstance,createInstance
XPathFactory.newDefaultInstance,getMessage
XPathFactory.newInstance,newInstance
XPathFactory.newInstance,getMessage
XPathFactory.newInstance,length
XPathFactory.newInstance,getContextClassLoader
XPathFactory.newInstance,getClassLoader
XPathFactory.newInstance,newFactory
XPathFactory.newInstance,createInstance
XPathFactory.newInstance,isObjectModelSupported
$XPathFactoryFinder.debugPrintln,println
$XPathFactoryFinder.debugPrintln,get
$XPathFactoryFinder.debugDisplayClassLoader,getContextClassLoader
$XPathFactoryFinder.debugDisplayClassLoader,debugPrintln
$XPathFactoryFinder.debugDisplayClassLoader,getSystemClassLoader
$XPathFactoryFinder.newFactory,_newFactory
$XPathFactoryFinder.newFactory,debugPrintln
$XPathFactoryFinder.newFactory,getClass
$XPathFactoryFinder.newFactory,getName
$XPathFactoryFinder._newFactory,getName
$XPathFactoryFinder._newFactory,debugPrintln
$XPathFactoryFinder._newFactory,getSystemProperty
$XPathFactoryFinder._newFactory,createInstance
$XPathFactoryFinder._newFactory,printStackTrace
$XPathFactoryFinder._newFactory,doesFileExist
$XPathFactoryFinder._newFactory,load
$XPathFactoryFinder._newFactory,getFileInputStream
$XPathFactoryFinder._newFactory,getProperty
$XPathFactoryFinder._newFactory,findServiceProvider
$XPathFactoryFinder._newFactory,equals
$XPathFactoryFinder.createClass,getSecurityManager
$XPathFactoryFinder.createClass,startsWith
$XPathFactoryFinder.createClass,forName
$XPathFactoryFinder.createClass,printStackTrace
$XPathFactoryFinder.createInstance,createInstance
$XPathFactoryFinder.createInstance,debugPrintln
$XPathFactoryFinder.createInstance,createClass
$XPathFactoryFinder.createInstance,which
$XPathFactoryFinder.createInstance,newInstanceNoServiceLoader
$XPathFactoryFinder.createInstance,newInstance
$XPathFactoryFinder.createInstance,getName
$XPathFactoryFinder.createInstance,printStackTrace
$XPathFactoryFinder.newInstanceNoServiceLoader,getSecurityManager
$XPathFactoryFinder.newInstanceNoServiceLoader,getDeclaredMethod
$XPathFactoryFinder.newInstanceNoServiceLoader,getModifiers
$XPathFactoryFinder.newInstanceNoServiceLoader,isStatic
$XPathFactoryFinder.newInstanceNoServiceLoader,isPublic
$XPathFactoryFinder.newInstanceNoServiceLoader,getReturnType
$XPathFactoryFinder.newInstanceNoServiceLoader,isAssignableFrom
$XPathFactoryFinder.newInstanceNoServiceLoader,cast
$XPathFactoryFinder.newInstanceNoServiceLoader,invoke
$XPathFactoryFinder.isObjectModelSupportedBy,doPrivileged
$XPathFactoryFinder.isObjectModelSupportedBy,isObjectModelSupported
$XPathFactoryFinder.findServiceProvider,getContext
$XPathFactoryFinder.findServiceProvider,doPrivileged
$XPathFactoryFinder.findServiceProvider,load
$XPathFactoryFinder.findServiceProvider,isObjectModelSupportedBy
$XPathFactoryFinder.which,getClassSource
$XPathFactoryFinder.getContextClassLoader,doPrivileged
$XPathFactoryFinder.getContextClassLoader,currentThread
$XPathFactoryFinder.getContextClassLoader,getContextClassLoader
$XPathFactoryFinder.getContextClassLoader,getSystemClassLoader
$XPathFactoryFinder.getSystemProperty,doPrivileged
$XPathFactoryFinder.getSystemProperty,getProperty
$XPathFactoryFinder.getFileInputStream,doPrivileged
$XPathFactoryFinder.getFileInputStream,getException
$XPathFactoryFinder.getClassSource,doPrivileged
$XPathFactoryFinder.getClassSource,getProtectionDomain
$XPathFactoryFinder.getClassSource,getCodeSource
$XPathFactoryFinder.getClassSource,getLocation
$XPathFactoryFinder.getClassSource,toString
$XPathFactoryFinder.doesFileExist,doPrivileged
XMLEventFactory.newDefaultFactory,newInstance
XMLEventFactory.newInstance,find
XMLEventFactory.newFactory,find
XMLOutputFactory.newDefaultFactory,newInstance
XMLOutputFactory.newInstance,find
XMLOutputFactory.newFactory,find
XMLInputFactory.setProperties,setProperty
XMLInputFactory.setProperties,setXMLResolver
XMLInputFactory.newDefaultFactory,newInstance
XMLInputFactory.newDefaultFactory,setProperties
XMLInputFactory.newInstance,find
XMLInputFactory.newInstance,setProperties
XMLInputFactory.newInstance,newFactory
XMLInputFactory.newFactory,newInstance
XMLInputFactory.newFactory,find
XMLInputFactory.newFactory,setProperties
DatatypeFactory.newDefaultInstance,newInstance
DatatypeFactory.newInstance,find
DatatypeFactory.newInstance,newInstance
DatatypeFactory.newDuration,valueOf
DatatypeFactory.newDuration,newDuration
DatatypeFactory.newDurationDayTime,matcher
DatatypeFactory.newDurationDayTime,matches
DatatypeFactory.newDurationDayTime,newDuration
DatatypeFactory.newDurationDayTime,newDurationDayTime
DatatypeFactory.newDurationDayTime,valueOf
DatatypeFactory.newDurationYearMonth,matcher
DatatypeFactory.newDurationYearMonth,matches
DatatypeFactory.newDurationYearMonth,newDuration
DatatypeFactory.newDurationYearMonth,getSign
DatatypeFactory.newDurationYearMonth,getField
DatatypeFactory.newDurationYearMonth,newDurationYearMonth
DatatypeFactory.newDurationYearMonth,valueOf
DatatypeFactory.newXMLGregorianCalendar,valueOf
DatatypeFactory.newXMLGregorianCalendar,movePointLeft
DatatypeFactory.newXMLGregorianCalendar,newXMLGregorianCalendar
DatatypeFactory.newXMLGregorianCalendarDate,newXMLGregorianCalendar
DatatypeFactory.newXMLGregorianCalendarTime,newXMLGregorianCalendar
DatatypeFactory.newXMLGregorianCalendarTime,valueOf
DatatypeFactory.newXMLGregorianCalendarTime,movePointLeft
DatatypeFactory.newXMLGregorianCalendarTime,newXMLGregorianCalendarTime
TransformerFactory.newDefaultInstance,newInstance
TransformerFactory.newInstance,find
TransformerFactory.newInstance,newInstance
SchemaFactory.newDefaultInstance,createInstance
SchemaFactory.newInstance,getContextClassLoader
SchemaFactory.newInstance,getClassLoader
SchemaFactory.newInstance,newFactory
SchemaFactory.newInstance,createInstance
SchemaFactory.newInstance,isSchemaLanguageSupported
SchemaFactory.newInstance,getClass
SchemaFactory.newInstance,getName
SchemaFactory.newSchema,newSchema
SchemaFactory.newSchema,toExternalForm
$SchemaFactoryFinder.debugPrintln,println
$SchemaFactoryFinder.debugPrintln,get
$SchemaFactoryFinder.debugDisplayClassLoader,getContextClassLoader
$SchemaFactoryFinder.debugDisplayClassLoader,debugPrintln
$SchemaFactoryFinder.debugDisplayClassLoader,getSystemClassLoader
$SchemaFactoryFinder.newFactory,_newFactory
$SchemaFactoryFinder.newFactory,debugPrintln
$SchemaFactoryFinder.newFactory,getClass
$SchemaFactoryFinder.newFactory,getName
$SchemaFactoryFinder._newFactory,getName
$SchemaFactoryFinder._newFactory,debugPrintln
$SchemaFactoryFinder._newFactory,getSystemProperty
$SchemaFactoryFinder._newFactory,createInstance
$SchemaFactoryFinder._newFactory,printStackTrace
$SchemaFactoryFinder._newFactory,doesFileExist
$SchemaFactoryFinder._newFactory,load
$SchemaFactoryFinder._newFactory,getFileInputStream
$SchemaFactoryFinder._newFactory,getProperty
$SchemaFactoryFinder._newFactory,findServiceProvider
$SchemaFactoryFinder._newFactory,equals
$SchemaFactoryFinder.createClass,getSecurityManager
$SchemaFactoryFinder.createClass,startsWith
$SchemaFactoryFinder.createClass,forName
$SchemaFactoryFinder.createClass,printStackTrace
$SchemaFactoryFinder.createInstance,createInstance
$SchemaFactoryFinder.createInstance,debugPrintln
$SchemaFactoryFinder.createInstance,createClass
$SchemaFactoryFinder.createInstance,which
$SchemaFactoryFinder.createInstance,isAssignableFrom
$SchemaFactoryFinder.createInstance,getName
$SchemaFactoryFinder.createInstance,newInstanceNoServiceLoader
$SchemaFactoryFinder.createInstance,newInstance
$SchemaFactoryFinder.createInstance,printStackTrace
$SchemaFactoryFinder.newInstanceNoServiceLoader,getSecurityManager
$SchemaFactoryFinder.newInstanceNoServiceLoader,getDeclaredMethod
$SchemaFactoryFinder.newInstanceNoServiceLoader,getModifiers
$SchemaFactoryFinder.newInstanceNoServiceLoader,isStatic
$SchemaFactoryFinder.newInstanceNoServiceLoader,isPublic
$SchemaFactoryFinder.newInstanceNoServiceLoader,getReturnType
$SchemaFactoryFinder.newInstanceNoServiceLoader,isAssignableFrom
$SchemaFactoryFinder.newInstanceNoServiceLoader,cast
$SchemaFactoryFinder.newInstanceNoServiceLoader,invoke
$SchemaFactoryFinder.newInstanceNoServiceLoader,getMessage
$SchemaFactoryFinder.isSchemaLanguageSupportedBy,doPrivileged
$SchemaFactoryFinder.isSchemaLanguageSupportedBy,isSchemaLanguageSupported
$SchemaFactoryFinder.findServiceProvider,getContext
$SchemaFactoryFinder.findServiceProvider,doPrivileged
$SchemaFactoryFinder.findServiceProvider,load
$SchemaFactoryFinder.findServiceProvider,isSchemaLanguageSupportedBy
$SchemaFactoryFinder.which,getClassSource
$SchemaFactoryFinder.getContextClassLoader,doPrivileged
$SchemaFactoryFinder.getContextClassLoader,currentThread
$SchemaFactoryFinder.getContextClassLoader,getContextClassLoader
$SchemaFactoryFinder.getContextClassLoader,getSystemClassLoader
$SchemaFactoryFinder.getSystemProperty,doPrivileged
$SchemaFactoryFinder.getSystemProperty,getProperty
$SchemaFactoryFinder.getFileInputStream,doPrivileged
$SchemaFactoryFinder.getFileInputStream,getException
$SchemaFactoryFinder.getClassSource,doPrivileged
$SchemaFactoryFinder.getClassSource,getProtectionDomain
$SchemaFactoryFinder.getClassSource,getCodeSource
$SchemaFactoryFinder.getClassSource,getLocation
$SchemaFactoryFinder.getClassSource,toString
$SchemaFactoryFinder.doesFileExist,doPrivileged
OsgiLocator.unregister,writeLock
OsgiLocator.unregister,lock
OsgiLocator.unregister,get
OsgiLocator.unregister,remove
OsgiLocator.unregister,unlock
OsgiLocator.register,writeLock
OsgiLocator.register,lock
OsgiLocator.register,computeIfAbsent
OsgiLocator.register,add
OsgiLocator.register,notifyAll
OsgiLocator.register,unlock
OsgiLocator.locate,locate
OsgiLocator.locate,getName
OsgiLocator.locate,getTimeout
OsgiLocator.locate,doLocate
OsgiLocator.locate,currentTimeMillis
OsgiLocator.locate,wait
OsgiLocator.getTimeout,getProperty
OsgiLocator.getTimeout,parseLong
OsgiLocator.doLocate,readLock
OsgiLocator.doLocate,lock
OsgiLocator.doLocate,get
OsgiLocator.doLocate,isEmpty
OsgiLocator.doLocate,getProperty
OsgiLocator.doLocate,call
OsgiLocator.doLocate,getClassLoader
OsgiLocator.doLocate,loadClass
OsgiLocator.doLocate,getName
OsgiLocator.doLocate,equals
OsgiLocator.doLocate,unlock
OsgiLocator.locateAll,locateAll
OsgiLocator.locateAll,getName
OsgiLocator.locateAll,readLock
OsgiLocator.locateAll,lock
OsgiLocator.locateAll,get
OsgiLocator.locateAll,call
OsgiLocator.locateAll,isAssignableFrom
OsgiLocator.locateAll,add
OsgiLocator.locateAll,unlock
MessageFactory.newInstance,find
MessageFactory.newInstance,newInstance
MessageFactory.newInstance,getMessage
MessageFactory.newInstance,getInstance
MessageFactory.newInstance,newMessageFactory
SAAJMetaFactory.getInstance,find
SAAJMetaFactory.getInstance,getMessage
SOAPConnectionFactory.newInstance,find
SOAPConnectionFactory.newInstance,getMessage
SOAPFactory.newInstance,find
SOAPFactory.newInstance,newInstance
SOAPFactory.newInstance,getMessage
SOAPFactory.newInstance,getInstance
SOAPFactory.newInstance,newSOAPFactory
$FactoryFinder.fromMetaInfServices,log
$FactoryFinder.fromMetaInfServices,getSystemResourceAsStream
$FactoryFinder.fromMetaInfServices,getResourceAsStream
$FactoryFinder.fromMetaInfServices,readLine
$FactoryFinder.fromMetaInfServices,logFound
$FactoryFinder.fromMetaInfServices,equals
$FactoryFinder.fromJDKProperties,getSystemProperty
$FactoryFinder.fromJDKProperties,get
$FactoryFinder.fromJDKProperties,log
$FactoryFinder.fromJDKProperties,exists
$FactoryFinder.fromJDKProperties,newInputStream
$FactoryFinder.fromJDKProperties,load
$FactoryFinder.fromJDKProperties,getProperty
$FactoryFinder.fromJDKProperties,logFound
$FactoryFinder.fromJDKProperties,newInstance
$FactoryFinder.fromSystemProperty,getSystemProperty
$FactoryFinder.fromSystemProperty,log
$FactoryFinder.fromSystemProperty,getProperty
$FactoryFinder.fromSystemProperty,newInstance
$FactoryFinder.logFound,log
$FactoryFinder.firstByServiceLoader,log
$FactoryFinder.firstByServiceLoader,getName
$FactoryFinder.firstByServiceLoader,load
$FactoryFinder.firstByServiceLoader,fine
$FactoryFinder.firstByServiceLoader,getClass
$FactoryFinder.checkPackageAccess,getSecurityManager
$FactoryFinder.checkPackageAccess,lastIndexOf
$FactoryFinder.checkPackageAccess,checkPackageAccess
$FactoryFinder.checkPackageAccess,substring
$FactoryFinder.nullSafeLoadClass,forName
$FactoryFinder.nullSafeLoadClass,loadClass
$FactoryFinder.safeLoadClass,checkPackageAccess
$FactoryFinder.safeLoadClass,equals
$FactoryFinder.safeLoadClass,forName
$FactoryFinder.safeLoadClass,nullSafeLoadClass
$FactoryFinder.contextClassLoader,currentThread
$FactoryFinder.contextClassLoader,getContextClassLoader
$FactoryFinder.contextClassLoader,toString
Provider.provider,find
CommandExtension.updateState,updateState
CommandExtension.updateState,isSatisfied
CommandExtension.updateState,info
CommandExtension.updateState,getSymbolicName
CommandExtension.updateState,getVersion
CommandExtension.updateState,unregister
CommandExtension.updateState,register
CommandExtension.updateState,getBundleContext
CommandExtension.updateState,getSingleServices
CommandExtension.updateState,entrySet
CommandExtension.updateState,getValue
CommandExtension.updateState,getMultiServices
CommandExtension.updateState,getKey
CommandExtension.start,getHeaders
CommandExtension.start,get
CommandExtension.start,parseHeader
CommandExtension.start,adapt
CommandExtension.start,getName
CommandExtension.start,replace
CommandExtension.start,endsWith
CommandExtension.start,substring
CommandExtension.start,length
CommandExtension.start,startsWith
CommandExtension.start,listResources
CommandExtension.start,inspectClass
CommandExtension.start,loadClass
CommandExtension.start,info
CommandExtension.start,open
CommandExtension.start,isSatisfied
CommandExtension.start,getSymbolicName
CommandExtension.start,getVersion
CommandExtension.start,getMissingServices
CommandExtension.start,updateState
CommandExtension.start,countDown
CommandExtension.destroy,getCount
CommandExtension.destroy,await
CommandExtension.destroy,warn
CommandExtension.destroy,getSymbolicName
CommandExtension.destroy,close
CommandExtension.inspectClass,getAnnotation
CommandExtension.inspectClass,getSuperclass
CommandExtension.inspectClass,getDeclaredFields
CommandExtension.inspectClass,getGenericType
CommandExtension.inspectClass,getRawClass
CommandExtension.inspectClass,getActualTypeArgument
CommandExtension.inspectClass,hasService
CommandExtension.inspectClass,track
CommandExtension.inspectClass,optional
CommandExtension.inspectClass,filter
CommandExtension.inspectClass,add
CommandExtension.track,getRawClass
CommandExtension.track,getActualTypeArgument
CommandExtension.track,trackList
CommandExtension.track,trackSingle
AggregateServiceTracker.trackList,get
AggregateServiceTracker.trackList,updateStateMulti
AggregateServiceTracker.trackList,put
AggregateServiceTracker.updateState,updateStateMulti
AggregateServiceTracker.updateState,updateStateSingle
AggregateServiceTracker.trackSingle,merge
AggregateServiceTracker.trackSingle,get
AggregateServiceTracker.trackSingle,updateStateSingle
AggregateServiceTracker.trackSingle,putIfAbsent
AggregateServiceTracker.open,values
AggregateServiceTracker.open,open
AggregateServiceTracker.close,updateState
AggregateServiceTracker.close,values
AggregateServiceTracker.close,close
AggregateServiceTracker.updateStateMulti,putAll
AggregateServiceTracker.updateStateMulti,put
AggregateServiceTracker.updateStateMulti,updateState
AggregateServiceTracker.updateStateSingle,putAll
AggregateServiceTracker.updateStateSingle,put
AggregateServiceTracker.updateStateSingle,remove
AggregateServiceTracker.updateStateSingle,updateState
AggregateServiceTracker.isSatisfied,keySet
AggregateServiceTracker.isSatisfied,stream
AggregateServiceTracker.isSatisfied,noneMatch
AggregateServiceTracker.isSatisfied,get
AggregateServiceTracker.isSatisfied,containsKey
AggregateServiceTracker.getMissingServices,values
AggregateServiceTracker.getMissingServices,containsKey
AggregateServiceTracker.getMissingServices,getTrackedClass
AggregateServiceTracker.getMissingServices,add
AggregateServiceTracker.getMissingServices,getName
State.isSatisfied,keySet
State.isSatisfied,stream
State.isSatisfied,noneMatch
State.isSatisfied,get
State.isSatisfied,containsKey
State.getMissingServices,values
State.getMissingServices,containsKey
State.getMissingServices,getTrackedClass
State.getMissingServices,add
State.getMissingServices,getName
MultiServiceTracker.open,compareAndSet
MultiServiceTracker.open,getName
MultiServiceTracker.open,isEmpty
MultiServiceTracker.open,addServiceListener
MultiServiceTracker.open,getServiceReferences
MultiServiceTracker.open,addRef
MultiServiceTracker.open,updateState
MultiServiceTracker.close,compareAndSet
MultiServiceTracker.close,removeServiceListener
MultiServiceTracker.close,keySet
MultiServiceTracker.close,clear
MultiServiceTracker.close,ungetService
MultiServiceTracker.updateState,values
MultiServiceTracker.updateState,updateState
MultiServiceTracker.addRef,getService
MultiServiceTracker.addRef,containsKey
MultiServiceTracker.addRef,put
MultiServiceTracker.addRef,ungetService
MultiServiceTracker.removeRef,remove
MultiServiceTracker.removeRef,ungetService
RegistryImpl.getCommands,getServices
RegistryImpl.getCommand,getCommand
RegistryImpl.getCommand,get
RegistryImpl.getCommand,isEmpty
RegistryImpl.register,put
RegistryImpl.register,getScope
RegistryImpl.register,getName
RegistryImpl.register,computeIfAbsent
RegistryImpl.register,add
RegistryImpl.unregister,remove
RegistryImpl.unregister,getScope
RegistryImpl.unregister,getName
RegistryImpl.unregister,get
RegistryImpl.unregister,isEmpty
RegistryImpl.getService,values
RegistryImpl.getService,isAssignableFrom
RegistryImpl.getService,isVisible
RegistryImpl.getService,cast
RegistryImpl.getService,isInstance
RegistryImpl.getService,getService
RegistryImpl.getServices,values
RegistryImpl.getServices,isAssignableFrom
RegistryImpl.getServices,isVisible
RegistryImpl.getServices,add
RegistryImpl.getServices,cast
RegistryImpl.getServices,isInstance
RegistryImpl.getServices,addAll
RegistryImpl.getServices,getServices
RegistryImpl.hasService,values
RegistryImpl.hasService,isAssignableFrom
RegistryImpl.hasService,isVisible
RegistryImpl.hasService,isInstance
RegistryImpl.hasService,hasService
CommandExtender.doCreateExtension,getHeaders
CommandExtender.doCreateExtension,get
CommandExtender.debug,append
CommandExtender.debug,getSymbolicName
CommandExtender.debug,getBundleId
CommandExtender.debug,debug
CommandExtender.debug,toString
CommandExtender.warn,append
CommandExtender.warn,getSymbolicName
CommandExtender.warn,getBundleId
CommandExtender.warn,warn
CommandExtender.warn,toString
CommandExtender.error,error
ActionCommand.getScope,getAnnotation
ActionCommand.getScope,scope
ActionCommand.getName,getAnnotation
ActionCommand.getName,name
ActionCommand.getDescription,getAnnotation
ActionCommand.getDescription,description
ActionCommand.getParser,getAnnotation
ActionCommand.getParser,value
ActionCommand.execute,createNewAction
ActionCommand.execute,prepare
ActionCommand.execute,execute
ActionCommand.execute,releaseAction
ActionCommand.createNewAction,instantiate
ActionCommand.createNewAction,getRegistry
ActionCommand.createNewAction,getName
ActionCommand.releaseAction,release
ActionCommand.complete,getRegistry
ActionCommand.complete,getService
ActionCommand.completeCandidates,getRegistry
ActionCommand.completeCandidates,getService
ActionCommand.parse,getRegistry
ActionCommand.parse,getService
ActionCommand.preprocess,getRegistry
ActionCommand.preprocess,getService
DelayedCompleter.complete,getRegistry
DelayedCompleter.complete,getService
DelayedCompleter.completeCandidates,getRegistry
DelayedCompleter.completeCandidates,getService
DelayedParser.parse,getRegistry
DelayedParser.parse,getService
DelayedParser.preprocess,getRegistry
DelayedParser.preprocess,getService
ActionMaskingCallback.build,getActionClass
ActionMaskingCallback.build,getSuperclass
ActionMaskingCallback.build,getDeclaredFields
ActionMaskingCallback.build,getAnnotation
ActionMaskingCallback.build,getType
ActionMaskingCallback.build,add
ActionMaskingCallback.build,name
ActionMaskingCallback.build,addAll
ActionMaskingCallback.build,asList
ActionMaskingCallback.build,aliases
ActionMaskingCallback.build,put
ActionMaskingCallback.build,forEach
ActionMaskingCallback.build,censor
ActionMaskingCallback.build,sort
ActionMaskingCallback.build,comparing
ActionMaskingCallback.filter,indexOf
ActionMaskingCallback.filter,line
ActionMaskingCallback.filter,words
ActionMaskingCallback.filter,size
ActionMaskingCallback.filter,get
ActionMaskingCallback.filter,length
ActionMaskingCallback.filter,startsWith
ActionMaskingCallback.filter,substring
ActionMaskingCallback.filter,contains
ActionMaskingCallback.filter,censor
ActionMaskingCallback.filter,append
ActionMaskingCallback.filter,mask
ActionMaskingCallback.filter,multiValued
ActionMaskingCallback.filter,toString
DefaultActionPreparator.prepare,getClass
DefaultActionPreparator.prepare,getAnnotation
DefaultActionPreparator.prepare,getSuperclass
DefaultActionPreparator.prepare,getDeclaredFields
DefaultActionPreparator.prepare,put
DefaultActionPreparator.prepare,replaceDefaultArgument
DefaultActionPreparator.prepare,index
DefaultActionPreparator.prepare,size
DefaultActionPreparator.prepare,add
DefaultActionPreparator.prepare,get
DefaultActionPreparator.prepare,getName
DefaultActionPreparator.prepare,set
DefaultActionPreparator.prepare,assertIndexesAreCorrect
DefaultActionPreparator.prepare,scope
DefaultActionPreparator.prepare,name
DefaultActionPreparator.prepare,equals
DefaultActionPreparator.prepare,toString
DefaultActionPreparator.prepare,getTerminal
DefaultActionPreparator.prepare,getWidth
DefaultActionPreparator.prepare,isGlobalScope
DefaultActionPreparator.prepare,printUsage
DefaultActionPreparator.prepare,iterator
DefaultActionPreparator.prepare,hasNext
DefaultActionPreparator.prepare,next
DefaultActionPreparator.prepare,startsWith
DefaultActionPreparator.prepare,indexOf
DefaultActionPreparator.prepare,substring
DefaultActionPreparator.prepare,keySet
DefaultActionPreparator.prepare,asList
DefaultActionPreparator.prepare,contains
DefaultActionPreparator.prepare,aliases
DefaultActionPreparator.prepare,getType
DefaultActionPreparator.prepare,multiValued
DefaultActionPreparator.prepare,required
DefaultActionPreparator.prepare,entrySet
DefaultActionPreparator.prepare,getKey
DefaultActionPreparator.prepare,convert
DefaultActionPreparator.prepare,getValue
DefaultActionPreparator.prepare,getGenericType
DefaultActionPreparator.prepare,setAccessible
DefaultActionPreparator.prepare,create
DefaultActionPreparator.prepare,getOptions
DefaultActionPreparator.prepare,getArguments
DefaultActionPreparator.prepare,getOrderedArguments
DefaultActionPreparator.prepare,getCommand
DefaultActionPreparator.prepare,description
DefaultActionPreparator.prepare,valueToShowInHelp
DefaultActionPreparator.prepare,annotationType
DefaultActionPreparator.convert,toString
DefaultActionPreparator.convert,convert
DefaultActionPreparator.convert,getClass
DefaultActionPreparator.convert,getClassLoader
DefaultActionPreparator.replaceDefaultArgument,equals
DefaultActionPreparator.replaceDefaultArgument,name
DefaultActionPreparator.replaceDefaultArgument,getName
DefaultActionPreparator.replaceDefaultArgument,description
DefaultActionPreparator.replaceDefaultArgument,required
DefaultActionPreparator.replaceDefaultArgument,index
DefaultActionPreparator.replaceDefaultArgument,multiValued
DefaultActionPreparator.replaceDefaultArgument,valueToShowInHelp
DefaultActionPreparator.replaceDefaultArgument,annotationType
DefaultActionPreparator.replaceDefaultArgument,censor
DefaultActionPreparator.replaceDefaultArgument,mask
DefaultActionPreparator.description,description
DefaultActionPreparator.required,required
DefaultActionPreparator.index,index
DefaultActionPreparator.multiValued,multiValued
DefaultActionPreparator.valueToShowInHelp,valueToShowInHelp
DefaultActionPreparator.annotationType,annotationType
DefaultActionPreparator.censor,censor
DefaultActionPreparator.mask,mask
DefaultActionPreparator.assertIndexesAreCorrect,size
DefaultActionPreparator.assertIndexesAreCorrect,get
DefaultActionPreparator.assertIndexesAreCorrect,getName
DefaultActionPreparator.printUsage,getClass
DefaultActionPreparator.printUsage,getAnnotation
DefaultActionPreparator.printUsage,keySet
DefaultActionPreparator.printUsage,sort
DefaultActionPreparator.printUsage,comparing
DefaultActionPreparator.printUsage,add
DefaultActionPreparator.printUsage,description
DefaultActionPreparator.printUsage,name
DefaultActionPreparator.printUsage,println
DefaultActionPreparator.printUsage,print
DefaultActionPreparator.printUsage,scope
DefaultActionPreparator.printUsage,append
DefaultActionPreparator.printUsage,format
DefaultActionPreparator.printUsage,size
DefaultActionPreparator.printUsage,required
DefaultActionPreparator.printUsage,toString
DefaultActionPreparator.printUsage,printFormatted
DefaultActionPreparator.printUsage,valueToShowInHelp
DefaultActionPreparator.printUsage,length
DefaultActionPreparator.printUsage,equals
DefaultActionPreparator.printUsage,getDefaultValue
DefaultActionPreparator.printUsage,get
DefaultActionPreparator.printUsage,getDefaultValueString
DefaultActionPreparator.printUsage,printDefaultsTo
DefaultActionPreparator.printUsage,printMeta
DefaultActionPreparator.printUsage,multiValued
DefaultActionPreparator.printUsage,aliases
DefaultActionPreparator.printUsage,detailedDescription
DefaultActionPreparator.printUsage,loadDescription
DefaultActionPreparator.printUsage,isGlobalScope
DefaultActionPreparator.printUsage,getWidth
DefaultActionPreparator.printUsage,setAccessible
DefaultActionPreparator.printUsage,printObjectDefaultsTo
DefaultActionPreparator.getDefaultValue,setAccessible
DefaultActionPreparator.getDefaultValue,get
DefaultActionPreparator.loadDescription,startsWith
DefaultActionPreparator.loadDescription,loadClassPathResource
DefaultActionPreparator.loadDescription,substring
DefaultActionPreparator.loadDescription,length
DefaultActionPreparator.loadDescription,getResourceAsStream
DefaultActionPreparator.loadDescription,getClassLoader
DefaultActionPreparator.loadDescription,read
DefaultActionPreparator.loadDescription,append
DefaultActionPreparator.loadDescription,toString
DefaultActionPreparator.loadDescription,close
DefaultActionPreparator.getDefaultValueString,toString
DefaultActionPreparator.printDefaultsTo,println
DefaultActionPreparator.printDefaultsTo,print
DefaultActionPreparator.printMeta,println
DefaultActionPreparator.printFormatted,length
DefaultActionPreparator.printFormatted,compile
DefaultActionPreparator.printFormatted,indexOf
DefaultActionPreparator.printFormatted,substring
DefaultActionPreparator.printFormatted,println
DefaultActionPreparator.printFormatted,matcher
DefaultActionPreparator.printFormatted,find
DefaultActionPreparator.printFormatted,print
DefaultActionPreparator.printFormatted,group
DefaultActionPreparator.printFormatted,printFormatted
DefaultActionPreparator.loadClassPathResource,getResourceAsStream
DefaultActionPreparator.loadClassPathResource,getClassLoader
DefaultActionPreparator.loadClassPathResource,read
DefaultActionPreparator.loadClassPathResource,append
DefaultActionPreparator.loadClassPathResource,toString
DefaultActionPreparator.loadClassPathResource,close
ArgumentCompleter.getDefaultCompleter,getType
ArgumentCompleter.getDefaultCompleter,getGenericType
ArgumentCompleter.getDefaultCompleter,isAssignableFrom
ArgumentCompleter.getDefaultCompleter,getRawClass
ArgumentCompleter.getDefaultCompleter,getActualTypeArgument
ArgumentCompleter.getDefaultCompleter,asList
ArgumentCompleter.getDefaultCompleter,allOf
ArgumentCompleter.getDefaultCompleter,add
ArgumentCompleter.getDefaultCompleter,toString
ArgumentCompleter.complete,completeCandidates
ArgumentCompleter.complete,add
ArgumentCompleter.complete,value
ArgumentCompleter.complete,getArgumentPosition
ArgumentCompleter.complete,getCursorArgumentIndex
ArgumentCompleter.complete,getSession
ArgumentCompleter.complete,put
ArgumentCompleter.complete,getArguments
ArgumentCompleter.complete,equals
ArgumentCompleter.complete,resolveCommand
ArgumentCompleter.complete,verifyCompleter
ArgumentCompleter.complete,startsWith
ArgumentCompleter.complete,get
ArgumentCompleter.complete,getType
ArgumentCompleter.complete,getAnnotation
ArgumentCompleter.complete,name
ArgumentCompleter.complete,aliases
ArgumentCompleter.complete,size
ArgumentCompleter.complete,complete
ArgumentCompleter.complete,getCursorArgument
ArgumentCompleter.complete,getBufferPosition
ArgumentCompleter.complete,getBuffer
ArgumentCompleter.complete,length
ArgumentCompleter.complete,isDelimiter
ArgumentCompleter.complete,substring
ArgumentCompleter.complete,set
ArgumentCompleter.complete,getServiceReference
ArgumentCompleter.complete,getService
ArgumentCompleter.complete,ungetService
ArgumentCompleter.complete,delimit
ArgumentCompleter.complete,contains
ArgumentCompleter.complete,unProxy
ArgumentCompleter.completeCandidates,getCursorArgumentIndex
ArgumentCompleter.completeCandidates,getArguments
ArgumentCompleter.completeCandidates,equals
ArgumentCompleter.completeCandidates,getScope
ArgumentCompleter.completeCandidates,resolveCommand
ArgumentCompleter.completeCandidates,getName
ArgumentCompleter.completeCandidates,verifyCompleter
ArgumentCompleter.completeCandidates,startsWith
ArgumentCompleter.completeCandidates,get
ArgumentCompleter.completeCandidates,getType
ArgumentCompleter.completeCandidates,getAnnotation
ArgumentCompleter.completeCandidates,name
ArgumentCompleter.completeCandidates,aliases
ArgumentCompleter.completeCandidates,size
ArgumentCompleter.completeCandidates,completeCandidates
ArgumentCompleter.completeCandidates,addAll
ArgumentCompleter.verifyCompleter,completeCandidates
ArgumentCompleter.verifyCompleter,length
ArgumentCompleter.verifyCompleter,isEmpty
ArgumentCompleter.verifyCompleter,complete
ArgumentCompleter.isDelimiter,isEscaped
ArgumentCompleter.isDelimiter,isDelimiterChar
ArgumentCompleter.isEscaped,charAt
ArgumentCompleter.isEscaped,isEscaped
ArgumentCompleter.isDelimiterChar,isWhitespace
ArgumentCompleter.isDelimiterChar,charAt
ArgumentCompleter.addCandidate,addCandidate
ArgumentCompleter.addCandidate,endsWith
ArgumentCompleter.addCandidate,substring
ArgumentCompleter.addCandidate,length
ArgumentCompleter.addCandidate,add
CandidateCompleter.addCandidate,addCandidate
CandidateCompleter.addCandidate,endsWith
CandidateCompleter.addCandidate,substring
CandidateCompleter.addCandidate,length
CandidateCompleter.addCandidate,add
CandidateCompleter.complete,completeCandidates
CandidateCompleter.complete,add
CandidateCompleter.complete,value
CandidateCompleter.completeCandidates,addAll
ManagerImpl.instantiate,instantiate
ManagerImpl.instantiate,getAnnotation
ManagerImpl.instantiate,getName
ManagerImpl.instantiate,newInstance
ManagerImpl.instantiate,getSuperclass
ManagerImpl.instantiate,getDeclaredFields
ManagerImpl.instantiate,getGenericType
ManagerImpl.instantiate,getRawClass
ManagerImpl.instantiate,getServices
ManagerImpl.instantiate,getActualTypeArgument
ManagerImpl.instantiate,addAll
ManagerImpl.instantiate,getService
ManagerImpl.instantiate,optional
ManagerImpl.instantiate,getType
ManagerImpl.instantiate,setAccessible
ManagerImpl.instantiate,set
ManagerImpl.instantiate,getDeclaredMethods
ManagerImpl.instantiate,getParameterTypes
ManagerImpl.instantiate,getReturnType
ManagerImpl.instantiate,invoke
ManagerImpl.release,getClass
ManagerImpl.release,getAnnotation
ManagerImpl.release,getName
ManagerImpl.release,getDeclaredMethods
ManagerImpl.release,getParameterTypes
ManagerImpl.release,getReturnType
ManagerImpl.release,setAccessible
ManagerImpl.release,invoke
ManagerImpl.register,getAnnotation
ManagerImpl.register,getName
ManagerImpl.register,isAssignableFrom
ManagerImpl.register,put
ManagerImpl.register,register
ManagerImpl.register,instantiate
ManagerImpl.unregister,remove
ManagerImpl.unregister,unregister
ManagerImpl.unregister,release
HeadlessSessionImpl.execute,parse
HeadlessSessionImpl.execute,toString
HeadlessSessionImpl.execute,execute
HeadlessSessionImpl.get,get
HeadlessSessionImpl.put,put
HeadlessSessionImpl.getKeyboard,getKeyboard
HeadlessSessionImpl.getConsole,getConsole
HeadlessSessionImpl.currentDir,currentDir
HeadlessSessionImpl.resolveCommand,contains
HeadlessSessionImpl.resolveCommand,get
HeadlessSessionImpl.resolveCommand,getCommands
HeadlessSessionImpl.resolveCommand,equals
HeadlessSessionImpl.resolveCommand,getScope
HeadlessSessionImpl.resolveCommand,getName
HeadlessSessionImpl.close,close
HeadlessSessionImpl.getType,getType
HeadlessSessionImpl.getWidth,getWidth
HeadlessSessionImpl.getHeight,getHeight
HeadlessSessionImpl.isAnsiSupported,isAnsiSupported
HeadlessSessionImpl.isEchoEnabled,isEchoEnabled
ReadOnlyTerminal.getType,getType
ReadOnlyTerminal.getWidth,getWidth
ReadOnlyTerminal.getHeight,getHeight
ReadOnlyTerminal.isAnsiSupported,isAnsiSupported
ReadOnlyTerminal.isEchoEnabled,isEchoEnabled
SessionFactoryImpl.invoke,invoke
SessionFactoryImpl.redirect,redirect
SessionFactoryImpl.redirect,currentDir
SessionFactoryImpl.redirect,resolve
SessionFactoryImpl.register,getScope
SessionFactoryImpl.register,getName
SessionFactoryImpl.register,equals
SessionFactoryImpl.register,containsKey
SessionFactoryImpl.register,put
SessionFactoryImpl.register,register
SessionFactoryImpl.register,get
SessionFactoryImpl.register,increment
SessionFactoryImpl.register,addCommand
SessionFactoryImpl.register,wrap
SessionFactoryImpl.unregister,getScope
SessionFactoryImpl.unregister,getName
SessionFactoryImpl.unregister,removeCommand
SessionFactoryImpl.unregister,equals
SessionFactoryImpl.unregister,get
SessionFactoryImpl.unregister,decrement
SessionFactoryImpl.unregister,remove
SessionFactoryImpl.unregister,unregister
SessionFactoryImpl.create,create
SessionFactoryImpl.stop,stop
SessionFactoryImpl.wrap,invoke
SessionFactoryImpl.wrap,execute
SessionFactoryImpl.wrap,asStringArray
SessionFactoryImpl.asStringArray,size
SessionFactoryImpl.asStringArray,toString
SessionFactoryImpl.asStringArray,get
SessionFactoryImpl.execute,get
SessionFactoryImpl.execute,execute
ShellCommand.wrap,invoke
ShellCommand.wrap,execute
ShellCommand.wrap,asStringArray
ShellCommand.asStringArray,size
ShellCommand.asStringArray,toString
ShellCommand.asStringArray,get
ShellCommand.execute,get
ShellCommand.execute,execute
CommandNamesCompleter.complete,getRegistry
CommandNamesCompleter.complete,getCommands
CommandNamesCompleter.complete,add
CommandNamesCompleter.complete,getScope
CommandNamesCompleter.complete,getName
CommandNamesCompleter.complete,complete
CommandNamesCompleter.complete,sort
CommandNamesCompleter.complete,getSession
CommandNamesCompleter.complete,checkData
CommandWrapper.execute,get
CommandWrapper.execute,size
CommandWrapper.execute,set
CommandWrapper.execute,execute
HistoryWrapper.clear,purge
HistoryWrapper.first,iterator
HistoryWrapper.first,next
HistoryWrapper.first,index
HistoryWrapper.last,first
HistoryWrapper.last,size
HistoryWrapper.get,get
KarafTerminal.getSize,getHeight
KarafTerminal.getSize,getWidth
ConsoleSessionImpl.merge,merge
ConsoleSessionImpl.merge,value
ConsoleSessionImpl.merge,descr
ConsoleSessionImpl.merge,clear
ConsoleSessionImpl.merge,addAll
ConsoleSessionImpl.merge,values
ConsoleSessionImpl.createBuiltinCompleter,getCompletions
ConsoleSessionImpl.createBuiltinCompleter,getRegistry
ConsoleSessionImpl.createBuiltinCompleter,getCommands
ConsoleSessionImpl.createBuiltinCompleter,stream
ConsoleSessionImpl.createBuiltinCompleter,map
ConsoleSessionImpl.createBuiltinCompleter,getScope
ConsoleSessionImpl.createBuiltinCompleter,getName
ConsoleSessionImpl.createBuiltinCompleter,collect
ConsoleSessionImpl.createBuiltinCompleter,toSet
ConsoleSessionImpl.createBuiltinCompleter,indexOf
ConsoleSessionImpl.createBuiltinCompleter,get
ConsoleSessionImpl.createBuiltinCompleter,toString
ConsoleSessionImpl.createBuiltinCompleter,split
ConsoleSessionImpl.createBuiltinCompleter,equals
ConsoleSessionImpl.createBuiltinCompleter,endsWith
ConsoleSessionImpl.createBuiltinCompleter,substring
ConsoleSessionImpl.createBuiltinCompleter,put
ConsoleSessionImpl.createBuiltinCompleter,execute
ConsoleSessionImpl.getCompletions,getCompletions
ConsoleSessionImpl.getCommands,getRegistry
ConsoleSessionImpl.getCommands,getCommands
ConsoleSessionImpl.getCommands,stream
ConsoleSessionImpl.getCommands,map
ConsoleSessionImpl.getCommands,getScope
ConsoleSessionImpl.getCommands,getName
ConsoleSessionImpl.getCommands,collect
ConsoleSessionImpl.getCommands,toSet
ConsoleSessionImpl.resolveCommand,indexOf
ConsoleSessionImpl.resolveCommand,getCommands
ConsoleSessionImpl.resolveCommand,get
ConsoleSessionImpl.resolveCommand,toString
ConsoleSessionImpl.resolveCommand,split
ConsoleSessionImpl.resolveCommand,equals
ConsoleSessionImpl.resolveCommand,endsWith
ConsoleSessionImpl.resolveCommand,contains
ConsoleSessionImpl.resolveCommand,getScope
ConsoleSessionImpl.resolveCommand,getName
ConsoleSessionImpl.commandName,indexOf
ConsoleSessionImpl.commandName,substring
ConsoleSessionImpl.evaluate,put
ConsoleSessionImpl.evaluate,execute
ConsoleSessionImpl.getHistoryFile,getProperty
ConsoleSessionImpl.getHistoryFile,equals
ConsoleSessionImpl.getHistoryFile,toString
ConsoleSessionImpl.getHistoryFile,isWritable
ConsoleSessionImpl.getHistoryFile,get
ConsoleSessionImpl.currentDir,currentDir
ConsoleSessionImpl.close,compareAndSet
ConsoleSessionImpl.close,getHistory
ConsoleSessionImpl.close,save
ConsoleSessionImpl.close,currentThread
ConsoleSessionImpl.close,interrupt
ConsoleSessionImpl.close,run
ConsoleSessionImpl.close,close
ConsoleSessionImpl.run,setStreams
ConsoleSessionImpl.run,getKeyboard
ConsoleSessionImpl.run,currentThread
ConsoleSessionImpl.run,welcomeBanner
ConsoleSessionImpl.run,setJobListener
ConsoleSessionImpl.run,getWidth
ConsoleSessionImpl.run,name
ConsoleSessionImpl.run,toLowerCase
ConsoleSessionImpl.run,writer
ConsoleSessionImpl.run,write
ConsoleSessionImpl.run,getStatusLine
ConsoleSessionImpl.run,flush
ConsoleSessionImpl.run,get
ConsoleSessionImpl.run,callWidget
ConsoleSessionImpl.run,handle
ConsoleSessionImpl.run,foregroundJob
ConsoleSessionImpl.run,suspend
ConsoleSessionImpl.run,interrupt
ConsoleSessionImpl.run,getProperty
ConsoleSessionImpl.run,executeScript
ConsoleSessionImpl.run,readCommand
ConsoleSessionImpl.run,length
ConsoleSessionImpl.run,doExecute
ConsoleSessionImpl.run,close
ConsoleSessionImpl.welcomeBanner,isLocal
ConsoleSessionImpl.welcomeBanner,getProperty
ConsoleSessionImpl.welcomeBanner,welcome
ConsoleSessionImpl.welcomeBanner,setSessionProperties
ConsoleSessionImpl.welcomeBanner,setProperty
ConsoleSessionImpl.isLocal,get
ConsoleSessionImpl.readCommand,set
ConsoleSessionImpl.readCommand,readLine
ConsoleSessionImpl.readCommand,getPrompt
ConsoleSessionImpl.readCommand,getRPrompt
ConsoleSessionImpl.readCommand,getParsedLine
ConsoleSessionImpl.readCommand,line
ConsoleSessionImpl.readCommand,getBuffer
ConsoleSessionImpl.readCommand,toString
ConsoleSessionImpl.readCommand,get
ConsoleSessionImpl.readCommand,debug
ConsoleSessionImpl.readCommand,logException
ConsoleSessionImpl.doExecute,execute
ConsoleSessionImpl.doExecute,getConsole
ConsoleSessionImpl.doExecute,println
ConsoleSessionImpl.doExecute,format
ConsoleSessionImpl.doExecute,debug
ConsoleSessionImpl.doExecute,logException
ConsoleSessionImpl.getStatusLine,append
ConsoleSessionImpl.getStatusLine,id
ConsoleSessionImpl.getStatusLine,length
ConsoleSessionImpl.getStatusLine,command
ConsoleSessionImpl.getStatusLine,toString
ConsoleSessionImpl.execute,parse
ConsoleSessionImpl.execute,toString
ConsoleSessionImpl.execute,execute
ConsoleSessionImpl.get,get
ConsoleSessionImpl.put,put
ConsoleSessionImpl.getKeyboard,getKeyboard
ConsoleSessionImpl.getConsole,getConsole
ConsoleSessionImpl.readLine,builder
ConsoleSessionImpl.readLine,terminal
ConsoleSessionImpl.readLine,appName
ConsoleSessionImpl.readLine,parser
ConsoleSessionImpl.readLine,build
ConsoleSessionImpl.readLine,setOpt
ConsoleSessionImpl.readLine,setVariable
ConsoleSessionImpl.readLine,readLine
ConsoleSessionImpl.loadCompletionMode,loadPropertyFromShellCfg
ConsoleSessionImpl.loadCompletionMode,identity
ConsoleSessionImpl.loadDisableEofExit,loadPropertyFromShellCfg
ConsoleSessionImpl.executeScript,stream
ConsoleSessionImpl.executeScript,forEach
ConsoleSessionImpl.doExecuteScript,put
ConsoleSessionImpl.doExecuteScript,get
ConsoleSessionImpl.doExecuteScript,relativize
ConsoleSessionImpl.doExecuteScript,getProperty
ConsoleSessionImpl.doExecuteScript,join
ConsoleSessionImpl.doExecuteScript,readAllLines
ConsoleSessionImpl.doExecuteScript,execute
ConsoleSessionImpl.doExecuteScript,debug
ConsoleSessionImpl.doExecuteScript,println
ConsoleSessionImpl.doExecuteScript,getMessage
ConsoleSessionImpl.welcome,getProperty
ConsoleSessionImpl.welcome,length
ConsoleSessionImpl.welcome,getConsole
ConsoleSessionImpl.welcome,println
ConsoleSessionImpl.setSessionProperties,entrySet
ConsoleSessionImpl.setSessionProperties,getKey
ConsoleSessionImpl.setSessionProperties,startsWith
ConsoleSessionImpl.setSessionProperties,put
ConsoleSessionImpl.setSessionProperties,substring
ConsoleSessionImpl.setSessionProperties,length
ConsoleSessionImpl.setSessionProperties,getValue
ConsoleSessionImpl.getPrompt,doGetPrompt
ConsoleSessionImpl.getRPrompt,doGetPrompt
ConsoleSessionImpl.doGetPrompt,get
ConsoleSessionImpl.doGetPrompt,toString
ConsoleSessionImpl.doGetPrompt,toLowerCase
ConsoleSessionImpl.doGetPrompt,getProperty
ConsoleSessionImpl.doGetPrompt,put
ConsoleSessionImpl.doGetPrompt,compile
ConsoleSessionImpl.doGetPrompt,matcher
ConsoleSessionImpl.doGetPrompt,find
ConsoleSessionImpl.doGetPrompt,group
ConsoleSessionImpl.doGetPrompt,replace
ConsoleSessionImpl.doGetPrompt,reset
ConsoleSessionImpl.getPid,getRuntimeMXBean
ConsoleSessionImpl.getPid,getName
ConsoleSessionImpl.getPid,split
ConsoleSessionImpl.words,singletonList
ConsoleSessionImpl.display,compute
ConsoleSessionImpl.history,compute
ConsoleSessionImpl.compute,getRegistry
ConsoleSessionImpl.compute,getCommands
ConsoleSessionImpl.compute,equals
ConsoleSessionImpl.compute,build
ConsoleSessionImpl.compute,put
ConsoleSessionImpl.compute,getScope
ConsoleSessionImpl.compute,getName
ConsoleSessionImpl.compute,clear
ConsoleSessionImpl.compute,addAll
ConsoleSessionImpl.compute,putAll
ConsoleSessionImpl.compute,getParser
ConsoleSessionImpl.compute,parse
ConsoleSessionImpl.compute,length
ConsoleSessionImpl.compute,resolveCommand
ConsoleSessionImpl.compute,words
ConsoleSessionImpl.compute,get
ConsoleSessionImpl.compute,filter
ConsoleSessionImpl.compute,debug
SimpleParsedLine.words,singletonList
AggregateMaskingCallback.display,compute
AggregateMaskingCallback.history,compute
AggregateMaskingCallback.compute,getRegistry
AggregateMaskingCallback.compute,getCommands
AggregateMaskingCallback.compute,equals
AggregateMaskingCallback.compute,build
AggregateMaskingCallback.compute,put
AggregateMaskingCallback.compute,getScope
AggregateMaskingCallback.compute,getName
AggregateMaskingCallback.compute,clear
AggregateMaskingCallback.compute,addAll
AggregateMaskingCallback.compute,putAll
AggregateMaskingCallback.compute,getParser
AggregateMaskingCallback.compute,parse
AggregateMaskingCallback.compute,length
AggregateMaskingCallback.compute,resolveCommand
AggregateMaskingCallback.compute,words
AggregateMaskingCallback.compute,get
AggregateMaskingCallback.compute,filter
AggregateMaskingCallback.compute,debug
Branding.loadBrandingProperties,loadPropsFromResource
Branding.loadBrandingProperties,loadPropsFromFile
Branding.loadBrandingProperties,getProperty
Branding.loadPropsFromFile,loadPropsFromFile
Branding.loadPropsFromFile,loadProps
Branding.loadPropsFromFile,trace
Branding.loadPropsFromResource,loadPropsFromResource
Branding.loadPropsFromResource,getClassLoader
Branding.loadPropsFromResource,getResourceAsStream
Branding.loadPropsFromResource,loadProps
Branding.loadPropsFromResource,trace
Branding.loadProps,load
CommandsCompleter.getNames,getAliases
CommandsCompleter.complete,completeCandidates
CommandsCompleter.complete,clear
CommandsCompleter.complete,add
CommandsCompleter.complete,value
CommandsCompleter.complete,displ
CommandsCompleter.complete,group
CommandsCompleter.complete,descr
CommandsCompleter.complete,suffix
CommandsCompleter.complete,key
CommandsCompleter.complete,complete
CommandsCompleter.complete,getArguments
CommandsCompleter.complete,getCursorArgumentIndex
CommandsCompleter.complete,getNames
CommandsCompleter.complete,getArgumentPosition
CommandsCompleter.complete,getBufferPosition
CommandsCompleter.complete,verifyCompleter
CommandsCompleter.complete,getSession
CommandsCompleter.complete,getCurrentScopes
CommandsCompleter.complete,checkData
CommandsCompleter.complete,sort
CommandsCompleter.complete,getCurrentSubShell
CommandsCompleter.complete,getCompletionType
CommandsCompleter.complete,equalsIgnoreCase
CommandsCompleter.complete,isEmpty
CommandsCompleter.complete,keySet
CommandsCompleter.complete,startsWith
CommandsCompleter.complete,get
CommandsCompleter.complete,equals
CommandsCompleter.complete,getAliases
CommandsCompleter.complete,addAll
CommandsCompleter.complete,values
CommandsCompleter.completeCandidates,checkData
CommandsCompleter.completeCandidates,getCurrentScopes
CommandsCompleter.completeCandidates,sort
CommandsCompleter.completeCandidates,getCurrentSubShell
CommandsCompleter.completeCandidates,getCompletionType
CommandsCompleter.completeCandidates,equalsIgnoreCase
CommandsCompleter.completeCandidates,isEmpty
CommandsCompleter.completeCandidates,keySet
CommandsCompleter.completeCandidates,startsWith
CommandsCompleter.completeCandidates,add
CommandsCompleter.completeCandidates,get
CommandsCompleter.completeCandidates,equals
CommandsCompleter.completeCandidates,singletonList
CommandsCompleter.completeCandidates,forEach
CommandsCompleter.completeCandidates,completeCandidates
CommandsCompleter.completeCandidates,addAll
CommandsCompleter.completeCandidates,values
CommandsCompleter.sort,putAll
CommandsCompleter.compare,split
CommandsCompleter.compare,indexOf
CommandsCompleter.compare,compareTo
CommandsCompleter.getCurrentScopes,get
CommandsCompleter.getCurrentScopes,asList
CommandsCompleter.getCurrentScopes,split
CommandsCompleter.getCurrentSubShell,get
CommandsCompleter.getCompletionType,get
CommandsCompleter.checkData,getRegistry
CommandsCompleter.checkData,getCommands
CommandsCompleter.checkData,equals
CommandsCompleter.checkData,getScope
CommandsCompleter.checkData,getName
CommandsCompleter.checkData,getCompleter
CommandsCompleter.checkData,singletonList
CommandsCompleter.checkData,asList
CommandsCompleter.checkData,put
CommandsCompleter.checkData,clear
CommandsCompleter.checkData,addAll
CommandsCompleter.checkData,putAll
CommandsCompleter.checkData,get
CommandsCompleter.checkData,stripScope
CommandsCompleter.checkData,unProxy
CommandsCompleter.checkData,debug
CommandsCompleter.checkData,add
CommandsCompleter.getAliases,get
CommandsCompleter.getAliases,equals
CommandsCompleter.getAliases,getClass
CommandsCompleter.getAliases,getName
CommandsCompleter.getAliases,indexOf
CommandsCompleter.getAliases,substring
CommandsCompleter.getAliases,toString
CommandsCompleter.getAliases,add
CommandsCompleter.verifyCompleter,complete
CommandsCompleter.verifyCompleter,length
CommandsCompleter.verifyCompleter,isEmpty
CommandsCompleter.getCursorArgumentIndex,wordIndex
CommandsCompleter.getCursorArgument,word
CommandsCompleter.getArgumentPosition,wordCursor
CommandsCompleter.getArguments,words
CommandsCompleter.getArguments,toArray
CommandsCompleter.getArguments,size
CommandsCompleter.getBufferPosition,cursor
CommandsCompleter.getBuffer,line
ScopeComparator.compare,split
ScopeComparator.compare,indexOf
ScopeComparator.compare,compareTo
SimpleCommandCompleter.complete,getArguments
SimpleCommandCompleter.complete,getCursorArgumentIndex
SimpleCommandCompleter.complete,getNames
SimpleCommandCompleter.complete,complete
SimpleCommandCompleter.complete,getArgumentPosition
SimpleCommandCompleter.complete,getBufferPosition
SimpleCommandCompleter.complete,verifyCompleter
SimpleCommandCompleter.verifyCompleter,complete
SimpleCommandCompleter.verifyCompleter,length
SimpleCommandCompleter.verifyCompleter,isEmpty
CommandLineImpl.getCursorArgumentIndex,wordIndex
CommandLineImpl.getCursorArgument,word
CommandLineImpl.getArgumentPosition,wordCursor
CommandLineImpl.getArguments,words
CommandLineImpl.getArguments,toArray
CommandLineImpl.getArguments,size
CommandLineImpl.getBufferPosition,cursor
CommandLineImpl.getBuffer,line
JLineTerminal.getType,getType
JLineTerminal.puts,puts
JLineTerminal.getBooleanCapability,getBooleanCapability
JLineTerminal.getNumericCapability,getNumericCapability
JLineTerminal.getStringCapability,getStringCapability
JLineTerminal.getWidth,getWidth
JLineTerminal.getHeight,getHeight
JLineTerminal.flush,flush
JLineTerminal.isEchoEnabled,echo
JLineTerminal.setEchoEnabled,echo
JLineTerminal.close,close
JLineTerminal.getName,getName
JLineTerminal.reader,reader
JLineTerminal.writer,writer
JLineTerminal.encoding,encoding
JLineTerminal.input,input
JLineTerminal.output,output
JLineTerminal.enterRawMode,enterRawMode
JLineTerminal.echo,echo
JLineTerminal.getAttributes,getAttributes
JLineTerminal.setAttributes,setAttributes
JLineTerminal.getSize,getSize
JLineTerminal.setSize,setSize
JLineTerminal.raise,raise
JLineTerminal.handle,requireNonNull
JLineTerminal.handle,put
JLineTerminal.handle,get
JLineTerminal.handle,handle
JLineTerminal.handle,debug
JLineTerminal.handle,signal
JLineTerminal.addSignalListener,addSignalListener
JLineTerminal.addSignalListener,allOf
JLineTerminal.addSignalListener,compute
JLineTerminal.addSignalListener,signal
JLineTerminal.addSignalListener,add
JLineTerminal.removeSignalListener,values
JLineTerminal.removeSignalListener,get
JLineTerminal.removeSignalListener,remove
JLineTerminal.getCursorPosition,getCursorPosition
JLineTerminal.hasMouseSupport,hasMouseSupport
JLineTerminal.trackMouse,trackMouse
JLineTerminal.readMouseEvent,readMouseEvent
JLineTerminal.canPauseResume,canPauseResume
JLineTerminal.pause,pause
JLineTerminal.resume,resume
JLineTerminal.paused,paused
JLineTerminal.hasFocusSupport,hasFocusSupport
JLineTerminal.trackFocus,trackFocus
JLineTerminal.getBufferSize,getBufferSize
JLineTerminal.getPalette,getPalette
JLineTerminal.getCurrentMouseTracking,getCurrentMouseTracking
Main.getJarsInJars,toURI
Main.getJarsInJars,getPath
Main.getJarsInJars,getManifest
Main.getJarsInJars,getMainAttributes
Main.getJarsInJars,getValue
Main.getJarsInJars,split
Main.getJarsInJars,endsWith
Main.getJarsInJars,add
Main.createSession,create
Main.createSessionFactory,register
Main.discoverCommands,getRegistry
Main.discoverCommands,getFactory
Main.discoverCommands,getResources
Main.discoverCommands,hasMoreElements
Main.discoverCommands,nextElement
Main.discoverCommands,openStream
Main.discoverCommands,readLine
Main.discoverCommands,trim
Main.discoverCommands,length
Main.discoverCommands,charAt
Main.discoverCommands,loadClass
Main.discoverCommands,register
Main.discoverCommands,close
Main.getFiles,getFiles
Main.getFiles,listFiles
Main.getFiles,isDirectory
Main.getFiles,getName
Main.getFiles,endsWith
Main.getFiles,add
Main.getFiles,toURI
Main.getFiles,toURL
ListenerTracker.addingService,getCommandProcessor
ListenerTracker.addingService,addListener
ListenerTracker.removedService,getCommandProcessor
ListenerTracker.removedService,removeListener
Converters.print,adapt
Converters.print,getStartLevel
Converters.print,format
Converters.print,getBundleId
Converters.print,getState
Converters.print,getSymbolicName
Converters.print,getVersion
Converters.print,getProperty
Converters.print,toString
Converters.print,getBundle
Converters.print,getShortNames
Converters.print,close
Converters.getShortNames,append
Converters.getShortNames,getShortName
Converters.getShortName,lastIndexOf
Converters.getShortName,subSequence
Converters.getShortName,length
Converters.getState,getState
Converters.convert,convertBundle
Converters.convert,convertServiceReference
Converters.convert,forName
Converters.convert,toString
Converters.convert,isAssignableFrom
Converters.convert,read
Converters.convert,isInterface
Converters.convert,getDeclaredMethods
Converters.convert,newProxyInstance
Converters.convert,getClassLoader
Converters.convert,execute
Converters.convert,asList
Converters.invoke,execute
Converters.invoke,asList
Converters.convertServiceReference,toString
Converters.convertServiceReference,startsWith
Converters.convertServiceReference,endsWith
Converters.convertServiceReference,getServiceReferences
Converters.convertServiceReference,format
Converters.convertBundle,toString
Converters.convertBundle,parseLong
Converters.convertBundle,getBundle
Converters.convertBundle,getBundles
Converters.convertBundle,getLocation
Converters.convertBundle,equals
Converters.convertBundle,getSymbolicName
Converters.format,read
Converters.format,print
Converters.format,getShortNames
Converters.read,read
Converters.read,append
Converters.read,toHexString
Converters.read,toUpperCase
Converters.read,length
EventAdminListener.close,close
EventAdminListener.afterExecute,sendEvent
EventAdminListener.sendEvent,getService
EventAdminListener.sendEvent,get
EventAdminListener.sendEvent,put
EventAdminListener.sendEvent,toString
EventAdminListener.sendEvent,trim
EventAdminListener.sendEvent,length
EventAdminListener.sendEvent,postEvent
ConverterTracker.addingService,getCommandProcessor
ConverterTracker.addingService,addConverter
ConverterTracker.removedService,getCommandProcessor
ConverterTracker.removedService,removeConverter
CommandTracker.createFilter,createFilter
CommandTracker.createFilter,format
CommandTracker.addingService,getProperty
CommandTracker.addingService,toString
CommandTracker.addingService,getClass
CommandTracker.addingService,isArray
CommandTracker.addingService,add
CommandTracker.addingService,getMethods
CommandTracker.addingService,getAnnotation
CommandTracker.addingService,value
CommandTracker.addingService,getName
CommandTracker.addingService,get
CommandTracker.addingService,execute
CommandTracker.addingService,getService
CommandTracker.addingService,substring
CommandTracker.addingService,toLowerCase
CommandTracker.addingService,indexOf
CommandTracker.addingService,contains
CommandTracker.addingService,ungetService
CommandTracker.addingService,getRegistry
CommandTracker.addingService,register
CommandTracker.addingService,getActionClass
CommandTracker.addingService,description
CommandTracker.addingService,getMethod
CommandTracker.addingService,setAccessible
CommandTracker.addingService,invoke
CommandTracker.addingService,createNewAction
CommandTracker.addingService,getScope
CommandTracker.getDescription,getMethods
CommandTracker.getDescription,getAnnotation
CommandTracker.getDescription,value
CommandTracker.getDescription,getProperty
CommandTracker.getDescription,toString
CommandTracker.getDescription,getName
CommandTracker.getDescription,getActionClass
CommandTracker.getDescription,description
CommandTracker.getDescription,getMethod
CommandTracker.getDescription,setAccessible
CommandTracker.getDescription,invoke
CommandTracker.getDescription,createNewAction
CommandTracker.execute,get
CommandTracker.execute,execute
CommandTracker.getMethods,getService
CommandTracker.getMethods,substring
CommandTracker.getMethods,toLowerCase
CommandTracker.getMethods,indexOf
CommandTracker.getMethods,add
CommandTracker.getMethods,contains
CommandTracker.getMethods,getClass
CommandTracker.getMethods,getMethods
CommandTracker.getMethods,getName
CommandTracker.getMethods,ungetService
CommandTracker.removedService,getRegistry
CommandTracker.removedService,unregister
CommandTracker.removedService,ungetService
Activator.addingService,getService
Activator.addingService,add
Activator.addingService,getInstance
Activator.addingService,registerSession
Activator.addingService,registerListener
Activator.addingService,init
Activator.addingService,error
Activator.addingService,getMessage
Activator.addingService,registerBundleStateService
Activator.addingService,setBookingService
Activator.addingService,registerService
Activator.addingService,setClientService
Activator.addingService,register
Activator.removedService,remove
Activator.removedService,ungetService
Activator.removedService,getInstance
Activator.removedService,unregisterSession
Activator.removedService,unregisterListener
Activator.removedService,init
Activator.removedService,error
Activator.removedService,getMessage
Activator.removedService,unregisterBundleStateService
Activator.removedService,destroy
Activator.removedService,unregister
LoggingCommandSessionListener.filter,filter
LoggingCommandSessionListener.beforeExecute,isDebugEnabled
LoggingCommandSessionListener.beforeExecute,filter
LoggingCommandSessionListener.beforeExecute,debug
LoggingCommandSessionListener.afterExecute,isDebugEnabled
LoggingCommandSessionListener.afterExecute,filter
LoggingCommandSessionListener.afterExecute,isTraceEnabled
LoggingCommandSessionListener.afterExecute,debug
DelayedStarted.run,get
DelayedStarted.run,available
DelayedStarted.run,sleep
DelayedStarted.run,read
DelayedStarted.run,set
DelayedStarted.run,setProperty
DelayedStarted.run,removeFrameworkListener
DelayedStarted.run,run
DelayedStarted.stopDelayed,set
DelayedStarted.frameworkEvent,getType
DelayedStarted.frameworkEvent,parseInt
DelayedStarted.frameworkEvent,getProperty
DelayedStarted.frameworkEvent,getBundle
DelayedStarted.frameworkEvent,adapt
DelayedStarted.frameworkEvent,getStartLevel
DelayedStarted.frameworkEvent,set
LocalConsoleManager.start,currentThread
LocalConsoleManager.start,getContextClassLoader
LocalConsoleManager.start,getClassLoader
LocalConsoleManager.start,setContextClassLoader
LocalConsoleManager.start,builder
LocalConsoleManager.start,nativeSignals
LocalConsoleManager.start,signalHandler
LocalConsoleManager.start,build
LocalConsoleManager.start,createLocalKarafSubject
LocalConsoleManager.start,doAs
LocalConsoleManager.start,getEncoding
LocalConsoleManager.start,output
LocalConsoleManager.start,create
LocalConsoleManager.start,input
LocalConsoleManager.start,put
LocalConsoleManager.start,registerService
LocalConsoleManager.start,getCurrentUserName
LocalConsoleManager.start,parseBoolean
LocalConsoleManager.start,getProperty
LocalConsoleManager.start,start
LocalConsoleManager.getEncoding,extractEncodingFromCtype
LocalConsoleManager.getEncoding,getenv
LocalConsoleManager.getEncoding,getProperty
LocalConsoleManager.getEncoding,defaultCharset
LocalConsoleManager.getEncoding,name
LocalConsoleManager.extractEncodingFromCtype,indexOf
LocalConsoleManager.extractEncodingFromCtype,substring
LocalConsoleManager.createLocalKarafSubject,getProperty
LocalConsoleManager.createLocalKarafSubject,getPrincipals
LocalConsoleManager.createLocalKarafSubject,add
LocalConsoleManager.createLocalKarafSubject,split
LocalConsoleManager.createLocalKarafSubject,trim
LocalConsoleManager.stop,unregister
LocalConsoleManager.stop,close
LocalConsoleManager.stop,stopDelayed
LocalConsoleManager.close,getBundle
LocalConsoleManager.close,stop
SecuredSessionFactoryImpl.stop,unregister
SecuredSessionFactoryImpl.stop,close
SecuredSessionFactoryImpl.invoke,checkSecurity
SecuredSessionFactoryImpl.invoke,asList
SecuredSessionFactoryImpl.redirect,checkSecurity
SecuredSessionFactoryImpl.redirect,asList
SecuredSessionFactoryImpl.isVisible,get
SecuredSessionFactoryImpl.isVisible,set
SecuredSessionFactoryImpl.isVisible,currentThread
SecuredSessionFactoryImpl.isVisible,put
SecuredSessionFactoryImpl.isVisible,isVisible
SecuredSessionFactoryImpl.isVisible,getScope
SecuredSessionFactoryImpl.isVisible,getName
SecuredSessionFactoryImpl.isVisible,getScopeConfig
SecuredSessionFactoryImpl.isVisible,getRolesForInvocation
SecuredSessionFactoryImpl.isVisible,isEmpty
SecuredSessionFactoryImpl.isVisible,currentUserHasRole
SecuredSessionFactoryImpl.isVisible,findAlias
SecuredSessionFactoryImpl.isVisible,isAliasVisible
SecuredSessionFactoryImpl.isAliasVisible,getScopeConfig
SecuredSessionFactoryImpl.isAliasVisible,getRolesForInvocationForAlias
SecuredSessionFactoryImpl.isAliasVisible,isEmpty
SecuredSessionFactoryImpl.isAliasVisible,currentUserHasRole
SecuredSessionFactoryImpl.findAlias,get
SecuredSessionFactoryImpl.findAlias,equals
SecuredSessionFactoryImpl.findAlias,getClass
SecuredSessionFactoryImpl.findAlias,getName
SecuredSessionFactoryImpl.findAlias,indexOf
SecuredSessionFactoryImpl.findAlias,substring
SecuredSessionFactoryImpl.findAlias,toString
SecuredSessionFactoryImpl.checkSecurity,getScopeConfig
SecuredSessionFactoryImpl.checkSecurity,isVisible
SecuredSessionFactoryImpl.checkSecurity,getRolesForInvocation
SecuredSessionFactoryImpl.checkSecurity,toString
SecuredSessionFactoryImpl.checkSecurity,currentUserHasRole
SecuredSessionFactoryImpl.checkSecurity,getCompulsoryRoles
SecuredSessionFactoryImpl.checkSecurity,size
SecuredSessionFactoryImpl.checkSecurity,findAlias
SecuredSessionFactoryImpl.checkSecurity,isAliasVisible
SecuredSessionFactoryImpl.checkSecurity,getScope
SecuredSessionFactoryImpl.checkSecurity,getName
SecuredSessionFactoryImpl.checkSecurity,getRolesForInvocationForAlias
SecuredSessionFactoryImpl.currentUserHasRole,indexOf
SecuredSessionFactoryImpl.currentUserHasRole,substring
SecuredSessionFactoryImpl.currentUserHasRole,getName
SecuredSessionFactoryImpl.currentUserHasRole,getContext
SecuredSessionFactoryImpl.currentUserHasRole,getSubject
SecuredSessionFactoryImpl.currentUserHasRole,getPrincipals
SecuredSessionFactoryImpl.currentUserHasRole,equals
SecuredSessionFactoryImpl.currentUserHasRole,getClass
SecuredSessionFactoryImpl.currentUserHasRole,isAssignableFrom
SecuredSessionFactoryImpl.configurationEvent,getPid
SecuredSessionFactoryImpl.configurationEvent,startsWith
SecuredSessionFactoryImpl.configurationEvent,get
SecuredSessionFactoryImpl.configurationEvent,clear
SecuredSessionFactoryImpl.configurationEvent,getType
SecuredSessionFactoryImpl.configurationEvent,removeScopeConfig
SecuredSessionFactoryImpl.configurationEvent,substring
SecuredSessionFactoryImpl.configurationEvent,length
SecuredSessionFactoryImpl.configurationEvent,getService
SecuredSessionFactoryImpl.configurationEvent,getReference
SecuredSessionFactoryImpl.configurationEvent,addScopeConfig
SecuredSessionFactoryImpl.configurationEvent,getConfiguration
SecuredSessionFactoryImpl.configurationEvent,ungetService
SecuredSessionFactoryImpl.configurationEvent,error
SecuredSessionFactoryImpl.unregister,removeUnregisteredSeriveForAllShell
SecuredSessionFactoryImpl.removeUnregisteredSeriveForAllShell,values
SecuredSessionFactoryImpl.removeUnregisteredSeriveForAllShell,iterator
SecuredSessionFactoryImpl.removeUnregisteredSeriveForAllShell,hasNext
SecuredSessionFactoryImpl.removeUnregisteredSeriveForAllShell,next
SecuredSessionFactoryImpl.removeUnregisteredSeriveForAllShell,remove
SecuredSessionFactoryImpl.addScopeConfig,getPid
SecuredSessionFactoryImpl.addScopeConfig,startsWith
SecuredSessionFactoryImpl.addScopeConfig,substring
SecuredSessionFactoryImpl.addScopeConfig,length
SecuredSessionFactoryImpl.addScopeConfig,indexOf
SecuredSessionFactoryImpl.addScopeConfig,trim
SecuredSessionFactoryImpl.addScopeConfig,endsWith
SecuredSessionFactoryImpl.addScopeConfig,put
SecuredSessionFactoryImpl.addScopeConfig,getProcessedProperties
SecuredSessionFactoryImpl.removeScopeConfig,remove
SecuredSessionFactoryImpl.getScopeConfig,equals
SecuredSessionFactoryImpl.getScopeConfig,get
SecuredSessionFactoryImpl.update,listConfigurations
SecuredSessionFactoryImpl.update,addScopeConfig
SecuredCommand.getScope,getScope
SecuredCommand.getName,getName
SecuredCommand.getDescription,getDescription
SecuredCommand.getCompleter,getCompleter
SecuredCommand.execute,checkSecurity
SecuredCommand.execute,getScope
SecuredCommand.execute,getName
SecuredCommand.execute,execute
SecuredCommand.execute,get
SecuredCommand.execute,size
SecuredCommand.execute,set
SecuredCommand.execute,toString
SecuredCommand.toString,toString
VersatileFunction.execute,execute
VersatileFunction.execute,get
VersatileFunction.toString,toString
JarInJarURLStreamHandlerFactory.createURLStreamHandler,equals
JarInJarURLStreamHandlerFactory.createURLStreamHandler,createURLStreamHandler
JarInJarURLConnection.getInputStream,decode
JarInJarURLConnection.getInputStream,getFile
JarInJarURLConnection.getInputStream,name
JarInJarURLConnection.getInputStream,getResourceAsStream
JarInJarStreamHandler.parseURL,startsWith
JarInJarStreamHandler.parseURL,substring
JarInJarStreamHandler.parseURL,getFile
JarInJarStreamHandler.parseURL,equals
JarInJarStreamHandler.parseURL,endsWith
JarInJarStreamHandler.parseURL,setURL
SubShellCommand.increment,incrementAndGet
SubShellCommand.decrement,decrementAndGet
SubShellCommand.doExecute,put
SubShellCommand.doExecute,get
SubShellCommand.printHelp,execute
SubShellCommand.printHelp,singletonList
SubShellCommand.printHelp,getFactory
ExitCommand.doExecute,get
ExitCommand.doExecute,isEmpty
ExitCommand.doExecute,contains
ExitCommand.doExecute,lastIndexOf
ExitCommand.doExecute,put
ExitCommand.doExecute,substring
ExitCommand.doExecute,indexOf
TopLevelCommand.execute,contains
TopLevelCommand.execute,printHelp
TopLevelCommand.execute,isEmpty
TopLevelCommand.execute,getName
TopLevelCommand.execute,doExecute
TopLevelCommand.printHelp,println
TopLevelCommand.printHelp,print
TopLevelCommand.printHelp,getName
TopLevelCommand.printHelp,getDescription
Procedural._main,current
Procedural._main,run
Procedural._main,err
Procedural._main,println
Procedural._main,getMessage
Procedural._main,error
Procedural._main,getCause
Procedural.parseOptions,compile
Procedural.parseOptions,parse
Procedural.parseOptions,get
Procedural.parseOptions,isSet
Procedural.parseOptions,usage
Procedural.parseOptions,toString
Procedural.parseOptions,getMessage
Procedural.get,get
Procedural.get,toString
Procedural.run,toString
Procedural.run,doEach
Procedural.run,doIf
Procedural.run,doNot
Procedural.run,doThrow
Procedural.run,doTry
Procedural.run,doUntil
Procedural.run,doWhile
Procedural.run,doBreak
Procedural.run,doContinue
Procedural.doEach,parseOptions
Procedural.doEach,getElements
Procedural.doEach,argObjects
Procedural.doEach,size
Procedural.doEach,equals
Procedural.doEach,get
Procedural.doEach,remove
Procedural.doEach,getFunctions
Procedural.doEach,err
Procedural.doEach,println
Procedural.doEach,error
Procedural.doEach,add
Procedural.doEach,checkInterrupt
Procedural.doEach,set
Procedural.doEach,execute
Procedural.doEach,isSet
Procedural.doIf,parseOptions
Procedural.doIf,argObjects
Procedural.doIf,add
Procedural.doIf,equals
Procedural.doIf,isEmpty
Procedural.doIf,size
Procedural.doIf,err
Procedural.doIf,println
Procedural.doIf,error
Procedural.doIf,isTrue
Procedural.doIf,get
Procedural.doIf,execute
Procedural.doNot,parseOptions
Procedural.doNot,getFunctions
Procedural.doNot,size
Procedural.doNot,err
Procedural.doNot,println
Procedural.doNot,error
Procedural.doNot,isTrue
Procedural.doNot,get
Procedural.doThrow,parseOptions
Procedural.doThrow,argObjects
Procedural.doThrow,size
Procedural.doThrow,get
Procedural.doThrow,toString
Procedural.doThrow,initCause
Procedural.doTry,parseOptions
Procedural.doTry,argObjects
Procedural.doTry,equals
Procedural.doTry,err
Procedural.doTry,println
Procedural.doTry,error
Procedural.doTry,execute
Procedural.doTry,put
Procedural.doWhile,parseOptions
Procedural.doWhile,argObjects
Procedural.doWhile,equals
Procedural.doWhile,err
Procedural.doWhile,println
Procedural.doWhile,error
Procedural.doWhile,isTrue
Procedural.doWhile,execute
Procedural.doUntil,parseOptions
Procedural.doUntil,argObjects
Procedural.doUntil,equals
Procedural.doUntil,err
Procedural.doUntil,println
Procedural.doUntil,error
Procedural.doUntil,isTrue
Procedural.doUntil,execute
Procedural.doBreak,parseOptions
Procedural.doContinue,parseOptions
Procedural.isTrue,checkInterrupt
Procedural.isTrue,isTrue
Procedural.isTrue,execute
Procedural.isTrue,equals
Procedural.checkInterrupt,currentThread
Procedural.checkInterrupt,isInterrupted
Procedural.getElements,argObjects
Procedural.getElements,size
Procedural.getElements,remove
Procedural.getElements,getClass
Procedural.getElements,isArray
Procedural.getElements,asList
Procedural.getFunctions,argObjects
Procedural.getFunctions,add
BundleHelpProvider.getHelp,indexOf
BundleHelpProvider.getHelp,startsWith
BundleHelpProvider.getHelp,substring
BundleHelpProvider.getHelp,length
BundleHelpProvider.getHelp,matches
BundleHelpProvider.getHelp,parseLong
BundleHelpProvider.getHelp,getBundle
BundleHelpProvider.getHelp,getBundleContext
BundleHelpProvider.getHelp,getClass
BundleHelpProvider.getHelp,getBundleName
BundleHelpProvider.getHelp,println
BundleHelpProvider.getHelp,getUnderlineString
BundleHelpProvider.getHelp,getEntry
BundleHelpProvider.getHelp,openStream
BundleHelpProvider.getHelp,getTerminal
BundleHelpProvider.getHelp,getWidth
BundleHelpProvider.getHelp,parse
BundleHelpProvider.getHelp,close
BundleHelpProvider.getHelp,toString
HelpCommand.execute,contains
HelpCommand.execute,printHelp
HelpCommand.execute,size
HelpCommand.execute,getName
HelpCommand.execute,isEmpty
HelpCommand.execute,get
HelpCommand.execute,toString
HelpCommand.execute,getHelp
HelpCommand.execute,readLine
HelpCommand.execute,println
HelpCommand.getCompleter,getArguments
HelpCommand.getCompleter,getCursorArgumentIndex
HelpCommand.getCompleter,singletonList
HelpCommand.getCompleter,getName
HelpCommand.getCompleter,complete
HelpCommand.getCompleter,getArgumentPosition
HelpCommand.getCompleter,verifyCompleter
HelpCommand.getCompleter,getRegistry
HelpCommand.getCompleter,getCommands
HelpCommand.getCompleter,equals
HelpCommand.getCompleter,getScope
HelpCommand.getCompleter,getStrings
HelpCommand.getCompleter,add
HelpCommand.getCompleter,getBufferPosition
HelpCommand.getCompleter,length
HelpCommand.getCompleter,isEmpty
HelpCommand.complete,getArguments
HelpCommand.complete,getCursorArgumentIndex
HelpCommand.complete,singletonList
HelpCommand.complete,getName
HelpCommand.complete,complete
HelpCommand.complete,getArgumentPosition
HelpCommand.complete,verifyCompleter
HelpCommand.complete,getRegistry
HelpCommand.complete,getCommands
HelpCommand.complete,equals
HelpCommand.complete,getScope
HelpCommand.complete,getStrings
HelpCommand.complete,add
HelpCommand.complete,getBufferPosition
HelpCommand.verifyCompleter,complete
HelpCommand.verifyCompleter,length
HelpCommand.verifyCompleter,isEmpty
HelpCommand.printHelp,println
HelpCommand.printHelp,print
HelpCommand.printHelp,getName
HelpCommand.printHelp,getDescription
HelpCommand.getHelp,put
HelpCommand.getHelp,getRegistry
HelpCommand.getHelp,getServices
HelpCommand.getHelp,performSubstitution
HelpCommand.getHelp,getHelp
HelpCommand.getHelp,removeNewLine
HelpCommand.getHelp,get
HelpCommand.removeNewLine,endsWith
HelpCommand.removeNewLine,substring
HelpCommand.removeNewLine,length
ShellHelpProvider.getHelp,indexOf
ShellHelpProvider.getHelp,startsWith
ShellHelpProvider.getHelp,substring
ShellHelpProvider.getHelp,length
ShellHelpProvider.getHelp,getCommands
ShellHelpProvider.getHelp,add
ShellHelpProvider.getHelp,getBundle
ShellHelpProvider.getHelp,getScope
ShellHelpProvider.getHelp,size
ShellHelpProvider.getHelp,equals
ShellHelpProvider.getHelp,iterator
ShellHelpProvider.getHelp,next
ShellHelpProvider.getHelp,getResource
ShellHelpProvider.getHelp,openStream
ShellHelpProvider.getHelp,getTerminal
ShellHelpProvider.getHelp,getWidth
ShellHelpProvider.getHelp,parse
ShellHelpProvider.getHelp,toString
ShellHelpProvider.getHelp,printShellHelp
ShellHelpProvider.getCommands,getRegistry
ShellHelpProvider.getCommands,getCommands
ShellHelpProvider.getCommands,get
ShellHelpProvider.getCommands,getScope
ShellHelpProvider.getCommands,getName
ShellHelpProvider.getCommands,startsWith
ShellHelpProvider.getCommands,equalsIgnoreCase
ShellHelpProvider.getCommands,trim
ShellHelpProvider.getCommands,isEmpty
ShellHelpProvider.getCommands,add
ShellHelpProvider.printShellHelp,println
SingleCommandHelpProvider.getHelp,indexOf
SingleCommandHelpProvider.getHelp,startsWith
SingleCommandHelpProvider.getHelp,substring
SingleCommandHelpProvider.getHelp,length
SingleCommandHelpProvider.getHelp,getFactory
SingleCommandHelpProvider.getHelp,create
SingleCommandHelpProvider.getHelp,put
SingleCommandHelpProvider.getHelp,get
SingleCommandHelpProvider.getHelp,execute
SingleCommandHelpProvider.getHelp,close
SingleCommandHelpProvider.getHelp,toString
CommandListHelpProvider.getHelp,indexOf
CommandListHelpProvider.getHelp,startsWith
CommandListHelpProvider.getHelp,substring
CommandListHelpProvider.getHelp,length
CommandListHelpProvider.getHelp,getCommands
CommandListHelpProvider.getHelp,get
CommandListHelpProvider.getHelp,getScope
CommandListHelpProvider.getHelp,getName
CommandListHelpProvider.getHelp,getDescription
CommandListHelpProvider.getHelp,trim
CommandListHelpProvider.getHelp,isEmpty
CommandListHelpProvider.getHelp,put
CommandListHelpProvider.getHelp,size
CommandListHelpProvider.getHelp,containsKey
CommandListHelpProvider.getHelp,printMethodList
CommandListHelpProvider.getHelp,asList
CommandListHelpProvider.getHelp,split
CommandListHelpProvider.getHelp,toString
CommandListHelpProvider.getCommands,getRegistry
CommandListHelpProvider.getCommands,getCommands
CommandListHelpProvider.getCommands,get
CommandListHelpProvider.getCommands,getScope
CommandListHelpProvider.getCommands,getName
CommandListHelpProvider.getCommands,startsWith
CommandListHelpProvider.getCommands,equalsIgnoreCase
CommandListHelpProvider.getCommands,trim
CommandListHelpProvider.getCommands,isEmpty
CommandListHelpProvider.getCommands,add
CommandListHelpProvider.printMethodList,equals
CommandListHelpProvider.printMethodList,startsWith
CommandListHelpProvider.printMethodList,parseInt
CommandListHelpProvider.printMethodList,substring
CommandListHelpProvider.printMethodList,length
CommandListHelpProvider.printMethodList,getTerminal
CommandListHelpProvider.printMethodList,getWidth
CommandListHelpProvider.printMethodList,noHeaders
CommandListHelpProvider.printMethodList,separator
CommandListHelpProvider.printMethodList,size
CommandListHelpProvider.printMethodList,maxSize
CommandListHelpProvider.printMethodList,column
CommandListHelpProvider.printMethodList,cyan
CommandListHelpProvider.printMethodList,bold
CommandListHelpProvider.printMethodList,wrap
CommandListHelpProvider.printMethodList,entrySet
CommandListHelpProvider.printMethodList,getCommandNameWithoutGlobalPrefix
CommandListHelpProvider.printMethodList,getKey
CommandListHelpProvider.printMethodList,append
CommandListHelpProvider.printMethodList,addRow
CommandListHelpProvider.printMethodList,addContent
CommandListHelpProvider.printMethodList,toString
CommandListHelpProvider.printMethodList,getValue
CommandListHelpProvider.printMethodList,print
CommandsHelpProvider.getHelp,indexOf
CommandsHelpProvider.getHelp,startsWith
CommandsHelpProvider.getHelp,substring
CommandsHelpProvider.getHelp,length
CommandsHelpProvider.getHelp,println
CommandsHelpProvider.getHelp,toString
CommandsHelpProvider.getCommands,getRegistry
CommandsHelpProvider.getCommands,getCommands
CommandsHelpProvider.getCommands,get
CommandsHelpProvider.getCommands,getScope
CommandsHelpProvider.getCommands,getName
CommandsHelpProvider.getCommands,startsWith
CommandsHelpProvider.getCommands,equalsIgnoreCase
CommandsHelpProvider.getCommands,trim
CommandsHelpProvider.getCommands,isEmpty
CommandsHelpProvider.getCommands,add
SimpleHelpProvider.getHelp,indexOf
SimpleHelpProvider.getHelp,startsWith
SimpleHelpProvider.getHelp,substring
SimpleHelpProvider.getHelp,length
SimpleHelpProvider.getHelp,get
AnsiPrintingWikiVisitor.startPara,append
AnsiPrintingWikiVisitor.startPara,toString
AnsiPrintingWikiVisitor.endPara,length
AnsiPrintingWikiVisitor.endPara,noHeaders
AnsiPrintingWikiVisitor.endPara,separator
AnsiPrintingWikiVisitor.endPara,size
AnsiPrintingWikiVisitor.endPara,column
AnsiPrintingWikiVisitor.endPara,maxSize
AnsiPrintingWikiVisitor.endPara,wrap
AnsiPrintingWikiVisitor.endPara,addRow
AnsiPrintingWikiVisitor.endPara,addContent
AnsiPrintingWikiVisitor.endPara,toString
AnsiPrintingWikiVisitor.endPara,print
AnsiPrintingWikiVisitor.endPara,setLength
AnsiPrintingWikiVisitor.endPara,println
AnsiPrintingWikiVisitor.heading,append
AnsiPrintingWikiVisitor.link,append
AnsiPrintingWikiVisitor.enumeration,append
AnsiPrintingWikiVisitor.text,append
AnsiPrintingWikiVisitor.bold,append
WikiParser.parse,readLine
WikiParser.parse,startsWith
WikiParser.parse,parse
WikiParser.parse,unescapeJava
WikiParser.parse,nextToken
WikiParser.parse,length
WikiParser.parse,charAt
WikiParser.parse,append
WikiParser.parse,substring
WikiParser.parse,toString
WikiParser.parse,startPara
WikiParser.parse,parseEsc
WikiParser.parse,parseLink
WikiParser.parse,parseHeading
WikiParser.parse,parseEnumeration
WikiParser.parse,bold
WikiParser.parse,text
WikiParser.parse,endPara
WikiParser.parseEsc,text
WikiParser.parseEsc,nextToken
WikiParser.parseEnumeration,nextToken
WikiParser.parseEnumeration,enumeration
WikiParser.parseEnumeration,trim
WikiParser.parseHeading,nextToken
WikiParser.parseHeading,text
WikiParser.parseHeading,matches
WikiParser.parseHeading,equals
WikiParser.parseHeading,heading
WikiParser.parseHeading,parseInt
WikiParser.parseHeading,trim
WikiParser.parseLink,nextToken
WikiParser.parseLink,link
WikiParser.nextToken,length
WikiParser.nextToken,charAt
WikiParser.nextToken,append
WikiParser.nextToken,indexOf
WikiParser.nextToken,toString
Tokenizer.nextToken,length
Tokenizer.nextToken,charAt
Tokenizer.nextToken,append
Tokenizer.nextToken,indexOf
Tokenizer.nextToken,toString
KarafParser.parse,doParse
KarafParser.parse,line
KarafParser.parse,column
KarafParser.parse,getMessage
KarafParser.parse,missing
KarafParser.doParse,program
KarafParser.doParse,statements
KarafParser.doParse,length
KarafParser.doParse,repair
KarafParser.doParse,size
KarafParser.doParse,get
KarafParser.doParse,start
KarafParser.doParse,isWhitespace
KarafParser.doParse,charAt
KarafParser.doParse,tokens
KarafParser.doParse,isEmpty
KarafParser.doParse,resolveCommand
KarafParser.doParse,toString
KarafParser.doParse,split
KarafParser.doParse,getRegistry
KarafParser.doParse,getCommand
KarafParser.doParse,getParser
KarafParser.doParse,parse
KarafParser.doParse,getCursorArgument
KarafParser.doParse,getArgumentPosition
KarafParser.doParse,getCursorArgumentIndex
KarafParser.doParse,asList
KarafParser.doParse,getArguments
KarafParser.doParse,getBuffer
KarafParser.doParse,getBufferPosition
KarafParser.doParse,subSequence
KarafParser.doParse,set
KarafParser.doParse,singletonList
KarafParser.word,getCursorArgument
KarafParser.wordCursor,getArgumentPosition
KarafParser.wordIndex,getCursorArgumentIndex
KarafParser.words,asList
KarafParser.words,getArguments
KarafParser.line,getBuffer
KarafParser.cursor,getBufferPosition
CommandLineParser.buildCommandLine,buildCommandLine
CommandLineParser.buildCommandLine,substring
CommandLineParser.buildCommandLine,length
CommandLineParser.buildCommandLine,value
CommandLineParser.buildCommandLine,resolveCommand
CommandLineParser.buildCommandLine,getRegistry
CommandLineParser.buildCommandLine,getCommands
CommandLineParser.buildCommandLine,equals
CommandLineParser.buildCommandLine,getScope
CommandLineParser.buildCommandLine,getName
CommandLineParser.buildCommandLine,getParser
CommandLineParser.buildCommandLine,parse
CommandLineParser.buildCommandLine,getBuffer
CommandLineParser.buildCommandLine,charAt
CommandLineParser.buildCommandLine,set
CommandLineParser.parse,length
CommandLineParser.parse,substring
CommandLineParser.parse,value
CommandLineParser.parse,resolveCommand
CommandLineParser.parse,getRegistry
CommandLineParser.parse,getCommands
CommandLineParser.parse,equals
CommandLineParser.parse,getScope
CommandLineParser.parse,getName
CommandLineParser.parse,getParser
CommandLineParser.parse,parse
CommandLineParser.parse,append
CommandLineParser.parse,preprocess
CommandLineParser.parse,getBuffer
CommandLineParser.parse,charAt
CommandLineParser.parse,toString
ShellUtil.getBundleName,getHeaders
ShellUtil.getBundleName,get
ShellUtil.getBundleName,getBundleId
ShellUtil.getUnderlineString,length
ShellUtil.getUnderlineString,append
ShellUtil.getUnderlineString,toString
ShellUtil.getValueString,toString
ShellUtil.getValueString,getValueString
ShellUtil.getValueString,getClass
ShellUtil.getValueString,isArray
ShellUtil.getValueString,append
ShellUtil.isASystemBundle,adapt
ShellUtil.isASystemBundle,getStartLevel
ShellUtil.isASystemBundle,getProperty
ShellUtil.isASystemBundle,parseInt
ShellUtil.getBoolean,get
ShellUtil.getBoolean,getProperty
ShellUtil.getBoolean,parseBoolean
ShellUtil.getBoolean,toString
ShellUtil.logException,put
ShellUtil.logException,getClass
ShellUtil.logException,getSimpleName
ShellUtil.logException,equals
ShellUtil.logException,debug
ShellUtil.logException,error
ShellUtil.logException,getPrintStackTraces
ShellUtil.logException,getKsColorMap
ShellUtil.logException,applyStyle
ShellUtil.logException,getStackTrace
ShellUtil.logException,getConsole
ShellUtil.logException,print
ShellUtil.logException,getMethod
ShellUtil.logException,invoke
ShellUtil.logException,println
ShellUtil.logException,getMessage
ShellUtil.logException,getName
ShellUtil.logException,flush
ShellUtil.logException,getBoolean
ShellUtil.logException,printStackTrace
ShellUtil.getStackTrace,printStackTrace
ShellUtil.getStackTrace,flush
ShellUtil.getStackTrace,toString
ShellUtil.getPrintStackTraces,get
ShellUtil.getPrintStackTraces,getProperty
ShellUtil.getPrintStackTraces,toString
ShellUtil.getPrintStackTraces,toLowerCase
ShellUtil.getCurrentUserName,getContext
ShellUtil.getCurrentUserName,getSubject
ShellUtil.getCurrentUserName,getPrincipals
ShellUtil.getCurrentUserName,iterator
ShellUtil.getCurrentUserName,hasNext
ShellUtil.getCurrentUserName,next
ShellUtil.getCurrentUserName,getName
ShellUtil.applyStyle,get
ShellUtil.applyStyle,toAnsi
ShellUtil.applyStyle,resolve
ShellUtil.getKsColorMap,getColorMap
ShellUtil.getColorMap,get
ShellUtil.getColorMap,toString
ShellUtil.getColorMap,matches
ShellUtil.getColorMap,stream
ShellUtil.getColorMap,collect
ShellUtil.getColorMap,toMap
ShellUtil.getColorMap,substring
ShellUtil.getColorMap,indexOf
ShellUtil.getColorMap,split
ShellUtil.loadPropertyFromShellCfg,get
ShellUtil.loadPropertyFromShellCfg,toFile
ShellUtil.loadPropertyFromShellCfg,getProperty
ShellUtil.loadPropertyFromShellCfg,load
ShellUtil.loadPropertyFromShellCfg,apply
ShellUtil.loadPropertyFromShellCfg,debug
ShellUtil.loadPropertyFromShellCfg,warn
MultiException.addException,addSuppressed
MultiException.addException,add
MultiException.throwIfExceptions,getSuppressed
MultiException.throwIfExceptions,isEmpty
MultiException.getCauses,getSuppressed
MultiException.getCauses,toArray
MultiException.getCauses,size
MultiException.throwIf,isEmpty
MultiException.throwIf,append
MultiException.throwIf,getMessage
MultiException.throwIf,toString
CommandException.getNiceHelp,getMessage
CommandException.getNiceHelp,getClass
CommandException.getNiceHelp,getName
NameScoping.getCommandNameWithoutGlobalPrefix,isMultiScopeMode
NameScoping.getCommandNameWithoutGlobalPrefix,get
NameScoping.getCommandNameWithoutGlobalPrefix,startsWith
NameScoping.getCommandNameWithoutGlobalPrefix,substring
NameScoping.getCommandNameWithoutGlobalPrefix,length
NameScoping.isGlobalScope,isMultiScopeMode
NameScoping.isGlobalScope,get
NameScoping.isGlobalScope,equals
NameScoping.isMultiScopeMode,get
NameScoping.isMultiScopeMode,equals
RegexCommandLoggingFilter.filter,matcher
RegexCommandLoggingFilter.filter,find
RegexCommandLoggingFilter.filter,length
RegexCommandLoggingFilter.filter,replace
RegexCommandLoggingFilter.filter,start
RegexCommandLoggingFilter.filter,end
RegexCommandLoggingFilter.filter,toString
RegexCommandLoggingFilter.filter,filter
RegexCommandLoggingFilter.addRegEx,addRegEx
RegexCommandLoggingFilter.addRegEx,add
RegexCommandLoggingFilter.addCommandOption,length
RegexCommandLoggingFilter.addCommandOption,append
RegexCommandLoggingFilter.addCommandOption,quote
RegexCommandLoggingFilter.addCommandOption,add
RegexCommandLoggingFilter.addCommandOption,toString
ReplaceRegEx.filter,matcher
ReplaceRegEx.filter,find
ReplaceRegEx.filter,length
ReplaceRegEx.filter,replace
ReplaceRegEx.filter,start
ReplaceRegEx.filter,end
ReplaceRegEx.filter,toString
DefaultConverter.convert,convert
DefaultConverter.convert,isAssignable
DefaultConverter.convert,convertWithConverters
DefaultConverter.convert,isAssignableFrom
DefaultConverter.convert,toClass
DefaultConverter.convert,toString
DefaultConverter.convert,unwrap
DefaultConverter.convert,convertToNumber
DefaultConverter.convert,convertFromString
DefaultConverter.convert,isArray
DefaultConverter.convert,getClass
DefaultConverter.convert,convertToArray
DefaultConverter.convert,convertToMap
DefaultConverter.convert,convertToDictionary
DefaultConverter.convert,convertToCollection
DefaultConverter.convertToNumber,unwrap
DefaultConverter.convertToNumber,convertToNumber
DefaultConverter.convertToNumber,intValue
DefaultConverter.convertToNumber,shortValue
DefaultConverter.convertToNumber,longValue
DefaultConverter.convertToNumber,floatValue
DefaultConverter.convertToNumber,doubleValue
DefaultConverter.convertToNumber,byteValue
DefaultConverter.convertToNumber,toString
DefaultConverter.convertFromString,unwrap
DefaultConverter.convertFromString,parse
DefaultConverter.convertFromString,getRawClass
DefaultConverter.convertFromString,split
DefaultConverter.convertFromString,compile
DefaultConverter.convertFromString,getBytes
DefaultConverter.convertFromString,load
DefaultConverter.convertFromString,equalsIgnoreCase
DefaultConverter.convertFromString,valueOf
DefaultConverter.convertFromString,length
DefaultConverter.convertFromString,startsWith
DefaultConverter.convertFromString,parseInt
DefaultConverter.convertFromString,substring
DefaultConverter.convertFromString,charAt
DefaultConverter.convertFromString,isAssignableFrom
DefaultConverter.convertFromString,createUri
DefaultConverter.convertFromString,createObject
DefaultConverter.createUri,create
DefaultConverter.createUri,replaceAll
DefaultConverter.createObject,isInterface
DefaultConverter.createObject,isAbstract
DefaultConverter.createObject,getModifiers
DefaultConverter.createObject,getConstructor
DefaultConverter.createObject,newInstance
DefaultConverter.createObject,getRealCause
DefaultConverter.getRealCause,getCause
DefaultConverter.convertToCollection,getActualTypeArgument
DefaultConverter.convertToCollection,getCollection
DefaultConverter.convertToCollection,newInstance
DefaultConverter.convertToCollection,toClass
DefaultConverter.convertToCollection,getClass
DefaultConverter.convertToCollection,isArray
DefaultConverter.convertToCollection,getLength
DefaultConverter.convertToCollection,add
DefaultConverter.convertToCollection,convert
DefaultConverter.convertToCollection,get
DefaultConverter.convertToDictionary,getActualTypeArgument
DefaultConverter.convertToDictionary,keys
DefaultConverter.convertToDictionary,hasMoreElements
DefaultConverter.convertToDictionary,nextElement
DefaultConverter.convertToDictionary,put
DefaultConverter.convertToDictionary,convert
DefaultConverter.convertToDictionary,get
DefaultConverter.convertToDictionary,getKey
DefaultConverter.convertToDictionary,getValue
DefaultConverter.convertToMap,getActualTypeArgument
DefaultConverter.convertToMap,getMap
DefaultConverter.convertToMap,newInstance
DefaultConverter.convertToMap,toClass
DefaultConverter.convertToMap,keys
DefaultConverter.convertToMap,hasMoreElements
DefaultConverter.convertToMap,nextElement
DefaultConverter.convertToMap,put
DefaultConverter.convertToMap,convert
DefaultConverter.convertToMap,get
DefaultConverter.convertToMap,getKey
DefaultConverter.convertToMap,getValue
DefaultConverter.convertToArray,getClass
DefaultConverter.convertToArray,isArray
DefaultConverter.convertToArray,size
DefaultConverter.convertToArray,getActualTypeArgument
DefaultConverter.convertToArray,getRawClass
DefaultConverter.convertToArray,getComponentType
DefaultConverter.convertToArray,newInstance
DefaultConverter.convertToArray,toClass
DefaultConverter.convertToArray,getLength
DefaultConverter.convertToArray,set
DefaultConverter.convertToArray,convert
DefaultConverter.convertToArray,get
DefaultConverter.isAssignable,size
DefaultConverter.isAssignable,unwrap
DefaultConverter.isAssignable,isAssignableFrom
DefaultConverter.isAssignable,getClass
DefaultConverter.isAssignable,getRawClass
DefaultConverter.unwrap,get
DefaultConverter.getMap,hasDefaultConstructor
DefaultConverter.getMap,isAssignableFrom
DefaultConverter.getCollection,hasDefaultConstructor
DefaultConverter.getCollection,isAssignableFrom
DefaultConverter.hasDefaultConstructor,isPublic
DefaultConverter.hasDefaultConstructor,getModifiers
DefaultConverter.hasDefaultConstructor,isAbstract
DefaultConverter.hasDefaultConstructor,getConstructors
DefaultConverter.hasDefaultConstructor,getParameterTypes
DefaultConverter.toClass,getRawClass
GenericType.parse,trim
GenericType.parse,endsWith
GenericType.parse,parse
GenericType.parse,substring
GenericType.parse,length
GenericType.parse,newInstance
GenericType.parse,getClass
GenericType.parse,getRawClass
GenericType.parse,indexOf
GenericType.parse,split
GenericType.parse,containsKey
GenericType.parse,get
GenericType.toString,getRawClass
GenericType.toString,isArray
GenericType.toString,toString
GenericType.toString,getComponentType
GenericType.toString,getName
GenericType.toString,append
GenericType.parametersOf,isArray
GenericType.parametersOf,getComponentType
GenericType.parametersOf,size
GenericType.parametersOf,getActualTypeArguments
GenericType.getConcreteClass,collapse
GenericType.getConcreteClass,getConcreteClass
GenericType.collapse,collapse
GenericType.collapse,newInstance
GenericType.collapse,getClass
GenericType.collapse,getLowerBounds
GenericType.collapse,getUpperBounds
AnsiSplitter.splitLines,tabs
AnsiSplitter.splitLines,appendAnsi
AnsiSplitter.splitLines,columnSplitLength
AnsiSplitter.splitLines,stream
AnsiSplitter.splitLines,map
AnsiSplitter.splitLines,collect
AnsiSplitter.splitLines,toList
AnsiSplitter.substring,tabs
AnsiSplitter.substring,appendAnsi
AnsiSplitter.substring,columnSubSequence
AnsiSplitter.substring,toAnsi
AnsiSplitter.length,tabs
AnsiSplitter.length,appendAnsi
AnsiSplitter.length,columnLength
AnsiSplitter.cut,splitLines
AnsiSplitter.cut,get
AnsiSplitter.window,setTabs
AnsiSplitter.splitter,setTabs
AnsiSplitter.readLine,isEmpty
AnsiSplitter.readLine,readLine
AnsiSplitter.readLine,add
AnsiSplitter.readLine,setLength
AnsiSplitter.readLine,appendAnsi
AnsiSplitter.readLine,length
AnsiSplitter.readLine,style
AnsiSplitter.readLine,styleAt
AnsiSplitter.readLine,columnSubSequence
AnsiSplitter.readLine,columnSplitLength
AnsiSplitter.readLine,stream
AnsiSplitter.readLine,map
AnsiSplitter.readLine,forEach
AnsiSplitter.readLine,remove
AnsiSplitter.setTabs,tabs
AnsiBufferedReader.readLine,isEmpty
AnsiBufferedReader.readLine,readLine
AnsiBufferedReader.readLine,add
AnsiBufferedReader.readLine,setLength
AnsiBufferedReader.readLine,appendAnsi
AnsiBufferedReader.readLine,length
AnsiBufferedReader.readLine,style
AnsiBufferedReader.readLine,styleAt
AnsiBufferedReader.readLine,columnSubSequence
AnsiBufferedReader.readLine,columnSplitLength
AnsiBufferedReader.readLine,stream
AnsiBufferedReader.readLine,map
AnsiBufferedReader.readLine,forEach
AnsiBufferedReader.readLine,remove
AnsiBufferedReader.setTabs,tabs
AggregateCompleter.complete,completeCandidates
AggregateCompleter.complete,add
AggregateCompleter.complete,value
AggregateCompleter.complete,size
AggregateCompleter.complete,complete
AggregateCompleter.complete,max
AggregateCompleter.complete,addAll
AggregateCompleter.completeCandidates,completeCandidates
StringsCompleter.complete,getCursorArgument
StringsCompleter.complete,substring
StringsCompleter.complete,getArgumentPosition
StringsCompleter.complete,toLowerCase
StringsCompleter.complete,getStrings
StringsCompleter.complete,tailSet
StringsCompleter.complete,startsWith
StringsCompleter.complete,add
StringsCompleter.complete,isEmpty
StringsCompleter.complete,getBufferPosition
StringsCompleter.complete,size
StringsCompleter.complete,set
StringsCompleter.complete,get
StringsCompleter.complete,checkNotNull
StringsCompleter.complete,addAll
FileCompleter.isWindows,contains
FileCompleter.completeCandidates,getCursorArgument
FileCompleter.completeCandidates,substring
FileCompleter.completeCandidates,getArgumentPosition
FileCompleter.completeCandidates,replaceAll
FileCompleter.completeCandidates,get
FileCompleter.completeCandidates,lastIndexOf
FileCompleter.completeCandidates,separator
FileCompleter.completeCandidates,startsWith
FileCompleter.completeCandidates,getUserHome
FileCompleter.completeCandidates,resolve
FileCompleter.completeCandidates,getParent
FileCompleter.completeCandidates,getUserDir
FileCompleter.completeCandidates,newDirectoryStream
FileCompleter.completeCandidates,forEach
FileCompleter.completeCandidates,getFileName
FileCompleter.completeCandidates,toString
FileCompleter.completeCandidates,isDirectory
FileCompleter.completeCandidates,add
FileCompleter.completeCandidates,getDisplay
FileCompleter.accept,isHidden
FileCompleter.getUserDir,get
FileCompleter.getUserDir,getProperty
FileCompleter.getUserHome,get
FileCompleter.getUserHome,getProperty
FileCompleter.getDisplay,getFileName
FileCompleter.getDisplay,toString
FileCompleter.getDisplay,isDirectory
FileCompleter.getDisplay,style
FileCompleter.getDisplay,foreground
FileCompleter.getDisplay,append
FileCompleter.getDisplay,toAnsi
FileCompleter.getDisplay,isSymbolicLink
UriCompleter.completeCandidates,getCursorArgument
UriCompleter.completeCandidates,startsWith
UriCompleter.completeCandidates,maven
UriCompleter.completeCandidates,file
UriCompleter.file,getCursorArgument
UriCompleter.file,substring
UriCompleter.file,length
UriCompleter.file,getArgumentPosition
UriCompleter.file,getDefault
UriCompleter.file,getRootDirectories
UriCompleter.file,add
UriCompleter.file,toString
UriCompleter.file,get
UriCompleter.file,decode
UriCompleter.file,endsWith
UriCompleter.file,getFileName
UriCompleter.file,getParent
UriCompleter.file,isDirectory
UriCompleter.file,newDirectoryStream
UriCompleter.file,encode
UriCompleter.encode,replaceAll
UriCompleter.decode,replaceAll
UriCompleter.maven,getProperty
UriCompleter.maven,getCursorArgument
UriCompleter.maven,substring
UriCompleter.maven,length
UriCompleter.maven,getArgumentPosition
UriCompleter.maven,split
UriCompleter.maven,endsWith
UriCompleter.maven,append
UriCompleter.maven,get
UriCompleter.maven,resolve
UriCompleter.maven,toString
UriCompleter.maven,newDirectoryStream
UriCompleter.maven,isDirectory
UriCompleter.maven,getFileName
UriCompleter.maven,add
UriCompleter.maven,replace
SignalSupport.addSignalListener,getSignalListeners
SignalSupport.addSignalListener,add
SignalSupport.addSignalListener,addSignalListener
SignalSupport.addSignalListener,allOf
SignalSupport.addSignalListener,toArray
SignalSupport.addSignalListener,size
SignalSupport.removeSignalListener,allOf
SignalSupport.removeSignalListener,getSignalListeners
SignalSupport.removeSignalListener,remove
SignalSupport.signal,getSignalListeners
SignalSupport.signal,signal
SignalSupport.getSignalListeners,compute
ShellTable.column,add
ShellTable.addRow,add
ShellTable.print,print
ShellTable.print,supportsUnicode
ShellTable.print,formatContent
ShellTable.print,adjustSize
ShellTable.print,getContent
ShellTable.print,println
ShellTable.print,underline
ShellTable.print,getSize
ShellTable.print,equals
ShellTable.print,size
ShellTable.print,tryGrowToMaxSize
ShellTable.supportsUnicode,getEncoding
ShellTable.supportsUnicode,newEncoder
ShellTable.supportsUnicode,canEncode
ShellTable.getEncoding,getClass
ShellTable.getEncoding,current
ShellTable.getEncoding,session
ShellTable.getEncoding,get
ShellTable.getEncoding,getMethod
ShellTable.getEncoding,invoke
ShellTable.getEncoding,getDeclaredField
ShellTable.getEncoding,setAccessible
ShellTable.getEncoding,forName
ShellTable.getEncoding,getEncoding
ShellTable.adjustSize,length
ShellTable.adjustSize,size
ShellTable.adjustSize,get
ShellTable.adjustSize,max
ShellTable.underline,fill
AnsiColumn.getContent,style
AnsiColumn.getContent,foreground
AnsiColumn.getContent,bold
AnsiColumn.getContent,append
AnsiColumn.getContent,boldOff
AnsiColumn.getContent,foregroundOff
AnsiColumn.getContent,toAnsi
AnsiColumn.getContent,ansi
AnsiColumn.getContent,fg
AnsiColumn.getContent,a
AnsiColumn.getContent,toString
Row.addContent,addAll
Row.addContent,asList
Row.formatContent,clear
Row.formatContent,add
Row.formatContent,format
Row.formatContent,get
Row.getContent,size
Row.getContent,get
Row.getContent,getContent
Row.getContent,split
Row.getContent,max
Row.getContent,add
Row.getContent,append
Row.getContent,repeat
Row.getContent,getSize
Row.getContent,length
Row.getContent,charAt
Row.getContent,setLength
Row.getContent,toString
StringUtil.length,length
StringUtil.repeat,repeat
Col.wrap,wrap
Col.wrap,compile
Col.wrap,indexOf
Col.wrap,substring
Col.wrap,length
Col.wrap,add
Col.wrap,matcher
Col.wrap,find
Col.wrap,group
Col.bold,bold
Col.cyan,cyan
Col.cyan,colorProvider
Col.updateSize,getClippedSize
Col.getClippedSize,min
Col.format,format
Col.format,length
Col.format,updateSize
Col.format,splitLines
Col.format,stream
Col.format,mapToInt
Col.format,max
Col.format,getAsInt
Col.format,map
Col.format,cut
Col.format,getClippedSize
Col.format,collect
Col.format,joining
Col.format,substring
Col.getContent,splitLines
Col.getContent,apply
Col.getContent,length
Col.getContent,append
Col.getContent,position
Col.getContent,cut
Col.getContent,toString
Col.splitLines,asList
Col.splitLines,split
Col.splitLines,addAll
Col.splitLines,wrap
Col.cut,length
Col.cut,substring
Col.cut,max
GogoParser.ws,eof
GogoParser.ws,isWhitespace
GogoParser.ws,peek
GogoParser.ws,length
GogoParser.ws,charAt
GogoParser.ws,comment
GogoParser.isWhitespace,isWhitespace
GogoParser.comment,eof
GogoParser.comment,peek
GogoParser.comment,next
GogoParser.eof,length
GogoParser.peek,peek
GogoParser.peek,eof
GogoParser.peek,charAt
GogoParser.peek,unicode
GogoParser.peek,size
GogoParser.program,ws
GogoParser.program,eof
GogoParser.program,add
GogoParser.program,pipeline
GogoParser.program,peek
GogoParser.program,context
GogoParser.context,subSequence
GogoParser.context,max
GogoParser.context,min
GogoParser.context,length
GogoParser.pipeline,add
GogoParser.pipeline,statement
GogoParser.pipeline,peek
GogoParser.pipeline,ws
GogoParser.pipeline,eof
GogoParser.statement,add
GogoParser.statement,value
GogoParser.statement,eof
GogoParser.statement,ws
GogoParser.statement,peek
GogoParser.statement,messy
GogoParser.messy,peek
GogoParser.messy,indexOf
GogoParser.messy,eof
GogoParser.messy,isWhitespace
GogoParser.messy,next
GogoParser.messy,substring
GogoParser.messy,value
GogoParser.value,ws
GogoParser.value,next
GogoParser.value,substring
GogoParser.value,find
GogoParser.value,quote
GogoParser.value,eof
GogoParser.value,peek
GogoParser.value,isWhitespace
GogoParser.next,peek
GogoParser.unicode,length
GogoParser.unicode,context
GogoParser.unicode,subSequence
GogoParser.unicode,toString
GogoParser.unicode,parseInt
GogoParser.find,eof
GogoParser.find,context
GogoParser.find,next
GogoParser.find,quote
GogoParser.quote,eof
GogoParser.quote,peek
GogoParser.quote,next
GogoParser.findVar,peek
GogoParser.findVar,next
GogoParser.findVar,find
GogoParser.findVar,subSequence
GogoParser.findVar,isJavaIdentifierPart
GogoParser.findVar,eof
GogoParser.findVar,context
GogoParser.toString,context
GogoParser.unescape,eof
GogoParser.unescape,append
GogoParser.unescape,next
GogoParser.unescape,toString
DefaultParser.parse,statement
DefaultParser.parse,toArray
DefaultParser.parse,size
DefaultParser.parse,cursorArgumentIndex
DefaultParser.parse,argumentPosition
DefaultParser.parse,substring
DefaultParser.parse,position
DefaultParser.preprocess,getArguments
DefaultParser.preprocess,append
DefaultParser.preprocess,toString
Candidate.compareTo,compareTo
Parser.tokens,unmodifiableList
Parser.statements,sort
Parser.statements,comparingInt
Parser.statements,unmodifiableList
Parser.program,next
Parser.program,getMissing
Parser.program,whole
Parser.program,eq
Parser.program,isEmpty
Parser.program,push
Parser.program,statement
Parser.program,add
Parser.program,ws
Parser.program,eof
Parser.program,pipeline
Parser.program,peek
Parser.program,context
Parser.push,push
Parser.next,next
Parser.next,add
Parser.next,peek
Parser.sequence,start
Parser.sequence,expectNotNull
Parser.sequence,program
Parser.sequence,end
Parser.sequence,whole
Parser.closure,start
Parser.closure,expectNotNull
Parser.closure,program
Parser.closure,end
Parser.closure,whole
Parser.statement,next
Parser.statement,eq
Parser.statement,push
Parser.statement,add
Parser.statement,closure
Parser.statement,array
Parser.statement,sequence
Parser.statement,matcher
Parser.statement,matches
Parser.statement,readHereDoc
Parser.statement,charAt
Parser.statement,length
Parser.statement,whole
Parser.statement,value
Parser.statement,eof
Parser.statement,ws
Parser.statement,peek
Parser.statement,messy
Parser.array,start
Parser.array,next
Parser.array,getMissing
Parser.array,eq
Parser.array,push
Parser.array,line
Parser.array,column
Parser.array,sequence
Parser.array,array
Parser.array,expect
Parser.array,closure
Parser.array,put
Parser.array,add
Parser.array,end
Parser.array,whole
Parser.expectNotNull,next
Parser.expectNotNull,getMissing
Parser.expectNotNull,push
Parser.getMissing,getMissing
Parser.getMissing,addLast
Parser.getMissing,equals
Parser.getMissing,length
Parser.getMissing,append
Parser.getMissing,toString
Parser.start,addLast
Parser.start,expect
Parser.end,expect
Parser.end,removeLast
Parser.expect,next
Parser.expect,getMissing
Parser.expect,eq
Parser.expect,toString
Parser.whole,isEmpty
Parser.whole,min
Parser.whole,text
Parser.whole,length
Parser.whole,subSequence
Parser.whole,get
Parser.whole,size
Parser.whole,whole
SshUtils.filter,trim
SshUtils.filter,getName
SshUtils.filter,equals
SshUtils.filter,add
SshUtils.filter,warn
SshUtils.filter,getSimpleName
SshUtils.filter,toLowerCase
SshUtils.buildMacs,filter
SshUtils.buildMacs,getMacFactories
SshUtils.buildCiphers,getCipherFactories
SshUtils.buildCiphers,filter
SshUtils.buildKexAlgorithms,getKeyExchangeFactories
SshUtils.buildKexAlgorithms,filter
SshUtils.buildSigAlgorithms,getSignatureAlgorithms
SshUtils.buildSigAlgorithms,filter
SshUtils.build,build
SshUtils.build,fillWithDefaultValues
ServerConfig.build,build
ServerConfig.build,fillWithDefaultValues
ShellCommand.start,getServerSession
ShellCommand.start,start
ShellCommand.run,create
ShellCommand.run,getEnv
ShellCommand.run,entrySet
ShellCommand.run,put
ShellCommand.run,getKey
ShellCommand.run,getValue
ShellCommand.run,getAttribute
ShellCommand.run,getName
ShellCommand.run,doAs
ShellCommand.run,getProperty
ShellCommand.run,executeScript
ShellCommand.run,execute
ShellCommand.run,getException
ShellCommand.run,logException
ShellCommand.run,error
ShellCommand.run,onExit
ShellCommand.run,close
ShellCommand.executeScript,stream
ShellCommand.executeScript,forEach
ShellCommand.executeScript,doExecuteScript
ShellCommand.doExecuteScript,join
ShellCommand.doExecuteScript,readAllLines
ShellCommand.doExecuteScript,execute
ShellCommand.doExecuteScript,debug
ShellCommand.doExecuteScript,println
ShellCommand.doExecuteScript,getMessage
ShellFactoryImpl.start,getServerSession
ShellFactoryImpl.start,getAttribute
ShellFactoryImpl.start,getEncoding
ShellFactoryImpl.start,output
ShellFactoryImpl.start,create
ShellFactoryImpl.start,getEnv
ShellFactoryImpl.start,entrySet
ShellFactoryImpl.start,put
ShellFactoryImpl.start,getKey
ShellFactoryImpl.start,getValue
ShellFactoryImpl.start,getName
ShellFactoryImpl.start,runAs
ShellFactoryImpl.start,start
ShellFactoryImpl.start,getCurrentUserName
ShellFactoryImpl.destroy,onExit
ShellFactoryImpl.destroy,close
ShellFactoryImpl.destroy,destroy
ShellFactoryImpl.getEncoding,getEnv
ShellFactoryImpl.getEncoding,getOrDefault
ShellFactoryImpl.getEncoding,getenv
ShellFactoryImpl.getEncoding,extractEncodingFromCtype
ShellFactoryImpl.getEncoding,getProperty
ShellFactoryImpl.getEncoding,defaultCharset
ShellFactoryImpl.getEncoding,name
ShellFactoryImpl.extractEncodingFromCtype,indexOf
ShellFactoryImpl.extractEncodingFromCtype,substring
ShellImpl.start,getServerSession
ShellImpl.start,getAttribute
ShellImpl.start,getEncoding
ShellImpl.start,output
ShellImpl.start,create
ShellImpl.start,getEnv
ShellImpl.start,entrySet
ShellImpl.start,put
ShellImpl.start,getKey
ShellImpl.start,getValue
ShellImpl.start,getName
ShellImpl.start,runAs
ShellImpl.start,start
ShellImpl.start,getCurrentUserName
ShellImpl.destroy,onExit
ShellImpl.destroy,close
ShellImpl.destroy,destroy
KnownHostsManager.getKnownKey,getKnownKeyInternal
KnownHostsManager.getKnownKey,close
KnownHostsManager.getKnownKeyInternal,getAddressString
KnownHostsManager.getKnownKeyInternal,readLine
KnownHostsManager.getKnownKeyInternal,split
KnownHostsManager.getKnownKeyInternal,equals
KnownHostsManager.getKnownKeyInternal,getDecoder
KnownHostsManager.getKnownKeyInternal,decode
KnownHostsManager.getKnownKeyInternal,getBytes
KnownHostsManager.getKnownKeyInternal,getInstance
KnownHostsManager.getKnownKeyInternal,generatePublic
KnownHostsManager.storeKeyForHost,writeKey
KnownHostsManager.storeKeyForHost,close
KnownHostsManager.writeKey,append
KnownHostsManager.writeKey,getAddressString
KnownHostsManager.writeKey,getAlgorithm
KnownHostsManager.writeKey,getEncoded
KnownHostsManager.writeKey,getEncoder
KnownHostsManager.writeKey,encode
KnownHostsManager.getAddressString,format
KnownHostsManager.getAddressString,getHostName
KnownHostsManager.getAddressString,getAddress
KnownHostsManager.getAddressString,getHostAddress
KnownHostsManager.getAddressString,getPort
KnownHostsManager.close,close
KnownHostsManager.close,warn
KnownHostsManager.close,getMessage
SshAction.execute,indexOf
SshAction.execute,substring
SshAction.execute,println
SshAction.execute,get
SshAction.execute,debug
SshAction.execute,readLine
SshAction.execute,setUpDefaultClient
SshAction.execute,setAgentFactory
SshAction.execute,getInstance
SshAction.execute,toString
SshAction.execute,getProperties
SshAction.execute,put
SshAction.execute,getProperty
SshAction.execute,setServerKeyVerifier
SshAction.execute,setKeyIdentityProvider
SshAction.execute,setUserInteraction
SshAction.execute,start
SshAction.execute,connectWithRetries
SshAction.execute,addPasswordIdentity
SshAction.execute,auth
SshAction.execute,verify
SshAction.execute,length
SshAction.execute,append
SshAction.execute,createChannel
SshAction.execute,setIn
SshAction.execute,setOut
SshAction.execute,setErr
SshAction.execute,open
SshAction.execute,waitFor
SshAction.execute,of
SshAction.execute,getTerminal
SshAction.execute,createShellChannel
SshAction.execute,enterRawMode
SshAction.execute,addMode
SshAction.execute,getFlag
SshAction.execute,setPtyModes
SshAction.execute,setPtyColumns
SshAction.execute,getTermWidth
SshAction.execute,setPtyLines
SshAction.execute,getTermHeight
SshAction.execute,setAgentForwarding
SshAction.execute,setEnv
SshAction.execute,getType
SshAction.execute,getDefault
SshAction.execute,defaultCharset
SshAction.execute,name
SshAction.execute,input
SshAction.execute,output
SshAction.execute,handle
SshAction.execute,getSize
SshAction.execute,sendWindowChange
SshAction.execute,getColumns
SshAction.execute,getRows
SshAction.execute,getInvertedIn
SshAction.execute,write
SshAction.execute,getControlChar
SshAction.execute,flush
SshAction.execute,setAttributes
SshAction.execute,close
SshAction.execute,stop
SshAction.welcome,println
SshAction.interactive,readLine
SshAction.addMode,getControlChar
SshAction.addMode,put
SshAction.getFlag,getInputFlag
SshAction.getFlag,getOutputFlag
SshAction.getFlag,getLocalFlag
SshAction.getTermWidth,getTerminal
SshAction.getTermWidth,getWidth
SshAction.getTermHeight,getTerminal
SshAction.getTermHeight,getHeight
SshAction.connectWithRetries,connect
SshAction.connectWithRetries,await
SshAction.connectWithRetries,getSession
SshAction.connectWithRetries,sleep
SshAction.connectWithRetries,println
Activator.doOpen,getInstance
Activator.doOpen,registerSession
Activator.doOpen,unregisterSession
Activator.doOpen,open
Activator.doOpen,getProperty
Activator.doOpen,isFile
Activator.doOpen,canRead
Activator.doOpen,load
Activator.doOpen,warn
Activator.doOpen,toString
Activator.doOpen,isEmpty
Activator.doOpen,entrySet
Activator.doOpen,put
Activator.doOpen,getKey
Activator.doOpen,getValue
Activator.doOpen,getTrackedService
Activator.doOpen,getConfiguration
Activator.doOpen,getProperties
Activator.doOpen,updated
Activator.doOpen,clear
Activator.doOpen,register
Activator.doOpen,getConfig
Activator.doOpen,parseBoolean
Activator.doOpen,get
Activator.doClose,close
Activator.createAndRunSshServer,createSshServer
Activator.createAndRunSshServer,registerService
Activator.createAndRunSshServer,currentThread
Activator.createAndRunSshServer,getContextClassLoader
Activator.createAndRunSshServer,setContextClassLoader
Activator.createAndRunSshServer,getClassLoader
Activator.createAndRunSshServer,start
Activator.createAndRunSshServer,warn
Activator.createSshServer,getInt
Activator.createSshServer,getString
Activator.createSshServer,getLong
Activator.createSshServer,getClassesArray
Activator.createSshServer,getProperty
Activator.createSshServer,getStringArray
Activator.createSshServer,getBoolean
Activator.createSshServer,get
Activator.createSshServer,setAuthMethods
Activator.createSshServer,setUpDefaultServer
Activator.createSshServer,setPort
Activator.createSshServer,setHost
Activator.createSshServer,setMacFactories
Activator.createSshServer,buildMacs
Activator.createSshServer,setCipherFactories
Activator.createSshServer,buildCiphers
Activator.createSshServer,setKeyExchangeFactories
Activator.createSshServer,buildKexAlgorithms
Activator.createSshServer,setSignatureFactories
Activator.createSshServer,buildSigAlgorithms
Activator.createSshServer,setShellFactory
Activator.createSshServer,setCommandFactory
Activator.createSshServer,withDelegate
Activator.createSshServer,build
Activator.createSshServer,setSubsystemFactories
Activator.createSshServer,singletonList
Activator.createSshServer,setFileSystemFactory
Activator.createSshServer,setKeyPairProvider
Activator.createSshServer,setPasswordAuthenticator
Activator.createSshServer,setPublickeyAuthenticator
Activator.createSshServer,setUserAuthFactories
Activator.createSshServer,getFactories
Activator.createSshServer,setAgentFactory
Activator.createSshServer,getInstance
Activator.createSshServer,setForwardingFilter
Activator.createSshServer,set
Activator.createSshServer,ofMillis
SshTerminal.handleSignal,raise
SshTerminal.handleSignal,parseInt
SshTerminal.handleSignal,getEnv
SshTerminal.handleSignal,get
SshTerminal.handleSignal,setSize
SshTerminal.getWidth,getColumns
SshTerminal.getHeight,getRows
SshTerminal.isEchoEnabled,echo
SshTerminal.setEchoEnabled,echo
SshServerAction.execute,debug
SshServerAction.execute,setPort
SshServerAction.execute,set
SshServerAction.execute,ofMillis
SshServerAction.execute,start
SshServerAction.execute,println
SshServerAction.execute,wait
SshServerAction.execute,stop
KarafAgentFactory.createClient,getProperties
KarafAgentFactory.createClient,get
KarafAgentFactory.createClient,createClient
KarafAgentFactory.createServer,getSession
KarafAgentFactory.createServer,put
KarafAgentFactory.createServer,getId
KarafAgentFactory.createServer,isOpen
KarafAgentFactory.createServer,remove
KarafAgentFactory.createServer,close
KarafAgentFactory.getId,getId
KarafAgentFactory.isOpen,isOpen
KarafAgentFactory.close,remove
KarafAgentFactory.close,getId
KarafAgentFactory.close,close
KarafAgentFactory.registerSession,get
KarafAgentFactory.registerSession,put
KarafAgentFactory.registerSession,warn
KarafAgentFactory.unregisterSession,get
KarafAgentFactory.unregisterSession,put
KarafAgentFactory.unregisterSession,remove
KarafAgentFactory.unregisterSession,warn
KarafJaasAuthenticator.authenticate,doLogin
KarafJaasAuthenticator.doLogin,getPrincipals
KarafJaasAuthenticator.doLogin,add
KarafJaasAuthenticator.doLogin,getClientAddress
KarafJaasAuthenticator.doLogin,toString
KarafJaasAuthenticator.doLogin,login
KarafJaasAuthenticator.doLogin,assertRolePresent
KarafJaasAuthenticator.doLogin,setAttribute
KarafJaasAuthenticator.doLogin,debug
KarafJaasAuthenticator.doLogin,getMessage
KarafJaasAuthenticator.assertRolePresent,isEmpty
KarafJaasAuthenticator.assertRolePresent,getPrincipals
KarafJaasAuthenticator.assertRolePresent,isInstance
KarafJaasAuthenticator.assertRolePresent,equals
KarafJaasAuthenticator.assertRolePresent,getName
ServerKeyVerifierImpl.verifyServerKey,getKnownKey
ServerKeyVerifierImpl.verifyServerKey,getAlgorithm
ServerKeyVerifierImpl.verifyServerKey,println
ServerKeyVerifierImpl.verifyServerKey,getConfirmation
ServerKeyVerifierImpl.verifyServerKey,storeKeyForHost
ServerKeyVerifierImpl.verifyServerKey,equals
ServerKeyVerifierImpl.getConfirmation,read
ActivatorNoOsgi.init,getRegistry
ActivatorNoOsgi.init,getService
ActivatorNoOsgi.init,register
ActivatorNoOsgi.destroy,getRegistry
ActivatorNoOsgi.destroy,getService
ActivatorNoOsgi.destroy,register
UserAuthFactoriesFactory.setAuthMethods,equals
UserAuthFactoriesFactory.setAuthMethods,add
UserAuthFactoriesFactory.isPublickeyEnabled,contains
UserAuthFactoriesFactory.isPasswordEnabled,contains
UserAuthFactoriesFactory.isKeyboardInteractive,contains
PemWriter.writeKeyPair,toFile
PemWriter.writeKeyPair,writeObject
PemWriter.writeKeyPair,getPrivate
PemWriter.writeKeyPair,getEncoded
PemWriter.writeKeyPair,getPublic
OpenSSHKeyPairProvider.loadKeys,singleton
OpenSSHKeyPairProvider.loadKeys,toFile
OpenSSHKeyPairProvider.loadKeys,exists
OpenSSHKeyPairProvider.loadKeys,createServerKey
OpenSSHKeyPairProvider.loadKeys,newInputStream
OpenSSHKeyPairProvider.loadKeys,getKeyPair
OpenSSHKeyPairProvider.loadKeys,warn
OpenSSHKeyPairProvider.loadKeys,getKeyPairUsingPublicKeyFile
OpenSSHKeyPairProvider.loadKeys,info
OpenSSHKeyPairProvider.loadKeys,convertLegacyKey
OpenSSHKeyPairProvider.convertLegacyKey,setAlgorithm
OpenSSHKeyPairProvider.convertLegacyKey,setOverwriteAllowed
OpenSSHKeyPairProvider.convertLegacyKey,setPath
OpenSSHKeyPairProvider.convertLegacyKey,setKeySize
OpenSSHKeyPairProvider.convertLegacyKey,loadKeys
OpenSSHKeyPairProvider.convertLegacyKey,iterator
OpenSSHKeyPairProvider.convertLegacyKey,next
OpenSSHKeyPairProvider.convertLegacyKey,writeKeyPair
OpenSSHKeyPairProvider.getKeyPairUsingPublicKeyFile,getInstance
OpenSSHKeyPairProvider.getKeyPairUsingPublicKeyFile,readAllBytes
OpenSSHKeyPairProvider.getKeyPairUsingPublicKeyFile,replace
OpenSSHKeyPairProvider.getKeyPairUsingPublicKeyFile,getMimeDecoder
OpenSSHKeyPairProvider.getKeyPairUsingPublicKeyFile,decode
OpenSSHKeyPairProvider.getKeyPairUsingPublicKeyFile,generatePrivate
OpenSSHKeyPairProvider.getKeyPairUsingPublicKeyFile,generatePublic
OpenSSHKeyPairProvider.createServerKey,info
OpenSSHKeyPairProvider.createServerKey,generate
OpenSSHKeyPairProvider.createServerKey,writeKeyPair
OpenSSHKeyPairProvider.createServerKey,debug
OpenSSHKeyPairProvider.createServerKey,add
OpenSSHKeyPairProvider.createServerKey,setPosixFilePermissions
OpenSSHKeyPairGenerator.generate,getKeyPairGenerator
OpenSSHKeyPairGenerator.generate,initialize
OpenSSHKeyPairGenerator.generate,info
OpenSSHKeyPairGenerator.generate,equals
OpenSSHKeyPairGenerator.generate,size
OpenSSHKeyPairGenerator.generate,get
OpenSSHKeyPairGenerator.generate,getParameters
OpenSSHKeyPairGenerator.generate,generateKeyPair
KeyPairLoader.getKeyPair,getKeyPair
KeyPairLoader.getKeyPair,readObject
KeyPairLoader.getKeyPair,build
KeyPairLoader.getKeyPair,toCharArray
KeyPairLoader.getKeyPair,debug
KeyPairLoader.getKeyPair,getPrivateKey
KeyPairLoader.getKeyPair,convertPrivateToPublicKey
KeyPairLoader.convertPrivateToPublicKey,getInstance
KeyPairLoader.convertPrivateToPublicKey,generatePublic
KeyPairLoader.convertPrivateToPublicKey,convertSpec
KeyPairLoader.convertPrivateToPublicKey,getParams
KeyPairLoader.convertPrivateToPublicKey,getG
KeyPairLoader.convertPrivateToPublicKey,multiply
KeyPairLoader.convertPrivateToPublicKey,getS
KeyPairLoader.convertPrivateToPublicKey,getQ
KeyPairLoader.convertPrivateToPublicKey,getP
KeyPairLoader.convertPrivateToPublicKey,modPow
KeyPairLoader.convertPrivateToPublicKey,getX
KeyPairLoader.convertPrivateToPublicKey,warn
ShellTable.tryGrowToMaxSize,length
ShellTable.tryGrowToMaxSize,max
ExecuteAction.execute,directory
ExecuteAction.execute,currentDir
ExecuteAction.execute,toFile
ExecuteAction.execute,current
ExecuteAction.execute,join
ExecuteAction.execute,in
ExecuteAction.execute,out
ExecuteAction.execute,err
ExecuteAction.execute,debug
ExecuteAction.execute,start
ExecuteAction.execute,attach
ExecuteAction.execute,waitFor
ExecuteAction.execute,stop
PrintfAction.execute,printf
PrintfAction.execute,toArray
JavaAction.execute,isInfoEnabled
JavaAction.execute,currentThread
JavaAction.execute,getContextClassLoader
JavaAction.execute,loadClass
JavaAction.execute,info
JavaAction.execute,getMethod
JavaAction.execute,invoke
InfoAction.execute,getRuntimeMXBean
InfoAction.execute,getThreadMXBean
InfoAction.execute,getMemoryMXBean
InfoAction.execute,getClassLoadingMXBean
InfoAction.execute,println
InfoAction.execute,printValue
InfoAction.execute,getProperty
InfoAction.execute,getOsgiFramework
InfoAction.execute,getVmName
InfoAction.execute,getVmVersion
InfoAction.execute,getVmVendor
InfoAction.execute,getPid
InfoAction.execute,printDuration
InfoAction.execute,getUptime
InfoAction.execute,forName
InfoAction.execute,getValueAsLong
InfoAction.execute,format
InfoAction.execute,getValueAsDouble
InfoAction.execute,printLong
InfoAction.execute,getCompilationMXBean
InfoAction.execute,getTotalCompilationTime
InfoAction.execute,toString
InfoAction.execute,getThreadCount
InfoAction.execute,getDaemonThreadCount
InfoAction.execute,getPeakThreadCount
InfoAction.execute,getTotalStartedThreadCount
InfoAction.execute,printSizeInKb
InfoAction.execute,getHeapMemoryUsage
InfoAction.execute,getUsed
InfoAction.execute,getMax
InfoAction.execute,getCommitted
InfoAction.execute,getObjectPendingFinalizationCount
InfoAction.execute,getGarbageCollectorMXBeans
InfoAction.execute,getName
InfoAction.execute,getCollectionCount
InfoAction.execute,getCollectionTime
InfoAction.execute,getMemoryPoolMXBeans
InfoAction.execute,size
InfoAction.execute,getType
InfoAction.execute,getPeakUsage
InfoAction.execute,getUsage
InfoAction.execute,getInit
InfoAction.execute,getLoadedClassCount
InfoAction.execute,getTotalLoadedClassCount
InfoAction.execute,getUnloadedClassCount
InfoAction.execute,getVersion
InfoAction.execute,getArch
InfoAction.execute,getAvailableProcessors
InfoAction.execute,getSunOsValueAsLong
InfoAction.execute,containsKey
InfoAction.execute,put
InfoAction.execute,get
InfoAction.execute,putAll
InfoAction.execute,getProperties
InfoAction.execute,keySet
InfoAction.execute,sort
InfoAction.execute,comparing
InfoAction.execute,valueOf
InfoAction.execute,getSubsystems
InfoAction.execute,printHeaders
InfoAction.getPid,getRuntimeMXBean
InfoAction.getPid,getName
InfoAction.getPid,split
InfoAction.getSunOsValueAsLong,getClass
InfoAction.getSunOsValueAsLong,getMethod
InfoAction.getSunOsValueAsLong,invoke
InfoAction.getValueAsLong,isInstance
InfoAction.getValueAsLong,getMethod
InfoAction.getValueAsLong,invoke
InfoAction.getValueAsDouble,isInstance
InfoAction.getValueAsDouble,getMethod
InfoAction.getValueAsDouble,invoke
InfoAction.printLong,format
InfoAction.printSizeInKb,format
InfoAction.printDuration,format
InfoAction.printSysValue,printValue
InfoAction.printSysValue,getProperty
InfoAction.printValue,println
InfoAction.printValue,spaces
InfoAction.printValue,length
InfoAction.spaces,append
InfoAction.spaces,toString
InfoAction.getOsgiFramework,getBundle
InfoAction.getOsgiFramework,getBundleContext
InfoAction.getOsgiFramework,getClass
InfoAction.getOsgiFramework,getSymbolicName
InfoAction.getOsgiFramework,getVersion
InfoAction.getOsgiFramework,call
InfoAction.call,getBundle
InfoAction.call,getBundleContext
InfoAction.call,getClass
InfoAction.call,getSymbolicName
InfoAction.call,getVersion
PrintStackTracesAction.execute,println
PrintStackTracesAction.execute,put
AliasAction.execute,execute
AliasAction.execute,get
AliasAction.execute,toString
AliasAction.execute,write
LogoutAction.execute,loadPropertyFromShellCfg
LogoutAction.execute,info
LogoutAction.execute,close
ThreadKillAction.execute,currentThread
ThreadKillAction.execute,getThreadGroup
ThreadKillAction.execute,getParent
ThreadKillAction.execute,activeCount
ThreadKillAction.execute,enumerate
ThreadKillAction.execute,getId
ThreadKillAction.execute,println
ThreadKillAction.execute,getName
ThreadKillAction.execute,interrupt
ThreadKillAction.execute,getMessage
WatchAction.execute,length
WatchAction.execute,println
WatchAction.execute,scheduleAtFixedRate
WatchAction.execute,get
WatchAction.execute,handle
WatchAction.execute,enterRawMode
WatchAction.execute,currentThread
WatchAction.execute,reader
WatchAction.execute,read
WatchAction.execute,setAttributes
WatchAction.execute,shutdownNow
WatchAction.abort,interrupt
WatchAction.run,create
WatchAction.run,currentThread
WatchAction.run,execute
WatchAction.run,trim
WatchAction.run,abort
WatchAction.run,logException
WatchAction.run,flush
WatchAction.run,print
WatchAction.run,toString
WatchAction.parse,length
WatchAction.parse,isWhitespace
WatchAction.parse,charAt
WatchAction.parse,substring
WatchAction.preprocess,getArguments
WatchAction.preprocess,append
WatchAction.preprocess,toString
WatchAction.complete,getCursorArgument
WatchAction.complete,getArgumentPosition
WatchAction.complete,parse
WatchAction.complete,getRegistry
WatchAction.complete,getService
WatchAction.complete,complete
WatchAction.complete,add
WatchAction.complete,substring
WatchAction.complete,getBufferPosition
WatchTask.run,create
WatchTask.run,currentThread
WatchTask.run,execute
WatchTask.run,trim
WatchTask.run,abort
WatchTask.run,logException
WatchTask.run,flush
WatchTask.run,print
WatchTask.run,toString
WatchParser.parse,length
WatchParser.parse,isWhitespace
WatchParser.parse,charAt
WatchParser.parse,substring
WatchParser.preprocess,getArguments
WatchParser.preprocess,append
WatchParser.preprocess,toString
SubCommandCompleter.complete,getCursorArgument
SubCommandCompleter.complete,getArgumentPosition
SubCommandCompleter.complete,parse
SubCommandCompleter.complete,getRegistry
SubCommandCompleter.complete,getService
SubCommandCompleter.complete,complete
SubCommandCompleter.complete,add
SubCommandCompleter.complete,substring
SubCommandCompleter.complete,getBufferPosition
CompletionAction.execute,println
CompletionAction.execute,get
CompletionAction.execute,equalsIgnoreCase
CompletionAction.execute,put
CompletionAction.execute,toLowerCase
ThreadsAction.execute,getThreadMXBean
ThreadsAction.execute,isObjectMonitorUsageSupported
ThreadsAction.execute,isSynchronizerUsageSupported
ThreadsAction.execute,dumpAllThreads
ThreadsAction.execute,getThreadInfo
ThreadsAction.execute,getAllThreadIds
ThreadsAction.execute,put
ThreadsAction.execute,getThreadId
ThreadsAction.execute,get
ThreadsAction.execute,println
ThreadsAction.execute,getThreadName
ThreadsAction.execute,getThreadState
ThreadsAction.execute,getStackTrace
ThreadsAction.execute,getClassName
ThreadsAction.execute,getMethodName
ThreadsAction.execute,getLineNumber
ThreadsAction.execute,column
ThreadsAction.execute,values
ThreadsAction.execute,addRow
ThreadsAction.execute,addContent
ThreadsAction.execute,getThreadCpuTime
ThreadsAction.execute,getThreadUserTime
ThreadsAction.execute,print
ThreadsAction.execute,currentThread
ThreadsAction.execute,getThreadGroup
ThreadsAction.execute,getParent
ThreadsAction.print,printTree
ThreadsAction.print,printDump
ThreadsAction.printTree,hasInterestingThreads
ThreadsAction.printTree,println
ThreadsAction.printTree,getName
ThreadsAction.printTree,printTree
ThreadsAction.printTree,isInteresting
ThreadsAction.printTree,getState
ThreadsAction.printDump,hasInterestingThreads
ThreadsAction.printDump,printDump
ThreadsAction.printDump,isInteresting
ThreadsAction.printDump,printThreadInfo
ThreadsAction.printDump,printLockInfo
ThreadsAction.printDump,printMonitorInfo
ThreadsAction.hasInterestingThreads,isInteresting
ThreadsAction.hasInterestingThreads,hasInterestingThreads
ThreadsAction.isInteresting,getStackTrace
ThreadsAction.isInteresting,getClassName
ThreadsAction.isInteresting,startsWith
ThreadsAction.printThreadInfo,printThread
ThreadsAction.printThreadInfo,getStackTrace
ThreadsAction.printThreadInfo,getLockedMonitors
ThreadsAction.printThreadInfo,println
ThreadsAction.printThreadInfo,toString
ThreadsAction.printThreadInfo,getLockedStackDepth
ThreadsAction.printThread,getThreadName
ThreadsAction.printThread,getThreadId
ThreadsAction.printThread,getThreadState
ThreadsAction.printThread,getLockName
ThreadsAction.printThread,append
ThreadsAction.printThread,isSuspended
ThreadsAction.printThread,isInNative
ThreadsAction.printThread,println
ThreadsAction.printThread,toString
ThreadsAction.printThread,getLockOwnerName
ThreadsAction.printThread,getLockOwnerId
ThreadsAction.printMonitorInfo,getLockedMonitors
ThreadsAction.printMonitorInfo,println
ThreadsAction.printMonitorInfo,getLockedStackDepth
ThreadsAction.printMonitorInfo,getLockedStackFrame
ThreadsAction.printLockInfo,getLockedSynchronizers
ThreadsAction.printLockInfo,println
ThreadGroupData.print,printTree
ThreadGroupData.print,printDump
ThreadGroupData.printTree,hasInterestingThreads
ThreadGroupData.printTree,println
ThreadGroupData.printTree,getName
ThreadGroupData.printTree,printTree
ThreadGroupData.printTree,isInteresting
ThreadGroupData.printDump,hasInterestingThreads
ThreadGroupData.printDump,printDump
ThreadGroupData.printDump,isInteresting
ThreadGroupData.hasInterestingThreads,isInteresting
ThreadGroupData.hasInterestingThreads,hasInterestingThreads
ThreadData.printTree,println
ThreadData.printTree,getName
ThreadData.printTree,getState
ThreadData.printDump,isInteresting
ThreadData.printDump,printThreadInfo
ThreadData.printDump,printLockInfo
ThreadData.printDump,printMonitorInfo
ThreadData.isInteresting,getStackTrace
ThreadData.isInteresting,getClassName
ThreadData.isInteresting,startsWith
ThreadData.printThreadInfo,printThread
ThreadData.printThreadInfo,getStackTrace
ThreadData.printThreadInfo,getLockedMonitors
ThreadData.printThreadInfo,println
ThreadData.printThreadInfo,toString
ThreadData.printThreadInfo,getLockedStackDepth
ThreadData.printThread,getThreadName
ThreadData.printThread,getThreadId
ThreadData.printThread,getThreadState
ThreadData.printThread,getLockName
ThreadData.printThread,append
ThreadData.printThread,isSuspended
ThreadData.printThread,isInNative
ThreadData.printThread,println
ThreadData.printThread,toString
ThreadData.printThread,getLockOwnerName
ThreadData.printThread,getLockOwnerId
ThreadData.printMonitorInfo,getLockedMonitors
ThreadData.printMonitorInfo,println
ThreadData.printMonitorInfo,getLockedStackDepth
ThreadData.printMonitorInfo,getLockedStackFrame
ThreadData.printLockInfo,getLockedSynchronizers
ThreadData.printLockInfo,println
SourceAction.execute,get
SourceAction.execute,toURL
SourceAction.execute,info
SourceAction.execute,openStream
SourceAction.execute,currentDir
SourceAction.execute,resolve
SourceAction.execute,newBufferedReader
SourceAction.execute,read
SourceAction.execute,write
SourceAction.execute,size
SourceAction.execute,put
SourceAction.execute,toString
SourceAction.execute,execute
SourceAction.execute,close
InfoBundleTrackerCustomizer.addingBundle,getHeaders
InfoBundleTrackerCustomizer.addingBundle,get
InfoBundleTrackerCustomizer.addingBundle,createInfo
InfoBundleTrackerCustomizer.addingBundle,isDebugEnabled
InfoBundleTrackerCustomizer.addingBundle,debug
InfoBundleTrackerCustomizer.addingBundle,getSymbolicName
InfoBundleTrackerCustomizer.addingBundle,getBundleContext
InfoBundleTrackerCustomizer.addingBundle,registerService
InfoBundleTrackerCustomizer.removedBundle,unregister
InfoBundleTrackerCustomizer.createInfo,countTokens
InfoBundleTrackerCustomizer.createInfo,nextToken
InfoBundleTrackerCustomizer.createInfo,hasMoreTokens
InfoBundleTrackerCustomizer.createInfo,put
InfoBundleTrackerCustomizer.createInfo,nextElement
InfoBundleTrackerCustomizer.createInfo,isDebugEnabled
InfoBundleTrackerCustomizer.createInfo,debug
ExecGroovyCodeAction.execute,indexOf
ExecGroovyCodeAction.execute,substring
ExecGroovyCodeAction.execute,setVariable
ExecGroovyCodeAction.execute,println
ExecGroovyCodeAction.execute,evaluate
ExecGroovyFileAction.execute,println
ExecGroovyFileAction.execute,evaluate
CommandTracker.init,createFilter
CommandTracker.init,format
CommandTracker.init,getName
CommandTracker.init,open
CommandTracker.destroy,close
CommandTracker.getScope,getProperty
CommandTracker.getScope,toString
CommandTracker.getName,getProperty
CommandTracker.getName,toString
CommandTracker.getCompleter,getScope
CommandTracker.getCompleter,getName
OldArgumentCompleter.getNames,getCommandNameWithoutGlobalPrefix
OldArgumentCompleter.getNames,split
OldArgumentCompleter.complete,getArgumentPosition
OldArgumentCompleter.complete,getCursorArgumentIndex
OldArgumentCompleter.complete,getSession
OldArgumentCompleter.complete,put
OldArgumentCompleter.complete,getArguments
OldArgumentCompleter.complete,equals
OldArgumentCompleter.complete,resolveCommand
OldArgumentCompleter.complete,verifyCompleter
OldArgumentCompleter.complete,startsWith
OldArgumentCompleter.complete,get
OldArgumentCompleter.complete,getType
OldArgumentCompleter.complete,getAnnotation
OldArgumentCompleter.complete,name
OldArgumentCompleter.complete,aliases
OldArgumentCompleter.complete,size
OldArgumentCompleter.complete,complete
OldArgumentCompleter.complete,getCursorArgument
OldArgumentCompleter.complete,getBufferPosition
OldArgumentCompleter.complete,getBuffer
OldArgumentCompleter.complete,length
OldArgumentCompleter.complete,isDelimiter
OldArgumentCompleter.complete,substring
OldArgumentCompleter.complete,set
OldArgumentCompleter.complete,delimit
OldArgumentCompleter.verifyCompleter,complete
OldArgumentCompleter.verifyCompleter,length
OldArgumentCompleter.verifyCompleter,isEmpty
OldArgumentCompleter.isDelimiter,isEscaped
OldArgumentCompleter.isDelimiter,isDelimiterChar
OldArgumentCompleter.isEscaped,charAt
OldArgumentCompleter.isEscaped,isEscaped
OldArgumentCompleter.isDelimiterChar,isWhitespace
OldArgumentCompleter.isDelimiterChar,charAt
ArgumentCompleter.getCompleterValues,getActionClass
ArgumentCompleter.getCompleterValues,getSuperclass
ArgumentCompleter.getCompleterValues,getDeclaredMethods
ArgumentCompleter.getCompleterValues,getAnnotation
ArgumentCompleter.getCompleterValues,index
ArgumentCompleter.getCompleterValues,size
ArgumentCompleter.getCompleterValues,warn
ArgumentCompleter.getCompleterValues,getName
ArgumentCompleter.getCompleterValues,containsKey
ArgumentCompleter.getCompleterValues,isStatic
ArgumentCompleter.getCompleterValues,getModifiers
ArgumentCompleter.getCompleterValues,invoke
ArgumentCompleter.getCompleterValues,createNewAction
ArgumentCompleter.getCompleterValues,put
ArgumentCompleter.getCompleterValues,getTargetException
ArgumentCompleter.getCompleterValues,releaseAction
ProxyServiceCompleter.complete,getServiceReference
ProxyServiceCompleter.complete,getService
ProxyServiceCompleter.complete,complete
ProxyServiceCompleter.complete,ungetService
SecuredCommandProcessorImpl.close,close
SecuredCommandProcessorImpl.close,ungetService
SecuredCommandProcessorImpl.trackCommands,createFilter
SecuredCommandProcessorImpl.trackCommands,format
SecuredCommandProcessorImpl.trackCommands,getProperty
SecuredCommandProcessorImpl.trackCommands,getClass
SecuredCommandProcessorImpl.trackCommands,isArray
SecuredCommandProcessorImpl.trackCommands,toString
SecuredCommandProcessorImpl.trackCommands,addCommand
SecuredCommandProcessorImpl.trackCommands,add
SecuredCommandProcessorImpl.trackCommands,removeCommand
SecuredCommandProcessorImpl.addingService,getProperty
SecuredCommandProcessorImpl.addingService,getClass
SecuredCommandProcessorImpl.addingService,isArray
SecuredCommandProcessorImpl.addingService,toString
SecuredCommandProcessorImpl.addingService,addCommand
SecuredCommandProcessorImpl.addingService,add
SecuredCommandProcessorImpl.addingService,addConverter
SecuredCommandProcessorImpl.addingService,getService
SecuredCommandProcessorImpl.addingService,addListener
SecuredCommandProcessorImpl.removedService,getProperty
SecuredCommandProcessorImpl.removedService,getClass
SecuredCommandProcessorImpl.removedService,isArray
SecuredCommandProcessorImpl.removedService,removeCommand
SecuredCommandProcessorImpl.removedService,toString
SecuredCommandProcessorImpl.removedService,removeConverter
SecuredCommandProcessorImpl.removedService,removeListener
SecuredCommandProcessorImpl.removedService,ungetService
SecuredCommandProcessorImpl.trackConverters,getName
SecuredCommandProcessorImpl.trackConverters,addConverter
SecuredCommandProcessorImpl.trackConverters,removeConverter
SecuredCommandProcessorImpl.trackListeners,getService
SecuredCommandProcessorImpl.trackListeners,addListener
SecuredCommandProcessorImpl.trackListeners,removeListener
SecuredCommandProcessorImpl.trackListeners,ungetService
SecuredCommandProcessorImpl.escapeforFilterString,replace
SecuredCommandConfigTransformer.init,listConfigurations
SecuredCommandConfigTransformer.init,generateServiceGuardConfig
SecuredCommandConfigTransformer.generateServiceGuardConfig,getPid
SecuredCommandConfigTransformer.generateServiceGuardConfig,startsWith
SecuredCommandConfigTransformer.generateServiceGuardConfig,substring
SecuredCommandConfigTransformer.generateServiceGuardConfig,length
SecuredCommandConfigTransformer.generateServiceGuardConfig,indexOf
SecuredCommandConfigTransformer.generateServiceGuardConfig,trim
SecuredCommandConfigTransformer.generateServiceGuardConfig,getProcessedProperties
SecuredCommandConfigTransformer.generateServiceGuardConfig,keys
SecuredCommandConfigTransformer.generateServiceGuardConfig,hasMoreElements
SecuredCommandConfigTransformer.generateServiceGuardConfig,nextElement
SecuredCommandConfigTransformer.generateServiceGuardConfig,convertArgs
SecuredCommandConfigTransformer.generateServiceGuardConfig,containsKey
SecuredCommandConfigTransformer.generateServiceGuardConfig,put
SecuredCommandConfigTransformer.generateServiceGuardConfig,get
SecuredCommandConfigTransformer.generateServiceGuardConfig,info
SecuredCommandConfigTransformer.generateServiceGuardConfig,keySet
SecuredCommandConfigTransformer.generateServiceGuardConfig,entrySet
SecuredCommandConfigTransformer.generateServiceGuardConfig,getConfiguration
SecuredCommandConfigTransformer.generateServiceGuardConfig,getKey
SecuredCommandConfigTransformer.generateServiceGuardConfig,update
SecuredCommandConfigTransformer.generateServiceGuardConfig,getValue
SecuredCommandConfigTransformer.convertArgs,startsWith
SecuredCommandConfigTransformer.convertArgs,endsWith
SecuredCommandConfigTransformer.convertArgs,substring
SecuredCommandConfigTransformer.deleteServiceGuardConfig,contains
SecuredCommandConfigTransformer.deleteServiceGuardConfig,listConfigurations
SecuredCommandConfigTransformer.deleteServiceGuardConfig,info
SecuredCommandConfigTransformer.deleteServiceGuardConfig,delete
SecuredCommandConfigTransformer.configurationEvent,getPid
SecuredCommandConfigTransformer.configurationEvent,startsWith
SecuredCommandConfigTransformer.configurationEvent,getType
SecuredCommandConfigTransformer.configurationEvent,deleteServiceGuardConfig
SecuredCommandConfigTransformer.configurationEvent,substring
SecuredCommandConfigTransformer.configurationEvent,length
SecuredCommandConfigTransformer.configurationEvent,getConfiguration
SecuredCommandConfigTransformer.configurationEvent,generateServiceGuardConfig
SecuredCommandConfigTransformer.configurationEvent,refreshTheAffectedShellCommandBundle
SecuredCommandConfigTransformer.configurationEvent,error
SecuredCommandConfigTransformer.refreshTheAffectedShellCommandBundle,getPid
SecuredCommandConfigTransformer.refreshTheAffectedShellCommandBundle,startsWith
SecuredCommandConfigTransformer.refreshTheAffectedShellCommandBundle,substring
SecuredCommandConfigTransformer.refreshTheAffectedShellCommandBundle,length
SecuredCommandConfigTransformer.refreshTheAffectedShellCommandBundle,indexOf
SecuredCommandConfigTransformer.refreshTheAffectedShellCommandBundle,trim
SecuredCommandConfigTransformer.refreshTheAffectedShellCommandBundle,loadScopeBundleMaps
SecuredCommandConfigTransformer.refreshTheAffectedShellCommandBundle,entrySet
SecuredCommandConfigTransformer.refreshTheAffectedShellCommandBundle,getKey
SecuredCommandConfigTransformer.refreshTheAffectedShellCommandBundle,equals
SecuredCommandConfigTransformer.refreshTheAffectedShellCommandBundle,getValue
SecuredCommandConfigTransformer.refreshTheAffectedShellCommandBundle,getReference
SecuredCommandConfigTransformer.refreshTheAffectedShellCommandBundle,getBundle
SecuredCommandConfigTransformer.refreshTheAffectedShellCommandBundle,getBundleContext
SecuredCommandConfigTransformer.refreshTheAffectedShellCommandBundle,getServiceReferences
SecuredCommandConfigTransformer.refreshTheAffectedShellCommandBundle,error
SecuredCommandConfigTransformer.refreshTheAffectedShellCommandBundle,debug
SecuredCommandConfigTransformer.refreshTheAffectedShellCommandBundle,getSymbolicName
SecuredCommandConfigTransformer.refreshTheAffectedShellCommandBundle,getServiceReference
SecuredCommandConfigTransformer.refreshTheAffectedShellCommandBundle,getName
SecuredCommandConfigTransformer.refreshTheAffectedShellCommandBundle,getService
SecuredCommandConfigTransformer.refreshTheAffectedShellCommandBundle,refreshPackages
SecuredCommandConfigTransformer.refreshTheAffectedShellCommandBundle,ungetService
SecuredCommandConfigTransformer.loadScopeBundleMaps,listConfigurations
SecuredCommandConfigTransformer.loadScopeBundleMaps,getProcessedProperties
SecuredCommandConfigTransformer.loadScopeBundleMaps,keys
SecuredCommandConfigTransformer.loadScopeBundleMaps,hasMoreElements
SecuredCommandConfigTransformer.loadScopeBundleMaps,nextElement
SecuredCommandConfigTransformer.loadScopeBundleMaps,put
SecuredCommandConfigTransformer.loadScopeBundleMaps,get
SecuredCommandConfigTransformer.loadScopeBundleMaps,error
SimpleCommand.createNewAction,newInstance
SimpleCommand.export,getAnnotation
SimpleCommand.export,put
SimpleCommand.export,scope
SimpleCommand.export,name
SimpleCommand.export,registerService
SimpleCommand.export,getName
AbstractCommand.execute,createNewAction
AbstractCommand.execute,getPreparator
AbstractCommand.execute,prepare
AbstractCommand.execute,execute
AbstractCommand.execute,releaseAction
AbstractCommand.getActionClass,createNewAction
AbstractCommand.getActionClass,getClass
DefaultActionPreparator.getWidth,get
ActionMetaDataFactory.create,getCommand
ActionMetaDataFactory.create,getSuperclass
ActionMetaDataFactory.create,getDeclaredFields
ActionMetaDataFactory.create,getAnnotation
ActionMetaDataFactory.create,getAndConvertDeprecatedOption
ActionMetaDataFactory.create,put
ActionMetaDataFactory.create,getAndConvertDeprecatedArgument
ActionMetaDataFactory.create,replaceDefaultArgument
ActionMetaDataFactory.create,index
ActionMetaDataFactory.create,size
ActionMetaDataFactory.create,add
ActionMetaDataFactory.create,get
ActionMetaDataFactory.create,getName
ActionMetaDataFactory.create,set
ActionMetaDataFactory.create,assertIndexesAreCorrect
ActionMetaDataFactory.getCommand,getAnnotation
ActionMetaDataFactory.getCommand,getAndConvertDeprecatedCommand
ActionMetaDataFactory.getAndConvertDeprecatedCommand,getAnnotation
ActionMetaDataFactory.getAndConvertDeprecatedCommand,scope
ActionMetaDataFactory.getAndConvertDeprecatedCommand,name
ActionMetaDataFactory.getAndConvertDeprecatedCommand,detailedDescription
ActionMetaDataFactory.getAndConvertDeprecatedCommand,description
ActionMetaDataFactory.scope,scope
ActionMetaDataFactory.name,name
ActionMetaDataFactory.detailedDescription,detailedDescription
ActionMetaDataFactory.description,description
ActionMetaDataFactory.getAndConvertDeprecatedOption,getAnnotation
ActionMetaDataFactory.getAndConvertDeprecatedOption,valueToShowInHelp
ActionMetaDataFactory.getAndConvertDeprecatedOption,required
ActionMetaDataFactory.getAndConvertDeprecatedOption,name
ActionMetaDataFactory.getAndConvertDeprecatedOption,multiValued
ActionMetaDataFactory.getAndConvertDeprecatedOption,description
ActionMetaDataFactory.getAndConvertDeprecatedOption,aliases
ActionMetaDataFactory.valueToShowInHelp,valueToShowInHelp
ActionMetaDataFactory.required,required
ActionMetaDataFactory.multiValued,multiValued
ActionMetaDataFactory.aliases,aliases
ActionMetaDataFactory.getAndConvertDeprecatedArgument,getAnnotation
ActionMetaDataFactory.getAndConvertDeprecatedArgument,valueToShowInHelp
ActionMetaDataFactory.getAndConvertDeprecatedArgument,required
ActionMetaDataFactory.getAndConvertDeprecatedArgument,name
ActionMetaDataFactory.getAndConvertDeprecatedArgument,multiValued
ActionMetaDataFactory.getAndConvertDeprecatedArgument,index
ActionMetaDataFactory.getAndConvertDeprecatedArgument,description
ActionMetaDataFactory.index,index
ActionMetaDataFactory.replaceDefaultArgument,equals
ActionMetaDataFactory.replaceDefaultArgument,name
ActionMetaDataFactory.replaceDefaultArgument,getName
ActionMetaDataFactory.replaceDefaultArgument,description
ActionMetaDataFactory.replaceDefaultArgument,required
ActionMetaDataFactory.replaceDefaultArgument,index
ActionMetaDataFactory.replaceDefaultArgument,multiValued
ActionMetaDataFactory.replaceDefaultArgument,valueToShowInHelp
ActionMetaDataFactory.replaceDefaultArgument,annotationType
ActionMetaDataFactory.annotationType,annotationType
ActionMetaDataFactory.assertIndexesAreCorrect,size
ActionMetaDataFactory.assertIndexesAreCorrect,get
ActionMetaDataFactory.assertIndexesAreCorrect,getName
ActionMetaData.printUsage,keySet
ActionMetaData.printUsage,sort
ActionMetaData.printUsage,comparing
ActionMetaData.printUsage,add
ActionMetaData.printUsage,description
ActionMetaData.printUsage,name
ActionMetaData.printUsage,println
ActionMetaData.printUsage,print
ActionMetaData.printUsage,scope
ActionMetaData.printUsage,append
ActionMetaData.printUsage,format
ActionMetaData.printUsage,size
ActionMetaData.printUsage,required
ActionMetaData.printUsage,toString
ActionMetaData.printUsage,printFormatted
ActionMetaData.printUsage,valueToShowInHelp
ActionMetaData.printUsage,length
ActionMetaData.printUsage,equals
ActionMetaData.printUsage,getDefaultValue
ActionMetaData.printUsage,getDefaultValueString
ActionMetaData.printUsage,printDefaultsTo
ActionMetaData.printUsage,aliases
ActionMetaData.printUsage,detailedDescription
ActionMetaData.printUsage,getDetailedDescription
ActionMetaData.getDefaultValue,get
ActionMetaData.getDefaultValue,setAccessible
ActionMetaData.getDetailedDescription,detailedDescription
ActionMetaData.getDetailedDescription,loadDescription
ActionMetaData.loadDescription,startsWith
ActionMetaData.loadDescription,loadClassPathResource
ActionMetaData.loadDescription,substring
ActionMetaData.loadDescription,length
ActionMetaData.getDefaultValueString,toString
ActionMetaData.printDefaultsTo,println
ActionMetaData.printFormatted,length
ActionMetaData.printFormatted,compile
ActionMetaData.printFormatted,indexOf
ActionMetaData.printFormatted,substring
ActionMetaData.printFormatted,println
ActionMetaData.printFormatted,matcher
ActionMetaData.printFormatted,find
ActionMetaData.printFormatted,print
ActionMetaData.printFormatted,group
ActionMetaData.loadClassPathResource,getResourceAsStream
ActionMetaData.loadClassPathResource,getClassLoader
ActionMetaData.loadClassPathResource,read
ActionMetaData.loadClassPathResource,append
ActionMetaData.loadClassPathResource,toString
ActionMetaData.loadClassPathResource,close
ExitAction.doExecute,get
ExitAction.doExecute,isEmpty
ExitAction.doExecute,contains
ExitAction.doExecute,lastIndexOf
ExitAction.doExecute,put
ExitAction.doExecute,substring
ExitAction.doExecute,indexOf
MultiException.printStackTrace,printStackTrace
CommandSessionHolder.getSession,get
CommandSessionHolder.setSession,set
CommandSessionHolder.unset,remove
OsgiCommandSupport.execute,ungetServices
OsgiCommandSupport.getBundleContext,getBundle
OsgiCommandSupport.getBundleContext,getBundleContext
OsgiCommandSupport.getAllServices,getAllServices
OsgiCommandSupport.getAllServices,getBundleContext
OsgiCommandSupport.getAllServices,getServiceReferences
OsgiCommandSupport.getAllServices,getService
OsgiCommandSupport.getAllServices,add
OsgiCommandSupport.getService,getBundleContext
OsgiCommandSupport.getService,getServiceReference
OsgiCommandSupport.getService,getService
OsgiCommandSupport.getService,add
OsgiCommandSupport.ungetServices,getBundleContext
OsgiCommandSupport.ungetServices,ungetService
AbstractAction.execute,doExecute
AbstractAction.checkInterrupted,yield
AbstractAction.checkInterrupted,currentThread
AbstractAction.checkInterrupted,isInterrupted
SubShellAction.doExecute,put
SubShellAction.doExecute,get
Parser.ws,eof
Parser.ws,isWhitespace
Parser.ws,peek
Parser.ws,length
Parser.ws,charAt
Parser.ws,comment
Parser.comment,eof
Parser.comment,peek
Parser.comment,next
Parser.eof,length
Parser.peek,peek
Parser.peek,eof
Parser.peek,charAt
Parser.peek,unicode
Parser.peek,size
Parser.context,subSequence
Parser.context,max
Parser.context,min
Parser.context,length
Parser.pipeline,add
Parser.pipeline,statement
Parser.pipeline,peek
Parser.pipeline,ws
Parser.pipeline,eof
Parser.messy,peek
Parser.messy,indexOf
Parser.messy,eof
Parser.messy,isWhitespace
Parser.messy,next
Parser.messy,substring
Parser.messy,value
Parser.value,ws
Parser.value,next
Parser.value,substring
Parser.value,find
Parser.value,quote
Parser.value,eof
Parser.value,peek
Parser.value,isWhitespace
Parser.unicode,length
Parser.unicode,context
Parser.unicode,subSequence
Parser.unicode,toString
Parser.unicode,parseInt
Parser.find,eof
Parser.find,context
Parser.find,next
Parser.find,quote
Parser.quote,eof
Parser.quote,peek
Parser.quote,next
Parser.findVar,peek
Parser.findVar,next
Parser.findVar,find
Parser.findVar,subSequence
Parser.findVar,isJavaIdentifierPart
Parser.findVar,eof
Parser.findVar,context
Parser.toString,context
Parser.unescape,eof
Parser.unescape,append
Parser.unescape,next
Parser.unescape,toString
Completion.complete,complete
CommandNamesCompleter.checkData,isEmpty
CommandNamesCompleter.checkData,get
CommandNamesCompleter.checkData,add
CommandNamesCompleter.checkData,indexOf
CommandNamesCompleter.checkData,substring
FileCompleter.complete,replace
FileCompleter.complete,getUserHome
FileCompleter.complete,startsWith
FileCompleter.complete,separator
FileCompleter.complete,getPath
FileCompleter.complete,substring
FileCompleter.complete,getParentFile
FileCompleter.complete,getAbsolutePath
FileCompleter.complete,getUserDir
FileCompleter.complete,endsWith
FileCompleter.complete,listFiles
FileCompleter.complete,matchFiles
FileCompleter.matchFiles,getAbsolutePath
FileCompleter.matchFiles,startsWith
FileCompleter.matchFiles,getName
FileCompleter.matchFiles,isDirectory
FileCompleter.matchFiles,separator
FileCompleter.matchFiles,add
FileCompleter.matchFiles,render
FileCompleter.matchFiles,toString
FileCompleter.matchFiles,lastIndexOf
FileCompleter.matchFiles,length
OldArgumentCompleter.delimit,program
OldArgumentCompleter.delimit,get
OldArgumentCompleter.delimit,toArray
OldArgumentCompleter.delimit,size
ArgumentCompleter.getNames,getCommandNameWithoutGlobalPrefix
ArgumentCompleter.getNames,split
ArgumentCompleter.delimit,program
ArgumentCompleter.delimit,get
ArgumentCompleter.delimit,toArray
ArgumentCompleter.delimit,size
CommandsCompleter.dispose,dispose
CommandsCompleter.dispose,getBundle
CommandsCompleter.dispose,getBundleContext
CommandsCompleter.dispose,getClass
CommandsCompleter.dispose,removeServiceListener
CommandsCompleter.stripScope,indexOf
CommandsCompleter.stripScope,substring
CommandsCompleter.unProxy,getClass
CommandsCompleter.unProxy,getTarget
CommandsCompleter.unProxy,ungetTarget
CommandTracker.dispose,getBundle
CommandTracker.dispose,getBundleContext
CommandTracker.dispose,getClass
CommandTracker.dispose,removeServiceListener
NumberToStringConverter.canConvert,getRawClass
NumberToStringConverter.convert,toString
NamespaceHandler.getSchemaLocation,equals
NamespaceHandler.getSchemaLocation,getClass
NamespaceHandler.getSchemaLocation,getResource
NamespaceHandler.getManagedClasses,singletonList
NamespaceHandler.getManagedClasses,asList
NamespaceHandler.parse,nodeNameEquals
NamespaceHandler.parse,getChildNodes
NamespaceHandler.parse,getLength
NamespaceHandler.parse,item
NamespaceHandler.parse,parseChildElement
NamespaceHandler.parse,registerConverters
NamespaceHandler.parse,getNodeName
NamespaceHandler.parse,getLocalName
NamespaceHandler.parse,equals
NamespaceHandler.parse,parseConfig
NamespaceHandler.parse,parseKeystore
NamespaceHandler.parse,parsePropertyPlaceholder
NamespaceHandler.getBundle,getComponentDefinitionRegistry
NamespaceHandler.getBundle,getComponentDefinition
NamespaceHandler.getBundle,getObject
NamespaceHandler.parseChildElement,nodeNameEquals
NamespaceHandler.parseChildElement,parseCommand
NamespaceHandler.registerConverters,getName
NamespaceHandler.registerConverters,getComponentDefinitionRegistry
NamespaceHandler.registerConverters,containsComponentDefinition
NamespaceHandler.registerConverters,createMetadata
NamespaceHandler.registerConverters,setId
NamespaceHandler.registerConverters,setObject
NamespaceHandler.registerConverters,registerTypeConverter
NamespaceHandler.parseCommand,createMetadata
NamespaceHandler.parseCommand,setRuntimeClass
NamespaceHandler.parseCommand,addProperty
NamespaceHandler.parseCommand,createRef
NamespaceHandler.parseCommand,getChildNodes
NamespaceHandler.parseCommand,getLength
NamespaceHandler.parseCommand,item
NamespaceHandler.parseCommand,nodeNameEquals
NamespaceHandler.parseCommand,parseAction
NamespaceHandler.parseCommand,setId
NamespaceHandler.parseCommand,getName
NamespaceHandler.parseCommand,getComponentDefinitionRegistry
NamespaceHandler.parseCommand,registerComponentDefinition
NamespaceHandler.parseCommand,createIdRef
NamespaceHandler.parseCommand,getId
NamespaceHandler.parseCommand,parseCompleters
NamespaceHandler.parseCommand,parseOptionalCompleters
NamespaceHandler.parseCommand,getNodeName
NamespaceHandler.parseCommand,setActivation
NamespaceHandler.parseCommand,setAutoExport
NamespaceHandler.parseCommand,setServiceComponent
NamespaceHandler.parseCommand,equals
NamespaceHandler.parseCommand,getNamespaceURI
NamespaceHandler.parseCommand,getAttribute
NamespaceHandler.parseCommand,replace
NamespaceHandler.parseCommand,lastIndexOf
NamespaceHandler.parseCommand,substring
NamespaceHandler.parseCommand,getBundle
NamespaceHandler.parseCommand,loadClass
NamespaceHandler.parseCommand,getClassName
NamespaceHandler.parseCommand,getScope
NamespaceHandler.parseCommand,addServiceProperty
NamespaceHandler.parseCommand,createStringValue
NamespaceHandler.parseCommand,isEmpty
NamespaceHandler.parseCommand,containsComponentDefinition
NamespaceHandler.parseCommand,createSubShell
NamespaceHandler.createSubShell,getComponentDefinitionRegistry
NamespaceHandler.createSubShell,containsComponentDefinition
NamespaceHandler.createSubShell,createMetadata
NamespaceHandler.createSubShell,setRuntimeClass
NamespaceHandler.createSubShell,setActivation
NamespaceHandler.createSubShell,setScope
NamespaceHandler.createSubShell,setId
NamespaceHandler.createSubShell,getName
NamespaceHandler.createSubShell,addProperty
NamespaceHandler.createSubShell,createStringValue
NamespaceHandler.createSubShell,registerComponentDefinition
NamespaceHandler.createSubShell,createRef
NamespaceHandler.createSubShell,createIdRef
NamespaceHandler.createSubShell,getId
NamespaceHandler.createSubShell,setAutoExport
NamespaceHandler.createSubShell,setServiceComponent
NamespaceHandler.createSubShell,addServiceProperty
NamespaceHandler.getInvocationValue,createMetadata
NamespaceHandler.getInvocationValue,setRuntimeClass
NamespaceHandler.getInvocationValue,setFactoryMethod
NamespaceHandler.getInvocationValue,addArgument
NamespaceHandler.getInvocationValue,createStringValue
NamespaceHandler.parseAction,createMetadata
NamespaceHandler.parseAction,setActivation
NamespaceHandler.parseAction,setScope
NamespaceHandler.parseAction,setClassName
NamespaceHandler.parseAction,getAttribute
NamespaceHandler.parseAction,getChildNodes
NamespaceHandler.parseAction,getLength
NamespaceHandler.parseAction,item
NamespaceHandler.parseAction,nodeNameEquals
NamespaceHandler.parseAction,addArgument
NamespaceHandler.parseAction,parseElement
NamespaceHandler.parseAction,addProperty
NamespaceHandler.parseOptionalCompleters,parseElement
NamespaceHandler.parseOptionalCompleters,getEnclosingComponent
NamespaceHandler.parseCompleters,createMetadata
NamespaceHandler.parseCompleters,setCollectionClass
NamespaceHandler.parseCompleters,getChildNodes
NamespaceHandler.parseCompleters,getLength
NamespaceHandler.parseCompleters,item
NamespaceHandler.parseCompleters,nodeNameEquals
NamespaceHandler.parseCompleters,parseElement
NamespaceHandler.parseCompleters,getEnclosingComponent
NamespaceHandler.parseCompleters,getNodeName
NamespaceHandler.parseCompleters,addValue
NamespaceHandler.createStringValue,createMetadata
NamespaceHandler.createStringValue,setStringValue
NamespaceHandler.createRef,createMetadata
NamespaceHandler.createRef,setComponentId
NamespaceHandler.createIdRef,createMetadata
NamespaceHandler.createIdRef,setComponentId
NamespaceHandler.nodeNameEquals,equals
NamespaceHandler.nodeNameEquals,getNodeName
NamespaceHandler.nodeNameEquals,getLocalName
NamespaceHandler.getScope,getAnnotation
NamespaceHandler.getScope,scope
NamespaceHandler.getName,getAnnotation
NamespaceHandler.getName,name
BlueprintCommand.convert,getRawClass
BlueprintCommand.convert,toString
BlueprintCommand.convert,convert
BlueprintCommand.createNewAction,getComponentInstance
BlueprintActionPreparator.convert,getRawClass
BlueprintActionPreparator.convert,toString
BlueprintActionPreparator.convert,convert
AnnotatedSubShell.getName,getAnnotation
AnnotatedSubShell.getName,name
AnnotatedSubShell.getDescription,getAnnotation
AnnotatedSubShell.getDescription,description
AnnotatedSubShell.getDetailedDescription,getAnnotation
AnnotatedSubShell.getDetailedDescription,detailedDescription
AnnotatedSubShell.getAnnotation,getClass
AnnotatedSubShell.getAnnotation,getAnnotation
DefaultActionPreparator.printObjectDefaultsTo,printDefaultsTo
DefaultActionPreparator.printObjectDefaultsTo,toString
DefaultActionPreparator.length,length
WebContainerServiceImpl.list,emptyList
WebContainerServiceImpl.list,adapt
WebContainerServiceImpl.list,listWebApplications
WebContainerServiceImpl.install,installBundle
WebContainerServiceImpl.install,start
WebContainerServiceImpl.uninstall,list
WebContainerServiceImpl.uninstall,put
WebContainerServiceImpl.uninstall,getBundle
WebContainerServiceImpl.uninstall,getBundleId
WebContainerServiceImpl.uninstall,isEmpty
WebContainerServiceImpl.uninstall,get
WebContainerServiceImpl.uninstall,uninstall
WebContainerServiceImpl.uninstall,println
WebContainerServiceImpl.uninstall,warn
WebContainerServiceImpl.start,isEmpty
WebContainerServiceImpl.start,list
WebContainerServiceImpl.start,put
WebContainerServiceImpl.start,getBundle
WebContainerServiceImpl.start,getBundleId
WebContainerServiceImpl.start,get
WebContainerServiceImpl.start,start
WebContainerServiceImpl.start,println
WebContainerServiceImpl.start,warn
WebContainerServiceImpl.stop,isEmpty
WebContainerServiceImpl.stop,list
WebContainerServiceImpl.stop,put
WebContainerServiceImpl.stop,getBundle
WebContainerServiceImpl.stop,getBundleId
WebContainerServiceImpl.stop,get
WebContainerServiceImpl.stop,stop
WebContainerServiceImpl.stop,println
WebContainerServiceImpl.stop,warn
WebContainerServiceImpl.state,list
WebContainerServiceImpl.state,getBundle
WebContainerServiceImpl.state,getBundleId
WebContainerServiceImpl.state,getDeploymentState
WebContainerServiceImpl.state,length
WebContainerServiceImpl.state,append
WebContainerServiceImpl.state,toString
WebContainerServiceImpl.getWebContextPath,list
WebContainerServiceImpl.getWebContextPath,getBundle
WebContainerServiceImpl.getWebContextPath,getBundleId
WebContainerServiceImpl.getWebContextPath,getContextPath
WebMBeanImpl.getWebBundles,list
WebMBeanImpl.getWebBundles,getContextPath
WebMBeanImpl.getWebBundles,getName
WebMBeanImpl.getWebBundles,getBundle
WebMBeanImpl.getWebBundles,getHeaders
WebMBeanImpl.getWebBundles,get
WebMBeanImpl.getWebBundles,getSymbolicName
WebMBeanImpl.getWebBundles,getLocation
WebMBeanImpl.getWebBundles,getBundleId
WebMBeanImpl.getWebBundles,adapt
WebMBeanImpl.getWebBundles,getStartLevel
WebMBeanImpl.getWebBundles,startsWith
WebMBeanImpl.getWebBundles,getStateString
WebMBeanImpl.getWebBundles,getDeploymentState
WebMBeanImpl.getWebBundles,put
WebMBeanImpl.getWebBundles,printStackTrace
WebMBeanImpl.getWebBundles,toString
WebMBeanImpl.install,install
WebMBeanImpl.install,toString
WebMBeanImpl.uninstall,add
WebMBeanImpl.uninstall,uninstall
WebMBeanImpl.uninstall,toString
WebMBeanImpl.start,add
WebMBeanImpl.start,start
WebMBeanImpl.start,toString
WebMBeanImpl.stop,add
WebMBeanImpl.stop,stop
WebMBeanImpl.stop,toString
WebMBeanImpl.getStateString,getState
Stop.execute,stop
Launch.execute,getWebContextPath
Launch.execute,startsWith
Launch.execute,getDesktop
Launch.execute,browse
Start.execute,start
Uninstall.execute,uninstall
MavenRepositoryURL.buildSpec,toString
MavenRepositoryURL.buildSpec,trim
MavenRepositoryURL.buildSpec,endsWith
MavenRepositoryURL.toString,toString
MavenRepositoryURL.asRepositorySpec,append
MavenRepositoryURL.asRepositorySpec,toString
MavenRepositoryURL.asRepositorySpec,equals
SummaryCommand.doAction,column
SummaryCommand.doAction,addRow
SummaryCommand.doAction,updatePolicy
SummaryCommand.doAction,get
SummaryCommand.doAction,checksumPolicy
SummaryCommand.doAction,format
SummaryCommand.doAction,equals
SummaryCommand.doAction,getProperty
SummaryCommand.doAction,parseBoolean
SummaryCommand.doAction,repositories
SummaryCommand.doAction,getFrom
SummaryCommand.doAction,getSource
SummaryCommand.doAction,getURL
SummaryCommand.doAction,toString
SummaryCommand.doAction,getProxies
SummaryCommand.doAction,getHost
SummaryCommand.doAction,getPort
SummaryCommand.doAction,println
SummaryCommand.doAction,print
SummaryCommand.addRow,addRow
SummaryCommand.addRow,addContent
SummaryCommand.addRow,val
RepositoryChangeCommand.edit,stream
RepositoryChangeCommand.edit,filter
RepositoryChangeCommand.edit,equals
RepositoryChangeCommand.edit,getId
RepositoryChangeCommand.edit,findFirst
RepositoryChangeCommand.edit,isPresent
RepositoryChangeCommand.edit,printf
RepositoryChangeCommand.edit,get
RepositoryChangeCommand.edit,setSnapshotsEnabled
RepositoryChangeCommand.edit,setReleasesEnabled
RepositoryChangeCommand.edit,updatePolicy
RepositoryChangeCommand.edit,println
RepositoryChangeCommand.edit,setReleasesUpdatePolicy
RepositoryChangeCommand.edit,val
RepositoryChangeCommand.edit,setSnapshotsUpdatePolicy
RepositoryChangeCommand.edit,checksumPolicy
RepositoryChangeCommand.edit,setReleasesChecksumPolicy
RepositoryChangeCommand.edit,setSnapshotsChecksumPolicy
RepositoryChangeCommand.edit,validateRepositoryURL
RepositoryChangeCommand.edit,setURL
RepositoryChangeCommand.edit,trim
RepositoryChangeCommand.edit,updateCredentials
RepositoryChangeCommand.edit,getFrom
RepositoryChangeCommand.edit,getProfiles
RepositoryChangeCommand.edit,getRepositories
RepositoryChangeCommand.edit,setUrl
RepositoryChangeCommand.edit,getURL
RepositoryChangeCommand.edit,toString
RepositoryChangeCommand.edit,isSnapshotsEnabled
RepositoryChangeCommand.edit,setSnapshots
RepositoryChangeCommand.edit,getSnapshots
RepositoryChangeCommand.edit,setEnabled
RepositoryChangeCommand.edit,setChecksumPolicy
RepositoryChangeCommand.edit,getSnapshotsChecksumPolicy
RepositoryChangeCommand.edit,getChecksumPolicy
RepositoryChangeCommand.edit,setUpdatePolicy
RepositoryChangeCommand.edit,getSnapshotsUpdatePolicy
RepositoryChangeCommand.edit,getUpdatePolicy
RepositoryChangeCommand.edit,isReleasesEnabled
RepositoryChangeCommand.edit,setReleases
RepositoryChangeCommand.edit,getReleases
RepositoryChangeCommand.edit,getReleasesChecksumPolicy
RepositoryChangeCommand.edit,getReleasesUpdatePolicy
RepositoryChangeCommand.edit,updateSettings
RepositoryChangeCommand.edit,add
RepositoryChangeCommand.edit,updatePidRepositories
RepositoryChangeCommand.edit,getConfiguration
RepositoryChangeCommand.edit,update
RepositoryAddCommand.edit,printf
RepositoryAddCommand.edit,stream
RepositoryAddCommand.edit,filter
RepositoryAddCommand.edit,equals
RepositoryAddCommand.edit,getId
RepositoryAddCommand.edit,findAny
RepositoryAddCommand.edit,isPresent
RepositoryAddCommand.edit,get
RepositoryAddCommand.edit,getURL
RepositoryAddCommand.edit,updatePolicy
RepositoryAddCommand.edit,println
RepositoryAddCommand.edit,checksumPolicy
RepositoryAddCommand.edit,validateRepositoryURL
RepositoryAddCommand.edit,trim
RepositoryAddCommand.edit,updateCredentials
RepositoryAddCommand.edit,updateSettings
RepositoryAddCommand.edit,append
RepositoryAddCommand.edit,val
RepositoryAddCommand.edit,toString
RepositoryAddCommand.edit,asList
RepositoryAddCommand.edit,add
RepositoryAddCommand.edit,updatePidRepositories
RepositoryAddCommand.edit,getConfiguration
RepositoryAddCommand.edit,update
HttpProxyListCommand.doAction,println
HttpProxyListCommand.doAction,getProxies
HttpProxyListCommand.doAction,size
HttpProxyListCommand.doAction,column
HttpProxyListCommand.doAction,addRow
HttpProxyListCommand.doAction,addContent
HttpProxyListCommand.doAction,getId
HttpProxyListCommand.doAction,getHost
HttpProxyListCommand.doAction,getPort
HttpProxyListCommand.doAction,getNonProxyHosts
HttpProxyListCommand.doAction,getUsername
HttpProxyListCommand.doAction,addPasswordInfo
HttpProxyListCommand.doAction,getPassword
HttpProxyListCommand.doAction,print
HttpProxyCommand.doAction,println
HttpProxyCommand.doAction,equals
HttpProxyCommand.doAction,trim
HttpProxyCommand.doAction,getProxies
HttpProxyCommand.doAction,setProxies
HttpProxyCommand.doAction,stream
HttpProxyCommand.doAction,filter
HttpProxyCommand.doAction,getId
HttpProxyCommand.doAction,findAny
HttpProxyCommand.doAction,isPresent
HttpProxyCommand.doAction,printf
HttpProxyCommand.doAction,setId
HttpProxyCommand.doAction,add
HttpProxyCommand.doAction,get
HttpProxyCommand.doAction,collect
HttpProxyCommand.doAction,toList
HttpProxyCommand.doAction,setActive
HttpProxyCommand.doAction,setProtocol
HttpProxyCommand.doAction,setNonProxyHosts
HttpProxyCommand.doAction,contains
HttpProxyCommand.doAction,setHost
HttpProxyCommand.doAction,substring
HttpProxyCommand.doAction,indexOf
HttpProxyCommand.doAction,setPort
HttpProxyCommand.doAction,parseInt
HttpProxyCommand.doAction,setUsername
HttpProxyCommand.doAction,setPassword
HttpProxyCommand.doAction,updateSettings
HttpProxyCommand.doAction,getConfiguration
HttpProxyCommand.doAction,update
HttpProxyCommand.doAction,execute
PasswordCommand.doAction,println
PasswordCommand.doAction,readLine
PasswordCommand.doAction,encryptAndDecorate
PasswordCommand.doAction,confirm
PasswordCommand.doAction,setMaster
PasswordCommand.doAction,getDataFile
PasswordCommand.doAction,isDirectory
PasswordCommand.doAction,getBundle
PasswordCommand.doAction,getSymbolicName
PasswordCommand.doAction,nextSequenceFile
PasswordCommand.doAction,write
PasswordCommand.doAction,getCanonicalPath
PasswordCommand.doAction,getConfiguration
PasswordCommand.doAction,put
PasswordCommand.doAction,update
RepositoryListCommand.doAction,column
RepositoryListCommand.doAction,println
RepositoryListCommand.doAction,repositories
RepositoryListCommand.doAction,addRow
RepositoryListCommand.doAction,addContent
RepositoryListCommand.doAction,getId
RepositoryListCommand.doAction,getURL
RepositoryListCommand.doAction,repositoryKindInfo
RepositoryListCommand.doAction,getFrom
RepositoryListCommand.doAction,containsKey
RepositoryListCommand.doAction,get
RepositoryListCommand.doAction,getUsername
RepositoryListCommand.doAction,addPasswordInfo
RepositoryListCommand.doAction,getPassword
RepositoryListCommand.doAction,print
RepositoryListCommand.repositoryKindInfo,isSnapshotsEnabled
RepositoryListCommand.repositoryKindInfo,getSnapshotsUpdatePolicy
RepositoryListCommand.repositoryKindInfo,format
RepositoryListCommand.repositoryKindInfo,equals
RepositoryListCommand.repositoryKindInfo,trim
RepositoryListCommand.repositoryKindInfo,isReleasesEnabled
RepositoryListCommand.repositoryKindInfo,getReleasesUpdatePolicy
RepositoryRemoveCommand.edit,stream
RepositoryRemoveCommand.edit,filter
RepositoryRemoveCommand.edit,equals
RepositoryRemoveCommand.edit,getId
RepositoryRemoveCommand.edit,findAny
RepositoryRemoveCommand.edit,isPresent
RepositoryRemoveCommand.edit,printf
RepositoryRemoveCommand.edit,confirm
RepositoryRemoveCommand.edit,format
RepositoryRemoveCommand.edit,get
RepositoryRemoveCommand.edit,getURL
RepositoryRemoveCommand.edit,getFrom
RepositoryRemoveCommand.edit,getServers
RepositoryRemoveCommand.edit,collect
RepositoryRemoveCommand.edit,toList
RepositoryRemoveCommand.edit,setServers
RepositoryRemoveCommand.edit,getProfiles
RepositoryRemoveCommand.edit,getRepositories
RepositoryRemoveCommand.edit,anyMatch
RepositoryRemoveCommand.edit,setRepositories
RepositoryRemoveCommand.edit,updateSettings
RepositoryRemoveCommand.edit,updatePidRepositories
RepositoryRemoveCommand.edit,getConfiguration
RepositoryRemoveCommand.edit,update
JmxProperty.tableFrom,entrySet
JmxProperty.tableFrom,getKey
JmxProperty.tableFrom,getValue
JmxProperty.tableFrom,put
JmxProperty.tableFrom,asCompositeData
JmxProperty.tableFrom,valueOf
JmxReference.tableFrom,put
JmxReference.tableFrom,asCompositeData
JmxComponentDescription.tableFrom,tableFrom
JmxComponentDescription.tableFrom,asList
JmxComponentDescription.tableFrom,put
JmxComponentDescription.tableFrom,asCompositeData
JmxSvcReference.tableFrom,put
JmxSvcReference.tableFrom,asCompositeData
JmxComponentConfiguration.tableFrom,tableFrom
JmxComponentConfiguration.tableFrom,asList
JmxComponentConfiguration.tableFrom,stream
JmxComponentConfiguration.tableFrom,map
JmxComponentConfiguration.tableFrom,collect
ServiceComponentRuntimeMBeanImpl.activate,info
ServiceComponentRuntimeMBeanImpl.activate,put
ServiceComponentRuntimeMBeanImpl.activate,writeLock
ServiceComponentRuntimeMBeanImpl.activate,lock
ServiceComponentRuntimeMBeanImpl.activate,registerMBean
ServiceComponentRuntimeMBeanImpl.activate,error
ServiceComponentRuntimeMBeanImpl.activate,getLocalizedMessage
ServiceComponentRuntimeMBeanImpl.activate,unlock
ServiceComponentRuntimeMBeanImpl.deactivate,info
ServiceComponentRuntimeMBeanImpl.deactivate,writeLock
ServiceComponentRuntimeMBeanImpl.deactivate,lock
ServiceComponentRuntimeMBeanImpl.deactivate,unregisterMBean
ServiceComponentRuntimeMBeanImpl.deactivate,unlock
ServiceComponentRuntimeMBeanImpl.getComponents,tableFrom
ServiceComponentRuntimeMBeanImpl.getComponents,getComponentDescriptionDTOs
ServiceComponentRuntimeMBeanImpl.getComponentConfigs,tableFrom
ServiceComponentRuntimeMBeanImpl.getComponentConfigs,getComponentDescriptionDTOs
ServiceComponentRuntimeMBeanImpl.getComponentConfigs,stream
ServiceComponentRuntimeMBeanImpl.getComponentConfigs,map
ServiceComponentRuntimeMBeanImpl.getComponentConfigs,getComponentConfigurationDTOs
ServiceComponentRuntimeMBeanImpl.getComponentConfigs,flatMap
ServiceComponentRuntimeMBeanImpl.getComponentConfigs,findComponent
ServiceComponentRuntimeMBeanImpl.isComponentEnabled,isComponentEnabled
ServiceComponentRuntimeMBeanImpl.isComponentEnabled,findComponent
ServiceComponentRuntimeMBeanImpl.enableComponent,enableComponent
ServiceComponentRuntimeMBeanImpl.enableComponent,findComponent
ServiceComponentRuntimeMBeanImpl.disableComponent,disableComponent
ServiceComponentRuntimeMBeanImpl.disableComponent,findComponent
ServiceComponentRuntimeMBeanImpl.findComponent,getBundle
ServiceComponentRuntimeMBeanImpl.findComponent,getComponentDescriptionDTO
ScrBundleStateService.getDiag,allCompConfigs
ScrBundleStateService.getDiag,map
ScrBundleStateService.getDiag,collect
ScrBundleStateService.getDiag,joining
ScrBundleStateService.getState,getState
ScrBundleStateService.getState,allCompConfigs
ScrBundleStateService.getState,anyMatch
ScrBundleStateService.diagComponent,append
ScrBundleStateService.diagComponent,join
ScrBundleStateService.diagComponent,asList
ScrBundleStateService.diagComponent,stream
ScrBundleStateService.diagComponent,map
ScrBundleStateService.diagComponent,collect
ScrBundleStateService.diagComponent,joining
ScrBundleStateService.diagComponent,toString
ScrBundleStateService.allCompConfigs,getComponentDescriptionDTOs
ScrBundleStateService.allCompConfigs,stream
ScrBundleStateService.allCompConfigs,flatMap
ScrBundleStateService.allCompConfigs,getComponentConfigurationDTOs
Activator.getInterfaceNames,getClass
Activator.getInterfaceNames,getSuperclass
Activator.getInterfaceNames,addSuperInterfaces
Activator.getInterfaceNames,toArray
Activator.getInterfaceNames,size
Activator.addSuperInterfaces,getInterfaces
Activator.addSuperInterfaces,add
Activator.addSuperInterfaces,getName
Activator.addSuperInterfaces,addSuperInterfaces
DiagnosticDumpMBeanImpl.createDump,createDump
DiagnosticDumpMBeanImpl.createDump,trim
DiagnosticDumpMBeanImpl.createDump,length
DiagnosticDumpMBeanImpl.createDump,format
DiagnosticDumpMBeanImpl.createDump,directory
DiagnosticDumpMBeanImpl.createDump,zip
DiagnosticDumpMBeanImpl.createDump,dump
DiagnosticDumpMBeanImpl.createDump,info
DiagnosticDumpMBeanImpl.createDump,toString
FeaturesDumpProvider.writeDump,write
FeaturesDumpProvider.writeDump,listRepositories
FeaturesDumpProvider.writeDump,getURI
FeaturesDumpProvider.writeDump,getName
FeaturesDumpProvider.writeDump,listFeatures
FeaturesDumpProvider.writeDump,getVersion
FeaturesDumpProvider.writeDump,isInstalled
FeaturesDumpProvider.writeDump,getBundles
FeaturesDumpProvider.writeDump,getLocation
FeaturesDumpProvider.writeDump,getStartLevel
FeaturesDumpProvider.writeDump,close
TextDumpProvider.createDump,add
TextDumpProvider.createDump,writeDump
TextDumpProvider.createDump,close
LogDumpProvider.createDump,getServiceReference
LogDumpProvider.createDump,getName
LogDumpProvider.createDump,getService
LogDumpProvider.createDump,getConfiguration
LogDumpProvider.createDump,getProcessedProperties
LogDumpProvider.createDump,keys
LogDumpProvider.createDump,hasMoreElements
LogDumpProvider.createDump,nextElement
LogDumpProvider.createDump,endsWith
LogDumpProvider.createDump,get
LogDumpProvider.createDump,exists
LogDumpProvider.createDump,add
LogDumpProvider.createDump,copy
LogDumpProvider.createDump,ungetService
DumpCommand.execute,trim
DumpCommand.execute,length
DumpCommand.execute,format
DumpCommand.execute,directory
DumpCommand.execute,zip
DumpCommand.execute,dump
DumpCommand.execute,println
DumpCommand.execute,toString
Dump.dump,add
Dump.dump,createDump
Dump.dump,getServiceReferences
Dump.dump,getService
Dump.dump,ungetService
Dump.dump,save
MemoryDumpProvider.writeDump,getMemoryMXBean
MemoryDumpProvider.writeDump,write
MemoryDumpProvider.writeDump,getObjectPendingFinalizationCount
MemoryDumpProvider.writeDump,getHeapMemoryUsage
MemoryDumpProvider.writeDump,getInit
MemoryDumpProvider.writeDump,getUsed
MemoryDumpProvider.writeDump,getCommitted
MemoryDumpProvider.writeDump,getMax
MemoryDumpProvider.writeDump,getNonHeapMemoryUsage
ThreadDumpProvider.writeDump,getThreadMXBean
ThreadDumpProvider.writeDump,write
ThreadDumpProvider.writeDump,getThreadCount
ThreadDumpProvider.writeDump,getThreadInfo
ThreadDumpProvider.writeDump,getAllThreadIds
ThreadDumpProvider.writeDump,getDumpThreadString
ThreadDumpProvider.getDumpThreadString,append
ThreadDumpProvider.getDumpThreadString,getThreadName
ThreadDumpProvider.getDumpThreadString,getThreadId
ThreadDumpProvider.getDumpThreadString,getThreadState
ThreadDumpProvider.getDumpThreadString,getLockName
ThreadDumpProvider.getDumpThreadString,getLockOwnerName
ThreadDumpProvider.getDumpThreadString,getLockOwnerId
ThreadDumpProvider.getDumpThreadString,isSuspended
ThreadDumpProvider.getDumpThreadString,isInNative
ThreadDumpProvider.getDumpThreadString,getStackTrace
ThreadDumpProvider.getDumpThreadString,toString
ThreadDumpProvider.getDumpThreadString,getLockInfo
ThreadDumpProvider.getDumpThreadString,getLockedMonitors
ThreadDumpProvider.getDumpThreadString,getLockedStackDepth
ThreadDumpProvider.getDumpThreadString,getLockedSynchronizers
HeapDumpProvider.createDump,getPlatformMBeanServer
HeapDumpProvider.createDump,forName
HeapDumpProvider.createDump,newPlatformMXBeanProxy
HeapDumpProvider.createDump,createTempFile
HeapDumpProvider.createDump,toFile
HeapDumpProvider.createDump,delete
HeapDumpProvider.createDump,getMethod
HeapDumpProvider.createDump,invoke
HeapDumpProvider.createDump,getAbsolutePath
HeapDumpProvider.createDump,add
HeapDumpProvider.createDump,read
HeapDumpProvider.createDump,write
HeapDumpProvider.createDump,close
HeapDumpProvider.createDump,flush
HeapDumpProvider.createDump,exists
BundleDumpProvider.writeDump,getBundles
BundleDumpProvider.writeDump,write
BundleDumpProvider.writeDump,getBundleId
BundleDumpProvider.writeDump,getSymbolicName
BundleDumpProvider.writeDump,getVersion
BundleDumpProvider.writeDump,get
BundleDumpProvider.writeDump,getState
BundleDumpProvider.writeDump,flush
EnvironmentDumpProvider.writeDump,getDateTimeInstance
EnvironmentDumpProvider.writeDump,printf
EnvironmentDumpProvider.writeDump,println
EnvironmentDumpProvider.writeDump,format
EnvironmentDumpProvider.writeDump,currentTimeMillis
EnvironmentDumpProvider.writeDump,dumpKarafInformation
EnvironmentDumpProvider.writeDump,dumpOSGiInformation
EnvironmentDumpProvider.writeDump,dumpOSInformation
EnvironmentDumpProvider.writeDump,dumpVMInformation
EnvironmentDumpProvider.writeDump,dumpThreadsInformation
EnvironmentDumpProvider.writeDump,dumpClassesInformation
EnvironmentDumpProvider.writeDump,dumpMemoryInformation
EnvironmentDumpProvider.writeDump,dumpGCInformation
EnvironmentDumpProvider.dumpKarafInformation,printf
EnvironmentDumpProvider.dumpKarafInformation,println
EnvironmentDumpProvider.dumpKarafInformation,getProperty
EnvironmentDumpProvider.dumpOSGiInformation,println
EnvironmentDumpProvider.dumpOSGiInformation,getBundles
EnvironmentDumpProvider.dumpOSGiInformation,equals
EnvironmentDumpProvider.dumpOSGiInformation,getSymbolicName
EnvironmentDumpProvider.dumpOSGiInformation,printf
EnvironmentDumpProvider.dumpOSGiInformation,getVersion
EnvironmentDumpProvider.dumpOSGiInformation,getBundle
EnvironmentDumpProvider.dumpOSInformation,getOperatingSystemMXBean
EnvironmentDumpProvider.dumpOSInformation,printf
EnvironmentDumpProvider.dumpOSInformation,println
EnvironmentDumpProvider.dumpOSInformation,getName
EnvironmentDumpProvider.dumpOSInformation,getVersion
EnvironmentDumpProvider.dumpOSInformation,getArch
EnvironmentDumpProvider.dumpOSInformation,getAvailableProcessors
EnvironmentDumpProvider.dumpVMInformation,getRuntimeMXBean
EnvironmentDumpProvider.dumpVMInformation,printf
EnvironmentDumpProvider.dumpVMInformation,println
EnvironmentDumpProvider.dumpVMInformation,getName
EnvironmentDumpProvider.dumpVMInformation,format
EnvironmentDumpProvider.dumpVMInformation,getStartTime
EnvironmentDumpProvider.dumpVMInformation,printDuration
EnvironmentDumpProvider.dumpVMInformation,getUptime
EnvironmentDumpProvider.dumpVMInformation,getVmName
EnvironmentDumpProvider.dumpVMInformation,getVmVersion
EnvironmentDumpProvider.dumpVMInformation,getVmVendor
EnvironmentDumpProvider.dumpVMInformation,getProperty
EnvironmentDumpProvider.dumpVMInformation,getInputArguments
EnvironmentDumpProvider.dumpVMInformation,contains
EnvironmentDumpProvider.dumpVMInformation,split
EnvironmentDumpProvider.dumpVMInformation,getBootClassPath
EnvironmentDumpProvider.dumpVMInformation,getLibraryPath
EnvironmentDumpProvider.dumpVMInformation,getClassPath
EnvironmentDumpProvider.dumpVMInformation,getSystemProperties
EnvironmentDumpProvider.dumpVMInformation,entrySet
EnvironmentDumpProvider.dumpVMInformation,getKey
EnvironmentDumpProvider.dumpVMInformation,getValue
EnvironmentDumpProvider.dumpVMInformation,getCompilationMXBean
EnvironmentDumpProvider.dumpVMInformation,getTotalCompilationTime
EnvironmentDumpProvider.dumpThreadsInformation,getThreadMXBean
EnvironmentDumpProvider.dumpThreadsInformation,println
EnvironmentDumpProvider.dumpThreadsInformation,printf
EnvironmentDumpProvider.dumpThreadsInformation,formatLong
EnvironmentDumpProvider.dumpThreadsInformation,getThreadCount
EnvironmentDumpProvider.dumpThreadsInformation,getDaemonThreadCount
EnvironmentDumpProvider.dumpThreadsInformation,getPeakThreadCount
EnvironmentDumpProvider.dumpThreadsInformation,getTotalStartedThreadCount
EnvironmentDumpProvider.dumpClassesInformation,getClassLoadingMXBean
EnvironmentDumpProvider.dumpClassesInformation,println
EnvironmentDumpProvider.dumpClassesInformation,printf
EnvironmentDumpProvider.dumpClassesInformation,formatLong
EnvironmentDumpProvider.dumpClassesInformation,getLoadedClassCount
EnvironmentDumpProvider.dumpClassesInformation,getTotalLoadedClassCount
EnvironmentDumpProvider.dumpClassesInformation,getUnloadedClassCount
EnvironmentDumpProvider.dumpMemoryInformation,getMemoryMXBean
EnvironmentDumpProvider.dumpMemoryInformation,getHeapMemoryUsage
EnvironmentDumpProvider.dumpMemoryInformation,getNonHeapMemoryUsage
EnvironmentDumpProvider.dumpMemoryInformation,println
EnvironmentDumpProvider.dumpMemoryInformation,printf
EnvironmentDumpProvider.dumpMemoryInformation,printMemory
EnvironmentDumpProvider.dumpMemoryInformation,getCommitted
EnvironmentDumpProvider.dumpMemoryInformation,getInit
EnvironmentDumpProvider.dumpMemoryInformation,getUsed
EnvironmentDumpProvider.dumpMemoryInformation,getMax
EnvironmentDumpProvider.dumpGCInformation,getGarbageCollectorMXBeans
EnvironmentDumpProvider.dumpGCInformation,isEmpty
EnvironmentDumpProvider.dumpGCInformation,getMemoryMXBean
EnvironmentDumpProvider.dumpGCInformation,printf
EnvironmentDumpProvider.dumpGCInformation,println
EnvironmentDumpProvider.dumpGCInformation,formatLong
EnvironmentDumpProvider.dumpGCInformation,getObjectPendingFinalizationCount
EnvironmentDumpProvider.dumpGCInformation,format
EnvironmentDumpProvider.dumpGCInformation,getName
EnvironmentDumpProvider.dumpGCInformation,getCollectionCount
EnvironmentDumpProvider.dumpGCInformation,printDuration
EnvironmentDumpProvider.dumpGCInformation,getCollectionTime
EnvironmentDumpProvider.formatLong,format
EnvironmentDumpProvider.printMemory,formatLong
EnvironmentDumpProvider.printDuration,format
EnvironmentDumpProvider.printDuration,formatLong
Activator.isWindows,getProperty
Activator.isWindows,startsWith
DumpHandler.handle,format
DumpHandler.handle,dump
DumpHandler.close,handle
ZipDumpDestination.add,putNextEntry
ZipDumpDestination.save,close
DirectoryDumpDestination.add,contains
DirectoryDumpDestination.add,getParentFile
DirectoryDumpDestination.add,mkdirs
ClosingEntryOutputStreamWrapper.write,write
ClosingEntryOutputStreamWrapper.close,closeEntry
CollisionHookHelper.getCollisionHook,getBundleCollisionHook
FeaturePattern.matches,matcher
FeaturePattern.matches,matches
FeaturePattern.matches,clean
FeaturePattern.matches,contains
FeaturePattern.matches,equals
LocationPattern.toRegExp,compile
LocationPattern.toRegExp,replaceAll
LocationPattern.matches,matcher
LocationPattern.matches,matches
LocationPattern.matches,debug
LocationPattern.matches,warn
LocationPattern.matches,equals
LocationPattern.matches,contains
LocationPattern.strictlyMatches,matches
XmlRepository.checkAndLoadCache,warn
XmlRepository.checkAndLoadCache,getMessage
JsonRepository.checkAndLoadCache,warn
JsonRepository.checkAndLoadCache,getMessage
MultiException.getMessage,append
MultiException.getMessage,getSuppressed
MultiException.getMessage,getMessage
MultiException.getMessage,toString
MapUtils.invert,size
MapUtils.invert,entrySet
MapUtils.invert,addToMapSet
MapUtils.invert,getValue
MapUtils.invert,getKey
MapUtils.apply,size
MapUtils.apply,entrySet
MapUtils.apply,put
MapUtils.apply,getKey
MapUtils.apply,apply
MapUtils.apply,getValue
MapUtils.apply,add
MapUtils.build,size
MapUtils.build,apply
MapUtils.build,put
MapUtils.compose,apply
MapUtils.contains,get
MapUtils.contains,contains
MapUtils.flatten,values
MapUtils.flatten,addAll
MapUtils.diff,copyMapSet
MapUtils.diff,remove
MapUtils.diff,removeAll
MapUtils.add,entrySet
MapUtils.add,computeIfAbsent
MapUtils.add,addAll
MapUtils.add,getValue
MapUtils.add,getKey
MapUtils.retain,entrySet
MapUtils.retain,iterator
MapUtils.retain,hasNext
MapUtils.retain,next
MapUtils.retain,get
MapUtils.retain,getKey
MapUtils.retain,getValue
MapUtils.retain,retainAll
MapUtils.retain,remove
MapUtils.remove,entrySet
MapUtils.remove,get
MapUtils.remove,getKey
MapUtils.remove,removeAll
MapUtils.remove,getValue
MapUtils.remove,isEmpty
MapUtils.remove,remove
MapUtils.copy,add
MapUtils.copy,copy
MapUtils.copy,put
MapUtils.copy,getKey
MapUtils.copy,getValue
MapUtils.copyMapSet,copyMapSet
MapUtils.copyMapSet,entrySet
MapUtils.copyMapSet,put
MapUtils.copyMapSet,getKey
MapUtils.copyMapSet,getValue
MapUtils.addToMapSet,computeIfAbsent
MapUtils.addToMapSet,add
MapUtils.removeFromMapSet,get
MapUtils.removeFromMapSet,remove
MapUtils.removeFromMapSet,isEmpty
MapUtils.map,stream
MapUtils.map,map
MapUtils.map,collect
MapUtils.map,toSet
MapUtils.filter,stream
MapUtils.filter,filter
MapUtils.filter,collect
MapUtils.filter,toSet
ChecksumUtils.checksum,read
ChecksumUtils.checksum,update
ChecksumUtils.checksum,getValue
ChecksumUtils.getCRC,getValue
ChecksumUtils.read,read
ChecksumUtils.read,update
CRCInputStream.getCRC,getValue
CRCInputStream.read,read
CRCInputStream.read,update
SystemExitManager.exit,exit
Macro.transform,startsWith
Macro.transform,endsWith
Macro.transform,substring
Macro.transform,split
Macro.transform,length
Macro.transform,version
Macro.transform,getVersion
Macro.transform,range
Macro.version,length
Macro.version,charAt
Macro.version,getQualifier
Macro.version,isEmpty
Macro.version,isDigit
Macro.version,valueOf
Macro.version,getMajor
Macro.version,getMinor
Macro.version,getMicro
Macro.version,toString
Macro.version,append
Macro.range,matcher
Macro.range,matches
Macro.range,group
Macro.range,version
Activator.getGlobalRepository,getStringArray
Activator.getGlobalRepository,getLong
Activator.getGlobalRepository,getBoolean
Activator.getGlobalRepository,trim
Activator.getGlobalRepository,isEmpty
Activator.getGlobalRepository,startsWith
Activator.getGlobalRepository,add
Activator.getGlobalRepository,substring
Activator.getGlobalRepository,length
Activator.getGlobalRepository,warn
Activator.getGlobalRepository,size
Activator.getGlobalRepository,get
Activator.getConfig,getProperty
Activator.getConfig,getString
Activator.getConfig,toURI
Activator.getConfig,toString
Activator.getConfig,getValue
Activator.getConfig,getInt
Activator.getConfig,getLong
Activator.getConfig,getBoolean
Activator.getConfig,populate
Activator.getConfig,put
Activator.getConfig,getName
Activator.createStateStorage,getDataFile
Activator.createStateStorage,exists
Activator.getInputStream,getDataFile
Activator.getInputStream,exists
Activator.getOutputStream,getDataFile
Activator.registerRegionDiGraph,put
Activator.registerRegionDiGraph,register
Activator.registerRegionDiGraph,getResolverHookFactory
Activator.registerRegionDiGraph,getCollisionHook
Activator.registerRegionDiGraph,getBundleFindHook
Activator.registerRegionDiGraph,getBundleEventHook
Activator.registerRegionDiGraph,getServiceFindHook
Activator.registerRegionDiGraph,getServiceEventHook
Activator.registerRegionDiGraph,getBoolean
Activator.registerRegionDiGraph,registerMBean
Activator.registerRegionDiGraph,verifyUnmanagedBundles
Activator.createFeatureListenerTracker,getService
Activator.createFeatureListenerTracker,registerListener
Activator.createFeatureListenerTracker,unregisterListener
Activator.createFeatureListenerTracker,ungetService
FeaturesServiceMBeanImpl.postRegister,registerService
FeaturesServiceMBeanImpl.postRegister,getFeaturesListener
FeaturesServiceMBeanImpl.preDeregister,unregister
FeaturesServiceMBeanImpl.getFeatures,asList
FeaturesServiceMBeanImpl.getFeatures,listFeatures
FeaturesServiceMBeanImpl.getFeatures,listInstalledFeatures
FeaturesServiceMBeanImpl.getFeatures,add
FeaturesServiceMBeanImpl.getFeatures,contains
FeaturesServiceMBeanImpl.getFeatures,isRequired
FeaturesServiceMBeanImpl.getFeatures,printStackTrace
FeaturesServiceMBeanImpl.getFeatures,tableFrom
FeaturesServiceMBeanImpl.getRepositories,asList
FeaturesServiceMBeanImpl.getRepositories,listRepositories
FeaturesServiceMBeanImpl.getRepositories,add
FeaturesServiceMBeanImpl.getRepositories,printStackTrace
FeaturesServiceMBeanImpl.getRepositories,tableFrom
FeaturesServiceMBeanImpl.repositoryProvidedFeatures,infoFeature
FeaturesServiceMBeanImpl.repositoryProvidedFeatures,repositoryProvidedFeatures
FeaturesServiceMBeanImpl.addRepository,isRepositoryUriBlacklisted
FeaturesServiceMBeanImpl.addRepository,addRepository
FeaturesServiceMBeanImpl.removeRepository,removeRepository
FeaturesServiceMBeanImpl.removeRepository,compile
FeaturesServiceMBeanImpl.removeRepository,listRepositories
FeaturesServiceMBeanImpl.removeRepository,getName
FeaturesServiceMBeanImpl.removeRepository,isEmpty
FeaturesServiceMBeanImpl.removeRepository,matcher
FeaturesServiceMBeanImpl.removeRepository,matches
FeaturesServiceMBeanImpl.removeRepository,add
FeaturesServiceMBeanImpl.removeRepository,getURI
FeaturesServiceMBeanImpl.removeRepository,toString
FeaturesServiceMBeanImpl.refreshRepository,isEmpty
FeaturesServiceMBeanImpl.refreshRepository,listRepositories
FeaturesServiceMBeanImpl.refreshRepository,refreshRepository
FeaturesServiceMBeanImpl.refreshRepository,getURI
FeaturesServiceMBeanImpl.refreshRepository,compile
FeaturesServiceMBeanImpl.refreshRepository,matcher
FeaturesServiceMBeanImpl.refreshRepository,toString
FeaturesServiceMBeanImpl.refreshRepository,matches
FeaturesServiceMBeanImpl.refreshRepository,add
FeaturesServiceMBeanImpl.installFeature,installFeature
FeaturesServiceMBeanImpl.installFeature,noneOf
FeaturesServiceMBeanImpl.installFeature,add
FeaturesServiceMBeanImpl.infoFeature,getFeatures
FeaturesServiceMBeanImpl.infoFeature,infoFeature
FeaturesServiceMBeanImpl.infoFeature,printStackTrace
FeaturesServiceMBeanImpl.infoFeature,isInstalled
FeaturesServiceMBeanImpl.infoFeature,isRequired
FeaturesServiceMBeanImpl.infoFeature,add
FeaturesServiceMBeanImpl.infoFeature,tableFrom
FeaturesServiceMBeanImpl.uninstallFeature,uninstallFeature
FeaturesServiceMBeanImpl.uninstallFeature,noneOf
FeaturesServiceMBeanImpl.uninstallFeature,add
FeaturesServiceMBeanImpl.getFeaturesListener,isReplay
FeaturesServiceMBeanImpl.getFeaturesListener,setUserData
FeaturesServiceMBeanImpl.getFeaturesListener,asCompositeData
FeaturesServiceMBeanImpl.getFeaturesListener,sendNotification
FeaturesServiceMBeanImpl.featureEvent,isReplay
FeaturesServiceMBeanImpl.featureEvent,setUserData
FeaturesServiceMBeanImpl.featureEvent,asCompositeData
FeaturesServiceMBeanImpl.featureEvent,sendNotification
FeaturesServiceMBeanImpl.repositoryEvent,isReplay
FeaturesServiceMBeanImpl.repositoryEvent,setUserData
FeaturesServiceMBeanImpl.repositoryEvent,asCompositeData
FeaturesServiceMBeanImpl.repositoryEvent,sendNotification
FeaturesServiceMBeanImpl.getBroadcastInfo,getCanonicalName
CandidateComparator.compare,applyAsInt
CandidateComparator.compare,getResource
CandidateComparator.compare,compare
CandidateComparator.compare,getNamespace
CandidateComparator.compare,equals
CandidateComparator.compare,compareNames
CandidateComparator.compare,compareVersions
CandidateComparator.compare,getSymbolicName
CandidateComparator.compare,compareTo
CandidateComparator.compare,getOwnerName
CandidateComparator.compareNames,getAttributes
CandidateComparator.compareNames,get
CandidateComparator.compareNames,singletonList
CandidateComparator.compareNames,contains
CandidateComparator.compareNames,compareTo
CandidateComparator.compareVersions,getAttributes
CandidateComparator.compareVersions,get
CandidateComparator.compareVersions,compareTo
SubsystemResolveContext.computeDistances,put
SubsystemResolveContext.computeDistances,comparingInt
SubsystemResolveContext.computeDistances,getOrDefault
SubsystemResolveContext.computeDistances,add
SubsystemResolveContext.computeDistances,isEmpty
SubsystemResolveContext.computeDistances,poll
SubsystemResolveContext.computeDistances,computeEdges
SubsystemResolveContext.computeDistances,keySet
SubsystemResolveContext.computeDistances,get
SubsystemResolveContext.computeDistances,merge
SubsystemResolveContext.computeDistances,contains
SubsystemResolveContext.computeEdges,getOwnerName
SubsystemResolveContext.computeEdges,getRequirements
SubsystemResolveContext.computeEdges,isOptional
SubsystemResolveContext.computeEdges,isDynamic
SubsystemResolveContext.computeEdges,findProviders
SubsystemResolveContext.computeEdges,getResource
SubsystemResolveContext.computeEdges,size
SubsystemResolveContext.computeEdges,equals
SubsystemResolveContext.computeEdges,merge
SubsystemResolveContext.getResourceCost,getOrDefault
SubsystemResolveContext.isOptional,getDirectives
SubsystemResolveContext.isOptional,get
SubsystemResolveContext.isOptional,equals
SubsystemResolveContext.isDynamic,getDirectives
SubsystemResolveContext.isDynamic,get
SubsystemResolveContext.isDynamic,equals
SubsystemResolveContext.prepare,put
SubsystemResolveContext.prepare,getInstallable
SubsystemResolveContext.prepare,getChildren
SubsystemResolveContext.prepare,prepare
SubsystemResolveContext.getMandatoryResources,singleton
SubsystemResolveContext.findProviders,getRegion
SubsystemResolveContext.findProviders,getResource
SubsystemResolveContext.findProviders,findProviders
SubsystemResolveContext.findProviders,singleton
SubsystemResolveContext.findProviders,get
SubsystemResolveContext.findProviders,isEmpty
SubsystemResolveContext.findProviders,addAll
SubsystemResolveContext.findProviders,equals
SubsystemResolveContext.findProviders,getDirectives
SubsystemResolveContext.findProviders,visitSubgraph
SubsystemResolveContext.findProviders,getAllowed
SubsystemResolveContext.findProviders,retainAll
SubsystemResolveContext.findProviders,size
SubsystemResolveContext.findProviders,getSymbolicName
SubsystemResolveContext.findProviders,getVersion
SubsystemResolveContext.findProviders,contains
SubsystemResolveContext.findProviders,clear
SubsystemResolveContext.findProviders,getName
SubsystemResolveContext.findProviders,add
SubsystemResolveContext.findProviders,startsWith
SubsystemResolveContext.findProviders,removeIf
SubsystemResolveContext.findProviders,sort
SubsystemResolveContext.findProviders,entrySet
SubsystemResolveContext.findProviders,getSubsystem
SubsystemResolveContext.findProviders,getKey
SubsystemResolveContext.findProviders,isAcceptDependencies
SubsystemResolveContext.findProviders,getParent
SubsystemResolveContext.findProviders,computeIfAbsent
SubsystemResolveContext.findProviders,getValue
SubsystemResolveContext.findProviders,wrap
SubsystemResolveContext.findProviders,put
SubsystemResolveContext.getSubsystem,get
SubsystemResolveContext.getRegion,getSubsystem
SubsystemResolveContext.getRegion,get
SubsystemResolveContext.getRegion,getName
SubsystemResolveContext.insertHostedCapability,binarySearch
SubsystemResolveContext.insertHostedCapability,abs
SubsystemResolveContext.insertHostedCapability,add
SubsystemResolveContext.isEffective,equals
SubsystemResolveContext.isEffective,getNamespace
SubsystemResolveContext.getWirings,emptyMap
SubsystemResolveContext.contains,equals
SubsystemResolveContext.contains,getRegion
SubsystemResolveContext.contains,getResource
SubsystemResolveContext.isAllowed,isAllowed
SubsystemResolveContext.isAllowed,getNamespace
SubsystemResolveContext.isAllowed,getAttributes
SubsystemResolveContext.isAllowed,getResource
SubsystemResolveContext.isAllowed,getCapabilities
SubsystemResolveContext.isAllowed,isEmpty
SubsystemResolveContext.isAllowed,iterator
SubsystemResolveContext.isAllowed,next
SubsystemResolveContext.isAllowed,put
SubsystemResolveContext.isAllowed,get
SubsystemResolveContext.wrap,getCapabilities
SubsystemResolveContext.wrap,getNamespace
SubsystemResolveContext.wrap,getDirectives
SubsystemResolveContext.wrap,getAttributes
SubsystemResolveContext.wrap,put
SubsystemResolveContext.wrap,addCapability
SubsystemResolveContext.wrap,getRequirements
SubsystemResolveContext.wrap,addRequirement
SubsystemResolveContext.wrap,addIdentityRequirement
SubsystemResolveContext.wrap,download
SubsystemResolveContext.wrap,getUri
Visitor.contains,equals
Visitor.contains,getRegion
Visitor.contains,getResource
Visitor.isAllowed,isAllowed
Visitor.isAllowed,getNamespace
Visitor.isAllowed,getAttributes
Visitor.isAllowed,getResource
Visitor.isAllowed,getCapabilities
Visitor.isAllowed,isEmpty
Visitor.isAllowed,iterator
Visitor.isAllowed,next
Visitor.isAllowed,put
Visitor.isAllowed,get
SubsystemRepository.findProviders,findProviders
SubsystemRepository.findProviders,entrySet
SubsystemRepository.findProviders,getSubsystem
SubsystemRepository.findProviders,getKey
SubsystemRepository.findProviders,getResource
SubsystemRepository.findProviders,isAcceptDependencies
SubsystemRepository.findProviders,getParent
SubsystemRepository.findProviders,computeIfAbsent
SubsystemRepository.findProviders,getValue
SubsystemRepository.findProviders,get
SubsystemRepository.findProviders,wrap
SubsystemRepository.findProviders,add
SubsystemRepository.findProviders,put
SubsystemRepository.wrap,getCapabilities
SubsystemRepository.wrap,getNamespace
SubsystemRepository.wrap,getDirectives
SubsystemRepository.wrap,getAttributes
SubsystemRepository.wrap,put
SubsystemRepository.wrap,addCapability
SubsystemRepository.wrap,getRequirements
SubsystemRepository.wrap,addRequirement
SubsystemRepository.wrap,addIdentityRequirement
SubsystemRepository.wrap,download
SubsystemRepository.wrap,getUri
AbstractRegionDigraphVisitor.visit,isEmpty
AbstractRegionDigraphVisitor.visit,peek
AbstractRegionDigraphVisitor.visit,contains
AbstractRegionDigraphVisitor.visit,add
AbstractRegionDigraphVisitor.visit,containsAll
AbstractRegionDigraphVisitor.preEdgeTraverse,isEmpty
AbstractRegionDigraphVisitor.preEdgeTraverse,peek
AbstractRegionDigraphVisitor.preEdgeTraverse,removeAll
AbstractRegionDigraphVisitor.preEdgeTraverse,removeIf
AbstractRegionDigraphVisitor.preEdgeTraverse,isAllowed
AbstractRegionDigraphVisitor.preEdgeTraverse,push
AbstractRegionDigraphVisitor.postEdgeTraverse,poll
AbstractRegionDigraphVisitor.postEdgeTraverse,pop
AbstractRegionDigraphVisitor.postEdgeTraverse,addAll
SubsystemResolver.prepare,entrySet
SubsystemResolver.prepare,getKey
SubsystemResolver.prepare,split
SubsystemResolver.prepare,getName
SubsystemResolver.prepare,equals
SubsystemResolver.prepare,join
SubsystemResolver.prepare,copyOfRange
SubsystemResolver.prepare,getOrCreateChild
SubsystemResolver.prepare,getValue
SubsystemResolver.prepare,require
SubsystemResolver.prepare,build
SubsystemResolver.prepare,getChild
SubsystemResolver.prepare,getBundle
SubsystemResolver.prepare,getHeaders
SubsystemResolver.prepare,getLocation
SubsystemResolver.prepare,getCapabilities
SubsystemResolver.prepare,addCapability
SubsystemResolver.prepare,getNamespace
SubsystemResolver.prepare,getDirectives
SubsystemResolver.prepare,getAttributes
SubsystemResolver.prepare,addSystemResource
SubsystemResolver.prepare,getBundleId
SubsystemResolver.prepare,get
SubsystemResolver.prepare,addCapabilities
SubsystemResolver.prepare,parseCapability
SubsystemResolver.collectPrerequisites,collectPrerequisites
SubsystemResolver.resolve,emptyMap
SubsystemResolver.resolve,downloadBundles
SubsystemResolver.resolve,populateDigraph
SubsystemResolver.resolve,createDownloader
SubsystemResolver.resolve,put
SubsystemResolver.resolve,toJson
SubsystemResolver.resolve,getRepository
SubsystemResolver.resolve,resolve
SubsystemResolver.resolve,toString
SubsystemResolver.resolve,newBufferedWriter
SubsystemResolver.resolve,get
SubsystemResolver.resolve,write
SubsystemResolver.resolve,await
SubsystemResolver.resolve,values
SubsystemResolver.resolve,removeIf
SubsystemResolver.resolve,getProvider
SubsystemResolver.resolve,associateFragments
SubsystemResolver.toJson,entrySet
SubsystemResolver.toJson,getKey
SubsystemResolver.toJson,toString
SubsystemResolver.toJson,getValue
SubsystemResolver.toJson,put
SubsystemResolver.toJson,getRequirement
SubsystemResolver.toJson,getCapability
SubsystemResolver.toJson,getRequirer
SubsystemResolver.toJson,getProvider
SubsystemResolver.toJson,add
SubsystemResolver.toJson,emptyMap
SubsystemResolver.toJson,findProviders
SubsystemResolver.toJson,get
SubsystemResolver.toJson,singleton
SubsystemResolver.toJson,getNamespace
SubsystemResolver.toJson,getAttributes
SubsystemResolver.toJson,getDirectives
SubsystemResolver.toJson,toJson
SubsystemResolver.toJson,getResource
SubsystemResolver.toJson,getCapabilities
SubsystemResolver.toJson,getRequirements
SubsystemResolver.toString,toString
SubsystemResolver.toString,getCapabilities
SubsystemResolver.toString,get
SubsystemResolver.toString,getNamespace
SubsystemResolver.toString,getAttributes
SubsystemResolver.toString,getDirectives
SubsystemResolver.getBundleInfos,addBundleInfos
SubsystemResolver.addBundleInfos,getFlatSubsystemsMap
SubsystemResolver.addBundleInfos,get
SubsystemResolver.addBundleInfos,getName
SubsystemResolver.addBundleInfos,computeIfAbsent
SubsystemResolver.addBundleInfos,putAll
SubsystemResolver.addBundleInfos,getBundleInfos
SubsystemResolver.addBundleInfos,getChildren
SubsystemResolver.addBundleInfos,addBundleInfos
SubsystemResolver.getProviders,getProviders
SubsystemResolver.getFlatDigraph,getFlatSubsystemsMap
SubsystemResolver.getFlatDigraph,getRegions
SubsystemResolver.getFlatDigraph,getName
SubsystemResolver.getFlatDigraph,equals
SubsystemResolver.getFlatDigraph,get
SubsystemResolver.getFlatDigraph,createRegion
SubsystemResolver.getFlatDigraph,getEdges
SubsystemResolver.getFlatDigraph,getRegion
SubsystemResolver.getFlatDigraph,createRegionFilterBuilder
SubsystemResolver.getFlatDigraph,getFilter
SubsystemResolver.getFlatDigraph,getSharingPolicy
SubsystemResolver.getFlatDigraph,entrySet
SubsystemResolver.getFlatDigraph,getKey
SubsystemResolver.getFlatDigraph,getValue
SubsystemResolver.getFlatDigraph,allow
SubsystemResolver.getFlatDigraph,connect
SubsystemResolver.getFlatDigraph,build
SubsystemResolver.getFlatSubsystemsMap,findSubsystemsToFlatten
SubsystemResolver.getBundlesPerRegions,invert
SubsystemResolver.getBundlesPerRegions,getBundles
SubsystemResolver.getBundles,format
SubsystemResolver.getBundles,parse
SubsystemResolver.getBundles,getResourceMapping
SubsystemResolver.getFeaturesPerRegions,invert
SubsystemResolver.getFeaturesPerRegions,getFeatures
SubsystemResolver.getFeatures,createFilter
SubsystemResolver.getFeatures,getResourceMapping
SubsystemResolver.getResourceMapping,getFlatSubsystemsMap
SubsystemResolver.getResourceMapping,getWiring
SubsystemResolver.getResourceMapping,createFilter
SubsystemResolver.getResourceMapping,keySet
SubsystemResolver.getResourceMapping,findMatchingCapability
SubsystemResolver.getResourceMapping,getCapabilities
SubsystemResolver.getResourceMapping,findMatchingWire
SubsystemResolver.getResourceMapping,get
SubsystemResolver.getResourceMapping,getCapability
SubsystemResolver.getResourceMapping,getAttributes
SubsystemResolver.getResourceMapping,getRequirement
SubsystemResolver.getResourceMapping,getResource
SubsystemResolver.getResourceMapping,put
SubsystemResolver.associateFragments,createFilter
SubsystemResolver.associateFragments,entrySet
SubsystemResolver.associateFragments,getKey
SubsystemResolver.associateFragments,getSubsystemRequirement
SubsystemResolver.associateFragments,isFragment
SubsystemResolver.associateFragments,getValue
SubsystemResolver.associateFragments,get
SubsystemResolver.associateFragments,getProvider
SubsystemResolver.associateFragments,findMatchingWire
SubsystemResolver.associateFragments,add
SubsystemResolver.associateFragments,getCapability
SubsystemResolver.getCapability,getCapability
SubsystemResolver.getProvider,getProvider
SubsystemResolver.getSubsystemRequirement,getRequirements
SubsystemResolver.getSubsystemRequirement,equals
SubsystemResolver.getSubsystemRequirement,getNamespace
SubsystemResolver.getSubsystemRequirement,getAttributes
SubsystemResolver.getSubsystemRequirement,get
SubsystemResolver.findMatchingCapability,matches
SubsystemResolver.findMatchingWire,getCapability
SubsystemResolver.findMatchingWire,matches
SubsystemResolver.createFilter,put
SubsystemResolver.createFilter,convert
SubsystemResolver.findSubsystemsToFlatten,isFlat
SubsystemResolver.findSubsystemsToFlatten,getParent
SubsystemResolver.findSubsystemsToFlatten,put
SubsystemResolver.findSubsystemsToFlatten,getName
SubsystemResolver.findSubsystemsToFlatten,getChildren
SubsystemResolver.findSubsystemsToFlatten,findSubsystemsToFlatten
SubsystemResolver.isFlat,getFeature
SubsystemResolver.isFlat,getScoping
SubsystemResolver.getOrCreateChild,getChild
SubsystemResolver.getOrCreateChild,createSubsystem
SubsystemResolver.populateDigraph,createRegion
SubsystemResolver.populateDigraph,getName
SubsystemResolver.populateDigraph,getParent
SubsystemResolver.populateDigraph,getRegion
SubsystemResolver.populateDigraph,connect
SubsystemResolver.populateDigraph,createRegionFilterBuilder
SubsystemResolver.populateDigraph,build
SubsystemResolver.populateDigraph,getImportPolicy
SubsystemResolver.populateDigraph,getExportPolicy
SubsystemResolver.populateDigraph,getChildren
SubsystemResolver.populateDigraph,populateDigraph
SubsystemResolver.createRegionFilterBuilder,createRegionFilterBuilder
SubsystemResolver.createRegionFilterBuilder,entrySet
SubsystemResolver.createRegionFilterBuilder,getValue
SubsystemResolver.createRegionFilterBuilder,allow
SubsystemResolver.createRegionFilterBuilder,getKey
Subsystem.getChild,getName
Subsystem.getChild,equals
Subsystem.createSubsystem,getName
Subsystem.createSubsystem,add
Subsystem.createSubsystem,addIdentityRequirement
Subsystem.addSystemResource,add
Subsystem.requireFeature,addIdentityRequirement
Subsystem.requireFeature,addAll
Subsystem.requireFeature,getRequirements
Subsystem.require,indexOf
Subsystem.require,substring
Subsystem.require,addRequirement
Subsystem.require,toFeatureRequirement
Subsystem.require,add
Subsystem.addRequirement,parseRequirement
Subsystem.addRequirement,getAttributes
Subsystem.addRequirement,get
Subsystem.addRequirement,put
Subsystem.addRequirement,addRequirement
Subsystem.getBundleInfos,values
Subsystem.getBundleInfos,put
Subsystem.getBundleInfos,getLocation
Subsystem.build,entrySet
Subsystem.build,getValue
Subsystem.build,size
Subsystem.build,containsKey
Subsystem.build,getVersion
Subsystem.build,put
Subsystem.build,getKey
Subsystem.build,values
Subsystem.build,doBuild
Subsystem.doBuild,doBuild
Subsystem.doBuild,getDependencies
Subsystem.doBuild,isBlacklisted
Subsystem.doBuild,isAcceptDependencies
Subsystem.doBuild,getParent
Subsystem.doBuild,requireFeature
Subsystem.doBuild,getName
Subsystem.doBuild,getVersion
Subsystem.doBuild,getConditional
Subsystem.doBuild,asFeature
Subsystem.doBuild,hasVersion
Subsystem.doBuild,getChild
Subsystem.doBuild,add
Subsystem.doBuild,getRequirements
Subsystem.doBuild,addAll
Subsystem.doBuild,removeAll
Subsystem.doBuild,isEmpty
Subsystem.doBuild,getAttributes
Subsystem.doBuild,get
Subsystem.doBuild,equals
Subsystem.doBuild,containsKey
Subsystem.doBuild,contains
Subsystem.doBuild,isOptional
Subsystem.doBuild,build
Subsystem.collectPrerequisites,doCollectPrerequisites
Subsystem.doCollectPrerequisites,doCollectPrerequisites
Subsystem.doCollectPrerequisites,split
Subsystem.doCollectPrerequisites,getName
Subsystem.doCollectPrerequisites,equals
Subsystem.doCollectPrerequisites,parseVersionRange
Subsystem.doCollectPrerequisites,contains
Subsystem.doCollectPrerequisites,parseVersion
Subsystem.doCollectPrerequisites,getVersion
Subsystem.doCollectPrerequisites,getDependencies
Subsystem.doCollectPrerequisites,isPrerequisite
Subsystem.doCollectPrerequisites,add
Subsystem.doCollectPrerequisites,toString
Subsystem.downloadBundles,downloadBundles
Subsystem.downloadBundles,createDownloader
Subsystem.downloadBundles,getConditional
Subsystem.downloadBundles,isBlacklisted
Subsystem.downloadBundles,getBundles
Subsystem.downloadBundles,put
Subsystem.downloadBundles,keySet
Subsystem.downloadBundles,iterator
Subsystem.downloadBundles,hasNext
Subsystem.downloadBundles,next
Subsystem.downloadBundles,remove
Subsystem.downloadBundles,bundleBlacklisted
Subsystem.downloadBundles,serviceRequirementsBehavior
Subsystem.downloadBundles,entrySet
Subsystem.downloadBundles,getKey
Subsystem.downloadBundles,getLocation
Subsystem.downloadBundles,download
Subsystem.downloadBundles,createResource
Subsystem.downloadBundles,getMetadata
Subsystem.downloadBundles,isOverriden
Subsystem.downloadBundles,getOriginalLocation
Subsystem.downloadBundles,parseClauses
Subsystem.downloadBundles,toArray
Subsystem.downloadBundles,size
Subsystem.downloadBundles,getName
Subsystem.downloadBundles,getLibraries
Subsystem.downloadBundles,isExport
Subsystem.downloadBundles,await
Subsystem.downloadBundles,override
Subsystem.downloadBundles,build
Subsystem.downloadBundles,addIdentityRequirement
Subsystem.downloadBundles,add
Subsystem.downloadBundles,getValue
Subsystem.downloadBundles,get
Subsystem.downloadBundles,getStartLevel
Subsystem.downloadBundles,isDependency
Subsystem.downloadBundles,addDependency
Subsystem.downloadBundles,isStart
Subsystem.downloadBundles,doAddDependency
Subsystem.downloadBundles,getResourceRepositories
Subsystem.downloadBundles,getRepository
Subsystem.downloadBundles,getRepositoryUrl
Subsystem.downloadBundles,getResources
Subsystem.downloadBundles,cloneResource
Subsystem.downloadBundles,parseBoolean
Subsystem.downloadBundles,getAttribute
Subsystem.downloadBundles,parseInt
Subsystem.downloadBundles,values
Subsystem.serviceRequirementsBehavior,equals
Subsystem.serviceRequirementsBehavior,getNamespace
Subsystem.cloneResource,getCapabilities
Subsystem.cloneResource,addCapability
Subsystem.cloneResource,getNamespace
Subsystem.cloneResource,getDirectives
Subsystem.cloneResource,getAttributes
Subsystem.cloneResource,getRequirements
Subsystem.cloneResource,containsKey
Subsystem.cloneResource,parse
Subsystem.cloneResource,get
Subsystem.cloneResource,convert
Subsystem.cloneResource,addRequirement
Subsystem.getMetadata,open
Subsystem.getMetadata,getNextEntry
Subsystem.getMetadata,equals
Subsystem.getMetadata,getName
Subsystem.getMetadata,getMainAttributes
Subsystem.getMetadata,entrySet
Subsystem.getMetadata,put
Subsystem.getMetadata,getKey
Subsystem.getMetadata,toString
Subsystem.getMetadata,getValue
Subsystem.getMetadata,getUrl
Subsystem.addDependency,isAcceptDependencies
Subsystem.addDependency,doAddDependency
Subsystem.addDependency,addDependency
Subsystem.doAddDependency,getSymbolicName
Subsystem.doAddDependency,getVersion
Subsystem.doAddDependency,merge
Subsystem.merge,getFirstIdentityReq
Subsystem.merge,getSymbolicName
Subsystem.merge,getVersion
Subsystem.merge,toString
Subsystem.merge,min
Subsystem.merge,max
Subsystem.getFirstIdentityReq,getRequirements
Subsystem.getFirstIdentityReq,equals
Subsystem.getFirstIdentityReq,getNamespace
Subsystem.getLocation,getUri
Subsystem.getOriginalLocation,getUri
Subsystem.createPolicy,addToMapSet
Subsystem.createPolicy,getNamespace
Subsystem.createPolicy,getFilter
Subsystem.createResource,build
Subsystem.toString,getName
DependencyInfo.getLocation,getUri
DependencyInfo.getOriginalLocation,getUri
DigraphHelper.loadDigraph,getDataFile
DigraphHelper.loadDigraph,exists
DigraphHelper.loadDigraph,readDigraph
DigraphHelper.saveDigraph,saveDigraph
DigraphHelper.saveDigraph,put
DigraphHelper.saveDigraph,getRegions
DigraphHelper.saveDigraph,getName
DigraphHelper.saveDigraph,getBundleIds
DigraphHelper.saveDigraph,getEdges
DigraphHelper.saveDigraph,getRegion
DigraphHelper.saveDigraph,getFilter
DigraphHelper.saveDigraph,getSharingPolicy
DigraphHelper.saveDigraph,add
DigraphHelper.saveDigraph,write
DigraphHelper.readDigraph,read
DigraphHelper.readDigraph,get
DigraphHelper.readDigraph,entrySet
DigraphHelper.readDigraph,getKey
DigraphHelper.readDigraph,createRegion
DigraphHelper.readDigraph,getValue
DigraphHelper.readDigraph,addBundle
DigraphHelper.readDigraph,longValue
DigraphHelper.readDigraph,createRegionFilterBuilder
DigraphHelper.readDigraph,allow
DigraphHelper.readDigraph,connect
DigraphHelper.readDigraph,getRegion
DigraphHelper.readDigraph,build
DigraphHelper.getBundlesPerRegion,getRegions
DigraphHelper.getBundlesPerRegion,put
DigraphHelper.getBundlesPerRegion,getName
DigraphHelper.getBundlesPerRegion,getBundleIds
DigraphHelper.getPolicies,getRegions
DigraphHelper.getPolicies,getEdges
DigraphHelper.getPolicies,getFilter
DigraphHelper.getPolicies,getSharingPolicy
DigraphHelper.getPolicies,entrySet
DigraphHelper.getPolicies,getValue
DigraphHelper.getPolicies,addToMapSet
DigraphHelper.getPolicies,getKey
DigraphHelper.getPolicies,put
DigraphHelper.getPolicies,getRegion
DigraphHelper.getPolicies,getName
DigraphHelper.verifyUnmanagedBundles,getRegion
DigraphHelper.verifyUnmanagedBundles,createRegion
DigraphHelper.verifyUnmanagedBundles,setDefaultRegion
DigraphHelper.verifyUnmanagedBundles,getBundles
DigraphHelper.verifyUnmanagedBundles,getBundleId
DigraphHelper.verifyUnmanagedBundles,add
DigraphHelper.verifyUnmanagedBundles,addBundle
DigraphHelper.verifyUnmanagedBundles,getBundleIds
DigraphHelper.verifyUnmanagedBundles,removeAll
DigraphHelper.verifyUnmanagedBundles,removeBundle
RepositoryManager.getRepository,startsWith
RepositoryManager.getRepository,create
RepositoryManager.getRepository,resolve
RepositoryManager.getRepository,substring
RepositoryManager.getRepository,length
RepositoryManager.getRepository,toString
RepositoryManager.getRepository,putIfAbsent
RepositoryManager.getRepository,get
OfflineResolver.main,resolve
OfflineResolver.resolve,newBufferedReader
OfflineResolver.resolve,get
OfflineResolver.resolve,read
OfflineResolver.resolve,containsKey
OfflineResolver.resolve,readRepository
OfflineResolver.resolve,resolve
OfflineResolver.resolve,emptyMap
OfflineResolver.resolve,parse
OfflineResolver.resolve,findProviders
OfflineResolver.resolve,singleton
OfflineResolver.resolve,add
OfflineResolver.resolve,getResource
OfflineResolver.resolve,isEmpty
OfflineResolver.resolve,addAll
OfflineResolver.resolve,equals
OfflineResolver.resolve,getDirectives
OfflineResolver.resolve,sort
OfflineResolver.resolve,binarySearch
OfflineResolver.resolve,abs
OfflineResolver.getMandatoryResources,emptyMap
OfflineResolver.getMandatoryResources,parse
OfflineResolver.getMandatoryResources,findProviders
OfflineResolver.getMandatoryResources,get
OfflineResolver.getMandatoryResources,singleton
OfflineResolver.getMandatoryResources,add
OfflineResolver.getMandatoryResources,getResource
OfflineResolver.findProviders,findProviders
OfflineResolver.findProviders,singleton
OfflineResolver.findProviders,get
OfflineResolver.findProviders,isEmpty
OfflineResolver.findProviders,addAll
OfflineResolver.findProviders,equals
OfflineResolver.findProviders,getDirectives
OfflineResolver.findProviders,sort
OfflineResolver.insertHostedCapability,binarySearch
OfflineResolver.insertHostedCapability,abs
OfflineResolver.insertHostedCapability,add
OfflineResolver.getWirings,emptyMap
OfflineResolver.readRepository,get
OfflineResolver.readRepository,addCapabilities
OfflineResolver.readRepository,parseCapability
OfflineResolver.readRepository,containsKey
OfflineResolver.readRepository,addRequirements
OfflineResolver.readRepository,parseRequirement
OfflineResolver.readRepository,add
DownloadManagers.createDownloadManager,createDownloadManager
SimpleDownloadTask.download,trace
SimpleDownloadTask.download,startsWith
SimpleDownloadTask.download,downloadBlueprintOrSpring
SimpleDownloadTask.download,mkdirs
SimpleDownloadTask.download,isDirectory
SimpleDownloadTask.download,toString
SimpleDownloadTask.download,getFileName
SimpleDownloadTask.download,exists
SimpleDownloadTask.download,getProperty
SimpleDownloadTask.download,createTempFile
SimpleDownloadTask.download,toFile
SimpleDownloadTask.download,toPath
SimpleDownloadTask.download,stripStartLevel
SimpleDownloadTask.download,openStream
SimpleDownloadTask.download,copy
SimpleDownloadTask.download,delete
SimpleDownloadTask.download,renameTo
SimpleDownloadTask.getFileName,getFile
SimpleDownloadTask.getFileName,stripUrl
SimpleDownloadTask.getFileName,removeInlinedMavenRepositoryUrl
SimpleDownloadTask.getFileName,lastIndexOf
SimpleDownloadTask.getFileName,substring
SimpleDownloadTask.getFileName,max
SimpleDownloadTask.getFileName,toHexString
SimpleDownloadTask.getFileName,toString
SimpleDownloadTask.getFileName,hashCode
SimpleDownloadTask.downloadBlueprintOrSpring,getProperty
SimpleDownloadTask.downloadBlueprintOrSpring,mkdirs
SimpleDownloadTask.downloadBlueprintOrSpring,createTempFile
SimpleDownloadTask.downloadBlueprintOrSpring,toFile
SimpleDownloadTask.downloadBlueprintOrSpring,toPath
SimpleDownloadTask.downloadBlueprintOrSpring,openStream
SimpleDownloadTask.downloadBlueprintOrSpring,copy
MavenDownloadManager.getProviders,synchronizedMap
MavenDownloadManager.close,shutdown
MavenDownloadManager.await,wait
MavenDownloadManager.await,throwIfExceptions
MavenDownloadManager.download,get
MavenDownloadManager.download,createDownloadTask
MavenDownloadManager.download,put
MavenDownloadManager.download,execute
MavenDownloadManager.download,addListener
MavenDownloadManager.download,downloaded
MavenDownloadManager.download,getFile
MavenDownloadManager.download,addSuppressed
MavenDownloadManager.download,remove
MavenDownloadManager.download,notifyAll
MavenDownloadManager.createDownloadTask,doCreateDownloadTask
MavenDownloadManager.createDownloadTask,setScheduleDelay
MavenDownloadManager.createDownloadTask,setScheduleMaxRun
MavenDownloadManager.doCreateDownloadTask,stripUrl
MavenDownloadManager.doCreateDownloadTask,startsWith
MavenDownloadManager.doCreateDownloadTask,equals
MavenDownloadManager.doCreateDownloadTask,createCustomDownloadTask
MavenDownloadManager.run,download
MavenDownloadManager.run,getFile
MavenDownloadManager.run,toURI
MavenDownloadManager.run,toURL
MavenDownloadManager.run,toExternalForm
MavenDownloadManager.run,replace
MavenDownloadManager.run,setFile
MavenDownloadManager.run,setException
MavenDownloader.await,wait
MavenDownloader.await,throwIfExceptions
MavenDownloader.download,get
MavenDownloader.download,createDownloadTask
MavenDownloader.download,put
MavenDownloader.download,execute
MavenDownloader.download,addListener
MavenDownloader.download,downloaded
MavenDownloader.download,getFile
MavenDownloader.download,addSuppressed
MavenDownloader.download,remove
MavenDownloader.download,notifyAll
MavenDownloader.createDownloadTask,doCreateDownloadTask
MavenDownloader.createDownloadTask,setScheduleDelay
MavenDownloader.createDownloadTask,setScheduleMaxRun
MavenDownloader.doCreateDownloadTask,stripUrl
MavenDownloader.doCreateDownloadTask,startsWith
MavenDownloader.doCreateDownloadTask,equals
MavenDownloader.doCreateDownloadTask,createCustomDownloadTask
MavenDownloader.run,download
MavenDownloader.run,getFile
MavenDownloader.run,toURI
MavenDownloader.run,toURL
MavenDownloader.run,toExternalForm
MavenDownloader.run,replace
MavenDownloader.run,setFile
MavenDownloader.run,setException
ChainedDownloadTask.run,download
ChainedDownloadTask.run,getFile
ChainedDownloadTask.run,toURI
ChainedDownloadTask.run,toURL
ChainedDownloadTask.run,toExternalForm
ChainedDownloadTask.run,replace
ChainedDownloadTask.run,setFile
ChainedDownloadTask.run,setException
AbstractRetryableDownloadTask.run,download
AbstractRetryableDownloadTask.run,setFile
AbstractRetryableDownloadTask.run,isRetryable
AbstractRetryableDownloadTask.run,random
AbstractRetryableDownloadTask.run,debug
AbstractRetryableDownloadTask.run,getMessage
AbstractRetryableDownloadTask.run,schedule
AbstractRetryableDownloadTask.run,setException
AbstractDownloadTask.getFile,getValue
AbstractDownloadTask.open,getFile
AbstractDownloadTask.setFile,setValue
AbstractDownloadTask.setException,setValue
DownloadManagerHelper.setIgnoredProtocolPattern,compile
DownloadManagerHelper.setExtraProtocols,append
DownloadManagerHelper.setExtraProtocols,setIgnoredProtocolPattern
DownloadManagerHelper.setExtraProtocols,toString
DownloadManagerHelper.stripUrl,matcher
DownloadManagerHelper.stripUrl,matches
DownloadManagerHelper.stripUrl,group
DownloadManagerHelper.stripUrl,substring
DownloadManagerHelper.stripUrl,length
DownloadManagerHelper.stripUrl,contains
DownloadManagerHelper.stripUrl,indexOf
DownloadManagerHelper.stripStartLevel,contains
DownloadManagerHelper.stripStartLevel,substring
DownloadManagerHelper.stripStartLevel,indexOf
DownloadManagerHelper.stripInlinedMavenRepositoryUrl,startsWith
DownloadManagerHelper.stripInlinedMavenRepositoryUrl,contains
DownloadManagerHelper.stripInlinedMavenRepositoryUrl,substring
DownloadManagerHelper.stripInlinedMavenRepositoryUrl,indexOf
DownloadManagerHelper.removeInlinedMavenRepositoryUrl,startsWith
DownloadManagerHelper.removeInlinedMavenRepositoryUrl,contains
DownloadManagerHelper.removeInlinedMavenRepositoryUrl,substring
DownloadManagerHelper.removeInlinedMavenRepositoryUrl,indexOf
DefaultFuture.await,wait
DefaultFuture.await,checkDeadLock
DefaultFuture.await,await
DefaultFuture.await,toMillis
DefaultFuture.await,await0
DefaultFuture.awaitUninterruptibly,await0
DefaultFuture.awaitUninterruptibly,awaitUninterruptibly
DefaultFuture.awaitUninterruptibly,toMillis
DefaultFuture.await0,currentTimeMillis
DefaultFuture.await0,min
DefaultFuture.await0,wait
DefaultFuture.await0,checkDeadLock
DefaultFuture.setValue,notifyAll
DefaultFuture.setValue,notifyListeners
DefaultFuture.addListener,add
DefaultFuture.addListener,notifyListener
DefaultFuture.removeListener,isEmpty
DefaultFuture.removeListener,remove
DefaultFuture.notifyListeners,notifyListener
DefaultFuture.notifyListener,operationComplete
DefaultFuture.notifyListener,printStackTrace
DefaultFuture.isCanceled,getValue
DefaultFuture.cancel,setValue
MavenDownloadTask.getUrl,pathToMaven
MavenDownloadTask.getUrl,pathFromMaven
MavenDownloadTask.getUrl,getFile
MavenDownloadTask.getUrl,toString
MavenDownloadTask.download,resolve
MavenDownloadTask.download,pathToMaven
MavenDownloadTask.download,pathFromMaven
MavenDownloadTask.isRetryable,isRetryableException
JaxbUtil.marshal,createMarshaller
JaxbUtil.marshal,setProperty
JaxbUtil.marshal,marshal
JaxbUtil.unmarshal,unmarshal
JaxbUtil.unmarshal,unmarshalValidate
JaxbUtil.unmarshal,unmarshalNoValidate
JaxbUtil.unmarshal,postUnmarshall
JaxbUtil.unmarshalValidate,parse
JaxbUtil.unmarshalValidate,setDocumentURI
JaxbUtil.unmarshalValidate,getDocumentElement
JaxbUtil.unmarshalValidate,getNamespaceURI
JaxbUtil.unmarshalValidate,warn
JaxbUtil.unmarshalValidate,getSchema
JaxbUtil.unmarshalValidate,newValidator
JaxbUtil.unmarshalValidate,validate
JaxbUtil.unmarshalValidate,fixDom
JaxbUtil.unmarshalValidate,createUnmarshaller
JaxbUtil.unmarshalValidate,unmarshal
JaxbUtil.unmarshalValidate,setNamespace
JaxbUtil.getSchema,get
JaxbUtil.getSchema,newInstance
JaxbUtil.getSchema,getResource
JaxbUtil.getSchema,newSchema
JaxbUtil.getSchema,toExternalForm
JaxbUtil.getSchema,put
JaxbUtil.fixDom,getNodeType
JaxbUtil.fixDom,equals
JaxbUtil.fixDom,getNamespaceURI
JaxbUtil.fixDom,renameNode
JaxbUtil.fixDom,getLocalName
JaxbUtil.fixDom,getChildNodes
JaxbUtil.fixDom,getLength
JaxbUtil.fixDom,fixDom
JaxbUtil.fixDom,item
JaxbUtil.unmarshalNoValidate,createUnmarshaller
JaxbUtil.unmarshalNoValidate,xmlReader
JaxbUtil.unmarshalNoValidate,setContentHandler
JaxbUtil.unmarshalNoValidate,getUnmarshallerHandler
JaxbUtil.unmarshalNoValidate,setByteStream
JaxbUtil.unmarshalNoValidate,unmarshal
JaxbUtil.unmarshalNoValidate,setNamespace
JaxbUtil.unmarshalNoValidate,getNamespace
JaxbUtil.startElement,equals
NoSourceAndNamespaceFilter.startElement,equals
Library.getLocation,trim
Capability.equals,getClass
Capability.equals,equals
Capability.hashCode,hashCode
Bundle.getLocation,trim
Bundle.equals,getClass
Bundle.equals,equals
Bundle.hashCode,hashCode
Bundle.hashCode,getStartLevel
Bundle.hashCode,isStart
Bundle.hashCode,isDependency
Requirement.equals,getClass
Requirement.equals,equals
Requirement.hashCode,hashCode
Config.getProperties,load
Config.getProperties,entrySet
Config.getProperties,put
Config.getProperties,getKey
Config.getProperties,getValue
Scoping.getImports,getImport
Scoping.getExports,getExport
Features.postUnmarshall,setRepositoryUrl
Features.postUnmarshall,setNamespace
Features.postUnmarshall,setResourceRepositories
Features.postUnmarshall,getResourceRepository
Features.postUnmarshall,postUnmarshall
Features.postUnmarshall,trim
Features.trim,listIterator
Features.trim,hasNext
Features.trim,set
Features.trim,next
Features.trim,trim
JacksonUtil.isJson,isJson
JacksonUtil.isJson,openStream
JacksonUtil.isJson,readLine
JacksonUtil.isJson,trim
JacksonUtil.isJson,isEmpty
JacksonUtil.isJson,startsWith
JacksonUtil.unmarshal,unmarshal
JacksonUtil.unmarshal,openStream
JacksonUtil.unmarshal,readValue
JacksonUtil.marshal,writeValue
Dependency.toString,getName
Dependency.toString,getVersion
Dependency.equals,getClass
Dependency.equals,equals
Dependency.hashCode,hashCode
ScopeFilter.getFilter,getValue
Conditional.asFeature,getName
Conditional.asFeature,getVersion
Conditional.asFeature,getConditionId
Conditional.asFeature,replaceAll
Conditional.asFeature,getBundle
Conditional.asFeature,addAll
Conditional.asFeature,getConfig
Conditional.asFeature,getConfigfile
Conditional.asFeature,getFeature
Conditional.getConditionId,getCondition
Conditional.getConditionId,length
Conditional.getConditionId,append
Conditional.getConditionId,toString
Feature.valueOf,indexOf
Feature.valueOf,substring
Feature.getId,getName
Feature.getId,getVersion
Feature.setVersion,clean
Feature.toString,getId
Feature.equals,getClass
Feature.equals,equals
Feature.hashCode,hashCode
Feature.interpolation,propertyNames
Feature.interpolation,hasMoreElements
Feature.interpolation,nextElement
Feature.interpolation,getProperty
Feature.interpolation,compile
Feature.interpolation,matcher
Feature.interpolation,find
Feature.interpolation,group
Feature.interpolation,replace
Feature.interpolation,reset
Feature.interpolation,put
Feature.postUnmarshall,setOwner
Feature.postUnmarshall,getValue
Feature.postUnmarshall,of
Feature.postUnmarshall,map
Feature.postUnmarshall,collect
Feature.postUnmarshall,joining
Feature.postUnmarshall,split
Feature.postUnmarshall,setValue
Feature.getResourceRepositories,emptyList
Content.getDependencies,unmodifiableList
Content.getDependencies,getFeature
Content.getBundles,unmodifiableList
Content.getBundles,getBundle
Content.getConfigurations,unmodifiableList
Content.getConfigurations,getConfig
Content.getConfigurationFiles,unmodifiableList
Content.getConfigurationFiles,getConfigfile
FeaturesProcessing.postUnmarshall,getRepositoryBlacklist
FeaturesProcessing.postUnmarshall,stream
FeaturesProcessing.postUnmarshall,map
FeaturesProcessing.postUnmarshall,forEach
FeaturesProcessing.postUnmarshall,getBlacklistedRepositories
FeaturesProcessing.postUnmarshall,add
FeaturesProcessing.postUnmarshall,warn
FeaturesProcessing.postUnmarshall,getFeatureBlacklist
FeaturesProcessing.postUnmarshall,getBlacklistedFeatures
FeaturesProcessing.postUnmarshall,getName
FeaturesProcessing.postUnmarshall,getVersion
FeaturesProcessing.postUnmarshall,addAll
FeaturesProcessing.postUnmarshall,collect
FeaturesProcessing.postUnmarshall,toList
FeaturesProcessing.postUnmarshall,getBundleBlacklist
FeaturesProcessing.postUnmarshall,getBlacklistedBundles
FeaturesProcessing.postUnmarshall,getOverrideBundles
FeaturesProcessing.postUnmarshall,parseOverridesClauses
FeaturesProcessing.postUnmarshall,iterator
FeaturesProcessing.postUnmarshall,hasNext
FeaturesProcessing.postUnmarshall,next
FeaturesProcessing.postUnmarshall,getOriginalUri
FeaturesProcessing.postUnmarshall,getMode
FeaturesProcessing.postUnmarshall,setMode
FeaturesProcessing.postUnmarshall,calculateOverridenURI
FeaturesProcessing.postUnmarshall,getReplacement
FeaturesProcessing.postUnmarshall,setOriginalUri
FeaturesProcessing.postUnmarshall,remove
FeaturesProcessing.postUnmarshall,compile
FeaturesProcessing.parseOverridesClauses,parseClauses
FeaturesProcessing.parseOverridesClauses,toArray
FeaturesProcessing.parseOverridesClauses,size
FeaturesProcessing.parseOverridesClauses,getName
FeaturesProcessing.parseOverridesClauses,create
FeaturesProcessing.parseOverridesClauses,equals
FeaturesProcessing.parseOverridesClauses,getScheme
FeaturesProcessing.parseOverridesClauses,warn
FeaturesProcessing.parseOverridesClauses,setMode
FeaturesProcessing.parseOverridesClauses,setReplacement
FeaturesProcessing.parseOverridesClauses,calculateOverridenURI
FeaturesProcessing.parseOverridesClauses,getAttribute
FeaturesProcessing.parseOverridesClauses,setOriginalUri
FeaturesProcessing.parseOverridesClauses,compile
FeaturesProcessing.parseOverridesClauses,add
FeaturesProcessing.calculateOverridenURI,getVersion
FeaturesProcessing.calculateOverridenURI,startsWith
FeaturesProcessing.calculateOverridenURI,isOpenCeiling
FeaturesProcessing.calculateOverridenURI,getCeiling
FeaturesProcessing.calculateOverridenURI,setVersion
FeaturesProcessing.calculateOverridenURI,format
FeaturesProcessing.calculateOverridenURI,isOpenFloor
FeaturesProcessing.calculateOverridenURI,getFloor
FeaturesProcessing.calculateOverridenURI,toString
FeaturesProcessing.calculateOverridenURI,clean
FeaturesProcessing.calculateOverridenURI,warn
FeaturesProcessing.calculateOverridenURI,getMessage
FeaturesProcessing.calculateOverridenURI,getMajor
FeaturesProcessing.calculateOverridenURI,getMinor
FeaturesProcessing.calculateOverridenURI,compareTo
FeaturesProcessing.calculateOverridenURI,toMvnURI
FeatureReq.parseRequirement,startsWith
FeatureReq.parseRequirement,substring
FeatureReq.parseRequirement,length
FeatureReq.parseRequirement,parseNameAndRange
FeatureReq.getMatchingRequirements,compile
FeatureReq.getMatchingRequirements,filter
FeatureReq.getMatchingRequirements,matcher
FeatureReq.getMatchingRequirements,matches
FeatureReq.getMatchingRequirements,getName
FeatureReq.getMatchingRequirements,intersect
FeatureReq.getMatchingRequirements,getVersionRange
FeatureReq.getMatchingFeatures,compile
FeatureReq.getMatchingFeatures,matcher
FeatureReq.getMatchingFeatures,matches
FeatureReq.getMatchingFeatures,get
FeatureReq.getMatchingFeatures,getLatestFeature
FeatureReq.getMatchingFeatures,ofNullable
FeatureReq.getMatchingFeatures,keySet
FeatureReq.getMatchingFeatures,stream
FeatureReq.getMatchingFeatures,map
FeatureReq.getMatchingFeatures,filter
FeatureReq.getLatestFeature,isEmpty
FeatureReq.getLatestFeature,keySet
FeatureReq.getLatestFeature,getVersion
FeatureReq.getLatestFeature,compareTo
FeatureReq.getLatestFeature,contains
FeatureReq.getLatestFeature,get
FeatureReq.getLatestFeature,isBlacklisted
FeatureReq.toString,getVersionRange
FeatureReq.toString,toString
FeatureReq.toRequirement,toString
FeatureReq.equals,getClass
FeatureReq.equals,equals
FeatureReq.hashCode,hash
FeatureReq.range,trim
FeatureReq.range,equals
FeatureReq.range,contains
FeatureReq.range,exactVersion
Blacklist.compileClauses,getAttribute
Blacklist.compileClauses,getName
Blacklist.compileClauses,startsWith
Blacklist.compileClauses,warn
Blacklist.compileClauses,add
Blacklist.compileClauses,getMessage
Blacklist.compileClauses,toString
Blacklist.isRepositoryBlacklisted,matches
Blacklist.isFeatureBlacklisted,matches
Blacklist.isBundleBlacklisted,matches
Blacklist.merge,copyOf
Blacklist.merge,arraycopy
Blacklist.merge,addAll
Blacklist.blacklistRepository,add
Blacklist.blacklistFeature,add
Blacklist.blacklistBundle,add
ResourceComparator.compare,getSymbolicName
ResourceComparator.compare,compareTo
ResourceComparator.compare,getVersion
ResourceComparator.compare,hashCode
BundleComparator.compare,getSymbolicName
BundleComparator.compare,compareTo
BundleComparator.compare,getVersion
BundleComparator.compare,hashCode
FeaturesProcessorImpl.writeInstructions,write
FeaturesProcessorImpl.addOverrides,getBundleReplacements
FeaturesProcessorImpl.addOverrides,getOverrideBundles
FeaturesProcessorImpl.addOverrides,addAll
FeaturesProcessorImpl.addOverrides,parseOverridesClauses
FeaturesProcessorImpl.process,getFeature
FeaturesProcessorImpl.process,size
FeaturesProcessorImpl.process,get
FeaturesProcessorImpl.process,getInstructions
FeaturesProcessorImpl.process,getFeatureReplacements
FeaturesProcessorImpl.process,getReplacements
FeaturesProcessorImpl.process,getId
FeaturesProcessorImpl.process,equals
FeaturesProcessorImpl.process,getMode
FeaturesProcessorImpl.process,set
FeaturesProcessorImpl.process,getBundle
FeaturesProcessorImpl.process,addAll
FeaturesProcessorImpl.process,isBlacklisted
FeaturesProcessorImpl.process,setBlacklisted
FeaturesProcessorImpl.process,isFeatureBlacklisted
FeaturesProcessorImpl.process,getConditional
FeaturesProcessorImpl.process,getCondition
FeaturesProcessorImpl.process,getName
FeaturesProcessorImpl.process,getVersion
FeaturesProcessorImpl.process,getOverrideBundleDependency
FeaturesProcessorImpl.process,getFeatures
FeaturesProcessorImpl.process,matches
FeaturesProcessorImpl.process,isDependency
FeaturesProcessorImpl.process,processBundles
FeaturesProcessorImpl.processBundles,isBundleBlacklisted
FeaturesProcessorImpl.processBundles,getLocation
FeaturesProcessorImpl.processBundles,setBlacklisted
FeaturesProcessorImpl.processBundles,staticOverrideBundle
FeaturesProcessorImpl.processBundles,setDependency
FeaturesProcessorImpl.processBundles,getInstructions
FeaturesProcessorImpl.processBundles,getOverrideBundleDependency
FeaturesProcessorImpl.processBundles,getBundles
FeaturesProcessorImpl.processBundles,getUri
FeaturesProcessorImpl.processBundles,matches
FeaturesProcessorImpl.processBundles,isDependency
FeaturesProcessorImpl.staticOverrideBundle,setOverriden
FeaturesProcessorImpl.staticOverrideBundle,getLocation
FeaturesProcessorImpl.staticOverrideBundle,getInstructions
FeaturesProcessorImpl.staticOverrideBundle,getBundleReplacements
FeaturesProcessorImpl.staticOverrideBundle,getOverrideBundles
FeaturesProcessorImpl.staticOverrideBundle,stream
FeaturesProcessorImpl.staticOverrideBundle,filter
FeaturesProcessorImpl.staticOverrideBundle,getOriginalUriPattern
FeaturesProcessorImpl.staticOverrideBundle,strictlyMatches
FeaturesProcessorImpl.staticOverrideBundle,max
FeaturesProcessorImpl.staticOverrideBundle,compare
FeaturesProcessorImpl.staticOverrideBundle,getReplacement
FeaturesProcessorImpl.staticOverrideBundle,length
FeaturesProcessorImpl.staticOverrideBundle,ifPresent
FeaturesProcessorImpl.staticOverrideBundle,doOverrideBundle
FeaturesProcessorImpl.doOverrideBundle,getLocation
FeaturesProcessorImpl.doOverrideBundle,debug
FeaturesProcessorImpl.doOverrideBundle,getReplacement
FeaturesProcessorImpl.doOverrideBundle,setOriginalLocation
FeaturesProcessorImpl.doOverrideBundle,getMode
FeaturesProcessorImpl.doOverrideBundle,setOverriden
FeaturesProcessorImpl.doOverrideBundle,setLocation
FeaturesProcessorImpl.isRepositoryBlacklisted,getBlacklistedRepositoryLocationPatterns
FeaturesProcessorImpl.isRepositoryBlacklisted,matches
FeaturesProcessorImpl.isFeatureBlacklisted,getInstructions
FeaturesProcessorImpl.isFeatureBlacklisted,getBlacklist
FeaturesProcessorImpl.isFeatureBlacklisted,isFeatureBlacklisted
FeaturesProcessorImpl.isFeatureBlacklisted,getName
FeaturesProcessorImpl.isFeatureBlacklisted,getVersion
FeaturesProcessorImpl.isBundleBlacklisted,getInstructions
FeaturesProcessorImpl.isBundleBlacklisted,getBlacklist
FeaturesProcessorImpl.isBundleBlacklisted,isBundleBlacklisted
FeaturesProcessorImpl.hasInstructions,getInstructions
FeaturesProcessorImpl.hasInstructions,getBlacklistedRepositories
FeaturesProcessorImpl.hasInstructions,size
FeaturesProcessorImpl.hasInstructions,getBlacklistedFeatures
FeaturesProcessorImpl.hasInstructions,getBlacklistedBundles
FeaturesProcessorImpl.hasInstructions,getOverrideBundleDependency
FeaturesProcessorImpl.hasInstructions,getRepositories
FeaturesProcessorImpl.hasInstructions,getFeatures
FeaturesProcessorImpl.hasInstructions,getBundles
FeaturesProcessorImpl.hasInstructions,getBundleReplacements
FeaturesProcessorImpl.hasInstructions,getOverrideBundles
FeaturesProcessorImpl.hasInstructions,getFeatureReplacements
FeaturesProcessorImpl.hasInstructions,getReplacements
EventAdminListener.featureEvent,getService
EventAdminListener.featureEvent,put
EventAdminListener.featureEvent,getType
EventAdminListener.featureEvent,currentTimeMillis
EventAdminListener.featureEvent,getFeature
EventAdminListener.featureEvent,getName
EventAdminListener.featureEvent,getVersion
EventAdminListener.featureEvent,postEvent
EventAdminListener.featureEvent,warn
EventAdminListener.repositoryEvent,getService
EventAdminListener.repositoryEvent,put
EventAdminListener.repositoryEvent,getType
EventAdminListener.repositoryEvent,currentTimeMillis
EventAdminListener.repositoryEvent,getRepository
EventAdminListener.repositoryEvent,getURI
EventAdminListener.repositoryEvent,toString
EventAdminListener.repositoryEvent,postEvent
EventAdminListener.repositoryEvent,warn
RequirementSort.sort,getCapabilities
RequirementSort.sort,add
RequirementSort.sort,getNamespace
RequirementSort.sort,addCapability
RequirementSort.sort,visit
RequirementSort.visit,add
RequirementSort.visit,collectDependencies
RequirementSort.visit,visit
RequirementSort.collectDependencies,getRequirements
RequirementSort.collectDependencies,getDirectives
RequirementSort.collectDependencies,get
RequirementSort.collectDependencies,parse
RequirementSort.collectDependencies,match
RequirementSort.collectDependencies,add
RequirementSort.collectDependencies,getResource
FeaturesProcessingSerializer.read,read
FeaturesProcessingSerializer.read,createUnmarshaller
FeaturesProcessingSerializer.read,getUnmarshallerHandler
FeaturesProcessingSerializer.read,newInstance
FeaturesProcessingSerializer.read,setFeature
FeaturesProcessingSerializer.read,setNamespaceAware
FeaturesProcessingSerializer.read,newSAXParser
FeaturesProcessingSerializer.read,getXMLReader
FeaturesProcessingSerializer.read,setContentHandler
FeaturesProcessingSerializer.read,get
FeaturesProcessingSerializer.read,parse
FeaturesProcessingSerializer.read,getResult
FeaturesProcessingSerializer.getProperty,get
FeaturesProcessingSerializer.write,createMarshaller
FeaturesProcessingSerializer.write,marshal
FeaturesProcessingSerializer.write,put
FeaturesProcessingSerializer.write,getBlacklistedRepositories
FeaturesProcessingSerializer.write,size
FeaturesProcessingSerializer.write,getBlacklistedFeatures
FeaturesProcessingSerializer.write,getBlacklistedBundles
FeaturesProcessingSerializer.write,getOverrideBundleDependency
FeaturesProcessingSerializer.write,getRepositories
FeaturesProcessingSerializer.write,getFeatures
FeaturesProcessingSerializer.write,getBundles
FeaturesProcessingSerializer.write,getBundleReplacements
FeaturesProcessingSerializer.write,getOverrideBundles
FeaturesProcessingSerializer.write,getFeatureReplacements
FeaturesProcessingSerializer.write,getReplacements
FeaturesProcessingSerializer.write,write
FeaturesProcessingSerializer.write,flush
FeaturesProcessingSerializer.write,load
FeaturesProcessingSerializer.write,getClass
FeaturesProcessingSerializer.write,getResourceAsStream
FeaturesProcessingSerializer.write,newFactory
FeaturesProcessingSerializer.write,setProperty
FeaturesProcessingSerializer.write,createXMLEventReader
FeaturesProcessingSerializer.write,toByteArray
FeaturesProcessingSerializer.write,createXMLEventWriter
FeaturesProcessingSerializer.write,hasNext
FeaturesProcessingSerializer.write,nextEvent
FeaturesProcessingSerializer.write,getEventType
FeaturesProcessingSerializer.write,asStartElement
FeaturesProcessingSerializer.write,getName
FeaturesProcessingSerializer.write,getLocalPart
FeaturesProcessingSerializer.write,getProperty
FeaturesProcessingSerializer.write,add
FeaturesProcessingSerializer.write,createCharacters
FeaturesProcessingSerializer.write,createComment
FeaturesProcessingSerializer.write,asEndElement
FeaturesProcessingSerializer.write,createEndDocument
FeaturesProcessingSerializer.write,warn
FeaturesProcessingSerializer.write,getMessage
FeaturesProcessingSerializer.setDocumentLocator,setDocumentLocator
FeaturesProcessingSerializer.startDocument,startDocument
FeaturesProcessingSerializer.endDocument,endDocument
FeaturesProcessingSerializer.startPrefixMapping,startPrefixMapping
FeaturesProcessingSerializer.endPrefixMapping,endPrefixMapping
FeaturesProcessingSerializer.startElement,getLength
FeaturesProcessingSerializer.startElement,setAttribute
FeaturesProcessingSerializer.startElement,getURI
FeaturesProcessingSerializer.startElement,getLocalName
FeaturesProcessingSerializer.startElement,getQName
FeaturesProcessingSerializer.startElement,getType
FeaturesProcessingSerializer.startElement,resolve
FeaturesProcessingSerializer.startElement,getValue
FeaturesProcessingSerializer.startElement,flushBuffer
FeaturesProcessingSerializer.startElement,startElement
FeaturesProcessingSerializer.endElement,flushBuffer
FeaturesProcessingSerializer.endElement,endElement
FeaturesProcessingSerializer.characters,append
FeaturesProcessingSerializer.characters,characters
FeaturesProcessingSerializer.ignorableWhitespace,ignorableWhitespace
FeaturesProcessingSerializer.processingInstruction,processingInstruction
FeaturesProcessingSerializer.skippedEntity,skippedEntity
FeaturesProcessingSerializer.flushBuffer,toString
FeaturesProcessingSerializer.flushBuffer,resolve
FeaturesProcessingSerializer.flushBuffer,characters
FeaturesProcessingSerializer.flushBuffer,toCharArray
FeaturesProcessingSerializer.flushBuffer,length
FeaturesProcessingSerializer.resolve,resolve
FeaturesProcessingSerializer.resolve,contains
FeaturesProcessingSerializer.resolve,warn
ResolvingContentHandler.setDocumentLocator,setDocumentLocator
ResolvingContentHandler.startDocument,startDocument
ResolvingContentHandler.endDocument,endDocument
ResolvingContentHandler.startPrefixMapping,startPrefixMapping
ResolvingContentHandler.endPrefixMapping,endPrefixMapping
ResolvingContentHandler.startElement,getLength
ResolvingContentHandler.startElement,setAttribute
ResolvingContentHandler.startElement,getURI
ResolvingContentHandler.startElement,getLocalName
ResolvingContentHandler.startElement,getQName
ResolvingContentHandler.startElement,getType
ResolvingContentHandler.startElement,resolve
ResolvingContentHandler.startElement,getValue
ResolvingContentHandler.startElement,flushBuffer
ResolvingContentHandler.startElement,startElement
ResolvingContentHandler.endElement,flushBuffer
ResolvingContentHandler.endElement,endElement
ResolvingContentHandler.characters,append
ResolvingContentHandler.characters,characters
ResolvingContentHandler.ignorableWhitespace,ignorableWhitespace
ResolvingContentHandler.processingInstruction,processingInstruction
ResolvingContentHandler.skippedEntity,skippedEntity
ResolvingContentHandler.flushBuffer,toString
ResolvingContentHandler.flushBuffer,resolve
ResolvingContentHandler.flushBuffer,characters
ResolvingContentHandler.flushBuffer,toCharArray
ResolvingContentHandler.flushBuffer,length
ResolvingContentHandler.resolve,resolve
ResolvingContentHandler.resolve,contains
ResolvingContentHandler.resolve,warn
Deployer.partitionFeatures,computeIfAbsent
Deployer.partitionFeatures,add
Deployer.partitionFeatures,getName
Deployer.partitionFeatures,put
Deployer.partitionFeatures,getId
Deployer.defaultDeploymentRequest,noneOf
Deployer.deployFully,deploy
Deployer.deployFully,containsAll
Deployer.deployFully,getMissing
Deployer.deployFully,addAll
Deployer.deploy,contains
Deployer.deploy,copy
Deployer.deploy,diff
Deployer.deploy,apply
Deployer.deploy,map
Deployer.deploy,setDeployCallback
Deployer.deploy,adapt
Deployer.deploy,prepare
Deployer.deploy,featuresByName
Deployer.deploy,handlePrerequisites
Deployer.deploy,resolve
Deployer.deploy,getProviders
Deployer.deploy,getFeaturesPerRegions
Deployer.deploy,featureId
Deployer.deploy,entrySet
Deployer.deploy,get
Deployer.deploy,getKey
Deployer.deploy,keySet
Deployer.deploy,removeAll
Deployer.deploy,getValue
Deployer.deploy,isEmpty
Deployer.deploy,remove
Deployer.deploy,containsKey
Deployer.deploy,put
Deployer.deploy,name
Deployer.deploy,computeIfAbsent
Deployer.deploy,getBundleInfos
Deployer.deploy,computeDeployment
Deployer.deploy,values
Deployer.deploy,computeBundlesToRefresh
Deployer.deploy,getWiring
Deployer.deploy,flatten
Deployer.deploy,getFeatures
Deployer.deploy,getRequirer
Deployer.deploy,getProvider
Deployer.deploy,add
Deployer.deploy,getBundleId
Deployer.deploy,addToMapSet
Deployer.deploy,equals
Deployer.deploy,getRequirement
Deployer.deploy,getNamespace
Deployer.deploy,getDirectives
Deployer.deploy,getFeatureId
Deployer.deploy,valueOf
Deployer.deploy,propagateState
Deployer.deploy,getBundles
Deployer.deploy,getUri
Deployer.deploy,isStart
Deployer.deploy,retainAll
Deployer.deploy,getBundlesPerRegions
Deployer.deploy,getStartLevel
Deployer.deploy,logWiring
Deployer.deploy,logDeployment
Deployer.deploy,print
Deployer.deploy,getSymbolicName
Deployer.deploy,getVersion
Deployer.deploy,getConfigurations
Deployer.deploy,getName
Deployer.deploy,getConfigurationFiles
Deployer.deploy,getFinalname
Deployer.deploy,persistResolveRequest
Deployer.deploy,saveState
Deployer.deploy,clear
Deployer.deploy,emptyMap
Deployer.deploy,stopBundle
Deployer.deploy,getBundleInputStream
Deployer.deploy,updateBundle
Deployer.deploy,refreshPackages
Deployer.deploy,startBundle
Deployer.deploy,callListeners
Deployer.deploy,addAll
Deployer.deploy,removeFragmentsAndBundlesInState
Deployer.deploy,getBundlesToStop
Deployer.deploy,uninstall
Deployer.deploy,removeFromMapSet
Deployer.deploy,bundleId
Deployer.deploy,getFlatDigraph
Deployer.deploy,getRegions
Deployer.deploy,getEdges
Deployer.deploy,getRegion
Deployer.deploy,getFilter
Deployer.deploy,getSharingPolicy
Deployer.deploy,replaceDigraph
Deployer.deploy,setBundleStartLevel
Deployer.deploy,installBundle
Deployer.deploy,getCRC
Deployer.deploy,isUpdateable
Deployer.deploy,setStartLevel
Deployer.deploy,putAll
Deployer.deploy,getId
Deployer.deploy,installConfigs
Deployer.deploy,installLibraries
Deployer.deploy,getConditional
Deployer.deploy,asFeature
Deployer.deploy,deleteConfigs
Deployer.deploy,setProperty
Deployer.deploy,stop
Deployer.deploy,ensureAllClassesLoaded
Deployer.deploy,removeBundlesInState
Deployer.deploy,resolveBundles
Deployer.deploy,getBundlesToStart
Deployer.handlePrerequisites,collectPrerequisites
Deployer.handlePrerequisites,isEmpty
Deployer.handlePrerequisites,iterator
Deployer.handlePrerequisites,hasNext
Deployer.handlePrerequisites,next
Deployer.handlePrerequisites,split
Deployer.handlePrerequisites,getRange
Deployer.handlePrerequisites,values
Deployer.handlePrerequisites,equals
Deployer.handlePrerequisites,contains
Deployer.handlePrerequisites,getVersion
Deployer.handlePrerequisites,remove
Deployer.handlePrerequisites,get
Deployer.handlePrerequisites,containsAll
Deployer.handlePrerequisites,copy
Deployer.handlePrerequisites,addToMapSet
Deployer.handlePrerequisites,toRequirement
Deployer.handlePrerequisites,emptyMap
Deployer.handlePrerequisites,deploy
Deployer.getRange,equals
Deployer.getRange,startsWith
Deployer.getRange,transform
Deployer.propagateState,isSubsystem
Deployer.propagateState,mergeStates
Deployer.propagateState,get
Deployer.propagateState,put
Deployer.propagateState,getWiring
Deployer.propagateState,equals
Deployer.propagateState,getCapability
Deployer.propagateState,getNamespace
Deployer.propagateState,propagateState
Deployer.propagateState,getProvider
Deployer.isSubsystem,equals
Deployer.isSubsystem,getType
Deployer.isBundle,equals
Deployer.isBundle,getType
Deployer.computeBundlesToRefresh,put
Deployer.computeBundlesToRefresh,keySet
Deployer.computeBundlesToRefresh,get
Deployer.computeBundlesToRefresh,equals
Deployer.computeBundlesToRefresh,getCapability
Deployer.computeBundlesToRefresh,getNamespace
Deployer.computeBundlesToRefresh,getProvider
Deployer.computeBundlesToRefresh,getRequirer
Deployer.computeBundlesToRefresh,adapt
Deployer.computeBundlesToRefresh,add
Deployer.computeBundlesToRefresh,entrySet
Deployer.computeBundlesToRefresh,getValue
Deployer.computeBundlesToRefresh,getKey
Deployer.computeBundlesToRefresh,size
Deployer.computeBundlesToRefresh,containsKey
Deployer.computeBundlesToRefresh,getProvidedWires
Deployer.computeBundlesToRefresh,containsAll
Deployer.computeBundlesToRefresh,getRequiredWires
Deployer.computeBundlesToRefresh,getBundle
Deployer.computeBundlesToRefresh,getSymbolicName
Deployer.computeBundlesToRefresh,getVersion
Deployer.computeBundlesToRefresh,getRequirement
Deployer.computeBundlesToRefresh,getDirectives
Deployer.computeBundlesToRefresh,isBundle
Deployer.computeBundlesToRefresh,removeAll
Deployer.computeBundlesToRefresh,append
Deployer.computeBundlesToRefresh,toString
Deployer.print,print
Deployer.removeFragmentsAndBundlesInState,removeIf
Deployer.removeFragmentsAndBundlesInState,getState
Deployer.removeFragmentsAndBundlesInState,getHeaders
Deployer.removeFragmentsAndBundlesInState,get
Deployer.removeBundlesInState,removeIf
Deployer.removeBundlesInState,getState
Deployer.logWiring,print
Deployer.logWiring,keySet
Deployer.logWiring,equals
Deployer.logWiring,getType
Deployer.logWiring,get
Deployer.logWiring,getProvider
Deployer.logWiring,addToMapSet
Deployer.logWiring,getRequirer
Deployer.logWiring,sort
Deployer.logWiring,comparingInt
Deployer.logWiring,size
Deployer.logWiring,getSymbolicName
Deployer.logWiring,getVersion
Deployer.logDeployment,isEmpty
Deployer.logDeployment,print
Deployer.logDeployment,entrySet
Deployer.logDeployment,getValue
Deployer.logDeployment,getKey
Deployer.logDeployment,getSymbolicName
Deployer.logDeployment,getVersion
Deployer.logDeployment,getUri
Deployer.computeDeployment,getBundlesPerRegions
Deployer.computeDeployment,addAll
Deployer.computeDeployment,keySet
Deployer.computeDeployment,get
Deployer.computeDeployment,emptySet
Deployer.computeDeployment,remove
Deployer.computeDeployment,adapt
Deployer.computeDeployment,getSymbolicName
Deployer.computeDeployment,equals
Deployer.computeDeployment,getVersion
Deployer.computeDeployment,isUpdateable
Deployer.computeDeployment,debug
Deployer.computeDeployment,getLocation
Deployer.computeDeployment,put
Deployer.computeDeployment,containsKey
Deployer.computeDeployment,getEntry
Deployer.computeDeployment,openConnection
Deployer.computeDeployment,getClass
Deployer.computeDeployment,getDeclaredMethod
Deployer.computeDeployment,setAccessible
Deployer.computeDeployment,invoke
Deployer.computeDeployment,startsWith
Deployer.computeDeployment,substring
Deployer.computeDeployment,length
Deployer.computeDeployment,indexOf
Deployer.computeDeployment,getFile
Deployer.computeDeployment,checksum
Deployer.computeDeployment,getBundleInputStream
Deployer.computeDeployment,getProviders
Deployer.computeDeployment,getBundleId
Deployer.computeDeployment,contains
Deployer.computeDeployment,add
Deployer.computeDeployment,transform
Deployer.computeDeployment,toString
Deployer.computeDeployment,isEmpty
Deployer.computeDeployment,lastEntry
Deployer.computeDeployment,getValue
Deployer.computeDeployment,sort
Deployer.adapt,adapt
Deployer.isUpdateable,getUri
Deployer.isUpdateable,matches
Deployer.getBundlesToStart,adapt
Deployer.getBundlesToStart,getStartLevel
Deployer.getBundlesToStart,addToMapSet
Deployer.getBundlesToStart,isEmpty
Deployer.getBundlesToStart,emptyList
Deployer.getBundlesToStart,remove
Deployer.getBundlesToStart,firstKey
Deployer.getBundlesToStart,add
Deployer.getBundlesToStart,sort
Deployer.getBundlesToStart,getBundle
Deployer.getBundlesToStop,adapt
Deployer.getBundlesToStop,getStartLevel
Deployer.getBundlesToStop,addToMapSet
Deployer.getBundlesToStop,get
Deployer.getBundlesToStop,lastKey
Deployer.getBundlesToStop,getRegisteredServices
Deployer.getBundlesToStop,getServiceUsage
Deployer.getBundlesToStop,debug
Deployer.getBundlesToStop,add
Deployer.getBundlesToStop,isEmpty
Deployer.getBundlesToStop,sort
Deployer.getBundlesToStop,compare
Deployer.getBundlesToStop,getLastModified
Deployer.getBundlesToStop,compareTo
Deployer.getBundlesToStop,getBundle
Deployer.getServiceUsage,getUsingBundles
Deployer.getServiceUsage,contains
Deployer.getBundleInputStream,getUri
Deployer.getBundleInputStream,get
Deployer.getBundleInputStream,openStream
Deployer.getBundleInputStream,open
Deployer.ensureAllClassesLoaded,adapt
Deployer.ensureAllClassesLoaded,listResources
Deployer.ensureAllClassesLoaded,substring
Deployer.ensureAllClassesLoaded,length
Deployer.ensureAllClassesLoaded,replace
Deployer.ensureAllClassesLoaded,loadClass
Deployer.equals,getClass
Deployer.equals,equals
Deployer.hashCode,hash
DeploymentState.partitionFeatures,computeIfAbsent
DeploymentState.partitionFeatures,add
DeploymentState.partitionFeatures,getName
DeploymentState.partitionFeatures,put
DeploymentState.partitionFeatures,getId
DeploymentRequest.defaultDeploymentRequest,noneOf
BundleWrapper.equals,getClass
BundleWrapper.equals,equals
BundleWrapper.hashCode,hash
Overrides.override,parseClauses
Overrides.override,toArray
Overrides.override,size
Overrides.override,getAttribute
Overrides.override,get
Overrides.override,getName
Overrides.override,keySet
Overrides.override,shouldOverride
Overrides.override,put
Overrides.override,entrySet
Overrides.override,getKey
Overrides.override,getValue
Overrides.shouldOverride,getSymbolicName
Overrides.shouldOverride,equals
Overrides.shouldOverride,getVersion
Overrides.shouldOverride,getMajor
Overrides.shouldOverride,getMinor
Overrides.shouldOverride,parseVersionRange
Overrides.shouldOverride,contains
Overrides.shouldOverride,compareTo
Overrides.loadOverrides,openStream
Overrides.loadOverrides,readLine
Overrides.loadOverrides,trim
Overrides.loadOverrides,isEmpty
Overrides.loadOverrides,startsWith
Overrides.loadOverrides,add
Overrides.loadOverrides,debug
Overrides.loadOverrides,toString
Overrides.extractUrl,parseClauses
Overrides.extractUrl,getName
FeatureConfigInstaller.parsePid,contains
FeatureConfigInstaller.parsePid,indexOf
FeatureConfigInstaller.parsePid,substring
FeatureConfigInstaller.createConfiguration,nonNull
FeatureConfigInstaller.createConfiguration,getFactoryConfiguration
FeatureConfigInstaller.createConfiguration,createFactoryConfiguration
FeatureConfigInstaller.createConfiguration,getConfiguration
FeatureConfigInstaller.findExistingConfiguration,listConfigurations
FeatureConfigInstaller.installFeatureConfigs,getConfigurations
FeatureConfigInstaller.installFeatureConfigs,getValue
FeatureConfigInstaller.installFeatureConfigs,isExternal
FeatureConfigInstaller.installFeatureConfigs,loadConfiguration
FeatureConfigInstaller.installFeatureConfigs,getName
FeatureConfigInstaller.installFeatureConfigs,getVersion
FeatureConfigInstaller.installFeatureConfigs,matcher
FeatureConfigInstaller.installFeatureConfigs,matches
FeatureConfigInstaller.installFeatureConfigs,convertToTypedProperties
FeatureConfigInstaller.installFeatureConfigs,buildReader
FeatureConfigInstaller.installFeatureConfigs,build
FeatureConfigInstaller.installFeatureConfigs,readConfiguration
FeatureConfigInstaller.installFeatureConfigs,load
FeatureConfigInstaller.installFeatureConfigs,parsePid
FeatureConfigInstaller.installFeatureConfigs,findExistingConfiguration
FeatureConfigInstaller.installFeatureConfigs,isOverride
FeatureConfigInstaller.installFeatureConfigs,exists
FeatureConfigInstaller.installFeatureConfigs,convertToDict
FeatureConfigInstaller.installFeatureConfigs,createConfiguration
FeatureConfigInstaller.installFeatureConfigs,put
FeatureConfigInstaller.installFeatureConfigs,update
FeatureConfigInstaller.installFeatureConfigs,getAbsoluteFile
FeatureConfigInstaller.installFeatureConfigs,toURI
FeatureConfigInstaller.installFeatureConfigs,toString
FeatureConfigInstaller.installFeatureConfigs,updateStorage
FeatureConfigInstaller.installFeatureConfigs,warn
FeatureConfigInstaller.installFeatureConfigs,info
FeatureConfigInstaller.installFeatureConfigs,isAppend
FeatureConfigInstaller.installFeatureConfigs,getProcessedProperties
FeatureConfigInstaller.installFeatureConfigs,keySet
FeatureConfigInstaller.installFeatureConfigs,get
FeatureConfigInstaller.installFeatureConfigs,getConfigurationFiles
FeatureConfigInstaller.installFeatureConfigs,installConfigurationFile
FeatureConfigInstaller.installFeatureConfigs,getLocation
FeatureConfigInstaller.installFeatureConfigs,getFinalname
FeatureConfigInstaller.loadConfiguration,openStream
FeatureConfigInstaller.loadConfiguration,copy
FeatureConfigInstaller.loadConfiguration,toByteArray
FeatureConfigInstaller.uninstallFeatureConfigs,getConfigurations
FeatureConfigInstaller.uninstallFeatureConfigs,parsePid
FeatureConfigInstaller.uninstallFeatureConfigs,getName
FeatureConfigInstaller.uninstallFeatureConfigs,findExistingConfiguration
FeatureConfigInstaller.uninstallFeatureConfigs,delete
FeatureConfigInstaller.uninstallFeatureConfigs,exists
FeatureConfigInstaller.uninstallFeatureConfigs,getConfigurationFiles
FeatureConfigInstaller.uninstallFeatureConfigs,substFinalName
FeatureConfigInstaller.uninstallFeatureConfigs,getFinalname
FeatureConfigInstaller.convertToDict,entrySet
FeatureConfigInstaller.convertToDict,put
FeatureConfigInstaller.convertToDict,getKey
FeatureConfigInstaller.convertToDict,getValue
FeatureConfigInstaller.convertToTypedProperties,keys
FeatureConfigInstaller.convertToTypedProperties,hasMoreElements
FeatureConfigInstaller.convertToTypedProperties,nextElement
FeatureConfigInstaller.convertToTypedProperties,put
FeatureConfigInstaller.convertToTypedProperties,get
FeatureConfigInstaller.substFinalName,startsWith
FeatureConfigInstaller.substFinalName,contains
FeatureConfigInstaller.substFinalName,substVars
FeatureConfigInstaller.substFinalName,info
FeatureConfigInstaller.substFinalName,getProperty
FeatureConfigInstaller.substFinalName,indexOf
FeatureConfigInstaller.substFinalName,substring
FeatureConfigInstaller.substFinalName,length
FeatureConfigInstaller.substFinalName,replace
FeatureConfigInstaller.installConfigurationFile,substFinalName
FeatureConfigInstaller.installConfigurationFile,exists
FeatureConfigInstaller.installConfigurationFile,debug
FeatureConfigInstaller.installConfigurationFile,info
FeatureConfigInstaller.installConfigurationFile,openStream
FeatureConfigInstaller.installConfigurationFile,getParentFile
FeatureConfigInstaller.installConfigurationFile,mkdirs
FeatureConfigInstaller.installConfigurationFile,createNewFile
FeatureConfigInstaller.installConfigurationFile,copy
FeatureConfigInstaller.installConfigurationFile,error
FeatureConfigInstaller.installConfigurationFile,getMessage
FeatureConfigInstaller.updateStorage,getConfigFile
FeatureConfigInstaller.updateStorage,exists
FeatureConfigInstaller.updateStorage,createTempFile
FeatureConfigInstaller.updateStorage,getName
FeatureConfigInstaller.updateStorage,getParentFile
FeatureConfigInstaller.updateStorage,buildWriter
FeatureConfigInstaller.updateStorage,build
FeatureConfigInstaller.updateStorage,writeConfiguration
FeatureConfigInstaller.updateStorage,convertToDict
FeatureConfigInstaller.updateStorage,save
FeatureConfigInstaller.updateStorage,renameTo
FeatureConfigInstaller.updateStorage,updateExistingConfig
FeatureConfigInstaller.getConfigFile,findExistingConfiguration
FeatureConfigInstaller.getConfigFile,getProcessedProperties
FeatureConfigInstaller.getConfigFile,get
FeatureConfigInstaller.getConfigFile,toURI
FeatureConfigInstaller.getConfigFile,getMessage
FeatureConfigInstaller.getConfigFile,trace
FeatureConfigInstaller.getConfigFile,getName
FeatureConfigInstaller.updateExistingConfig,convertToTypedProperties
FeatureConfigInstaller.updateExistingConfig,buildReader
FeatureConfigInstaller.updateExistingConfig,build
FeatureConfigInstaller.updateExistingConfig,readConfiguration
FeatureConfigInstaller.updateExistingConfig,load
FeatureConfigInstaller.updateExistingConfig,keySet
FeatureConfigInstaller.updateExistingConfig,isInternalKey
FeatureConfigInstaller.updateExistingConfig,getComments
FeatureConfigInstaller.updateExistingConfig,get
FeatureConfigInstaller.updateExistingConfig,containsKey
FeatureConfigInstaller.updateExistingConfig,put
FeatureConfigInstaller.updateExistingConfig,isEmpty
FeatureConfigInstaller.updateExistingConfig,add
FeatureConfigInstaller.updateExistingConfig,remove
FeatureConfigInstaller.updateExistingConfig,mkdirs
FeatureConfigInstaller.updateExistingConfig,buildWriter
FeatureConfigInstaller.updateExistingConfig,writeConfiguration
FeatureConfigInstaller.updateExistingConfig,save
FeatureConfigInstaller.isInternalKey,equals
BundleInstallSupportImpl.unregister,unregister
BundleInstallSupportImpl.print,info
BundleInstallSupportImpl.print,println
BundleInstallSupportImpl.refreshPackages,getBundle
BundleInstallSupportImpl.refreshPackages,adapt
BundleInstallSupportImpl.refreshPackages,refreshBundles
BundleInstallSupportImpl.refreshPackages,getType
BundleInstallSupportImpl.refreshPackages,error
BundleInstallSupportImpl.refreshPackages,getThrowable
BundleInstallSupportImpl.refreshPackages,countDown
BundleInstallSupportImpl.refreshPackages,await
BundleInstallSupportImpl.installBundle,equals
BundleInstallSupportImpl.installBundle,getRegion
BundleInstallSupportImpl.installBundle,installBundleAtLocation
BundleInstallSupportImpl.installBundle,installBundle
BundleInstallSupportImpl.updateBundle,fixBundleWithUpdateLocation
BundleInstallSupportImpl.updateBundle,update
BundleInstallSupportImpl.updateBundle,delete
BundleInstallSupportImpl.uninstall,uninstall
BundleInstallSupportImpl.startBundle,getState
BundleInstallSupportImpl.startBundle,start
BundleInstallSupportImpl.stopBundle,stop
BundleInstallSupportImpl.setBundleStartLevel,adapt
BundleInstallSupportImpl.setBundleStartLevel,setStartLevel
BundleInstallSupportImpl.resolveBundles,currentThread
BundleInstallSupportImpl.resolveBundles,keySet
BundleInstallSupportImpl.resolveBundles,put
BundleInstallSupportImpl.resolveBundles,get
BundleInstallSupportImpl.resolveBundles,equals
BundleInstallSupportImpl.resolveBundles,getNamespace
BundleInstallSupportImpl.resolveBundles,getRevision
BundleInstallSupportImpl.resolveBundles,getBundle
BundleInstallSupportImpl.resolveBundles,add
BundleInstallSupportImpl.resolveBundles,getProvider
BundleInstallSupportImpl.resolveBundles,getRequirement
BundleInstallSupportImpl.resolveBundles,iterator
BundleInstallSupportImpl.resolveBundles,hasNext
BundleInstallSupportImpl.resolveBundles,next
BundleInstallSupportImpl.resolveBundles,getTypes
BundleInstallSupportImpl.resolveBundles,getWiring
BundleInstallSupportImpl.resolveBundles,getRequiredWires
BundleInstallSupportImpl.resolveBundles,contains
BundleInstallSupportImpl.resolveBundles,remove
BundleInstallSupportImpl.resolveBundles,adapt
BundleInstallSupportImpl.resolveBundles,resolveBundles
BundleInstallSupportImpl.filterMatches,currentThread
BundleInstallSupportImpl.filterMatches,equals
BundleInstallSupportImpl.filterMatches,getNamespace
BundleInstallSupportImpl.filterMatches,getRevision
BundleInstallSupportImpl.filterMatches,getBundle
BundleInstallSupportImpl.filterMatches,get
BundleInstallSupportImpl.filterMatches,add
BundleInstallSupportImpl.filterMatches,getProvider
BundleInstallSupportImpl.filterMatches,getRequirement
BundleInstallSupportImpl.filterMatches,iterator
BundleInstallSupportImpl.filterMatches,hasNext
BundleInstallSupportImpl.filterMatches,next
BundleInstallSupportImpl.filterMatches,getTypes
BundleInstallSupportImpl.filterMatches,getWiring
BundleInstallSupportImpl.filterMatches,getRequiredWires
BundleInstallSupportImpl.filterMatches,contains
BundleInstallSupportImpl.filterMatches,remove
BundleInstallSupportImpl.replaceDigraph,copy
BundleInstallSupportImpl.replaceDigraph,getRegions
BundleInstallSupportImpl.replaceDigraph,removeRegion
BundleInstallSupportImpl.replaceDigraph,keySet
BundleInstallSupportImpl.replaceDigraph,createRegion
BundleInstallSupportImpl.replaceDigraph,entrySet
BundleInstallSupportImpl.replaceDigraph,getRegion
BundleInstallSupportImpl.replaceDigraph,getKey
BundleInstallSupportImpl.replaceDigraph,getValue
BundleInstallSupportImpl.replaceDigraph,addBundle
BundleInstallSupportImpl.replaceDigraph,createRegionFilterBuilder
BundleInstallSupportImpl.replaceDigraph,allow
BundleInstallSupportImpl.replaceDigraph,connectRegion
BundleInstallSupportImpl.replaceDigraph,build
BundleInstallSupportImpl.replaceDigraph,verifyUnmanagedBundles
BundleInstallSupportImpl.replaceDigraph,replace
BundleInstallSupportImpl.saveDigraph,saveDigraph
BundleInstallSupportImpl.saveDigraph,getDataFile
BundleInstallSupportImpl.getDiGraphCopy,copy
BundleInstallSupportImpl.installConfigs,installFeatureConfigs
BundleInstallSupportImpl.deleteConfigs,uninstallFeatureConfigs
BundleInstallSupportImpl.getDataFile,getDataFile
BundleInstallSupportImpl.getInfo,getBundle
BundleInstallSupportImpl.getInfo,adapt
BundleInstallSupportImpl.getInfo,getInitialBundleStartLevel
BundleInstallSupportImpl.getInfo,getStartLevel
BundleInstallSupportImpl.getInfo,getBundles
BundleInstallSupportImpl.getInfo,put
BundleInstallSupportImpl.getInfo,getBundleId
BundleInstallSupportImpl.getInfo,get
StateStorage.load,clear
StateStorage.load,getInputStream
StateStorage.load,read
StateStorage.load,set
StateStorage.load,get
StateStorage.load,addAll
StateStorage.load,toStringSet
StateStorage.load,putAll
StateStorage.load,toStringStringSetMap
StateStorage.load,toStringStringStringMapMap
StateStorage.load,toStringLongSetMap
StateStorage.load,toLongLongMap
StateStorage.save,getOutputStream
StateStorage.save,put
StateStorage.save,get
StateStorage.save,toStringLongMap
StateStorage.save,write
StateStorage.toStringStringStringMapMap,entrySet
StateStorage.toStringStringStringMapMap,put
StateStorage.toStringStringStringMapMap,getKey
StateStorage.toStringStringStringMapMap,toString
StateStorage.toStringStringStringMapMap,toStringStringMap
StateStorage.toStringStringStringMapMap,getValue
StateStorage.toStringStringMap,entrySet
StateStorage.toStringStringMap,put
StateStorage.toStringStringMap,getKey
StateStorage.toStringStringMap,toString
StateStorage.toStringStringMap,getValue
StateStorage.toStringStringSetMap,entrySet
StateStorage.toStringStringSetMap,put
StateStorage.toStringStringSetMap,getKey
StateStorage.toStringStringSetMap,toString
StateStorage.toStringStringSetMap,toStringSet
StateStorage.toStringStringSetMap,getValue
StateStorage.toStringLongSetMap,entrySet
StateStorage.toStringLongSetMap,put
StateStorage.toStringLongSetMap,getKey
StateStorage.toStringLongSetMap,toString
StateStorage.toStringLongSetMap,toLongSet
StateStorage.toStringLongSetMap,getValue
StateStorage.toStringSet,add
StateStorage.toStringSet,toString
StateStorage.toLongSet,add
StateStorage.toLongSet,toLong
StateStorage.toLongLongMap,entrySet
StateStorage.toLongLongMap,put
StateStorage.toLongLongMap,toLong
StateStorage.toLongLongMap,getKey
StateStorage.toLongLongMap,getValue
StateStorage.toStringLongMap,entrySet
StateStorage.toStringLongMap,put
StateStorage.toStringLongMap,getKey
StateStorage.toStringLongMap,toString
StateStorage.toStringLongMap,toLong
StateStorage.toStringLongMap,getValue
StateStorage.toLong,parseLong
StateStorage.toLong,toString
BootFeaturesInstaller.start,isBootDone
BootFeaturesInstaller.start,publishBootFinished
BootFeaturesInstaller.start,getBoolean
BootFeaturesInstaller.start,start
BootFeaturesInstaller.start,installBootFeatures
BootFeaturesInstaller.run,installBootFeatures
BootFeaturesInstaller.installBootFeatures,addRepositories
BootFeaturesInstaller.installBootFeatures,parseBootFeatures
BootFeaturesInstaller.installBootFeatures,noneOf
BootFeaturesInstaller.installBootFeatures,of
BootFeaturesInstaller.installBootFeatures,installFeatures
BootFeaturesInstaller.installBootFeatures,bootDone
BootFeaturesInstaller.installBootFeatures,publishBootFinished
BootFeaturesInstaller.installBootFeatures,getBundle
BootFeaturesInstaller.installBootFeatures,error
BootFeaturesInstaller.installBootFeatures,exitAfterFailedBoot
BootFeaturesInstaller.addRepositories,trim
BootFeaturesInstaller.addRepositories,isEmpty
BootFeaturesInstaller.addRepositories,separatorsToUnix
BootFeaturesInstaller.addRepositories,encodePath
BootFeaturesInstaller.addRepositories,addRepository
BootFeaturesInstaller.addRepositories,create
BootFeaturesInstaller.addRepositories,error
BootFeaturesInstaller.addRepositories,exitAfterFailedBoot
BootFeaturesInstaller.parseBootFeatures,hasMoreTokens
BootFeaturesInstaller.parseBootFeatures,nextToken
BootFeaturesInstaller.parseBootFeatures,equals
BootFeaturesInstaller.parseBootFeatures,isEmpty
BootFeaturesInstaller.parseBootFeatures,add
BootFeaturesInstaller.parseBootFeatures,matches
BootFeaturesInstaller.publishBootFinished,registerService
BootFeaturesInstaller.separatorsToUnix,indexOf
BootFeaturesInstaller.separatorsToUnix,replace
BootFeaturesInstaller.separatorsToUnix,debug
BootFeaturesInstaller.encodePath,replace
BootFeaturesInstaller.exitAfterFailedBoot,error
BootFeaturesInstaller.exitAfterFailedBoot,exit
State.copy,copy
State.copy,clear
State.copy,set
State.copy,get
State.replace,copy
StaticInstallSupport.updateBundle,printf
StaticInstallSupport.updateBundle,getSymbolicName
StaticInstallSupport.uninstall,println
FeatureRepoFinder.getServiceProperties,put
FeatureRepoFinder.getNames,keySet
FeatureRepoFinder.getNames,toArray
FeatureRepoFinder.getNames,size
FeatureRepoFinder.getUriFor,get
FeatureRepoFinder.getUriFor,replaceVersion
FeatureRepoFinder.getUriFor,create
FeatureRepoFinder.updated,clear
FeatureRepoFinder.updated,keys
FeatureRepoFinder.updated,hasMoreElements
FeatureRepoFinder.updated,nextElement
FeatureRepoFinder.updated,isSystemKey
FeatureRepoFinder.updated,put
FeatureRepoFinder.updated,get
FeatureRepoFinder.isSystemKey,equals
FeatureRepoFinder.replaceVersion,startsWith
FeatureRepoFinder.replaceVersion,indexOf
FeatureRepoFinder.replaceVersion,substring
Slf4jResolverLog.doLog,error
Slf4jResolverLog.doLog,warn
Slf4jResolverLog.doLog,info
Slf4jResolverLog.doLog,debug
ResourceUtils.getType,getCapabilities
ResourceUtils.getType,getNamespace
ResourceUtils.getType,equals
ResourceUtils.getType,getAttributes
ResourceUtils.getType,get
ResourceUtils.getType,toString
ResourceUtils.getUri,getCapabilities
ResourceUtils.getUri,getNamespace
ResourceUtils.getUri,equals
ResourceUtils.getUri,getAttributes
ResourceUtils.getUri,get
ResourceUtils.getUri,toString
ResourceUtils.getFeatureId,getCapabilities
ResourceUtils.getFeatureId,getNamespace
ResourceUtils.getFeatureId,equals
ResourceUtils.getFeatureId,getAttributes
ResourceUtils.getFeatureId,get
ResourceUtils.addIdentityRequirement,addIdentityRequirement
ResourceUtils.addIdentityRequirement,put
ResourceUtils.addIdentityRequirement,addRequirement
ResourceUtils.addIdentityRequirement,getCapabilities
ResourceUtils.addIdentityRequirement,getNamespace
ResourceUtils.addIdentityRequirement,equals
ResourceUtils.addIdentityRequirement,getAttributes
ResourceUtils.addIdentityRequirement,get
ResourceUtils.toFeatureRequirement,split
ResourceUtils.toFeatureRequirement,put
ResourceUtils.toFeatureRequirement,singletonMap
ResourceUtils.toFeatureRequirement,convert
ResourceUtils.toFeatureRequirement,toString
ResourceUtils.toFeatureCapability,split
ResourceUtils.toFeatureCapability,emptyMap
ResourceUtils.toFeatureCapability,put
ResourceUtils.toFeatureCapability,getVersion
ResourceUtils.toFeatureCapability,toString
FeatureResource.build,asFeature
FeatureResource.build,build
FeatureResource.build,getCondition
FeatureResource.build,startsWith
FeatureResource.build,substring
FeatureResource.build,length
FeatureResource.build,parseRequirement
FeatureResource.build,addRequirements
FeatureResource.build,split
FeatureResource.build,setName
FeatureResource.build,setVersion
FeatureResource.build,addDependency
FeatureResource.build,getName
FeatureResource.build,getVersion
FeatureResource.build,getBundles
FeatureResource.build,isDependency
FeatureResource.build,isBlacklisted
FeatureResource.build,get
FeatureResource.build,getLocation
FeatureResource.build,addIdentityRequirement
FeatureResource.build,getDependencies
FeatureResource.build,getCapabilities
FeatureResource.build,addCapabilities
FeatureResource.build,parseCapability
FeatureResource.build,getValue
FeatureResource.build,getRequirements
FeatureResource.addDependency,addDependency
FeatureResource.addDependency,getName
FeatureResource.addDependency,getVersion
FeatureResource.addDependency,equals
FeatureResource.addDependency,startsWith
FeatureResource.addDependency,transform
FeatureResource.addDependency,addIdentityRequirement
ResolverUtil.getSymbolicName,getCapabilities
ResolverUtil.getSymbolicName,getNamespace
ResolverUtil.getSymbolicName,equals
ResolverUtil.getSymbolicName,getAttributes
ResolverUtil.getSymbolicName,get
ResolverUtil.getSymbolicName,toString
ResolverUtil.getOwnerName,getRequirements
ResolverUtil.getOwnerName,getNamespace
ResolverUtil.getOwnerName,equals
ResolverUtil.getOwnerName,getAttributes
ResolverUtil.getOwnerName,get
ResolverUtil.getOwnerName,toString
ResolverUtil.getVersion,getCapabilities
ResolverUtil.getVersion,getNamespace
ResolverUtil.getVersion,equals
ResolverUtil.getVersion,getAttributes
ResolverUtil.getVersion,get
ResolverUtil.isFragment,getCapabilities
ResolverUtil.isFragment,getNamespace
ResolverUtil.isFragment,equals
ResolverUtil.isFragment,getAttributes
ResolverUtil.isFragment,get
ResolverUtil.isOptional,getDirectives
ResolverUtil.isOptional,get
ResolverUtil.isOptional,equalsIgnoreCase
ResolverUtil.isMultiple,equals
ResolverUtil.isMultiple,getDirectives
ResolverUtil.isMultiple,get
ResolverUtil.isMultiple,isDynamic
ResolverUtil.isDynamic,equals
ResolverUtil.isDynamic,getDirectives
ResolverUtil.isDynamic,get
ResolverUtil.getDynamicRequirements,getDirectives
ResolverUtil.getDynamicRequirements,get
ResolverUtil.getDynamicRequirements,equals
ResolverUtil.getDynamicRequirements,add
JmxRepository.tableFrom,put
JmxRepository.tableFrom,asCompositeData
JmxRepository.toStringArray,toString
JmxRepository.getFeatureIdentifierTable,getName
JmxRepository.getFeatureIdentifierTable,getVersion
JmxRepository.getFeatureIdentifierTable,put
JmxFeature.tableFrom,put
JmxFeature.tableFrom,asCompositeData
JmxFeature.getDependencyIdentifierTable,contains
JmxFeature.getDependencyIdentifierTable,getName
JmxFeature.getDependencyIdentifierTable,getVersion
JmxFeature.getDependencyIdentifierTable,add
JmxFeature.getDependencyIdentifierTable,put
JmxFeature.getBundleUris,size
JmxFeature.getBundleUris,get
JmxFeature.getBundleUris,getLocation
JmxFeature.getConfigList,getName
JmxFeature.getConfigList,getConfigElementTable
JmxFeature.getConfigList,getProperties
JmxFeature.getConfigList,valueOf
JmxFeature.getConfigList,isAppend
JmxFeature.getConfigList,put
JmxFeature.getConfigFileList,getFinalname
JmxFeature.getConfigFileList,put
JmxFeature.getConfigElementTable,entrySet
JmxFeature.getConfigElementTable,getKey
JmxFeature.getConfigElementTable,getValue
JmxFeature.getConfigElementTable,put
JmxFeature.getConfigElementTable,keySet
JmxFeature.getConfigElementTable,getProperty
BundleWires.save,createDirectories
BundleWires.save,resolve
BundleWires.save,toString
BundleWires.save,getParent
BundleWires.save,newBufferedWriter
BundleWires.save,entrySet
BundleWires.save,getKey
BundleWires.save,getValue
BundleWires.save,append
BundleWires.delete,createDirectories
BundleWires.delete,resolve
BundleWires.delete,toString
BundleWires.delete,deleteIfExists
BundleWires.getFragmentHosts,entrySet
BundleWires.getFragmentHosts,stream
BundleWires.getFragmentHosts,filter
BundleWires.getFragmentHosts,getKey
BundleWires.getFragmentHosts,startsWith
BundleWires.getFragmentHosts,map
BundleWires.getFragmentHosts,flatMap
BundleWires.getFragmentHosts,mapToLong
BundleWires.getFragmentHosts,toArray
BundleWires.getBundleId,indexOf
BundleWires.getBundleId,substring
BundleWires.getBundleId,parseLong
BundleWires.getBundleId,trim
BundleWires.filterCandidates,get
BundleWires.filterCandidates,getRequirementId
BundleWires.filterCandidates,stream
BundleWires.filterCandidates,filter
BundleWires.filterCandidates,isCapabilityWiredToBundle
BundleWires.filterCandidates,collect
BundleWires.filterCandidates,toSet
BundleWires.isCapabilityWiredToBundle,contains
BundleWires.isCapabilityWiredToBundle,getCapabilityId
BundleWires.isCapabilityWiredToBundle,getRevision
BundleWires.isCapabilityWiredToBundle,getBundle
BundleWires.isCapabilityWiredToBundle,getBundleId
BundleWires.getRequirementId,getDirectives
BundleWires.getRequirementId,get
BundleWires.getRequirementId,getNamespace
BundleWires.getCapabilityId,append
BundleWires.getCapabilityId,getRevision
BundleWires.getCapabilityId,getBundle
BundleWires.getCapabilityId,getBundleId
BundleWires.getCapabilityId,getAttributes
BundleWires.getCapabilityId,get
BundleWires.getCapabilityId,toString
Activator.resolveAll,registerService
Activator.resolveAll,getBundle
Activator.resolveAll,adapt
Activator.resolveAll,resolveBundles
Activator.resolveAll,asList
Activator.resolveAll,getBundles
Activator.resolveAll,unregister
StoredWiringResolver.load,createDirectories
StoredWiringResolver.load,list
StoredWiringResolver.load,forEach
StoredWiringResolver.load,getFileName
StoredWiringResolver.load,toString
StoredWiringResolver.load,matches
StoredWiringResolver.load,parseLong
StoredWiringResolver.load,newBufferedReader
StoredWiringResolver.load,put
StoredWiringResolver.filterMatches,getRequirementBundleIds
StoredWiringResolver.filterMatches,get
StoredWiringResolver.filterMatches,addAll
StoredWiringResolver.filterMatches,filterCandidates
StoredWiringResolver.filterMatches,retainAll
StoredWiringResolver.getRequirementBundleIds,getRevision
StoredWiringResolver.getRequirementBundleIds,getBundle
StoredWiringResolver.getRequirementBundleIds,getBundleId
StoredWiringResolver.getRequirementBundleIds,isFragment
StoredWiringResolver.getRequirementBundleIds,getNamespace
StoredWiringResolver.getRequirementBundleIds,equals
StoredWiringResolver.getRequirementBundleIds,get
StoredWiringResolver.getRequirementBundleIds,getFragmentHosts
StoredWiringResolver.isFragment,getCapabilities
StoredWiringResolver.isFragment,equals
StoredWiringResolver.isFragment,getNamespace
StoredWiringResolver.isFragment,getAttributes
StoredWiringResolver.isFragment,get
StoredWiringResolver.update,save
StoredWiringResolver.update,put
StoredWiringResolver.update,getBundleId
StoredWiringResolver.delete,get
StoredWiringResolver.delete,getBundleId
StoredWiringResolver.delete,remove
StoredWiringResolver.delete,delete
RequirementList.execute,listRequirements
RequirementList.execute,column
RequirementList.execute,emptyTableText
RequirementList.execute,entrySet
RequirementList.execute,getValue
RequirementList.execute,addRow
RequirementList.execute,addContent
RequirementList.execute,getKey
RequirementList.execute,print
RequirementAdd.doExecute,addOption
RequirementAdd.doExecute,put
RequirementAdd.doExecute,setResolutionOutputFile
RequirementAdd.doExecute,addRequirements
RepoAddCommand.doExecute,getRepositoryUriFor
RepoAddCommand.doExecute,isRepositoryUriBlacklisted
RepoAddCommand.doExecute,println
RepoAddCommand.doExecute,addRepository
ListProvidedFeaturesCommand.doExecute,column
ListProvidedFeaturesCommand.doExecute,repositoryProvidedFeatures
ListProvidedFeaturesCommand.doExecute,addRow
ListProvidedFeaturesCommand.doExecute,addContent
ListProvidedFeaturesCommand.doExecute,getName
ListProvidedFeaturesCommand.doExecute,getVersion
ListProvidedFeaturesCommand.doExecute,print
RepoRemoveCommand.doExecute,selectRepositories
RepoRemoveCommand.doExecute,isEmpty
RepoRemoveCommand.doExecute,println
RepoRemoveCommand.doExecute,size
RepoRemoveCommand.doExecute,iterator
RepoRemoveCommand.doExecute,next
RepoRemoveCommand.doExecute,removeRepository
StatusCommand.doExecute,println
StatusCommand.doExecute,getState
StatusCommand.doExecute,getExistingInstance
StatusCommand.getState,getFeature
StatusCommand.getState,getId
StatusCommand.getState,getState
StatusCommand.getState,name
StopFeaturesCommand.doExecute,addOption
StopFeaturesCommand.doExecute,getFeatureIds
StopFeaturesCommand.doExecute,put
StopFeaturesCommand.doExecute,updateFeaturesState
RefreshFeaturesCommand.doExecute,addOption
RefreshFeaturesCommand.doExecute,refreshFeatures
RefreshFeaturesCommand.doExecute,println
RefreshFeaturesCommand.doExecute,getMessage
ListFeaturesCommand.doExecute,column
ListFeaturesCommand.doExecute,maxSize
ListFeaturesCommand.doExecute,emptyTableText
ListFeaturesCommand.doExecute,asList
ListFeaturesCommand.doExecute,getRepository
ListFeaturesCommand.doExecute,getFeatures
ListFeaturesCommand.doExecute,populateTable
ListFeaturesCommand.doExecute,isInstalledViaDeployDir
ListFeaturesCommand.doExecute,listRepositories
ListFeaturesCommand.doExecute,getName
ListFeaturesCommand.doExecute,print
ListFeaturesCommand.doExecute,println
ListFeaturesCommand.isInstalledViaDeployDir,length
ListFeaturesCommand.isInstalledViaDeployDir,charAt
ListFeaturesCommand.populateTable,sort
ListFeaturesCommand.populateTable,isInstalled
ListFeaturesCommand.populateTable,isRequired
ListFeaturesCommand.populateTable,isBlacklisted
ListFeaturesCommand.populateTable,isHidden
ListFeaturesCommand.populateTable,addRow
ListFeaturesCommand.populateTable,addContent
ListFeaturesCommand.populateTable,getName
ListFeaturesCommand.populateTable,getVersion
ListFeaturesCommand.populateTable,getState
ListFeaturesCommand.populateTable,getId
ListFeaturesCommand.populateTable,getDescription
ListFeaturesCommand.compare,getName
ListFeaturesCommand.compare,toLowerCase
ListFeaturesCommand.compare,compareTo
FeatureComparator.compare,getName
FeatureComparator.compare,toLowerCase
FeatureComparator.compare,compareTo
RegionInfoCommand.execute,println
RegionInfoCommand.execute,getRegions
RegionInfoCommand.execute,showRegion
RegionInfoCommand.execute,getRegion
RegionInfoCommand.showRegion,getBundle
RegionInfoCommand.showRegion,getBundleContext
RegionInfoCommand.showRegion,println
RegionInfoCommand.showRegion,getName
RegionInfoCommand.showRegion,getBundleIds
RegionInfoCommand.showRegion,printf
RegionInfoCommand.showRegion,getStateString
RegionInfoCommand.showRegion,getEdges
RegionInfoCommand.showRegion,getRegion
RegionInfoCommand.showRegion,getFilter
RegionInfoCommand.showRegion,getSharingPolicy
RegionInfoCommand.showRegion,entrySet
RegionInfoCommand.showRegion,getKey
RegionInfoCommand.showRegion,getValue
RegionInfoCommand.getStateString,getState
FeatureExport.doExecute,prepareDestination
FeatureExport.doExecute,println
FeatureExport.doExecute,getFeature
FeatureExport.doExecute,saveBundles
FeatureExport.prepareDestination,isDirectory
FeatureExport.prepareDestination,mkdirs
FeatureExport.saveBundles,getBundles
FeatureExport.saveBundles,isDependency
FeatureExport.saveBundles,resolve
FeatureExport.saveBundles,getLocation
FeatureExport.saveBundles,copyFileToDirectory
FeatureExport.saveBundles,println
FeatureExport.saveBundles,getName
FeatureExport.saveBundles,getVersion
FeatureExport.saveBundles,getDependencies
FeatureExport.saveBundles,getFeature
FeatureExport.saveBundles,saveBundles
FeatureExport.copyFileToDirectory,isDirectory
FeatureExport.copyFileToDirectory,getAbsolutePath
FeatureExport.copyFileToDirectory,getName
FeatureExport.copyFileToDirectory,isFile
FeatureExport.copyFileToDirectory,read
FeatureExport.copyFileToDirectory,write
FeaturesCommandSupport.execute,doExecute
FeaturesCommandSupport.addOption,add
FeaturesCommandSupport.selectRepositories,getRepositoryUriFor
FeaturesCommandSupport.selectRepositories,compile
FeaturesCommandSupport.selectRepositories,listRepositories
FeaturesCommandSupport.selectRepositories,getURI
FeaturesCommandSupport.selectRepositories,getName
FeaturesCommandSupport.selectRepositories,matcher
FeaturesCommandSupport.selectRepositories,matches
FeaturesCommandSupport.selectRepositories,toString
FeaturesCommandSupport.selectRepositories,add
FeaturesCommandSupport.getFeatureId,getFeatures
FeaturesCommandSupport.getFeatureId,getId
FeaturesCommandSupport.getFeatureIds,getFeatures
FeaturesCommandSupport.getFeatureIds,add
FeaturesCommandSupport.getFeatureIds,getId
FeaturesCommandSupport.getFeatureIds,isEmpty
InfoFeatureCommand.doExecute,length
InfoFeatureCommand.doExecute,getFeatures
InfoFeatureCommand.doExecute,println
InfoFeatureCommand.doExecute,current
InfoFeatureCommand.doExecute,isTty
InfoFeatureCommand.doExecute,getFeatureXml
InfoFeatureCommand.doExecute,colorize
InfoFeatureCommand.doExecute,getName
InfoFeatureCommand.doExecute,getVersion
InfoFeatureCommand.doExecute,getDescription
InfoFeatureCommand.doExecute,getDetails
InfoFeatureCommand.doExecute,printWithIndent
InfoFeatureCommand.doExecute,displayConfigInformation
InfoFeatureCommand.doExecute,displayConfigFileInformation
InfoFeatureCommand.doExecute,displayDependencyInformation
InfoFeatureCommand.doExecute,displayBundleInformation
InfoFeatureCommand.doExecute,displayConditionalInfo
InfoFeatureCommand.doExecute,displayFeatureTree
InfoFeatureCommand.printWithIndent,split
InfoFeatureCommand.printWithIndent,println
InfoFeatureCommand.displayBundleInformation,getBundles
InfoFeatureCommand.displayBundleInformation,isEmpty
InfoFeatureCommand.displayBundleInformation,println
InfoFeatureCommand.displayBundleInformation,getStartLevel
InfoFeatureCommand.displayBundleInformation,append
InfoFeatureCommand.displayBundleInformation,getLocation
InfoFeatureCommand.displayBundleInformation,isOverriden
InfoFeatureCommand.displayBundleInformation,getOriginalLocation
InfoFeatureCommand.displayBundleInformation,toString
InfoFeatureCommand.displayDependencyInformation,getDependencies
InfoFeatureCommand.displayDependencyInformation,isEmpty
InfoFeatureCommand.displayDependencyInformation,println
InfoFeatureCommand.displayDependencyInformation,getName
InfoFeatureCommand.displayDependencyInformation,getVersion
InfoFeatureCommand.displayConfigInformation,getConfigurations
InfoFeatureCommand.displayConfigInformation,isEmpty
InfoFeatureCommand.displayConfigInformation,println
InfoFeatureCommand.displayConfigInformation,getName
InfoFeatureCommand.displayConfigFileInformation,getConfigurationFiles
InfoFeatureCommand.displayConfigFileInformation,isEmpty
InfoFeatureCommand.displayConfigFileInformation,println
InfoFeatureCommand.displayConfigFileInformation,getFinalname
InfoFeatureCommand.displayFeatureTree,getFeatures
InfoFeatureCommand.displayFeatureTree,println
InfoFeatureCommand.displayFeatureTree,getName
InfoFeatureCommand.displayFeatureTree,getVersion
InfoFeatureCommand.displayFeatureTree,getBundles
InfoFeatureCommand.displayFeatureTree,add
InfoFeatureCommand.displayFeatureTree,getLocation
InfoFeatureCommand.displayFeatureTree,getConditional
InfoFeatureCommand.displayFeatureTree,getCondition
InfoFeatureCommand.displayFeatureTree,size
InfoFeatureCommand.displayFeatureTree,get
InfoFeatureCommand.displayFeatureTree,getDependencies
InfoFeatureCommand.displayFeatureTree,displayFeatureTree
InfoFeatureCommand.displayConditionalInfo,getConditional
InfoFeatureCommand.displayConditionalInfo,isEmpty
InfoFeatureCommand.displayConditionalInfo,println
InfoFeatureCommand.displayConditionalInfo,getConditionDescription
InfoFeatureCommand.displayConditionalInfo,asFeature
InfoFeatureCommand.displayConditionalInfo,displayConfigInformation
InfoFeatureCommand.displayConditionalInfo,format
InfoFeatureCommand.displayConditionalInfo,displayConfigFileInformation
InfoFeatureCommand.displayConditionalInfo,displayDependencyInformation
InfoFeatureCommand.displayConditionalInfo,displayBundleInformation
InfoFeatureCommand.getConditionDescription,getCondition
InfoFeatureCommand.getConditionDescription,length
InfoFeatureCommand.getConditionDescription,append
InfoFeatureCommand.getConditionDescription,toString
InfoFeatureCommand.getColorMap,get
InfoFeatureCommand.getColorMap,toString
InfoFeatureCommand.getColorMap,matches
InfoFeatureCommand.getColorMap,stream
InfoFeatureCommand.getColorMap,collect
InfoFeatureCommand.getColorMap,toMap
InfoFeatureCommand.getColorMap,substring
InfoFeatureCommand.getColorMap,indexOf
InfoFeatureCommand.getColorMap,split
InfoFeatureCommand.colorize,get
InfoFeatureCommand.colorize,getColorMap
InfoFeatureCommand.colorize,put
InfoFeatureCommand.colorize,compile
InfoFeatureCommand.colorize,length
InfoFeatureCommand.colorize,entrySet
InfoFeatureCommand.colorize,getKey
InfoFeatureCommand.colorize,matcher
InfoFeatureCommand.colorize,find
InfoFeatureCommand.colorize,start
InfoFeatureCommand.colorize,end
InfoFeatureCommand.colorize,getValue
InfoFeatureCommand.colorize,fill
InfoFeatureCommand.colorize,equals
InfoFeatureCommand.colorize,applyStyle
InfoFeatureCommand.colorize,append
InfoFeatureCommand.colorize,charAt
InfoFeatureCommand.colorize,toAnsi
InfoFeatureCommand.applyStyle,get
InfoFeatureCommand.applyStyle,style
InfoFeatureCommand.applyStyle,isEmpty
InfoFeatureCommand.applyStyle,appendAnsi
ListFeatureVersionsCommand.doExecute,column
ListFeatureVersionsCommand.doExecute,emptyTableText
ListFeatureVersionsCommand.doExecute,asList
ListFeatureVersionsCommand.doExecute,listRepositories
ListFeatureVersionsCommand.doExecute,getFeatures
ListFeatureVersionsCommand.doExecute,getName
ListFeatureVersionsCommand.doExecute,equals
ListFeatureVersionsCommand.doExecute,addRow
ListFeatureVersionsCommand.doExecute,addContent
ListFeatureVersionsCommand.doExecute,getVersion
ListFeatureVersionsCommand.doExecute,getURI
ListFeatureVersionsCommand.doExecute,getState
ListFeatureVersionsCommand.doExecute,getId
ListFeatureVersionsCommand.doExecute,print
InstallFeatureCommand.doExecute,addOption
InstallFeatureCommand.doExecute,setResolutionOutputFile
InstallFeatureCommand.doExecute,installFeatures
RepoListCommand.doExecute,reloadAllRepos
RepoListCommand.doExecute,column
RepoListCommand.doExecute,emptyTableText
RepoListCommand.doExecute,listRepositories
RepoListCommand.doExecute,isBlacklisted
RepoListCommand.doExecute,addRow
RepoListCommand.doExecute,getURI
RepoListCommand.doExecute,toString
RepoListCommand.doExecute,matches
RepoListCommand.doExecute,replaceFirst
RepoListCommand.doExecute,addContent
RepoListCommand.doExecute,getName
RepoListCommand.doExecute,print
RepoListCommand.reloadAllRepos,println
RepoListCommand.reloadAllRepos,listRepositories
RepoListCommand.reloadAllRepos,addRepository
RepoListCommand.reloadAllRepos,getURI
RepoListCommand.reloadAllRepos,add
RepoListCommand.reloadAllRepos,throwIf
StartFeaturesCommand.doExecute,addOption
StartFeaturesCommand.doExecute,getFeatureIds
StartFeaturesCommand.doExecute,put
StartFeaturesCommand.doExecute,updateFeaturesState
UninstallFeatureCommand.doExecute,addOption
UninstallFeatureCommand.doExecute,uninstallFeatures
RepoRefreshCommand.doExecute,selectRepositories
RepoRefreshCommand.doExecute,isEmpty
RepoRefreshCommand.doExecute,println
RepoRefreshCommand.doExecute,listRepositories
RepoRefreshCommand.doExecute,add
RepoRefreshCommand.doExecute,getURI
RepoRefreshCommand.doExecute,stream
RepoRefreshCommand.doExecute,map
RepoRefreshCommand.doExecute,collect
RepoRefreshCommand.doExecute,joining
RepoRefreshCommand.doExecute,refreshRepositories
RepoRefreshCommand.doExecute,getMessage
RequirementRemove.doExecute,addOption
RequirementRemove.doExecute,put
RequirementRemove.doExecute,setResolutionOutputFile
RequirementRemove.doExecute,removeRequirements
FeatureVersionCompleter.complete,getArguments
FeatureVersionCompleter.complete,getAllVersionsOfFeature
FeatureVersionCompleter.complete,getStrings
FeatureVersionCompleter.complete,addAll
FeatureVersionCompleter.complete,complete
FeatureVersionCompleter.getAllVersionsOfFeature,listRepositories
FeatureVersionCompleter.getAllVersionsOfFeature,getFeatures
FeatureVersionCompleter.getAllVersionsOfFeature,getName
FeatureVersionCompleter.getAllVersionsOfFeature,equals
FeatureVersionCompleter.getAllVersionsOfFeature,add
FeatureVersionCompleter.getAllVersionsOfFeature,getVersion
StartedFeatureCompleter.acceptsFeature,getState
StartedFeatureCompleter.acceptsFeature,getId
StartedFeatureCompleter.add,add
StartedFeatureCompleter.add,getId
RequiredFeatureCompleter.acceptsFeature,isRequired
InstalledRepoUriCompleter.complete,listRepositories
InstalledRepoUriCompleter.complete,getStrings
InstalledRepoUriCompleter.complete,add
InstalledRepoUriCompleter.complete,getURI
InstalledRepoUriCompleter.complete,toString
InstalledRepoUriCompleter.complete,complete
ResolvedFeatureCompleter.acceptsFeature,getState
ResolvedFeatureCompleter.acceptsFeature,getId
ResolvedFeatureCompleter.add,add
ResolvedFeatureCompleter.add,getId
AvailableRepoNameCompleter.complete,asList
AvailableRepoNameCompleter.complete,getRepositoryNames
AvailableRepoNameCompleter.complete,complete
AvailableFeatureCompleter.acceptsFeature,isInstalled
AvailableFeatureCompleter.acceptsFeature,isHidden
AvailableFeatureCompleter.acceptsFeature,isBlacklisted
InstalledRepoNameCompleter.complete,listRepositories
InstalledRepoNameCompleter.complete,getStrings
InstalledRepoNameCompleter.complete,add
InstalledRepoNameCompleter.complete,getName
InstalledRepoNameCompleter.complete,complete
FeatureCompleterSupport.complete,completeCandidates
FeatureCompleterSupport.complete,add
FeatureCompleterSupport.complete,value
FeatureCompleterSupport.complete,isEmpty
FeatureCompleterSupport.completeCandidates,listFeatures
FeatureCompleterSupport.completeCandidates,acceptsFeature
FeatureCompleterSupport.completeCandidates,add
FeatureCompleterSupport.add,add
FeatureCompleterSupport.add,getName
FeatureCompleterSupport.add,getDescription
RmiRegistryFactory.init,getRegistry
RmiRegistryFactory.init,getPort
RmiRegistryFactory.init,list
RmiRegistryFactory.init,isEmpty
RmiRegistryFactory.init,getDefaultSocketFactory
RmiRegistryFactory.init,getByName
RmiRegistryFactory.init,createRegistry
RmiRegistryFactory.init,put
RmiRegistryFactory.init,getHost
RmiRegistryFactory.init,registerService
RmiRegistryFactory.destroy,unexportObject
RmiRegistryFactory.destroy,getClass
RmiRegistryFactory.destroy,getClassLoader
RmiRegistryFactory.destroy,loadClass
RmiRegistryFactory.destroy,getDeclaredField
RmiRegistryFactory.destroy,setAccessible
RmiRegistryFactory.destroy,get
RmiRegistryFactory.destroy,keySet
RmiRegistryFactory.destroy,iterator
RmiRegistryFactory.destroy,hasNext
RmiRegistryFactory.destroy,next
RmiRegistryFactory.destroy,getPackage
RmiRegistryFactory.destroy,getName
RmiRegistryFactory.destroy,equals
RmiRegistryFactory.destroy,remove
PlainSaslServer.evaluateResponse,addLast
PlainSaslServer.evaluateResponse,toString
PlainSaslServer.evaluateResponse,append
PlainSaslServer.evaluateResponse,size
PlainSaslServer.evaluateResponse,removeLast
PlainSaslServer.evaluateResponse,isEmpty
PlainSaslServer.evaluateResponse,setName
PlainSaslServer.evaluateResponse,setPassword
PlainSaslServer.evaluateResponse,toCharArray
PlainSaslServer.evaluateResponse,handle
PlainSaslServer.evaluateResponse,isAuthorized
PlainSaslServer.createSaslServer,equals
SaslPlainServerFactory.createSaslServer,equals
MBeanServerFactory.getServer,init
MBeanServerFactory.init,findMBeanServer
MBeanServerFactory.init,size
MBeanServerFactory.init,get
MBeanServerFactory.init,getPlatformMBeanServer
MBeanServerFactory.init,createMBeanServer
MBeanServerFactory.init,newMBeanServer
MBeanServerFactory.destroy,releaseMBeanServer
JaasAuthenticator.authenticate,getClass
JaasAuthenticator.authenticate,getName
JaasAuthenticator.authenticate,getPrincipals
JaasAuthenticator.authenticate,add
JaasAuthenticator.authenticate,getClientHost
JaasAuthenticator.authenticate,login
JaasAuthenticator.handle,cast
JaasAuthenticator.handle,getPrincipals
JaasAuthenticator.handle,add
JaasAuthenticator.handle,getClientHost
JaasAuthenticator.handle,login
JaasAuthenticator.handle,setAuthorized
ConnectorServerFactory.getAuthenticatorType,name
ConnectorServerFactory.getAuthenticatorType,toLowerCase
ConnectorServerFactory.setAuthenticatorType,valueOf
ConnectorServerFactory.setAuthenticatorType,toUpperCase
ConnectorServerFactory.setAlgorithm,equalsIgnoreCase
ConnectorServerFactory.setAlgorithm,getDefaultAlgorithm
ConnectorServerFactory.isClientAuth,equals
ConnectorServerFactory.init,isClientAuth
ConnectorServerFactory.init,setupSsl
ConnectorServerFactory.init,setupKarafRMIServerSocketFactory
ConnectorServerFactory.init,equals
ConnectorServerFactory.init,remove
ConnectorServerFactory.init,newProxyInstance
ConnectorServerFactory.init,getClass
ConnectorServerFactory.init,getClassLoader
ConnectorServerFactory.init,newJMXConnectorServer
ConnectorServerFactory.init,registerMBean
ConnectorServerFactory.init,addProvider
ConnectorServerFactory.init,currentThread
ConnectorServerFactory.init,setContextClassLoader
ConnectorServerFactory.init,startWithRetry
ConnectorServerFactory.init,start
ConnectorServerFactory.init,getCause
ConnectorServerFactory.init,getMessage
ConnectorServerFactory.init,indexOf
ConnectorServerFactory.init,length
ConnectorServerFactory.init,substring
ConnectorServerFactory.init,setName
ConnectorServerFactory.init,setDaemon
ConnectorServerFactory.init,doUnregister
ConnectorServerFactory.startWithRetry,startWithRetry
ConnectorServerFactory.startWithRetry,start
ConnectorServerFactory.startWithRetry,hasCause
ConnectorServerFactory.startWithRetry,warn
ConnectorServerFactory.startWithRetry,sleep
ConnectorServerFactory.startWithRetry,currentThread
ConnectorServerFactory.startWithRetry,interrupt
ConnectorServerFactory.hasCause,isInstance
ConnectorServerFactory.hasCause,getCause
ConnectorServerFactory.destroy,stop
ConnectorServerFactory.destroy,doUnregister
ConnectorServerFactory.doUnregister,isRegistered
ConnectorServerFactory.doUnregister,unregisterMBean
ConnectorServerFactory.setupSsl,createSSLServerFactory
ConnectorServerFactory.setupSsl,isClientAuth
ConnectorServerFactory.setupSsl,getRmiServerHost
ConnectorServerFactory.setupSsl,getEnabledProtocols
ConnectorServerFactory.setupSsl,getEnabledCipherSuites
ConnectorServerFactory.setupSsl,put
ConnectorServerFactory.setupKarafRMIServerSocketFactory,getRmiServerHost
ConnectorServerFactory.setupKarafRMIServerSocketFactory,put
ConnectorServerFactory.createServerSocket,getByName
ConnectorServerFactory.createServerSocket,isLoopbackAddress
ConnectorServerFactory.createServerSocket,createServerSocket
ConnectorServerFactory.createServerSocket,setNeedClientAuth
ConnectorServerFactory.createServerSocket,setEnabledProtocols
ConnectorServerFactory.createServerSocket,setEnabledCipherSuites
ConnectorServerFactory.createServerSocket,getDefault
ConnectorServerFactory.bind,bind
ConnectorServerFactory.getInetAddress,getInetAddress
ConnectorServerFactory.getLocalPort,getLocalPort
ConnectorServerFactory.getLocalSocketAddress,getLocalSocketAddress
ConnectorServerFactory.accept,checkLocal
ConnectorServerFactory.accept,accept
ConnectorServerFactory.close,close
ConnectorServerFactory.getChannel,getChannel
ConnectorServerFactory.isBound,isBound
ConnectorServerFactory.isClosed,isClosed
ConnectorServerFactory.setSoTimeout,setSoTimeout
ConnectorServerFactory.getSoTimeout,getSoTimeout
ConnectorServerFactory.setReuseAddress,setReuseAddress
ConnectorServerFactory.getReuseAddress,getReuseAddress
ConnectorServerFactory.toString,toString
ConnectorServerFactory.setReceiveBufferSize,setReceiveBufferSize
ConnectorServerFactory.getReceiveBufferSize,getReceiveBufferSize
ConnectorServerFactory.setPerformancePreferences,setPerformancePreferences
ConnectorServerFactory.getEnabledCipherSuites,getEnabledCipherSuites
ConnectorServerFactory.setEnabledCipherSuites,setEnabledCipherSuites
ConnectorServerFactory.getSupportedCipherSuites,getSupportedCipherSuites
ConnectorServerFactory.getSupportedProtocols,getSupportedProtocols
ConnectorServerFactory.getEnabledProtocols,getEnabledProtocols
ConnectorServerFactory.setEnabledProtocols,setEnabledProtocols
ConnectorServerFactory.setNeedClientAuth,setNeedClientAuth
ConnectorServerFactory.getNeedClientAuth,getNeedClientAuth
ConnectorServerFactory.setWantClientAuth,setWantClientAuth
ConnectorServerFactory.getWantClientAuth,getWantClientAuth
ConnectorServerFactory.setUseClientMode,setUseClientMode
ConnectorServerFactory.getUseClientMode,getUseClientMode
ConnectorServerFactory.setEnableSessionCreation,setEnableSessionCreation
ConnectorServerFactory.getEnableSessionCreation,getEnableSessionCreation
ConnectorServerFactory.getSSLParameters,getSSLParameters
ConnectorServerFactory.setSSLParameters,setSSLParameters
ConnectorServerFactory.checkLocal,getInetAddress
ConnectorServerFactory.checkLocal,isLoopbackAddress
ConnectorServerFactory.checkLocal,getNetworkInterfaces
ConnectorServerFactory.checkLocal,hasMoreElements
ConnectorServerFactory.checkLocal,nextElement
ConnectorServerFactory.checkLocal,getInetAddresses
ConnectorServerFactory.checkLocal,equals
ConnectorServerFactory.checkLocal,close
KarafSslRMIServerSocketFactory.createServerSocket,getByName
KarafSslRMIServerSocketFactory.createServerSocket,isLoopbackAddress
KarafSslRMIServerSocketFactory.createServerSocket,createServerSocket
KarafSslRMIServerSocketFactory.createServerSocket,setNeedClientAuth
KarafSslRMIServerSocketFactory.createServerSocket,setEnabledProtocols
KarafSslRMIServerSocketFactory.createServerSocket,setEnabledCipherSuites
KarafRMIServerSocketFactory.createServerSocket,getByName
KarafRMIServerSocketFactory.createServerSocket,isLoopbackAddress
KarafRMIServerSocketFactory.createServerSocket,getDefault
KarafRMIServerSocketFactory.createServerSocket,createServerSocket
LocalOnlyServerSocket.bind,bind
LocalOnlyServerSocket.getInetAddress,getInetAddress
LocalOnlyServerSocket.getLocalPort,getLocalPort
LocalOnlyServerSocket.getLocalSocketAddress,getLocalSocketAddress
LocalOnlyServerSocket.accept,checkLocal
LocalOnlyServerSocket.accept,accept
LocalOnlyServerSocket.close,close
LocalOnlyServerSocket.getChannel,getChannel
LocalOnlyServerSocket.isBound,isBound
LocalOnlyServerSocket.isClosed,isClosed
LocalOnlyServerSocket.setSoTimeout,setSoTimeout
LocalOnlyServerSocket.getSoTimeout,getSoTimeout
LocalOnlyServerSocket.setReuseAddress,setReuseAddress
LocalOnlyServerSocket.getReuseAddress,getReuseAddress
LocalOnlyServerSocket.toString,toString
LocalOnlyServerSocket.setReceiveBufferSize,setReceiveBufferSize
LocalOnlyServerSocket.getReceiveBufferSize,getReceiveBufferSize
LocalOnlyServerSocket.setPerformancePreferences,setPerformancePreferences
LocalOnlySSLServerSocket.bind,bind
LocalOnlySSLServerSocket.getInetAddress,getInetAddress
LocalOnlySSLServerSocket.getLocalPort,getLocalPort
LocalOnlySSLServerSocket.getLocalSocketAddress,getLocalSocketAddress
LocalOnlySSLServerSocket.accept,checkLocal
LocalOnlySSLServerSocket.accept,accept
LocalOnlySSLServerSocket.close,close
LocalOnlySSLServerSocket.getChannel,getChannel
LocalOnlySSLServerSocket.isBound,isBound
LocalOnlySSLServerSocket.isClosed,isClosed
LocalOnlySSLServerSocket.setSoTimeout,setSoTimeout
LocalOnlySSLServerSocket.getSoTimeout,getSoTimeout
LocalOnlySSLServerSocket.setReuseAddress,setReuseAddress
LocalOnlySSLServerSocket.getReuseAddress,getReuseAddress
LocalOnlySSLServerSocket.toString,toString
LocalOnlySSLServerSocket.setReceiveBufferSize,setReceiveBufferSize
LocalOnlySSLServerSocket.getReceiveBufferSize,getReceiveBufferSize
LocalOnlySSLServerSocket.setPerformancePreferences,setPerformancePreferences
LocalOnlySSLServerSocket.getEnabledCipherSuites,getEnabledCipherSuites
LocalOnlySSLServerSocket.setEnabledCipherSuites,setEnabledCipherSuites
LocalOnlySSLServerSocket.getSupportedCipherSuites,getSupportedCipherSuites
LocalOnlySSLServerSocket.getSupportedProtocols,getSupportedProtocols
LocalOnlySSLServerSocket.getEnabledProtocols,getEnabledProtocols
LocalOnlySSLServerSocket.setEnabledProtocols,setEnabledProtocols
LocalOnlySSLServerSocket.setNeedClientAuth,setNeedClientAuth
LocalOnlySSLServerSocket.getNeedClientAuth,getNeedClientAuth
LocalOnlySSLServerSocket.setWantClientAuth,setWantClientAuth
LocalOnlySSLServerSocket.getWantClientAuth,getWantClientAuth
LocalOnlySSLServerSocket.setUseClientMode,setUseClientMode
LocalOnlySSLServerSocket.getUseClientMode,getUseClientMode
LocalOnlySSLServerSocket.setEnableSessionCreation,setEnableSessionCreation
LocalOnlySSLServerSocket.getEnableSessionCreation,getEnableSessionCreation
LocalOnlySSLServerSocket.getSSLParameters,getSSLParameters
LocalOnlySSLServerSocket.setSSLParameters,setSSLParameters
KarafMBeanServerGuard.invoke,getParameterTypes
KarafMBeanServerGuard.invoke,isAssignableFrom
KarafMBeanServerGuard.invoke,getInvocationHandler
KarafMBeanServerGuard.invoke,getName
KarafMBeanServerGuard.invoke,handleGetAttribute
KarafMBeanServerGuard.invoke,handleGetAttributes
KarafMBeanServerGuard.invoke,handleSetAttribute
KarafMBeanServerGuard.invoke,handleSetAttributes
KarafMBeanServerGuard.invoke,handleInvoke
KarafMBeanServerGuard.canInvoke,canInvoke
KarafMBeanServerGuard.canInvoke,getMBeanInfo
KarafMBeanServerGuard.canInvoke,getOperations
KarafMBeanServerGuard.canInvoke,getSignature
KarafMBeanServerGuard.canInvoke,add
KarafMBeanServerGuard.canInvoke,getType
KarafMBeanServerGuard.canInvoke,getName
KarafMBeanServerGuard.canInvoke,toArray
KarafMBeanServerGuard.canInvoke,getAttributes
KarafMBeanServerGuard.canInvoke,isReadable
KarafMBeanServerGuard.canInvoke,isIs
KarafMBeanServerGuard.canInvoke,isWritable
KarafMBeanServerGuard.canInvoke,trim
KarafMBeanServerGuard.canInvoke,equals
KarafMBeanServerGuard.canInvoke,newContext
KarafMBeanServerGuard.canInvoke,canBypassRBAC
KarafMBeanServerGuard.canInvoke,getRequiredRoles
KarafMBeanServerGuard.canInvoke,currentUserHasRole
KarafMBeanServerGuard.canInvoke,getPrincipals
KarafMBeanServerGuard.handleGetAttribute,getMBeanInfo
KarafMBeanServerGuard.handleGetAttribute,getAttributes
KarafMBeanServerGuard.handleGetAttribute,getName
KarafMBeanServerGuard.handleGetAttribute,equals
KarafMBeanServerGuard.handleGetAttribute,isIs
KarafMBeanServerGuard.handleGetAttribute,debug
KarafMBeanServerGuard.handleGetAttribute,toString
KarafMBeanServerGuard.handleGetAttribute,handleInvoke
KarafMBeanServerGuard.handleGetAttributes,handleGetAttribute
KarafMBeanServerGuard.handleSetAttribute,getMBeanInfo
KarafMBeanServerGuard.handleSetAttribute,getAttributes
KarafMBeanServerGuard.handleSetAttribute,getName
KarafMBeanServerGuard.handleSetAttribute,equals
KarafMBeanServerGuard.handleSetAttribute,getType
KarafMBeanServerGuard.handleSetAttribute,handleInvoke
KarafMBeanServerGuard.handleSetAttribute,getValue
KarafMBeanServerGuard.handleSetAttributes,asList
KarafMBeanServerGuard.handleSetAttributes,handleSetAttribute
KarafMBeanServerGuard.canBypassRBAC,getWhitelistProperties
KarafMBeanServerGuard.canBypassRBAC,keys
KarafMBeanServerGuard.canBypassRBAC,hasMoreElements
KarafMBeanServerGuard.canBypassRBAC,nextElement
KarafMBeanServerGuard.canBypassRBAC,add
KarafMBeanServerGuard.canBypassRBAC,iterateDownPids
KarafMBeanServerGuard.canBypassRBAC,getNameSegments
KarafMBeanServerGuard.canBypassRBAC,equals
KarafMBeanServerGuard.canBypassRBAC,split
KarafMBeanServerGuard.canBypassRBAC,substring
KarafMBeanServerGuard.canBypassRBAC,length
KarafMBeanServerGuard.handleInvoke,handleInvoke
KarafMBeanServerGuard.handleInvoke,isInstanceOf
KarafMBeanServerGuard.handleInvoke,equals
KarafMBeanServerGuard.handleInvoke,log
KarafMBeanServerGuard.handleInvoke,newContext
KarafMBeanServerGuard.handleInvoke,canBypassRBAC
KarafMBeanServerGuard.handleInvoke,getRequiredRoles
KarafMBeanServerGuard.handleInvoke,currentUserHasRole
KarafMBeanServerGuard.handleInvoke,valueOf
KarafMBeanServerGuard.handleInvoke,getProperty
KarafMBeanServerGuard.handleInvoke,printDetailedMessage
KarafMBeanServerGuard.printDetailedMessage,getRequiredRoles
KarafMBeanServerGuard.printDetailedMessage,length
KarafMBeanServerGuard.printDetailedMessage,append
KarafMBeanServerGuard.printDetailedMessage,getPrincipals
KarafMBeanServerGuard.printDetailedMessage,getClass
KarafMBeanServerGuard.printDetailedMessage,getName
KarafMBeanServerGuard.printDetailedMessage,endsWith
KarafMBeanServerGuard.printDetailedMessage,iterateDownPids
KarafMBeanServerGuard.printDetailedMessage,getNameSegments
KarafMBeanServerGuard.printDetailedMessage,getGeneralPid
KarafMBeanServerGuard.printDetailedMessage,getAllPids
KarafMBeanServerGuard.printDetailedMessage,getConfiguration
KarafMBeanServerGuard.printDetailedMessage,getRolesForInvocation
KarafMBeanServerGuard.printDetailedMessage,get
KarafMBeanServerGuard.printDetailedMessage,debug
KarafMBeanServerGuard.getRequiredRoles,getRequiredRoles
KarafMBeanServerGuard.getRequiredRoles,newContext
KarafMBeanServerGuard.getRequiredRoles,iterateDownPids
KarafMBeanServerGuard.getRequiredRoles,getNameSegments
KarafMBeanServerGuard.getRequiredRoles,getGeneralPid
KarafMBeanServerGuard.getRequiredRoles,getAllPids
KarafMBeanServerGuard.getRequiredRoles,length
KarafMBeanServerGuard.getRequiredRoles,getConfiguration
KarafMBeanServerGuard.getRequiredRoles,getRolesForInvocation
KarafMBeanServerGuard.getRequiredRoles,emptyList
KarafMBeanServerGuard.getGeneralPid,split
KarafMBeanServerGuard.getGeneralPid,quote
KarafMBeanServerGuard.getGeneralPid,equals
KarafMBeanServerGuard.getGeneralPid,add
KarafMBeanServerGuard.getGeneralPid,iterator
KarafMBeanServerGuard.getGeneralPid,hasNext
KarafMBeanServerGuard.getGeneralPid,next
KarafMBeanServerGuard.getGeneralPid,length
KarafMBeanServerGuard.getGeneralPid,append
KarafMBeanServerGuard.getGeneralPid,toString
KarafMBeanServerGuard.getNameSegments,add
KarafMBeanServerGuard.getNameSegments,getDomain
KarafMBeanServerGuard.getNameSegments,getKeyPropertyListString
KarafMBeanServerGuard.getNameSegments,split
KarafMBeanServerGuard.getNameSegments,indexOf
KarafMBeanServerGuard.getNameSegments,getKeyProperty
KarafMBeanServerGuard.getNameSegments,substring
KarafMBeanServerGuard.getNameSegments,equals
KarafMBeanServerGuard.iterateDownPids,size
KarafMBeanServerGuard.iterateDownPids,append
KarafMBeanServerGuard.iterateDownPids,get
KarafMBeanServerGuard.iterateDownPids,add
KarafMBeanServerGuard.iterateDownPids,toString
KarafMBeanServerGuard.compare,equals
KarafMBeanServerGuard.compare,compareTo
WildcardPidComparator.compare,equals
WildcardPidComparator.compare,compareTo
MBeanInvocationHandler.invoke,contains
MBeanInvocationHandler.invoke,getName
MBeanInvocationHandler.invoke,invoke
MBeanInvocationHandler.invoke,equals
MBeanInvocationHandler.invoke,getParameterTypes
MBeanInvocationHandler.invoke,isProxyClass
MBeanInvocationHandler.invoke,getClass
MBeanInvocationHandler.invoke,getInvocationHandler
MBeanInvocationHandler.invoke,doPrivilegedWithCombiner
MBeanInvocationHandler.invoke,getCause
MBeanInvocationHandler.run,invoke
EventAdminLoggerImpl.close,close
EventAdminLoggerImpl.log,getService
EventAdminLoggerImpl.log,put
EventAdminLoggerImpl.log,toUpperCase
EventAdminLoggerImpl.log,postEvent
BulkRequestContext.newContext,getContext
BulkRequestContext.newContext,getSubject
BulkRequestContext.newContext,addAll
BulkRequestContext.newContext,getPrincipals
BulkRequestContext.newContext,listConfigurations
BulkRequestContext.newContext,add
BulkRequestContext.newContext,getPid
BulkRequestContext.newContext,getProperties
BulkRequestContext.getConfiguration,containsKey
BulkRequestContext.getConfiguration,put
BulkRequestContext.getConfiguration,getConfiguration
BulkRequestContext.getConfiguration,getProperties
BulkRequestContext.getConfiguration,get
JMXSecurityMBeanImpl.canInvoke,canInvoke
JMXSecurityMBeanImpl.canInvoke,newContext
JMXSecurityMBeanImpl.canInvoke,getConfigAdmin
JMXSecurityMBeanImpl.canInvoke,entrySet
JMXSecurityMBeanImpl.canInvoke,getKey
JMXSecurityMBeanImpl.canInvoke,getValue
JMXSecurityMBeanImpl.canInvoke,size
JMXSecurityMBeanImpl.canInvoke,put
JMXSecurityMBeanImpl.canInvoke,parseMethodName
JMXSecurityMBeanImpl.canInvoke,equals
JMXSecurityMBeanImpl.canInvoke,toArray
JMXSecurityMBeanImpl.canInvoke,warn
JMXSecurityMBeanImpl.parseMethodName,trim
JMXSecurityMBeanImpl.parseMethodName,indexOf
JMXSecurityMBeanImpl.parseMethodName,substring
JMXSecurityMBeanImpl.parseMethodName,length
JMXSecurityMBeanImpl.parseMethodName,addAll
JMXSecurityMBeanImpl.parseMethodName,asList
JMXSecurityMBeanImpl.parseMethodName,split
EventAdminMBeanServerWrapper.log,log
EventAdminMBeanServerWrapper.createMBean,createMBean
EventAdminMBeanServerWrapper.createMBean,log
EventAdminMBeanServerWrapper.registerMBean,registerMBean
EventAdminMBeanServerWrapper.registerMBean,log
EventAdminMBeanServerWrapper.unregisterMBean,unregisterMBean
EventAdminMBeanServerWrapper.unregisterMBean,log
EventAdminMBeanServerWrapper.getObjectInstance,getObjectInstance
EventAdminMBeanServerWrapper.getObjectInstance,log
EventAdminMBeanServerWrapper.queryMBeans,queryMBeans
EventAdminMBeanServerWrapper.queryMBeans,log
EventAdminMBeanServerWrapper.queryNames,queryNames
EventAdminMBeanServerWrapper.queryNames,log
EventAdminMBeanServerWrapper.isRegistered,isRegistered
EventAdminMBeanServerWrapper.isRegistered,log
EventAdminMBeanServerWrapper.getMBeanCount,getMBeanCount
EventAdminMBeanServerWrapper.getMBeanCount,log
EventAdminMBeanServerWrapper.getAttribute,getAttribute
EventAdminMBeanServerWrapper.getAttribute,log
EventAdminMBeanServerWrapper.getAttributes,getAttributes
EventAdminMBeanServerWrapper.getAttributes,log
EventAdminMBeanServerWrapper.setAttribute,setAttribute
EventAdminMBeanServerWrapper.setAttribute,log
EventAdminMBeanServerWrapper.setAttributes,setAttributes
EventAdminMBeanServerWrapper.setAttributes,log
EventAdminMBeanServerWrapper.invoke,invoke
EventAdminMBeanServerWrapper.invoke,log
EventAdminMBeanServerWrapper.getDefaultDomain,getDefaultDomain
EventAdminMBeanServerWrapper.getDefaultDomain,log
EventAdminMBeanServerWrapper.getDomains,getDomains
EventAdminMBeanServerWrapper.getDomains,log
EventAdminMBeanServerWrapper.addNotificationListener,addNotificationListener
EventAdminMBeanServerWrapper.addNotificationListener,log
EventAdminMBeanServerWrapper.removeNotificationListener,removeNotificationListener
EventAdminMBeanServerWrapper.removeNotificationListener,log
EventAdminMBeanServerWrapper.getMBeanInfo,getMBeanInfo
EventAdminMBeanServerWrapper.getMBeanInfo,log
EventAdminMBeanServerWrapper.isInstanceOf,isInstanceOf
EventAdminMBeanServerWrapper.isInstanceOf,log
EventAdminMBeanServerWrapper.instantiate,instantiate
EventAdminMBeanServerWrapper.instantiate,log
EventAdminMBeanServerWrapper.deserialize,deserialize
EventAdminMBeanServerWrapper.deserialize,log
EventAdminMBeanServerWrapper.getClassLoaderFor,getClassLoaderFor
EventAdminMBeanServerWrapper.getClassLoaderFor,log
EventAdminMBeanServerWrapper.getClassLoader,getClassLoader
EventAdminMBeanServerWrapper.getClassLoader,log
EventAdminMBeanServerWrapper.getClassLoaderRepository,getClassLoaderRepository
EventAdminMBeanServerWrapper.getClassLoaderRepository,log
QuartzSchedulerStorage.get,get
QuartzSchedulerStorage.put,put
QuartzSchedulerStorage.contains,containsKey
QuartzSchedulerStorage.release,remove
InternalScheduleOptions.formatDate,getInstance
InternalScheduleOptions.formatDate,setTime
InternalScheduleOptions.formatDate,printDateTime
InternalScheduleOptions.compile,newTrigger
InternalScheduleOptions.compile,startAt
InternalScheduleOptions.compile,formatDate
InternalScheduleOptions.compile,simpleSchedule
InternalScheduleOptions.compile,repeatForever
InternalScheduleOptions.compile,withRepeatCount
InternalScheduleOptions.compile,withSchedule
InternalScheduleOptions.compile,withIntervalInMilliseconds
InternalScheduleOptions.compile,isValidExpression
InternalScheduleOptions.compile,cronSchedule
WhiteboardHandler.removedService,ungetService
WhiteboardHandler.removedService,unregister
WhiteboardHandler.modifiedService,unregister
WhiteboardHandler.modifiedService,register
WhiteboardHandler.addingService,getService
WhiteboardHandler.addingService,register
WhiteboardHandler.deactivate,close
WhiteboardHandler.getServiceIdentifier,getProperty
WhiteboardHandler.register,getServiceIdentifier
WhiteboardHandler.register,getProperty
WhiteboardHandler.register,valueOf
WhiteboardHandler.register,schedule
WhiteboardHandler.register,EXPR
WhiteboardHandler.register,name
WhiteboardHandler.register,canRunConcurrently
WhiteboardHandler.register,toString
WhiteboardHandler.register,debug
WhiteboardHandler.register,setTime
WhiteboardHandler.register,currentTimeMillis
WhiteboardHandler.register,AT
WhiteboardHandler.register,warn
WhiteboardHandler.unregister,getServiceIdentifier
WhiteboardHandler.unregister,unschedule
QuartzJobExecutor.execute,getScheduler
QuartzJobExecutor.execute,getJobDetail
QuartzJobExecutor.execute,getJobDataMap
QuartzJobExecutor.execute,getKey
QuartzJobExecutor.execute,toString
QuartzJobExecutor.execute,getStorage
QuartzJobExecutor.execute,get
QuartzJobExecutor.execute,getJobInstance
QuartzJobExecutor.execute,debug
QuartzJobExecutor.execute,error
QuartzJobExecutor.execute,getMessage
QuartzScheduler.deactivate,dispose
QuartzScheduler.dispose,shutdown
QuartzScheduler.dispose,debug
QuartzScheduler.dispose,isDebugEnabled
QuartzScheduler.initDataMap,put
QuartzScheduler.createJobDetail,newJob
QuartzScheduler.createJobDetail,withIdentity
QuartzScheduler.createJobDetail,usingJobData
QuartzScheduler.createJobDetail,build
QuartzScheduler.checkJob,getName
QuartzScheduler.NOW,AT
QuartzScheduler.schedule,checkJob
QuartzScheduler.schedule,jobKey
QuartzScheduler.schedule,getJobDetail
QuartzScheduler.schedule,deleteJob
QuartzScheduler.schedule,debug
QuartzScheduler.schedule,getClass
QuartzScheduler.schedule,getName
QuartzScheduler.schedule,randomUUID
QuartzScheduler.schedule,compile
QuartzScheduler.schedule,withIdentity
QuartzScheduler.schedule,build
QuartzScheduler.schedule,initDataMap
QuartzScheduler.schedule,createJobDetail
QuartzScheduler.schedule,scheduleJob
QuartzScheduler.reschedule,jobKey
QuartzScheduler.reschedule,getJobDetail
QuartzScheduler.reschedule,toString
QuartzScheduler.reschedule,get
QuartzScheduler.reschedule,deleteJob
QuartzScheduler.reschedule,compile
QuartzScheduler.reschedule,withIdentity
QuartzScheduler.reschedule,build
QuartzScheduler.reschedule,initDataMap
QuartzScheduler.reschedule,createJobDetail
QuartzScheduler.reschedule,debug
QuartzScheduler.reschedule,scheduleJob
QuartzScheduler.unschedule,jobKey
QuartzScheduler.unschedule,getJobDetail
QuartzScheduler.unschedule,deleteJob
QuartzScheduler.unschedule,debug
QuartzScheduler.getJobs,getJobGroupNames
QuartzScheduler.getJobs,getJobKeys
QuartzScheduler.getJobs,jobGroupEquals
QuartzScheduler.getJobs,getJobDetail
QuartzScheduler.getJobs,getJobDataMap
QuartzScheduler.getJobs,get
QuartzScheduler.getJobs,put
QuartzScheduler.getJobs,getName
QuartzScheduler.trigger,jobKey
QuartzScheduler.trigger,getJobDetail
QuartzScheduler.trigger,triggerJob
QuartzScheduler.trigger,getJobDataMap
KarafStdScheduler.scheduleJob,getJobDataMap
KarafStdScheduler.scheduleJob,get
KarafStdScheduler.scheduleJob,put
KarafStdScheduler.scheduleJob,getKey
KarafStdScheduler.scheduleJob,toString
KarafStdScheduler.scheduleJob,remove
KarafStdScheduler.deleteJob,toString
KarafStdScheduler.deleteJob,release
KarafStdScheduler.deleteJobs,add
KarafStdScheduler.deleteJobs,toString
KarafStdScheduler.deleteJobs,release
KarafStdScheduler.unscheduleJob,getTrigger
KarafStdScheduler.unscheduleJob,getJobKey
KarafStdScheduler.unscheduleJob,toString
KarafStdScheduler.unscheduleJob,release
KarafStdScheduler.unscheduleJobs,getTrigger
KarafStdScheduler.unscheduleJobs,getJobKey
KarafStdScheduler.unscheduleJobs,toString
KarafStdScheduler.unscheduleJobs,add
KarafStdScheduler.unscheduleJobs,release
SchedulerMBeanImpl.getJobs,getJobs
SchedulerMBeanImpl.getJobs,entrySet
SchedulerMBeanImpl.getJobs,getKey
SchedulerMBeanImpl.getJobs,getValue
SchedulerMBeanImpl.getJobs,schedule
SchedulerMBeanImpl.getJobs,put
SchedulerMBeanImpl.getJobs,toString
SchedulerMBeanImpl.trigger,schedule
SchedulerMBeanImpl.trigger,NOW
SchedulerMBeanImpl.trigger,trigger
SchedulerMBeanImpl.trigger,toString
SchedulerMBeanImpl.unschedule,unschedule
SchedulerMBeanImpl.unschedule,toString
List.execute,column
List.execute,getJobs
List.execute,entrySet
List.execute,addRow
List.execute,addContent
List.execute,getKey
List.execute,getValue
List.execute,schedule
List.execute,print
ScheduleScript.execute,EXPR
ScheduleScript.execute,parseDateTime
ScheduleScript.execute,getTime
ScheduleScript.execute,AT
ScheduleScript.execute,name
ScheduleScript.execute,canRunConcurrently
ScheduleScript.execute,schedule
ScheduleCommand.execute,EXPR
ScheduleCommand.execute,parseDateTime
ScheduleCommand.execute,getTime
ScheduleCommand.execute,AT
ScheduleCommand.execute,canRunConcurrently
ScheduleCommand.execute,name
ScheduleCommand.execute,schedule
Trigger.execute,println
Trigger.execute,schedule
Trigger.execute,NOW
Trigger.execute,trigger
Unschedule.execute,unschedule
Reschedule.execute,EXPR
Reschedule.execute,parseDateTime
Reschedule.execute,getTime
Reschedule.execute,AT
Reschedule.execute,name
Reschedule.execute,canRunConcurrently
Reschedule.execute,reschedule
JobNameCompleter.complete,getJobs
JobNameCompleter.complete,entrySet
JobNameCompleter.complete,getKey
JobNameCompleter.complete,getStrings
JobNameCompleter.complete,add
JobNameCompleter.complete,complete
TriggerJob.run,trigger
TriggerJob.run,warn
TriggerJob.run,error
ScriptJob.execute,create
ScriptJob.execute,getConsole
ScriptJob.execute,execute
ScriptJob.execute,singletonList
ScriptJob.execute,warn
CommandJob.execute,execute
CommandJob.execute,warn
BundleSelectorImpl.selectBundles,isEmpty
BundleSelectorImpl.selectBundles,addMatchingBundles
BundleSelectorImpl.selectBundles,addAll
BundleSelectorImpl.selectBundles,getBundles
BundleSelectorImpl.addMatchingBundles,compile
BundleSelectorImpl.addMatchingBundles,matcher
BundleSelectorImpl.addMatchingBundles,matches
BundleSelectorImpl.addMatchingBundles,getBundleById
BundleSelectorImpl.addMatchingBundles,addBundle
BundleSelectorImpl.addMatchingBundles,indexOf
BundleSelectorImpl.addMatchingBundles,parseLong
BundleSelectorImpl.addMatchingBundles,substring
BundleSelectorImpl.addMatchingBundles,getBundle
BundleSelectorImpl.addMatchingBundles,valueOf
BundleSelectorImpl.addMatchingBundles,getBundleByNameAndVersion
BundleSelectorImpl.addMatchingBundles,getBundleByName
BundleSelectorImpl.addMatchingBundles,getBundlesByLocation
BundleSelectorImpl.addBundle,println
BundleSelectorImpl.addBundle,add
BundleSelectorImpl.getBundleById,parseLong
BundleSelectorImpl.getBundleById,getBundle
BundleSelectorImpl.getBundleByName,getBundleByNameAndVersion
BundleSelectorImpl.getBundleByNameAndVersion,getBundles
BundleSelectorImpl.getBundleByNameAndVersion,compile
BundleSelectorImpl.getBundleByNameAndVersion,getSymbolicName
BundleSelectorImpl.getBundleByNameAndVersion,matcher
BundleSelectorImpl.getBundleByNameAndVersion,getHeaders
BundleSelectorImpl.getBundleByNameAndVersion,get
BundleSelectorImpl.getBundleByNameAndVersion,matches
BundleSelectorImpl.getBundleByNameAndVersion,add
BundleSelectorImpl.getBundlesByLocation,getBundles
BundleSelectorImpl.getBundlesByLocation,compile
BundleSelectorImpl.getBundlesByLocation,matcher
BundleSelectorImpl.getBundlesByLocation,getLocation
BundleSelectorImpl.getBundlesByLocation,matches
BundleSelectorImpl.getBundlesByLocation,add
MavenConfigService.getLocalRepository,getConfiguration
MavenConfigService.getLocalRepository,getLocalRepoFromConfig
MavenConfigService.getLocalRepository,getProperty
MavenConfigService.getLocalRepository,indexOf
MavenConfigService.getLocalRepository,getAbsoluteFile
MavenConfigService.getLocalRepository,substring
MavenConfigService.getConfiguration,getConfiguration
MavenConfigService.getConfiguration,getProcessedProperties
MavenConfigService.getConfiguration,error
MavenConfigService.getLocalRepoFromConfig,get
MavenConfigService.getLocalRepoFromConfig,getLocalRepositoryFromSettings
MavenConfigService.getLocalRepositoryFromSettings,newFactory
MavenConfigService.getLocalRepositoryFromSettings,setProperty
MavenConfigService.getLocalRepositoryFromSettings,createXMLStreamReader
MavenConfigService.getLocalRepositoryFromSettings,next
MavenConfigService.getLocalRepositoryFromSettings,getLocalName
MavenConfigService.getLocalRepositoryFromSettings,equals
MavenConfigService.getLocalRepositoryFromSettings,getText
MavenConfigService.getLocalRepositoryFromSettings,trim
MavenConfigService.getLocalRepositoryFromSettings,error
MavenConfigService.getLocalRepositoryFromSettings,close
BundleWatcherImpl.bundleChanged,getType
BundleWatcherImpl.bundleChanged,incrementAndGet
BundleWatcherImpl.run,debug
BundleWatcherImpl.run,get
BundleWatcherImpl.run,size
BundleWatcherImpl.run,clear
BundleWatcherImpl.run,replaceAll
BundleWatcherImpl.run,selectBundles
BundleWatcherImpl.run,singletonList
BundleWatcherImpl.run,isMavenSnapshotUrl
BundleWatcherImpl.run,getLocation
BundleWatcherImpl.run,add
BundleWatcherImpl.run,getBundle
BundleWatcherImpl.run,adapt
BundleWatcherImpl.run,getLocalRepository
BundleWatcherImpl.run,updateBundleIfNecessary
BundleWatcherImpl.run,error
BundleWatcherImpl.run,isEmpty
BundleWatcherImpl.run,refreshBundles
BundleWatcherImpl.run,countDown
BundleWatcherImpl.run,await
BundleWatcherImpl.run,set
BundleWatcherImpl.run,getHeaders
BundleWatcherImpl.run,info
BundleWatcherImpl.run,getSymbolicName
BundleWatcherImpl.run,start
BundleWatcherImpl.run,warn
BundleWatcherImpl.run,sleep
BundleWatcherImpl.run,isDebugEnabled
BundleWatcherImpl.getLocation,getHeaders
BundleWatcherImpl.getLocation,get
BundleWatcherImpl.getLocation,getLocation
BundleWatcherImpl.isMavenSnapshotUrl,startsWith
BundleWatcherImpl.isMavenSnapshotUrl,contains
BundleWatcherImpl.updateBundleIfNecessary,getBundleExternalLocation
BundleWatcherImpl.updateBundleIfNecessary,exists
BundleWatcherImpl.updateBundleIfNecessary,lastModified
BundleWatcherImpl.updateBundleIfNecessary,getLastModified
BundleWatcherImpl.updateBundleIfNecessary,info
BundleWatcherImpl.updateBundleIfNecessary,getSymbolicName
BundleWatcherImpl.updateBundleIfNecessary,getVersion
BundleWatcherImpl.updateBundleIfNecessary,getHeaders
BundleWatcherImpl.updateBundleIfNecessary,get
BundleWatcherImpl.updateBundleIfNecessary,stop
BundleWatcherImpl.updateBundleIfNecessary,getLocation
BundleWatcherImpl.updateBundleIfNecessary,equals
BundleWatcherImpl.updateBundleIfNecessary,fixBundleWithUpdateLocation
BundleWatcherImpl.updateBundleIfNecessary,update
BundleWatcherImpl.updateBundleIfNecessary,delete
BundleWatcherImpl.updateBundleIfNecessary,add
BundleWatcherImpl.add,get
BundleWatcherImpl.add,size
BundleWatcherImpl.add,contains
BundleWatcherImpl.add,add
BundleWatcherImpl.add,incrementAndGet
BundleWatcherImpl.add,start
BundleWatcherImpl.remove,remove
BundleWatcherImpl.remove,incrementAndGet
BundleWatcherImpl.getBundleExternalLocation,getLocation
BundleWatcherImpl.getBundleExternalLocation,substring
BundleWatcherImpl.getBundleExternalLocation,getPath
BundleWatcherImpl.getBundleExternalLocation,getArtifactPath
BundleWatcherImpl.getBundleExternalLocation,error
BundleWatcherImpl.getBundleExternalLocation,getSymbolicName
BundleWatcherImpl.start,addBundleListener
BundleWatcherImpl.start,compareAndSet
BundleWatcherImpl.start,size
BundleWatcherImpl.start,start
BundleWatcherImpl.stop,set
BundleWatcherImpl.stop,removeBundleListener
BundleWatcherImpl.isRunning,get
BundleWatcherImpl.getBundlesByURL,replaceAll
BundleWatcherImpl.getBundlesByURL,selectBundles
BundleWatcherImpl.getBundlesByURL,singletonList
BundleServiceImpl.registerBundleStateService,add
BundleServiceImpl.unregisterBundleStateService,remove
BundleServiceImpl.selectBundles,selectBundles
BundleServiceImpl.selectBundles,doSelectBundles
BundleServiceImpl.selectBundles,doGetBundleContext
BundleServiceImpl.getBundle,getBundle
BundleServiceImpl.getBundle,doGetBundle
BundleServiceImpl.getBundle,doGetBundleContext
BundleServiceImpl.getInfo,getState
BundleServiceImpl.getDiag,getDiag
BundleServiceImpl.getDiag,append
BundleServiceImpl.getDiag,getName
BundleServiceImpl.getDiag,getState
BundleServiceImpl.getDiag,println
BundleServiceImpl.getDiag,getUnsatisfiedRequirements
BundleServiceImpl.getDiag,toString
BundleServiceImpl.getUnsatisfiedRequirements,adapt
BundleServiceImpl.getUnsatisfiedRequirements,getDeclaredRequirements
BundleServiceImpl.getUnsatisfiedRequirements,canBeSatisfied
BundleServiceImpl.getUnsatisfiedRequirements,add
BundleServiceImpl.getSystemBundleThreshold,getProperty
BundleServiceImpl.getSystemBundleThreshold,valueOf
BundleServiceImpl.doGetBundleContext,trim
BundleServiceImpl.doGetBundleContext,isEmpty
BundleServiceImpl.doGetBundleContext,selectBundles
BundleServiceImpl.doGetBundleContext,singletonList
BundleServiceImpl.doGetBundleContext,size
BundleServiceImpl.doGetBundleContext,get
BundleServiceImpl.doGetBundleContext,getBundleContext
BundleServiceImpl.doGetBundle,doSelectBundles
BundleServiceImpl.doGetBundle,singletonList
BundleServiceImpl.doGetBundle,isEmpty
BundleServiceImpl.doGetBundle,filter
BundleServiceImpl.doGetBundle,size
BundleServiceImpl.doGetBundle,get
BundleServiceImpl.doSelectBundles,filter
BundleServiceImpl.doSelectBundles,selectBundles
BundleServiceImpl.filter,currentUserHasRole
BundleServiceImpl.filter,getSystemBundleThreshold
BundleServiceImpl.filter,adapt
BundleServiceImpl.filter,getStartLevel
BundleServiceImpl.filter,add
BundleServiceImpl.canBeSatisfied,getBundles
BundleServiceImpl.canBeSatisfied,adapt
BundleServiceImpl.canBeSatisfied,getCapabilities
BundleServiceImpl.canBeSatisfied,matches
BundleServiceImpl.enableDynamicImports,format
BundleServiceImpl.enableDynamicImports,getLocation
BundleServiceImpl.enableDynamicImports,explode
BundleServiceImpl.enableDynamicImports,getWiredBundles
BundleServiceImpl.enableDynamicImports,keySet
BundleServiceImpl.enableDynamicImports,debug
BundleServiceImpl.enableDynamicImports,update
BundleServiceImpl.enableDynamicImports,openStream
BundleServiceImpl.enableDynamicImports,getBundle
BundleServiceImpl.enableDynamicImports,adapt
BundleServiceImpl.enableDynamicImports,refreshBundles
BundleServiceImpl.enableDynamicImports,singleton
BundleServiceImpl.enableDynamicImports,getBundleId
BundleServiceImpl.disableDynamicImports,getWiredBundles
BundleServiceImpl.disableDynamicImports,keySet
BundleServiceImpl.disableDynamicImports,getHeaders
BundleServiceImpl.disableDynamicImports,get
BundleServiceImpl.disableDynamicImports,split
BundleServiceImpl.disableDynamicImports,remove
BundleServiceImpl.disableDynamicImports,isEmpty
BundleServiceImpl.disableDynamicImports,debug
BundleServiceImpl.disableDynamicImports,update
BundleServiceImpl.disableDynamicImports,getBundleId
BundleServiceImpl.explode,iterator
BundleServiceImpl.explode,hasNext
BundleServiceImpl.explode,append
BundleServiceImpl.explode,next
BundleServiceImpl.explode,length
BundleServiceImpl.explode,toString
BundleServiceImpl.getWiredBundles,adapt
BundleServiceImpl.getWiredBundles,getRevisions
BundleServiceImpl.getWiredBundles,getWiring
BundleServiceImpl.getWiredBundles,getRequiredWires
BundleServiceImpl.getWiredBundles,getProviderWiring
BundleServiceImpl.getWiredBundles,getBundle
BundleServiceImpl.getWiredBundles,getBundleId
BundleServiceImpl.getWiredBundles,put
BundleServiceImpl.getWiredBundles,getCapability
BundleServiceImpl.getWiredBundles,getAttributes
BundleServiceImpl.getWiredBundles,get
BundleServiceImpl.getWiredBundles,toString
BundleServiceImpl.isDynamicImport,getHeaders
BundleServiceImpl.isDynamicImport,get
BundleServiceImpl.getStatus,getBundle
BundleServiceImpl.getStatus,getState
BundleServiceImpl.getState,getState
BundleInfoImpl.populateFragementInfos,getHeaders
BundleInfoImpl.populateFragementInfos,get
BundleInfoImpl.populateFragementInfos,adapt
BundleInfoImpl.populateFragementInfos,getRevisions
BundleInfoImpl.populateFragementInfos,getWiring
BundleInfoImpl.populateFragementInfos,getFragments
BundleInfoImpl.populateFragementInfos,getFragmentHosts
BundleInfoImpl.populateRevisions,adapt
BundleInfoImpl.populateRevisions,getRevisions
BundleInfoImpl.populateRevisions,append
BundleInfoImpl.populateRevisions,toString
BundleInfoImpl.getFragments,getWiring
BundleInfoImpl.getFragments,getProvidedWires
BundleInfoImpl.getFragments,getRequirerWiring
BundleInfoImpl.getFragments,getBundle
BundleInfoImpl.getFragments,add
BundleInfoImpl.getFragmentHosts,getWiring
BundleInfoImpl.getFragmentHosts,getRequiredWires
BundleInfoImpl.getFragmentHosts,getProviderWiring
BundleInfoImpl.getFragmentHosts,getBundle
BundleInfoImpl.getFragmentHosts,add
BundleInfoImpl.getBundleState,get
BundleInfoImpl.getBundleState,getState
BundlesMBeanImpl.selectBundles,singletonList
BundlesMBeanImpl.selectBundles,selectBundles
BundlesMBeanImpl.getBundles,getBundles
BundlesMBeanImpl.getBundles,getInfo
BundlesMBeanImpl.getBundles,getState
BundlesMBeanImpl.getBundles,toString
BundlesMBeanImpl.getBundles,getBundleId
BundlesMBeanImpl.getBundles,getName
BundlesMBeanImpl.getBundles,getSymbolicName
BundlesMBeanImpl.getBundles,getVersion
BundlesMBeanImpl.getBundles,getStartLevel
BundlesMBeanImpl.getBundles,getUpdateLocation
BundlesMBeanImpl.getBundles,put
BundlesMBeanImpl.getBundles,error
BundlesMBeanImpl.getBundles,getMessage
BundlesMBeanImpl.getStartLevel,selectBundles
BundlesMBeanImpl.getStartLevel,size
BundlesMBeanImpl.getStartLevel,getBundleStartLevel
BundlesMBeanImpl.getStartLevel,getStartLevel
BundlesMBeanImpl.getStartLevel,get
BundlesMBeanImpl.getStartLevel,toString
BundlesMBeanImpl.setStartLevel,selectBundles
BundlesMBeanImpl.setStartLevel,getBundleStartLevel
BundlesMBeanImpl.setStartLevel,setStartLevel
BundlesMBeanImpl.setStartLevel,toString
BundlesMBeanImpl.getBundleStartLevel,adapt
BundlesMBeanImpl.refresh,getFrameworkWiring
BundlesMBeanImpl.refresh,refreshBundles
BundlesMBeanImpl.refresh,selectBundles
BundlesMBeanImpl.refresh,isEmpty
BundlesMBeanImpl.refresh,toString
BundlesMBeanImpl.update,update
BundlesMBeanImpl.update,selectBundles
BundlesMBeanImpl.update,size
BundlesMBeanImpl.update,openStream
BundlesMBeanImpl.update,get
BundlesMBeanImpl.update,getBundle
BundlesMBeanImpl.update,adapt
BundlesMBeanImpl.update,refreshBundles
BundlesMBeanImpl.update,toString
BundlesMBeanImpl.resolve,getFrameworkWiring
BundlesMBeanImpl.resolve,resolveBundles
BundlesMBeanImpl.resolve,selectBundles
BundlesMBeanImpl.resolve,toString
BundlesMBeanImpl.getFrameworkWiring,getBundleContext
BundlesMBeanImpl.getFrameworkWiring,getBundle
BundlesMBeanImpl.getFrameworkWiring,adapt
BundlesMBeanImpl.restart,selectBundles
BundlesMBeanImpl.restart,stop
BundlesMBeanImpl.restart,start
BundlesMBeanImpl.restart,toString
BundlesMBeanImpl.install,install
BundlesMBeanImpl.install,installBundle
BundlesMBeanImpl.install,start
BundlesMBeanImpl.install,getBundleId
BundlesMBeanImpl.install,toString
BundlesMBeanImpl.start,selectBundles
BundlesMBeanImpl.start,start
BundlesMBeanImpl.start,toString
BundlesMBeanImpl.stop,selectBundles
BundlesMBeanImpl.stop,stop
BundlesMBeanImpl.stop,toString
BundlesMBeanImpl.uninstall,selectBundles
BundlesMBeanImpl.uninstall,uninstall
BundlesMBeanImpl.uninstall,toString
BundlesMBeanImpl.getDiag,getBundles
BundlesMBeanImpl.getDiag,getInfo
BundlesMBeanImpl.getDiag,getBundleName
BundlesMBeanImpl.getDiag,getState
BundlesMBeanImpl.getDiag,toString
BundlesMBeanImpl.getDiag,getDiag
BundlesMBeanImpl.getDiag,put
BundlesMBeanImpl.getDiag,getBundle
BundlesMBeanImpl.getStatus,getStatus
BundlesMBeanImpl.getStatus,toString
Status.doExecute,println
Status.doExecute,getState
Status.getState,getState
Stop.executeOnBundle,stop
Update.doExecute,update
Update.doExecute,toURL
Update.doExecute,getHeaders
Update.doExecute,get
Update.doExecute,equals
Update.doExecute,getLocation
Update.doExecute,getBundle
Update.doExecute,adapt
Update.doExecute,refreshBundles
Update.update,openStream
Update.update,update
Update.update,fixBundleWithUpdateLocation
Update.update,toString
Update.update,delete
Id.doExecute,println
Id.doExecute,getBundleId
Restart.doExecute,isEmpty
Restart.doExecute,println
Restart.doExecute,stop
Restart.doExecute,add
Restart.doExecute,getBundleId
Restart.doExecute,getMessage
Restart.doExecute,start
Restart.doExecute,throwIf
Info.executeOnBundle,execute
Info.executeOnBundle,getBundleId
Refresh.doExecute,getBundle
Refresh.doExecute,adapt
Refresh.doExecute,isEmpty
Refresh.doExecute,refreshBundles
FindClass.execute,findResource
FindClass.findResource,getBundles
FindClass.findResource,lastIndexOf
FindClass.findResource,substring
FindClass.findResource,replace
FindClass.findResource,isEmpty
FindClass.findResource,charAt
FindClass.findResource,adapt
FindClass.findResource,listResources
FindClass.findResource,size
FindClass.findResource,getBundleName
FindClass.findResource,println
FindClass.findResource,getBundleId
FindClass.findResource,findEntries
FindClass.findResource,getRequiredWires
FindClass.findResource,getCapability
FindClass.findResource,getResource
FindClass.findResource,getWiring
FindClass.findResource,getBundle
FindClass.findResource,getNamespace
FindClass.findResource,equals
FindClass.findResource,add
List.doExecute,determineBundleLevelThreshold
List.doExecute,getBundle
List.doExecute,adapt
List.doExecute,println
List.doExecute,getStartLevel
List.doExecute,getWidth
List.doExecute,size
List.doExecute,column
List.doExecute,alignRight
List.doExecute,length
List.doExecute,split
List.doExecute,getInfo
List.doExecute,getVersion
List.doExecute,add
List.doExecute,getBundleId
List.doExecute,getStateString
List.doExecute,getState
List.doExecute,getName
List.doExecute,getSymbolicName
List.doExecute,getUpdateLocation
List.doExecute,printFragments
List.doExecute,printHosts
List.doExecute,getRevisions
List.doExecute,addRow
List.doExecute,addContent
List.doExecute,print
List.cut,length
List.cut,split
List.determineBundleLevelThreshold,getSystemBundleThreshold
List.printHosts,getFragmentHosts
List.printHosts,size
List.printHosts,append
List.printHosts,getBundleId
List.printHosts,toString
List.printFragments,getFragments
List.printFragments,size
List.printFragments,append
List.printFragments,getBundleId
List.printFragments,toString
List.getStateString,toString
Watch.execute,println
Watch.execute,setInterval
Watch.execute,stop
Watch.execute,remove
Watch.execute,add
Watch.execute,start
Watch.execute,printf
Watch.execute,getWatchURLs
Watch.execute,getBundlesByURL
Watch.execute,size
Watch.execute,getBundleId
Watch.execute,getHeaders
Watch.execute,get
Headers.executeOnBundle,getBundleName
Headers.executeOnBundle,println
Headers.executeOnBundle,getUnderlineString
Headers.executeOnBundle,getHeaders
Headers.executeOnBundle,keys
Headers.executeOnBundle,hasMoreElements
Headers.executeOnBundle,nextElement
Headers.executeOnBundle,get
Headers.executeOnBundle,getValueString
Headers.executeOnBundle,generateFormattedOutput
Headers.generateFormattedOutput,getHeaders
Headers.generateFormattedOutput,keys
Headers.generateFormattedOutput,hasMoreElements
Headers.generateFormattedOutput,nextElement
Headers.generateFormattedOutput,get
Headers.generateFormattedOutput,startsWith
Headers.generateFormattedOutput,put
Headers.generateFormattedOutput,endsWith
Headers.generateFormattedOutput,entrySet
Headers.generateFormattedOutput,iterator
Headers.generateFormattedOutput,hasNext
Headers.generateFormattedOutput,next
Headers.generateFormattedOutput,append
Headers.generateFormattedOutput,format
Headers.generateFormattedOutput,getKey
Headers.generateFormattedOutput,getValueString
Headers.generateFormattedOutput,getValue
Headers.generateFormattedOutput,size
Headers.generateFormattedOutput,formatHeader
Headers.generateFormattedOutput,checkBundle
Headers.generateFormattedOutput,getName
Headers.generateFormattedOutput,getAttribute
Headers.generateFormattedOutput,checkPackage
Headers.generateFormattedOutput,equals
Headers.generateFormattedOutput,getDirective
Headers.generateFormattedOutput,toString
Headers.pre,checkBundle
Headers.pre,getName
Headers.pre,getAttribute
Headers.pre,append
Headers.pre,checkPackage
Headers.pre,equals
Headers.pre,getDirective
Headers.post,append
Headers.formatHeader,parseHeader
Headers.formatHeader,formatClauses
Headers.formatClauses,append
Headers.formatClauses,formatClause
Headers.formatClause,append
Headers.formatClause,pre
Headers.formatClause,formatClause
Headers.formatClause,post
Headers.formatClause,toString
Headers.formatClause,length
Headers.formatClause,getTermWidth
Headers.formatClause,getName
Headers.formatClause,getDirectives
Headers.formatClause,getAttributes
Headers.formatClause,sort
Headers.formatClause,comparing
Headers.formatClause,equalsIgnoreCase
Headers.formatClause,getValue
Headers.formatClause,contains
Headers.formatClause,replace
Headers.getTermWidth,getWidth
Headers.checkBundle,parseVersionRange
Headers.checkBundle,getBundles
Headers.checkBundle,getSymbolicName
Headers.checkBundle,equals
Headers.checkBundle,contains
Headers.checkBundle,getVersion
Headers.checkPackage,parseVersionRange
Headers.checkPackage,getBundles
Headers.checkPackage,adapt
Headers.checkPackage,getCapabilities
Headers.checkPackage,getAttribute
Headers.checkPackage,equals
Headers.checkPackage,contains
Headers.checkPackage,getVersion
Headers.getAttribute,getAttributes
Headers.getAttribute,get
Headers.getAttribute,toString
Start.executeOnBundle,start
LoadTest.execute,confirm
LoadTest.execute,getBundle
LoadTest.execute,getBundleContext
LoadTest.execute,adapt
LoadTest.execute,getBundles
LoadTest.execute,contains
LoadTest.execute,toString
LoadTest.execute,getBundleId
LoadTest.execute,getSymbolicName
LoadTest.execute,getState
LoadTest.execute,set
LoadTest.execute,start
LoadTest.execute,nextInt
LoadTest.execute,compareAndSet
LoadTest.execute,update
LoadTest.execute,refreshBundles
LoadTest.execute,singletonList
LoadTest.execute,countDown
LoadTest.execute,await
LoadTest.execute,sleep
LoadTest.execute,stop
LoadTest.execute,getMessage
LoadTest.execute,equals
LoadTest.execute,matches
LoadTest.execute,printStackTrace
LoadTest.execute,println
LoadTest.execute,info
LoadTest.execute,currentTimeMillis
LoadTest.execute,join
LoadTest.confirm,readLine
LoadTest.confirm,equalsIgnoreCase
BundlesCommand.execute,selectBundles
BundlesCommand.execute,doExecute
BundlesCommand.doExecute,isEmpty
BundlesCommand.doExecute,executeOnBundle
BundlesCommand.doExecute,add
BundlesCommand.doExecute,getBundleId
BundlesCommand.doExecute,getMessage
BundlesCommand.doExecute,throwIf
Diag.executeOnBundle,getInfo
Diag.executeOnBundle,getState
Diag.executeOnBundle,getBundleName
Diag.executeOnBundle,println
Diag.executeOnBundle,getUnderlineString
Diag.executeOnBundle,toString
Diag.executeOnBundle,getDiag
ShowBundleTree.doExecute,currentTimeMillis
ShowBundleTree.doExecute,printHeader
ShowBundleTree.doExecute,createTree
ShowBundleTree.doExecute,printTree
ShowBundleTree.doExecute,printDuplicatePackages
ShowBundleTree.doExecute,debug
ShowBundleTree.doExecute,format
ShowBundleTree.getState,getState
ShowBundleTree.printHeader,printf
ShowBundleTree.printHeader,getSymbolicName
ShowBundleTree.printHeader,getBundleId
ShowBundleTree.printHeader,getState
ShowBundleTree.printTree,printf
ShowBundleTree.printTree,write
ShowBundleTree.printTree,format
ShowBundleTree.printTree,getValue
ShowBundleTree.printTree,getSymbolicName
ShowBundleTree.printTree,getVersion
ShowBundleTree.printTree,toString
ShowBundleTree.printTree,getBundleId
ShowBundleTree.printDuplicatePackages,flatten
ShowBundleTree.printDuplicatePackages,adapt
ShowBundleTree.printDuplicatePackages,getRevisions
ShowBundleTree.printDuplicatePackages,getWiring
ShowBundleTree.printDuplicatePackages,getProvidedWires
ShowBundleTree.printDuplicatePackages,getCapability
ShowBundleTree.printDuplicatePackages,getAttributes
ShowBundleTree.printDuplicatePackages,get
ShowBundleTree.printDuplicatePackages,toString
ShowBundleTree.printDuplicatePackages,computeIfAbsent
ShowBundleTree.printDuplicatePackages,add
ShowBundleTree.printDuplicatePackages,entrySet
ShowBundleTree.printDuplicatePackages,getValue
ShowBundleTree.printDuplicatePackages,size
ShowBundleTree.printDuplicatePackages,printf
ShowBundleTree.printDuplicatePackages,getKey
ShowBundleTree.createTree,getState
ShowBundleTree.createTree,createNode
ShowBundleTree.createTree,createNodesForImports
ShowBundleTree.createTree,print
ShowBundleTree.createNodesForImports,parseHeader
ShowBundleTree.createNodesForImports,getHeaders
ShowBundleTree.createNodesForImports,get
ShowBundleTree.createNodesForImports,getName
ShowBundleTree.createNodesForImports,equals
ShowBundleTree.createNodesForImports,createNodeForImport
ShowBundleTree.createNodeForImport,parseVersionRange
ShowBundleTree.createNodeForImport,getAttribute
ShowBundleTree.createNodeForImport,getBundles
ShowBundleTree.createNodeForImport,adapt
ShowBundleTree.createNodeForImport,getCapabilities
ShowBundleTree.createNodeForImport,getName
ShowBundleTree.createNodeForImport,equals
ShowBundleTree.createNodeForImport,contains
ShowBundleTree.createNodeForImport,getVersion
ShowBundleTree.createNodeForImport,flatten
ShowBundleTree.createNodeForImport,printf
ShowBundleTree.createNodeForImport,hasChild
ShowBundleTree.createNodeForImport,addChild
ShowBundleTree.createNodeForImport,createNode
ShowBundleTree.getAttribute,getAttributes
ShowBundleTree.getAttribute,get
ShowBundleTree.getAttribute,toString
ShowBundleTree.createNode,getValue
ShowBundleTree.createNode,getWiredBundles
ShowBundleTree.createNode,values
ShowBundleTree.createNode,hasAncestor
ShowBundleTree.createNode,debug
ShowBundleTree.createNode,format
ShowBundleTree.createNode,flatten
ShowBundleTree.createNode,contains
ShowBundleTree.createNode,addChild
ShowBundleTree.createNode,createNode
Uninstall.executeOnBundle,uninstall
Classes.executeOnBundle,adapt
Classes.executeOnBundle,getExports
Classes.executeOnBundle,listResources
Classes.executeOnBundle,contains
Classes.executeOnBundle,append
Classes.executeOnBundle,size
Classes.executeOnBundle,getBundleId
Classes.executeOnBundle,isExported
Classes.executeOnBundle,println
Classes.executeOnBundle,toString
Classes.isExported,lastIndexOf
Classes.isExported,substring
Classes.isExported,replaceAll
Classes.isExported,contains
Classes.getExports,adapt
Classes.getExports,getDeclaredCapabilities
Classes.getExports,getAttributes
Classes.getExports,get
Classes.getExports,add
Capabilities.doExecute,compile
Capabilities.doExecute,replaceAll
Capabilities.doExecute,println
Capabilities.doExecute,adapt
Capabilities.doExecute,getUnderlineString
Capabilities.doExecute,printMatchingCapabilities
Capabilities.doExecute,matchNamespace
Capabilities.doExecute,printServiceCapabilities
Capabilities.doExecute,getBundleId
Capabilities.printMatchingCapabilities,getProvidedWires
Capabilities.printMatchingCapabilities,aggregateCapabilities
Capabilities.printMatchingCapabilities,getCapabilities
Capabilities.printMatchingCapabilities,matchNamespace
Capabilities.printMatchingCapabilities,getNamespace
Capabilities.printMatchingCapabilities,get
Capabilities.printMatchingCapabilities,getAttributes
Capabilities.printMatchingCapabilities,getVersionFromCapability
Capabilities.printMatchingCapabilities,toString
Capabilities.printMatchingCapabilities,println
Capabilities.printMatchingCapabilities,getRequirerWiring
Capabilities.printMatchingCapabilities,getBundle
Capabilities.aggregateCapabilities,matchNamespace
Capabilities.aggregateCapabilities,getCapability
Capabilities.aggregateCapabilities,getNamespace
Capabilities.aggregateCapabilities,computeIfAbsent
Capabilities.aggregateCapabilities,add
Capabilities.printServiceCapabilities,getRegisteredServices
Capabilities.printServiceCapabilities,println
Capabilities.printServiceCapabilities,getValueString
Capabilities.printServiceCapabilities,getProperty
Capabilities.printServiceCapabilities,getPropertyKeys
Capabilities.printServiceCapabilities,equalsIgnoreCase
Capabilities.printServiceCapabilities,getUsingBundles
Capabilities.printServiceCapabilities,toString
Capabilities.getVersionFromCapability,getAttributes
Capabilities.getVersionFromCapability,get
Capabilities.getVersionFromCapability,toString
Capabilities.matchNamespace,matcher
Capabilities.matchNamespace,matches
Services.executeOnBundle,getServicesInUse
Services.executeOnBundle,getRegisteredServices
Services.executeOnBundle,printServices
Services.printServices,getProperty
Services.printServices,isCommandOrCompleter
Services.printServices,println
Services.printServices,getBundleName
Services.printServices,getUnderlineString
Services.printServices,printProperties
Services.printServices,getValueString
Services.isCommandOrCompleter,contains
Services.printProperties,getPropertyKeys
Services.printProperties,println
Services.printProperties,getValueString
Services.printProperties,getProperty
BundleCommand.execute,getBundle
BundleCommand.execute,doExecute
DynamicImport.doExecute,isDynamicImport
DynamicImport.doExecute,printf
DynamicImport.doExecute,disableDynamicImports
DynamicImport.doExecute,enableDynamicImports
StartLevel.doExecute,adapt
StartLevel.doExecute,println
StartLevel.doExecute,getStartLevel
StartLevel.doExecute,getSystemBundleThreshold
StartLevel.doExecute,currentUserHasRole
StartLevel.doExecute,setStartLevel
Requirements.doExecute,compile
Requirements.doExecute,replaceAll
Requirements.doExecute,println
Requirements.doExecute,adapt
Requirements.doExecute,getUnderlineString
Requirements.doExecute,printMatchingRequirements
Requirements.doExecute,matchNamespace
Requirements.doExecute,printServiceRequirements
Requirements.doExecute,getBundleId
Requirements.printMatchingRequirements,getRequiredWires
Requirements.printMatchingRequirements,aggregateRequirements
Requirements.printMatchingRequirements,getRequirements
Requirements.printMatchingRequirements,matchNamespace
Requirements.printMatchingRequirements,getNamespace
Requirements.printMatchingRequirements,get
Requirements.printMatchingRequirements,println
Requirements.printMatchingRequirements,getDirectives
Requirements.printMatchingRequirements,getCapability
Requirements.printMatchingRequirements,getAttributes
Requirements.printMatchingRequirements,getVersionFromCapability
Requirements.printMatchingRequirements,toString
Requirements.printMatchingRequirements,getProviderWiring
Requirements.printMatchingRequirements,getBundle
Requirements.aggregateRequirements,matchNamespace
Requirements.aggregateRequirements,getRequirement
Requirements.aggregateRequirements,getNamespace
Requirements.aggregateRequirements,computeIfAbsent
Requirements.aggregateRequirements,add
Requirements.printServiceRequirements,getServicesInUse
Requirements.printServiceRequirements,println
Requirements.printServiceRequirements,getValueString
Requirements.printServiceRequirements,getProperty
Requirements.printServiceRequirements,getBundle
Requirements.printServiceRequirements,toString
Requirements.getVersionFromCapability,getAttributes
Requirements.getVersionFromCapability,get
Requirements.getVersionFromCapability,toString
Requirements.matchNamespace,matcher
Requirements.matchNamespace,matches
Resolve.doExecute,getBundle
Resolve.doExecute,adapt
Resolve.doExecute,resolveBundles
Resolve.doExecute,isEmpty
Tree.write,write
Tree.write,getValue
Tree.write,toString
Tree.write,printf
Tree.write,getChildren
Tree.write,flush
Node.addChild,add
Node.flatten,add
Node.flatten,getValue
Node.flatten,getChildren
Node.flatten,addAll
Node.flatten,flatten
Node.hasAncestor,equals
Node.hasAncestor,hasAncestor
Node.hasChild,getChildren
Node.hasChild,equals
Node.hasChild,getValue
Node.write,printf
Node.write,toString
Node.write,getChildren
Node.write,write
Node.write,concat
Node.write,hasNextSibling
Node.hasNextSibling,getChildren
Node.hasNextSibling,size
Node.hasNextSibling,indexOf
Node.concat,arraycopy
BundleSymbolicNameCompleter.complete,getBundles
BundleSymbolicNameCompleter.complete,getStrings
BundleSymbolicNameCompleter.complete,add
BundleSymbolicNameCompleter.complete,getSymbolicName
BundleSymbolicNameCompleter.complete,complete
BlueprintStateService.getDiag,get
BlueprintStateService.getDiag,getBundleId
BlueprintStateService.getDiag,getType
BlueprintStateService.getDiag,getTimestamp
BlueprintStateService.getDiag,append
BlueprintStateService.getDiag,format
BlueprintStateService.getDiag,getCause
BlueprintStateService.getDiag,addMessages
BlueprintStateService.getDiag,getDependencies
BlueprintStateService.getDiag,toString
BlueprintStateService.addMessages,append
BlueprintStateService.addMessages,getMessage
BlueprintStateService.addMessages,printStackTrace
BlueprintStateService.addMessages,toString
BlueprintStateService.getState,get
BlueprintStateService.getState,getBundleId
BlueprintStateService.getState,getState
BlueprintStateService.getState,getType
BlueprintStateService.blueprintEvent,isDebugEnabled
BlueprintStateService.blueprintEvent,getState
BlueprintStateService.blueprintEvent,debug
BlueprintStateService.blueprintEvent,getBundle
BlueprintStateService.blueprintEvent,getBundleId
BlueprintStateService.blueprintEvent,getType
BlueprintStateService.blueprintEvent,remove
BlueprintStateService.blueprintEvent,put
BlueprintStateService.bundleChanged,getType
BlueprintStateService.bundleChanged,remove
BlueprintStateService.bundleChanged,getBundle
BlueprintStateService.bundleChanged,getBundleId
SpringStateService.getState,get
SpringStateService.getState,getBundleId
SpringStateService.getState,mapEventToState
SpringStateService.getState,getState
SpringStateService.getDiag,get
SpringStateService.getDiag,getBundleId
SpringStateService.getDiag,getTimestamp
SpringStateService.getDiag,append
SpringStateService.getDiag,format
SpringStateService.getDiag,getServiceInfo
SpringStateService.getDiag,getException
SpringStateService.getDiag,addMessages
SpringStateService.getDiag,toString
SpringStateService.getServiceInfo,getDependencyEvent
SpringStateService.getServiceInfo,getServiceDependency
SpringStateService.getServiceInfo,format
SpringStateService.getServiceInfo,getBeanName
SpringStateService.getServiceInfo,getServiceFilter
SpringStateService.addMessages,append
SpringStateService.addMessages,getMessage
SpringStateService.addMessages,printStackTrace
SpringStateService.addMessages,toString
SpringStateService.getException,getFailureCause
SpringStateService.onOsgiApplicationEvent,isDebugEnabled
SpringStateService.onOsgiApplicationEvent,mapEventToState
SpringStateService.onOsgiApplicationEvent,debug
SpringStateService.onOsgiApplicationEvent,getBundle
SpringStateService.onOsgiApplicationEvent,getBundleId
SpringStateService.onOsgiApplicationEvent,put
SpringStateService.bundleChanged,getType
SpringStateService.bundleChanged,remove
SpringStateService.bundleChanged,getBundle
SpringStateService.bundleChanged,getBundleId
JdbcServiceImpl.create,datasources
JdbcServiceImpl.create,contains
JdbcServiceImpl.create,put
JdbcServiceImpl.create,createFactoryConfiguration
JdbcServiceImpl.create,update
JdbcServiceImpl.put,put
JdbcServiceImpl.delete,format
JdbcServiceImpl.delete,listConfigurations
JdbcServiceImpl.delete,delete
JdbcServiceImpl.datasources,getServiceReferences
JdbcServiceImpl.datasources,getName
JdbcServiceImpl.datasources,getProperty
JdbcServiceImpl.datasources,add
JdbcServiceImpl.datasources,toString
JdbcServiceImpl.datasourceServiceIds,getServiceReferences
JdbcServiceImpl.datasourceServiceIds,getName
JdbcServiceImpl.datasourceServiceIds,add
JdbcServiceImpl.datasourceServiceIds,getProperty
JdbcServiceImpl.query,lookupDataSource
JdbcServiceImpl.query,createStatement
JdbcServiceImpl.query,register
JdbcServiceImpl.query,executeQuery
JdbcServiceImpl.query,getMetaData
JdbcServiceImpl.query,getColumnCount
JdbcServiceImpl.query,put
JdbcServiceImpl.query,getColumnLabel
JdbcServiceImpl.query,next
JdbcServiceImpl.query,get
JdbcServiceImpl.query,add
JdbcServiceImpl.query,getString
JdbcServiceImpl.execute,lookupDataSource
JdbcServiceImpl.execute,createStatement
JdbcServiceImpl.execute,execute
JdbcServiceImpl.tables,lookupDataSource
JdbcServiceImpl.tables,connect
JdbcServiceImpl.tables,getMetaData
JdbcServiceImpl.tables,register
JdbcServiceImpl.tables,getTables
JdbcServiceImpl.tables,getColumnCount
JdbcServiceImpl.tables,put
JdbcServiceImpl.tables,getColumnLabel
JdbcServiceImpl.tables,next
JdbcServiceImpl.tables,get
JdbcServiceImpl.tables,add
JdbcServiceImpl.tables,getString
JdbcServiceImpl.info,lookupDataSource
JdbcServiceImpl.info,getProperty
JdbcServiceImpl.info,connect
JdbcServiceImpl.info,getMetaData
JdbcServiceImpl.info,put
JdbcServiceImpl.info,toString
JdbcServiceImpl.info,getDatabaseProductName
JdbcServiceImpl.info,getDatabaseProductVersion
JdbcServiceImpl.info,getURL
JdbcServiceImpl.info,getUserName
JdbcServiceImpl.info,getDriverName
JdbcServiceImpl.info,getDriverVersion
JdbcServiceImpl.info,error
JdbcServiceImpl.lookupDataSource,getServiceReferences
JdbcServiceImpl.lookupDataSource,getName
JdbcServiceImpl.lookupDataSource,sort
JdbcServiceImpl.lookupDataSource,getRank
JdbcServiceImpl.lookupDataSource,warn
JdbcServiceImpl.getRank,getProperty
JdbcServiceImpl.getRank,valueOf
JdbcServiceImpl.factoryNames,getServiceReferences
JdbcServiceImpl.factoryNames,getProperty
JdbcServiceImpl.factoryNames,add
JdbcConnector.connect,register
JdbcConnector.connect,getConnection
JdbcConnector.createStatement,register
JdbcConnector.createStatement,connect
JdbcConnector.createStatement,createStatement
JdbcConnector.register,addFirst
JdbcConnector.register,register
JdbcConnector.close,close
JdbcMBeanImpl.getDatasources,datasourceServiceIds
JdbcMBeanImpl.getDatasources,info
JdbcMBeanImpl.getDatasources,toString
JdbcMBeanImpl.getDatasources,get
JdbcMBeanImpl.getDatasources,put
JdbcMBeanImpl.create,create
JdbcMBeanImpl.create,toString
JdbcMBeanImpl.delete,delete
JdbcMBeanImpl.delete,toString
JdbcMBeanImpl.info,info
JdbcMBeanImpl.info,toString
JdbcMBeanImpl.tables,tables
JdbcMBeanImpl.tables,keySet
JdbcMBeanImpl.tables,size
JdbcMBeanImpl.tables,toArray
JdbcMBeanImpl.tables,get
JdbcMBeanImpl.tables,iterator
JdbcMBeanImpl.tables,next
JdbcMBeanImpl.tables,put
JdbcMBeanImpl.tables,printStackTrace
JdbcMBeanImpl.tables,toString
JdbcMBeanImpl.execute,execute
JdbcMBeanImpl.execute,toString
JdbcMBeanImpl.query,query
JdbcMBeanImpl.query,keySet
JdbcMBeanImpl.query,size
JdbcMBeanImpl.query,toArray
JdbcMBeanImpl.query,get
JdbcMBeanImpl.query,iterator
JdbcMBeanImpl.query,next
JdbcMBeanImpl.query,put
JdbcMBeanImpl.query,toString
TablesCommand.execute,getJdbcService
TablesCommand.execute,tables
TablesCommand.execute,keySet
TablesCommand.execute,column
TablesCommand.execute,get
TablesCommand.execute,size
TablesCommand.execute,addRow
TablesCommand.execute,addContent
TablesCommand.execute,print
QueryCommand.execute,getJdbcService
QueryCommand.execute,query
QueryCommand.execute,keySet
QueryCommand.execute,column
QueryCommand.execute,get
QueryCommand.execute,size
QueryCommand.execute,addRow
QueryCommand.execute,addContent
QueryCommand.execute,print
ExecuteCommand.execute,getJdbcService
ExecuteCommand.execute,execute
DataSourceFactoryNamesCompleter.complete,factoryNames
DataSourceFactoryNamesCompleter.complete,getStrings
DataSourceFactoryNamesCompleter.complete,add
DataSourceFactoryNamesCompleter.complete,complete
DeleteCommand.execute,getJdbcService
DeleteCommand.execute,delete
DeleteCommand.execute,getJmsService
ListCommand.execute,column
ListCommand.execute,getJdbcService
ListCommand.execute,datasourceServiceIds
ListCommand.execute,sort
ListCommand.execute,info
ListCommand.execute,toString
ListCommand.execute,addRow
ListCommand.execute,addContent
ListCommand.execute,get
ListCommand.execute,put
ListCommand.execute,getMessage
ListCommand.execute,print
ListCommand.execute,println
ListCommand.execute,list
ListCommand.execute,getId
ListCommand.execute,getFlight
ListCommand.execute,getCustomer
DSFactoriesCommand.execute,column
DSFactoriesCommand.execute,getServiceReferences
DSFactoriesCommand.execute,getProperty
DSFactoriesCommand.execute,getBundle
DSFactoriesCommand.execute,getSymbolicName
DSFactoriesCommand.execute,format
DSFactoriesCommand.execute,getBundleId
DSFactoriesCommand.execute,add
DSFactoriesCommand.execute,addRow
DSFactoriesCommand.execute,addContent
DSFactoriesCommand.execute,print
DSFactoriesCommand.compare,compareTo
DSFactoriesCommand.equals,getClass
DSFactoriesCommand.equals,equals
DSFactoriesCommand.hashCode,hash
DataSourceFactoryComparator.compare,compareTo
DataSourceFactoryInfo.equals,getClass
DataSourceFactoryInfo.equals,equals
DataSourceFactoryInfo.hashCode,hash
DataSourcesNameCompleter.complete,datasources
DataSourcesNameCompleter.complete,getStrings
DataSourcesNameCompleter.complete,add
DataSourcesNameCompleter.complete,complete
JdbcParser.parse,statement
JdbcParser.parse,add
JdbcParser.parse,startsWith
JdbcParser.parse,set
JdbcParser.parse,size
JdbcParser.parse,get
JdbcParser.parse,toArray
JdbcParser.parse,cursorArgumentIndex
JdbcParser.parse,max
JdbcParser.parse,argumentPosition
JdbcParser.parse,substring
JdbcParser.parse,position
JdbcParser.preprocess,getArguments
JdbcParser.preprocess,append
JdbcParser.preprocess,toString
SystemServiceImpl.halt,halt
SystemServiceImpl.halt,shutdown
SystemServiceImpl.halt,timeToSleep
SystemServiceImpl.reboot,reboot
SystemServiceImpl.reboot,timeToSleep
SystemServiceImpl.reboot,start
SystemServiceImpl.reboot,sleepWithMsg
SystemServiceImpl.reboot,setProperty
SystemServiceImpl.reboot,equals
SystemServiceImpl.reboot,getBundle
SystemServiceImpl.reboot,stop
SystemServiceImpl.reboot,error
SystemServiceImpl.shutdown,start
SystemServiceImpl.shutdown,sleepWithMsg
SystemServiceImpl.shutdown,getBundleContext
SystemServiceImpl.shutdown,getBundle
SystemServiceImpl.shutdown,stop
SystemServiceImpl.shutdown,error
SystemServiceImpl.sleepWithMsg,info
SystemServiceImpl.sleepWithMsg,println
SystemServiceImpl.sleepWithMsg,sleep
SystemServiceImpl.setStartLevel,getBundleContext
SystemServiceImpl.setStartLevel,getBundle
SystemServiceImpl.setStartLevel,adapt
SystemServiceImpl.setStartLevel,setStartLevel
SystemServiceImpl.getStartLevel,getBundleContext
SystemServiceImpl.getStartLevel,getBundle
SystemServiceImpl.getStartLevel,adapt
SystemServiceImpl.getStartLevel,getStartLevel
SystemServiceImpl.timeToSleep,equals
SystemServiceImpl.timeToSleep,contains
SystemServiceImpl.timeToSleep,split
SystemServiceImpl.timeToSleep,parseInt
SystemServiceImpl.timeToSleep,get
SystemServiceImpl.timeToSleep,before
SystemServiceImpl.timeToSleep,set
SystemServiceImpl.timeToSleep,getTimeInMillis
SystemServiceImpl.timeToSleep,startsWith
SystemServiceImpl.timeToSleep,substring
SystemServiceImpl.timeToSleep,parseLong
SystemServiceImpl.getVersion,getProperty
SystemServiceImpl.getName,getProperty
SystemServiceImpl.setName,getProperty
SystemServiceImpl.setName,load
SystemServiceImpl.setName,close
SystemServiceImpl.setName,setProperty
SystemServiceImpl.setName,store
SystemServiceImpl.setName,getMessage
SystemServiceImpl.getFramework,getBundle
SystemServiceImpl.getFramework,getSymbolicName
SystemServiceImpl.getFramework,contains
SystemServiceImpl.loadProps,getProperty
SystemServiceImpl.setFramework,loadProps
SystemServiceImpl.setFramework,put
SystemServiceImpl.setFramework,name
SystemServiceImpl.setFramework,save
SystemServiceImpl.setFramework,getMessage
SystemServiceImpl.setFrameworkDebug,loadProps
SystemServiceImpl.setFrameworkDebug,put
SystemServiceImpl.setFrameworkDebug,remove
SystemServiceImpl.setFrameworkDebug,save
SystemServiceImpl.setFrameworkDebug,getMessage
SystemServiceImpl.setSystemProperty,getProperty
SystemServiceImpl.setSystemProperty,put
SystemServiceImpl.setSystemProperty,save
SystemServiceImpl.setSystemProperty,setProperty
SystemMBeanImpl.halt,halt
SystemMBeanImpl.halt,toString
SystemMBeanImpl.reboot,reboot
SystemMBeanImpl.reboot,toString
SystemMBeanImpl.rebootCleanCache,reboot
SystemMBeanImpl.rebootCleanCache,toString
SystemMBeanImpl.rebootCleanAll,reboot
SystemMBeanImpl.rebootCleanAll,toString
SystemMBeanImpl.setStartLevel,setStartLevel
SystemMBeanImpl.setStartLevel,toString
SystemMBeanImpl.getStartLevel,getStartLevel
SystemMBeanImpl.getStartLevel,toString
SystemMBeanImpl.getFramework,getFramework
SystemMBeanImpl.getFramework,toString
SystemMBeanImpl.setFramework,setFramework
SystemMBeanImpl.setFramework,valueOf
SystemMBeanImpl.setFramework,toLowerCase
SystemMBeanImpl.setFrameworkDebug,setFrameworkDebug
SystemMBeanImpl.getName,getName
SystemMBeanImpl.setName,trim
SystemMBeanImpl.setName,isEmpty
SystemMBeanImpl.setName,setName
SystemMBeanImpl.getVersion,getVersion
SystemMBeanImpl.getProperties,getProperties
SystemMBeanImpl.getProperties,clone
SystemMBeanImpl.getProperties,setProperty
SystemMBeanImpl.getProperties,getProperty
SystemMBeanImpl.getProperties,currentTimeMillis
SystemMBeanImpl.getProperties,println
SystemMBeanImpl.getProperties,format
SystemMBeanImpl.getProperties,printOrderedProperties
SystemMBeanImpl.getProperties,flush
SystemMBeanImpl.getProperties,close
SystemMBeanImpl.getProperties,toString
SystemMBeanImpl.printOrderedProperties,keySet
SystemMBeanImpl.printOrderedProperties,size
SystemMBeanImpl.printOrderedProperties,add
SystemMBeanImpl.printOrderedProperties,sort
SystemMBeanImpl.printOrderedProperties,println
SystemMBeanImpl.printOrderedProperties,getProperty
SystemMBeanImpl.printOrderedProperties,put
SystemMBeanImpl.setProperty,getProperty
SystemMBeanImpl.setProperty,setProperty
SystemMBeanImpl.setProperty,setSystemProperty
SystemMBeanImpl.getProperty,getProperty
SystemProperty.execute,getProperties
SystemProperty.execute,clone
SystemProperty.execute,setProperty
SystemProperty.execute,getProperty
SystemProperty.execute,currentTimeMillis
SystemProperty.execute,println
SystemProperty.execute,format
SystemProperty.execute,printOrderedProperties
SystemProperty.execute,flush
SystemProperty.execute,close
SystemProperty.execute,setSystemProperty
SystemProperty.printOrderedProperties,keySet
SystemProperty.printOrderedProperties,size
SystemProperty.printOrderedProperties,add
SystemProperty.printOrderedProperties,sort
SystemProperty.printOrderedProperties,println
SystemProperty.printOrderedProperties,getProperty
SystemProperty.setProperty,getProperty
SystemProperty.setProperty,setProperty
FrameworkOptions.execute,printf
FrameworkOptions.execute,getFramework
FrameworkOptions.execute,name
FrameworkOptions.execute,valueOf
FrameworkOptions.execute,setFramework
FrameworkOptions.execute,println
FrameworkOptions.execute,toString
FrameworkOptions.execute,toLowerCase
FrameworkOptions.execute,setFrameworkDebug
Name.execute,println
Name.execute,getName
Name.execute,setName
Shutdown.execute,reboot
Shutdown.execute,determineSwipeType
Shutdown.execute,halt
Shutdown.execute,getProperty
Shutdown.execute,format
Shutdown.execute,readLine
Shutdown.execute,println
Shutdown.execute,equalsIgnoreCase
Version.execute,println
Version.execute,getVersion
StartLevel.execute,println
StartLevel.execute,getStartLevel
StartLevel.execute,setStartLevel
ObrMBeanImpl.getUrls,stream
ObrMBeanImpl.getUrls,map
ObrMBeanImpl.getUrls,collect
ObrMBeanImpl.getUrls,toList
ObrMBeanImpl.getUrls,listRepositories
ObrMBeanImpl.getBundles,discoverResources
ObrMBeanImpl.getBundles,getPresentationName
ObrMBeanImpl.getBundles,getSymbolicName
ObrMBeanImpl.getBundles,getVersion
ObrMBeanImpl.getBundles,toString
ObrMBeanImpl.getBundles,put
ObrMBeanImpl.getBundles,printStackTrace
ObrMBeanImpl.addUrl,addRepository
ObrMBeanImpl.addUrl,toString
ObrMBeanImpl.removeUrl,removeRepository
ObrMBeanImpl.refreshUrl,addRepository
ObrMBeanImpl.refreshUrl,toString
ObrMBeanImpl.deployBundle,deployBundle
ObrMBeanImpl.deployBundle,toString
ObrMBeanImpl.deployBundle,resolver
ObrMBeanImpl.deployBundle,getTarget
ObrMBeanImpl.deployBundle,selectNewestVersion
ObrMBeanImpl.deployBundle,searchRepository
ObrMBeanImpl.deployBundle,add
ObrMBeanImpl.deployBundle,getAddedResources
ObrMBeanImpl.deployBundle,resolve
ObrMBeanImpl.deployBundle,deploy
ObrMBeanImpl.searchRepository,getBundle
ObrMBeanImpl.searchRepository,parseLong
ObrMBeanImpl.searchRepository,getSymbolicName
ObrMBeanImpl.searchRepository,append
ObrMBeanImpl.searchRepository,insert
ObrMBeanImpl.searchRepository,discoverResources
ObrMBeanImpl.searchRepository,toString
ObrMBeanImpl.selectNewestVersion,getVersion
ObrMBeanImpl.selectNewestVersion,compareTo
ObrMBeanImpl.getTarget,indexOf
ObrMBeanImpl.getTarget,substring
StartCommand.doExecute,doDeploy
StartCommand.doExecute,getMatchingInstances
StartCommand.doExecute,getJavaOpts
StartCommand.doExecute,getState
StartCommand.doExecute,equals
StartCommand.doExecute,start
StartCommand.doExecute,add
StartCommand.doExecute,addException
StartCommand.doExecute,throwIfExceptions
StartCommand.doExecute,sleep
DeployCommand.doExecute,doDeploy
ListCommand.emptyIfNull,toString
ResolveCommand.doExecute,add
ResolveCommand.doExecute,getSystemRepository
ResolveCommand.doExecute,getLocalRepository
ResolveCommand.doExecute,addAll
ResolveCommand.doExecute,asList
ResolveCommand.doExecute,listRepositories
ResolveCommand.doExecute,resolver
ResolveCommand.doExecute,toArray
ResolveCommand.doExecute,size
ResolveCommand.doExecute,parseRequirements
ResolveCommand.doExecute,resolve
ResolveCommand.doExecute,getRequiredResources
ResolveCommand.doExecute,println
ResolveCommand.doExecute,printUnderline
ResolveCommand.doExecute,getPresentationName
ResolveCommand.doExecute,getVersion
ResolveCommand.doExecute,getReason
ResolveCommand.doExecute,getRequirement
ResolveCommand.doExecute,isOptional
ResolveCommand.doExecute,getResource
ResolveCommand.doExecute,getName
ResolveCommand.doExecute,getFilter
ResolveCommand.doExecute,getOptionalResources
ResolveCommand.doExecute,print
ResolveCommand.doExecute,deploy
ResolveCommand.doExecute,getUnsatisfiedRequirements
ListUrlCommand.doExecute,column
ListUrlCommand.doExecute,emptyTableText
ListUrlCommand.doExecute,listRepositories
ListUrlCommand.doExecute,addRow
ListUrlCommand.doExecute,addContent
ListUrlCommand.doExecute,getURI
ListUrlCommand.doExecute,print
ObrCommandSupport.execute,doExecute
ObrCommandSupport.searchRepository,getBundle
ObrCommandSupport.searchRepository,parseLong
ObrCommandSupport.searchRepository,getSymbolicName
ObrCommandSupport.searchRepository,append
ObrCommandSupport.searchRepository,insert
ObrCommandSupport.searchRepository,discoverResources
ObrCommandSupport.searchRepository,toString
ObrCommandSupport.selectNewestVersion,getVersion
ObrCommandSupport.selectNewestVersion,compareTo
ObrCommandSupport.getTarget,indexOf
ObrCommandSupport.getTarget,substring
ObrCommandSupport.printUnderline,print
ObrCommandSupport.printUnderline,println
ObrCommandSupport.doDeploy,resolver
ObrCommandSupport.doDeploy,getTarget
ObrCommandSupport.doDeploy,selectNewestVersion
ObrCommandSupport.doDeploy,searchRepository
ObrCommandSupport.doDeploy,add
ObrCommandSupport.doDeploy,println
ObrCommandSupport.doDeploy,getAddedResources
ObrCommandSupport.doDeploy,resolve
ObrCommandSupport.doDeploy,printUnderline
ObrCommandSupport.doDeploy,getResourceId
ObrCommandSupport.doDeploy,getVersion
ObrCommandSupport.doDeploy,getRequiredResources
ObrCommandSupport.doDeploy,getOptionalResources
ObrCommandSupport.doDeploy,print
ObrCommandSupport.doDeploy,deploy
ObrCommandSupport.doDeploy,getUnsatisfiedRequirements
ObrCommandSupport.doDeploy,getRequirement
ObrCommandSupport.doDeploy,getFilter
ObrCommandSupport.doDeploy,getResource
ObrCommandSupport.getResourceId,getPresentationName
ObrCommandSupport.getResourceId,getSymbolicName
ObrCommandSupport.parseRequirement,indexOf
ObrCommandSupport.parseRequirement,substring
ObrCommandSupport.parseRequirement,contains
ObrCommandSupport.parseRequirement,startsWith
ObrCommandSupport.parseRequirement,getHelper
ObrCommandSupport.parseRequirement,requirement
ObrCommandSupport.parseRequirements,size
ObrCommandSupport.parseRequirements,parseRequirement
ObrCommandSupport.parseRequirements,get
ObrCommandSupport.persistRepositoryList,listRepositories
ObrCommandSupport.persistRepositoryList,length
ObrCommandSupport.persistRepositoryList,append
ObrCommandSupport.persistRepositoryList,getURI
ObrCommandSupport.persistRepositoryList,getProperty
ObrCommandSupport.persistRepositoryList,exists
ObrCommandSupport.persistRepositoryList,readLine
ObrCommandSupport.persistRepositoryList,matches
ObrCommandSupport.persistRepositoryList,toString
ObrCommandSupport.persistRepositoryList,write
ObrCommandSupport.persistRepositoryList,newLine
ObrCommandSupport.persistRepositoryList,delete
ObrCommandSupport.persistRepositoryList,renameTo
ObrCommandSupport.persistRepositoryList,println
RemoveUrlCommand.doExecute,listRepositories
RemoveUrlCommand.doExecute,parseInt
RemoveUrlCommand.doExecute,removeRepository
RemoveUrlCommand.doExecute,getURI
RemoveUrlCommand.doExecute,println
RemoveUrlCommand.doExecute,persistRepositoryList
InfoCommand.doExecute,getTarget
InfoCommand.doExecute,searchRepository
InfoCommand.doExecute,println
InfoCommand.doExecute,printResource
InfoCommand.printResource,getResourceId
InfoCommand.printResource,printUnderline
InfoCommand.printResource,length
InfoCommand.printResource,println
InfoCommand.printResource,getProperties
InfoCommand.printResource,entrySet
InfoCommand.printResource,getValue
InfoCommand.printResource,getClass
InfoCommand.printResource,isArray
InfoCommand.printResource,getKey
InfoCommand.printResource,getLength
InfoCommand.printResource,get
InfoCommand.printResource,getRequirements
InfoCommand.printResource,getName
InfoCommand.printResource,getFilter
InfoCommand.printResource,getCapabilities
InfoCommand.printResource,getPropertiesAsMap
AddUrlCommand.doExecute,addRepository
AddUrlCommand.doExecute,persistRepositoryList
FindCommand.doExecute,discoverResources
FindCommand.doExecute,parseRequirements
FindCommand.doExecute,println
FindCommand.doExecute,printResource
FindCommand.printResource,getPresentationName
FindCommand.printResource,getSymbolicName
FindCommand.printResource,printUnderline
FindCommand.printResource,length
FindCommand.printResource,println
FindCommand.printResource,getProperties
FindCommand.printResource,entrySet
FindCommand.printResource,getValue
FindCommand.printResource,getClass
FindCommand.printResource,isArray
FindCommand.printResource,getKey
FindCommand.printResource,getLength
FindCommand.printResource,get
FindCommand.printResource,getRequirements
FindCommand.printResource,isOptional
FindCommand.printResource,getName
FindCommand.printResource,getFilter
FindCommand.printResource,getCapabilities
FindCommand.printResource,getPropertiesAsMap
RefreshUrlCommand.doExecute,isEmpty
RefreshUrlCommand.doExecute,listRepositories
RefreshUrlCommand.doExecute,parseInt
RefreshUrlCommand.doExecute,addRepository
RefreshUrlCommand.doExecute,getURI
RefreshUrlCommand.doExecute,println
SourceCommand.doExecute,getTarget
SourceCommand.doExecute,selectNewestVersion
SourceCommand.doExecute,searchRepository
SourceCommand.doExecute,println
SourceCommand.doExecute,getProperties
SourceCommand.doExecute,get
SourceCommand.doExecute,downloadSource
SourceCommand.doExecute,toURL
FileUtil.downloadSource,getFile
FileUtil.downloadSource,lastIndexOf
FileUtil.downloadSource,substring
FileUtil.downloadSource,println
FileUtil.downloadSource,exists
FileUtil.downloadSource,openConnection
FileUtil.downloadSource,getContentLength
FileUtil.downloadSource,getInputStream
FileUtil.downloadSource,read
FileUtil.downloadSource,write
FileUtil.downloadSource,close
FileUtil.downloadSource,unjar
FileUtil.downloadSource,delete
FileUtil.unjar,getNextJarEntry
FileUtil.unjar,getName
FileUtil.unjar,startsWith
FileUtil.unjar,getCanonicalPath
FileUtil.unjar,endsWith
FileUtil.unjar,isDirectory
FileUtil.unjar,exists
FileUtil.unjar,mkdirs
FileUtil.unjar,lastIndexOf
FileUtil.unjar,substring
FileUtil.unjar,replace
FileUtil.unjar,copy
FileUtil.copy,exists
FileUtil.copy,mkdirs
FileUtil.copy,isDirectory
FileUtil.copy,read
FileUtil.copy,write
FileUtil.copy,close
Activator.getTopics,getString
Activator.getTopics,split
Activator.createFilter,getString
Activator.createFilter,createFilter
Activator.createQueue,getString
Activator.createQueue,getInt
Activator.createQueue,equals
Activator.createQueue,warn
Activator.createLoggers,getBoolean
Activator.createLoggers,getString
Activator.createLoggers,getProperty
Activator.createLoggers,getInt
Activator.createLoggers,createLayout
Activator.createLoggers,add
Activator.createLoggers,getDefault
Activator.createLayout,getString
Activator.createLayout,getInt
Activator.createLayout,getDefault
Activator.createLayout,createCustomLayout
Activator.createLayout,error
Activator.createCustomLayout,forName
Activator.createCustomLayout,getConstructor
Activator.createCustomLayout,getConfiguration
Activator.createCustomLayout,keys
Activator.createCustomLayout,hasMoreElements
Activator.createCustomLayout,nextElement
Activator.createCustomLayout,get
Activator.createCustomLayout,put
Activator.createCustomLayout,newInstance
Activator.createCustomLayout,getName
Activator.handleEvent,matches
Activator.handleEvent,getFilterMap
Activator.handleEvent,put
Activator.handleEvent,startRunner
Activator.handleEvent,debug
Activator.startRunner,isEmpty
Activator.startRunner,start
Activator.consume,getLong
Activator.consume,toMillis
Activator.consume,poll
Activator.consume,write
Activator.consume,flush
Activator.consume,warn
Activator._timestamp,getProperty
Activator._timestamp,currentTimeMillis
Activator.subject,getProperty
Activator._type,getTopic
Activator._subtype,getTopic
Activator._subtype,substring
Activator._subtype,toLowerCase
Activator._subtype,lastIndexOf
Activator._subtype,startsWith
Activator._subtype,length
Activator.keys,getPropertyNames
Activator.keys,sort
Activator.keys,hasNext
Activator.next,hasNext
Activator.getProperty,getProperty
Activator.getFilterMap,toString
Activator.getFilterMap,timestamp
Activator.getFilterMap,type
Activator.getFilterMap,subtype
Activator.getFilterMap,subject
Activator.getFilterMap,getProperty
Activator.get,toString
Activator.get,timestamp
Activator.get,type
Activator.get,subtype
Activator.get,subject
Activator.get,getProperty
EventImpl._timestamp,getProperty
EventImpl._timestamp,currentTimeMillis
EventImpl.subject,getProperty
EventImpl._type,getTopic
EventImpl._subtype,getTopic
EventImpl._subtype,substring
EventImpl._subtype,toLowerCase
EventImpl._subtype,lastIndexOf
EventImpl._subtype,startsWith
EventImpl._subtype,length
EventImpl.keys,getPropertyNames
EventImpl.keys,sort
EventImpl.keys,hasNext
EventImpl.next,hasNext
EventImpl.getProperty,getProperty
EventImpl.getFilterMap,toString
EventImpl.getFilterMap,timestamp
EventImpl.getFilterMap,type
EventImpl.getFilterMap,subtype
EventImpl.getFilterMap,subject
EventImpl.getFilterMap,getProperty
EventImpl.get,toString
EventImpl.get,timestamp
EventImpl.get,type
EventImpl.get,subtype
EventImpl.get,subject
EventImpl.get,getProperty
FileEventLogger.write,timestamp
FileEventLogger.write,init
FileEventLogger.write,check
FileEventLogger.write,format
FileEventLogger.write,append
FileEventLogger.write,write
FileEventLogger.write,length
FileEventLogger.init,currentTimeMillis
FileEventLogger.init,isRegularFile
FileEventLogger.init,size
FileEventLogger.init,sameDay
FileEventLogger.init,getLastModifiedTime
FileEventLogger.init,toMillis
FileEventLogger.init,trigger
FileEventLogger.init,createTempFile
FileEventLogger.init,getParent
FileEventLogger.init,getFileName
FileEventLogger.init,toString
FileEventLogger.init,move
FileEventLogger.init,execute
FileEventLogger.init,rotate
FileEventLogger.init,newBufferedWriter
FileEventLogger.check,trigger
FileEventLogger.check,flush
FileEventLogger.check,size
FileEventLogger.check,close
FileEventLogger.check,createTempFile
FileEventLogger.check,getParent
FileEventLogger.check,getFileName
FileEventLogger.check,toString
FileEventLogger.check,delete
FileEventLogger.check,move
FileEventLogger.check,execute
FileEventLogger.check,rotate
FileEventLogger.check,newBufferedWriter
FileEventLogger.trigger,sameDay
FileEventLogger.rotate,getFileNameFix
FileEventLogger.rotate,list
FileEventLogger.rotate,filter
FileEventLogger.rotate,equals
FileEventLogger.rotate,map
FileEventLogger.rotate,startsWith
FileEventLogger.rotate,endsWith
FileEventLogger.rotate,collect
FileEventLogger.rotate,toList
FileEventLogger.rotate,getParent
FileEventLogger.rotate,getDate
FileEventLogger.rotate,stream
FileEventLogger.rotate,matches
FileEventLogger.rotate,contains
FileEventLogger.rotate,add
FileEventLogger.rotate,resolveSibling
FileEventLogger.rotate,newOutputStream
FileEventLogger.rotate,copy
FileEventLogger.rotate,delete
FileEventLogger.rotate,move
FileEventLogger.rotate,size
FileEventLogger.rotate,sort
FileEventLogger.rotate,subList
FileEventLogger.rotate,clear
FileEventLogger.getFileNameFix,getFileName
FileEventLogger.getFileNameFix,toString
FileEventLogger.getFileNameFix,lastIndexOf
FileEventLogger.getFileNameFix,substring
FileEventLogger.flush,flush
FileEventLogger.close,close
FileEventLogger.append,length
FileEventLogger.append,append
Writer.flush,flush
Writer.close,close
Writer.write,write
Writer.write,length
Writer.append,length
Writer.append,append
JulEventLogger.write,getLogger
JulEventLogger.write,log
JulEventLogger.write,getLevel
JulEventLogger.write,format
JulEventLogger.write,toString
JulEventLogger.write,type
JulEventLogger.write,subtype
JulEventLogger.getLogger,getLogger
UdpEventLogger.write,format
UdpEventLogger.write,remaining
UdpEventLogger.write,averageBytesPerChar
UdpEventLogger.write,capacity
UdpEventLogger.write,allocate
UdpEventLogger.write,reset
UdpEventLogger.write,encode
UdpEventLogger.write,position
UdpEventLogger.write,send
UdpEventLogger.write,array
UdpEventLogger.close,close
TcpEventLogger.write,getOutputStream
TcpEventLogger.write,format
TcpEventLogger.write,append
TcpEventLogger.close,close
TcpEventLogger.flush,flush
FastDateFormat.sameDay,updateMidnightMillis
FastDateFormat.sameDay,updateDaylightSavingTime
FastDateFormat.sameDay,clear
FastDateFormat.getDate,sameDay
FastDateFormat.getDate,get
FastDateFormat.getDate,equals
FastDateFormat.getDate,setCalendar
FastDateFormat.getDate,getInstance
FastDateFormat.getDate,format
FastDateFormat.getDate,charAt
FastDateFormat.getDate,getBeginIndex
FastDateFormat.getDate,setCharAt
FastDateFormat.getDate,toString
FastDateFormat.getDate,put
FastDateFormat.writeTime,millisSinceMidnight
FastDateFormat.writeTime,daylightSavingTime
FastDateFormat.writeTime,append
FastDateFormat.millisSinceMidnight,sameDay
FastDateFormat.updateMidnightMillis,getInstance
FastDateFormat.updateMidnightMillis,setTimeInMillis
FastDateFormat.updateMidnightMillis,set
FastDateFormat.updateMidnightMillis,getTimeInMillis
FastDateFormat.updateMidnightMillis,add
FastDateFormat.updateDaylightSavingTime,fill
FastDateFormat.updateDaylightSavingTime,toMillis
FastDateFormat.updateDaylightSavingTime,getOffset
FastDateFormat.updateDaylightSavingTime,getRawOffset
NumberOutput.outputInt,_outputSmallestI
NumberOutput.outputInt,_leading3
NumberOutput.outputInt,_full3
NumberOutput.outputInt,_outputFullBillion
NumberOutput.outputLong,outputInt
NumberOutput.outputLong,_outputSmallestL
NumberOutput.outputLong,_outputUptoBillion
NumberOutput.outputLong,_leading3
NumberOutput.outputLong,_outputFullBillion
NumberOutput.toString,toString
NumberOutput._outputUptoBillion,_leading3
NumberOutput._outputUptoBillion,_outputUptoMillion
NumberOutput._outputSmallestL,length
NumberOutput._outputSmallestL,getChars
NumberOutput._outputSmallestL,charAt
NumberOutput._outputSmallestI,length
NumberOutput._outputSmallestI,getChars
NumberOutput._outputSmallestI,charAt
Buffer.writeTo,append
Buffer.require,arraycopy
Buffer.append,append
Buffer.append,length
Buffer.append,require
Buffer.append,charAt
Buffer.append,getChars
Buffer.format,require
Buffer.format,getClass
Buffer.format,isArray
Buffer.format,format
Buffer.format,toString
Buffer.format,getPrincipals
Buffer.format,getName
Buffer.format,append
Buffer.format,formatJson
Buffer.format,formatSyslog
Buffer.format,outputInt
Buffer.format,outputLong
Buffer.formatJson,length
Buffer.formatJson,require
Buffer.formatJson,transferJson
Buffer.formatSyslog,length
Buffer.formatSyslog,min
Buffer.formatSyslog,require
Buffer.formatSyslog,transferSyslog
Buffer.transferJson,charAt
Buffer.transferSyslog,charAt
Rfc3164Layout.header,append
Rfc3164Layout.header,datetime
Rfc3164Layout.header,timestamp
Rfc3164Layout.header,type
Rfc3164Layout.footer,append
Rfc3164Layout.append,append
Rfc3164Layout.append,format
Rfc3164Layout.datetime,append
Rfc3164Layout.datetime,getDate
Rfc3164Layout.datetime,writeTime
GelfLayout.header,append
GelfLayout.header,datetime
GelfLayout.header,timestamp
GelfLayout.header,type
GelfLayout.header,subtype
GelfLayout.datetime,append
GelfLayout.datetime,format
GelfLayout.footer,append
GelfLayout.append,append
GelfLayout.append,format
GelfLayout.append,toString
AbstractLayout.format,doFormat
AbstractLayout.format,writeTo
AbstractLayout.format,wrap
AbstractLayout.format,buffer
AbstractLayout.format,position
AbstractLayout.doFormat,clear
AbstractLayout.doFormat,header
AbstractLayout.doFormat,message
AbstractLayout.doFormat,footer
AbstractLayout.message,append
AbstractLayout.message,subject
AbstractLayout.message,type
AbstractLayout.message,subtype
AbstractLayout.message,getProperty
AbstractLayout.message,getBundleId
AbstractLayout.message,getSymbolicName
AbstractLayout.message,getVersion
AbstractLayout.message,getServiceReference
AbstractLayout.message,keys
AbstractLayout.append,append
AbstractLayout.append,getProperty
AbstractLayout.hostname,getLocalHost
AbstractLayout.hostname,getHostName
AbstractLayout.hostname,getNetworkInterfaces
AbstractLayout.hostname,hasMoreElements
AbstractLayout.hostname,nextElement
AbstractLayout.hostname,getInetAddresses
AbstractLayout.hostname,isLoopbackAddress
AbstractLayout.procId,getRuntimeMXBean
AbstractLayout.procId,getName
AbstractLayout.procId,split
AbstractLayout.procId,getCanonicalFile
Rfc5424Layout.header,append
Rfc5424Layout.header,datetime
Rfc5424Layout.header,timestamp
Rfc5424Layout.header,type
Rfc5424Layout.footer,append
Rfc5424Layout.append,append
Rfc5424Layout.append,format
Rfc5424Layout.datetime,append
Rfc5424Layout.datetime,getDate
Rfc5424Layout.datetime,writeTime
SimpleLayout.header,datetime
SimpleLayout.header,timestamp
SimpleLayout.header,append
SimpleLayout.append,append
SimpleLayout.append,format
SimpleLayout.datetime,append
SimpleLayout.datetime,getDate
SimpleLayout.datetime,writeTime
Factory.create,identity
Factory.createFrom,from
ProfileMBeanImpl.getProfiles,getProfiles
ProfileMBeanImpl.getProfiles,sort
ProfileMBeanImpl.getProfiles,getProfile
ProfileMBeanImpl.getProfiles,join
ProfileMBeanImpl.getProfiles,getParentIds
ProfileMBeanImpl.getProfiles,put
ProfileMBeanImpl.rename,createFrom
ProfileMBeanImpl.rename,identity
ProfileMBeanImpl.rename,getProfile
ProfileMBeanImpl.rename,createProfile
ProfileMBeanImpl.rename,deleteProfile
ProfileMBeanImpl.delete,deleteProfile
ProfileMBeanImpl.create,create
ProfileMBeanImpl.create,setParents
ProfileMBeanImpl.create,getProfile
ProfileMBeanImpl.create,createProfile
ProfileMBeanImpl.copy,createFrom
ProfileMBeanImpl.copy,identity
ProfileMBeanImpl.copy,getProfile
ProfileMBeanImpl.copy,createProfile
PlaceholderResolvers.resolve,indexOf
PlaceholderResolvers.resolve,substring
PlaceholderResolvers.resolve,get
PlaceholderResolvers.resolve,containsKey
PlaceholderResolvers.resolve,toString
PlaceholderResolvers.substituteProfileProperty,substring
PlaceholderResolvers.substituteProfileProperty,length
PlaceholderResolvers.substituteProfileProperty,indexOf
PlaceholderResolvers.substituteProfileProperty,get
PlaceholderResolvers.substituteProfileProperty,containsKey
PlaceholderResolvers.substituteBundleProperty,getProperty
ProfilePlaceholderResolver.resolve,indexOf
ProfilePlaceholderResolver.resolve,substring
ProfilePlaceholderResolver.resolve,get
ProfilePlaceholderResolver.resolve,containsKey
ProfilePlaceholderResolver.resolve,toString
Utils.join,length
Utils.join,append
Utils.join,toString
Utils.toBytes,save
Utils.toBytes,toByteArray
Utils.toBytes,toBytes
Utils.toBytes,toProperties
Utils.toProperties,load
Utils.toProperties,putAll
Utils.stripSuffix,endsWith
Utils.stripSuffix,substring
Utils.stripSuffix,length
Profiles.loadProfiles,walkFileTree
Profiles.loadProfiles,getFileName
Profiles.loadProfiles,toString
Profiles.loadProfiles,endsWith
Profiles.loadProfiles,relativize
Profiles.loadProfiles,substring
Profiles.loadProfiles,length
Profiles.loadProfiles,replace
Profiles.loadProfiles,getFileSystem
Profiles.loadProfiles,getSeparator
Profiles.loadProfiles,create
Profiles.loadProfiles,getProfile
Profiles.loadProfiles,put
Profiles.loadProfiles,getId
Profiles.loadProfiles,readAllBytes
Profiles.loadProfiles,addFileConfiguration
Profiles.preVisitDirectory,getFileName
Profiles.preVisitDirectory,toString
Profiles.preVisitDirectory,endsWith
Profiles.preVisitDirectory,relativize
Profiles.preVisitDirectory,substring
Profiles.preVisitDirectory,length
Profiles.preVisitDirectory,replace
Profiles.preVisitDirectory,getFileSystem
Profiles.preVisitDirectory,getSeparator
Profiles.preVisitDirectory,create
Profiles.postVisitDirectory,getProfile
Profiles.postVisitDirectory,put
Profiles.postVisitDirectory,getId
Profiles.postVisitDirectory,delete
Profiles.visitFile,getFileName
Profiles.visitFile,toString
Profiles.visitFile,readAllBytes
Profiles.visitFile,addFileConfiguration
Profiles.visitFile,delete
Profiles.deleteProfile,resolve
Profiles.deleteProfile,replace
Profiles.deleteProfile,getFileSystem
Profiles.deleteProfile,getSeparator
Profiles.deleteProfile,isDirectory
Profiles.deleteProfile,walkFileTree
Profiles.deleteProfile,delete
Profiles.writeProfile,resolve
Profiles.writeProfile,getId
Profiles.writeProfile,replace
Profiles.writeProfile,getFileSystem
Profiles.writeProfile,getSeparator
Profiles.writeProfile,createDirectories
Profiles.writeProfile,getFileConfigurations
Profiles.writeProfile,entrySet
Profiles.writeProfile,write
Profiles.writeProfile,getKey
Profiles.writeProfile,getValue
Profiles.getOverlay,getOverlay
Profiles.getOverlay,assertNotNull
Profiles.getOverlay,isOverlay
Profiles.getOverlay,getId
Profiles.getOverlay,create
Profiles.getOverlay,addOptions
Profiles.getOverlay,getProfile
Profiles.getEffective,getEffective
Profiles.getEffective,singleton
Profiles.getEffective,assertNotNull
Profiles.getEffective,getFileConfigurations
Profiles.getEffective,entrySet
Profiles.getEffective,getKey
Profiles.getEffective,endsWith
Profiles.getEffective,substring
Profiles.getEffective,length
Profiles.getEffective,load
Profiles.getEffective,getValue
Profiles.getEffective,put
Profiles.getEffective,prepare
Profiles.getEffective,substitute
Profiles.getEffective,getScheme
Profiles.getEffective,resolve
Profiles.getEffective,contains
Profiles.getEffective,indexOf
Profiles.getEffective,equals
Profiles.getEffective,createFrom
Profiles.getEffective,keySet
Profiles.getEffective,get
Profiles.getEffective,putAll
Profiles.getEffective,addFileConfiguration
Profiles.getEffective,toBytes
Profiles.getEffective,getProfile
Profiles.addOptions,setAttributes
Profiles.addOptions,getAttributes
Profiles.addOptions,setFileConfigurations
Profiles.addOptions,getFileConfigurations
Profiles.addOptions,setOverlay
Profiles.getFileConfigurations,getInheritedProfiles
Profiles.getFileConfigurations,supplement
Profiles.getFileConfigurations,entrySet
Profiles.getFileConfigurations,getValue
Profiles.getFileConfigurations,toBytes
Profiles.getFileConfigurations,put
Profiles.getFileConfigurations,getKey
Profiles.getInheritedProfiles,fillParentProfiles
Profiles.fillParentProfiles,contains
Profiles.fillParentProfiles,getParentIds
Profiles.fillParentProfiles,getRequiredProfile
Profiles.fillParentProfiles,fillParentProfiles
Profiles.fillParentProfiles,add
Profiles.supplement,getFileConfigurations
Profiles.supplement,keySet
Profiles.supplement,contains
Profiles.supplement,get
Profiles.supplement,containsKey
Profiles.supplement,endsWith
Profiles.supplement,toProperties
Profiles.supplement,remove
Profiles.supplement,clear
Profiles.supplement,entrySet
Profiles.supplement,equals
Profiles.supplement,getValue
Profiles.supplement,getKey
Profiles.supplement,put
Profiles.getRequiredProfile,get
OverlayOptionsProvider.addOptions,setAttributes
OverlayOptionsProvider.addOptions,getAttributes
OverlayOptionsProvider.addOptions,setFileConfigurations
OverlayOptionsProvider.addOptions,getFileConfigurations
OverlayOptionsProvider.addOptions,setOverlay
OverlayOptionsProvider.getFileConfigurations,getInheritedProfiles
OverlayOptionsProvider.getFileConfigurations,supplement
OverlayOptionsProvider.getFileConfigurations,entrySet
OverlayOptionsProvider.getFileConfigurations,getValue
OverlayOptionsProvider.getFileConfigurations,toBytes
OverlayOptionsProvider.getFileConfigurations,put
OverlayOptionsProvider.getFileConfigurations,getKey
OverlayOptionsProvider.getInheritedProfiles,fillParentProfiles
OverlayOptionsProvider.fillParentProfiles,contains
OverlayOptionsProvider.fillParentProfiles,getParentIds
OverlayOptionsProvider.fillParentProfiles,getRequiredProfile
OverlayOptionsProvider.fillParentProfiles,fillParentProfiles
OverlayOptionsProvider.fillParentProfiles,add
OverlayOptionsProvider.supplement,getFileConfigurations
OverlayOptionsProvider.supplement,keySet
OverlayOptionsProvider.supplement,contains
OverlayOptionsProvider.supplement,get
OverlayOptionsProvider.supplement,containsKey
OverlayOptionsProvider.supplement,endsWith
OverlayOptionsProvider.supplement,toProperties
OverlayOptionsProvider.supplement,remove
OverlayOptionsProvider.supplement,clear
OverlayOptionsProvider.supplement,entrySet
OverlayOptionsProvider.supplement,equals
OverlayOptionsProvider.supplement,getValue
OverlayOptionsProvider.supplement,getKey
OverlayOptionsProvider.supplement,put
OverlayOptionsProvider.getRequiredProfile,get
ProfileBuilderImpl.from,getId
ProfileBuilderImpl.from,setFileConfigurations
ProfileBuilderImpl.from,getFileConfigurations
ProfileBuilderImpl.getParents,getConfigurationInternal
ProfileBuilderImpl.getParents,get
ProfileBuilderImpl.getParents,split
ProfileBuilderImpl.getParents,asList
ProfileBuilderImpl.addParent,addParentsInternal
ProfileBuilderImpl.addParent,singletonList
ProfileBuilderImpl.addParents,addParentsInternal
ProfileBuilderImpl.setParents,addParentsInternal
ProfileBuilderImpl.addParentsInternal,getParents
ProfileBuilderImpl.addParentsInternal,clear
ProfileBuilderImpl.addParentsInternal,addAll
ProfileBuilderImpl.addParentsInternal,updateParentsAttribute
ProfileBuilderImpl.removeParent,getParents
ProfileBuilderImpl.removeParent,remove
ProfileBuilderImpl.removeParent,updateParentsAttribute
ProfileBuilderImpl.updateParentsAttribute,getConfigurationInternal
ProfileBuilderImpl.updateParentsAttribute,remove
ProfileBuilderImpl.updateParentsAttribute,size
ProfileBuilderImpl.updateParentsAttribute,put
ProfileBuilderImpl.updateParentsAttribute,parentsAttributeValue
ProfileBuilderImpl.updateParentsAttribute,addConfiguration
ProfileBuilderImpl.parentsAttributeValue,isEmpty
ProfileBuilderImpl.parentsAttributeValue,join
ProfileBuilderImpl.getFileConfigurationKeys,keySet
ProfileBuilderImpl.getFileConfiguration,get
ProfileBuilderImpl.setFileConfigurations,forEach
ProfileBuilderImpl.setFileConfigurations,put
ProfileBuilderImpl.addFileConfiguration,put
ProfileBuilderImpl.deleteFileConfiguration,remove
ProfileBuilderImpl.setConfigurations,getConfigurationKeys
ProfileBuilderImpl.setConfigurations,deleteConfiguration
ProfileBuilderImpl.setConfigurations,entrySet
ProfileBuilderImpl.setConfigurations,addConfiguration
ProfileBuilderImpl.setConfigurations,getKey
ProfileBuilderImpl.setConfigurations,getValue
ProfileBuilderImpl.addConfiguration,put
ProfileBuilderImpl.addConfiguration,toBytes
ProfileBuilderImpl.addConfiguration,getConfigurationInternal
ProfileBuilderImpl.addConfiguration,addConfiguration
ProfileBuilderImpl.getConfigurationKeys,keySet
ProfileBuilderImpl.getConfigurationKeys,endsWith
ProfileBuilderImpl.getConfigurationKeys,substring
ProfileBuilderImpl.getConfigurationKeys,indexOf
ProfileBuilderImpl.getConfigurationKeys,add
ProfileBuilderImpl.getConfigurationKeys,unmodifiableSet
ProfileBuilderImpl.getConfiguration,getConfigurationInternal
ProfileBuilderImpl.getConfigurationInternal,get
ProfileBuilderImpl.getConfigurationInternal,toProperties
ProfileBuilderImpl.deleteConfiguration,remove
ProfileBuilderImpl.setBundles,addProfileConfiguration
ProfileBuilderImpl.addBundle,addProfileConfiguration
ProfileBuilderImpl.setFeatures,addProfileConfiguration
ProfileBuilderImpl.addFeature,addProfileConfiguration
ProfileBuilderImpl.setRepositories,addProfileConfiguration
ProfileBuilderImpl.addRepository,addProfileConfiguration
ProfileBuilderImpl.setBlacklistedBundles,addProfileConfiguration
ProfileBuilderImpl.addBlacklistedBundle,addProfileConfiguration
ProfileBuilderImpl.setBlacklistedFeatures,addProfileConfiguration
ProfileBuilderImpl.addBlacklistedFeature,addProfileConfiguration
ProfileBuilderImpl.setBlacklistedRepositories,addProfileConfiguration
ProfileBuilderImpl.addBlacklistedRepository,addProfileConfiguration
ProfileBuilderImpl.setOverrides,addProfileConfiguration
ProfileBuilderImpl.setOptionals,addProfileConfiguration
ProfileBuilderImpl.setOverlay,addConfiguration
ProfileBuilderImpl.setOverlay,toString
ProfileBuilderImpl.addAttribute,addConfiguration
ProfileBuilderImpl.setAttributes,getConfigurationInternal
ProfileBuilderImpl.setAttributes,keySet
ProfileBuilderImpl.setAttributes,startsWith
ProfileBuilderImpl.setAttributes,remove
ProfileBuilderImpl.setAttributes,entrySet
ProfileBuilderImpl.setAttributes,put
ProfileBuilderImpl.setAttributes,getKey
ProfileBuilderImpl.setAttributes,getValue
ProfileBuilderImpl.setAttributes,addConfiguration
ProfileBuilderImpl.addProfileConfiguration,getConfigurationInternal
ProfileBuilderImpl.addProfileConfiguration,keySet
ProfileBuilderImpl.addProfileConfiguration,startsWith
ProfileBuilderImpl.addProfileConfiguration,remove
ProfileBuilderImpl.addProfileConfiguration,put
ProfileBuilderImpl.addProfileConfiguration,addConfiguration
ProfileBuilderImpl.getProfile,forEach
ProfileBuilderImpl.getProfile,put
ProfileBuilderImpl.getProfile,reformat
ProfileBuilderImpl.getProfile,getParents
ProfileBuilderImpl.reformat,equals
ProfileBuilderImpl.reformat,toProperties
ProfileBuilderImpl.reformat,keySet
ProfileBuilderImpl.reformat,get
ProfileBuilderImpl.reformat,startsWith
ProfileBuilderImpl.reformat,put
ProfileBuilderImpl.reformat,setHeader
ProfileBuilderImpl.reformat,asList
ProfileBuilderImpl.reformat,comment
ProfileBuilderImpl.reformat,addGroupOfProperties
ProfileBuilderImpl.reformat,toBytes
ProfileBuilderImpl.addGroupOfProperties,entrySet
ProfileBuilderImpl.addGroupOfProperties,put
ProfileBuilderImpl.addGroupOfProperties,getKey
ProfileBuilderImpl.addGroupOfProperties,comment
ProfileBuilderImpl.addGroupOfProperties,getValue
ProfileBuilderImpl.comment,asList
ProfileBuilderImpl.equals,getClass
ProfileBuilderImpl.equals,equals
ProfileBuilderImpl.hashCode,hashCode
FileContent.equals,getClass
FileContent.equals,equals
FileContent.hashCode,hashCode
ProfileImpl.getAttributes,unmodifiableMap
ProfileImpl.getConfig,getPrefixedMap
ProfileImpl.getSystem,getPrefixedMap
ProfileImpl.getPrefixedMap,get
ProfileImpl.getPrefixedMap,length
ProfileImpl.getPrefixedMap,entrySet
ProfileImpl.getPrefixedMap,getKey
ProfileImpl.getPrefixedMap,startsWith
ProfileImpl.getPrefixedMap,put
ProfileImpl.getPrefixedMap,substring
ProfileImpl.getPrefixedMap,getValue
ProfileImpl.getPrefixedMap,toString
ProfileImpl.getParentIds,unmodifiableList
ProfileImpl.getBundles,getContainerConfigList
ProfileImpl.getFeatures,getContainerConfigList
ProfileImpl.getRepositories,getContainerConfigList
ProfileImpl.getBlacklistedBundles,getContainerConfigList
ProfileImpl.getBlacklistedBundles,stream
ProfileImpl.getBlacklistedBundles,map
ProfileImpl.getBlacklistedBundles,collect
ProfileImpl.getBlacklistedBundles,toList
ProfileImpl.getBlacklistedFeatures,getContainerConfigList
ProfileImpl.getBlacklistedFeatures,stream
ProfileImpl.getBlacklistedFeatures,map
ProfileImpl.getBlacklistedFeatures,collect
ProfileImpl.getBlacklistedFeatures,toList
ProfileImpl.getBlacklistedRepositories,getContainerConfigList
ProfileImpl.getBlacklistedRepositories,stream
ProfileImpl.getBlacklistedRepositories,map
ProfileImpl.getBlacklistedRepositories,collect
ProfileImpl.getBlacklistedRepositories,toList
ProfileImpl.getLibraries,getContainerConfigList
ProfileImpl.getBootLibraries,getContainerConfigList
ProfileImpl.getEndorsedLibraries,getContainerConfigList
ProfileImpl.getExtLibraries,getContainerConfigList
ProfileImpl.getOverrides,getContainerConfigList
ProfileImpl.getOptionals,getContainerConfigList
ProfileImpl.isAbstract,parseBoolean
ProfileImpl.isAbstract,get
ProfileImpl.isHidden,parseBoolean
ProfileImpl.isHidden,get
ProfileImpl.parseBoolean,parseBoolean
ProfileImpl.parseBoolean,toString
ProfileImpl.getConfigurationFileNames,unmodifiableSet
ProfileImpl.getConfigurationFileNames,keySet
ProfileImpl.getFileConfigurations,unmodifiableMap
ProfileImpl.getFileConfiguration,get
ProfileImpl.getConfigurations,unmodifiableMap
ProfileImpl.getConfiguration,get
ProfileImpl.getConfiguration,emptyMap
ProfileImpl.getConfiguration,unmodifiableMap
ProfileImpl.getContainerConfigList,getConfiguration
ProfileImpl.getContainerConfigList,entrySet
ProfileImpl.getContainerConfigList,getKey
ProfileImpl.getContainerConfigList,startsWith
ProfileImpl.getContainerConfigList,add
ProfileImpl.getContainerConfigList,getValue
ProfileImpl.getContainerConfigList,toString
ProfileImpl.hashCode,update
ProfileImpl.hashCode,getBytes
ProfileImpl.hashCode,keySet
ProfileImpl.hashCode,sort
ProfileImpl.hashCode,get
ProfileImpl.hashCode,getValue
ProfileImpl.equals,equals
ProfileImpl.toString,getAttributes
ProfileServiceImpl.acquireWriteLock,acquireLock
ProfileServiceImpl.acquireWriteLock,getLock
ProfileServiceImpl.acquireWriteLock,writeLock
ProfileServiceImpl.acquireReadLock,acquireLock
ProfileServiceImpl.acquireReadLock,getLock
ProfileServiceImpl.acquireReadLock,readLock
ProfileServiceImpl.acquireLock,tryLock
ProfileServiceImpl.registerResolver,add
ProfileServiceImpl.unregisterResolver,remove
ProfileServiceImpl.createProfile,assertNotNull
ProfileServiceImpl.createProfile,acquireWriteLock
ProfileServiceImpl.createProfile,getId
ProfileServiceImpl.createProfile,assertFalse
ProfileServiceImpl.createProfile,hasProfile
ProfileServiceImpl.createProfile,createOrUpdateProfile
ProfileServiceImpl.updateProfile,assertNotNull
ProfileServiceImpl.updateProfile,acquireWriteLock
ProfileServiceImpl.updateProfile,getId
ProfileServiceImpl.updateProfile,getRequiredProfile
ProfileServiceImpl.updateProfile,createOrUpdateProfile
ProfileServiceImpl.hasProfile,assertNotNull
ProfileServiceImpl.hasProfile,acquireReadLock
ProfileServiceImpl.hasProfile,getProfileFromCache
ProfileServiceImpl.getProfile,assertNotNull
ProfileServiceImpl.getProfile,acquireReadLock
ProfileServiceImpl.getProfile,getProfileFromCache
ProfileServiceImpl.getRequiredProfile,assertNotNull
ProfileServiceImpl.getRequiredProfile,acquireReadLock
ProfileServiceImpl.getRequiredProfile,getProfileFromCache
ProfileServiceImpl.getProfiles,acquireReadLock
ProfileServiceImpl.getProfiles,getProfilesFromCache
ProfileServiceImpl.getProfiles,unmodifiableCollection
ProfileServiceImpl.deleteProfile,assertNotNull
ProfileServiceImpl.deleteProfile,acquireWriteLock
ProfileServiceImpl.deleteProfile,getRequiredProfile
ProfileServiceImpl.deleteProfile,deleteProfileFromCache
ProfileServiceImpl.getOverlayProfile,getOverlay
ProfileServiceImpl.getOverlayProfile,loadCache
ProfileServiceImpl.getEffectiveProfile,getEffective
ProfileServiceImpl.createOrUpdateProfile,deleteProfileFromCache
ProfileServiceImpl.createOrUpdateProfile,loadCache
ProfileServiceImpl.createOrUpdateProfile,getParentIds
ProfileServiceImpl.createOrUpdateProfile,containsKey
ProfileServiceImpl.createOrUpdateProfile,writeProfile
ProfileServiceImpl.createOrUpdateProfile,put
ProfileServiceImpl.createOrUpdateProfile,getId
ProfileServiceImpl.getProfileFromCache,loadCache
ProfileServiceImpl.getProfileFromCache,get
ProfileServiceImpl.getProfilesFromCache,loadCache
ProfileServiceImpl.getProfilesFromCache,keySet
ProfileServiceImpl.deleteProfileFromCache,loadCache
ProfileServiceImpl.deleteProfileFromCache,values
ProfileServiceImpl.deleteProfileFromCache,getParentIds
ProfileServiceImpl.deleteProfileFromCache,contains
ProfileServiceImpl.deleteProfileFromCache,getId
ProfileServiceImpl.deleteProfileFromCache,add
ProfileServiceImpl.deleteProfileFromCache,isEmpty
ProfileServiceImpl.deleteProfileFromCache,join
ProfileServiceImpl.deleteProfileFromCache,deleteProfile
ProfileServiceImpl.deleteProfileFromCache,remove
ProfileServiceImpl.loadCache,loadProfiles
ConfigInstaller.installConfigs,add
ConfigInstaller.installConfigs,addAll
ConfigInstaller.installConfigs,getConditional
ConfigInstaller.installConfigs,getConfig
ConfigInstaller.installConfigs,isExternal
ConfigInstaller.installConfigs,installArtifact
ConfigInstaller.installConfigs,getValue
ConfigInstaller.installConfigs,trim
ConfigInstaller.installConfigs,getConfigfile
ConfigInstaller.installConfigs,getLocation
ConfigInstaller.installConfigs,getParent
ConfigInstaller.installConfigs,pidMatching
ConfigInstaller.installConfigs,getName
ConfigInstaller.installConfigs,resolve
ConfigInstaller.installConfigs,exists
ConfigInstaller.installConfigs,isAppend
ConfigInstaller.installConfigs,info
ConfigInstaller.installConfigs,relativize
ConfigInstaller.installConfigs,download
ConfigInstaller.installConfigs,readAllBytes
ConfigInstaller.installConfigs,getFile
ConfigInstaller.installConfigs,toPath
ConfigInstaller.installConfigs,write
ConfigInstaller.installConfigs,copy
ConfigInstaller.installConfigs,getBytes
ConfigInstaller.installConfigs,warn
ConfigInstaller.pidMatching,startsWith
ConfigInstaller.pidMatching,substring
ConfigInstaller.pidMatching,globToRegex
ConfigInstaller.pidMatching,matches
ConfigInstaller.globToRegex,length
ConfigInstaller.globToRegex,toCharArray
ConfigInstaller.globToRegex,append
ConfigInstaller.globToRegex,toString
BundleRevisionInvocationHandler.invoke,getName
BundleRevisionInvocationHandler.invoke,hashCode
BundleRevisionInvocationHandler.invoke,getSymbolicName
BundleRevisionInvocationHandler.invoke,getVersion
BundleRevisionInvocationHandler.invoke,get
BundleRevisionInvocationHandler.invoke,indexOf
BundleRevisionInvocationHandler.invoke,substring
BundleRevisionInvocationHandler.invoke,trim
CustomDownloadManager.createDownloadTask,containsKey
CustomDownloadManager.createDownloadTask,get
CustomMavenDownloader.createDownloadTask,containsKey
CustomMavenDownloader.createDownloadTask,get
Builder.from,values
Builder.from,equals
Builder.supportsEndorsedAndExtLibraries,compareTo
Builder.matches,matcher
Builder.matches,matches
Builder.matches,equals
Builder.profilesUris,addAll
Builder.libraries,addAll
Builder.kars,kars
Builder.kars,put
Builder.repositories,repositories
Builder.repositories,put
Builder.firstStageBootFeatures,addAll
Builder.firstStageBootFeatures,asList
Builder.firstStageBootFeatures,features
Builder.features,features
Builder.features,put
Builder.bundles,bundles
Builder.bundles,put
Builder.profiles,profiles
Builder.profiles,put
Builder.javase,from
Builder.useReferenceUrls,useReferenceUrls
Builder.ignoreDependencyFlag,ignoreDependencyFlag
Builder.offline,offline
Builder.staticFramework,staticFramework
Builder.staticFramework,karafVersion
Builder.staticFramework,format
Builder.staticFramework,defaultStage
Builder.staticFramework,useReferenceUrls
Builder.staticFramework,kars
Builder.blacklistProfiles,addAll
Builder.blacklistFeatures,addAll
Builder.blacklistBundles,addAll
Builder.extraProtocols,setExtraProtocols
Builder.blacklistRepositories,addAll
Builder.pidsToExtract,add
Builder.pidsToExtract,trim
Builder.config,put
Builder.system,put
Builder.generateAssembly,newScheduledThreadPool
Builder.generateAssembly,namedThreadFactory
Builder.generateAssembly,resolve
Builder.generateAssembly,doGenerateAssembly
Builder.generateAssembly,shutdownNow
Builder.doGenerateAssembly,info
Builder.doGenerateAssembly,createMavenResolver
Builder.doGenerateAssembly,createDownloader
Builder.doGenerateAssembly,keySet
Builder.doGenerateAssembly,download
Builder.doGenerateAssembly,await
Builder.doGenerateAssembly,getProviders
Builder.doGenerateAssembly,get
Builder.doGenerateAssembly,getFile
Builder.doGenerateAssembly,toURI
Builder.doGenerateAssembly,extract
Builder.doGenerateAssembly,toFile
Builder.doGenerateAssembly,getFeatureRepos
Builder.doGenerateAssembly,put
Builder.doGenerateAssembly,toString
Builder.doGenerateAssembly,forEach
Builder.doGenerateAssembly,loadExternalProfiles
Builder.doGenerateAssembly,size
Builder.doGenerateAssembly,join
Builder.doGenerateAssembly,create
Builder.doGenerateAssembly,setParents
Builder.doGenerateAssembly,getProfile
Builder.doGenerateAssembly,getOverlay
Builder.doGenerateAssembly,getEffective
Builder.doGenerateAssembly,processBlacklist
Builder.doGenerateAssembly,resolve
Builder.doGenerateAssembly,isFile
Builder.doGenerateAssembly,relativize
Builder.doGenerateAssembly,equals
Builder.doGenerateAssembly,getInstructions
Builder.doGenerateAssembly,getBlacklistedRepositories
Builder.doGenerateAssembly,add
Builder.doGenerateAssembly,getBlacklistedRepositoryLocationPatterns
Builder.doGenerateAssembly,getBlacklistedFeatures
Builder.doGenerateAssembly,getBlacklistedBundles
Builder.doGenerateAssembly,getFeatureReplacements
Builder.doGenerateAssembly,getReplacements
Builder.doGenerateAssembly,getBundleReplacements
Builder.doGenerateAssembly,getOverrideBundles
Builder.doGenerateAssembly,getOverrideBundleDependency
Builder.doGenerateAssembly,getRepositories
Builder.doGenerateAssembly,getFeatures
Builder.doGenerateAssembly,getBundles
Builder.doGenerateAssembly,processOverrides
Builder.doGenerateAssembly,getOverrides
Builder.doGenerateAssembly,addOverrides
Builder.doGenerateAssembly,loadRepositories
Builder.doGenerateAssembly,getFeature
Builder.doGenerateAssembly,isBlacklisted
Builder.doGenerateAssembly,getId
Builder.doGenerateAssembly,getVersion
Builder.doGenerateAssembly,generateProfile
Builder.doGenerateAssembly,asList
Builder.doGenerateAssembly,randomUUID
Builder.doGenerateAssembly,addConfiguration
Builder.doGenerateAssembly,writeProfile
Builder.doGenerateAssembly,warn
Builder.doGenerateAssembly,getMessage
Builder.doGenerateAssembly,putAll
Builder.doGenerateAssembly,getConfig
Builder.doGenerateAssembly,save
Builder.doGenerateAssembly,getSystem
Builder.doGenerateAssembly,downloadLibraries
Builder.doGenerateAssembly,getLibraries
Builder.doGenerateAssembly,reformatClauses
Builder.doGenerateAssembly,getFileConfigurations
Builder.doGenerateAssembly,entrySet
Builder.doGenerateAssembly,getKey
Builder.doGenerateAssembly,exists
Builder.doGenerateAssembly,createDirectories
Builder.doGenerateAssembly,getParent
Builder.doGenerateAssembly,write
Builder.doGenerateAssembly,getValue
Builder.doGenerateAssembly,hasInstructions
Builder.doGenerateAssembly,hasOwnInstructions
Builder.doGenerateAssembly,writeInstructions
Builder.doGenerateAssembly,copy
Builder.doGenerateAssembly,startupStage
Builder.doGenerateAssembly,bootStage
Builder.doGenerateAssembly,installStage
Builder.doGenerateAssembly,setInputEtc
Builder.doGenerateAssembly,setOutputEtc
Builder.doGenerateAssembly,setEdits
Builder.doGenerateAssembly,run
Builder.doGenerateAssembly,mkdirs
Builder.doGenerateAssembly,isDirectory
Builder.doGenerateAssembly,generateConsistencyReport
Builder.doGenerateAssembly,getClass
Builder.doGenerateAssembly,getResourceAsStream
Builder.doGenerateAssembly,toPath
Builder.generateConsistencyReport,getOverlay
Builder.generateConsistencyReport,getEffective
Builder.generateConsistencyReport,add
Builder.generateConsistencyReport,addAll
Builder.generateConsistencyReport,getFeatures
Builder.generateConsistencyReport,getMatching
Builder.generateConsistencyReport,write
Builder.generateConsistencyReport,isBlacklisted
Builder.generateConsistencyReport,contains
Builder.generateConsistencyReport,name
Builder.generateConsistencyReport,forEach
Builder.generateConsistencyReport,include
Builder.generateConsistencyReport,getFeature
Builder.generateConsistencyReport,put
Builder.generateConsistencyReport,getId
Builder.generateConsistencyReport,getBundle
Builder.generateConsistencyReport,computeIfAbsent
Builder.generateConsistencyReport,getLocation
Builder.generateConsistencyReport,trim
Builder.generateConsistencyReport,getConditional
Builder.generateConsistencyReport,asFeature
Builder.generateConsistencyReport,getBundles
Builder.generateConsistencyReport,keySet
Builder.generateConsistencyReport,startsWith
Builder.generateConsistencyReport,substring
Builder.generateConsistencyReport,indexOf
Builder.generateConsistencyReport,format
Builder.generateConsistencyReport,getGroupId
Builder.generateConsistencyReport,getArtifactId
Builder.generateConsistencyReport,values
Builder.generateConsistencyReport,size
Builder.generateConsistencyReport,sanitize
Builder.generateConsistencyReport,get
Builder.generateConsistencyReport,getMessage
Builder.include,isBlacklisted
Builder.include,contains
Builder.sanitize,replaceAll
Builder.hasOwnInstructions,size
Builder.processOverrides,resolve
Builder.processOverrides,toFile
Builder.processOverrides,isFile
Builder.processOverrides,warn
Builder.processOverrides,relativize
Builder.processOverrides,addAll
Builder.processOverrides,loadOverrides
Builder.processOverrides,toURI
Builder.processOverrides,toString
Builder.processBlacklist,resolve
Builder.processBlacklist,toFile
Builder.processBlacklist,isFile
Builder.processBlacklist,warn
Builder.processBlacklist,relativize
Builder.processBlacklist,readAllLines
Builder.processBlacklist,blacklistRepository
Builder.processBlacklist,getBlacklistedRepositories
Builder.processBlacklist,blacklistFeature
Builder.processBlacklist,getBlacklistedFeatures
Builder.processBlacklist,blacklistBundle
Builder.processBlacklist,getBlacklistedBundles
Builder.processBlacklist,merge
Builder.createMavenResolver,put
Builder.createMavenResolver,createMavenResolver
Builder.createMavenResolver,apply
Builder.loadExternalProfiles,startsWith
Builder.loadExternalProfiles,contains
Builder.loadExternalProfiles,substring
Builder.loadExternalProfiles,length
Builder.loadExternalProfiles,indexOf
Builder.loadExternalProfiles,createDownloader
Builder.loadExternalProfiles,download
Builder.loadExternalProfiles,await
Builder.loadExternalProfiles,getProviders
Builder.loadExternalProfiles,get
Builder.loadExternalProfiles,replace
Builder.loadExternalProfiles,getFile
Builder.loadExternalProfiles,toURI
Builder.loadExternalProfiles,toString
Builder.loadExternalProfiles,create
Builder.loadExternalProfiles,newFileSystem
Builder.loadExternalProfiles,getClassLoader
Builder.loadExternalProfiles,provider
Builder.loadExternalProfiles,getPath
Builder.loadExternalProfiles,putAll
Builder.loadExternalProfiles,loadProfiles
Builder.loadExternalProfiles,stream
Builder.loadExternalProfiles,map
Builder.loadExternalProfiles,collect
Builder.loadExternalProfiles,toList
Builder.loadExternalProfiles,keySet
Builder.loadExternalProfiles,matches
Builder.loadExternalProfiles,info
Builder.loadExternalProfiles,put
Builder.loadExternalProfiles,getProfile
Builder.reformatClauses,getProperty
Builder.reformatClauses,isEmpty
Builder.reformatClauses,getComments
Builder.reformatClauses,parseHeader
Builder.reformatClauses,add
Builder.reformatClauses,toString
Builder.reformatClauses,size
Builder.reformatClauses,put
Builder.downloadLibraries,parseClauses
Builder.downloadLibraries,toArray
Builder.downloadLibraries,size
Builder.downloadLibraries,getDirective
Builder.downloadLibraries,getName
Builder.downloadLibraries,supportsEndorsedAndExtLibraries
Builder.downloadLibraries,equals
Builder.downloadLibraries,warn
Builder.downloadLibraries,download
Builder.downloadLibraries,getFile
Builder.downloadLibraries,toPath
Builder.downloadLibraries,getFileName
Builder.downloadLibraries,toString
Builder.downloadLibraries,resolve
Builder.downloadLibraries,toFile
Builder.downloadLibraries,getParentFile
Builder.downloadLibraries,isDirectory
Builder.downloadLibraries,mkdirs
Builder.downloadLibraries,info
Builder.downloadLibraries,relativize
Builder.downloadLibraries,copy
Builder.downloadLibraries,getUrl
Builder.downloadLibraries,startsWith
Builder.downloadLibraries,pathFromMaven
Builder.downloadLibraries,createDirectories
Builder.downloadLibraries,getParent
Builder.downloadLibraries,parseBoolean
Builder.downloadLibraries,getHeaders
Builder.downloadLibraries,get
Builder.downloadLibraries,parseHeader
Builder.downloadLibraries,getProperty
Builder.downloadLibraries,append
Builder.downloadLibraries,setProperty
Builder.installStage,info
Builder.installStage,getOverlay
Builder.installStage,getEffective
Builder.installStage,createDownloader
Builder.installStage,loadRepositories
Builder.installStage,getRepositories
Builder.installStage,values
Builder.installStage,addAll
Builder.installStage,getFeature
Builder.installStage,getMatching
Builder.installStage,getFeatures
Builder.installStage,isBlacklisted
Builder.installStage,getId
Builder.installStage,getBundle
Builder.installStage,isDependency
Builder.installStage,installArtifact
Builder.installStage,getConfigfile
Builder.installStage,getLocation
Builder.installStage,trim
Builder.installStage,getConditional
Builder.installStage,getConditionId
Builder.installStage,getBundles
Builder.installStage,await
Builder.bootStage,info
Builder.bootStage,getOverlay
Builder.bootStage,getEffective
Builder.bootStage,loadRepositories
Builder.bootStage,getRepositories
Builder.bootStage,values
Builder.bootStage,addAll
Builder.bootStage,getFeature
Builder.bootStage,randomUUID
Builder.bootStage,toString
Builder.bootStage,setName
Builder.bootStage,getFeatures
Builder.bootStage,getMatchingFeatures
Builder.bootStage,get
Builder.bootStage,createDependency
Builder.bootStage,add
Builder.bootStage,put
Builder.bootStage,getName
Builder.bootStage,setDependency
Builder.bootStage,setPrerequisite
Builder.bootStage,contains
Builder.bootStage,getBundles
Builder.bootStage,replace
Builder.bootStage,substring
Builder.bootStage,indexOf
Builder.bootStage,length
Builder.bootStage,startsWith
Builder.bootStage,parseInt
Builder.bootStage,debug
Builder.bootStage,setStartLevel
Builder.bootStage,setLocation
Builder.bootStage,getBundle
Builder.bootStage,getRepository
Builder.bootStage,createDownloader
Builder.bootStage,getMatching
Builder.bootStage,singletonList
Builder.bootStage,isBlacklisted
Builder.bootStage,getId
Builder.bootStage,isDependency
Builder.bootStage,getConditional
Builder.bootStage,getConditionId
Builder.bootStage,asList
Builder.bootStage,installArtifact
Builder.bootStage,entrySet
Builder.bootStage,getLocation
Builder.bootStage,trim
Builder.bootStage,getKey
Builder.bootStage,getValue
Builder.bootStage,installConfigs
Builder.bootStage,getLibraries
Builder.bootStage,getType
Builder.bootStage,isExport
Builder.bootStage,isDelegate
Builder.bootStage,resolve
Builder.bootStage,toFile
Builder.bootStage,downloadLibraries
Builder.bootStage,await
Builder.bootStage,reformatClauses
Builder.bootStage,save
Builder.bootStage,isEmpty
Builder.bootStage,marshal
Builder.bootStage,replaceAll
Builder.bootStage,isPrerequisite
Builder.bootStage,warn
Builder.bootStage,getBytes
Builder.bootStage,toByteArray
Builder.bootStage,copy
Builder.bootStage,toPath
Builder.bootStage,getRepos
Builder.bootStage,getBootFeatures
Builder.getRepos,getRepository
Builder.getRepos,length
Builder.getRepos,append
Builder.getRepos,toString
Builder.getBootFeatures,values
Builder.getBootFeatures,isPrerequisite
Builder.getBootFeatures,length
Builder.getBootFeatures,append
Builder.getBootFeatures,getName
Builder.getBootFeatures,isDependency
Builder.getBootFeatures,equals
Builder.getBootFeatures,getVersion
Builder.getBootFeatures,toString
Builder.createDependency,split
Builder.createDependency,setName
Builder.createDependency,setVersion
Builder.startupStage,info
Builder.startupStage,getOverlay
Builder.startupStage,getEffective
Builder.startupStage,loadRepositories
Builder.startupStage,getRepositories
Builder.startupStage,join
Builder.startupStage,getFeatures
Builder.startupStage,getBundles
Builder.startupStage,resolve
Builder.startupStage,values
Builder.startupStage,getOptionals
Builder.startupStage,setHeader
Builder.startupStage,singletonList
Builder.startupStage,invert
Builder.startupStage,entrySet
Builder.startupStage,toString
Builder.startupStage,getKey
Builder.startupStage,getValue
Builder.startupStage,sort
Builder.startupStage,comparing
Builder.startupStage,indexOf
Builder.startupStage,startsWith
Builder.startupStage,pathFromMaven
Builder.startupStage,substring
Builder.startupStage,length
Builder.startupStage,put
Builder.startupStage,save
Builder.startupStage,toFile
Builder.getStaged,keySet
Builder.getStaged,get
Builder.getStaged,add
Builder.getStagedRepositories,keySet
Builder.getStagedRepositories,get
Builder.getStagedRepositories,add
Builder.loadRepositories,createDownloader
Builder.loadRepositories,download
Builder.loadRepositories,getUrl
Builder.loadRepositories,isRepositoryBlacklisted
Builder.loadRepositories,info
Builder.loadRepositories,containsKey
Builder.loadRepositories,pathFromProviderUrl
Builder.loadRepositories,createDirectories
Builder.loadRepositories,getParent
Builder.loadRepositories,copy
Builder.loadRepositories,getFile
Builder.loadRepositories,toPath
Builder.loadRepositories,open
Builder.loadRepositories,isJson
Builder.loadRepositories,unmarshal
Builder.loadRepositories,setBlacklisted
Builder.loadRepositories,process
Builder.loadRepositories,put
Builder.loadRepositories,getRepository
Builder.loadRepositories,await
Builder.downloaded,getUrl
Builder.downloaded,isRepositoryBlacklisted
Builder.downloaded,info
Builder.downloaded,containsKey
Builder.downloaded,pathFromProviderUrl
Builder.downloaded,createDirectories
Builder.downloaded,getParent
Builder.downloaded,copy
Builder.downloaded,getFile
Builder.downloaded,toPath
Builder.downloaded,open
Builder.downloaded,isJson
Builder.downloaded,unmarshal
Builder.downloaded,setBlacklisted
Builder.downloaded,process
Builder.downloaded,put
Builder.downloaded,getRepository
Builder.downloaded,download
Builder.generateProfile,name
Builder.generateProfile,toLowerCase
Builder.generateProfile,getStaged
Builder.generateProfile,isEmpty
Builder.generateProfile,info
Builder.generateProfile,join
Builder.generateProfile,create
Builder.generateProfile,setParents
Builder.generateProfile,setRepositories
Builder.generateProfile,getStagedRepositories
Builder.generateProfile,setFeatures
Builder.generateProfile,setBundles
Builder.generateProfile,getProfile
Builder.resolve,getSystemBundle
Builder.resolve,doResolve
Builder.resolve,stream
Builder.resolve,flatMap
Builder.resolve,entrySet
Builder.resolve,singletonList
Builder.resolve,collect
Builder.resolve,toMap
Builder.doResolve,defaultDeploymentRequest
Builder.doResolve,repositoryOfOptionalResources
Builder.doResolve,getMatchingFeatures
Builder.doResolve,addToMapSet
Builder.doResolve,deployFully
Builder.doResolve,getDeploymentState
Builder.doResolve,getStartupBundles
Builder.repositoryOfOptionalResources,createDownloader
Builder.repositoryOfOptionalResources,download
Builder.repositoryOfOptionalResources,build
Builder.repositoryOfOptionalResources,getUrl
Builder.repositoryOfOptionalResources,getHeaders
Builder.repositoryOfOptionalResources,add
Builder.repositoryOfOptionalResources,await
Builder.getSystemBundle,resolve
Builder.getSystemBundle,loadPropertiesOrFail
Builder.getSystemBundle,toFile
Builder.getSystemBundle,put
Builder.getSystemBundle,substitute
Builder.getSystemBundle,putValue
Builder.getSystemBundle,getProperty
Builder.getSystemBundle,equals
Builder.getSystemBundle,trim
Builder.getSystemBundle,containsKey
Builder.getSystemBundle,replaceAll
Builder.getSystemBundle,entrySet
Builder.getSystemBundle,getKey
Builder.getSystemBundle,toString
Builder.getSystemBundle,getValue
Builder.getHeaders,open
Builder.getHeaders,getNextEntry
Builder.getHeaders,equals
Builder.getHeaders,getName
Builder.getHeaders,getMainAttributes
Builder.getHeaders,entrySet
Builder.getHeaders,put
Builder.getHeaders,getKey
Builder.getHeaders,toString
Builder.getHeaders,getValue
Builder.getHeaders,getUrl
ProfileNamePattern.matches,matcher
ProfileNamePattern.matches,matches
ProfileNamePattern.matches,equals
CustomSimpleDownloadTask.download,createUrl
CustomSimpleDownloadTask.download,getUrl
CustomSimpleDownloadTask.download,createTempFile
CustomSimpleDownloadTask.download,openStream
CustomSimpleDownloadTask.download,copy
CustomSimpleDownloadTask.download,toFile
CustomSimpleDownloadTask.createUrl,getUrlStreamHandler
CustomSimpleDownloadTask.getUrlStreamHandler,contains
CustomSimpleDownloadTask.getUrlStreamHandler,replace
CustomSimpleDownloadTask.getUrlStreamHandler,substring
CustomSimpleDownloadTask.getUrlStreamHandler,indexOf
CustomSimpleDownloadTask.openConnection,transform
CustomSimpleDownloadTask.openConnection,createUrl
CustomSimpleDownloadTask.openConnection,getPath
CustomSimpleDownloadTask.openConnection,close
CustomSimpleDownloadTask.openConnection,toByteArray
CustomSimpleDownloadTask.openConnection,getFileConfiguration
CustomSimpleDownloadTask.openConnection,toExternalForm
CustomSimpleDownloadTask.getInputStream,transform
CustomSimpleDownloadTask.getInputStream,createUrl
CustomSimpleDownloadTask.getInputStream,getPath
CustomSimpleDownloadTask.getInputStream,close
CustomSimpleDownloadTask.getInputStream,toByteArray
CustomSimpleDownloadTask.getInputStream,getFileConfiguration
CustomSimpleDownloadTask.getInputStream,toExternalForm
ProfileURLHandler.openConnection,getPath
ProfileURLHandler.openConnection,getFileConfiguration
ProfileURLHandler.openConnection,toExternalForm
ProfileURLHandler.getInputStream,getPath
ProfileURLHandler.getInputStream,getFileConfiguration
ProfileURLHandler.getInputStream,toExternalForm
FeatureSelector.getMatchingFeatures,getFeature
FeatureSelector.getMatchingFeatures,matches
FeatureSelector.getMatchingFeatures,getName
FeatureSelector.getMatchingFeatures,getVersion
FeatureSelector.getMatchingFeatures,add
FeatureSelector.getMatchingFeatures,getId
FeatureSelector.getMatching,getMatchingFeatures
FeatureSelector.getMatching,addFeatures
FeatureSelector.getMatching,get
FeatureSelector.getMatching,getName
FeatureSelector.getMatching,emptySet
FeatureSelector.getMatching,stream
FeatureSelector.getMatching,filter
FeatureSelector.getMatching,equals
FeatureSelector.getMatching,getVersionRange
FeatureSelector.getMatching,contains
FeatureSelector.getMatching,getVersion
FeatureSelector.getMatching,collect
FeatureSelector.getMatching,toSet
FeatureSelector.addFeatures,getMatching
FeatureSelector.addFeatures,isEmpty
FeatureSelector.addFeatures,add
FeatureSelector.addFeatures,getFeature
FeatureSelector.addFeatures,isBlacklisted
FeatureSelector.addFeatures,addFeatures
FeatureSelector.addFeatures,toString
FeatureSelector.addFeatures,isMandatory
FeatureSelector.isMandatory,isDependency
FeatureSelector.isMandatory,isPrerequisite
URIAwareComparator.compare,startsWith
URIAwareComparator.compare,substring
URIAwareComparator.compare,compareTo
AssemblyDeployCallback.getStartupBundles,entrySet
AssemblyDeployCallback.getStartupBundles,getValue
AssemblyDeployCallback.getStartupBundles,adapt
AssemblyDeployCallback.getStartupBundles,getStartLevel
AssemblyDeployCallback.getStartupBundles,put
AssemblyDeployCallback.getStartupBundles,getKey
AssemblyDeployCallback.saveState,replace
AssemblyDeployCallback.installConfigs,assertNotBlacklisted
AssemblyDeployCallback.installConfigs,createDownloader
AssemblyDeployCallback.installConfigs,resolve
AssemblyDeployCallback.installConfigs,getName
AssemblyDeployCallback.installConfigs,exists
AssemblyDeployCallback.installConfigs,isAppend
AssemblyDeployCallback.installConfigs,info
AssemblyDeployCallback.installConfigs,relativize
AssemblyDeployCallback.installConfigs,isExternal
AssemblyDeployCallback.installConfigs,download
AssemblyDeployCallback.installConfigs,getValue
AssemblyDeployCallback.installConfigs,trim
AssemblyDeployCallback.installConfigs,getFile
AssemblyDeployCallback.installConfigs,toPath
AssemblyDeployCallback.installConfigs,readAllBytes
AssemblyDeployCallback.installConfigs,write
AssemblyDeployCallback.installConfigs,getBytes
AssemblyDeployCallback.installConfigs,getFinalname
AssemblyDeployCallback.installConfigs,startsWith
AssemblyDeployCallback.installConfigs,substring
AssemblyDeployCallback.installConfigs,substFinalName
AssemblyDeployCallback.installConfigs,isOverride
AssemblyDeployCallback.installConfigs,getLocation
AssemblyDeployCallback.installConfigs,copy
AssemblyDeployCallback.installLibraries,assertNotBlacklisted
AssemblyDeployCallback.installLibraries,createDownloader
AssemblyDeployCallback.installLibraries,getLocation
AssemblyDeployCallback.installLibraries,getType
AssemblyDeployCallback.installLibraries,isExport
AssemblyDeployCallback.installLibraries,isDelegate
AssemblyDeployCallback.installLibraries,add
AssemblyDeployCallback.installLibraries,isEmpty
AssemblyDeployCallback.installLibraries,resolve
AssemblyDeployCallback.installLibraries,toFile
AssemblyDeployCallback.installLibraries,downloadLibraries
AssemblyDeployCallback.installLibraries,await
AssemblyDeployCallback.assertNotBlacklisted,isBlacklisted
AssemblyDeployCallback.assertNotBlacklisted,getBlacklistPolicy
AssemblyDeployCallback.assertNotBlacklisted,getId
AssemblyDeployCallback.installBundle,isBundleBlacklisted
AssemblyDeployCallback.installBundle,getBlacklistPolicy
AssemblyDeployCallback.installBundle,info
AssemblyDeployCallback.installBundle,startsWith
AssemblyDeployCallback.installBundle,pathFromMaven
AssemblyDeployCallback.installBundle,replaceAll
AssemblyDeployCallback.installBundle,length
AssemblyDeployCallback.installBundle,substring
AssemblyDeployCallback.installBundle,resolve
AssemblyDeployCallback.installBundle,createDirectories
AssemblyDeployCallback.installBundle,getParent
AssemblyDeployCallback.installBundle,copy
AssemblyDeployCallback.installBundle,toFile
AssemblyDeployCallback.installBundle,getManifest
AssemblyDeployCallback.installBundle,getMainAttributes
AssemblyDeployCallback.installBundle,entrySet
AssemblyDeployCallback.installBundle,put
AssemblyDeployCallback.installBundle,getKey
AssemblyDeployCallback.installBundle,toString
AssemblyDeployCallback.installBundle,getValue
AssemblyDeployCallback.installBundle,incrementAndGet
AssemblyDeployCallback.installBundle,getBundle
AssemblyDeployCallback.installBundle,addToMapSet
AssemblyDeployCallback.installBundle,getBundleId
AssemblyDeployCallback.setBundleStartLevel,adapt
AssemblyDeployCallback.setBundleStartLevel,setStartLevel
AssemblyDeployCallback.bundleBlacklisted,info
AssemblyDeployCallback.bundleBlacklisted,getLocation
AssemblyDeployCallback.substFinalName,startsWith
AssemblyDeployCallback.substFinalName,contains
AssemblyDeployCallback.substFinalName,substring
AssemblyDeployCallback.substFinalName,length
AssemblyDeployCallback.substFinalName,indexOf
ArtifactInstaller.installArtifact,isBlacklisted
ArtifactInstaller.installArtifact,info
ArtifactInstaller.installArtifact,getLocation
ArtifactInstaller.installArtifact,isOverriden
ArtifactInstaller.installArtifact,getOriginalLocation
ArtifactInstaller.installArtifact,trim
ArtifactInstaller.installArtifact,removeTrailingSlash
ArtifactInstaller.installArtifact,stripUrl
ArtifactInstaller.installArtifact,startsWith
ArtifactInstaller.installArtifact,warn
ArtifactInstaller.installArtifact,download
ArtifactInstaller.installArtifact,getUrl
ArtifactInstaller.installArtifact,pathFromProviderUrl
ArtifactInstaller.installArtifact,createDirectories
ArtifactInstaller.installArtifact,getParent
ArtifactInstaller.installArtifact,copy
ArtifactInstaller.installArtifact,getFile
ArtifactInstaller.installArtifact,toPath
ArtifactInstaller.installArtifact,isBundleBlacklisted
ArtifactInstaller.removeTrailingSlash,endsWith
ArtifactInstaller.removeTrailingSlash,substring
ArtifactInstaller.removeTrailingSlash,length
ArtifactInstaller.pathFromProviderUrl,startsWith
ArtifactInstaller.pathFromProviderUrl,get
ArtifactInstaller.pathFromProviderUrl,create
ArtifactInstaller.pathFromProviderUrl,pathFromMaven
ArtifactInstaller.pathFromProviderUrl,resolve
ProfileList.execute,getProfiles
ProfileList.execute,sort
ProfileList.execute,column
ProfileList.execute,getProfile
ProfileList.execute,isHidden
ProfileList.execute,join
ProfileList.execute,getParentIds
ProfileList.execute,addRow
ProfileList.execute,addContent
ProfileList.execute,print
ProfileDisplay.execute,displayProfile
ProfileDisplay.execute,getRequiredProfile
ProfileDisplay.printConfigList,println
ProfileDisplay.printConfigList,printf
ProfileDisplay.displayProfile,println
ProfileDisplay.displayProfile,getId
ProfileDisplay.displayProfile,getAttributes
ProfileDisplay.displayProfile,keySet
ProfileDisplay.displayProfile,get
ProfileDisplay.displayProfile,getOverlayProfile
ProfileDisplay.displayProfile,getEffectiveProfile
ProfileDisplay.displayProfile,getConfigurations
ProfileDisplay.displayProfile,getFileConfigurations
ProfileDisplay.displayProfile,getConfiguration
ProfileDisplay.displayProfile,entrySet
ProfileDisplay.displayProfile,getKey
ProfileDisplay.displayProfile,getValue
ProfileDisplay.displayProfile,startsWith
ProfileDisplay.displayProfile,add
ProfileDisplay.displayProfile,substring
ProfileDisplay.displayProfile,length
ProfileDisplay.displayProfile,containsKey
ProfileDisplay.displayProfile,getLibraries
ProfileDisplay.displayProfile,size
ProfileDisplay.displayProfile,printConfigList
ProfileDisplay.displayProfile,getRepositories
ProfileDisplay.displayProfile,getFeatures
ProfileDisplay.displayProfile,getBundles
ProfileDisplay.displayProfile,getOverrides
ProfileDisplay.displayProfile,remove
ProfileDisplay.displayProfile,endsWith
ProfileDelete.execute,deleteProfile
ProfileChangeParents.execute,getRequiredProfile
ProfileChangeParents.execute,createFrom
ProfileChangeParents.execute,addParents
ProfileChangeParents.execute,getProfile
ProfileChangeParents.execute,updateProfile
ProfileCopy.execute,createFrom
ProfileCopy.execute,identity
ProfileCopy.execute,getProfile
ProfileCopy.execute,createProfile
ProfileCreate.execute,create
ProfileCreate.execute,setParents
ProfileCreate.execute,getProfile
ProfileCreate.execute,createProfile
ProfileEdit.execute,getRequiredProfile
ProfileEdit.execute,editProfile
ProfileEdit.editProfile,createFrom
ProfileEdit.editProfile,handleFeatures
ProfileEdit.editProfile,handleFeatureRepositories
ProfileEdit.editProfile,handleLibraries
ProfileEdit.editProfile,handleBundles
ProfileEdit.editProfile,handleOverrides
ProfileEdit.editProfile,handlePid
ProfileEdit.editProfile,handleSystemProperties
ProfileEdit.editProfile,handleConfigProperties
ProfileEdit.editProfile,openInEditor
ProfileEdit.editProfile,updateProfile
ProfileEdit.editProfile,getProfile
ProfileEdit.handleFeatures,getConfigurationFromBuilder
ProfileEdit.handleFeatures,println
ProfileEdit.handleFeatures,getId
ProfileEdit.handleFeatures,updateConfig
ProfileEdit.handleFeatures,replace
ProfileEdit.handleFeatures,addConfiguration
ProfileEdit.handleFeatureRepositories,getConfigurationFromBuilder
ProfileEdit.handleFeatureRepositories,println
ProfileEdit.handleFeatureRepositories,getId
ProfileEdit.handleFeatureRepositories,updateConfig
ProfileEdit.handleFeatureRepositories,replace
ProfileEdit.handleFeatureRepositories,addConfiguration
ProfileEdit.handleLibraries,getConfigurationFromBuilder
ProfileEdit.handleLibraries,println
ProfileEdit.handleLibraries,getId
ProfileEdit.handleLibraries,updateConfig
ProfileEdit.handleLibraries,replace
ProfileEdit.handleLibraries,addConfiguration
ProfileEdit.handleBundles,getConfigurationFromBuilder
ProfileEdit.handleBundles,println
ProfileEdit.handleBundles,getId
ProfileEdit.handleBundles,updateConfig
ProfileEdit.handleBundles,replace
ProfileEdit.handleBundles,addConfiguration
ProfileEdit.handleOverrides,getConfigurationFromBuilder
ProfileEdit.handleOverrides,println
ProfileEdit.handleOverrides,getId
ProfileEdit.handleOverrides,updateConfig
ProfileEdit.handleOverrides,replace
ProfileEdit.handleOverrides,addConfiguration
ProfileEdit.handlePid,contains
ProfileEdit.handlePid,substring
ProfileEdit.handlePid,indexOf
ProfileEdit.handlePid,getConfigurationFromBuilder
ProfileEdit.handlePid,println
ProfileEdit.handlePid,getId
ProfileEdit.handlePid,importPidFromLocalConfigAdmin
ProfileEdit.handlePid,addConfiguration
ProfileEdit.handlePid,extractConfigs
ProfileEdit.handlePid,isEmpty
ProfileEdit.handlePid,deleteConfiguration
ProfileEdit.handlePid,entrySet
ProfileEdit.handlePid,getKey
ProfileEdit.handlePid,getValue
ProfileEdit.handlePid,remove
ProfileEdit.handlePid,updatedDelimitedList
ProfileEdit.handleSystemProperties,getConfigurationFromBuilder
ProfileEdit.handleSystemProperties,extractConfigs
ProfileEdit.handleSystemProperties,entrySet
ProfileEdit.handleSystemProperties,getKey
ProfileEdit.handleSystemProperties,getValue
ProfileEdit.handleSystemProperties,println
ProfileEdit.handleSystemProperties,getId
ProfileEdit.handleSystemProperties,updatedDelimitedList
ProfileEdit.handleSystemProperties,addConfiguration
ProfileEdit.handleConfigProperties,getConfigurationFromBuilder
ProfileEdit.handleConfigProperties,extractConfigs
ProfileEdit.handleConfigProperties,entrySet
ProfileEdit.handleConfigProperties,getKey
ProfileEdit.handleConfigProperties,getValue
ProfileEdit.handleConfigProperties,println
ProfileEdit.handleConfigProperties,getId
ProfileEdit.handleConfigProperties,updatedDelimitedList
ProfileEdit.handleConfigProperties,addConfiguration
ProfileEdit.updatedDelimitedList,containsKey
ProfileEdit.updatedDelimitedList,get
ProfileEdit.updatedDelimitedList,asList
ProfileEdit.updatedDelimitedList,split
ProfileEdit.updatedDelimitedList,remove
ProfileEdit.updatedDelimitedList,add
ProfileEdit.updatedDelimitedList,size
ProfileEdit.updatedDelimitedList,append
ProfileEdit.updatedDelimitedList,put
ProfileEdit.updatedDelimitedList,toString
ProfileEdit.updateConfig,put
ProfileEdit.updateConfig,remove
ProfileEdit.importPidFromLocalConfigAdmin,listConfigurations
ProfileEdit.importPidFromLocalConfigAdmin,getProcessedProperties
ProfileEdit.importPidFromLocalConfigAdmin,keys
ProfileEdit.importPidFromLocalConfigAdmin,hasMoreElements
ProfileEdit.importPidFromLocalConfigAdmin,valueOf
ProfileEdit.importPidFromLocalConfigAdmin,nextElement
ProfileEdit.importPidFromLocalConfigAdmin,equals
ProfileEdit.importPidFromLocalConfigAdmin,get
ProfileEdit.importPidFromLocalConfigAdmin,put
ProfileEdit.importPidFromLocalConfigAdmin,warn
ProfileEdit.extractConfigs,contains
ProfileEdit.extractConfigs,substring
ProfileEdit.extractConfigs,indexOf
ProfileEdit.extractConfigs,isEmpty
ProfileEdit.extractConfigs,put
ProfileEdit.getConfigurationFromBuilder,getConfiguration
ProfileRename.execute,createFrom
ProfileRename.execute,identity
ProfileRename.execute,getProfile
ProfileRename.execute,createProfile
ProfileRename.execute,deleteProfile
ProfileCompleter.complete,getStrings
ProfileCompleter.complete,addAll
ProfileCompleter.complete,getProfiles
ProfileCompleter.complete,complete
KarsMBeanImpl.getKars,list
KarsMBeanImpl.getKars,toString
KarsMBeanImpl.create,create
KarsMBeanImpl.install,install
KarsMBeanImpl.install,toString
KarsMBeanImpl.uninstall,uninstall
KarsMBeanImpl.uninstall,toString
Kar.extract,toURL
Kar.extract,openStream
Kar.extract,mkdirs
Kar.extract,isDirectory
Kar.extract,debug
Kar.extract,getManifest
Kar.extract,getMainAttributes
Kar.extract,get
Kar.extract,equals
Kar.extract,add
Kar.extract,getNextEntry
Kar.extract,getName
Kar.extract,contains
Kar.extract,warn
Kar.extract,startsWith
Kar.extract,substring
Kar.extract,length
Kar.extract,extract
Kar.extract,isFeaturesRepository
Kar.extract,pathToMaven
Kar.extract,create
Kar.extract,toURI
Kar.extract,getMessage
Kar.extract,closeStream
Kar.extract,getParentFile
Kar.extract,copy
Kar.extract,close
Kar.closeStream,close
Kar.closeStream,warn
Kar.getKarName,toURL
Kar.getKarName,toString
Kar.getKarName,startsWith
Kar.getKarName,indexOf
Kar.getKarName,substring
Kar.getKarName,getName
Kar.getKarName,getFile
Kar.getKarName,lastIndexOf
FeatureDetector.isFeaturesRepository,isFile
FeatureDetector.isFeaturesRepository,getName
FeatureDetector.isFeaturesRepository,endsWith
FeatureDetector.isFeaturesRepository,startsWith
FeatureDetector.isFeaturesRepository,parse
FeatureDetector.isFeaturesRepository,getDocumentElement
FeatureDetector.isFeaturesRepository,getLocalName
FeatureDetector.isFeaturesRepository,getNamespaceURI
FeatureDetector.isFeaturesRepository,equals
FeatureDetector.isFeaturesRepository,debug
FeatureDetector.parse,newDocumentBuilder
FeatureDetector.parse,setErrorHandler
FeatureDetector.parse,parse
KarServiceImpl.install,install
KarServiceImpl.install,getKarName
KarServiceImpl.install,debug
KarServiceImpl.install,set
KarServiceImpl.install,extract
KarServiceImpl.install,writeToFile
KarServiceImpl.install,getFeatureRepos
KarServiceImpl.install,addToFeaturesRepositories
KarServiceImpl.install,isShouldInstallFeatures
KarServiceImpl.install,findMissingDependency
KarServiceImpl.install,installFeatures
KarServiceImpl.install,warn
KarServiceImpl.install,add
KarServiceImpl.install,start
KarServiceImpl.install,isEmpty
KarServiceImpl.install,iterator
KarServiceImpl.install,hasNext
KarServiceImpl.install,next
KarServiceImpl.install,info
KarServiceImpl.install,remove
KarServiceImpl.install,cancel
KarServiceImpl.install,deleteRecursively
KarServiceImpl.findMissingDependency,getRepository
KarServiceImpl.findMissingDependency,getFeatures
KarServiceImpl.findMissingDependency,getDependencies
KarServiceImpl.findMissingDependency,getFeature
KarServiceImpl.findMissingDependency,getName
KarServiceImpl.findMissingDependency,getVersion
KarServiceImpl.readFromFile,readLine
KarServiceImpl.readFromFile,add
KarServiceImpl.readFromFile,getAbsolutePath
KarServiceImpl.readFromFile,close
KarServiceImpl.readFromFile,warn
KarServiceImpl.writeToFile,println
KarServiceImpl.writeToFile,close
KarServiceImpl.writeToFile,getAbsolutePath
KarServiceImpl.writeToFile,closeStream
KarServiceImpl.deleteRecursively,isDirectory
KarServiceImpl.deleteRecursively,listFiles
KarServiceImpl.deleteRecursively,deleteRecursively
KarServiceImpl.deleteRecursively,delete
KarServiceImpl.uninstall,uninstall
KarServiceImpl.uninstall,exists
KarServiceImpl.uninstall,readFromFile
KarServiceImpl.uninstall,uninstallFeatures
KarServiceImpl.uninstall,removeRepository
KarServiceImpl.uninstall,deleteRecursively
KarServiceImpl.list,listFiles
KarServiceImpl.list,isDirectory
KarServiceImpl.list,add
KarServiceImpl.list,getName
KarServiceImpl.addToFeaturesRepositories,removeRepository
KarServiceImpl.addToFeaturesRepositories,addRepository
KarServiceImpl.addToFeaturesRepositories,info
KarServiceImpl.addToFeaturesRepositories,warn
KarServiceImpl.installFeatures,listRepositories
KarServiceImpl.installFeatures,getURI
KarServiceImpl.installFeatures,equals
KarServiceImpl.installFeatures,getFeatures
KarServiceImpl.installFeatures,getInstall
KarServiceImpl.installFeatures,noneOf
KarServiceImpl.installFeatures,debug
KarServiceImpl.installFeatures,add
KarServiceImpl.installFeatures,installFeature
KarServiceImpl.installFeatures,warn
KarServiceImpl.installFeatures,getName
KarServiceImpl.installFeatures,getVersion
KarServiceImpl.create,getRepository
KarServiceImpl.create,getParentFile
KarServiceImpl.create,mkdirs
KarServiceImpl.create,createNonAutoStartManifest
KarServiceImpl.create,getURI
KarServiceImpl.create,copyResourceToJar
KarServiceImpl.create,getFeatures
KarServiceImpl.create,put
KarServiceImpl.create,getName
KarServiceImpl.create,println
KarServiceImpl.create,copyFeatureToJar
KarServiceImpl.create,getMessage
KarServiceImpl.create,closeStream
KarServiceImpl.getFeatures,addAll
KarServiceImpl.getFeatures,values
KarServiceImpl.getFeatures,get
KarServiceImpl.getFeatures,println
KarServiceImpl.getFeatures,add
KarServiceImpl.getFeatures,getDependencies
KarServiceImpl.getFeatures,getName
KarServiceImpl.getFeatures,getFeatures
KarServiceImpl.createNonAutoStartManifest,toString
KarServiceImpl.createNonAutoStartManifest,getBytes
KarServiceImpl.closeStream,close
KarServiceImpl.closeStream,warn
KarServiceImpl.copyFeatureToJar,getBundles
KarServiceImpl.copyFeatureToJar,getLocation
KarServiceImpl.copyFeatureToJar,trim
KarServiceImpl.copyFeatureToJar,copyResourceToJar
KarServiceImpl.copyFeatureToJar,getConfigurationFiles
KarServiceImpl.copyFeatureToJar,getConditional
KarServiceImpl.copyResourceToJar,containsKey
KarServiceImpl.copyResourceToJar,toString
KarServiceImpl.copyResourceToJar,substring
KarServiceImpl.copyResourceToJar,lastIndexOf
KarServiceImpl.copyResourceToJar,getArtifactPath
KarServiceImpl.copyResourceToJar,putNextEntry
KarServiceImpl.copyResourceToJar,toURL
KarServiceImpl.copyResourceToJar,openStream
KarServiceImpl.copyResourceToJar,copy
KarServiceImpl.copyResourceToJar,put
KarServiceImpl.copyResourceToJar,error
KarServiceImpl.uninstallFeatures,listRepositories
KarServiceImpl.uninstallFeatures,getURI
KarServiceImpl.uninstallFeatures,equals
KarServiceImpl.uninstallFeatures,getFeatures
KarServiceImpl.uninstallFeatures,getInstall
KarServiceImpl.uninstallFeatures,noneOf
KarServiceImpl.uninstallFeatures,debug
KarServiceImpl.uninstallFeatures,add
KarServiceImpl.uninstallFeatures,uninstallFeature
KarServiceImpl.uninstallFeatures,getName
KarServiceImpl.uninstallFeatures,getVersion
KarServiceImpl.uninstallFeatures,warn
KarServiceImpl.cancel,set
KarServiceImpl.run,get
KarServiceImpl.run,sleep
KarServiceImpl.run,toMillis
KarServiceImpl.run,installDelayedKars
KarServiceImpl.installDelayedKars,iterator
KarServiceImpl.installDelayedKars,hasNext
KarServiceImpl.installDelayedKars,next
KarServiceImpl.installDelayedKars,remove
KarServiceImpl.installDelayedKars,installFeatures
KarServiceImpl.installDelayedKars,getFeatureRepos
KarServiceImpl.installDelayedKars,error
KarServiceImpl.installDelayedKars,getKarName
DelayedDeployerThread.cancel,set
DelayedDeployerThread.run,get
DelayedDeployerThread.run,sleep
DelayedDeployerThread.run,toMillis
DelayedDeployerThread.run,installDelayedKars
DelayedDeployerThread.installDelayedKars,iterator
DelayedDeployerThread.installDelayedKars,hasNext
DelayedDeployerThread.installDelayedKars,next
DelayedDeployerThread.installDelayedKars,remove
DelayedDeployerThread.installDelayedKars,installFeatures
DelayedDeployerThread.installDelayedKars,getFeatureRepos
DelayedDeployerThread.installDelayedKars,error
DelayedDeployerThread.installDelayedKars,getKarName
ListKarCommand.execute,column
ListKarCommand.execute,list
ListKarCommand.execute,addRow
ListKarCommand.execute,addContent
ListKarCommand.execute,print
CreateKarCommand.execute,create
UninstallKarCommand.execute,uninstall
InstallKarCommand.execute,install
KarCompleter.complete,list
KarCompleter.complete,getStrings
KarCompleter.complete,add
KarCompleter.complete,complete
JndiMBeanImpl.getNames,names
JndiMBeanImpl.getNames,getMessage
JndiMBeanImpl.getContexts,contexts
JndiMBeanImpl.getContexts,getMessage
JndiMBeanImpl.alias,alias
JndiMBeanImpl.alias,getMessage
JndiMBeanImpl.bind,bind
JndiMBeanImpl.bind,getMessage
JndiMBeanImpl.unbind,unbind
JndiMBeanImpl.unbind,getMessage
JndiMBeanImpl.create,create
JndiMBeanImpl.create,getMessage
JndiMBeanImpl.delete,delete
JndiMBeanImpl.delete,getMessage
JndiServiceImpl.names,names
JndiServiceImpl.names,putAll
JndiServiceImpl.names,startsWith
JndiServiceImpl.names,getBundles
JndiServiceImpl.names,getRegisteredServices
JndiServiceImpl.names,getProperty
JndiServiceImpl.names,getService
JndiServiceImpl.names,isProxy
JndiServiceImpl.names,unwrap
JndiServiceImpl.names,call
JndiServiceImpl.names,toString
JndiServiceImpl.names,put
JndiServiceImpl.names,getClass
JndiServiceImpl.names,getName
JndiServiceImpl.names,ungetService
JndiServiceImpl.names,list
JndiServiceImpl.names,hasMoreElements
JndiServiceImpl.names,nextElement
JndiServiceImpl.names,lookup
JndiServiceImpl.names,contains
JndiServiceImpl.names,append
JndiServiceImpl.names,getClassName
JndiServiceImpl.names,listBindings
JndiServiceImpl.names,hasMore
JndiServiceImpl.names,next
JndiServiceImpl.names,getObject
JndiServiceImpl.contexts,contexts
JndiServiceImpl.contexts,list
JndiServiceImpl.contexts,hasMoreElements
JndiServiceImpl.contexts,nextElement
JndiServiceImpl.contexts,lookup
JndiServiceImpl.contexts,getName
JndiServiceImpl.contexts,append
JndiServiceImpl.contexts,listBindings
JndiServiceImpl.contexts,hasMore
JndiServiceImpl.contexts,next
JndiServiceImpl.contexts,getObject
JndiServiceImpl.contexts,add
JndiServiceImpl.contexts,toString
JndiServiceImpl.create,split
JndiServiceImpl.create,lookup
JndiServiceImpl.create,createSubcontext
JndiServiceImpl.delete,destroySubcontext
JndiServiceImpl.bind,getBundles
JndiServiceImpl.bind,getRegisteredServices
JndiServiceImpl.bind,getProperty
JndiServiceImpl.bind,getService
JndiServiceImpl.bind,isProxy
JndiServiceImpl.bind,unwrap
JndiServiceImpl.bind,call
JndiServiceImpl.bind,split
JndiServiceImpl.bind,lookup
JndiServiceImpl.bind,createSubcontext
JndiServiceImpl.bind,bind
JndiServiceImpl.bind,ungetService
JndiServiceImpl.alias,startsWith
JndiServiceImpl.alias,getBundles
JndiServiceImpl.alias,getRegisteredServices
JndiServiceImpl.alias,getProperty
JndiServiceImpl.alias,equals
JndiServiceImpl.alias,substring
JndiServiceImpl.alias,length
JndiServiceImpl.alias,getService
JndiServiceImpl.alias,isProxy
JndiServiceImpl.alias,unwrap
JndiServiceImpl.alias,call
JndiServiceImpl.alias,split
JndiServiceImpl.alias,lookup
JndiServiceImpl.alias,createSubcontext
JndiServiceImpl.alias,bind
JndiServiceImpl.alias,ungetService
JndiServiceImpl.unbind,startsWith
JndiServiceImpl.unbind,unbind
UnbindCommand.execute,unbind
NamesCommand.execute,column
NamesCommand.execute,names
NamesCommand.execute,keySet
NamesCommand.execute,addRow
NamesCommand.execute,addContent
NamesCommand.execute,get
NamesCommand.execute,print
AliasCommand.execute,alias
BindCommand.execute,bind
ContextsCommand.execute,column
ContextsCommand.execute,contexts
ContextsCommand.execute,addRow
ContextsCommand.execute,addContent
ContextsCommand.execute,print
ServicesIdCompleter.complete,getBundles
ServicesIdCompleter.complete,getRegisteredServices
ServicesIdCompleter.complete,getProperty
ServicesIdCompleter.complete,getStrings
ServicesIdCompleter.complete,add
ServicesIdCompleter.complete,toString
ServicesIdCompleter.complete,complete
NamesCompleter.complete,names
NamesCompleter.complete,keySet
NamesCompleter.complete,getStrings
NamesCompleter.complete,add
NamesCompleter.complete,complete
ContextsCompleter.complete,contexts
ContextsCompleter.complete,getStrings
ContextsCompleter.complete,add
ContextsCompleter.complete,complete
ServletServiceImpl.getServlets,emptyList
ServletServiceImpl.getServlets,adapt
ServletServiceImpl.getServlets,listServlets
HttpMBeanImpl.getServlets,getServlets
HttpMBeanImpl.getServlets,getBundle
HttpMBeanImpl.getServlets,getBundleId
HttpMBeanImpl.getServlets,getServletClass
HttpMBeanImpl.getServlets,getServletName
HttpMBeanImpl.getServlets,toString
HttpMBeanImpl.getServlets,getContexts
HttpMBeanImpl.getServlets,getType
HttpMBeanImpl.getServlets,getMapping
HttpMBeanImpl.getServlets,put
HttpMBeanImpl.getProxies,getProxies
HttpMBeanImpl.getProxyBalancingPolicies,getBalancingPolicies
HttpMBeanImpl.getProxyBalancingPolicies,toString
HttpMBeanImpl.addProxy,addProxy
HttpMBeanImpl.addProxy,toString
HttpMBeanImpl.removeProxy,removeProxy
HttpMBeanImpl.removeProxy,toString
ProxyServiceImpl.getBalancingPolicies,getServiceReferences
ProxyServiceImpl.getBalancingPolicies,getProperty
ProxyServiceImpl.getBalancingPolicies,add
ProxyServiceImpl.getBalancingPolicies,toString
ProxyServiceImpl.addProxy,validateUrl
ProxyServiceImpl.addProxy,addProxyInternal
ProxyServiceImpl.addProxy,updateConfiguration
ProxyServiceImpl.removeProxy,debug
ProxyServiceImpl.removeProxy,remove
ProxyServiceImpl.removeProxy,unregister
ProxyServiceImpl.removeProxy,updateConfiguration
ProxyServiceImpl.update,debug
ProxyServiceImpl.update,get
ProxyServiceImpl.update,split
ProxyServiceImpl.update,trim
ProxyServiceImpl.update,validateUrl
ProxyServiceImpl.update,containsKey
ProxyServiceImpl.update,equals
ProxyServiceImpl.update,addProxyInternal
ProxyServiceImpl.update,error
ProxyServiceImpl.addProxyInternal,getBalancingPolicy
ProxyServiceImpl.addProxyInternal,debug
ProxyServiceImpl.addProxyInternal,getUrl
ProxyServiceImpl.addProxyInternal,getProxyTo
ProxyServiceImpl.addProxyInternal,setProxyTo
ProxyServiceImpl.addProxyInternal,getServiceReferences
ProxyServiceImpl.addProxyInternal,size
ProxyServiceImpl.addProxyInternal,getService
ProxyServiceImpl.addProxyInternal,iterator
ProxyServiceImpl.addProxyInternal,next
ProxyServiceImpl.addProxyInternal,setBalancingPolicy
ProxyServiceImpl.addProxyInternal,put
ProxyServiceImpl.addProxyInternal,getUniqueServletName
ProxyServiceImpl.addProxyInternal,registerService
ProxyServiceImpl.addProxyInternal,error
ProxyServiceImpl.updateConfiguration,getConfiguration
ProxyServiceImpl.updateConfiguration,getProcessedProperties
ProxyServiceImpl.updateConfiguration,size
ProxyServiceImpl.updateConfiguration,entrySet
ProxyServiceImpl.updateConfiguration,getKey
ProxyServiceImpl.updateConfiguration,getValue
ProxyServiceImpl.updateConfiguration,getProxyTo
ProxyServiceImpl.updateConfiguration,getBalancingPolicy
ProxyServiceImpl.updateConfiguration,put
ProxyServiceImpl.updateConfiguration,update
ProxyServiceImpl.updateConfiguration,error
ProxyServiceImpl.validateUrl,startsWith
ProxyServiceImpl.getUniqueServletName,getUrl
ProxyServiceImpl.getUniqueServletName,substring
RandomBalancingPolicy.selectHost,nextInt
ProxyServlet.init,setParameter
ProxyServlet.init,createHttpClient
ProxyServlet.createHttpClient,forName
ProxyServlet.createHttpClient,getConstructor
ProxyServlet.createHttpClient,newInstance
ProxyServlet.destroy,log
ProxyServlet.destroy,getConnectionManager
ProxyServlet.destroy,shutdown
ProxyServlet.service,split
ProxyServlet.service,selectHost
ProxyServlet.service,create
ProxyServlet.service,extractHost
ProxyServlet.service,debug
ProxyServlet.service,getMethod
ProxyServlet.service,rewriteUrlFromRequest
ProxyServlet.service,getHeader
ProxyServlet.service,setEntity
ProxyServlet.service,getInputStream
ProxyServlet.service,getContentLength
ProxyServlet.service,copyRequestHeaders
ProxyServlet.service,setXForwardedForHeader
ProxyServlet.service,execute
ProxyServlet.service,getStatusLine
ProxyServlet.service,getStatusCode
ProxyServlet.service,copyResponseHeaders
ProxyServlet.service,doResponseRedirect
ProxyServlet.service,setStatus
ProxyServlet.service,copyResponseEntity
ProxyServlet.service,abort
ProxyServlet.service,consumeQuietly
ProxyServlet.service,getEntity
ProxyServlet.doResponseRedirect,getLastHeader
ProxyServlet.doResponseRedirect,rewriteUrlFromResponse
ProxyServlet.doResponseRedirect,getValue
ProxyServlet.doResponseRedirect,sendRedirect
ProxyServlet.doResponseRedirect,setIntHeader
ProxyServlet.doResponseRedirect,setStatus
ProxyServlet.close,close
ProxyServlet.close,log
ProxyServlet.close,getMessage
ProxyServlet.consumeQuietly,consume
ProxyServlet.consumeQuietly,log
ProxyServlet.consumeQuietly,getMessage
ProxyServlet.copyRequestHeaders,getHeaderNames
ProxyServlet.copyRequestHeaders,hasMoreElements
ProxyServlet.copyRequestHeaders,nextElement
ProxyServlet.copyRequestHeaders,equalsIgnoreCase
ProxyServlet.copyRequestHeaders,containsHeader
ProxyServlet.copyRequestHeaders,getHeaders
ProxyServlet.copyRequestHeaders,getHostName
ProxyServlet.copyRequestHeaders,getPort
ProxyServlet.copyRequestHeaders,getRealCookie
ProxyServlet.copyRequestHeaders,addHeader
ProxyServlet.setXForwardedForHeader,getRemoteAddr
ProxyServlet.setXForwardedForHeader,getHeader
ProxyServlet.setXForwardedForHeader,setHeader
ProxyServlet.copyResponseHeaders,getAllHeaders
ProxyServlet.copyResponseHeaders,containsHeader
ProxyServlet.copyResponseHeaders,getName
ProxyServlet.copyResponseHeaders,equalsIgnoreCase
ProxyServlet.copyResponseHeaders,copyProxyCookie
ProxyServlet.copyResponseHeaders,setHeader
ProxyServlet.copyResponseHeaders,getValue
ProxyServlet.copyProxyCookie,parse
ProxyServlet.copyProxyCookie,getValue
ProxyServlet.copyProxyCookie,getContextPath
ProxyServlet.copyProxyCookie,getServletPath
ProxyServlet.copyProxyCookie,getCookieNamePrefix
ProxyServlet.copyProxyCookie,getName
ProxyServlet.copyProxyCookie,setComment
ProxyServlet.copyProxyCookie,getComment
ProxyServlet.copyProxyCookie,setMaxAge
ProxyServlet.copyProxyCookie,getMaxAge
ProxyServlet.copyProxyCookie,setPath
ProxyServlet.copyProxyCookie,setSecure
ProxyServlet.copyProxyCookie,getSecure
ProxyServlet.copyProxyCookie,setVersion
ProxyServlet.copyProxyCookie,getVersion
ProxyServlet.copyProxyCookie,addCookie
ProxyServlet.getRealCookie,split
ProxyServlet.getRealCookie,startsWith
ProxyServlet.getRealCookie,getCookieNamePrefix
ProxyServlet.getRealCookie,substring
ProxyServlet.getRealCookie,length
ProxyServlet.getRealCookie,append
ProxyServlet.getRealCookie,toString
ProxyServlet.getCookieNamePrefix,getServletConfig
ProxyServlet.getCookieNamePrefix,getServletName
ProxyServlet.copyResponseEntity,getEntity
ProxyServlet.copyResponseEntity,getOutputStream
ProxyServlet.copyResponseEntity,writeTo
ProxyServlet.rewriteUrlFromRequest,append
ProxyServlet.rewriteUrlFromRequest,getPathInfo
ProxyServlet.rewriteUrlFromRequest,encodeUriQuery
ProxyServlet.rewriteUrlFromRequest,getQueryString
ProxyServlet.rewriteUrlFromRequest,indexOf
ProxyServlet.rewriteUrlFromRequest,substring
ProxyServlet.rewriteUrlFromRequest,rewriteQueryStringFromRequest
ProxyServlet.rewriteUrlFromRequest,length
ProxyServlet.rewriteUrlFromRequest,toString
ProxyServlet.rewriteUrlFromResponse,startsWith
ProxyServlet.rewriteUrlFromResponse,getRequestURL
ProxyServlet.rewriteUrlFromResponse,toString
ProxyServlet.rewriteUrlFromResponse,getPathInfo
ProxyServlet.rewriteUrlFromResponse,endsWith
ProxyServlet.rewriteUrlFromResponse,substring
ProxyServlet.rewriteUrlFromResponse,length
ProxyServlet.encodeUriQuery,length
ProxyServlet.encodeUriQuery,charAt
ProxyServlet.encodeUriQuery,get
ProxyServlet.encodeUriQuery,isISOControl
ProxyServlet.encodeUriQuery,isSpaceChar
ProxyServlet.encodeUriQuery,append
ProxyServlet.encodeUriQuery,format
Activator.updated,update
Activator.updated,println
Activator.updated,keys
Activator.updated,hasMoreElements
Activator.updated,nextElement
Activator.updated,get
ProxyRemoveCommand.execute,removeProxy
ProxyBalancingListCommand.execute,getBalancingPolicies
ProxyBalancingListCommand.execute,println
ProxyListCommand.execute,column
ProxyListCommand.execute,getProxies
ProxyListCommand.execute,keySet
ProxyListCommand.execute,addRow
ProxyListCommand.execute,addContent
ProxyListCommand.execute,get
ProxyListCommand.execute,getProxyTo
ProxyListCommand.execute,getBalancingPolicy
ProxyListCommand.execute,print
ProxyAddCommand.execute,addProxy
ProxyUrlCompleter.complete,getProxies
ProxyUrlCompleter.complete,keySet
ProxyUrlCompleter.complete,getStrings
ProxyUrlCompleter.complete,add
ProxyUrlCompleter.complete,complete
FeaturesPlugin.start,getClass
FeaturesPlugin.start,getClassLoader
FeaturesPlugin.start,info
FeaturesPlugin.stop,info
FeaturesPlugin.doPost,getParameter
FeaturesPlugin.doPost,equals
FeaturesPlugin.doPost,installFeature
FeaturesPlugin.doPost,uninstallFeature
FeaturesPlugin.doPost,refreshRepository
FeaturesPlugin.doPost,removeRepository
FeaturesPlugin.doPost,addRepository
FeaturesPlugin.doPost,sleep
FeaturesPlugin.doPost,renderJSON
FeaturesPlugin.renderContent,getWriter
FeaturesPlugin.renderContent,getAttribute
FeaturesPlugin.renderContent,println
FeaturesPlugin.renderContent,print
FeaturesPlugin.renderContent,writeJSON
FeaturesPlugin.getResource,substring
FeaturesPlugin.getResource,length
FeaturesPlugin.getResource,isEmpty
FeaturesPlugin.getResource,getResource
FeaturesPlugin.getResource,openStream
FeaturesPlugin.getResource,error
FeaturesPlugin.getResource,getMessage
FeaturesPlugin.getResource,close
FeaturesPlugin.installFeature,error
FeaturesPlugin.installFeature,installFeature
FeaturesPlugin.uninstallFeature,error
FeaturesPlugin.uninstallFeature,uninstallFeature
FeaturesPlugin.removeRepository,error
FeaturesPlugin.removeRepository,removeRepository
FeaturesPlugin.refreshRepository,error
FeaturesPlugin.refreshRepository,refreshRepository
FeaturesPlugin.addRepository,error
FeaturesPlugin.addRepository,addRepository
FeaturesPlugin.renderJSON,setContentType
FeaturesPlugin.renderJSON,setCharacterEncoding
FeaturesPlugin.renderJSON,getWriter
FeaturesPlugin.renderJSON,writeJSON
FeaturesPlugin.writeJSON,getRepositories
FeaturesPlugin.writeJSON,getFeatures
FeaturesPlugin.writeJSON,getStatusLine
FeaturesPlugin.writeJSON,object
FeaturesPlugin.writeJSON,key
FeaturesPlugin.writeJSON,value
FeaturesPlugin.writeJSON,array
FeaturesPlugin.writeJSON,getName
FeaturesPlugin.writeJSON,getURI
FeaturesPlugin.writeJSON,toString
FeaturesPlugin.writeJSON,matches
FeaturesPlugin.writeJSON,replaceFirst
FeaturesPlugin.writeJSON,startsWith
FeaturesPlugin.writeJSON,action
FeaturesPlugin.writeJSON,endArray
FeaturesPlugin.writeJSON,endObject
FeaturesPlugin.writeJSON,featureInfo
FeaturesPlugin.getRepositories,error
FeaturesPlugin.getRepositories,addAll
FeaturesPlugin.getRepositories,asList
FeaturesPlugin.getRepositories,listRepositories
FeaturesPlugin.getRepositories,getMessage
FeaturesPlugin.getFeatures,error
FeaturesPlugin.getFeatures,getFeatures
FeaturesPlugin.getFeatures,isInstalled
FeaturesPlugin.getFeatures,add
FeaturesPlugin.getFeatures,getName
FeaturesPlugin.getFeatures,getMessage
FeaturesPlugin.getFeatures,sort
FeaturesPlugin.compare,getName
FeaturesPlugin.compare,toLowerCase
FeaturesPlugin.compare,compareTo
FeaturesPlugin.getStatusLine,getState
FeaturesPlugin.getStatusLine,append
FeaturesPlugin.getStatusLine,appendFeatureInfoCount
FeaturesPlugin.getStatusLine,size
FeaturesPlugin.getStatusLine,toString
FeaturesPlugin.appendFeatureInfoCount,append
FeaturesPlugin.featureInfo,object
FeaturesPlugin.featureInfo,key
FeaturesPlugin.featureInfo,value
FeaturesPlugin.featureInfo,getId
FeaturesPlugin.featureInfo,getName
FeaturesPlugin.featureInfo,getVersion
FeaturesPlugin.featureInfo,getRepository
FeaturesPlugin.featureInfo,getState
FeaturesPlugin.featureInfo,toString
FeaturesPlugin.featureInfo,array
FeaturesPlugin.featureInfo,action
FeaturesPlugin.featureInfo,endArray
FeaturesPlugin.featureInfo,endObject
FeaturesPlugin.action,object
FeaturesPlugin.action,key
FeaturesPlugin.action,value
FeaturesPlugin.action,endObject
ExtendedFeatureComparator.compare,getName
ExtendedFeatureComparator.compare,toLowerCase
ExtendedFeatureComparator.compare,compareTo
ExtendedFeature.toString,substring
ExtendedFeature.toString,toLowerCase
ExtendedFeature.getBundles,getBundles
ExtendedFeature.getConfigurations,getConfigurations
ExtendedFeature.getConfigurationFiles,getConfigurationFiles
ExtendedFeature.getConditional,getConditional
ExtendedFeature.getCapabilities,getCapabilities
ExtendedFeature.getRequirements,getRequirements
ExtendedFeature.getDependencies,getDependencies
ExtendedFeature.getId,getId
ExtendedFeature.getName,getName
ExtendedFeature.getVersion,getVersion
ExtendedFeature.getResolver,getResolver
ExtendedFeature.getDescription,getDescription
ExtendedFeature.getDetails,getDetails
ExtendedFeature.getInstall,getInstall
ExtendedFeature.isHidden,isHidden
ExtendedFeature.hasVersion,hasVersion
ExtendedFeature.getScoping,getScoping
ExtendedFeature.getLibraries,getLibraries
ExtendedFeature.getNamespace,getNamespace
ExtendedFeature.getResourceRepositories,getResourceRepositories
ExtendedFeature.getRepositoryUrl,getRepositoryUrl
ExtendedFeature.isBlacklisted,isBlacklisted
HttpPlugin.start,getClass
HttpPlugin.start,getClassLoader
HttpPlugin.start,info
HttpPlugin.stop,info
HttpPlugin.renderContent,getWriter
HttpPlugin.renderContent,getAttribute
HttpPlugin.renderContent,println
HttpPlugin.renderContent,print
HttpPlugin.renderContent,writeJSON
HttpPlugin.getResource,substring
HttpPlugin.getResource,length
HttpPlugin.getResource,isEmpty
HttpPlugin.getResource,getResource
HttpPlugin.getResource,openStream
HttpPlugin.getResource,error
HttpPlugin.getResource,getMessage
HttpPlugin.getResource,close
HttpPlugin.writeJSON,getServletDetails
HttpPlugin.writeJSON,getWebDetails
HttpPlugin.writeJSON,getProxies
HttpPlugin.writeJSON,getStatusLine
HttpPlugin.writeJSON,object
HttpPlugin.writeJSON,key
HttpPlugin.writeJSON,value
HttpPlugin.writeJSON,array
HttpPlugin.writeJSON,getId
HttpPlugin.writeJSON,getServlet
HttpPlugin.writeJSON,getServletName
HttpPlugin.writeJSON,getType
HttpPlugin.writeJSON,getUrls
HttpPlugin.writeJSON,endArray
HttpPlugin.writeJSON,getContexts
HttpPlugin.writeJSON,endObject
HttpPlugin.writeJSON,getBundleId
HttpPlugin.writeJSON,getState
HttpPlugin.writeJSON,getContextPath
HttpPlugin.writeJSON,getWebState
HttpPlugin.writeJSON,keySet
HttpPlugin.writeJSON,get
HttpPlugin.writeJSON,getProxyTo
HttpPlugin.writeJSON,getBalancingPolicy
HttpPlugin.getServletDetails,adapt
HttpPlugin.getServletDetails,listServlets
HttpPlugin.getServletDetails,getServletClass
HttpPlugin.getServletDetails,getServletName
HttpPlugin.getServletDetails,contains
HttpPlugin.getServletDetails,substring
HttpPlugin.getServletDetails,lastIndexOf
HttpPlugin.getServletDetails,getMapping
HttpPlugin.getServletDetails,getContexts
HttpPlugin.getServletDetails,setId
HttpPlugin.getServletDetails,getBundle
HttpPlugin.getServletDetails,getBundleId
HttpPlugin.getServletDetails,setServlet
HttpPlugin.getServletDetails,setServletName
HttpPlugin.getServletDetails,setType
HttpPlugin.getServletDetails,getType
HttpPlugin.getServletDetails,setUrls
HttpPlugin.getServletDetails,setContexts
HttpPlugin.getServletDetails,add
HttpPlugin.getWebDetails,adapt
HttpPlugin.getWebDetails,listWebApplications
HttpPlugin.getWebDetails,isWab
HttpPlugin.getWebDetails,setBundleId
HttpPlugin.getWebDetails,getBundle
HttpPlugin.getWebDetails,getBundleId
HttpPlugin.getWebDetails,setContextPath
HttpPlugin.getWebDetails,getContextPath
HttpPlugin.getWebDetails,trim
HttpPlugin.getWebDetails,getState
HttpPlugin.getWebDetails,setState
HttpPlugin.getWebDetails,setWebState
HttpPlugin.getWebDetails,getDeploymentState
HttpPlugin.getWebDetails,add
HttpPlugin.getStatusLine,merge
HttpPlugin.getStatusLine,getType
HttpPlugin.getStatusLine,entrySet
HttpPlugin.getStatusLine,append
HttpPlugin.getStatusLine,getKey
HttpPlugin.getStatusLine,getValue
InstancePlugin.start,getClass
InstancePlugin.start,getClassLoader
InstancePlugin.start,info
InstancePlugin.stop,info
InstancePlugin.renderContent,getWriter
InstancePlugin.renderContent,getAttribute
InstancePlugin.renderContent,println
InstancePlugin.renderContent,print
InstancePlugin.renderContent,writeJSON
InstancePlugin.doPost,getParameter
InstancePlugin.doPost,equals
InstancePlugin.doPost,parsePortNumber
InstancePlugin.doPost,parseString
InstancePlugin.doPost,parseStringList
InstancePlugin.doPost,createInstance
InstancePlugin.doPost,destroyInstance
InstancePlugin.doPost,startInstance
InstancePlugin.doPost,stopInstance
InstancePlugin.doPost,sleep
InstancePlugin.doPost,renderJSON
InstancePlugin.parseString,trim
InstancePlugin.parseString,length
InstancePlugin.parseStringList,split
InstancePlugin.parseStringList,trim
InstancePlugin.parseStringList,length
InstancePlugin.parseStringList,add
InstancePlugin.parsePortNumber,parseInt
InstancePlugin.getResource,substring
InstancePlugin.getResource,length
InstancePlugin.getResource,isEmpty
InstancePlugin.getResource,getResource
InstancePlugin.getResource,openStream
InstancePlugin.getResource,error
InstancePlugin.getResource,getMessage
InstancePlugin.getResource,close
InstancePlugin.renderJSON,setContentType
InstancePlugin.renderJSON,setCharacterEncoding
InstancePlugin.renderJSON,getWriter
InstancePlugin.renderJSON,writeJSON
InstancePlugin.writeJSON,getInstances
InstancePlugin.writeJSON,object
InstancePlugin.writeJSON,key
InstancePlugin.writeJSON,value
InstancePlugin.writeJSON,getStatusLine
InstancePlugin.writeJSON,array
InstancePlugin.writeJSON,instanceInfo
InstancePlugin.writeJSON,endArray
InstancePlugin.writeJSON,endObject
InstancePlugin.writeJSON,getLogger
InstancePlugin.writeJSON,log
InstancePlugin.writeJSON,getName
InstancePlugin.instanceInfo,object
InstancePlugin.instanceInfo,key
InstancePlugin.instanceInfo,value
InstancePlugin.instanceInfo,getPid
InstancePlugin.instanceInfo,getName
InstancePlugin.instanceInfo,getSshPort
InstancePlugin.instanceInfo,getRmiRegistryPort
InstancePlugin.instanceInfo,getRmiServerPort
InstancePlugin.instanceInfo,getState
InstancePlugin.instanceInfo,getJavaOpts
InstancePlugin.instanceInfo,getLocation
InstancePlugin.instanceInfo,array
InstancePlugin.instanceInfo,action
InstancePlugin.instanceInfo,equals
InstancePlugin.instanceInfo,endArray
InstancePlugin.instanceInfo,endObject
InstancePlugin.action,object
InstancePlugin.action,key
InstancePlugin.action,value
InstancePlugin.action,endObject
InstancePlugin.getStatusLine,getInstances
InstancePlugin.getStatusLine,getState
InstancePlugin.getStatusLine,getLogger
InstancePlugin.getStatusLine,log
InstancePlugin.getStatusLine,getName
InstancePlugin.getStatusLine,append
InstancePlugin.getStatusLine,toString
InstancePlugin.createInstance,createInstance
InstancePlugin.createInstance,getLogger
InstancePlugin.createInstance,log
InstancePlugin.createInstance,getName
InstancePlugin.destroyInstance,getInstance
InstancePlugin.destroyInstance,destroy
InstancePlugin.destroyInstance,getLogger
InstancePlugin.destroyInstance,log
InstancePlugin.destroyInstance,getName
InstancePlugin.startInstance,getInstance
InstancePlugin.startInstance,start
InstancePlugin.startInstance,getLogger
InstancePlugin.startInstance,log
InstancePlugin.startInstance,getName
InstancePlugin.stopInstance,getInstance
InstancePlugin.stopInstance,stop
InstancePlugin.stopInstance,getLogger
InstancePlugin.stopInstance,log
InstancePlugin.stopInstance,getName
Terminal.reset_hard,reset_screen
Terminal.reset_hard,reset_soft
Terminal.reset_soft,esc_DECSC
Terminal.reset_screen,fill
Terminal.reset_screen,add
Terminal.utf8_decode,toCharArray
Terminal.utf8_decode,append
Terminal.utf8_decode,toString
Terminal.peek,arraycopy
Terminal.peek,min
Terminal.poke,arraycopy
Terminal.poke,setDirty
Terminal.fill,fill
Terminal.fill,setDirty
Terminal.clear,fill
Terminal.scroll_area_up,scroll_area_up
Terminal.scroll_area_up,min
Terminal.scroll_area_up,poke
Terminal.scroll_area_up,peek
Terminal.scroll_area_up,clear
Terminal.scroll_area_down,scroll_area_down
Terminal.scroll_area_down,min
Terminal.scroll_area_down,poke
Terminal.scroll_area_down,peek
Terminal.scroll_area_down,clear
Terminal.scroll_area_set,max
Terminal.scroll_area_set,min
Terminal.scroll_line_right,scroll_line_right
Terminal.scroll_line_right,min
Terminal.scroll_line_right,poke
Terminal.scroll_line_right,peek
Terminal.scroll_line_right,clear
Terminal.scroll_line_left,scroll_line_left
Terminal.scroll_line_left,min
Terminal.scroll_line_left,poke
Terminal.scroll_line_left,peek
Terminal.scroll_line_left,clear
Terminal.cursor_line_width,utf8_charwidth
Terminal.cursor_line_width,min
Terminal.cursor_line_width,peek
Terminal.cursor_up,cursor_up
Terminal.cursor_up,max
Terminal.cursor_up,setDirty
Terminal.cursor_down,cursor_down
Terminal.cursor_down,min
Terminal.cursor_down,setDirty
Terminal.cursor_left,cursor_left
Terminal.cursor_left,max
Terminal.cursor_left,setDirty
Terminal.cursor_right,cursor_right
Terminal.cursor_right,min
Terminal.cursor_right,setDirty
Terminal.cursor_set_x,max
Terminal.cursor_set_x,setDirty
Terminal.cursor_set_y,max
Terminal.cursor_set_y,min
Terminal.cursor_set_y,setDirty
Terminal.cursor_set,cursor_set_x
Terminal.cursor_set,cursor_set_y
Terminal.ctrl_BS,cursor_set
Terminal.ctrl_BS,max
Terminal.ctrl_HT,ctrl_HT
Terminal.ctrl_HT,size
Terminal.ctrl_HT,get
Terminal.ctrl_HT,cursor_set_x
Terminal.ctrl_LF,ctrl_CR
Terminal.ctrl_LF,scroll_area_up
Terminal.ctrl_LF,cursor_down
Terminal.ctrl_CR,cursor_set_x
Terminal.dumb_write,ctrl_BS
Terminal.dumb_write,ctrl_HT
Terminal.dumb_write,ctrl_LF
Terminal.dumb_write,ctrl_CR
Terminal.dumb_echo,ctrl_CR
Terminal.dumb_echo,ctrl_LF
Terminal.dumb_echo,cursor_line_width
Terminal.dumb_echo,scroll_line_right
Terminal.dumb_echo,poke
Terminal.dumb_echo,cursor_right
Terminal.vt100_charset_set,vt100_charset_update
Terminal.vt100_charset_select,vt100_charset_update
Terminal.vt100_setmode,vt100_parse_params
Terminal.vt100_setmode,equals
Terminal.vt100_setmode,reset_screen
Terminal.vt100_setmode,cursor_set
Terminal.ctrl_SO,vt100_charset_set
Terminal.ctrl_SI,vt100_charset_set
Terminal.esc_CSI,vt100_parse_reset
Terminal.esc_DECALN,fill
Terminal.esc_G0_0,vt100_charset_select
Terminal.esc_G0_1,vt100_charset_select
Terminal.esc_G0_2,vt100_charset_select
Terminal.esc_G0_3,vt100_charset_select
Terminal.esc_G0_4,vt100_charset_select
Terminal.esc_G1_0,vt100_charset_select
Terminal.esc_G1_1,vt100_charset_select
Terminal.esc_G1_2,vt100_charset_select
Terminal.esc_G1_3,vt100_charset_select
Terminal.esc_G1_4,vt100_charset_select
Terminal.esc_DECSC,put
Terminal.esc_DECRC,get
Terminal.esc_DECRC,vt100_charset_update
Terminal.esc_IND,ctrl_LF
Terminal.esc_NEL,ctrl_CR
Terminal.esc_NEL,ctrl_LF
Terminal.esc_HTS,csi_CTC
Terminal.esc_RI,scroll_area_down
Terminal.esc_RI,cursor_up
Terminal.esc_DCS,vt100_parse_reset
Terminal.esc_SOS,vt100_parse_reset
Terminal.esc_DECID,csi_DA
Terminal.esc_OSC,vt100_parse_reset
Terminal.esc_PM,vt100_parse_reset
Terminal.esc_APC,vt100_parse_reset
Terminal.esc_RIS,reset_hard
Terminal.csi_ICH,vt100_parse_params
Terminal.csi_ICH,scroll_line_right
Terminal.csi_CUU,vt100_parse_params
Terminal.csi_CUU,cursor_up
Terminal.csi_CUU,max
Terminal.csi_CUD,vt100_parse_params
Terminal.csi_CUD,cursor_down
Terminal.csi_CUD,max
Terminal.csi_CUF,vt100_parse_params
Terminal.csi_CUF,cursor_right
Terminal.csi_CUF,max
Terminal.csi_CUB,vt100_parse_params
Terminal.csi_CUB,cursor_left
Terminal.csi_CUB,max
Terminal.csi_CNL,csi_CUD
Terminal.csi_CNL,ctrl_CR
Terminal.csi_CPL,csi_CUU
Terminal.csi_CPL,ctrl_CR
Terminal.csi_CHA,vt100_parse_params
Terminal.csi_CHA,cursor_set_x
Terminal.csi_CUP,vt100_parse_params
Terminal.csi_CUP,cursor_set
Terminal.csi_CHT,vt100_parse_params
Terminal.csi_CHT,ctrl_HT
Terminal.csi_CHT,max
Terminal.csi_ED,vt100_parse_params
Terminal.csi_ED,equals
Terminal.csi_ED,clear
Terminal.csi_EL,vt100_parse_params
Terminal.csi_EL,equals
Terminal.csi_EL,clear
Terminal.csi_IL,vt100_parse_params
Terminal.csi_IL,scroll_area_down
Terminal.csi_IL,max
Terminal.csi_DL,vt100_parse_params
Terminal.csi_DL,scroll_area_up
Terminal.csi_DL,max
Terminal.csi_DCH,vt100_parse_params
Terminal.csi_DCH,scroll_line_left
Terminal.csi_DCH,max
Terminal.csi_SU,vt100_parse_params
Terminal.csi_SU,scroll_area_up
Terminal.csi_SU,max
Terminal.csi_SD,vt100_parse_params
Terminal.csi_SD,scroll_area_down
Terminal.csi_SD,max
Terminal.csi_CTC,vt100_parse_params
Terminal.csi_CTC,equals
Terminal.csi_CTC,indexOf
Terminal.csi_CTC,add
Terminal.csi_CTC,sort
Terminal.csi_CTC,remove
Terminal.csi_CTC,valueOf
Terminal.csi_ECH,vt100_parse_params
Terminal.csi_ECH,min
Terminal.csi_ECH,max
Terminal.csi_ECH,clear
Terminal.csi_CBT,vt100_parse_params
Terminal.csi_CBT,ctrl_HT
Terminal.csi_CBT,max
Terminal.csi_HPA,vt100_parse_params
Terminal.csi_HPA,cursor_set_x
Terminal.csi_HPR,csi_CUF
Terminal.csi_REP,vt100_parse_params
Terminal.csi_REP,min
Terminal.csi_REP,max
Terminal.csi_REP,dumb_echo
Terminal.csi_DA,vt100_parse_params
Terminal.csi_DA,equals
Terminal.csi_VPA,vt100_parse_params
Terminal.csi_VPA,cursor_set_y
Terminal.csi_VPR,csi_CUD
Terminal.csi_HVP,csi_CUP
Terminal.csi_TBC,vt100_parse_params
Terminal.csi_TBC,equals
Terminal.csi_TBC,csi_CTC
Terminal.csi_SM,vt100_setmode
Terminal.csi_RM,vt100_setmode
Terminal.csi_SGR,vt100_parse_params
Terminal.csi_DSR,vt100_parse_params
Terminal.csi_DSR,equals
Terminal.csi_DECSTBM,vt100_parse_params
Terminal.csi_DECSTBM,scroll_area_set
Terminal.csi_DECSTBM,cursor_set
Terminal.csi_DECREQTPARM,vt100_parse_params
Terminal.csi_DECREQTPARM,equals
Terminal.csi_DECSTR,reset_soft
Terminal.vt100_parse_params,length
Terminal.vt100_parse_params,charAt
Terminal.vt100_parse_params,toString
Terminal.vt100_parse_params,substring
Terminal.vt100_parse_params,split
Terminal.vt100_parse_params,max
Terminal.vt100_parse_params,parseInt
Terminal.vt100_parse_reset,vt100_parse_reset
Terminal.vt100_parse_process,esc_DECSC
Terminal.vt100_parse_process,esc_DECRC
Terminal.vt100_parse_process,esc_IND
Terminal.vt100_parse_process,esc_NEL
Terminal.vt100_parse_process,esc_HTS
Terminal.vt100_parse_process,esc_RI
Terminal.vt100_parse_process,esc_SS2
Terminal.vt100_parse_process,esc_SS3
Terminal.vt100_parse_process,esc_DCS
Terminal.vt100_parse_process,esc_SOS
Terminal.vt100_parse_process,esc_CSI
Terminal.vt100_parse_process,esc_ST
Terminal.vt100_parse_process,esc_OSC
Terminal.vt100_parse_process,esc_PM
Terminal.vt100_parse_process,esc_APC
Terminal.vt100_parse_process,esc_RIS
Terminal.vt100_parse_process,esc_DECALN
Terminal.vt100_parse_process,esc_G0_0
Terminal.vt100_parse_process,esc_G0_1
Terminal.vt100_parse_process,esc_G0_2
Terminal.vt100_parse_process,esc_G0_3
Terminal.vt100_parse_process,esc_G0_4
Terminal.vt100_parse_process,esc_G1_2
Terminal.vt100_parse_process,esc_G1_3
Terminal.vt100_parse_process,esc_G1_4
Terminal.vt100_parse_process,esc_G1_0
Terminal.vt100_parse_process,esc_G1_1
Terminal.vt100_parse_process,vt100_parse_reset
Terminal.vt100_parse_process,csi_ICH
Terminal.vt100_parse_process,csi_CUU
Terminal.vt100_parse_process,csi_CUD
Terminal.vt100_parse_process,csi_CUF
Terminal.vt100_parse_process,csi_CUB
Terminal.vt100_parse_process,csi_CNL
Terminal.vt100_parse_process,csi_CPL
Terminal.vt100_parse_process,csi_CHA
Terminal.vt100_parse_process,csi_CUP
Terminal.vt100_parse_process,csi_CHT
Terminal.vt100_parse_process,csi_ED
Terminal.vt100_parse_process,csi_EL
Terminal.vt100_parse_process,csi_IL
Terminal.vt100_parse_process,csi_DL
Terminal.vt100_parse_process,csi_DCH
Terminal.vt100_parse_process,csi_SU
Terminal.vt100_parse_process,csi_SD
Terminal.vt100_parse_process,csi_CTC
Terminal.vt100_parse_process,csi_ECH
Terminal.vt100_parse_process,csi_CBT
Terminal.vt100_parse_process,csi_HPA
Terminal.vt100_parse_process,csi_HPR
Terminal.vt100_parse_process,csi_REP
Terminal.vt100_parse_process,csi_DA
Terminal.vt100_parse_process,csi_VPA
Terminal.vt100_parse_process,csi_VPR
Terminal.vt100_parse_process,csi_HVP
Terminal.vt100_parse_process,csi_TBC
Terminal.vt100_parse_process,csi_SM
Terminal.vt100_parse_process,csi_RM
Terminal.vt100_parse_process,csi_SGR
Terminal.vt100_parse_process,csi_DSR
Terminal.vt100_parse_process,csi_DECSTBM
Terminal.vt100_parse_process,csi_SCP
Terminal.vt100_parse_process,csi_RCP
Terminal.vt100_parse_process,csi_DECREQTPARM
Terminal.vt100_parse_process,csi_DECSTR
Terminal.vt100_write,vt100_parse_reset
Terminal.vt100_write,ctrl_SO
Terminal.vt100_write,ctrl_SI
Terminal.vt100_write,vt100_parse_process
Terminal.setDirty,set
Terminal.setDirty,notifyAll
Terminal.setSize,reset_screen
Terminal.pipe,toCharArray
Terminal.pipe,append
Terminal.pipe,toString
Terminal.write,utf8_decode
Terminal.write,toCharArray
Terminal.write,vt100_write
Terminal.write,dumb_write
Terminal.write,dumb_echo
Terminal.dump,get
Terminal.dump,wait
Terminal.dump,compareAndSet
Terminal.dump,min
Terminal.dump,append
Terminal.dump,utf8_charwidth
Terminal.dump,toString
Terminal.toString,append
Terminal.toString,toString
WebTerminal.getWidth,getColumns
WebTerminal.getHeight,getRows
WebTerminal.isEchoEnabled,echo
WebTerminal.setEchoEnabled,echo
GogoPlugin.start,info
GogoPlugin.stop,info
GogoPlugin.renderContent,getWriter
GogoPlugin.renderContent,getAttribute
GogoPlugin.renderContent,println
GogoPlugin.getResource,substring
GogoPlugin.getResource,length
GogoPlugin.getResource,isEmpty
GogoPlugin.getResource,getClass
GogoPlugin.getResource,getClassLoader
GogoPlugin.getResource,getResource
GogoPlugin.getResource,openStream
GogoPlugin.getResource,error
GogoPlugin.getResource,getMessage
GogoPlugin.getResource,close
GogoPlugin.doPost,getHeader
GogoPlugin.doPost,toLowerCase
GogoPlugin.doPost,contains
GogoPlugin.doPost,getSession
GogoPlugin.doPost,getAttribute
GogoPlugin.doPost,isClosed
GogoPlugin.doPost,setAttribute
GogoPlugin.doPost,getParameter
GogoPlugin.doPost,handle
GogoPlugin.doPost,length
GogoPlugin.doPost,setHeader
GogoPlugin.doPost,getOutputStream
GogoPlugin.doPost,write
GogoPlugin.doPost,getBytes
GogoPlugin.doPost,close
GogoPlugin.doPost,printStackTrace
GogoPlugin.getCurrentUserName,getContext
GogoPlugin.getCurrentUserName,getSubject
GogoPlugin.getCurrentUserName,getPrincipals
GogoPlugin.getCurrentUserName,iterator
GogoPlugin.getCurrentUserName,hasNext
GogoPlugin.getCurrentUserName,next
GogoPlugin.getCurrentUserName,getName
GogoPlugin.handle,length
GogoPlugin.handle,pipe
GogoPlugin.handle,getBytes
GogoPlugin.handle,write
GogoPlugin.handle,flush
GogoPlugin.handle,dump
GogoPlugin.handle,toString
GogoPlugin.run,read
GogoPlugin.run,append
GogoPlugin.run,length
GogoPlugin.run,write
GogoPlugin.run,toString
GogoPlugin.run,getBytes
GogoPlugin.run,printStackTrace
SessionTerminal.getCurrentUserName,getContext
SessionTerminal.getCurrentUserName,getSubject
SessionTerminal.getCurrentUserName,getPrincipals
SessionTerminal.getCurrentUserName,iterator
SessionTerminal.getCurrentUserName,hasNext
SessionTerminal.getCurrentUserName,next
SessionTerminal.getCurrentUserName,getName
SessionTerminal.handle,length
SessionTerminal.handle,pipe
SessionTerminal.handle,getBytes
SessionTerminal.handle,write
SessionTerminal.handle,flush
SessionTerminal.handle,dump
SessionTerminal.handle,toString
SessionTerminal.run,read
SessionTerminal.run,append
SessionTerminal.run,length
SessionTerminal.run,write
SessionTerminal.run,toString
SessionTerminal.run,getBytes
SessionTerminal.run,printStackTrace
JaasSecurityProvider.updated,getString
JaasSecurityProvider.updated,parseInt
JaasSecurityProvider.getString,get
JaasSecurityProvider.getString,toString
JaasSecurityProvider.doAuthenticate,getPrincipals
JaasSecurityProvider.doAuthenticate,add
JaasSecurityProvider.doAuthenticate,login
JaasSecurityProvider.doAuthenticate,length
JaasSecurityProvider.doAuthenticate,indexOf
JaasSecurityProvider.doAuthenticate,substring
JaasSecurityProvider.doAuthenticate,getClass
JaasSecurityProvider.doAuthenticate,getName
JaasSecurityProvider.doAuthenticate,equals
JaasSecurityProvider.doAuthenticate,debug
JaasSecurityProvider.doAuthenticate,warn
JaasSecurityProvider.doAuthenticate,error
JaasSecurityProvider.authenticate,getHeader
JaasSecurityProvider.authenticate,length
JaasSecurityProvider.authenticate,trim
JaasSecurityProvider.authenticate,indexOf
JaasSecurityProvider.authenticate,substring
JaasSecurityProvider.authenticate,equalsIgnoreCase
JaasSecurityProvider.authenticate,base64Decode
JaasSecurityProvider.authenticate,getSession
JaasSecurityProvider.authenticate,getAttribute
JaasSecurityProvider.authenticate,getRemoteHost
JaasSecurityProvider.authenticate,getRemotePort
JaasSecurityProvider.authenticate,doAuthenticate
JaasSecurityProvider.authenticate,setAttribute
JaasSecurityProvider.authenticate,setMaxInactiveInterval
JaasSecurityProvider.authenticate,warn
JaasSecurityProvider.authenticate,requireAuthentication
JaasSecurityProvider.logout,getSession
JaasSecurityProvider.logout,removeAttribute
JaasSecurityProvider.logout,invalidate
JaasSecurityProvider.requireAuthentication,setHeader
JaasSecurityProvider.requireAuthentication,setStatus
JaasSecurityProvider.requireAuthentication,setContentLength
JaasSecurityProvider.requireAuthentication,flushBuffer
JaasSecurityProvider.requireAuthentication,debug
JaasSecurityProvider.base64Decode,decodeBase64
KarafOsgiManager.service,getAttribute
KarafOsgiManager.service,doAs
KarafOsgiManager.service,doService
KarafOsgiManager.service,getException
KarafOsgiManager.doService,setHeader
KarafOsgiManager.doService,getPathInfo
KarafOsgiManager.doService,getServletPath
KarafOsgiManager.getPathInfo,getPathInfo
KarafOsgiManager.getPathInfo,getServletPath
KarafOsgiManager.getServletPath,getPathInfo
KarafOsgiManager.getServletPath,getServletPath
KarafOsgiManagerActivator.start,put
KarafOsgiManagerActivator.start,registerService
KarafOsgiManagerActivator.start,getName
KarafOsgiManagerActivator.stop,dispose
KarafOsgiManagerActivator.stop,unregister
CamelComponent.activate,getBundleContext
CamelComponent.activate,setClassResolver
CamelComponent.activate,getCamelContextExtension
CamelComponent.activate,setName
CamelComponent.activate,registerService
CamelComponent.activate,start
CamelComponent.activate,addRoutes
CamelComponent.activate,from
CamelComponent.activate,id
CamelComponent.activate,convertBodyTo
CamelComponent.activate,log
CamelComponent.activate,choice
CamelComponent.activate,when
CamelComponent.activate,simple
CamelComponent.activate,setHeader
CamelComponent.activate,jsonpath
CamelComponent.activate,to
CamelComponent.activate,constant
CamelComponent.activate,otherwise
CamelComponent.activate,setBody
CamelComponent.configure,from
CamelComponent.configure,id
CamelComponent.configure,convertBodyTo
CamelComponent.configure,log
CamelComponent.configure,choice
CamelComponent.configure,when
CamelComponent.configure,simple
CamelComponent.configure,setHeader
CamelComponent.configure,jsonpath
CamelComponent.configure,to
CamelComponent.configure,constant
CamelComponent.configure,otherwise
CamelComponent.configure,setBody
CamelComponent.deactivate,stop
CamelComponent.deactivate,removeRouteDefinitions
CamelComponent.deactivate,getRouteDefinitions
CamelComponent.deactivate,unregister
WebsocketExampleServlet.init,getServletContext
WebsocketExampleServlet.init,getAttribute
WebsocketExampleServlet.init,getName
WebsocketExampleServlet.init,addEndpoint
WebsocketExampleServlet.init,start
WebSocketExampleEndpoint.onOpen,setMaxIdleTimeout
WebSocketExampleEndpoint.onOpen,add
WebSocketExampleEndpoint.onClose,remove
WebSocketExampleEndpoint.run,getBasicRemote
WebSocketExampleEndpoint.run,sendText
WebSocketExampleEndpoint.run,sleep
WebSocketExampleEndpoint.run,printStackTrace
NotificationThread.run,getBasicRemote
NotificationThread.run,sendText
NotificationThread.run,sleep
NotificationThread.run,printStackTrace
JaasExampleCommand.execute,action
JaasExampleCommand.execute,println
SecuredServiceImpl.action,login
SecuredServiceImpl.action,getSubject
ExampleServlet.doGet,service
ExampleServlet.doGet,getWriter
ExampleServlet.doGet,println
ExampleServlet.doGet,info
ExampleServlet.doGet,getRemoteAddr
ExampleServlet.doGet,getRequestURL
ExampleServlet.doPost,service
ExampleServlet.service,getWriter
ExampleServlet.service,println
MyComponent.activate,getProperties
MyComponent.activate,keys
MyComponent.activate,hasMoreElements
MyComponent.activate,nextElement
MyComponent.activate,get
MyComponent.activate,println
MyComponent.activate,toString
Activator.deleted,println
DisplayBean.display,println
BookingServiceImpl.list,values
BookingServiceImpl.list,llen
BookingServiceImpl.list,create
BookingServiceImpl.list,fromJson
BookingServiceImpl.list,lindex
BookingServiceImpl.list,add
BookingServiceImpl.get,get
BookingServiceImpl.add,put
BookingServiceImpl.add,getId
BookingServiceImpl.add,lpush
BookingServiceImpl.add,create
BookingServiceImpl.add,toJson
ClientServiceImpl.bookings,list
ClientServiceImpl.addBooking,add
Display.init,start
Display.destroy,terminate
Display.run,addBooking
Display.run,println
Display.run,displayBookings
Display.run,sleep
Display.displayBookings,bookings
Display.displayBookings,append
Display.displayBookings,getCustomer
Display.displayBookings,getFlight
Display.displayBookings,getId
Display.displayBookings,toString
BookingDisplayThread.run,addBooking
BookingDisplayThread.run,println
BookingDisplayThread.run,displayBookings
BookingDisplayThread.run,sleep
BookingDisplayThread.displayBookings,bookings
BookingDisplayThread.displayBookings,append
BookingDisplayThread.displayBookings,getCustomer
BookingDisplayThread.displayBookings,getFlight
BookingDisplayThread.displayBookings,getId
BookingDisplayThread.displayBookings,toString
ConsumeCommand.execute,createConnection
ConsumeCommand.execute,start
ConsumeCommand.execute,createSession
ConsumeCommand.execute,createQueue
ConsumeCommand.execute,createConsumer
ConsumeCommand.execute,receive
ConsumeCommand.execute,println
ConsumeCommand.execute,getText
ConsumeCommand.execute,getJmsService
ConsumeCommand.execute,consume
SendCommand.execute,createConnection
SendCommand.execute,start
SendCommand.execute,createSession
SendCommand.execute,createQueue
SendCommand.execute,createProducer
SendCommand.execute,createTextMessage
SendCommand.execute,send
SendCommand.execute,getJmsService
UploadServlet.doPost,getParts
MultipartExampleServlet.doPost,getParts
MultipartExampleServlet.doPost,getFileName
MultipartExampleServlet.doPost,getWriter
MultipartExampleServlet.doPost,write
MultipartExampleServlet.getFileName,getHeader
MultipartExampleServlet.getFileName,println
MultipartExampleServlet.getFileName,split
MultipartExampleServlet.getFileName,trim
MultipartExampleServlet.getFileName,startsWith
MultipartExampleServlet.getFileName,substring
MultipartExampleServlet.getFileName,indexOf
MultipartExampleServlet.getFileName,length
OtherService.run,print
RunnableService.run,print
BookingMBeanImpl.getBookings,list
BookingMBeanImpl.getBookings,getId
BookingMBeanImpl.getBookings,getFlight
BookingMBeanImpl.getBookings,getCustomer
BookingMBeanImpl.getBookings,put
BookingMBeanImpl.add,setId
BookingMBeanImpl.add,setFlight
BookingMBeanImpl.add,setCustomer
BookingMBeanImpl.add,add
BookingMBeanImpl.remove,remove
BookingServiceMemoryImpl.list,values
BookingServiceMemoryImpl.get,get
BookingServiceMemoryImpl.add,put
BookingServiceMemoryImpl.add,getId
BookingServiceMemoryImpl.remove,remove
BookingIdCompleter.complete,list
BookingIdCompleter.complete,getStrings
BookingIdCompleter.complete,add
BookingIdCompleter.complete,valueOf
BookingIdCompleter.complete,getId
BookingIdCompleter.complete,complete
RemoveCommand.execute,remove
AddCommand.execute,valueOf
AddCommand.execute,nextInt
AddCommand.execute,setId
AddCommand.execute,setCustomer
AddCommand.execute,setFlight
AddCommand.execute,add
ExampleDeployer.install,println
ExampleDeployer.install,getName
ExampleDeployer.update,println
ExampleDeployer.update,getName
ExampleDeployer.uninstall,println
ExampleDeployer.uninstall,getName
ScreenshotDumpProvider.createDump,getLocalGraphicsEnvironment
ScreenshotDumpProvider.createDump,getScreenDevices
ScreenshotDumpProvider.createDump,getDisplayMode
ScreenshotDumpProvider.createDump,getWidth
ScreenshotDumpProvider.createDump,getHeight
ScreenshotDumpProvider.createDump,createScreenCapture
ScreenshotDumpProvider.createDump,add
ScreenshotDumpProvider.createDump,write
ScreenshotDumpProvider.createDump,close
ConsoleClient.start,setId
ConsoleClient.start,setFlight
ConsoleClient.start,setCustomer
ConsoleClient.start,add
ConsoleClient.start,sleep
ConsoleClient.start,list
ConsoleClient.start,println
ConsoleClient.start,getId
ConsoleClient.start,getFlight
ConsoleClient.start,getCustomer
ConsoleClient.start,start
BookingServiceRest.list,values
BookingServiceRest.get,get
BookingServiceRest.add,put
BookingServiceRest.add,getId
BookingServiceRest.update,remove
BookingServiceRest.update,getId
BookingServiceRest.update,put
BookingServiceRest.remove,remove
BookingServiceRest.traceMultipart,add
BookingServiceRest.traceMultipart,setCustomer
BookingServiceRest.traceMultipart,setFlight
BookingServiceRest.traceMultipart,setId
BookingServiceRest.traceMultipart,getBytes
BookingServiceRest.traceMultipart,addAll
RestService.activate,setAddress
RestService.activate,setBus
RestService.activate,getDefaultBus
RestService.activate,setProvider
RestService.activate,setServiceBean
RestService.activate,create
RestService.deactivate,destroy
AddBookingCommand.execute,openConnection
AddBookingCommand.execute,setRequestMethod
AddBookingCommand.execute,setRequestProperty
AddBookingCommand.execute,setDoOutput
AddBookingCommand.execute,setDoInput
AddBookingCommand.execute,getOutputStream
AddBookingCommand.execute,write
AddBookingCommand.execute,close
AddBookingCommand.execute,getInputStream
AddBookingCommand.execute,readLine
AddBookingCommand.execute,println
AddBookingCommand.execute,setId
AddBookingCommand.execute,setFlight
AddBookingCommand.execute,setCustomer
AddBookingCommand.execute,newClient
AddBookingCommand.execute,register
AddBookingCommand.execute,target
AddBookingCommand.execute,request
AddBookingCommand.execute,post
AddBookingCommand.execute,json
AddBookingCommand.execute,add
AddBookingCommand.execute,create
AddBookingCommand.execute,header
ListBookingCommand.execute,openConnection
ListBookingCommand.execute,setRequestMethod
ListBookingCommand.execute,connect
ListBookingCommand.execute,getResponseCode
ListBookingCommand.execute,getInputStream
ListBookingCommand.execute,readLine
ListBookingCommand.execute,append
ListBookingCommand.execute,println
ListBookingCommand.execute,toString
ListBookingCommand.execute,newClient
ListBookingCommand.execute,register
ListBookingCommand.execute,target
ListBookingCommand.execute,request
ListBookingCommand.execute,get
ListBookingCommand.execute,getId
ListBookingCommand.execute,getCustomer
ListBookingCommand.execute,getFlight
ListBookingCommand.execute,add
ListBookingCommand.execute,create
ListBookingCommand.execute,accept
ListBookingCommand.execute,getCollection
ListBookingCommand.execute,column
ListBookingCommand.execute,list
ListBookingCommand.execute,addRow
ListBookingCommand.execute,addContent
ListBookingCommand.execute,print
ListAllBookingCommand.execute,add
ListAllBookingCommand.execute,create
ListAllBookingCommand.execute,setCustomer
ListAllBookingCommand.execute,setFlight
ListAllBookingCommand.execute,setId
ListAllBookingCommand.execute,getBytes
ListAllBookingCommand.execute,type
ListAllBookingCommand.execute,accept
ListAllBookingCommand.execute,postAndGetCollection
ListAllBookingCommand.execute,println
ListAllBookingCommand.execute,getContentId
ListAllBookingCommand.execute,getContentType
ListAllBookingCommand.execute,getDataHandler
ListAllBookingCommand.execute,getContent
ExampleUrlHandler.openConnection,println
ExampleUrlHandler.connect,openStream
ExampleUrlHandler.getInputStream,connect
ExampleConnection.connect,openStream
ExampleConnection.getInputStream,connect
ExampleLogAppender.doAppend,println
ExampleLogAppender.doAppend,getLevel
ExampleLogAppender.doAppend,toString
ExampleLogAppender.doAppend,getRenderedMessage
BookingServiceJdbcImpl.activate,open
BookingServiceJdbcImpl.activate,getProperties
BookingServiceJdbcImpl.open,debug
BookingServiceJdbcImpl.open,getConnection
BookingServiceJdbcImpl.open,createTables
BookingServiceJdbcImpl.open,error
BookingServiceJdbcImpl.getValue,get
BookingServiceJdbcImpl.createTables,getMetaData
BookingServiceJdbcImpl.createTables,getTables
BookingServiceJdbcImpl.createTables,next
BookingServiceJdbcImpl.createTables,info
BookingServiceJdbcImpl.createTables,createStatement
BookingServiceJdbcImpl.createTables,addBatch
BookingServiceJdbcImpl.createTables,executeBatch
BookingServiceJdbcImpl.createTables,error
BookingServiceJdbcImpl.list,getConnection
BookingServiceJdbcImpl.list,prepareStatement
BookingServiceJdbcImpl.list,executeQuery
BookingServiceJdbcImpl.list,next
BookingServiceJdbcImpl.list,setId
BookingServiceJdbcImpl.list,getLong
BookingServiceJdbcImpl.list,setCustomer
BookingServiceJdbcImpl.list,getString
BookingServiceJdbcImpl.list,setFlight
BookingServiceJdbcImpl.list,add
BookingServiceJdbcImpl.list,error
BookingServiceJdbcImpl.get,getConnection
BookingServiceJdbcImpl.get,prepareStatement
BookingServiceJdbcImpl.get,setLong
BookingServiceJdbcImpl.get,executeQuery
BookingServiceJdbcImpl.get,next
BookingServiceJdbcImpl.get,setId
BookingServiceJdbcImpl.get,setCustomer
BookingServiceJdbcImpl.get,getString
BookingServiceJdbcImpl.get,setFlight
BookingServiceJdbcImpl.get,error
BookingServiceJdbcImpl.add,getConnection
BookingServiceJdbcImpl.add,getAutoCommit
BookingServiceJdbcImpl.add,setAutoCommit
BookingServiceJdbcImpl.add,prepareStatement
BookingServiceJdbcImpl.add,setString
BookingServiceJdbcImpl.add,getCustomer
BookingServiceJdbcImpl.add,getFlight
BookingServiceJdbcImpl.add,executeUpdate
BookingServiceJdbcImpl.add,getGeneratedKeys
BookingServiceJdbcImpl.add,next
BookingServiceJdbcImpl.add,getInt
BookingServiceJdbcImpl.add,commit
BookingServiceJdbcImpl.add,setId
BookingServiceJdbcImpl.add,valueOf
BookingServiceJdbcImpl.add,debug
BookingServiceJdbcImpl.add,rollback
BookingServiceJdbcImpl.add,error
BookingServiceJdbcImpl.remove,getConnection
BookingServiceJdbcImpl.remove,getAutoCommit
BookingServiceJdbcImpl.remove,setAutoCommit
BookingServiceJdbcImpl.remove,prepareStatement
BookingServiceJdbcImpl.remove,setInt
BookingServiceJdbcImpl.remove,intValue
BookingServiceJdbcImpl.remove,executeUpdate
BookingServiceJdbcImpl.remove,commit
BookingServiceJdbcImpl.remove,debug
BookingServiceJdbcImpl.remove,rollback
BookingServiceJdbcImpl.remove,error
GetCommand.execute,column
GetCommand.execute,get
GetCommand.execute,addRow
GetCommand.execute,addContent
GetCommand.execute,getId
GetCommand.execute,getFlight
GetCommand.execute,getCustomer
GetCommand.execute,print
BookSchemaProvider.activate,create
BookSchemaProvider.createSchema,parse
BookSchemaProvider.createSchema,getClass
BookSchemaProvider.createSchema,getResourceAsStream
BookSchemaProvider.createSchema,newRuntimeWiring
BookSchemaProvider.createSchema,type
BookSchemaProvider.createSchema,dataFetcher
BookSchemaProvider.createSchema,addBookFetcher
BookSchemaProvider.createSchema,bookByIdFetcher
BookSchemaProvider.createSchema,booksFetcher
BookSchemaProvider.createSchema,bookCreatedFetcher
BookSchemaProvider.createSchema,build
BookSchemaProvider.createSchema,makeExecutableSchema
BookSchemaProvider.addBookFetcher,getArgument
BookSchemaProvider.addBookFetcher,storeBook
BookSchemaProvider.addBookFetcher,onNext
BookSchemaProvider.bookByIdFetcher,getArgument
BookSchemaProvider.bookByIdFetcher,getBookById
BookSchemaProvider.booksFetcher,getBooks
BookSchemaProvider.bookCreatedFetcher,getPublisher
BookSchemaProvider.getPublisher,create
BookSchemaProvider.getPublisher,share
BookSchemaProvider.getPublisher,publish
BookSchemaProvider.getPublisher,connect
BookSchemaProvider.getPublisher,toFlowable
InMemoryBookRepository.activate,createInitialBooks
InMemoryBookRepository.storeBook,nextId
InMemoryBookRepository.storeBook,setId
InMemoryBookRepository.storeBook,put
InMemoryBookRepository.getBooks,values
InMemoryBookRepository.getBookById,get
InMemoryBookRepository.createInitialBooks,storeBook
InMemoryBookRepository.nextId,toString
InMemoryBookRepository.nextId,incrementAndGet
GraphQLWebSocketServlet.createWebSocket,newGraphQL
GraphQLWebSocketServlet.createWebSocket,subscriptionExecutionStrategy
GraphQLWebSocketServlet.createWebSocket,build
GraphQLWebSocketServlet.createWebSocket,createSchema
GraphQLWebSocketServlet.configure,setCreator
GraphQLWebSocketExample.onOpen,setIdleTimeout
GraphQLWebSocketExample.onOpen,add
GraphQLWebSocketExample.onOpen,execute
GraphQLWebSocketExample.onOpen,getData
GraphQLWebSocketExample.onOpen,subscribe
GraphQLWebSocketExample.onOpen,set
GraphQLWebSocketExample.onOpen,request
GraphQLWebSocketExample.onOpen,sendText
GraphQLWebSocketExample.onOpen,toString
GraphQLWebSocketExample.onOpen,get
GraphQLWebSocketExample.onSubscribe,set
GraphQLWebSocketExample.onSubscribe,request
GraphQLWebSocketExample.onNext,sendText
GraphQLWebSocketExample.onNext,getData
GraphQLWebSocketExample.onNext,toString
GraphQLWebSocketExample.onNext,get
GraphQLWebSocketExample.onNext,request
GraphQLWebSocketExample.onClose,remove
ExampleGraphQLHttpServlet.getConfiguration,with
ExampleGraphQLHttpServlet.getConfiguration,build
ExampleGraphQLHttpServlet.getConfiguration,createSchema
Query.execute,createSchema
Query.execute,newGraphQL
Query.execute,build
Query.execute,execute
Query.execute,getData
Query.execute,println
Query.execute,toString
Query.execute,getErrors
Query.execute,forEach
BookingServiceSoapImpl.list,values
BookingServiceSoapImpl.get,get
BookingServiceSoapImpl.add,put
BookingServiceSoapImpl.add,getId
BookingServiceSoapImpl.remove,remove
SoapService.activate,setAddress
SoapService.activate,setServiceClass
SoapService.activate,setServiceBean
SoapService.activate,setBus
SoapService.activate,getDefaultBus
SoapService.activate,create
SoapService.deactivate,destroy
CxfClient.add,add
CxfClient.list,list
BookingServiceImpl.activate,host
BookingServiceImpl.activate,bookingListName
BookingServiceImpl.deactivate,close
InstanceSettings.getFeatureURLs,unmodifiableList
InstanceSettings.getFeatures,unmodifiableList
InstanceSettings.getTextResources,unmodifiableMap
InstanceSettings.getBinaryResources,unmodifiableMap
InstanceSettings.equals,equals
InstanceSettings.hashCode,hashCode
InstancesMBeanImpl.createInstance,createInstance
InstancesMBeanImpl.createInstance,equals
InstancesMBeanImpl.createInstance,parseStringList
InstancesMBeanImpl.createInstance,getPid
InstancesMBeanImpl.createInstance,toString
InstancesMBeanImpl.packageInstance,getExistingInstance
InstancesMBeanImpl.packageInstance,packageInZip
InstancesMBeanImpl.packageInstance,toString
InstancesMBeanImpl.changeSshPort,getExistingInstance
InstancesMBeanImpl.changeSshPort,changeSshPort
InstancesMBeanImpl.changeSshPort,toString
InstancesMBeanImpl.changeSshHost,getExistingInstance
InstancesMBeanImpl.changeSshHost,changeSshHost
InstancesMBeanImpl.changeSshHost,toString
InstancesMBeanImpl.changeRmiRegistryPort,getExistingInstance
InstancesMBeanImpl.changeRmiRegistryPort,changeRmiRegistryPort
InstancesMBeanImpl.changeRmiRegistryPort,toString
InstancesMBeanImpl.changeRmiServerPort,getExistingInstance
InstancesMBeanImpl.changeRmiServerPort,changeRmiServerPort
InstancesMBeanImpl.changeRmiServerPort,toString
InstancesMBeanImpl.changeJavaOpts,getExistingInstance
InstancesMBeanImpl.changeJavaOpts,changeJavaOpts
InstancesMBeanImpl.changeJavaOpts,toString
InstancesMBeanImpl.destroyInstance,getExistingInstance
InstancesMBeanImpl.destroyInstance,destroy
InstancesMBeanImpl.destroyInstance,toString
InstancesMBeanImpl.startInstance,getExistingInstance
InstancesMBeanImpl.startInstance,start
InstancesMBeanImpl.startInstance,toString
InstancesMBeanImpl.startInstance,getJavaOpts
InstancesMBeanImpl.startInstance,getState
InstancesMBeanImpl.startInstance,equals
InstancesMBeanImpl.startInstance,sleep
InstancesMBeanImpl.stopInstance,getExistingInstance
InstancesMBeanImpl.stopInstance,stop
InstancesMBeanImpl.stopInstance,toString
InstancesMBeanImpl.renameInstance,renameInstance
InstancesMBeanImpl.renameInstance,toString
InstancesMBeanImpl.cloneInstance,equals
InstancesMBeanImpl.cloneInstance,cloneInstance
InstancesMBeanImpl.cloneInstance,toString
InstancesMBeanImpl.getInstances,asList
InstancesMBeanImpl.getInstances,getInstances
InstancesMBeanImpl.getInstances,tableFrom
InstancesMBeanImpl.getExistingInstance,getInstance
InstancesMBeanImpl.parseStringList,split
InstancesMBeanImpl.parseStringList,trim
InstancesMBeanImpl.parseStringList,length
InstancesMBeanImpl.parseStringList,add
InstanceServiceImpl.loadData,getInt
InstanceServiceImpl.loadData,getString
InstanceServiceImpl.loadData,getBool
InstanceServiceImpl.loadData,put
InstanceServiceImpl.loadData,values
InstanceServiceImpl.loadData,containsKey
InstanceServiceImpl.loadData,keySet
InstanceServiceImpl.loadData,remove
InstanceServiceImpl.saveData,put
InstanceServiceImpl.saveData,toString
InstanceServiceImpl.saveData,size
InstanceServiceImpl.saveData,values
InstanceServiceImpl.saveData,containsKey
InstanceServiceImpl.saveData,remove
InstanceServiceImpl.getBool,get
InstanceServiceImpl.getBool,parseBoolean
InstanceServiceImpl.getBool,toString
InstanceServiceImpl.getInt,get
InstanceServiceImpl.getInt,parseInt
InstanceServiceImpl.getInt,toString
InstanceServiceImpl.getString,get
InstanceServiceImpl.getString,toString
InstanceServiceImpl.execute,exists
InstanceServiceImpl.execute,getParentFile
InstanceServiceImpl.execute,mkdirs
InstanceServiceImpl.execute,createNewFile
InstanceServiceImpl.execute,isFile
InstanceServiceImpl.execute,execute
InstanceServiceImpl.execute,loadData
InstanceServiceImpl.execute,call
InstanceServiceImpl.execute,saveData
InstanceServiceImpl.logInfo,isInfoEnabled
InstanceServiceImpl.logInfo,format
InstanceServiceImpl.logInfo,info
InstanceServiceImpl.logInfo,println
InstanceServiceImpl.logDebug,isDebugEnabled
InstanceServiceImpl.logDebug,format
InstanceServiceImpl.logDebug,debug
InstanceServiceImpl.logDebug,println
InstanceServiceImpl.createInstance,execute
InstanceServiceImpl.createInstance,get
InstanceServiceImpl.createInstance,getProfiles
InstanceServiceImpl.createInstance,isEmpty
InstanceServiceImpl.createInstance,verify
InstanceServiceImpl.createInstance,getLocation
InstanceServiceImpl.createInstance,isAbsolute
InstanceServiceImpl.createInstance,getSshPort
InstanceServiceImpl.createInstance,getAddress
InstanceServiceImpl.createInstance,getRmiRegistryPort
InstanceServiceImpl.createInstance,getRmiServerPort
InstanceServiceImpl.createInstance,logInfo
InstanceServiceImpl.createInstance,mkdir
InstanceServiceImpl.createInstance,getTextResources
InstanceServiceImpl.createInstance,getBinaryResources
InstanceServiceImpl.createInstance,copyResourcesToDir
InstanceServiceImpl.createInstance,addFeaturesFromSettings
InstanceServiceImpl.createInstance,getProperty
InstanceServiceImpl.createInstance,copy
InstanceServiceImpl.createInstance,exists
InstanceServiceImpl.createInstance,put
InstanceServiceImpl.createInstance,getPath
InstanceServiceImpl.createInstance,toString
InstanceServiceImpl.createInstance,copyFilteredResourcesToDir
InstanceServiceImpl.createInstance,makeFileExecutable
InstanceServiceImpl.createInstance,debug
InstanceServiceImpl.createInstance,keySet
InstanceServiceImpl.createInstance,copyFilteredResourceToDir
InstanceServiceImpl.createInstance,copyBinaryResourceToDir
InstanceServiceImpl.createInstance,applyProfiles
InstanceServiceImpl.createInstance,getJavaOpts
InstanceServiceImpl.createInstance,length
InstanceServiceImpl.addFeaturesFromSettings,execute
InstanceServiceImpl.addFeaturesFromSettings,appendToPropList
InstanceServiceImpl.addFeaturesFromSettings,getFeatures
InstanceServiceImpl.addFeaturesFromSettings,getFeatureURLs
InstanceServiceImpl.appendToPropList,get
InstanceServiceImpl.appendToPropList,trim
InstanceServiceImpl.appendToPropList,length
InstanceServiceImpl.appendToPropList,append
InstanceServiceImpl.appendToPropList,put
InstanceServiceImpl.appendToPropList,toString
InstanceServiceImpl.getInstances,execute
InstanceServiceImpl.getInstances,values
InstanceServiceImpl.getInstances,toArray
InstanceServiceImpl.getInstances,size
InstanceServiceImpl.getInstance,execute
InstanceServiceImpl.getInstance,get
InstanceServiceImpl.startInstance,execute
InstanceServiceImpl.startInstance,get
InstanceServiceImpl.startInstance,checkPid
InstanceServiceImpl.startInstance,doStart
InstanceServiceImpl.doStart,length
InstanceServiceImpl.doStart,getenv
InstanceServiceImpl.doStart,getProperty
InstanceServiceImpl.doStart,classpathFromLibDir
InstanceServiceImpl.doStart,equals
InstanceServiceImpl.doStart,append
InstanceServiceImpl.doStart,startsWith
InstanceServiceImpl.doStart,getCanonicalPath
InstanceServiceImpl.doStart,isWindows
InstanceServiceImpl.doStart,getCanonicalFile
InstanceServiceImpl.doStart,toString
InstanceServiceImpl.doStart,isEmpty
InstanceServiceImpl.doStart,debug
InstanceServiceImpl.doStart,newBuilder
InstanceServiceImpl.doStart,directory
InstanceServiceImpl.doStart,command
InstanceServiceImpl.doStart,start
InstanceServiceImpl.doStart,getPid
InstanceServiceImpl.classpathFromLibDir,listFiles
InstanceServiceImpl.classpathFromLibDir,endsWith
InstanceServiceImpl.classpathFromLibDir,length
InstanceServiceImpl.classpathFromLibDir,append
InstanceServiceImpl.classpathFromLibDir,getProperty
InstanceServiceImpl.classpathFromLibDir,getCanonicalPath
InstanceServiceImpl.addJar,getProperty
InstanceServiceImpl.addJar,replaceAll
InstanceServiceImpl.addJar,list
InstanceServiceImpl.addJar,exists
InstanceServiceImpl.addJar,put
InstanceServiceImpl.addJar,isEmpty
InstanceServiceImpl.addJar,length
InstanceServiceImpl.addJar,append
InstanceServiceImpl.addJar,lastEntry
InstanceServiceImpl.addJar,getValue
InstanceServiceImpl.addJar,getAbsolutePath
InstanceServiceImpl.restartInstance,execute
InstanceServiceImpl.restartInstance,get
InstanceServiceImpl.restartInstance,getProperty
InstanceServiceImpl.restartInstance,equals
InstanceServiceImpl.restartInstance,addJar
InstanceServiceImpl.restartInstance,getCanonicalPath
InstanceServiceImpl.restartInstance,isWindows
InstanceServiceImpl.restartInstance,getCanonicalFile
InstanceServiceImpl.restartInstance,toString
InstanceServiceImpl.restartInstance,getName
InstanceServiceImpl.restartInstance,newBuilder
InstanceServiceImpl.restartInstance,directory
InstanceServiceImpl.restartInstance,command
InstanceServiceImpl.restartInstance,start
InstanceServiceImpl.restartInstance,checkPid
InstanceServiceImpl.restartInstance,cleanShutdown
InstanceServiceImpl.restartInstance,doStart
InstanceServiceImpl.stopInstance,execute
InstanceServiceImpl.stopInstance,get
InstanceServiceImpl.stopInstance,checkPid
InstanceServiceImpl.stopInstance,cleanShutdown
InstanceServiceImpl.stopInstance,newBuilder
InstanceServiceImpl.stopInstance,attach
InstanceServiceImpl.stopInstance,destroy
InstanceServiceImpl.stopInstance,isInstanceRoot
InstanceServiceImpl.stopInstance,debug
InstanceServiceImpl.destroyInstance,execute
InstanceServiceImpl.destroyInstance,get
InstanceServiceImpl.destroyInstance,checkPid
InstanceServiceImpl.destroyInstance,deleteFile
InstanceServiceImpl.destroyInstance,remove
InstanceServiceImpl.renameInstance,execute
InstanceServiceImpl.renameInstance,get
InstanceServiceImpl.renameInstance,checkPid
InstanceServiceImpl.renameInstance,println
InstanceServiceImpl.renameInstance,getParent
InstanceServiceImpl.renameInstance,renameTo
InstanceServiceImpl.renameInstance,put
InstanceServiceImpl.renameInstance,getPath
InstanceServiceImpl.renameInstance,filterResource
InstanceServiceImpl.renameInstance,remove
InstanceServiceImpl.renameInstance,doSetName
InstanceServiceImpl.cloneInstance,getInstanceSshPort
InstanceServiceImpl.cloneInstance,getInstanceRmiRegistryPort
InstanceServiceImpl.cloneInstance,getInstanceRmiServerPort
InstanceServiceImpl.cloneInstance,execute
InstanceServiceImpl.cloneInstance,get
InstanceServiceImpl.cloneInstance,getLocation
InstanceServiceImpl.cloneInstance,isAbsolute
InstanceServiceImpl.cloneInstance,copy
InstanceServiceImpl.cloneInstance,put
InstanceServiceImpl.cloneInstance,getSshPort
InstanceServiceImpl.cloneInstance,toString
InstanceServiceImpl.cloneInstance,getRmiRegistryPort
InstanceServiceImpl.cloneInstance,getRmiServerPort
InstanceServiceImpl.cloneInstance,filterResource
InstanceServiceImpl.cloneInstance,getJavaOpts
InstanceServiceImpl.cloneInstance,length
InstanceServiceImpl.checkPid,newBuilder
InstanceServiceImpl.checkPid,attach
InstanceServiceImpl.checkPid,isRunning
InstanceServiceImpl.cleanShutdown,loadPropertiesFile
InstanceServiceImpl.cleanShutdown,toURI
InstanceServiceImpl.cleanShutdown,toURL
InstanceServiceImpl.cleanShutdown,put
InstanceServiceImpl.cleanShutdown,getCanonicalPath
InstanceServiceImpl.cleanShutdown,getProperty
InstanceServiceImpl.cleanShutdown,performSubstitution
InstanceServiceImpl.cleanShutdown,parseInt
InstanceServiceImpl.cleanShutdown,readLine
InstanceServiceImpl.cleanShutdown,getOutputStream
InstanceServiceImpl.cleanShutdown,write
InstanceServiceImpl.cleanShutdown,getBytes
InstanceServiceImpl.cleanShutdown,close
InstanceServiceImpl.cleanShutdown,parseLong
InstanceServiceImpl.cleanShutdown,toString
InstanceServiceImpl.cleanShutdown,getStopTimeout
InstanceServiceImpl.cleanShutdown,currentTimeMillis
InstanceServiceImpl.cleanShutdown,sleep
InstanceServiceImpl.cleanShutdown,checkPid
InstanceServiceImpl.cleanShutdown,debug
InstanceServiceImpl.getInstanceSshPort,getKarafPort
InstanceServiceImpl.changeInstanceSshPort,setKarafPort
InstanceServiceImpl.getInstanceSshHost,getKarafHost
InstanceServiceImpl.getInstanceRmiRegistryPort,getKarafPort
InstanceServiceImpl.changeInstanceRmiRegistryPort,setKarafPort
InstanceServiceImpl.getInstanceRmiRegistryHost,getKarafHost
InstanceServiceImpl.getInstanceRmiServerPort,getKarafPort
InstanceServiceImpl.changeInstanceRmiServerPort,setKarafPort
InstanceServiceImpl.getInstanceRmiServerHost,getKarafHost
InstanceServiceImpl.getKarafPort,execute
InstanceServiceImpl.getKarafPort,getKarafPort
InstanceServiceImpl.getKarafPort,get
InstanceServiceImpl.getKarafPort,parseInt
InstanceServiceImpl.getKarafPort,toString
InstanceServiceImpl.setKarafPort,execute
InstanceServiceImpl.setKarafPort,get
InstanceServiceImpl.setKarafPort,checkPid
InstanceServiceImpl.setKarafPort,put
InstanceServiceImpl.setKarafPort,valueOf
InstanceServiceImpl.getKarafHost,execute
InstanceServiceImpl.getKarafHost,getKarafHost
InstanceServiceImpl.getKarafHost,get
InstanceServiceImpl.getKarafHost,toString
InstanceServiceImpl.isInstanceRoot,execute
InstanceServiceImpl.isInstanceRoot,get
InstanceServiceImpl.getInstanceLocation,execute
InstanceServiceImpl.getInstanceLocation,get
InstanceServiceImpl.getInstancePid,isInstancePidNeedUpdate
InstanceServiceImpl.getInstancePid,execute
InstanceServiceImpl.getInstancePid,get
InstanceServiceImpl.getInstancePid,checkPid
InstanceServiceImpl.getInstanceJavaOpts,execute
InstanceServiceImpl.getInstanceJavaOpts,get
InstanceServiceImpl.changeInstanceJavaOpts,execute
InstanceServiceImpl.changeInstanceJavaOpts,get
InstanceServiceImpl.getInstanceState,isInstancePidNeedUpdate
InstanceServiceImpl.getInstanceState,execute
InstanceServiceImpl.getInstanceState,get
InstanceServiceImpl.getInstanceState,getKarafPort
InstanceServiceImpl.getInstanceState,getKarafHost
InstanceServiceImpl.getInstanceState,equals
InstanceServiceImpl.getInstanceState,isDirectory
InstanceServiceImpl.getInstanceState,checkPid
InstanceServiceImpl.getInstanceState,close
InstanceServiceImpl.deleteFile,exists
InstanceServiceImpl.deleteFile,isDirectory
InstanceServiceImpl.deleteFile,listFiles
InstanceServiceImpl.deleteFile,getName
InstanceServiceImpl.deleteFile,equals
InstanceServiceImpl.deleteFile,deleteFile
InstanceServiceImpl.deleteFile,delete
InstanceServiceImpl.copyResourcesToDir,copyResourceToDir
InstanceServiceImpl.copyResourceToDir,exists
InstanceServiceImpl.copyResourceToDir,logDebug
InstanceServiceImpl.copyResourceToDir,getPath
InstanceServiceImpl.copyResourceToDir,getResourceStream
InstanceServiceImpl.copyResourceToDir,logInfo
InstanceServiceImpl.copyResourceToDir,copyStream
InstanceServiceImpl.getResourceStream,containsKey
InstanceServiceImpl.getResourceStream,remove
InstanceServiceImpl.getResourceStream,openStream
InstanceServiceImpl.getResourceStream,getClass
InstanceServiceImpl.getResourceStream,getClassLoader
InstanceServiceImpl.getResourceStream,getResourceAsStream
InstanceServiceImpl.println,println
InstanceServiceImpl.loadPropertiesFile,openConnection
InstanceServiceImpl.loadPropertiesFile,getInputStream
InstanceServiceImpl.loadPropertiesFile,load
InstanceServiceImpl.loadPropertiesFile,println
InstanceServiceImpl.copyStream,hasNextLine
InstanceServiceImpl.copyStream,nextLine
InstanceServiceImpl.copyStream,println
InstanceServiceImpl.copyStream,close
InstanceServiceImpl.filterResource,exists
InstanceServiceImpl.filterResource,renameTo
InstanceServiceImpl.filterResource,copyAndFilterResource
InstanceServiceImpl.filterResource,delete
InstanceServiceImpl.copyFilteredResourcesToDir,copyFilteredResourceToDir
InstanceServiceImpl.copyFilteredResourceToDir,exists
InstanceServiceImpl.copyFilteredResourceToDir,logDebug
InstanceServiceImpl.copyFilteredResourceToDir,getPath
InstanceServiceImpl.copyFilteredResourceToDir,getResourceStream
InstanceServiceImpl.copyFilteredResourceToDir,copyAndFilterResource
InstanceServiceImpl.copyAndFilterResource,hasNextLine
InstanceServiceImpl.copyAndFilterResource,nextLine
InstanceServiceImpl.copyAndFilterResource,filter
InstanceServiceImpl.copyAndFilterResource,println
InstanceServiceImpl.copyAndFilterResource,close
InstanceServiceImpl.copyBinaryResourceToDir,exists
InstanceServiceImpl.copyBinaryResourceToDir,logDebug
InstanceServiceImpl.copyBinaryResourceToDir,getPath
InstanceServiceImpl.copyBinaryResourceToDir,getResourceStream
InstanceServiceImpl.copyBinaryResourceToDir,copy
InstanceServiceImpl.filter,entrySet
InstanceServiceImpl.filter,indexOf
InstanceServiceImpl.filter,getKey
InstanceServiceImpl.filter,substring
InstanceServiceImpl.filter,length
InstanceServiceImpl.filter,getValue
InstanceServiceImpl.mkdir,exists
InstanceServiceImpl.mkdir,logDebug
InstanceServiceImpl.mkdir,getPath
InstanceServiceImpl.mkdir,mkdirs
InstanceServiceImpl.makeFileExecutable,add
InstanceServiceImpl.makeFileExecutable,getPosixFilePermissions
InstanceServiceImpl.makeFileExecutable,toPath
InstanceServiceImpl.makeFileExecutable,addAll
InstanceServiceImpl.makeFileExecutable,setPosixFilePermissions
InstanceServiceImpl.makeFileExecutable,setExecutable
InstanceServiceImpl.copy,getName
InstanceServiceImpl.copy,equals
InstanceServiceImpl.copy,matches
InstanceServiceImpl.copy,endsWith
InstanceServiceImpl.copy,isDirectory
InstanceServiceImpl.copy,exists
InstanceServiceImpl.copy,mkdirs
InstanceServiceImpl.copy,list
InstanceServiceImpl.copy,contains
InstanceServiceImpl.copy,copy
InstanceServiceImpl.changeInstanceSshHost,setKarafHost
InstanceServiceImpl.setKarafHost,execute
InstanceServiceImpl.setKarafHost,get
InstanceServiceImpl.setKarafHost,checkPid
InstanceServiceImpl.setKarafHost,put
InstanceServiceImpl.isInstancePidNeedUpdate,execute
InstanceServiceImpl.isInstancePidNeedUpdate,get
InstanceServiceImpl.isInstancePidNeedUpdate,checkPid
InstanceServiceImpl.verify,getName
InstanceServiceImpl.applyProfiles,getBundle
InstanceServiceImpl.applyProfiles,getBundleContext
InstanceServiceImpl.applyProfiles,getServiceReference
InstanceServiceImpl.applyProfiles,getService
InstanceServiceImpl.applyProfiles,create
InstanceServiceImpl.applyProfiles,addParents
InstanceServiceImpl.applyProfiles,getProfile
InstanceServiceImpl.applyProfiles,getOverlayProfile
InstanceServiceImpl.applyProfiles,getEffectiveProfile
InstanceServiceImpl.applyProfiles,getFileConfigurations
InstanceServiceImpl.applyProfiles,entrySet
InstanceServiceImpl.applyProfiles,getKey
InstanceServiceImpl.applyProfiles,equals
InstanceServiceImpl.applyProfiles,get
InstanceServiceImpl.applyProfiles,toString
InstanceServiceImpl.applyProfiles,logDebug
InstanceServiceImpl.applyProfiles,write
InstanceServiceImpl.applyProfiles,getValue
InstanceServiceImpl.applyProfiles,execute
InstanceServiceImpl.applyProfiles,appendToPropList
InstanceServiceImpl.applyProfiles,getFeatures
InstanceServiceImpl.applyProfiles,getRepositories
InstanceServiceImpl.applyProfiles,ungetService
ProfileApplier.verify,getName
ProfileApplier.applyProfiles,getBundle
ProfileApplier.applyProfiles,getBundleContext
ProfileApplier.applyProfiles,getServiceReference
ProfileApplier.applyProfiles,getService
ProfileApplier.applyProfiles,create
ProfileApplier.applyProfiles,addParents
ProfileApplier.applyProfiles,getProfile
ProfileApplier.applyProfiles,getOverlayProfile
ProfileApplier.applyProfiles,getEffectiveProfile
ProfileApplier.applyProfiles,getFileConfigurations
ProfileApplier.applyProfiles,entrySet
ProfileApplier.applyProfiles,getKey
ProfileApplier.applyProfiles,equals
ProfileApplier.applyProfiles,get
ProfileApplier.applyProfiles,toString
ProfileApplier.applyProfiles,logDebug
ProfileApplier.applyProfiles,write
ProfileApplier.applyProfiles,getValue
ProfileApplier.applyProfiles,execute
ProfileApplier.applyProfiles,appendToPropList
ProfileApplier.applyProfiles,getFeatures
ProfileApplier.applyProfiles,getRepositories
ProfileApplier.applyProfiles,ungetService
InstanceImpl.isRoot,isInstanceRoot
InstanceImpl.getLocation,getInstanceLocation
InstanceImpl.getPid,getInstancePid
InstanceImpl.getSshPort,getInstanceSshPort
InstanceImpl.getSshHost,getInstanceSshHost
InstanceImpl.changeSshPort,changeInstanceSshPort
InstanceImpl.getRmiRegistryPort,getInstanceRmiRegistryPort
InstanceImpl.changeRmiRegistryPort,changeInstanceRmiRegistryPort
InstanceImpl.getRmiRegistryHost,getInstanceRmiRegistryHost
InstanceImpl.getRmiServerPort,getInstanceRmiServerPort
InstanceImpl.changeRmiServerPort,changeInstanceRmiServerPort
InstanceImpl.getRmiServerHost,getInstanceRmiServerHost
InstanceImpl.getJavaOpts,getInstanceJavaOpts
InstanceImpl.changeJavaOpts,changeInstanceJavaOpts
InstanceImpl.restart,restartInstance
InstanceImpl.start,startInstance
InstanceImpl.stop,stopInstance
InstanceImpl.destroy,destroyInstance
InstanceImpl.getState,getInstanceState
InstanceImpl.changeSshHost,changeInstanceSshHost
InstanceImpl.packageInZip,get
InstanceImpl.packageInZip,getLocation
InstanceImpl.packageInZip,normalize
InstanceImpl.packageInZip,toString
InstanceImpl.packageInZip,walkFileTree
InstanceImpl.packageInZip,isSymbolicLink
InstanceImpl.packageInZip,relativize
InstanceImpl.packageInZip,equals
InstanceImpl.packageInZip,println
InstanceImpl.packageInZip,putNextEntry
InstanceImpl.packageInZip,copy
InstanceImpl.packageInZip,closeEntry
InstanceImpl.visitFile,isSymbolicLink
InstanceImpl.visitFile,relativize
InstanceImpl.visitFile,toString
InstanceImpl.visitFile,get
InstanceImpl.visitFile,normalize
InstanceImpl.visitFile,equals
InstanceImpl.visitFile,println
InstanceImpl.visitFile,putNextEntry
InstanceImpl.visitFile,copy
InstanceImpl.visitFile,closeEntry
InstanceToTableMapper.mapInstance,getState
InstanceToTableMapper.mapInstance,getPid
InstanceToTableMapper.mapInstance,getName
InstanceToTableMapper.mapInstance,isRoot
InstanceToTableMapper.mapInstance,getSshPort
InstanceToTableMapper.mapInstance,getSshHost
InstanceToTableMapper.mapInstance,getRmiRegistryPort
InstanceToTableMapper.mapInstance,getRmiRegistryHost
InstanceToTableMapper.mapInstance,getRmiServerPort
InstanceToTableMapper.mapInstance,getRmiServerHost
InstanceToTableMapper.mapInstance,getLocation
InstanceToTableMapper.mapInstance,getJavaOpts
InstanceToTableMapper.tableFrom,createRowType
InstanceToTableMapper.tableFrom,mapInstance
InstanceToTableMapper.tableFrom,put
CreateCommand.doExecute,getProperty
CreateCommand.doExecute,load
CreateCommand.doExecute,split
CreateCommand.doExecute,trim
CreateCommand.doExecute,isEmpty
CreateCommand.doExecute,add
CreateCommand.doExecute,getResources
CreateCommand.doExecute,getInstanceService
CreateCommand.doExecute,createInstance
PackageCommand.doExecute,getExistingInstance
PackageCommand.doExecute,packageInZip
CloneCommand.doExecute,getResources
CloneCommand.doExecute,getInstanceService
CloneCommand.doExecute,cloneInstance
ListCommand.getRightColumnValue,getJavaOpts
ListCommand.getRightColumnValue,getLocation
ListCommand.getRightColumnValue,getName
InstanceCommandSupport.getExistingInstance,getInstance
InstanceCommandSupport.getMatchingInstances,getInstances
InstanceCommandSupport.getMatchingInstances,match
InstanceCommandSupport.getMatchingInstances,getName
InstanceCommandSupport.getMatchingInstances,add
InstanceCommandSupport.getMatchingInstances,isEmpty
InstanceCommandSupport.getResources,substring
InstanceCommandSupport.getResources,indexOf
InstanceCommandSupport.getResources,length
InstanceCommandSupport.getResources,put
InstanceCommandSupport.match,matches
InstanceCommandSupport.execute,doExecute
ConnectCommand.doExecute,length
ConnectCommand.doExecute,append
ConnectCommand.doExecute,toString
ConnectCommand.doExecute,replaceAll
ConnectCommand.doExecute,getExistingInstance
ConnectCommand.doExecute,getSshPort
ConnectCommand.doExecute,execute
ChangeSshHostCommand.doExecute,getExistingInstance
ChangeSshHostCommand.doExecute,changeSshHost
StopCommand.doExecute,getMatchingInstances
StopCommand.doExecute,stop
StopCommand.doExecute,addException
StopCommand.doExecute,throwIfExceptions
ChangeRmiServerPortCommand.doExecute,getExistingInstance
ChangeRmiServerPortCommand.doExecute,changeRmiServerPort
ChangeRmiRegistryPortCommand.doExecute,getExistingInstance
ChangeRmiRegistryPortCommand.doExecute,changeRmiRegistryPort
RestartCommand.doExecute,getMatchingInstances
RestartCommand.doExecute,getJavaOpts
RestartCommand.doExecute,restart
RestartCommand.doExecute,addException
RestartCommand.doExecute,throwIfExceptions
RestartCommand.doExecute,equals
RestartCommand.doExecute,getState
RestartCommand.doExecute,sleep
ChangeOptsCommand.doExecute,getExistingInstance
ChangeOptsCommand.doExecute,changeJavaOpts
RenameCommand.doExecute,getInstanceService
RenameCommand.doExecute,renameInstance
DestroyCommand.doExecute,getMatchingInstances
DestroyCommand.doExecute,destroy
DestroyCommand.doExecute,addException
DestroyCommand.doExecute,throwIfExceptions
ChangeSshPortCommand.doExecute,getExistingInstance
ChangeSshPortCommand.doExecute,changeSshPort
StoppedInstanceCompleter.acceptsInstance,getState
StoppedInstanceCompleter.acceptsInstance,equals
StartedInstanceCompleter.acceptsInstance,getState
StartedInstanceCompleter.acceptsInstance,equals
InstanceCompleter.complete,getInstances
InstanceCompleter.complete,acceptsInstance
InstanceCompleter.complete,getStrings
InstanceCompleter.complete,add
InstanceCompleter.complete,getName
InstanceCompleter.complete,complete
Execute.main,getPackage
Execute.main,getImplementationVersion
Execute.main,setProperty
Execute.main,listCommands
Execute.main,exit
Execute.main,get
Execute.main,println
Execute.main,getProperty
Execute.main,getParentFile
Execute.main,getCanonicalPath
Execute.main,getenv
Execute.main,getMessage
Execute.main,newInstance
Execute.main,execute
Execute.execute,asList
Execute.execute,remove
Execute.execute,prepare
Execute.execute,setStorageLocation
Execute.execute,setInstanceService
Execute.execute,execute
Execute.listCommands,println
Execute.listCommands,entrySet
Execute.listCommands,getValue
Execute.listCommands,getAnnotation
Execute.listCommands,printf
Execute.listCommands,getKey
Execute.listCommands,description
Execute.exit,exit
Execute.exit,toString
LogServiceLog4j1Impl.getLevel,equalsIgnoreCase
LogServiceLog4j1Impl.getLevel,getLevelFromProperty
LogServiceLog4j1Impl.getLevel,get
LogServiceLog4j1Impl.getLevel,put
LogServiceLog4j1Impl.getLevel,keys
LogServiceLog4j1Impl.getLevel,hasMoreElements
LogServiceLog4j1Impl.getLevel,nextElement
LogServiceLog4j1Impl.getLevel,startsWith
LogServiceLog4j1Impl.getLevel,substring
LogServiceLog4j1Impl.getLevel,length
LogServiceLog4j1Impl.getLevel,lastIndexOf
LogServiceLog4j1Impl.setLevel,equalsIgnoreCase
LogServiceLog4j1Impl.setLevel,get
LogServiceLog4j1Impl.setLevel,isDefault
LogServiceLog4j1Impl.setLevel,trim
LogServiceLog4j1Impl.setLevel,indexOf
LogServiceLog4j1Impl.setLevel,substring
LogServiceLog4j1Impl.setLevel,remove
LogServiceLog4j1Impl.setLevel,put
LogServiceLog4j1Impl.getLevelFromProperty,trim
LogServiceLog4j1Impl.getLevelFromProperty,indexOf
LogServiceLog4j1Impl.getLevelFromProperty,substring
LogMBeanImpl.getLevel,getLevel
LogMBeanImpl.setLevel,setLevel
CircularBuffer.maxSize,length
CircularBuffer.add,doAdd
CircularBuffer.getElements,min
CircularBuffer.getElements,length
CircularBuffer.getElements,get
CircularBuffer.getElements,collectEvents
CircularBuffer.collectEvents,range
CircularBuffer.collectEvents,mapToObj
CircularBuffer.collectEvents,filter
CircularBuffer.collectEvents,sorted
CircularBuffer.collectEvents,comparing
CircularBuffer.collectEvents,collect
CircularBuffer.collectEvents,toList
CircularBuffer.doAdd,getAndUpdate
CircularBuffer.doAdd,length
CircularBuffer.doAdd,set
LogServiceLogbackXmlImpl.getLevel,loadConfig
LogServiceLogbackXmlImpl.getLevel,getProperties
LogServiceLogbackXmlImpl.getLevel,getLoggers
LogServiceLogbackXmlImpl.getLevel,entrySet
LogServiceLogbackXmlImpl.getLevel,getValue
LogServiceLogbackXmlImpl.getLevel,getAttribute
LogServiceLogbackXmlImpl.getLevel,isEmpty
LogServiceLogbackXmlImpl.getLevel,put
LogServiceLogbackXmlImpl.getLevel,getKey
LogServiceLogbackXmlImpl.getLevel,resolveValue
LogServiceLogbackXmlImpl.getLevel,getenv
LogServiceLogbackXmlImpl.getLevel,equals
LogServiceLogbackXmlImpl.getLevel,get
LogServiceLogbackXmlImpl.getLevel,singletonMap
LogServiceLogbackXmlImpl.getLevel,lastIndexOf
LogServiceLogbackXmlImpl.getLevel,substring
LogServiceLogbackXmlImpl.resolveValue,compile
LogServiceLogbackXmlImpl.resolveValue,matcher
LogServiceLogbackXmlImpl.resolveValue,matches
LogServiceLogbackXmlImpl.resolveValue,group
LogServiceLogbackXmlImpl.resolveValue,remove
LogServiceLogbackXmlImpl.resolveValue,getProperty
LogServiceLogbackXmlImpl.resolveValue,resolveValue
LogServiceLogbackXmlImpl.setLevel,loadConfig
LogServiceLogbackXmlImpl.setLevel,getLoggers
LogServiceLogbackXmlImpl.setLevel,get
LogServiceLogbackXmlImpl.setLevel,isDefault
LogServiceLogbackXmlImpl.setLevel,removeAttribute
LogServiceLogbackXmlImpl.setLevel,setAttribute
LogServiceLogbackXmlImpl.setLevel,getDocumentElement
LogServiceLogbackXmlImpl.setLevel,equals
LogServiceLogbackXmlImpl.setLevel,createElement
LogServiceLogbackXmlImpl.setLevel,insertIndented
LogServiceLogbackXmlImpl.setLevel,newOutputStream
LogServiceLogbackXmlImpl.setLevel,newInstance
LogServiceLogbackXmlImpl.setLevel,setFeature
LogServiceLogbackXmlImpl.setLevel,newTransformer
LogServiceLogbackXmlImpl.setLevel,transform
LogServiceLogbackXmlImpl.insertIndented,getElementsByTagName
LogServiceLogbackXmlImpl.insertIndented,getLength
LogServiceLogbackXmlImpl.insertIndented,item
LogServiceLogbackXmlImpl.insertIndented,getParentNode
LogServiceLogbackXmlImpl.insertIndented,equals
LogServiceLogbackXmlImpl.insertIndented,add
LogServiceLogbackXmlImpl.insertIndented,isEmpty
LogServiceLogbackXmlImpl.insertIndented,get
LogServiceLogbackXmlImpl.insertIndented,size
LogServiceLogbackXmlImpl.insertIndented,getPreviousSibling
LogServiceLogbackXmlImpl.insertIndented,getNodeType
LogServiceLogbackXmlImpl.insertIndented,getTextContent
LogServiceLogbackXmlImpl.insertIndented,getOwnerDocument
LogServiceLogbackXmlImpl.insertIndented,createTextNode
LogServiceLogbackXmlImpl.insertIndented,getNextSibling
LogServiceLogbackXmlImpl.insertIndented,insertBefore
LogServiceLogbackXmlImpl.insertIndented,appendChild
LogServiceLogbackXmlImpl.insertIndented,endsWith
LogServiceLogbackXmlImpl.insertIndented,lastIndexOf
LogServiceLogbackXmlImpl.insertIndented,substring
LogServiceLogbackXmlImpl.insertIndented,getFirstChild
LogServiceLogbackXmlImpl.insertIndented,removeChild
LogServiceLogbackXmlImpl.loadConfig,newInputStream
LogServiceLogbackXmlImpl.loadConfig,loadConfig
LogServiceLogbackXmlImpl.loadConfig,toString
LogServiceLogbackXmlImpl.loadConfig,setPublicId
LogServiceLogbackXmlImpl.loadConfig,newInstance
LogServiceLogbackXmlImpl.loadConfig,setNamespaceAware
LogServiceLogbackXmlImpl.loadConfig,setValidating
LogServiceLogbackXmlImpl.loadConfig,setExpandEntityReferences
LogServiceLogbackXmlImpl.loadConfig,setFeature
LogServiceLogbackXmlImpl.loadConfig,tryCall
LogServiceLogbackXmlImpl.loadConfig,setXIncludeAware
LogServiceLogbackXmlImpl.loadConfig,newDocumentBuilder
LogServiceLogbackXmlImpl.loadConfig,parse
LogServiceLogbackXmlImpl.setFeature,tryCall
LogServiceLogbackXmlImpl.setFeature,setFeature
LogServiceLogbackXmlImpl.tryCall,run
LogServiceLogbackXmlImpl.getLoggers,getDocumentElement
LogServiceLogbackXmlImpl.getLoggers,equals
LogServiceLogbackXmlImpl.getLoggers,getLocalName
LogServiceLogbackXmlImpl.getLoggers,getElementsByTagName
LogServiceLogbackXmlImpl.getLoggers,getLength
LogServiceLogbackXmlImpl.getLoggers,item
LogServiceLogbackXmlImpl.getLoggers,getAttribute
LogServiceLogbackXmlImpl.getLoggers,isEmpty
LogServiceLogbackXmlImpl.getLoggers,put
LogServiceLogbackXmlImpl.getProperties,getDocumentElement
LogServiceLogbackXmlImpl.getProperties,equals
LogServiceLogbackXmlImpl.getProperties,getLocalName
LogServiceLogbackXmlImpl.getProperties,getElementsByTagName
LogServiceLogbackXmlImpl.getProperties,extractProperties
LogServiceLogbackXmlImpl.extractProperties,getLength
LogServiceLogbackXmlImpl.extractProperties,item
LogServiceLogbackXmlImpl.extractProperties,equals
LogServiceLogbackXmlImpl.extractProperties,getLocalName
LogServiceLogbackXmlImpl.extractProperties,getAttribute
LogServiceLogbackXmlImpl.extractProperties,isEmpty
LogServiceLogbackXmlImpl.extractProperties,put
LogServiceLog4j2XmlImpl.getLevel,loadConfig
LogServiceLog4j2XmlImpl.getLevel,getLoggers
LogServiceLog4j2XmlImpl.getLevel,entrySet
LogServiceLog4j2XmlImpl.getLevel,getValue
LogServiceLog4j2XmlImpl.getLevel,getAttribute
LogServiceLog4j2XmlImpl.getLevel,isEmpty
LogServiceLog4j2XmlImpl.getLevel,put
LogServiceLog4j2XmlImpl.getLevel,getKey
LogServiceLog4j2XmlImpl.getLevel,equals
LogServiceLog4j2XmlImpl.getLevel,get
LogServiceLog4j2XmlImpl.getLevel,singletonMap
LogServiceLog4j2XmlImpl.getLevel,lastIndexOf
LogServiceLog4j2XmlImpl.getLevel,substring
LogServiceLog4j2XmlImpl.setLevel,loadConfig
LogServiceLog4j2XmlImpl.setLevel,getLoggers
LogServiceLog4j2XmlImpl.setLevel,get
LogServiceLog4j2XmlImpl.setLevel,isDefault
LogServiceLog4j2XmlImpl.setLevel,removeAttribute
LogServiceLog4j2XmlImpl.setLevel,setAttribute
LogServiceLog4j2XmlImpl.setLevel,getDocumentElement
LogServiceLog4j2XmlImpl.setLevel,getElementsByTagName
LogServiceLog4j2XmlImpl.setLevel,item
LogServiceLog4j2XmlImpl.setLevel,equals
LogServiceLog4j2XmlImpl.setLevel,createElement
LogServiceLog4j2XmlImpl.setLevel,insertIndented
LogServiceLog4j2XmlImpl.setLevel,newOutputStream
LogServiceLog4j2XmlImpl.setLevel,newInstance
LogServiceLog4j2XmlImpl.setLevel,setFeature
LogServiceLog4j2XmlImpl.setLevel,newTransformer
LogServiceLog4j2XmlImpl.setLevel,transform
LogServiceLog4j2XmlImpl.insertIndented,getElementsByTagName
LogServiceLog4j2XmlImpl.insertIndented,getLength
LogServiceLog4j2XmlImpl.insertIndented,getFirstChild
LogServiceLog4j2XmlImpl.insertIndented,getNodeType
LogServiceLog4j2XmlImpl.insertIndented,getTextContent
LogServiceLog4j2XmlImpl.insertIndented,getOwnerDocument
LogServiceLog4j2XmlImpl.insertIndented,createTextNode
LogServiceLog4j2XmlImpl.insertIndented,insertBefore
LogServiceLog4j2XmlImpl.insertIndented,appendChild
LogServiceLog4j2XmlImpl.insertIndented,item
LogServiceLog4j2XmlImpl.insertIndented,getPreviousSibling
LogServiceLog4j2XmlImpl.insertIndented,getNextSibling
LogServiceLog4j2XmlImpl.insertIndented,endsWith
LogServiceLog4j2XmlImpl.insertIndented,lastIndexOf
LogServiceLog4j2XmlImpl.insertIndented,substring
LogServiceLog4j2XmlImpl.insertIndented,removeChild
LogServiceLog4j2XmlImpl.loadConfig,newInputStream
LogServiceLog4j2XmlImpl.loadConfig,loadConfig
LogServiceLog4j2XmlImpl.loadConfig,toString
LogServiceLog4j2XmlImpl.loadConfig,setPublicId
LogServiceLog4j2XmlImpl.loadConfig,newInstance
LogServiceLog4j2XmlImpl.loadConfig,setNamespaceAware
LogServiceLog4j2XmlImpl.loadConfig,setValidating
LogServiceLog4j2XmlImpl.loadConfig,setExpandEntityReferences
LogServiceLog4j2XmlImpl.loadConfig,setFeature
LogServiceLog4j2XmlImpl.loadConfig,tryCall
LogServiceLog4j2XmlImpl.loadConfig,setXIncludeAware
LogServiceLog4j2XmlImpl.loadConfig,newDocumentBuilder
LogServiceLog4j2XmlImpl.loadConfig,parse
LogServiceLog4j2XmlImpl.setFeature,tryCall
LogServiceLog4j2XmlImpl.setFeature,setFeature
LogServiceLog4j2XmlImpl.tryCall,run
LogServiceLog4j2XmlImpl.getLoggers,getDocumentElement
LogServiceLog4j2XmlImpl.getLoggers,equals
LogServiceLog4j2XmlImpl.getLoggers,getLocalName
LogServiceLog4j2XmlImpl.getLoggers,getElementsByTagName
LogServiceLog4j2XmlImpl.getLoggers,getLength
LogServiceLog4j2XmlImpl.getLoggers,emptyMap
LogServiceLog4j2XmlImpl.getLoggers,item
LogServiceLog4j2XmlImpl.getLoggers,getChildNodes
LogServiceLog4j2XmlImpl.getLoggers,put
LogServiceLog4j2XmlImpl.getLoggers,getAttribute
LogEventFormatterImpl.setColor,length
LogEventFormatterImpl.setColor,put
LogEventFormatterImpl.setColor,remove
LogEventFormatterImpl.format,parse
LogEventFormatterImpl.format,getColor
LogEventFormatterImpl.format,color
LogEventFormatterImpl.format,format
LogEventFormatterImpl.format,getThrowableStrRep
LogEventFormatterImpl.format,append
LogEventFormatterImpl.format,toString
LogEventFormatterImpl.color,append
LogEventFormatterImpl.getColor,getLevel
LogEventFormatterImpl.getColor,toString
LogEventFormatterImpl.getColor,get
LogServiceImpl.getDelegate,get
LogServiceImpl.getDelegate,toString
LogServiceImpl.getDelegate,endsWith
LogServiceImpl.getLevel,getLevel
LogServiceImpl.getLevel,get
LogServiceImpl.getLevel,getConfiguration
LogServiceImpl.getLevel,getDelegate
LogServiceImpl.getLevel,getProcessedProperties
LogServiceImpl.setLevel,setLevel
LogServiceImpl.setLevel,toUpperCase
LogServiceImpl.setLevel,valueOf
LogServiceImpl.setLevel,equals
LogServiceImpl.setLevel,getConfiguration
LogServiceImpl.setLevel,getProcessedProperties
LogServiceImpl.setLevel,getDelegate
LogServiceImpl.setLevel,update
LogServiceImpl.checkIfFromRequestedLog,getLoggerName
LogServiceImpl.checkIfFromRequestedLog,lastIndexOf
LogServiceImpl.getConfiguration,getConfiguration
LogServiceImpl.getEvents,getElements
LogServiceImpl.getEvents,maxSize
LogServiceImpl.clearEvents,maxSize
LogServiceImpl.getLastException,getEvents
LogServiceImpl.getLastException,getThrowableStrRep
LogServiceImpl.getLastException,checkIfFromRequestedLog
LogServiceImpl.addAppender,add
LogServiceImpl.removeAppender,remove
LogServiceImpl.doAppend,getProperties
LogServiceImpl.doAppend,add
LogServiceImpl.doAppend,doAppend
LogServiceLog4j2Impl.getLevel,get
LogServiceLog4j2Impl.getLevel,put
LogServiceLog4j2Impl.getLevel,equals
LogServiceLog4j2Impl.getLevel,keySet
LogServiceLog4j2Impl.getLevel,getMatching
LogServiceLog4j2Impl.getLevel,toString
LogServiceLog4j2Impl.getLevel,entrySet
LogServiceLog4j2Impl.getLevel,getValue
LogServiceLog4j2Impl.getLevel,getKey
LogServiceLog4j2Impl.getLevel,equalsIgnoreCase
LogServiceLog4j2Impl.getLevel,singletonMap
LogServiceLog4j2Impl.getLevel,lastIndexOf
LogServiceLog4j2Impl.getLevel,substring
LogServiceLog4j2Impl.getMatching,matcher
LogServiceLog4j2Impl.getMatching,matches
LogServiceLog4j2Impl.getMatching,group
LogServiceLog4j2Impl.setLevel,equalsIgnoreCase
LogServiceLog4j2Impl.setLevel,put
LogServiceLog4j2Impl.setLevel,keySet
LogServiceLog4j2Impl.setLevel,compile
LogServiceLog4j2Impl.setLevel,matcher
LogServiceLog4j2Impl.setLevel,matches
LogServiceLog4j2Impl.setLevel,get
LogServiceLog4j2Impl.setLevel,toString
LogServiceLog4j2Impl.setLevel,group
LogServiceLog4j2Impl.setLevel,isDefault
LogServiceLog4j2Impl.setLevel,remove
LogServiceLog4j2Impl.setLevel,level
LogServiceLog4j2Impl.setLevel,replace
LogServiceLog4j2Impl.setLevel,toLowerCase
LogServiceLog4j2Impl.setLevel,name
DateTimeDateFormat.format,setTime
DateTimeDateFormat.format,get
DateTimeDateFormat.format,append
PatternParser.extractOption,charAt
PatternParser.extractOption,substring
PatternParser.extractPrecisionOption,extractOption
PatternParser.extractPrecisionOption,parseInt
PatternParser.parse,charAt
PatternParser.parse,append
PatternParser.parse,length
PatternParser.parse,addToList
PatternParser.parse,toString
PatternParser.parse,setLength
PatternParser.parse,reset
PatternParser.parse,finalizeConverter
PatternParser.finalizeConverter,extractPrecisionOption
PatternParser.finalizeConverter,setLength
PatternParser.finalizeConverter,extractOption
PatternParser.finalizeConverter,equalsIgnoreCase
PatternParser.finalizeConverter,toString
PatternParser.finalizeConverter,addConverter
PatternParser.addConverter,setLength
PatternParser.addConverter,addToList
PatternParser.addConverter,reset
PatternParser.convert,toString
PatternParser.convert,getTimeStamp
PatternParser.convert,getStartTime
PatternParser.convert,getThreadName
PatternParser.convert,getLevel
PatternParser.convert,getRenderedMessage
PatternParser.convert,setTime
PatternParser.convert,format
PatternParser.convert,toLevel
PatternParser.convert,equals
PatternParser.convert,get
PatternParser.convert,convert
PatternParser.convert,locationInformationExists
PatternParser.convert,getLocationInformation
PatternParser.convert,getMethodName
PatternParser.convert,getLineNumber
PatternParser.convert,getFileName
PatternParser.convert,getFullyQualifiedName
PatternParser.convert,length
PatternParser.convert,lastIndexOf
PatternParser.convert,substring
PatternParser.convert,getProperties
PatternParser.convert,size
PatternParser.convert,keySet
PatternParser.convert,toArray
PatternParser.convert,sort
PatternParser.convert,append
PatternParser.format,append
PatternParser.createSequence,get
PatternParser.createSequence,trim
PatternParser.createSequence,append
PatternParser.createSequence,getOrDefault
PatternParser.createSequence,toString
PatternParser.getFullyQualifiedName,locationInformationExists
PatternParser.getFullyQualifiedName,getLocationInformation
PatternParser.getFullyQualifiedName,getClassName
PatternParser.getFullyQualifiedName,getLoggerName
PatternParser.getStartTime,getRuntimeMXBean
PatternParser.getStartTime,getStartTime
PatternParser.getStartTime,currentTimeMillis
BasicPatternConverter.convert,toString
BasicPatternConverter.convert,getTimeStamp
BasicPatternConverter.convert,getStartTime
BasicPatternConverter.convert,getThreadName
BasicPatternConverter.convert,getLevel
BasicPatternConverter.convert,getRenderedMessage
LiteralPatternConverter.format,append
DatePatternConverter.convert,setTime
DatePatternConverter.convert,getTimeStamp
DatePatternConverter.convert,format
HighlightPatternConverter.createSequence,get
HighlightPatternConverter.createSequence,trim
HighlightPatternConverter.createSequence,append
HighlightPatternConverter.createSequence,getOrDefault
HighlightPatternConverter.createSequence,toString
HighlightPatternConverter.convert,getLevel
HighlightPatternConverter.convert,toLevel
HighlightPatternConverter.convert,equals
HighlightPatternConverter.convert,get
HighlightPatternConverter.convert,convert
LocationPatternConverter.convert,locationInformationExists
LocationPatternConverter.convert,getLocationInformation
LocationPatternConverter.convert,getMethodName
LocationPatternConverter.convert,getLineNumber
LocationPatternConverter.convert,getFileName
NamedPatternConverter.convert,getFullyQualifiedName
NamedPatternConverter.convert,length
NamedPatternConverter.convert,lastIndexOf
NamedPatternConverter.convert,substring
ClassNamePatternConverter.getFullyQualifiedName,locationInformationExists
ClassNamePatternConverter.getFullyQualifiedName,getLocationInformation
ClassNamePatternConverter.getFullyQualifiedName,getClassName
CategoryPatternConverter.getFullyQualifiedName,getLoggerName
MDCPatternConverter.convert,getProperties
MDCPatternConverter.convert,size
MDCPatternConverter.convert,keySet
MDCPatternConverter.convert,toArray
MDCPatternConverter.convert,sort
MDCPatternConverter.convert,append
MDCPatternConverter.convert,get
MDCPatternConverter.convert,toString
PatternConverter.format,convert
PatternConverter.format,spacePad
PatternConverter.format,length
PatternConverter.format,append
PatternConverter.format,substring
PatternConverter.spacePad,append
AbsoluteTimeDateFormat.format,getTime
AbsoluteTimeDateFormat.format,setTime
AbsoluteTimeDateFormat.format,length
AbsoluteTimeDateFormat.format,get
AbsoluteTimeDateFormat.format,append
AbsoluteTimeDateFormat.format,getChars
ISO8601DateFormat.format,getTime
ISO8601DateFormat.format,setTime
ISO8601DateFormat.format,length
ISO8601DateFormat.format,get
ISO8601DateFormat.format,append
ISO8601DateFormat.format,getChars
SetLogLevel.execute,setLevel
LogTail.execute,getMinLevel
LogTail.execute,getConsole
LogTail.execute,display
LogTail.execute,flush
LogTail.execute,printEvent
LogTail.execute,open
LogTail.execute,wait
LogTail.execute,println
LogTail.execute,close
LogTail.stopTail,notifyAll
LogTail.addingService,getLevel
LogTail.addingService,get
LogTail.addingService,setLevel
LogTail.addingService,addAppender
LogTail.removedService,setLevel
LogTail.removedService,removeAppender
LogTail.removedService,stopTail
LogServiceTracker.addingService,getLevel
LogServiceTracker.addingService,get
LogServiceTracker.addingService,setLevel
LogServiceTracker.addingService,addAppender
LogServiceTracker.removedService,setLevel
LogServiceTracker.removedService,removeAppender
LogServiceTracker.removedService,stopTail
LogEntry.execute,log
LogEntry.execute,toLevel
LogEntry.execute,toUpperCase
LogEntry.toLevel,get
DisplayException.execute,getLastException
DisplayException.execute,getThrowableStrRep
DisplayException.execute,println
GetLogLevel.execute,equalsIgnoreCase
GetLogLevel.execute,getLevel
GetLogLevel.execute,column
GetLogLevel.execute,forEach
GetLogLevel.execute,addRow
GetLogLevel.execute,addContent
GetLogLevel.execute,print
GetLogLevel.execute,get
GetLogLevel.execute,println
ClearLog.execute,clearEvents
DisplayLog.execute,getMinLevel
DisplayLog.execute,getLevel
DisplayLog.execute,get
DisplayLog.execute,setLevel
DisplayLog.execute,display
DisplayLog.execute,println
DisplayLog.display,getEvents
DisplayLog.display,printEvent
DisplayLog.getMinLevel,toLowerCase
DisplayLog.checkIfFromRequestedLog,getLoggerName
DisplayLog.checkIfFromRequestedLog,contains
DisplayLog.printEvent,getLevel
DisplayLog.printEvent,getSyslogEquivalent
DisplayLog.printEvent,printEvent
DisplayLog.printEvent,checkIfFromRequestedLog
DisplayLog.printEvent,append
DisplayLog.printEvent,format
DisplayLog.printEvent,flush
UninstallAction.execute,getSubsystems
UninstallAction.execute,uninstall
InstallAction.execute,getSubsystem
InstallAction.execute,install
SubsystemSupport.getRoot,getParents
SubsystemSupport.getRoot,isEmpty
SubsystemSupport.getRoot,iterator
SubsystemSupport.getRoot,next
SubsystemSupport.getSubsystem,getSubsystems
SubsystemSupport.getSubsystem,size
SubsystemSupport.getSubsystem,get
SubsystemSupport.getSubsystems,isEmpty
SubsystemSupport.getSubsystems,getSubsystems
SubsystemSupport.getSubsystems,compile
SubsystemSupport.getSubsystems,matcher
SubsystemSupport.getSubsystems,find
SubsystemSupport.getSubsystems,parseLong
SubsystemSupport.getSubsystems,getSubsystemId
SubsystemSupport.getSubsystems,add
SubsystemSupport.getSubsystems,indexOf
SubsystemSupport.getSubsystems,substring
SubsystemSupport.getSubsystems,getSymbolicName
SubsystemSupport.getSubsystems,getVersion
SubsystemSupport.getSubsystems,toString
SubsystemSupport.getSubsystems,doGetSubsystems
SubsystemSupport.getSubsystems,getRoot
SubsystemSupport.getSubsystems,values
SubsystemSupport.getSubsytemIds,getSubsystemId
SubsystemSupport.getSubsytemIds,contains
SubsystemSupport.getSubsytemIds,add
SubsystemSupport.getSubsytemIds,sort
SubsystemSupport.doGetSubsystems,put
SubsystemSupport.doGetSubsystems,getSubsystemId
SubsystemSupport.doGetSubsystems,getChildren
SubsystemSupport.doGetSubsystems,doGetSubsystems
StartAction.execute,getSubsystems
StartAction.execute,start
InfoAction.printHeaders,getSubsystemName
InfoAction.printHeaders,println
InfoAction.printHeaders,getUnderlineString
InfoAction.printHeaders,getSubsystemHeaders
InfoAction.printHeaders,keySet
InfoAction.printHeaders,get
InfoAction.printHeaders,getValueString
InfoAction.printHeaders,generateFormattedOutput
InfoAction.getSubsystemName,getSubsystemHeaders
InfoAction.getSubsystemName,get
InfoAction.getSubsystemName,getSubsystemId
InfoAction.generateFormattedOutput,getSubsystemHeaders
InfoAction.generateFormattedOutput,keySet
InfoAction.generateFormattedOutput,get
InfoAction.generateFormattedOutput,startsWith
InfoAction.generateFormattedOutput,put
InfoAction.generateFormattedOutput,endsWith
InfoAction.generateFormattedOutput,entrySet
InfoAction.generateFormattedOutput,iterator
InfoAction.generateFormattedOutput,hasNext
InfoAction.generateFormattedOutput,next
InfoAction.generateFormattedOutput,append
InfoAction.generateFormattedOutput,format
InfoAction.generateFormattedOutput,getKey
InfoAction.generateFormattedOutput,getValueString
InfoAction.generateFormattedOutput,getValue
InfoAction.generateFormattedOutput,size
InfoAction.generateFormattedOutput,formatHeader
InfoAction.generateFormattedOutput,toString
InfoAction.formatHeader,parseHeader
InfoAction.formatHeader,formatClauses
InfoAction.formatClauses,append
InfoAction.formatClauses,formatClause
InfoAction.formatClause,append
InfoAction.formatClause,pre
InfoAction.formatClause,formatClause
InfoAction.formatClause,post
InfoAction.formatClause,toString
InfoAction.formatClause,length
InfoAction.formatClause,getTermWidth
InfoAction.formatClause,getName
InfoAction.formatClause,getDirectives
InfoAction.formatClause,getAttributes
InfoAction.formatClause,sort
InfoAction.formatClause,comparing
InfoAction.formatClause,getValue
InfoAction.formatClause,contains
InfoAction.formatClause,replace
InfoAction.getTermWidth,getWidth
SubsystemCompleter.complete,getSubsystems
SubsystemCompleter.complete,add
SubsystemCompleter.complete,toString
SubsystemCompleter.complete,getSubsystemId
SubsystemCompleter.complete,getSymbolicName
SubsystemCompleter.complete,getVersion
SubsystemCompleter.complete,complete
StopAction.execute,getSubsystems
StopAction.execute,stop
ListAction.execute,column
ListAction.execute,alignRight
ListAction.execute,getSubsystems
ListAction.execute,addRow
ListAction.execute,addContent
ListAction.execute,getSubsystemId
ListAction.execute,getSymbolicName
ListAction.execute,getVersion
ListAction.execute,getState
ListAction.execute,toString
ListAction.execute,getType
ListAction.execute,getSubsytemIds
ListAction.execute,getParents
ListAction.execute,getChildren
ListAction.execute,print
ListAction.getType,getType
ListAction.getType,startsWith
ListAction.getType,substring
ListAction.getType,length
ServicesMBeanImpl.getServices,getServices
ServicesMBeanImpl.getServices,toString
ServicesMBeanImpl.getServices,getBundle
ServicesMBeanImpl.getServices,getBundles
ServicesMBeanImpl.getServices,getServicesInUse
ServicesMBeanImpl.getServices,getRegisteredServices
ServicesMBeanImpl.getServices,getProperty
ServicesMBeanImpl.getServices,getPropertyKeys
ServicesMBeanImpl.getServices,add
ServicesMBeanImpl.getServices,toArray
ServicesMBeanImpl.getServices,put
ServicesMBeanImpl.getServices,printStackTrace
ObjectClassCompleter.complete,getServiceNamesMap
ObjectClassCompleter.complete,keySet
ObjectClassCompleter.complete,add
ObjectClassCompleter.complete,getShortName
ObjectClassCompleter.complete,addAll
ObjectClassCompleter.complete,complete
ObjectClassMatcher.matchesAtLeastOneName,matchesName
ObjectClassMatcher.matchesName,equals
ObjectClassMatcher.matchesName,getShortName
ObjectClassMatcher.getShortName,lastIndexOf
ObjectClassMatcher.getShortName,length
ObjectClassMatcher.getShortName,substring
ListServices.execute,listNames
ListServices.execute,getBundles
ListServices.execute,getRegisteredServices
ListServices.execute,getProperty
ListServices.execute,matchesAtLeastOneName
ListServices.execute,add
ListServices.execute,sort
ListServices.execute,isCommand
ListServices.execute,printServiceRef
ListServices.listNames,getServiceNamesMap
ListServices.listNames,keySet
ListServices.listNames,sort
ListServices.listNames,println
ListServices.listNames,get
ListServices.getServiceNamesMap,getBundles
ListServices.getServiceNamesMap,getRegisteredServices
ListServices.getServiceNamesMap,getProperty
ListServices.getServiceNamesMap,merge
ListServices.printServiceRef,getProperty
ListServices.printServiceRef,getValueString
ListServices.printServiceRef,println
ListServices.printServiceRef,getUnderlineString
ListServices.printServiceRef,printProperties
ListServices.printServiceRef,getBundleName
ListServices.printServiceRef,getBundle
ListServices.printServiceRef,getUsingBundles
ListServices.isCommand,equals
ListServices.printProperties,getPropertyKeys
ListServices.printProperties,equals
ListServices.printProperties,println
ListServices.printProperties,getValueString
ListServices.printProperties,getProperty
ListServices.compare,getObjectClass
ListServices.compare,compareTo
ListServices.getObjectClass,getProperty
ServiceClassComparator.compare,getObjectClass
ServiceClassComparator.compare,compareTo
ServiceClassComparator.getObjectClass,getProperty
Wait.execute,startsWith
Wait.execute,contains
Wait.execute,createFilter
Wait.execute,open
Wait.execute,getService
Wait.execute,waitForService
Wait.execute,close
GuardingEventHook.event,getServiceReference
GuardingEventHook.event,match
GuardingEventHook.event,getBundle
GuardingEventHook.event,getBundleContext
GuardingEventHook.event,keySet
GuardingEventHook.event,iterator
GuardingEventHook.event,hasNext
GuardingEventHook.event,next
GuardingEventHook.event,handleProxificationForHook
GuardingEventHook.event,remove
GuardingFindHook.find,equals
GuardingFindHook.find,getBundle
GuardingFindHook.find,getBundleId
GuardingFindHook.find,iterator
GuardingFindHook.find,hasNext
GuardingFindHook.find,next
GuardingFindHook.find,match
GuardingFindHook.find,handleProxificationForHook
GuardingFindHook.find,remove
GuardProxyCatalog.getNonProxyFilter,createFilter
GuardProxyCatalog.getNonProxyFilter,getName
GuardProxyCatalog.close,trace
GuardProxyCatalog.close,stopProxyCreator
GuardProxyCatalog.close,close
GuardProxyCatalog.close,removeServiceListener
GuardProxyCatalog.close,values
GuardProxyCatalog.close,info
GuardProxyCatalog.close,getReference
GuardProxyCatalog.close,getProperty
GuardProxyCatalog.close,copyProperties
GuardProxyCatalog.close,unregister
GuardProxyCatalog.close,clear
GuardProxyCatalog.serviceChanged,getServiceReference
GuardProxyCatalog.serviceChanged,getType
GuardProxyCatalog.serviceChanged,isProxy
GuardProxyCatalog.serviceChanged,getProperty
GuardProxyCatalog.serviceChanged,handleOriginalServiceUnregistering
GuardProxyCatalog.serviceChanged,handleOriginalServiceModifed
GuardProxyCatalog.handleOriginalServiceUnregistering,removeIf
GuardProxyCatalog.handleOriginalServiceUnregistering,equals
GuardProxyCatalog.handleOriginalServiceUnregistering,getOriginalServiceID
GuardProxyCatalog.handleOriginalServiceUnregistering,remove
GuardProxyCatalog.handleOriginalServiceUnregistering,unregister
GuardProxyCatalog.handleOriginalServiceModifed,get
GuardProxyCatalog.handleOriginalServiceModifed,getReference
GuardProxyCatalog.handleOriginalServiceModifed,getProperty
GuardProxyCatalog.handleOriginalServiceModifed,proxyProperties
GuardProxyCatalog.handleOriginalServiceModifed,put
GuardProxyCatalog.handleOriginalServiceModifed,remove
GuardProxyCatalog.handleOriginalServiceModifed,setProperties
GuardProxyCatalog.isProxy,getProperty
GuardProxyCatalog.handleProxificationForHook,isProxy
GuardProxyCatalog.handleProxificationForHook,proxyIfNotAlreadyProxied
GuardProxyCatalog.proxyIfNotAlreadyProxied,getProperty
GuardProxyCatalog.proxyIfNotAlreadyProxied,putIfAbsent
GuardProxyCatalog.proxyIfNotAlreadyProxied,trace
GuardProxyCatalog.proxyIfNotAlreadyProxied,getBundle
GuardProxyCatalog.proxyIfNotAlreadyProxied,getBundleContext
GuardProxyCatalog.proxyIfNotAlreadyProxied,registerService
GuardProxyCatalog.proxyIfNotAlreadyProxied,proxyPropertiesRoles
GuardProxyCatalog.proxyIfNotAlreadyProxied,copyProperties
GuardProxyCatalog.proxyIfNotAlreadyProxied,getReference
GuardProxyCatalog.proxyIfNotAlreadyProxied,debug
GuardProxyCatalog.proxyIfNotAlreadyProxied,get
GuardProxyCatalog.proxyIfNotAlreadyProxied,proxyProperties
GuardProxyCatalog.proxyIfNotAlreadyProxied,getServiceInvocationRoles
GuardProxyCatalog.proxyIfNotAlreadyProxied,remove
GuardProxyCatalog.proxyIfNotAlreadyProxied,put
GuardProxyCatalog.proxyIfNotAlreadyProxied,warn
GuardProxyCatalog.proxyIfNotAlreadyProxied,printStackTrace
GuardProxyCatalog.run,getProperty
GuardProxyCatalog.run,getBundle
GuardProxyCatalog.run,getBundleContext
GuardProxyCatalog.run,registerService
GuardProxyCatalog.run,proxyPropertiesRoles
GuardProxyCatalog.run,copyProperties
GuardProxyCatalog.run,getReference
GuardProxyCatalog.run,debug
GuardProxyCatalog.run,get
GuardProxyCatalog.proxyPropertiesRoles,proxyProperties
GuardProxyCatalog.proxyPropertiesRoles,getServiceInvocationRoles
GuardProxyCatalog.proxyPropertiesRoles,remove
GuardProxyCatalog.proxyPropertiesRoles,put
GuardProxyCatalog.proxyProperties,copyProperties
GuardProxyCatalog.proxyProperties,put
GuardProxyCatalog.copyProperties,getPropertyKeys
GuardProxyCatalog.copyProperties,put
GuardProxyCatalog.copyProperties,getProperty
GuardProxyCatalog.getServiceInvocationRoles,getServiceGuardConfigs
GuardProxyCatalog.getServiceInvocationRoles,getProcessedProperties
GuardProxyCatalog.getServiceInvocationRoles,get
GuardProxyCatalog.getServiceInvocationRoles,getFilter
GuardProxyCatalog.getServiceInvocationRoles,match
GuardProxyCatalog.getServiceInvocationRoles,keys
GuardProxyCatalog.getServiceInvocationRoles,hasMoreElements
GuardProxyCatalog.getServiceInvocationRoles,nextElement
GuardProxyCatalog.getServiceInvocationRoles,indexOf
GuardProxyCatalog.getServiceInvocationRoles,substring
GuardProxyCatalog.getServiceInvocationRoles,isValidMethodName
GuardProxyCatalog.getServiceInvocationRoles,addAll
GuardProxyCatalog.getServiceInvocationRoles,parseRoles
GuardProxyCatalog.getFilter,get
GuardProxyCatalog.getFilter,createFilter
GuardProxyCatalog.getFilter,put
GuardProxyCatalog.getServiceGuardConfigs,waitForService
GuardProxyCatalog.getServiceGuardConfigs,listConfigurations
GuardProxyCatalog.isValidMethodName,matcher
GuardProxyCatalog.isValidMethodName,matches
GuardProxyCatalog.stopProxyCreator,interrupt
GuardProxyCatalog.currentUserHasRole,equals
GuardProxyCatalog.currentUserHasRole,currentUserHasRole
GuardProxyCatalog.getService,getBundleContext
GuardProxyCatalog.getService,getService
GuardProxyCatalog.getService,getClass
GuardProxyCatalog.getService,equals
GuardProxyCatalog.getService,add
GuardProxyCatalog.getService,addAll
GuardProxyCatalog.getService,asList
GuardProxyCatalog.getService,getInterfaces
GuardProxyCatalog.getService,getSuperclass
GuardProxyCatalog.getService,iterator
GuardProxyCatalog.getService,hasNext
GuardProxyCatalog.getService,next
GuardProxyCatalog.getService,getModifiers
GuardProxyCatalog.getService,isAnonymousClass
GuardProxyCatalog.getService,isLocalClass
GuardProxyCatalog.getService,remove
GuardProxyCatalog.getService,getDeclaredMethods
GuardProxyCatalog.getService,createInterceptingProxy
GuardProxyCatalog.getService,getBundle
GuardProxyCatalog.ungetService,getBundleContext
GuardProxyCatalog.ungetService,ungetService
GuardProxyCatalog.preInvoke,getParameterTypes
GuardProxyCatalog.preInvoke,getName
GuardProxyCatalog.preInvoke,getServiceGuardConfigs
GuardProxyCatalog.preInvoke,getProperties
GuardProxyCatalog.preInvoke,get
GuardProxyCatalog.preInvoke,createFilter
GuardProxyCatalog.preInvoke,match
GuardProxyCatalog.preInvoke,getRolesForInvocation
GuardProxyCatalog.preInvoke,put
GuardProxyCatalog.preInvoke,parseRoles
GuardProxyCatalog.preInvoke,size
GuardProxyCatalog.preInvoke,info
GuardProxyCatalog.preInvoke,values
GuardProxyCatalog.preInvoke,iterator
GuardProxyCatalog.preInvoke,next
GuardProxyCatalog.preInvoke,currentUserHasRole
GuardProxyCatalog.preInvoke,trace
GuardProxyCatalog.addingService,getService
GuardProxyCatalog.addingService,newProxyProducingThread
GuardProxyCatalog.newProxyProducingThread,take
GuardProxyCatalog.newProxyProducingThread,run
GuardProxyCatalog.newProxyProducingThread,warn
GuardProxyCatalog.newProxyProducingThread,setName
GuardProxyCatalog.newProxyProducingThread,setDaemon
GuardProxyCatalog.newProxyProducingThread,start
GuardProxyCatalog.removedService,stopProxyCreator
ProxyServiceFactory.getService,getBundleContext
ProxyServiceFactory.getService,getService
ProxyServiceFactory.getService,getClass
ProxyServiceFactory.getService,equals
ProxyServiceFactory.getService,add
ProxyServiceFactory.getService,addAll
ProxyServiceFactory.getService,asList
ProxyServiceFactory.getService,getInterfaces
ProxyServiceFactory.getService,getSuperclass
ProxyServiceFactory.getService,iterator
ProxyServiceFactory.getService,hasNext
ProxyServiceFactory.getService,next
ProxyServiceFactory.getService,getModifiers
ProxyServiceFactory.getService,isAnonymousClass
ProxyServiceFactory.getService,isLocalClass
ProxyServiceFactory.getService,remove
ProxyServiceFactory.getService,getDeclaredMethods
ProxyServiceFactory.getService,createInterceptingProxy
ProxyServiceFactory.getService,getBundle
ProxyServiceFactory.ungetService,getBundleContext
ProxyServiceFactory.ungetService,ungetService
ProxyInvocationListener.preInvoke,getParameterTypes
ProxyInvocationListener.preInvoke,getName
ProxyInvocationListener.preInvoke,getServiceGuardConfigs
ProxyInvocationListener.preInvoke,getProperties
ProxyInvocationListener.preInvoke,get
ProxyInvocationListener.preInvoke,createFilter
ProxyInvocationListener.preInvoke,match
ProxyInvocationListener.preInvoke,getRolesForInvocation
ProxyInvocationListener.preInvoke,put
ProxyInvocationListener.preInvoke,parseRoles
ProxyInvocationListener.preInvoke,size
ProxyInvocationListener.preInvoke,info
ProxyInvocationListener.preInvoke,values
ProxyInvocationListener.preInvoke,iterator
ProxyInvocationListener.preInvoke,next
ProxyInvocationListener.preInvoke,currentUserHasRole
ProxyInvocationListener.preInvoke,trace
ServiceProxyCreatorCustomizer.addingService,getService
ServiceProxyCreatorCustomizer.addingService,newProxyProducingThread
ServiceProxyCreatorCustomizer.newProxyProducingThread,take
ServiceProxyCreatorCustomizer.newProxyProducingThread,run
ServiceProxyCreatorCustomizer.newProxyProducingThread,warn
ServiceProxyCreatorCustomizer.newProxyProducingThread,setName
ServiceProxyCreatorCustomizer.newProxyProducingThread,setDaemon
ServiceProxyCreatorCustomizer.newProxyProducingThread,start
ServiceProxyCreatorCustomizer.removedService,stopProxyCreator
ACLConfigurationParser.getRolesForInvocation,trimKeys
ACLConfigurationParser.getRolesForInvocation,get
ACLConfigurationParser.getRolesForInvocation,getRolesBasedOnSignature
ACLConfigurationParser.getRolesForInvocation,getMethodNameWildcardRoles
ACLConfigurationParser.getRolesForInvocation,addAll
ACLConfigurationParser.getRolesForInvocation,contains
ACLConfigurationParser.getRolesForInvocation,parseRoles
ACLConfigurationParser.getRolesForInvocationForAlias,trimKeys
ACLConfigurationParser.getRolesForInvocationForAlias,get
ACLConfigurationParser.getRolesForInvocationForAlias,getRolesBasedOnSignature
ACLConfigurationParser.getRolesForInvocationForAlias,getMethodNameWildcardRoles
ACLConfigurationParser.getRolesForInvocationForAlias,addAll
ACLConfigurationParser.getCompulsoryRoles,addAll
ACLConfigurationParser.getCompulsoryRoles,parseRoles
ACLConfigurationParser.getRolesBasedOnSignature,get
ACLConfigurationParser.getRolesBasedOnSignature,getExactArgSignature
ACLConfigurationParser.getRolesBasedOnSignature,addAll
ACLConfigurationParser.getRolesBasedOnSignature,parseRoles
ACLConfigurationParser.getRolesBasedOnSignature,getRegexRoles
ACLConfigurationParser.getRolesBasedOnSignature,getExactArgOrRegexRoles
ACLConfigurationParser.getRolesBasedOnSignature,getSignature
ACLConfigurationParser.trimKeys,keys
ACLConfigurationParser.trimKeys,hasMoreElements
ACLConfigurationParser.trimKeys,nextElement
ACLConfigurationParser.trimKeys,get
ACLConfigurationParser.trimKeys,put
ACLConfigurationParser.trimKeys,removeSpaces
ACLConfigurationParser.removeSpaces,length
ACLConfigurationParser.removeSpaces,charAt
ACLConfigurationParser.removeSpaces,append
ACLConfigurationParser.removeSpaces,toString
ACLConfigurationParser.parseRoles,indexOf
ACLConfigurationParser.parseRoles,substring
ACLConfigurationParser.parseRoles,split
ACLConfigurationParser.parseRoles,trim
ACLConfigurationParser.parseRoles,length
ACLConfigurationParser.parseRoles,add
ACLConfigurationParser.getExactArgSignature,getSignature
ACLConfigurationParser.getExactArgSignature,append
ACLConfigurationParser.getExactArgSignature,toString
ACLConfigurationParser.getExactArgSignature,trim
ACLConfigurationParser.getSignature,toString
ACLConfigurationParser.getSignature,append
ACLConfigurationParser.getRegexRoles,getSignature
ACLConfigurationParser.getRegexRoles,keys
ACLConfigurationParser.getRegexRoles,hasMoreElements
ACLConfigurationParser.getRegexRoles,nextElement
ACLConfigurationParser.getRegexRoles,trim
ACLConfigurationParser.getRegexRoles,startsWith
ACLConfigurationParser.getRegexRoles,endsWith
ACLConfigurationParser.getRegexRoles,getRegexDecl
ACLConfigurationParser.getRegexRoles,substring
ACLConfigurationParser.getRegexRoles,length
ACLConfigurationParser.getRegexRoles,allParamsMatch
ACLConfigurationParser.getRegexRoles,get
ACLConfigurationParser.getRegexRoles,addAll
ACLConfigurationParser.getRegexRoles,parseRoles
ACLConfigurationParser.getExactArgOrRegexRoles,getSignature
ACLConfigurationParser.getExactArgOrRegexRoles,keys
ACLConfigurationParser.getExactArgOrRegexRoles,hasMoreElements
ACLConfigurationParser.getExactArgOrRegexRoles,nextElement
ACLConfigurationParser.getExactArgOrRegexRoles,trim
ACLConfigurationParser.getExactArgOrRegexRoles,startsWith
ACLConfigurationParser.getExactArgOrRegexRoles,endsWith
ACLConfigurationParser.getExactArgOrRegexRoles,get
ACLConfigurationParser.getExactArgOrRegexRoles,addAll
ACLConfigurationParser.getExactArgOrRegexRoles,parseRoles
ACLConfigurationParser.getMethodNameWildcardRoles,length
ACLConfigurationParser.getMethodNameWildcardRoles,keys
ACLConfigurationParser.getMethodNameWildcardRoles,hasMoreElements
ACLConfigurationParser.getMethodNameWildcardRoles,nextElement
ACLConfigurationParser.getMethodNameWildcardRoles,endsWith
ACLConfigurationParser.getMethodNameWildcardRoles,substring
ACLConfigurationParser.getMethodNameWildcardRoles,startsWith
ACLConfigurationParser.getMethodNameWildcardRoles,put
ACLConfigurationParser.getMethodNameWildcardRoles,get
ACLConfigurationParser.getMethodNameWildcardRoles,toString
ACLConfigurationParser.getMethodNameWildcardRoles,contains
ACLConfigurationParser.getMethodNameWildcardRoles,size
ACLConfigurationParser.getMethodNameWildcardRoles,parseRoles
ACLConfigurationParser.getMethodNameWildcardRoles,values
ACLConfigurationParser.getMethodNameWildcardRoles,iterator
ACLConfigurationParser.getMethodNameWildcardRoles,next
ACLConfigurationParser.allParamsMatch,size
ACLConfigurationParser.allParamsMatch,toString
ACLConfigurationParser.allParamsMatch,trim
ACLConfigurationParser.allParamsMatch,matches
ACLConfigurationParser.allParamsMatch,get
ACLConfigurationParser.getRegexDecl,length
ACLConfigurationParser.getRegexDecl,substring
ACLConfigurationParser.getRegexDecl,equals
ACLConfigurationParser.getRegexDecl,add
ACLConfigurationParser.getRegexDecl,toString
ACLConfigurationParser.getRegexDecl,append
ACLConfigurationParser.getRegexDecl,charAt
JmsMessage.initFromMessage,getPropertyNames
JmsMessage.initFromMessage,hasMoreElements
JmsMessage.initFromMessage,nextElement
JmsMessage.initFromMessage,getObjectProperty
JmsMessage.initFromMessage,put
JmsMessage.initFromMessage,getJMSCorrelationID
JmsMessage.initFromMessage,getJMSDeliveryMode
JmsMessage.initFromMessage,getJMSDestination
JmsMessage.initFromMessage,toString
JmsMessage.initFromMessage,getJMSExpiration
JmsMessage.initFromMessage,getJMSMessageID
JmsMessage.initFromMessage,getJMSPriority
JmsMessage.initFromMessage,getJMSRedelivered
JmsMessage.initFromMessage,getJMSReplyTo
JmsMessage.initFromMessage,getJMSTimestamp
JmsMessage.initFromMessage,getJMSType
JmsMessage.initFromMessage,getMessageContent
JmsMessage.getMessageContent,getBodyLength
JmsMessage.getMessageContent,readBytes
JmsMessage.getMessageContent,getMessage
ActiveMQDestinationSourceFactory.create,getMetaData
ActiveMQDestinationSourceFactory.create,getJMSProviderName
ActiveMQDestinationSourceFactory.create,equals
ActiveMQDestinationSourceFactory.create,getProviderVersion
ActiveMQDestinationSourceFactory.create,startsWith
ActiveMQDestinationSourceFactory.create,getNames
ActiveMQDestinationSourceFactory.getNames,start
ActiveMQDestinationSourceFactory.getNames,getClass
ActiveMQDestinationSourceFactory.getNames,getMethod
ActiveMQDestinationSourceFactory.getNames,invoke
ActiveMQDestinationSourceFactory.getNames,emptySet
ActiveMQDestinationSourceFactory.getNames,sleep
ActiveMQDestinationSourceFactory.getNames,isEmpty
ActiveMQDestinationSourceFactory.getNames,add
ActiveMQDestinationSourceFactory.getNames,emptyList
JmsServiceImpl.create,create
JmsServiceImpl.create,connectionFactories
JmsServiceImpl.create,contains
JmsServiceImpl.create,put
JmsServiceImpl.create,createFactoryConfiguration
JmsServiceImpl.create,update
JmsServiceImpl.put,put
JmsServiceImpl.delete,format
JmsServiceImpl.delete,listConfigurations
JmsServiceImpl.delete,delete
JmsServiceImpl.connectionFactories,getServiceReferences
JmsServiceImpl.connectionFactories,stream
JmsServiceImpl.connectionFactories,map
JmsServiceImpl.connectionFactories,distinct
JmsServiceImpl.connectionFactories,collect
JmsServiceImpl.connectionFactories,toList
JmsServiceImpl.getConnectionFactoryName,getProperty
JmsServiceImpl.getConnectionFactoryName,toString
JmsServiceImpl.connectionFactoryFileNames,list
JmsServiceImpl.connectionFactoryFileNames,map
JmsServiceImpl.connectionFactoryFileNames,filter
JmsServiceImpl.connectionFactoryFileNames,startsWith
JmsServiceImpl.connectionFactoryFileNames,endsWith
JmsServiceImpl.connectionFactoryFileNames,collect
JmsServiceImpl.connectionFactoryFileNames,toList
JmsServiceImpl.info,createContext
JmsServiceImpl.info,getMetaData
JmsServiceImpl.info,put
JmsServiceImpl.info,getJMSProviderName
JmsServiceImpl.info,getProviderVersion
JmsServiceImpl.count,createContext
JmsServiceImpl.count,createBrowser
JmsServiceImpl.count,createQueue
JmsServiceImpl.count,getEnumeration
JmsServiceImpl.count,hasMoreElements
JmsServiceImpl.count,nextElement
JmsServiceImpl.createContext,createContext
JmsServiceImpl.createContext,lookupConnectionFactory
JmsServiceImpl.createContext,getService
JmsServiceImpl.createContext,ungetService
JmsServiceImpl.lookupConnectionFactory,getServiceReferences
JmsServiceImpl.lookupConnectionFactory,stream
JmsServiceImpl.lookupConnectionFactory,sorted
JmsServiceImpl.lookupConnectionFactory,Comparator
JmsServiceImpl.lookupConnectionFactory,reversed
JmsServiceImpl.lookupConnectionFactory,findFirst
JmsServiceImpl.lookupConnectionFactory,orElseThrow
JmsServiceImpl.getDestinationNames,lookupConnectionFactory
JmsServiceImpl.getDestinationNames,getService
JmsServiceImpl.getDestinationNames,asList
JmsServiceImpl.getDestinationNames,createConnection
JmsServiceImpl.getDestinationNames,create
JmsServiceImpl.getDestinationNames,getNames
JmsServiceImpl.getDestinationNames,createContext
JmsServiceImpl.getDestinationNames,ungetService
JmsServiceImpl.getDestinationNames,emptyList
JmsServiceImpl.queues,getDestinationNames
JmsServiceImpl.topics,getDestinationNames
JmsServiceImpl.browse,createContext
JmsServiceImpl.browse,createBrowser
JmsServiceImpl.browse,createQueue
JmsServiceImpl.browse,getEnumeration
JmsServiceImpl.browse,hasMoreElements
JmsServiceImpl.browse,nextElement
JmsServiceImpl.browse,add
JmsServiceImpl.send,createContext
JmsServiceImpl.send,createProducer
JmsServiceImpl.send,setJMSReplyTo
JmsServiceImpl.send,createQueue
JmsServiceImpl.send,send
JmsServiceImpl.consume,createContext
JmsServiceImpl.consume,createConsumer
JmsServiceImpl.consume,createQueue
JmsServiceImpl.consume,receive
JmsServiceImpl.move,createContext
JmsServiceImpl.move,createQueue
JmsServiceImpl.move,createConsumer
JmsServiceImpl.move,receive
JmsServiceImpl.move,createProducer
JmsServiceImpl.move,send
JmsServiceImpl.move,commit
JmsMBeanImpl.getConnectionfactories,connectionFactories
JmsMBeanImpl.getConnectionfactories,getMessage
JmsMBeanImpl.create,create
JmsMBeanImpl.create,getMessage
JmsMBeanImpl.delete,delete
JmsMBeanImpl.delete,getMessage
JmsMBeanImpl.info,info
JmsMBeanImpl.info,getMessage
JmsMBeanImpl.count,count
JmsMBeanImpl.count,getMessage
JmsMBeanImpl.queues,queues
JmsMBeanImpl.queues,getMessage
JmsMBeanImpl.topics,topics
JmsMBeanImpl.topics,getMessage
JmsMBeanImpl.send,send
JmsMBeanImpl.send,getMessage
JmsMBeanImpl.consume,consume
JmsMBeanImpl.consume,getMessage
JmsMBeanImpl.move,move
JmsMBeanImpl.move,getMessage
JmsMBeanImpl.browse,getJmsService
JmsMBeanImpl.browse,browse
JmsMBeanImpl.browse,getMessageId
JmsMBeanImpl.browse,getContent
JmsMBeanImpl.browse,getCharset
JmsMBeanImpl.browse,getType
JmsMBeanImpl.browse,getCorrelationID
JmsMBeanImpl.browse,getDeliveryMode
JmsMBeanImpl.browse,getDestination
JmsMBeanImpl.browse,getExpiration
JmsMBeanImpl.browse,getPriority
JmsMBeanImpl.browse,isRedelivered
JmsMBeanImpl.browse,getReplyTo
JmsMBeanImpl.browse,getTimestamp
JmsMBeanImpl.browse,put
JmsMBeanImpl.browse,getMessage
ConnectionFactoryRegistration.updated,deleted
ConnectionFactoryRegistration.updated,get
ConnectionFactoryRegistration.updated,createConnectionFactory
ConnectionFactoryRegistration.updated,keys
ConnectionFactoryRegistration.updated,hasMoreElements
ConnectionFactoryRegistration.updated,nextElement
ConnectionFactoryRegistration.updated,put
ConnectionFactoryRegistration.updated,registerService
ConnectionFactoryRegistration.deleted,remove
ConnectionFactoryRegistration.deleted,unregister
ConnectionFactoryRegistration.destroy,keySet
ConnectionFactoryRegistration.destroy,forEach
ConnectionFactoryRegistration.createConnectionFactory,toLowerCase
ConnectionFactoryRegistration.createConnectionFactory,createActiveMQConnectionFactory
ConnectionFactoryRegistration.createConnectionFactory,createArtemisConnectionFactory
ConnectionFactoryRegistration.createActiveMQConnectionFactory,getBundle
ConnectionFactoryRegistration.createActiveMQConnectionFactory,loadClass
ConnectionFactoryRegistration.createActiveMQConnectionFactory,getConstructor
ConnectionFactoryRegistration.createActiveMQConnectionFactory,newInstance
ConnectionFactoryRegistration.createActiveMQConnectionFactory,getBundles
ConnectionFactoryRegistration.createArtemisConnectionFactory,getBundles
ConnectionFactoryRegistration.createArtemisConnectionFactory,loadClass
ConnectionFactoryRegistration.createArtemisConnectionFactory,getConstructor
ConnectionFactoryRegistration.createArtemisConnectionFactory,newInstance
ArtemisDestinationSourceFactory.create,getMetaData
ArtemisDestinationSourceFactory.create,getJMSProviderName
ArtemisDestinationSourceFactory.create,equals
ArtemisDestinationSourceFactory.create,getProviderVersion
ArtemisDestinationSourceFactory.create,startsWith
ArtemisDestinationSourceFactory.create,getNames
ArtemisDestinationSourceFactory.getNames,createQueue
ArtemisDestinationSourceFactory.getNames,createTemporaryQueue
ArtemisDestinationSourceFactory.getNames,start
ArtemisDestinationSourceFactory.getNames,createProducer
ArtemisDestinationSourceFactory.getNames,setProperty
ArtemisDestinationSourceFactory.getNames,setJMSReplyTo
ArtemisDestinationSourceFactory.getNames,send
ArtemisDestinationSourceFactory.getNames,createConsumer
ArtemisDestinationSourceFactory.getNames,receive
ArtemisDestinationSourceFactory.getNames,read
ArtemisDestinationSourceFactory.getNames,get
ArtemisDestinationSourceFactory.getNames,emptyList
TopicsCommand.execute,column
TopicsCommand.execute,getJmsService
TopicsCommand.execute,topics
TopicsCommand.execute,addRow
TopicsCommand.execute,addContent
TopicsCommand.execute,print
BrowseCommand.execute,column
BrowseCommand.execute,maxSize
BrowseCommand.execute,getJmsService
BrowseCommand.execute,browse
BrowseCommand.execute,getProperties
BrowseCommand.execute,keySet
BrowseCommand.execute,append
BrowseCommand.execute,get
BrowseCommand.execute,addRow
BrowseCommand.execute,addContent
BrowseCommand.execute,getMessageId
BrowseCommand.execute,getContent
BrowseCommand.execute,getCharset
BrowseCommand.execute,getType
BrowseCommand.execute,getCorrelationID
BrowseCommand.execute,getDeliveryMode
BrowseCommand.execute,getDestination
BrowseCommand.execute,getExpiration
BrowseCommand.execute,getPriority
BrowseCommand.execute,isRedelivered
BrowseCommand.execute,getReplyTo
BrowseCommand.execute,getTimestamp
BrowseCommand.execute,toString
BrowseCommand.execute,print
CountCommand.execute,column
CountCommand.execute,addRow
CountCommand.execute,addContent
CountCommand.execute,getJmsService
CountCommand.execute,count
CountCommand.execute,print
ConnectionFactoriesCommand.execute,column
ConnectionFactoriesCommand.execute,getJmsService
ConnectionFactoriesCommand.execute,connectionFactories
ConnectionFactoriesCommand.execute,addRow
ConnectionFactoriesCommand.execute,addContent
ConnectionFactoriesCommand.execute,print
QueuesCommand.execute,column
QueuesCommand.execute,getJmsService
QueuesCommand.execute,queues
QueuesCommand.execute,addRow
QueuesCommand.execute,addContent
QueuesCommand.execute,print
MoveCommand.execute,println
MoveCommand.execute,getJmsService
MoveCommand.execute,move
ConnectionFactoriesFileNameCompleter.complete,connectionFactoryFileNames
ConnectionFactoriesFileNameCompleter.complete,getStrings
ConnectionFactoriesFileNameCompleter.complete,add
ConnectionFactoriesFileNameCompleter.complete,replace
ConnectionFactoriesFileNameCompleter.complete,complete
ConnectionFactoriesNameCompleter.complete,connectionFactories
ConnectionFactoriesNameCompleter.complete,getStrings
ConnectionFactoriesNameCompleter.complete,add
ConnectionFactoriesNameCompleter.complete,complete
ProxyLoginModule.initialize,remove
ProxyLoginModule.initialize,getBundle
ProxyLoginModule.initialize,parseLong
ProxyLoginModule.initialize,loadClass
ProxyLoginModule.initialize,newInstance
ProxyLoginModule.initialize,initialize
ProxyLoginModule.login,login
ProxyLoginModule.commit,commit
ProxyLoginModule.abort,abort
ProxyLoginModule.logout,logout
UserPrincipal.equals,getClass
UserPrincipal.equals,equals
UserPrincipal.hashCode,hash
ClientPrincipal.equals,getClass
ClientPrincipal.equals,equals
ClientPrincipal.equals,getName
ClientPrincipal.hashCode,hash
ClientPrincipal.hashCode,getName
ClientPrincipal.toString,getName
RolePrincipal.equals,getClass
RolePrincipal.equals,equals
RolePrincipal.hashCode,hash
GroupPrincipal.equals,getClass
GroupPrincipal.equals,equals
GroupPrincipal.hashCode,hash
GroupPrincipal.addMember,put
GroupPrincipal.addMember,getName
GroupPrincipal.removeMember,remove
GroupPrincipal.removeMember,getName
GroupPrincipal.isMember,containsKey
GroupPrincipal.isMember,getName
GroupPrincipal.members,elements
OsgiKeystoreManager.register,add
OsgiKeystoreManager.unregister,remove
OsgiKeystoreManager.getKeystore,getName
OsgiKeystoreManager.getKeystore,equals
OsgiKeystoreManager.getKeystore,getRank
OsgiKeystoreManager.createSSLContext,createSSLContext
OsgiKeystoreManager.createSSLContext,checkForKeystoresAvailability
OsgiKeystoreManager.createSSLContext,getKeystore
OsgiKeystoreManager.createSSLContext,isKeystoreLocked
OsgiKeystoreManager.createSSLContext,isKeyLocked
OsgiKeystoreManager.createSSLContext,getInstance
OsgiKeystoreManager.createSSLContext,init
OsgiKeystoreManager.createSSLContext,getKeyManager
OsgiKeystoreManager.createSSLContext,getTrustManager
OsgiKeystoreManager.createSSLServerFactory,createSSLServerFactory
OsgiKeystoreManager.createSSLServerFactory,createSSLContext
OsgiKeystoreManager.createSSLServerFactory,getServerSocketFactory
OsgiKeystoreManager.createSSLFactory,createSSLFactory
OsgiKeystoreManager.createSSLFactory,createSSLContext
OsgiKeystoreManager.createSSLFactory,getSocketFactory
OsgiKeystoreManager.checkForKeystoresAvailability,currentTimeMillis
OsgiKeystoreManager.checkForKeystoresAvailability,getKeystore
OsgiKeystoreManager.checkForKeystoresAvailability,info
OsgiKeystoreManager.checkForKeystoresAvailability,isKeystoreLocked
OsgiKeystoreManager.checkForKeystoresAvailability,isKeyLocked
OsgiKeystoreManager.checkForKeystoresAvailability,sleep
ProxyLoginModuleInitializer.init,getBundle
ProxyLoginModuleInitializer.init,getBundleContext
ProxyLoginModuleInitializer.init,init
ResourceKeystoreInstance.setPath,getProtocol
ResourceKeystoreInstance.setPath,equals
ResourceKeystoreInstance.setPath,create
ResourceKeystoreInstance.setPath,toString
ResourceKeystoreInstance.setPath,replace
ResourceKeystoreInstance.setPath,getSchemeSpecificPart
ResourceKeystoreInstance.setKeyPasswords,split
ResourceKeystoreInstance.setKeyPasswords,indexOf
ResourceKeystoreInstance.setKeyPasswords,put
ResourceKeystoreInstance.setKeyPasswords,substring
ResourceKeystoreInstance.setKeyPasswords,toCharArray
ResourceKeystoreInstance.getCertificate,loadKeystoreData
ResourceKeystoreInstance.getCertificate,getCertificate
ResourceKeystoreInstance.getCertificate,error
ResourceKeystoreInstance.getCertificateAlias,loadKeystoreData
ResourceKeystoreInstance.getCertificateAlias,getCertificateAlias
ResourceKeystoreInstance.getCertificateAlias,error
ResourceKeystoreInstance.getCertificateChain,loadKeystoreData
ResourceKeystoreInstance.getCertificateChain,getCertificateChain
ResourceKeystoreInstance.getCertificateChain,error
ResourceKeystoreInstance.getKeyManager,isKeystoreLocked
ResourceKeystoreInstance.getKeyManager,loadKeystoreData
ResourceKeystoreInstance.getKeyManager,getInstance
ResourceKeystoreInstance.getKeyManager,init
ResourceKeystoreInstance.getKeyManager,get
ResourceKeystoreInstance.getKeyManager,getKeyManagers
ResourceKeystoreInstance.getPrivateKey,loadKeystoreData
ResourceKeystoreInstance.getPrivateKey,isKeyLocked
ResourceKeystoreInstance.getPrivateKey,getKey
ResourceKeystoreInstance.getPrivateKey,get
ResourceKeystoreInstance.getPrivateKey,error
ResourceKeystoreInstance.getTrustManager,isKeystoreLocked
ResourceKeystoreInstance.getTrustManager,loadKeystoreData
ResourceKeystoreInstance.getTrustManager,getInstance
ResourceKeystoreInstance.getTrustManager,init
ResourceKeystoreInstance.getTrustManager,getTrustManagers
ResourceKeystoreInstance.isKeyLocked,equals
ResourceKeystoreInstance.isKeyLocked,get
ResourceKeystoreInstance.listTrustCertificates,loadKeystoreData
ResourceKeystoreInstance.listTrustCertificates,toArray
ResourceKeystoreInstance.listTrustCertificates,size
ResourceKeystoreInstance.loadKeystoreData,lastModified
ResourceKeystoreInstance.loadKeystoreData,exists
ResourceKeystoreInstance.loadKeystoreData,canRead
ResourceKeystoreInstance.loadKeystoreData,getAbsolutePath
ResourceKeystoreInstance.loadKeystoreData,currentTimeMillis
ResourceKeystoreInstance.loadKeystoreData,clear
ResourceKeystoreInstance.loadKeystoreData,getInstance
ResourceKeystoreInstance.loadKeystoreData,getType
ResourceKeystoreInstance.loadKeystoreData,openStream
ResourceKeystoreInstance.loadKeystoreData,load
ResourceKeystoreInstance.loadKeystoreData,toCharArray
ResourceKeystoreInstance.loadKeystoreData,close
ResourceKeystoreInstance.loadKeystoreData,aliases
ResourceKeystoreInstance.loadKeystoreData,hasMoreElements
ResourceKeystoreInstance.loadKeystoreData,nextElement
ResourceKeystoreInstance.loadKeystoreData,isCertificateEntry
ResourceKeystoreInstance.loadKeystoreData,add
ResourceKeystoreInstance.loadKeystoreData,error
Config.getEntries,put
Config.getEntries,getName
Config.getEntries,getOptions
Config.getEntries,entrySet
Config.getEntries,getKey
Config.getEntries,toString
Config.getEntries,getValue
Config.getEntries,getClassName
Config.getEntries,getBundle
Config.getEntries,getBundleId
Config.getEntries,getControlFlag
Config.getEntries,getFlags
Config.getControlFlag,equalsIgnoreCase
OsgiConfiguration.init,getConfiguration
OsgiConfiguration.init,getLogger
OsgiConfiguration.init,warn
OsgiConfiguration.init,setConfiguration
OsgiConfiguration.close,clear
OsgiConfiguration.close,setConfiguration
OsgiConfiguration.register,add
OsgiConfiguration.unregister,remove
OsgiConfiguration.getAppConfigurationEntry,getName
OsgiConfiguration.getAppConfigurationEntry,equals
OsgiConfiguration.getAppConfigurationEntry,getRank
OsgiConfiguration.getAppConfigurationEntry,getEntries
OsgiConfiguration.getAppConfigurationEntry,getAppConfigurationEntry
OsgiConfiguration.refresh,refresh
SpringSecurityCryptoEncryption.encryptPassword,encode
SpringSecurityCryptoEncryption.encryptPassword,equalsIgnoreCase
SpringSecurityCryptoEncryption.encryptPassword,getBytes
SpringSecurityCryptoEncryption.encryptPassword,getEncoder
SpringSecurityCryptoEncryption.encryptPassword,encodeToString
SpringSecurityCryptoEncryption.checkPassword,equalsIgnoreCase
SpringSecurityCryptoEncryption.checkPassword,decode
SpringSecurityCryptoEncryption.checkPassword,getDecoder
SpringSecurityCryptoEncryption.checkPassword,matches
GroupAddCommand.doExecute,addGroup
UserDeleteCommand.doExecute,deleteUser
UserAddCommand.doExecute,addUser
ModuleAddCommand.execute,get
ModuleAddCommand.execute,println
ModuleAddCommand.execute,checkIfClassExists
ModuleAddCommand.execute,createModuleFromCmdParameters
ModuleAddCommand.execute,asList
ModuleAddCommand.execute,add
ModuleAddCommand.execute,toArray
ModuleAddCommand.createModuleFromCmdParameters,size
ModuleAddCommand.createModuleFromCmdParameters,println
ModuleAddCommand.createModuleFromCmdParameters,put
ModuleAddCommand.createModuleFromCmdParameters,get
ModuleAddCommand.createModuleFromCmdParameters,setClassName
ModuleAddCommand.createModuleFromCmdParameters,setFlags
ModuleAddCommand.createModuleFromCmdParameters,setOptions
ModuleAddCommand.checkIfClassExists,getClass
ModuleAddCommand.checkIfClassExists,getClassLoader
ModuleAddCommand.checkIfClassExists,loadClass
ListGroupsCommand.execute,get
ListGroupsCommand.execute,println
ListGroupsCommand.execute,getBackingEngine
ListGroupsCommand.execute,doExecute
ListGroupsCommand.doExecute,printf
ListGroupsCommand.doExecute,listGroups
ListGroupsCommand.doExecute,keySet
ListGroupsCommand.doExecute,getName
ListGroupsCommand.doExecute,get
GroupRoleDeleteCommand.doExecute,deleteGroupRole
RealmAddCommand.execute,createModuleFromCmdParameters
RealmAddCommand.execute,setName
RealmAddCommand.execute,setModules
RealmAddCommand.execute,setBundleContext
RealmAddCommand.execute,registerService
JaasCommandSupport.execute,get
JaasCommandSupport.execute,add
JaasCommandSupport.execute,println
JaasCommandSupport.getBackingEngine,getOptions
JaasCommandSupport.getBackingEngine,get
JaasCommandSupport.getBackingEngine,getModuleClass
JaasCommandSupport.getBackingEngine,equals
JaasCommandSupport.getBackingEngine,build
JaasCommandSupport.getRealms,getRealms
JaasCommandSupport.getRealms,containsKey
JaasCommandSupport.getRealms,getName
JaasCommandSupport.getRealms,getRank
JaasCommandSupport.getRealms,get
JaasCommandSupport.getRealms,put
JaasCommandSupport.getRealms,values
RoleAddCommand.doExecute,addRole
UpdateCommand.execute,get
UpdateCommand.execute,println
UpdateCommand.execute,getBackingEngine
UpdateCommand.execute,doExecute
SuCommand.execute,readLine
SuCommand.execute,login
SuCommand.execute,doAs
SuCommand.execute,getFactory
SuCommand.execute,create
SuCommand.execute,getTerminal
SuCommand.execute,get
SuCommand.execute,put
SuCommand.execute,getCurrentUserName
SuCommand.execute,start
SuCommand.execute,join
SuCommand.execute,logout
CancelCommand.execute,put
WhoamiCommand.execute,getContext
WhoamiCommand.execute,getSubject
WhoamiCommand.execute,forName
WhoamiCommand.execute,getPrincipals
WhoamiCommand.execute,column
WhoamiCommand.execute,addRow
WhoamiCommand.execute,addContent
WhoamiCommand.execute,getName
WhoamiCommand.execute,getClass
WhoamiCommand.execute,getCanonicalName
WhoamiCommand.execute,print
RoleDeleteCommand.doExecute,deleteRole
GroupCreateCommand.doExecute,createGroup
GroupDeleteCommand.doExecute,deleteGroup
GroupRoleAddCommand.doExecute,addGroupRole
ManageRealmCommand.execute,println
ManageRealmCommand.execute,get
ManageRealmCommand.execute,getName
ManageRealmCommand.execute,equals
ManageRealmCommand.execute,getLoginModuleName
ManageRealmCommand.execute,getRealms
ManageRealmCommand.execute,size
ManageRealmCommand.execute,getEntries
ManageRealmCommand.execute,getOptions
ManageRealmCommand.execute,getBackingEngine
ManageRealmCommand.execute,put
ListRealmsCommand.execute,column
ListRealmsCommand.execute,getRealms
ListRealmsCommand.execute,size
ListRealmsCommand.execute,getName
ListRealmsCommand.execute,getEntries
ListRealmsCommand.execute,getOptions
ListRealmsCommand.execute,get
ListRealmsCommand.execute,addRow
ListRealmsCommand.execute,addContent
ListRealmsCommand.execute,print
ListPendingCommand.execute,get
ListPendingCommand.execute,getOptions
ListPendingCommand.execute,printf
ListPendingCommand.execute,getName
ListPendingCommand.execute,isEmpty
ListPendingCommand.execute,println
SudoCommand.execute,readLine
SudoCommand.execute,login
SudoCommand.execute,length
SudoCommand.execute,append
SudoCommand.execute,doAs
SudoCommand.execute,execute
SudoCommand.execute,logout
ListUsersCommand.execute,get
ListUsersCommand.execute,println
ListUsersCommand.execute,getBackingEngine
ListUsersCommand.execute,doExecute
ListUsersCommand.doExecute,listUsers
ListUsersCommand.doExecute,column
ListUsersCommand.doExecute,getName
ListUsersCommand.doExecute,listGroups
ListUsersCommand.doExecute,addAll
ListUsersCommand.doExecute,displayGroupRoles
ListUsersCommand.doExecute,listRoles
ListUsersCommand.doExecute,contains
ListUsersCommand.doExecute,add
ListUsersCommand.doExecute,addRow
ListUsersCommand.doExecute,addContent
ListUsersCommand.doExecute,size
ListUsersCommand.doExecute,print
ListUsersCommand.displayGroupRoles,listRoles
ListUsersCommand.displayGroupRoles,size
ListUsersCommand.displayGroupRoles,getName
ListUsersCommand.displayGroupRoles,add
ListUsersCommand.displayGroupRoles,addRow
ListUsersCommand.displayGroupRoles,addContent
LoginModuleNameCompleter.complete,isEmpty
LoginModuleNameCompleter.complete,findLoginModuleClassNames
LoginModuleNameCompleter.complete,getStrings
LoginModuleNameCompleter.complete,addAll
LoginModuleNameCompleter.complete,complete
LoginModuleNameCompleter.findLoginModuleClassNames,getEntries
LoginModuleNameCompleter.findLoginModuleClassNames,getOptions
LoginModuleNameCompleter.findLoginModuleClassNames,get
LoginModuleNameCompleter.findLoginModuleClassNames,add
RealmCompleter.complete,isEmpty
RealmCompleter.complete,getStrings
RealmCompleter.complete,add
RealmCompleter.complete,getName
RealmCompleter.complete,complete
AbstractKarafLoginModule.commit,isEmpty
AbstractKarafLoginModule.commit,clear
AbstractKarafLoginModule.commit,getPolicy
AbstractKarafLoginModule.commit,handleRoles
AbstractKarafLoginModule.commit,getPrincipals
AbstractKarafLoginModule.commit,addAll
AbstractKarafLoginModule.abort,debug
AbstractKarafLoginModule.abort,logout
AbstractKarafLoginModule.abort,clear
AbstractKarafLoginModule.logout,debug
AbstractKarafLoginModule.logout,getPrincipals
AbstractKarafLoginModule.logout,removeAll
AbstractKarafLoginModule.logout,clear
AbstractKarafLoginModule.clear,clear
AbstractKarafLoginModule.initialize,getString
AbstractKarafLoginModule.initialize,parseBoolean
AbstractKarafLoginModule.initialize,get
AbstractKarafLoginModule.initialize,getName
AbstractKarafLoginModule.checkPassword,checkPassword
JAASUtils.getString,get
BackingEngineService.get,getOptions
BackingEngineService.get,get
BackingEngineService.get,getModuleClass
BackingEngineService.get,equals
BackingEngineService.get,build
Activator.reconfigure,getConfig
Activator.reconfigure,updated
Activator.reconfigure,close
Activator.reconfigure,parseBoolean
Activator.reconfigure,get
Activator.populate,put
Activator.populate,getString
KarafRealm.getEntries,put
KarafRealm.getEntries,getName
KarafRealm.getEntries,toString
KarafRealm.getEntries,getBundle
KarafRealm.getEntries,getBundleId
KarafRealm.getEntries,get
EncryptionSupport.noEncryptionSupport,put
EncryptionSupport.encrypt,getEncryption
EncryptionSupport.encrypt,isEncrypted
EncryptionSupport.encrypt,encryptPassword
EncryptionSupport.checkPassword,getEncryption
EncryptionSupport.checkPassword,equals
EncryptionSupport.checkPassword,substring
EncryptionSupport.checkPassword,length
EncryptionSupport.checkPassword,checkPassword
EncryptionSupport.logOptions,length
EncryptionSupport.logOptions,debug
EncryptionSupport.isEncrypted,equals
EncryptionSupport.isEncrypted,startsWith
EncryptionSupport.isEncrypted,endsWith
EncryptionSupport.getEncryption,getFilter
EncryptionSupport.getEncryption,open
EncryptionSupport.getEncryption,getEncryptionInternal
EncryptionSupport.getEncryption,close
EncryptionSupport.getEncryptionInternal,waitForService
EncryptionSupport.getEncryptionInternal,getTracked
EncryptionSupport.getEncryptionInternal,isEmpty
EncryptionSupport.getEncryptionInternal,noEncryptionServiceMsg
EncryptionSupport.getEncryptionInternal,values
EncryptionSupport.getEncryptionInternal,createEncryption
EncryptionSupport.noEncryptionServiceMsg,length
EncryptionSupport.getFilter,length
EncryptionSupport.getFilter,getName
EncryptionSupport.getFilter,createFilter
BasicEncryption.encryptPassword,digest
BasicEncryption.encryptPassword,getBytes
BasicEncryption.encryptPassword,length
BasicEncryption.encryptPassword,equalsIgnoreCase
BasicEncryption.encryptPassword,hexEncode
BasicEncryption.encryptPassword,base64Encode
BasicEncryption.checkPassword,encryptPassword
BasicEncryption.checkPassword,length
BasicEncryption.checkPassword,equalsIgnoreCase
BasicEncryption.checkPassword,equals
BasicEncryption.hexEncode,printHexBinary
BasicEncryption.base64Encode,printBase64Binary
PublickeyBackingEngineFactory.build,getString
PublickeyBackingEngineFactory.build,warn
PublickeyBackingEngineFactory.getModuleClass,getName
PublickeyLoginModule.initialize,get
PublickeyLoginModule.initialize,debug
PublickeyLoginModule.login,handle
PublickeyLoginModule.login,getMessage
PublickeyLoginModule.login,get
PublickeyLoginModule.login,split
PublickeyLoginModule.login,equals
PublickeyLoginModule.login,add
PublickeyLoginModule.login,trim
PublickeyLoginModule.login,startsWith
PublickeyLoginModule.login,substring
PublickeyLoginModule.login,length
PublickeyLoginModule.login,clear
PublickeyLoginModule.login,debug
PublickeyLoginModule.equals,getDecoder
PublickeyLoginModule.equals,decode
PublickeyLoginModule.equals,readString
PublickeyLoginModule.equals,equals
PublickeyLoginModule.equals,readBigInteger
PublickeyLoginModule.equals,getInstance
PublickeyLoginModule.equals,generatePublic
PublickeyLoginModule.equals,containsKey
PublickeyLoginModule.equals,readInt
PublickeyLoginModule.equals,skipBytes
PublickeyLoginModule.equals,read
PublickeyLoginModule.equals,init
PublickeyLoginModule.equals,get
PublickeyLoginModule.equals,getParameterSpec
PublickeyLoginModule.equals,getClass
PublickeyLoginModule.equals,toString
PublickeyLoginModule.readString,readInt
PublickeyLoginModule.readString,read
PublickeyLoginModule.readBigInteger,readInt
PublickeyLoginModule.readBigInteger,read
PublickeyBackingEngine.addUser,startsWith
PublickeyBackingEngine.addUser,addUserInternal
PublickeyBackingEngine.addUserInternal,get
PublickeyBackingEngine.addUserInternal,length
PublickeyBackingEngine.addUserInternal,split
PublickeyBackingEngine.addUserInternal,append
PublickeyBackingEngine.addUserInternal,toString
PublickeyBackingEngine.addUserInternal,put
PublickeyBackingEngine.addUserInternal,save
PublickeyBackingEngine.addUserInternal,error
PublickeyBackingEngine.deleteUser,listGroups
PublickeyBackingEngine.deleteUser,deleteGroup
PublickeyBackingEngine.deleteUser,getName
PublickeyBackingEngine.deleteUser,remove
PublickeyBackingEngine.deleteUser,save
PublickeyBackingEngine.deleteUser,error
PublickeyBackingEngine.listUsers,keySet
PublickeyBackingEngine.listUsers,startsWith
PublickeyBackingEngine.listUsers,add
PublickeyBackingEngine.lookupUser,listUsers
PublickeyBackingEngine.lookupUser,getName
PublickeyBackingEngine.lookupUser,equals
PublickeyBackingEngine.listRoles,getName
PublickeyBackingEngine.listRoles,listRoles
PublickeyBackingEngine.listRoles,get
PublickeyBackingEngine.listRoles,split
PublickeyBackingEngine.listRoles,startsWith
PublickeyBackingEngine.listRoles,contains
PublickeyBackingEngine.listRoles,add
PublickeyBackingEngine.addRole,get
PublickeyBackingEngine.addRole,listRoles
PublickeyBackingEngine.addRole,equals
PublickeyBackingEngine.addRole,getName
PublickeyBackingEngine.addRole,put
PublickeyBackingEngine.addRole,save
PublickeyBackingEngine.addRole,error
PublickeyBackingEngine.deleteRole,get
PublickeyBackingEngine.deleteRole,length
PublickeyBackingEngine.deleteRole,split
PublickeyBackingEngine.deleteRole,append
PublickeyBackingEngine.deleteRole,equals
PublickeyBackingEngine.deleteRole,toString
PublickeyBackingEngine.deleteRole,put
PublickeyBackingEngine.deleteRole,save
PublickeyBackingEngine.deleteRole,error
PublickeyBackingEngine.listGroups,getName
PublickeyBackingEngine.listGroups,listGroups
PublickeyBackingEngine.listGroups,get
PublickeyBackingEngine.listGroups,split
PublickeyBackingEngine.listGroups,startsWith
PublickeyBackingEngine.listGroups,add
PublickeyBackingEngine.listGroups,substring
PublickeyBackingEngine.listGroups,length
PublickeyBackingEngine.listGroups,keySet
PublickeyBackingEngine.listGroups,put
PublickeyBackingEngine.addGroup,get
PublickeyBackingEngine.addGroup,addUserInternal
PublickeyBackingEngine.addGroup,addRole
PublickeyBackingEngine.deleteGroup,deleteRole
PublickeyBackingEngine.deleteGroup,listUsers
PublickeyBackingEngine.deleteGroup,listGroups
PublickeyBackingEngine.deleteGroup,equals
PublickeyBackingEngine.deleteGroup,getName
PublickeyBackingEngine.deleteGroup,deleteUser
PublickeyBackingEngine.addGroupRole,addRole
PublickeyBackingEngine.deleteGroupRole,deleteRole
PublickeyBackingEngine.createGroup,get
PublickeyBackingEngine.createGroup,addUserInternal
LDAPOptions.equals,getClass
LDAPOptions.equals,equals
LDAPOptions.hashCode,hashCode
LDAPOptions.isUsernameTrim,parseBoolean
LDAPOptions.isUsernameTrim,getString
LDAPOptions.getUserFilter,getString
LDAPOptions.getUserBaseDn,getString
LDAPOptions.getUserSearchSubtree,parseBoolean
LDAPOptions.getUserSearchSubtree,getString
LDAPOptions.getUserPubkeyAttribute,getString
LDAPOptions.getRoleFilter,getString
LDAPOptions.getRoleBaseDn,getString
LDAPOptions.getRoleSearchSubtree,parseBoolean
LDAPOptions.getRoleSearchSubtree,getString
LDAPOptions.getRoleNameAttribute,getString
LDAPOptions.getRoleMapping,parseRoleMapping
LDAPOptions.getRoleMapping,getString
LDAPOptions.parseRoleMapping,debug
LDAPOptions.parseRoleMapping,split
LDAPOptions.parseRoleMapping,lastIndexOf
LDAPOptions.parseRoleMapping,substring
LDAPOptions.parseRoleMapping,trim
LDAPOptions.parseRoleMapping,computeIfAbsent
LDAPOptions.parseRoleMapping,add
LDAPOptions.getEnv,keySet
LDAPOptions.getEnv,startsWith
LDAPOptions.getEnv,put
LDAPOptions.getEnv,substring
LDAPOptions.getEnv,length
LDAPOptions.getEnv,get
LDAPOptions.getEnv,getInitialContextFactory
LDAPOptions.getEnv,getConnectionURL
LDAPOptions.getEnv,getConnectionUsername
LDAPOptions.getEnv,trim
LDAPOptions.getEnv,getAuthentication
LDAPOptions.getEnv,getConnectionPassword
LDAPOptions.getEnv,getSsl
LDAPOptions.getEnv,setupSsl
LDAPOptions.setupSsl,getBundle
LDAPOptions.setupSsl,getBundleContext
LDAPOptions.setupSsl,debug
LDAPOptions.setupSsl,put
LDAPOptions.setupSsl,getName
LDAPOptions.setupSsl,getServiceReference
LDAPOptions.setupSsl,getService
LDAPOptions.setupSsl,createSSLFactory
LDAPOptions.setupSsl,getSslProvider
LDAPOptions.setupSsl,getSslProtocol
LDAPOptions.setupSsl,getSslAlgorithm
LDAPOptions.setupSsl,getSslKeystore
LDAPOptions.setupSsl,getSslKeyAlias
LDAPOptions.setupSsl,getSslTrustStore
LDAPOptions.setupSsl,getSslTimeout
LDAPOptions.setupSsl,setSocketFactory
LDAPOptions.setupSsl,currentThread
LDAPOptions.setupSsl,setContextClassLoader
LDAPOptions.setupSsl,getClassLoader
LDAPOptions.setupSsl,getMessage
LDAPOptions.setupSsl,ungetService
LDAPOptions.getInitialContextFactory,getString
LDAPOptions.getConnectionURL,getString
LDAPOptions.getConnectionURL,trim
LDAPOptions.getConnectionURL,length
LDAPOptions.getConnectionURL,error
LDAPOptions.getConnectionURL,startsWith
LDAPOptions.getConnectionUsername,getString
LDAPOptions.getConnectionPassword,getString
LDAPOptions.getAuthentication,getString
LDAPOptions.getSsl,get
LDAPOptions.getSsl,parseBoolean
LDAPOptions.getSsl,toString
LDAPOptions.getSsl,getConnectionURL
LDAPOptions.getSsl,startsWith
LDAPOptions.getSslProvider,getString
LDAPOptions.getSslProtocol,getString
LDAPOptions.getSslAlgorithm,getString
LDAPOptions.getSslKeystore,getString
LDAPOptions.getSslKeyAlias,getString
LDAPOptions.getSslTrustStore,getString
LDAPOptions.getSslTimeout,get
LDAPOptions.getSslTimeout,parseInt
LDAPOptions.getSslTimeout,toString
LDAPOptions.getAllowEmptyPasswords,parseBoolean
LDAPOptions.getAllowEmptyPasswords,getString
LDAPOptions.getDisableCache,get
LDAPOptions.getDisableCache,parseBoolean
LDAPOptions.getIgnorePartialResultException,parseBoolean
LDAPOptions.getIgnorePartialResultException,get
Util.doRFC2254Encoding,length
Util.doRFC2254Encoding,charAt
Util.doRFC2254Encoding,append
Util.doRFC2254Encoding,toString
ManagedSSLSocketFactory.setSocketFactory,set
ManagedSSLSocketFactory.getDefault,get
ManagedSSLSocketFactory.getDefaultCipherSuites,getDefaultCipherSuites
ManagedSSLSocketFactory.getSupportedCipherSuites,getSupportedCipherSuites
ManagedSSLSocketFactory.createSocket,createSocket
ManagedSSLSocketFactory.compare,toString
ManagedSSLSocketFactory.compare,compareTo
LDAPBackingEngine.lookupUser,open
LDAPBackingEngine.lookupUser,getUserSearchSubtree
LDAPBackingEngine.lookupUser,setSearchScope
LDAPBackingEngine.lookupUser,getUserFilter
LDAPBackingEngine.lookupUser,replaceAll
LDAPBackingEngine.lookupUser,quote
LDAPBackingEngine.lookupUser,replace
LDAPBackingEngine.lookupUser,debug
LDAPBackingEngine.lookupUser,getUserBaseDn
LDAPBackingEngine.lookupUser,search
LDAPBackingEngine.lookupUser,hasMore
LDAPBackingEngine.listUsers,open
LDAPBackingEngine.listUsers,getUserSearchSubtree
LDAPBackingEngine.listUsers,setSearchScope
LDAPBackingEngine.listUsers,getUserFilter
LDAPBackingEngine.listUsers,replaceAll
LDAPBackingEngine.listUsers,quote
LDAPBackingEngine.listUsers,replace
LDAPBackingEngine.listUsers,debug
LDAPBackingEngine.listUsers,getUserBaseDn
LDAPBackingEngine.listUsers,search
LDAPBackingEngine.listUsers,hasMore
LDAPBackingEngine.listUsers,next
LDAPBackingEngine.listUsers,getNameInNamespace
LDAPBackingEngine.listUsers,toLowerCase
LDAPBackingEngine.listUsers,indexOf
LDAPBackingEngine.listUsers,substring
LDAPBackingEngine.listUsers,getName
LDAPBackingEngine.listUsers,contains
LDAPBackingEngine.listUsers,split
LDAPBackingEngine.listUsers,add
LDAPBackingEngine.listUsers,close
LDAPBackingEngine.listGroups,emptyList
LDAPBackingEngine.listGroups,emptyMap
LDAPBackingEngine.listRoles,getUserDnAndNamespace
LDAPBackingEngine.listRoles,getName
LDAPBackingEngine.listRoles,emptyList
LDAPBackingEngine.listRoles,getUserRoles
LDAPBackingEngine.listRoles,add
LDAPBackingEngineFactory.getModuleClass,getName
LDAPCache.clear,isEmpty
LDAPCache.clear,keySet
LDAPCache.clear,iterator
LDAPCache.clear,next
LDAPCache.clear,remove
LDAPCache.clear,clearCache
LDAPCache.getCache,get
LDAPCache.getCache,putIfAbsent
LDAPCache.removeCache,entrySet
LDAPCache.removeCache,getValue
LDAPCache.removeCache,getId
LDAPCache.removeCache,getKey
LDAPCache.removeCache,remove
LDAPCache.getCacheCopy,unmodifiableMap
LDAPCache.close,clearCache
LDAPCache.close,close
LDAPCache.isContextAlive,getAttributes
LDAPCache.open,isContextAlive
LDAPCache.open,clearCache
LDAPCache.open,getEnv
LDAPCache.open,lookup
LDAPCache.open,setSearchScope
LDAPCache.open,getDisableCache
LDAPCache.open,getUserFilter
LDAPCache.open,replaceAll
LDAPCache.open,quote
LDAPCache.open,quoteReplacement
LDAPCache.open,replace
LDAPCache.open,addNamingListener
LDAPCache.open,getUserBaseDn
LDAPCache.open,getRoleFilter
LDAPCache.open,getRoleBaseDn
LDAPCache.getUserDnAndNamespace,get
LDAPCache.getUserDnAndNamespace,incrementAndGet
LDAPCache.getUserDnAndNamespace,doGetUserDnAndNamespace
LDAPCache.getUserDnAndNamespace,getDisableCache
LDAPCache.getUserDnAndNamespace,put
LDAPCache.doGetUserDnAndNamespace,open
LDAPCache.doGetUserDnAndNamespace,getUserSearchSubtree
LDAPCache.doGetUserDnAndNamespace,setSearchScope
LDAPCache.doGetUserDnAndNamespace,getUserFilter
LDAPCache.doGetUserDnAndNamespace,replaceAll
LDAPCache.doGetUserDnAndNamespace,quote
LDAPCache.doGetUserDnAndNamespace,quoteReplacement
LDAPCache.doGetUserDnAndNamespace,replace
LDAPCache.doGetUserDnAndNamespace,debug
LDAPCache.doGetUserDnAndNamespace,getUserBaseDn
LDAPCache.doGetUserDnAndNamespace,search
LDAPCache.doGetUserDnAndNamespace,hasMore
LDAPCache.doGetUserDnAndNamespace,warn
LDAPCache.doGetUserDnAndNamespace,next
LDAPCache.doGetUserDnAndNamespace,getNameInNamespace
LDAPCache.doGetUserDnAndNamespace,toLowerCase
LDAPCache.doGetUserDnAndNamespace,indexOf
LDAPCache.doGetUserDnAndNamespace,substring
LDAPCache.doGetUserDnAndNamespace,getName
LDAPCache.doGetUserDnAndNamespace,close
LDAPCache.getUserRoles,get
LDAPCache.getUserRoles,incrementAndGet
LDAPCache.getUserRoles,doGetUserRoles
LDAPCache.getUserRoles,getDisableCache
LDAPCache.getUserRoles,put
LDAPCache.getUserPubkeys,get
LDAPCache.getUserPubkeys,incrementAndGet
LDAPCache.getUserPubkeys,doGetUserPubkeys
LDAPCache.getUserPubkeys,getDisableCache
LDAPCache.getUserPubkeys,put
LDAPCache.tryMappingRole,getRoleMapping
LDAPCache.tryMappingRole,isEmpty
LDAPCache.tryMappingRole,get
LDAPCache.tryMappingRole,debug
LDAPCache.tryMappingRole,add
LDAPCache.doGetUserRoles,open
LDAPCache.doGetUserRoles,getRoleSearchSubtree
LDAPCache.doGetUserRoles,setSearchScope
LDAPCache.doGetUserRoles,getRoleFilter
LDAPCache.doGetUserRoles,replaceAll
LDAPCache.doGetUserRoles,quote
LDAPCache.doGetUserRoles,quoteReplacement
LDAPCache.doGetUserRoles,replace
LDAPCache.doGetUserRoles,debug
LDAPCache.doGetUserRoles,getRoleBaseDn
LDAPCache.doGetUserRoles,search
LDAPCache.doGetUserRoles,hasMore
LDAPCache.doGetUserRoles,next
LDAPCache.doGetUserRoles,getAttributes
LDAPCache.doGetUserRoles,get
LDAPCache.doGetUserRoles,getRoleNameAttribute
LDAPCache.doGetUserRoles,size
LDAPCache.doGetUserRoles,tryMappingRole
LDAPCache.doGetUserRoles,isEmpty
LDAPCache.doGetUserRoles,add
LDAPCache.doGetUserRoles,addAll
LDAPCache.doGetUserRoles,getIgnorePartialResultException
LDAPCache.doGetUserRoles,close
LDAPCache.doGetUserRoles,toArray
LDAPCache.doGetUserPubkeys,open
LDAPCache.doGetUserPubkeys,getUserPubkeyAttribute
LDAPCache.doGetUserPubkeys,debug
LDAPCache.doGetUserPubkeys,getAttributes
LDAPCache.doGetUserPubkeys,get
LDAPCache.doGetUserPubkeys,size
LDAPCache.doGetUserPubkeys,add
LDAPCache.doGetUserPubkeys,toArray
LDAPCache.objectAdded,clearCache
LDAPCache.objectRemoved,clearCache
LDAPCache.objectRenamed,clearCache
LDAPCache.objectChanged,clearCache
LDAPCache.namingExceptionThrown,clearCache
LDAPCache.clearCache,incrementAndGet
LDAPCache.clearCache,clear
LDAPCache.listCachedUserDNAndNamespace,unmodifiableMap
LDAPCache.listCachedUserPubkeys,unmodifiableMap
LDAPCache.listCachedUserRoles,unmodifiableMap
LDAPCache.getUserDNCacheHitCount,get
LDAPCache.getUserDNCacheMissCount,get
LDAPCache.getUserRolesCacheHitCount,get
LDAPCache.getUserRolesCacheMissCount,get
LDAPCache.getUserPubkeysCacheHitCount,get
LDAPCache.getUserPubkeysCacheMissCount,get
LDAPCache.getClearCacheCount,get
LDAPPubkeyLoginModule.login,currentThread
LDAPPubkeyLoginModule.login,getContextClassLoader
LDAPPubkeyLoginModule.login,doLogin
LDAPPubkeyLoginModule.login,setSocketFactory
LDAPPubkeyLoginModule.login,setContextClassLoader
LDAPPubkeyLoginModule.doLogin,handle
LDAPPubkeyLoginModule.doLogin,getMessage
LDAPPubkeyLoginModule.doLogin,doRFC2254Encoding
LDAPPubkeyLoginModule.doLogin,isUsernameTrim
LDAPPubkeyLoginModule.doLogin,trim
LDAPPubkeyLoginModule.doLogin,getCache
LDAPPubkeyLoginModule.doLogin,debug
LDAPPubkeyLoginModule.doLogin,getUserDnAndNamespace
LDAPPubkeyLoginModule.doLogin,warn
LDAPPubkeyLoginModule.doLogin,getUserBaseDn
LDAPPubkeyLoginModule.doLogin,authenticatePubkey
LDAPPubkeyLoginModule.doLogin,add
LDAPPubkeyLoginModule.doLogin,getUserRoles
LDAPPubkeyLoginModule.authenticatePubkey,getUserPubkeys
LDAPPubkeyLoginModule.authenticatePubkey,equals
GSSAPILdapLoginModule.login,containsKey
GSSAPILdapLoginModule.login,warn
GSSAPILdapLoginModule.login,getString
GSSAPILdapLoginModule.login,login
GSSAPILdapLoginModule.login,doAs
GSSAPILdapLoginModule.login,getSubject
GSSAPILdapLoginModule.login,error
GSSAPILdapLoginModule.login,getMessage
GSSAPILdapLoginModule.doLogin,put
GSSAPILdapLoginModule.doLogin,currentThread
GSSAPILdapLoginModule.doLogin,getContextClassLoader
GSSAPILdapLoginModule.doLogin,handle
GSSAPILdapLoginModule.doLogin,error
GSSAPILdapLoginModule.doLogin,getMessage
GSSAPILdapLoginModule.doLogin,getName
GSSAPILdapLoginModule.doLogin,getCache
GSSAPILdapLoginModule.doLogin,debug
GSSAPILdapLoginModule.doLogin,getUserDnAndNamespace
GSSAPILdapLoginModule.doLogin,warn
GSSAPILdapLoginModule.doLogin,add
GSSAPILdapLoginModule.doLogin,getUserRoles
GSSAPILdapLoginModule.doLogin,setSocketFactory
GSSAPILdapLoginModule.doLogin,setContextClassLoader
GSSAPILdapLoginModule.commit,addAll
GSSAPILdapLoginModule.commit,getPrincipals
LDAPLoginModule.login,currentThread
LDAPLoginModule.login,getContextClassLoader
LDAPLoginModule.login,doLogin
LDAPLoginModule.login,setSocketFactory
LDAPLoginModule.login,setContextClassLoader
LDAPLoginModule.doLogin,handle
LDAPLoginModule.doLogin,getMessage
LDAPLoginModule.doLogin,doRFC2254Encoding
LDAPLoginModule.doLogin,isUsernameTrim
LDAPLoginModule.doLogin,trim
LDAPLoginModule.doLogin,getAuthentication
LDAPLoginModule.doLogin,equals
LDAPLoginModule.doLogin,debug
LDAPLoginModule.doLogin,put
LDAPLoginModule.doLogin,getAllowEmptyPasswords
LDAPLoginModule.doLogin,getCache
LDAPLoginModule.doLogin,getUserDnAndNamespace
LDAPLoginModule.doLogin,warn
LDAPLoginModule.doLogin,getEnv
LDAPLoginModule.doLogin,getUserBaseDn
LDAPLoginModule.doLogin,close
LDAPLoginModule.doLogin,add
LDAPLoginModule.doLogin,getUserRoles
SyncopeBackingEngineFactory.build,getString
SyncopeBackingEngineFactory.build,error
SyncopeBackingEngineFactory.getModuleClass,getName
SyncopeBackingEngine.addUser,startsWith
SyncopeBackingEngine.addUser,addUserSyncope2
SyncopeBackingEngine.addUser,addUserSyncope1
SyncopeBackingEngine.addUserSyncope1,setHeader
SyncopeBackingEngine.addUserSyncope1,setEntity
SyncopeBackingEngine.addUserSyncope1,execute
SyncopeBackingEngine.addUserSyncope1,error
SyncopeBackingEngine.addUserSyncope2,setHeader
SyncopeBackingEngine.addUserSyncope2,setEntity
SyncopeBackingEngine.addUserSyncope2,execute
SyncopeBackingEngine.addUserSyncope2,error
SyncopeBackingEngine.deleteUser,startsWith
SyncopeBackingEngine.deleteUser,setHeader
SyncopeBackingEngine.deleteUser,execute
SyncopeBackingEngine.deleteUser,error
SyncopeBackingEngine.listUsers,listUsersSyncope2
SyncopeBackingEngine.listUsers,listUsersSyncope1
SyncopeBackingEngine.listUsersSyncope1,setHeader
SyncopeBackingEngine.listUsersSyncope1,execute
SyncopeBackingEngine.listUsersSyncope1,toString
SyncopeBackingEngine.listUsersSyncope1,getEntity
SyncopeBackingEngine.listUsersSyncope1,isEmpty
SyncopeBackingEngine.listUsersSyncope1,indexOf
SyncopeBackingEngine.listUsersSyncope1,substring
SyncopeBackingEngine.listUsersSyncope1,length
SyncopeBackingEngine.listUsersSyncope1,add
SyncopeBackingEngine.listUsersSyncope2,setHeader
SyncopeBackingEngine.listUsersSyncope2,execute
SyncopeBackingEngine.listUsersSyncope2,toString
SyncopeBackingEngine.listUsersSyncope2,getEntity
SyncopeBackingEngine.listUsersSyncope2,getParsed
SyncopeBackingEngine.listUsersSyncope2,get
SyncopeBackingEngine.listUsersSyncope2,add
SyncopeBackingEngine.lookupUser,lookupUserSyncope2
SyncopeBackingEngine.lookupUser,lookupUserSyncope1
SyncopeBackingEngine.lookupUserSyncope1,setHeader
SyncopeBackingEngine.lookupUserSyncope1,execute
SyncopeBackingEngine.lookupUserSyncope1,toString
SyncopeBackingEngine.lookupUserSyncope1,getEntity
SyncopeBackingEngine.lookupUserSyncope1,isEmpty
SyncopeBackingEngine.lookupUserSyncope2,setHeader
SyncopeBackingEngine.lookupUserSyncope2,execute
SyncopeBackingEngine.lookupUserSyncope2,toString
SyncopeBackingEngine.lookupUserSyncope2,getEntity
SyncopeBackingEngine.lookupUserSyncope2,isEmpty
SyncopeBackingEngine.listRoles,listRolesSyncope2
SyncopeBackingEngine.listRoles,listRolesSyncope1
SyncopeBackingEngine.listRolesSyncope1,getName
SyncopeBackingEngine.listRolesSyncope1,setHeader
SyncopeBackingEngine.listRolesSyncope1,execute
SyncopeBackingEngine.listRolesSyncope1,toString
SyncopeBackingEngine.listRolesSyncope1,getEntity
SyncopeBackingEngine.listRolesSyncope1,isEmpty
SyncopeBackingEngine.listRolesSyncope1,indexOf
SyncopeBackingEngine.listRolesSyncope1,substring
SyncopeBackingEngine.listRolesSyncope1,length
SyncopeBackingEngine.listRolesSyncope1,add
SyncopeBackingEngine.listRolesSyncope2,getName
SyncopeBackingEngine.listRolesSyncope2,setHeader
SyncopeBackingEngine.listRolesSyncope2,execute
SyncopeBackingEngine.listRolesSyncope2,toString
SyncopeBackingEngine.listRolesSyncope2,getEntity
SyncopeBackingEngine.listRolesSyncope2,isEmpty
SyncopeBackingEngine.listRolesSyncope2,getParsed
SyncopeBackingEngine.listRolesSyncope2,get
SyncopeBackingEngine.listRolesSyncope2,add
SyncopeLoginModule.initialize,getString
SyncopeLoginModule.initialize,containsKey
SyncopeLoginModule.initialize,parseBoolean
SyncopeLoginModule.login,handle
SyncopeLoginModule.login,getMessage
SyncopeLoginModule.login,debug
SyncopeLoginModule.login,getCredentialsProvider
SyncopeLoginModule.login,setCredentials
SyncopeLoginModule.login,equals
SyncopeLoginModule.login,setHeader
SyncopeLoginModule.login,execute
SyncopeLoginModule.login,getStatusLine
SyncopeLoginModule.login,getStatusCode
SyncopeLoginModule.login,warn
SyncopeLoginModule.login,add
SyncopeLoginModule.login,toString
SyncopeLoginModule.login,getEntity
SyncopeLoginModule.login,extractingRolesSyncope2
SyncopeLoginModule.login,extractingRolesSyncope1
SyncopeLoginModule.login,error
SyncopeLoginModule.extractingRolesSyncope1,isEmpty
SyncopeLoginModule.extractingRolesSyncope1,indexOf
SyncopeLoginModule.extractingRolesSyncope1,substring
SyncopeLoginModule.extractingRolesSyncope1,length
SyncopeLoginModule.extractingRolesSyncope1,add
SyncopeLoginModule.extractingRolesSyncope2,isEmpty
SyncopeLoginModule.extractingRolesSyncope2,getParsed
SyncopeLoginModule.extractingRolesSyncope2,get
SyncopeLoginModule.extractingRolesSyncope2,containsKey
SyncopeLoginModule.extractingRolesSyncope2,add
OsgiConfigLoginModule.login,getString
OsgiConfigLoginModule.login,getService
OsgiConfigLoginModule.login,getConfiguration
OsgiConfigLoginModule.login,getProcessedProperties
OsgiConfigLoginModule.login,handle
OsgiConfigLoginModule.login,getMessage
OsgiConfigLoginModule.login,get
OsgiConfigLoginModule.login,split
OsgiConfigLoginModule.login,checkPassword
OsgiConfigLoginModule.login,add
OsgiConfigLoginModule.login,initCause
JDBCLoginModule.initialize,getString
JDBCLoginModule.initialize,trim
JDBCLoginModule.initialize,length
JDBCLoginModule.initialize,error
JDBCLoginModule.initialize,startsWith
JDBCLoginModule.initialize,containsKey
JDBCLoginModule.login,handle
JDBCLoginModule.login,getMessage
JDBCLoginModule.login,createDatasource
JDBCLoginModule.login,getConnection
JDBCLoginModule.login,rawSelect
JDBCLoginModule.login,isEmpty
JDBCLoginModule.login,checkPassword
JDBCLoginModule.login,get
JDBCLoginModule.login,add
JDBCLoginModule.login,equals
JDBCLoginModule.login,trim
JDBCLoginModule.login,startsWith
JDBCLoginModule.login,substring
JDBCLoginModule.login,length
JDBCLoginModule.login,debug
JDBCUtils.createDatasource,doCreateDatasource
JDBCUtils.createDatasource,cast
JDBCUtils.doCreateDatasource,trim
JDBCUtils.doCreateDatasource,isEmpty
JDBCUtils.doCreateDatasource,startsWith
JDBCUtils.doCreateDatasource,substring
JDBCUtils.doCreateDatasource,length
JDBCUtils.doCreateDatasource,getScheme
JDBCUtils.doCreateDatasource,equals
JDBCUtils.doCreateDatasource,lookup
JDBCUtils.doCreateDatasource,close
JDBCUtils.doCreateDatasource,split
JDBCUtils.doCreateDatasource,getServiceReferences
JDBCUtils.doCreateDatasource,getService
JDBCUtils.doCreateDatasource,ungetService
JDBCUtils.rawUpdate,getConnection
JDBCUtils.rawUpdate,prepareStatement
JDBCUtils.rawUpdate,setString
JDBCUtils.rawUpdate,executeUpdate
JDBCUtils.rawUpdate,getAutoCommit
JDBCUtils.rawUpdate,commit
JDBCUtils.rawSelect,getConnection
JDBCUtils.rawSelect,rawSelect
JDBCUtils.rawSelect,prepareStatement
JDBCUtils.rawSelect,setString
JDBCUtils.rawSelect,executeQuery
JDBCUtils.rawSelect,next
JDBCUtils.rawSelect,add
JDBCUtils.rawSelect,getString
JDBCBackingEngineFactory.build,getString
JDBCBackingEngineFactory.build,get
JDBCBackingEngineFactory.build,getName
JDBCBackingEngineFactory.build,createDatasource
JDBCBackingEngineFactory.build,setAddUserStatement
JDBCBackingEngineFactory.build,setAddRoleStatement
JDBCBackingEngineFactory.build,setDeleteRoleStatement
JDBCBackingEngineFactory.build,setDeleteAllUserRolesStatement
JDBCBackingEngineFactory.build,setDeleteUserStatement
JDBCBackingEngineFactory.build,setSelectUsersQuery
JDBCBackingEngineFactory.build,setSelectRolesQuery
JDBCBackingEngineFactory.build,error
JDBCBackingEngineFactory.getModuleClass,getName
JDBCBackingEngine.addUser,startsWith
JDBCBackingEngine.addUser,encrypt
JDBCBackingEngine.addUser,getConnection
JDBCBackingEngine.addUser,rawUpdate
JDBCBackingEngine.deleteUser,getConnection
JDBCBackingEngine.deleteUser,rawUpdate
JDBCBackingEngine.deleteUser,getAutoCommit
JDBCBackingEngine.deleteUser,commit
JDBCBackingEngine.listUsers,getConnection
JDBCBackingEngine.listUsers,rawSelect
JDBCBackingEngine.listUsers,startsWith
JDBCBackingEngine.listUsers,add
JDBCBackingEngine.lookupUser,getConnection
JDBCBackingEngine.lookupUser,rawSelect
JDBCBackingEngine.lookupUser,size
JDBCBackingEngine.listRoles,getConnection
JDBCBackingEngine.listRoles,listRoles
JDBCBackingEngine.listRoles,getName
JDBCBackingEngine.listRoles,rawSelect
JDBCBackingEngine.listRoles,startsWith
JDBCBackingEngine.listRoles,addAll
JDBCBackingEngine.listRoles,add
JDBCBackingEngine.addRole,getConnection
JDBCBackingEngine.addRole,rawUpdate
JDBCBackingEngine.addRole,getAutoCommit
JDBCBackingEngine.addRole,commit
JDBCBackingEngine.deleteRole,getConnection
JDBCBackingEngine.deleteRole,rawUpdate
JDBCBackingEngine.deleteRole,getAutoCommit
JDBCBackingEngine.deleteRole,commit
JDBCBackingEngine.listGroups,getConnection
JDBCBackingEngine.listGroups,rawSelect
JDBCBackingEngine.listGroups,getName
JDBCBackingEngine.listGroups,startsWith
JDBCBackingEngine.listGroups,add
JDBCBackingEngine.listGroups,substring
JDBCBackingEngine.listGroups,length
JDBCBackingEngine.addGroup,getConnection
JDBCBackingEngine.addGroup,rawUpdate
JDBCBackingEngine.addGroup,getAutoCommit
JDBCBackingEngine.addGroup,commit
JDBCBackingEngine.addGroup,error
JDBCBackingEngine.deleteGroup,getConnection
JDBCBackingEngine.deleteGroup,rawUpdate
JDBCBackingEngine.deleteGroup,rawSelect
JDBCBackingEngine.deleteGroup,equals
JDBCBackingEngine.deleteGroup,getAutoCommit
JDBCBackingEngine.deleteGroup,commit
JDBCBackingEngine.deleteGroup,error
JDBCBackingEngine.addGroupRole,addRole
JDBCBackingEngine.deleteGroupRole,deleteRole
JDBCBackingEngine.rawUpdate,rawUpdate
JDBCBackingEngine.rawUpdate,isDebugEnabled
JDBCBackingEngine.rawUpdate,debug
JDBCBackingEngine.rawUpdate,format
JDBCBackingEngine.rawUpdate,toString
JDBCBackingEngine.rawSelect,rawSelect
Krb5LoginModule.initialize,entrySet
Krb5LoginModule.initialize,getValue
Krb5LoginModule.initialize,put
Krb5LoginModule.initialize,getKey
Krb5LoginModule.initialize,interpolate
Krb5LoginModule.initialize,initialize
Krb5LoginModule.login,login
Krb5LoginModule.commit,commit
Krb5LoginModule.abort,abort
Krb5LoginModule.logout,logout
Krb5LoginModule.interpolate,compile
Krb5LoginModule.interpolate,matcher
Krb5LoginModule.interpolate,find
Krb5LoginModule.interpolate,getProperty
Krb5LoginModule.interpolate,group
Krb5LoginModule.interpolate,replace
Krb5LoginModule.interpolate,reset
AbstractAuditLoginModule.initialize,parseBoolean
AbstractAuditLoginModule.initialize,getString
AbstractAuditLoginModule.login,handle
AbstractAuditLoginModule.login,initCause
AbstractAuditLoginModule.login,getMessage
AbstractAuditLoginModule.login,getName
AbstractAuditLoginModule.login,audit
AbstractAuditLoginModule.commit,audit
AbstractAuditLoginModule.abort,audit
AbstractAuditLoginModule.logout,audit
AbstractAuditLoginModule.getPrincipalInfo,getPrincipals
AbstractAuditLoginModule.getPrincipalInfo,stream
AbstractAuditLoginModule.getPrincipalInfo,map
AbstractAuditLoginModule.getPrincipalInfo,collect
AbstractAuditLoginModule.getPrincipalInfo,toList
AbstractAuditLoginModule.getPrincipalInfo,size
AbstractAuditLoginModule.getPrincipalInfo,join
FileAuditLoginModule.initialize,getString
FileAuditLoginModule.audit,getParentFile
FileAuditLoginModule.audit,mkdirs
FileAuditLoginModule.audit,getChannel
FileAuditLoginModule.audit,lock
FileAuditLoginModule.audit,toString
FileAuditLoginModule.audit,println
FileAuditLoginModule.audit,format
FileAuditLoginModule.audit,getPrincipalInfo
FileAuditLoginModule.audit,flush
FileAuditLoginModule.audit,close
FileAuditLoginModule.audit,isValid
FileAuditLoginModule.audit,release
EventAdminAuditLoginModule.initialize,get
EventAdminAuditLoginModule.initialize,getName
EventAdminAuditLoginModule.initialize,getString
EventAdminAuditLoginModule.initialize,endsWith
EventAdminAuditLoginModule.audit,audit
EventAdminAuditLoginModule.audit,toString
EventAdminAuditLoginModule.audit,toUpperCase
EventAdminAuditLoginModule.audit,warn
EventAdminAuditLoginModule.audit,getServiceReference
EventAdminAuditLoginModule.audit,getService
EventAdminAuditLoginModule.audit,put
EventAdminAuditLoginModule.audit,substring
EventAdminAuditLoginModule.audit,toLowerCase
EventAdminAuditLoginModule.audit,lastIndexOf
EventAdminAuditLoginModule.audit,currentTimeMillis
EventAdminAuditLoginModule.audit,postEvent
EventAdminAuditLoginModule.audit,ungetService
EventAdminAuditor.audit,getServiceReference
EventAdminAuditor.audit,getService
EventAdminAuditor.audit,put
EventAdminAuditor.audit,substring
EventAdminAuditor.audit,toLowerCase
EventAdminAuditor.audit,lastIndexOf
EventAdminAuditor.audit,currentTimeMillis
EventAdminAuditor.audit,postEvent
EventAdminAuditor.audit,ungetService
LogAuditLoginModule.initialize,getString
LogAuditLoginModule.initialize,getLogger
LogAuditLoginModule.audit,toString
LogAuditLoginModule.audit,equalsIgnoreCase
LogAuditLoginModule.audit,debug
LogAuditLoginModule.audit,getPrincipalInfo
LogAuditLoginModule.audit,trace
LogAuditLoginModule.audit,warn
LogAuditLoginModule.audit,error
LogAuditLoginModule.audit,info
AutoEncryptionSupport.close,shutdown
AutoEncryptionSupport.close,awaitTermination
AutoEncryptionSupport.run,getDefault
AutoEncryptionSupport.run,newWatchService
AutoEncryptionSupport.run,get
AutoEncryptionSupport.run,getProperty
AutoEncryptionSupport.run,resolve
AutoEncryptionSupport.run,toPath
AutoEncryptionSupport.run,getParent
AutoEncryptionSupport.run,register
AutoEncryptionSupport.run,encryptedPassword
AutoEncryptionSupport.run,toFile
AutoEncryptionSupport.run,poll
AutoEncryptionSupport.run,pollEvents
AutoEncryptionSupport.run,context
AutoEncryptionSupport.run,equals
AutoEncryptionSupport.run,reset
AutoEncryptionSupport.run,warn
AutoEncryptionSupport.run,getMessage
AutoEncryptionSupport.run,close
AutoEncryptionSupport.encryptedPassword,keySet
AutoEncryptionSupport.encryptedPassword,get
AutoEncryptionSupport.encryptedPassword,startsWith
AutoEncryptionSupport.encryptedPassword,split
AutoEncryptionSupport.encryptedPassword,encrypt
AutoEncryptionSupport.encryptedPassword,equals
AutoEncryptionSupport.encryptedPassword,debug
AutoEncryptionSupport.encryptedPassword,append
AutoEncryptionSupport.encryptedPassword,toString
AutoEncryptionSupport.encryptedPassword,contains
AutoEncryptionSupport.encryptedPassword,remove
AutoEncryptionSupport.encryptedPassword,replace
AutoEncryptionSupport.encryptedPassword,put
AutoEncryptionSupport.encryptedPassword,save
PropertiesBackingEngineFactory.build,getString
PropertiesBackingEngineFactory.build,warn
PropertiesBackingEngineFactory.getModuleClass,getName
NameDigestPasswordCallbackHandler.handle,handleCallback
NameDigestPasswordCallbackHandler.handle,setPassword
NameDigestPasswordCallbackHandler.handle,toCharArray
NameDigestPasswordCallbackHandler.handle,invokePasswordCallback
NameDigestPasswordCallbackHandler.handle,getClass
NameDigestPasswordCallbackHandler.handle,getName
NameDigestPasswordCallbackHandler.handle,info
NameDigestPasswordCallbackHandler.invokePasswordCallback,getClass
NameDigestPasswordCallbackHandler.invokePasswordCallback,getMethod
NameDigestPasswordCallbackHandler.invokePasswordCallback,invoke
NameDigestPasswordCallbackHandler.invokePasswordCallback,toCharArray
NameDigestPasswordCallbackHandler.invokePasswordCallback,debug
NameDigestPasswordCallbackHandler.invokePasswordCallback,getMessage
PropertiesLoginModule.initialize,getString
PropertiesLoginModule.initialize,debug
PropertiesLoginModule.login,exists
PropertiesLoginModule.login,handle
PropertiesLoginModule.login,getMessage
PropertiesLoginModule.login,startsWith
PropertiesLoginModule.login,get
PropertiesLoginModule.login,split
PropertiesLoginModule.login,checkPassword
PropertiesLoginModule.login,add
PropertiesLoginModule.login,trim
PropertiesLoginModule.login,substring
PropertiesLoginModule.login,length
PropertiesLoginModule.login,clear
PropertiesLoginModule.login,debug
DigestPasswordLoginModule.initialize,getString
DigestPasswordLoginModule.initialize,debug
DigestPasswordLoginModule.doPasswordDigest,doPasswordDigest
DigestPasswordLoginModule.doPasswordDigest,getBytes
DigestPasswordLoginModule.doPasswordDigest,debug
DigestPasswordLoginModule.doPasswordDigest,getMessage
DigestPasswordLoginModule.doPasswordDigest,decode
DigestPasswordLoginModule.doPasswordDigest,arraycopy
DigestPasswordLoginModule.doPasswordDigest,generateDigest
DigestPasswordLoginModule.doPasswordDigest,encodeBase64
DigestPasswordLoginModule.generateDigest,getInstance
DigestPasswordLoginModule.generateDigest,digest
DigestPasswordLoginModule.login,exists
DigestPasswordLoginModule.login,handle
DigestPasswordLoginModule.login,getMessage
DigestPasswordLoginModule.login,startsWith
DigestPasswordLoginModule.login,get
DigestPasswordLoginModule.login,split
DigestPasswordLoginModule.login,getClass
DigestPasswordLoginModule.login,getDeclaredField
DigestPasswordLoginModule.login,setAccessible
DigestPasswordLoginModule.login,doPasswordDigest
DigestPasswordLoginModule.login,getNonce
DigestPasswordLoginModule.login,getCreatedTime
DigestPasswordLoginModule.login,checkPassword
DigestPasswordLoginModule.login,add
DigestPasswordLoginModule.login,trim
DigestPasswordLoginModule.login,substring
DigestPasswordLoginModule.login,length
DigestPasswordLoginModule.login,clear
DigestPasswordLoginModule.login,debug
PropertiesBackingEngine.addUser,startsWith
PropertiesBackingEngine.addUser,addUserInternal
PropertiesBackingEngine.addUserInternal,encrypt
PropertiesBackingEngine.addUserInternal,get
PropertiesBackingEngine.addUserInternal,length
PropertiesBackingEngine.addUserInternal,split
PropertiesBackingEngine.addUserInternal,append
PropertiesBackingEngine.addUserInternal,toString
PropertiesBackingEngine.addUserInternal,put
PropertiesBackingEngine.addUserInternal,save
PropertiesBackingEngine.addUserInternal,error
PropertiesBackingEngine.deleteUser,listGroups
PropertiesBackingEngine.deleteUser,deleteGroup
PropertiesBackingEngine.deleteUser,getName
PropertiesBackingEngine.deleteUser,remove
PropertiesBackingEngine.deleteUser,save
PropertiesBackingEngine.deleteUser,error
PropertiesBackingEngine.listUsers,keySet
PropertiesBackingEngine.listUsers,startsWith
PropertiesBackingEngine.listUsers,add
PropertiesBackingEngine.lookupUser,listUsers
PropertiesBackingEngine.lookupUser,getName
PropertiesBackingEngine.lookupUser,equals
PropertiesBackingEngine.listRoles,getName
PropertiesBackingEngine.listRoles,listRoles
PropertiesBackingEngine.listRoles,get
PropertiesBackingEngine.listRoles,split
PropertiesBackingEngine.listRoles,startsWith
PropertiesBackingEngine.listRoles,contains
PropertiesBackingEngine.listRoles,add
PropertiesBackingEngine.addRole,get
PropertiesBackingEngine.addRole,listRoles
PropertiesBackingEngine.addRole,equals
PropertiesBackingEngine.addRole,getName
PropertiesBackingEngine.addRole,listGroups
PropertiesBackingEngine.addRole,put
PropertiesBackingEngine.addRole,save
PropertiesBackingEngine.addRole,error
PropertiesBackingEngine.deleteRole,get
PropertiesBackingEngine.deleteRole,length
PropertiesBackingEngine.deleteRole,split
PropertiesBackingEngine.deleteRole,append
PropertiesBackingEngine.deleteRole,equals
PropertiesBackingEngine.deleteRole,toString
PropertiesBackingEngine.deleteRole,put
PropertiesBackingEngine.deleteRole,save
PropertiesBackingEngine.deleteRole,error
PropertiesBackingEngine.listGroups,getName
PropertiesBackingEngine.listGroups,listGroups
PropertiesBackingEngine.listGroups,get
PropertiesBackingEngine.listGroups,split
PropertiesBackingEngine.listGroups,startsWith
PropertiesBackingEngine.listGroups,add
PropertiesBackingEngine.listGroups,substring
PropertiesBackingEngine.listGroups,length
PropertiesBackingEngine.listGroups,keySet
PropertiesBackingEngine.listGroups,put
PropertiesBackingEngine.addGroup,get
PropertiesBackingEngine.addGroup,addUserInternal
PropertiesBackingEngine.addGroup,addRole
PropertiesBackingEngine.deleteGroup,deleteRole
PropertiesBackingEngine.deleteGroup,listUsers
PropertiesBackingEngine.deleteGroup,listGroups
PropertiesBackingEngine.deleteGroup,equals
PropertiesBackingEngine.deleteGroup,getName
PropertiesBackingEngine.deleteGroup,deleteUser
PropertiesBackingEngine.addGroupRole,addRole
PropertiesBackingEngine.deleteGroupRole,deleteRole
PropertiesBackingEngine.createGroup,get
PropertiesBackingEngine.createGroup,addUserInternal
JasyptEncryption.encryptPassword,encryptPassword
JasyptEncryption.checkPassword,checkPassword
NamespaceHandler.parseConfig,createMetadata
NamespaceHandler.parseConfig,setRuntimeClass
NamespaceHandler.parseConfig,getAttribute
NamespaceHandler.parseConfig,addProperty
NamespaceHandler.parseConfig,createRef
NamespaceHandler.parseConfig,createValue
NamespaceHandler.parseConfig,length
NamespaceHandler.parseConfig,getElementsByTagNameNS
NamespaceHandler.parseConfig,getNamespaceURI
NamespaceHandler.parseConfig,getLength
NamespaceHandler.parseConfig,item
NamespaceHandler.parseConfig,getTextValue
NamespaceHandler.parseConfig,addValue
NamespaceHandler.parseConfig,setId
NamespaceHandler.parseConfig,setServiceComponent
NamespaceHandler.parseConfig,addInterface
NamespaceHandler.parseConfig,getName
NamespaceHandler.parseConfig,addServiceProperty
NamespaceHandler.parseKeystore,createMetadata
NamespaceHandler.parseKeystore,setRuntimeClass
NamespaceHandler.parseKeystore,getAttribute
NamespaceHandler.parseKeystore,addProperty
NamespaceHandler.parseKeystore,createValue
NamespaceHandler.parseKeystore,length
NamespaceHandler.parseKeystore,setId
NamespaceHandler.parseKeystore,setServiceComponent
NamespaceHandler.parseKeystore,addInterface
NamespaceHandler.parseKeystore,getName
NamespaceHandler.createValue,createMetadata
NamespaceHandler.createValue,setStringValue
NamespaceHandler.createValue,createValue
NamespaceHandler.createValue,setType
NamespaceHandler.getTextValue,getChildNodes
NamespaceHandler.getTextValue,getLength
NamespaceHandler.getTextValue,item
NamespaceHandler.getTextValue,append
NamespaceHandler.getTextValue,getNodeValue
NamespaceHandler.getTextValue,toString
NamespaceHandler.parsePropertyPlaceholder,createMetadata
NamespaceHandler.parsePropertyPlaceholder,setProcessor
NamespaceHandler.parsePropertyPlaceholder,setId
NamespaceHandler.parsePropertyPlaceholder,getId
NamespaceHandler.parsePropertyPlaceholder,setScope
NamespaceHandler.parsePropertyPlaceholder,setRuntimeClass
NamespaceHandler.parsePropertyPlaceholder,setInitMethod
NamespaceHandler.parsePropertyPlaceholder,hasAttribute
NamespaceHandler.parsePropertyPlaceholder,getAttribute
NamespaceHandler.parsePropertyPlaceholder,addProperty
NamespaceHandler.parsePropertyPlaceholder,createValue
NamespaceHandler.parsePropertyPlaceholder,createRef
NamespaceHandler.parsePropertyPlaceholder,getChildNodes
NamespaceHandler.parsePropertyPlaceholder,getLength
NamespaceHandler.parsePropertyPlaceholder,item
NamespaceHandler.parsePropertyPlaceholder,equals
NamespaceHandler.parsePropertyPlaceholder,getNamespaceURI
NamespaceHandler.parsePropertyPlaceholder,getLocalName
NamespaceHandler.parsePropertyPlaceholder,getNodeName
NamespaceHandler.parsePropertyPlaceholder,parseElement
NamespaceHandler.parsePropertyPlaceholder,validatePlaceholder
NamespaceHandler.parsePropertyPlaceholder,getComponentDefinitionRegistry
NamespaceHandler.getId,hasAttribute
NamespaceHandler.getId,getAttribute
NamespaceHandler.getId,generateId
NamespaceHandler.generateId,getComponentDefinitionRegistry
NamespaceHandler.generateId,containsComponentDefinition
NamespaceHandler.createList,createMetadata
NamespaceHandler.createList,setCollectionClass
NamespaceHandler.createList,setValueType
NamespaceHandler.createList,getName
NamespaceHandler.createList,addValue
NamespaceHandler.createList,createValue
EncryptablePropertyPlaceholder.getProperty,decrypt
Bootstrap.main,main
Status.main,getPortFromShutdownPortFile
Status.main,println
Status.main,exit
Status.main,isBound
Status.main,getOutputStream
Status.main,write
Status.main,getPidFromPidFile
Status.main,newBuilder
Status.main,attach
Status.main,isRunning
Status.getPortFromShutdownPortFile,readLine
Status.getPortFromShutdownPortFile,parseInt
Status.getPortFromShutdownPortFile,close
Status.getPidFromPidFile,readLine
Status.getPidFromPidFile,parseInt
Status.getPidFromPidFile,close
Stop.main,getPortFromShutdownPortFile
Stop.main,println
Stop.main,exit
Stop.main,getMessage
Stop.main,getOutputStream
Stop.main,write
Stop.main,getBytes
Stop.main,flush
Stop.main,getPidFromPidFile
Stop.main,newBuilder
Stop.main,attach
Stop.main,isRunning
Stop.main,destroy
Stop.getPortFromShutdownPortFile,readLine
Stop.getPortFromShutdownPortFile,parseInt
Stop.getPortFromShutdownPortFile,close
Stop.getPidFromPidFile,readLine
Stop.getPidFromPidFile,parseInt
Stop.getPidFromPidFile,close
StartupListener.getBundleStats,getBundles
StartupListener.getBundleStats,getHeaders
StartupListener.getBundleStats,get
StartupListener.getBundleStats,getState
StartupListener.bundleChanged,getBundleStats
StartupListener.bundleChanged,isConsoleStarted
StartupListener.bundleChanged,showProgressBar
StartupListener.isConsoleStarted,parseBoolean
StartupListener.isConsoleStarted,getProperty
StartupListener.frameworkEvent,getType
StartupListener.frameworkEvent,parseInt
StartupListener.frameworkEvent,getProperty
StartupListener.frameworkEvent,getBundle
StartupListener.frameworkEvent,adapt
StartupListener.frameworkEvent,getStartLevel
StartupListener.frameworkEvent,removeBundleListener
StartupListener.frameworkEvent,removeFrameworkListener
StartupListener.frameworkEvent,currentTimeMillis
StartupListener.frameworkEvent,getBundleStats
StartupListener.frameworkEvent,info
StartupListener.frameworkEvent,isConsoleStarted
StartupListener.frameworkEvent,showProgressBar
StartupListener.frameworkEvent,println
StartupListener.showProgressBar,append
StartupListener.showProgressBar,format
StartupListener.showProgressBar,print
StartupListener.showProgressBar,toString
StartupListener.showProgressBar,flush
StartupListener.showProgressBar,println
ShutdownSocketThread.close,close
ShutdownSocketThread.run,info
ShutdownSocketThread.run,getInetAddress
ShutdownSocketThread.run,getHostAddress
ShutdownSocketThread.run,getLocalPort
ShutdownSocketThread.run,currentTimeMillis
ShutdownSocketThread.run,accept
ShutdownSocketThread.run,setSoTimeout
ShutdownSocketThread.run,getInputStream
ShutdownSocketThread.run,log
ShutdownSocketThread.run,getMessage
ShutdownSocketThread.run,exit
ShutdownSocketThread.run,length
ShutdownSocketThread.run,nextInt
ShutdownSocketThread.run,read
ShutdownSocketThread.run,append
ShutdownSocketThread.run,close
ShutdownSocketThread.run,toString
ShutdownSocketThread.run,equals
ShutdownSocketThread.run,stop
ShutdownSocketThread.run,isEmpty
ShutdownSocketThread.run,printStackTrace
ConfigProperties.performInit,getBoolean
ConfigProperties.performInit,exists
ConfigProperties.performInit,delete
ConfigProperties.performInit,deleteDirectory
ConfigProperties.performInit,getKarafDirectory
ConfigProperties.performInit,validateDirectoryExists
ConfigProperties.performInit,getPath
ConfigProperties.performInit,getProperty
ConfigProperties.performInit,mkdirs
ConfigProperties.performInit,getMessage
ConfigProperties.performInit,setProperty
ConfigProperties.performInit,getAbsolutePath
ConfigProperties.performInit,isEmpty
ConfigProperties.performInit,randomUUID
ConfigProperties.performInit,toString
ConfigProperties.performInit,put
ConfigProperties.performInit,asList
ConfigProperties.performInit,save
ConfigProperties.performInit,println
ConfigProperties.performInit,getThreadMXBean
ConfigProperties.performInit,isThreadCpuTimeSupported
ConfigProperties.performInit,setThreadCpuTimeEnabled
ConfigProperties.performInit,isThreadContentionMonitoringSupported
ConfigProperties.performInit,setThreadContentionMonitoringEnabled
ConfigProperties.getPropertyOrFail,getProperty
ConfigProperties.getSecurityProviders,getProperty
ConfigProperties.getSecurityProviders,split
ConfigProperties.getFramework,getPropertyOrFail
ConfigProperties.getDefaultBundleStartLevel,getProperty
ConfigProperties.getDefaultBundleStartLevel,parseInt
ConfigProperties.configureSAAJForIBMJVM,getProperty
ConfigProperties.configureSAAJForIBMJVM,equals
ConfigProperties.configureSAAJForIBMJVM,setProperty
InstanceHelper.updateInstancePid,getProperty
InstanceHelper.updateInstancePid,getPid
InstanceHelper.updateInstancePid,getParentFile
InstanceHelper.updateInstancePid,exists
InstanceHelper.updateInstancePid,mkdirs
InstanceHelper.updateInstancePid,getMessage
InstanceHelper.updateInstancePid,getChannel
InstanceHelper.updateInstancePid,tryLock
InstanceHelper.updateInstancePid,release
InstanceHelper.updateInstancePid,execute
InstanceHelper.updateInstancePid,isEmpty
InstanceHelper.updateInstancePid,put
InstanceHelper.updateInstancePid,getAbsolutePath
InstanceHelper.updateInstancePid,parseInt
InstanceHelper.updateInstancePid,get
InstanceHelper.updateInstancePid,toString
InstanceHelper.updateInstancePid,equals
InstanceHelper.updateInstancePid,println
InstanceHelper.getPid,getRuntimeMXBean
InstanceHelper.getPid,getName
InstanceHelper.getPid,compile
InstanceHelper.getPid,matcher
InstanceHelper.getPid,matches
InstanceHelper.getPid,group
InstanceHelper.writePid,parseInt
InstanceHelper.writePid,getPid
InstanceHelper.writePid,write
InstanceHelper.writePid,toString
InstanceHelper.writePid,close
InstanceHelper.writePid,printStackTrace
InstanceHelper.setupShutdown,getByName
InstanceHelper.setupShutdown,getLocalPort
InstanceHelper.setupShutdown,getParentFile
InstanceHelper.setupShutdown,mkdirs
InstanceHelper.setupShutdown,write
InstanceHelper.setupShutdown,toString
InstanceHelper.setupShutdown,close
InstanceHelper.setupShutdown,start
InstanceHelper.setupShutdown,printStackTrace
ServerInfoImpl.resolveHomePath,resolveWithBase
ServerInfoImpl.resolveHomePath,getAbsolutePath
ServerInfoImpl.resolveHome,resolveWithBase
ServerInfoImpl.resolveHome,toURI
ServerInfoImpl.resolveHome,resolve
ServerInfoImpl.resolveBasePath,resolveWithBase
ServerInfoImpl.resolveBasePath,getAbsolutePath
ServerInfoImpl.resolveBase,resolveWithBase
ServerInfoImpl.resolveBase,toURI
ServerInfoImpl.resolveBase,resolve
ServerInfoImpl.getArgs,clone
ServerInfoImpl.resolveWithBase,isAbsolute
KarafActivatorManager.startKarafActivators,getResources
KarafActivatorManager.startKarafActivators,hasMoreElements
KarafActivatorManager.startKarafActivators,nextElement
KarafActivatorManager.startKarafActivators,openStream
KarafActivatorManager.startKarafActivators,getMainAttributes
KarafActivatorManager.startKarafActivators,getValue
KarafActivatorManager.startKarafActivators,loadClass
KarafActivatorManager.startKarafActivators,newInstance
KarafActivatorManager.startKarafActivators,start
KarafActivatorManager.startKarafActivators,getBundleContext
KarafActivatorManager.startKarafActivators,add
KarafActivatorManager.startKarafActivators,println
KarafActivatorManager.startKarafActivators,getMessage
KarafActivatorManager.startKarafActivators,log
KarafActivatorManager.stopKarafActivators,stop
KarafActivatorManager.stopKarafActivators,getBundleContext
KarafActivatorManager.stopKarafActivators,log
KarafActivatorManager.stopKarafActivators,getClass
KarafActivatorManager.stopKarafActivators,getName
Main.updateInstancePidAfterShutdown,updateInstancePid
Main.launch,asList
Main.launch,contains
Main.launch,toPath
Main.launch,getProperty
Main.launch,exists
Main.launch,walkFileTree
Main.launch,startsWith
Main.launch,delete
Main.launch,compareTo
Main.launch,log
Main.launch,getMessage
Main.launch,createDirectories
Main.launch,resolve
Main.launch,performInit
Main.launch,println
Main.launch,setProperties
Main.launch,writePid
Main.launch,configureLogger
Main.launch,addSecurityProvider
Main.launch,getBundleRepos
Main.launch,createClassLoader
Main.launch,loadFrameworkFactory
Main.launch,newFramework
Main.launch,setLogger
Main.launch,init
Main.launch,getBundleContext
Main.launch,addFrameworkListener
Main.launch,start
Main.launch,adapt
Main.launch,setInitialBundleStartLevel
Main.launch,getBundles
Main.launch,info
Main.launch,readBundlesFromStartupProperties
Main.launch,installAndStartBundles
Main.launch,registerService
Main.launch,startKarafActivators
Main.launch,setStartLevel
Main.launch,monitor
Main.launch,registerSignalHandler
Main.launch,watchdog
Main.visitFile,startsWith
Main.visitFile,delete
Main.postVisitDirectory,compareTo
Main.postVisitDirectory,delete
Main.setLogger,getClass
Main.setLogger,getName
Main.setLogger,startsWith
Main.setLogger,getDeclaredField
Main.setLogger,setAccessible
Main.setLogger,get
Main.setLogger,getDeclaredMethod
Main.setLogger,invoke
Main.setLogger,getLogger
Main.setLogger,log
Main.setLogger,printStackTrace
Main.log,getLogger
Main.log,log
Main.registerSignalHandler,valueOf
Main.registerSignalHandler,getProperty
Main.registerSignalHandler,forName
Main.registerSignalHandler,newProxyInstance
Main.registerSignalHandler,getClass
Main.registerSignalHandler,getClassLoader
Main.registerSignalHandler,start
Main.registerSignalHandler,stop
Main.registerSignalHandler,printStackTrace
Main.registerSignalHandler,getMethod
Main.registerSignalHandler,invoke
Main.registerSignalHandler,getConstructor
Main.registerSignalHandler,newInstance
Main.registerSignalHandler,getSize
Main.registerSignalHandler,sendWindowChange
Main.registerSignalHandler,getColumns
Main.registerSignalHandler,getRows
Main.monitor,doMonitor
Main.monitor,printStackTrace
Main.monitor,start
Main.doMonitor,createLock
Main.doMonitor,getProperty
Main.doMonitor,lock
Main.doMonitor,lockAcquired
Main.doMonitor,isDirectory
Main.doMonitor,info
Main.doMonitor,stop
Main.doMonitor,exit
Main.doMonitor,isAlive
Main.doMonitor,sleep
Main.doMonitor,lockLost
Main.doMonitor,stopShutdownThread
Main.doMonitor,waitingForLock
Main.doMonitor,log
Main.doMonitor,println
Main.watchdog,getBoolean
Main.watchdog,start
Main.watchdog,doWatchdog
Main.watchdog,printStackTrace
Main.doWatchdog,getWatchdogTimeout
Main.doWatchdog,notifyWatchdog
Main.doWatchdog,println
Main.doWatchdog,sleep
Main.createClassLoader,add
Main.createClassLoader,resolve
Main.createClassLoader,toURL
Main.createClassLoader,listFiles
Main.createClassLoader,isFile
Main.createClassLoader,canRead
Main.createClassLoader,getName
Main.createClassLoader,endsWith
Main.createClassLoader,toURI
Main.createClassLoader,toArray
Main.createClassLoader,getParentClassLoader
Main.getParentClassLoader,getClassLoader
Main.loadFrameworkFactory,getResourceAsStream
Main.loadFrameworkFactory,getName
Main.loadFrameworkFactory,readLine
Main.loadFrameworkFactory,trim
Main.loadFrameworkFactory,isEmpty
Main.loadFrameworkFactory,startsWith
Main.loadFrameworkFactory,close
Main.loadFrameworkFactory,loadClass
Main.loadFrameworkFactory,newInstance
Main.createLock,getClassLoader
Main.createLock,loadClass
Main.createLock,getConstructor
Main.createLock,newInstance
Main.addSecurityProvider,addProvider
Main.addSecurityProvider,forName
Main.addSecurityProvider,newInstance
Main.addSecurityProvider,println
Main.readBundlesFromStartupProperties,loadPropertiesOrFail
Main.readBundlesFromStartupProperties,keySet
Main.readBundlesFromStartupProperties,getProperty
Main.readBundlesFromStartupProperties,trim
Main.readBundlesFromStartupProperties,valueOf
Main.readBundlesFromStartupProperties,add
Main.installAndStartBundles,isEmpty
Main.installAndStartBundles,toURI
Main.installAndStartBundles,toString
Main.installAndStartBundles,startsWith
Main.installAndStartBundles,create
Main.installAndStartBundles,substring
Main.installAndStartBundles,length
Main.installAndStartBundles,resolve
Main.installAndStartBundles,toASCIIString
Main.installAndStartBundles,installBundle
Main.installAndStartBundles,toURL
Main.installAndStartBundles,openStream
Main.installAndStartBundles,adapt
Main.installAndStartBundles,setStartLevel
Main.installAndStartBundles,isNotFragment
Main.installAndStartBundles,start
Main.isNotFragment,getHeaders
Main.isNotFragment,get
Main.isNotFragment,trim
Main.isNotFragment,length
Main.getBundleRepos,isDirectory
Main.getBundleRepos,getAbsolutePath
Main.getBundleRepos,add
Main.getBundleRepos,equals
Main.getBundleRepos,countTokens
Main.getBundleRepos,nextLocation
Main.getBundleRepos,exists
Main.getBundleRepos,println
Main.setStartLevel,adapt
Main.setStartLevel,setStartLevel
Main.awaitShutdown,waitForStop
Main.awaitShutdown,getType
Main.awaitShutdown,release
Main.awaitShutdown,getState
Main.awaitShutdown,sleep
Main.awaitShutdown,monitor
Main.destroy,waitingForShutdown
Main.destroy,getState
Main.destroy,start
Main.destroy,stop
Main.destroy,println
Main.destroy,getMessage
Main.destroy,waitForStop
Main.destroy,getType
Main.destroy,stopKarafActivators
Main.destroy,interrupt
Main.destroy,join
Main.destroy,release
Main.destroy,close
Main.lockLost,stopShutdownThread
Main.lockLost,getState
Main.lockLost,warning
Main.lockLost,setStartLevel
Main.lockLost,fine
Main.lockLost,wait
Main.lockLost,printStackTrace
Main.stopShutdownThread,close
Main.stopShutdownThread,printStackTrace
Main.lockAcquired,info
Main.lockAcquired,updateInstancePid
Main.lockAcquired,setupShutdown
Main.lockAcquired,setStartLevel
Main.waitingForLock,fine
Main.frameworkEvent,getType
Main.frameworkEvent,fine
Main.frameworkEvent,notifyAll
KarafLockCallback.lockLost,stopShutdownThread
KarafLockCallback.lockLost,getState
KarafLockCallback.lockLost,warning
KarafLockCallback.lockLost,setStartLevel
KarafLockCallback.lockLost,fine
KarafLockCallback.lockLost,wait
KarafLockCallback.lockLost,printStackTrace
KarafLockCallback.stopShutdownThread,close
KarafLockCallback.stopShutdownThread,printStackTrace
KarafLockCallback.lockAcquired,info
KarafLockCallback.lockAcquired,updateInstancePid
KarafLockCallback.lockAcquired,setupShutdown
KarafLockCallback.lockAcquired,setStartLevel
KarafLockCallback.waitingForLock,fine
KarafLockCallback.frameworkEvent,getType
KarafLockCallback.frameworkEvent,fine
KarafLockCallback.frameworkEvent,notifyAll
BootstrapLogManager.getDefaultHandler,getDefaultHandlerInternal
BootstrapLogManager.getDefaultHandlers,getDefaultHandlersInternal
BootstrapLogManager.configureLogger,getDefaultHandlers
BootstrapLogManager.configureLogger,addHandler
BootstrapLogManager.configureLogger,printStackTrace
BootstrapLogManager.setProperties,setProperties
BootstrapLogManager.getDefaultHandlerInternal,getLogFilePath
BootstrapLogManager.getDefaultHandlerInternal,substVars
BootstrapLogManager.getDefaultHandlerInternal,getMessage
BootstrapLogManager.getDefaultHandlersInternal,getProperty
BootstrapLogManager.getDefaultHandlersInternal,parse
BootstrapLogManager.getDefaultHandlersInternal,setLevel
BootstrapLogManager.getDefaultHandlersInternal,asList
BootstrapLogManager.getDefaultHandlersInternal,getDefaultHandlerInternal
BootstrapLogManager.loadPaxLoggingConfig,load
BootstrapLogManager.loadPaxLoggingConfig,close
BootstrapLogManager.close,close
BootstrapLogManager.getLogFilePath,getProperty
BootstrapLogManager.getLogFilePath,loadPaxLoggingConfig
BootstrapLogManager.open,getParentFile
BootstrapLogManager.open,exists
BootstrapLogManager.open,mkdirs
BootstrapLogManager.open,getMessage
BootstrapLogManager.open,setOutputStream
BootstrapLogManager.publish,isLoggable
BootstrapLogManager.publish,flush
SimpleFileHandler.open,getParentFile
SimpleFileHandler.open,exists
SimpleFileHandler.open,mkdirs
SimpleFileHandler.open,getMessage
SimpleFileHandler.open,setOutputStream
SimpleFileHandler.publish,isLoggable
SimpleFileHandler.publish,flush
Utils.getKarafHome,getProperty
Utils.getKarafHome,validateDirectoryExists
Utils.getKarafHome,getenv
Utils.getKarafHome,getClassLoader
Utils.getKarafHome,getResource
Utils.getKarafHome,getName
Utils.getKarafHome,replace
Utils.getKarafHome,openConnection
Utils.getKarafHome,getJarFileURL
Utils.getKarafHome,getCanonicalFile
Utils.getKarafHome,getParentFile
Utils.getKarafHome,toString
Utils.getKarafHome,toLowerCase
Utils.getKarafHome,indexOf
Utils.getKarafHome,lastIndexOf
Utils.getKarafHome,substring
Utils.validateDirectoryExists,getCanonicalFile
Utils.validateDirectoryExists,getMessage
Utils.validateDirectoryExists,exists
Utils.validateDirectoryExists,mkdirs
Utils.validateDirectoryExists,isDirectory
Utils.getKarafDirectory,getProperty
Utils.getKarafDirectory,validateDirectoryExists
Utils.getKarafDirectory,getenv
Utils.deleteDirectory,exists
Utils.deleteDirectory,cleanDirectory
Utils.deleteDirectory,delete
Utils.cleanDirectory,exists
Utils.cleanDirectory,isDirectory
Utils.cleanDirectory,listFiles
Utils.cleanDirectory,forceDelete
Utils.forceDelete,isDirectory
Utils.forceDelete,deleteDirectory
Utils.forceDelete,exists
Utils.forceDelete,delete
Utils.convertToMavenUrlsIfNeeded,split
Utils.convertToMavenUrlsIfNeeded,startsWith
Utils.convertToMavenUrlsIfNeeded,charAt
Utils.convertToMavenUrlsIfNeeded,length
Utils.convertToMavenUrlsIfNeeded,substring
Utils.convertToMavenUrlsIfNeeded,lastIndexOf
Utils.convertToMavenUrlsIfNeeded,append
Utils.convertToMavenUrlsIfNeeded,equals
Utils.convertToMavenUrlsIfNeeded,toString
Utils.nextLocation,countTokens
Utils.nextLocation,hasMoreTokens
Utils.nextLocation,nextToken
Utils.nextLocation,equals
Utils.nextLocation,toString
Utils.nextLocation,append
Utils.nextLocation,trim
SimpleMavenResolver.resolve,findFile
SimpleMavenResolver.resolve,toURI
SimpleMavenResolver.findFile,pathFromMaven
SimpleMavenResolver.findFile,toString
SimpleMavenResolver.findFile,startsWith
SimpleMavenResolver.findFile,substring
SimpleMavenResolver.findFile,length
SimpleMavenResolver.findFile,exists
SimpleMavenResolver.findFile,isDirectory
Systemd.notifyWatchdog,sd_notify
Systemd.getWatchdogTimeout,getenv
Systemd.getWatchdogTimeout,parseLong
Systemd.getWatchdogTimeout,convert
OracleJDBCLock.createStatements,setTableName
OracleJDBCLock.createStatements,setNodeName
OracleJDBCLock.createStatements,setMomentColumnDataType
OracleJDBCLock.lock,acquireLock
OracleJDBCLock.updateLock,acquireLock
OracleJDBCLock.acquireLock,lockAcquiredOnNonEmptySelection
OracleJDBCLock.lockAcquiredOnNonEmptySelection,getLockVerifySelectionNotEmptyStatement
OracleJDBCLock.lockAcquiredOnNonEmptySelection,getConnection
OracleJDBCLock.lockAcquiredOnNonEmptySelection,prepareStatement
OracleJDBCLock.lockAcquiredOnNonEmptySelection,setQueryTimeout
OracleJDBCLock.lockAcquiredOnNonEmptySelection,executeQuery
OracleJDBCLock.lockAcquiredOnNonEmptySelection,next
OracleJDBCLock.lockAcquiredOnNonEmptySelection,getInt
OracleJDBCLock.lockAcquiredOnNonEmptySelection,warning
OracleJDBCLock.lockAcquiredOnNonEmptySelection,closeSafely
Statements.getLockCreateSchemaStatements,getFullLockTableName
Statements.getLockCreateSchemaStatements,getMomentColumnDataType
Statements.getLockCreateSchemaStatements,getNodeColumnDataType
Statements.getLockCreateSchemaStatements,getNodeName
Statements.getLockCreateStatement,getFullLockTableName
Statements.getLockUpdateStatement,getFullLockTableName
Statements.getLockVerifySelectionNotEmptyStatement,getFullLockTableName
Statements.getCurrentTimeMillis,currentTimeMillis
Statements.getFullLockTableName,getTablePrefix
Statements.getFullLockTableName,getTableName
GenericStatements.getLockTableInitialInsertStatement,getLockTableName
GenericStatements.getLockUpdateIdStatement,format
GenericStatements.getLockUpdateIdStatement,getLockTableName
GenericStatements.getLockUpdateIdStatementToStealLock,format
GenericStatements.getLockUpdateIdStatementToStealLock,getLockTableName
GenericStatements.getLockResetIdStatement,format
GenericStatements.getLockResetIdStatement,getLockTableName
GenericStatements.getLockSelectStatement,getLockTableName
GenericStatements.getIdFromLockSelectStatement,getInt
GenericStatements.getStateFromLockSelectStatement,getInt
GenericStatements.getLockDelayFromLockSelectStatement,getInt
GenericStatements.getLockTableCreateStatement,getLockTableName
GenericStatements.getLockIdTableCreateStatement,getLockIdTableName
GenericStatements.getLockIdSelectStatement,getLockIdTableName
GenericStatements.getIdFromLockIdSelectStatement,getInt
GenericStatements.getLockIdUpdateIdStatement,format
GenericStatements.getLockIdUpdateIdStatement,getLockIdTableName
GenericStatements.getLockCreateSchemaStatements,getLockTableCreateStatement
GenericStatements.getLockCreateSchemaStatements,getLockIdTableCreateStatement
GenericStatements.getLockCreateSchemaStatements,getLockTableInitialInsertStatement
GenericStatements.getLockCreateSchemaStatements,getLockIdTableInitialInsertStatement
GenericStatements.getLockIdTableInitialInsertStatement,getLockIdTableName
MySQLJDBCLock.createStatements,setTableName
MySQLJDBCLock.createStatements,setNodeName
MySQLJDBCLock.createStatements,getLockCreateSchemaStatements
MySQLJDBCLock.createStatements,getCurrentTimeMillis
MySQLJDBCLock.createStatements,toUpperCase
MySQLJDBCLock.createStatements,startsWith
MySQLJDBCLock.createConnection,toLowerCase
MySQLJDBCLock.createConnection,contains
LockFactory.createLock,parseBoolean
LockFactory.createLock,getProperty
LockFactory.createLock,forName
LockFactory.createLock,getConstructor
LockFactory.createLock,newInstance
DefaultJDBCLock.createStatements,setTableName
DefaultJDBCLock.createStatements,setNodeName
DefaultJDBCLock.init,createDatabase
DefaultJDBCLock.init,createSchema
DefaultJDBCLock.init,log
DefaultJDBCLock.createSchema,schemaExists
DefaultJDBCLock.createSchema,getLockCreateSchemaStatements
DefaultJDBCLock.createSchema,getCurrentTimeMillis
DefaultJDBCLock.createSchema,getConnection
DefaultJDBCLock.createSchema,createStatement
DefaultJDBCLock.createSchema,info
DefaultJDBCLock.createSchema,execute
DefaultJDBCLock.createSchema,commit
DefaultJDBCLock.createSchema,log
DefaultJDBCLock.createSchema,rollback
DefaultJDBCLock.createSchema,closeSafely
DefaultJDBCLock.schemaExists,schemaExist
DefaultJDBCLock.schemaExists,getFullLockTableName
DefaultJDBCLock.schemaExist,getConnection
DefaultJDBCLock.schemaExist,getMetaData
DefaultJDBCLock.schemaExist,checkTableExists
DefaultJDBCLock.schemaExist,toLowerCase
DefaultJDBCLock.checkTableExists,getTables
DefaultJDBCLock.checkTableExists,next
DefaultJDBCLock.lock,acquireLock
DefaultJDBCLock.lock,updateLock
DefaultJDBCLock.acquireLock,getLockCreateStatement
DefaultJDBCLock.acquireLock,getConnection
DefaultJDBCLock.acquireLock,prepareStatement
DefaultJDBCLock.acquireLock,setQueryTimeout
DefaultJDBCLock.acquireLock,execute
DefaultJDBCLock.acquireLock,log
DefaultJDBCLock.acquireLock,closeSafely
DefaultJDBCLock.updateLock,getLockUpdateStatement
DefaultJDBCLock.updateLock,getCurrentTimeMillis
DefaultJDBCLock.updateLock,getConnection
DefaultJDBCLock.updateLock,prepareStatement
DefaultJDBCLock.updateLock,setQueryTimeout
DefaultJDBCLock.updateLock,executeUpdate
DefaultJDBCLock.updateLock,log
DefaultJDBCLock.updateLock,closeSafely
DefaultJDBCLock.log,log
DefaultJDBCLock.release,isConnected
DefaultJDBCLock.release,getConnection
DefaultJDBCLock.release,rollback
DefaultJDBCLock.release,log
DefaultJDBCLock.release,close
DefaultJDBCLock.isAlive,isConnected
DefaultJDBCLock.isAlive,severe
DefaultJDBCLock.isAlive,updateLock
DefaultJDBCLock.isConnected,isClosed
DefaultJDBCLock.closeSafely,close
DefaultJDBCLock.closeSafely,log
DefaultJDBCLock.getConnection,isConnected
DefaultJDBCLock.getConnection,createConnection
DefaultJDBCLock.getConnection,setAutoCommit
DefaultJDBCLock.createConnection,doCreateConnection
DefaultJDBCLock.createConnection,log
DefaultJDBCLock.doCreateConnection,forName
DefaultJDBCLock.doCreateConnection,getConnection
DefaultJDBCLock.getCurrentTimeMillis,currentTimeMillis
GenericJDBCLock.init,createDatabase
GenericJDBCLock.init,getConnection
GenericJDBCLock.init,createSchema
GenericJDBCLock.init,generateUniqueId
GenericJDBCLock.init,log
GenericJDBCLock.createSchema,schemaExists
GenericJDBCLock.createSchema,createStatement
GenericJDBCLock.createSchema,setAutoCommit
GenericJDBCLock.createSchema,getLockCreateSchemaStatements
GenericJDBCLock.createSchema,currentTimeMillis
GenericJDBCLock.createSchema,info
GenericJDBCLock.createSchema,execute
GenericJDBCLock.createSchema,commit
GenericJDBCLock.createSchema,rollback
GenericJDBCLock.createSchema,log
GenericJDBCLock.schemaExists,schemaExist
GenericJDBCLock.schemaExists,getLockTableName
GenericJDBCLock.schemaExists,getLockIdTableName
GenericJDBCLock.schemaExist,getMetaData
GenericJDBCLock.schemaExist,getTables
GenericJDBCLock.schemaExist,next
GenericJDBCLock.schemaExist,log
GenericJDBCLock.generateUniqueId,getLockIdSelectStatement
GenericJDBCLock.generateUniqueId,prepareStatement
GenericJDBCLock.generateUniqueId,executeQuery
GenericJDBCLock.generateUniqueId,next
GenericJDBCLock.generateUniqueId,getIdFromLockIdSelectStatement
GenericJDBCLock.generateUniqueId,getLockIdUpdateIdStatement
GenericJDBCLock.generateUniqueId,executeUpdate
GenericJDBCLock.generateUniqueId,severe
GenericJDBCLock.generateUniqueId,log
GenericJDBCLock.generateUniqueId,info
GenericJDBCLock.getConnection,getConnection
GenericJDBCLock.lock,getConnection
GenericJDBCLock.lock,acquireLock
GenericJDBCLock.lock,getLockUpdateIdStatement
GenericJDBCLock.lock,getLockSelectStatement
GenericJDBCLock.lock,prepareStatement
GenericJDBCLock.lock,executeQuery
GenericJDBCLock.lock,next
GenericJDBCLock.lock,getIdFromLockSelectStatement
GenericJDBCLock.lock,getStateFromLockSelectStatement
GenericJDBCLock.lock,currentTimeMillis
GenericJDBCLock.lock,getLockUpdateIdStatementToStealLock
GenericJDBCLock.lock,getLockDelayFromLockSelectStatement
GenericJDBCLock.lock,log
GenericJDBCLock.acquireLock,prepareStatement
GenericJDBCLock.acquireLock,executeUpdate
GenericJDBCLock.acquireLock,log
GenericJDBCLock.release,getConnection
GenericJDBCLock.release,getLockResetIdStatement
GenericJDBCLock.release,prepareStatement
GenericJDBCLock.release,executeUpdate
GenericJDBCLock.release,log
GenericJDBCLock.isAlive,lock
SQLServerJDBCLock.getLockCreateStatement,getFullLockTableName
MsSQLServerStatements.getLockCreateStatement,getFullLockTableName
SimpleFileLock.lock,info
SimpleFileLock.lock,getPath
SimpleFileLock.lock,getChannel
SimpleFileLock.lock,tryLock
SimpleFileLock.release,isValid
SimpleFileLock.release,info
SimpleFileLock.release,getPath
SimpleFileLock.release,release
SimpleFileLock.release,channel
SimpleFileLock.release,close
SimpleFileLock.isAlive,isValid
SimpleFileLock.isAlive,exists
SimpleFileLock.getKarafLock,getPath
SimpleFileLock.getKarafLock,validateDirectoryExists
SimpleFileLock.getKarafLock,getProperty
SimpleFileLock.validateDirectoryExists,getCanonicalFile
SimpleFileLock.validateDirectoryExists,getMessage
SimpleFileLock.validateDirectoryExists,exists
SimpleFileLock.validateDirectoryExists,isDirectory
GenericDataSource.ensureDriverLoaded,forName
GenericDataSource.driver,getDriver
GenericDataSource.getConnection,ensureDriverLoaded
GenericDataSource.getConnection,poll
GenericDataSource.getConnection,driver
GenericDataSource.getConnection,connect
GenericDataSource.getConnection,isValid
GenericDataSource.getConnection,close
GenericDataSource.getConnection,wrap
GenericDataSource.wrap,newProxyInstance
GenericDataSource.wrap,getClass
GenericDataSource.wrap,getClassLoader
GenericDataSource.wrap,getName
GenericDataSource.wrap,equals
GenericDataSource.wrap,getParameterCount
GenericDataSource.wrap,offer
GenericDataSource.wrap,close
GenericDataSource.wrap,invoke
GenericDataSource.invoke,getName
GenericDataSource.invoke,equals
GenericDataSource.invoke,getParameterCount
GenericDataSource.invoke,offer
GenericDataSource.invoke,close
GenericDataSource.invoke,invoke
EventSendCommand.execute,sendEvent
EventSendCommand.execute,parse
EventSendCommand.parse,indexOf
EventSendCommand.parse,substring
EventSendCommand.parse,put
EventDisplayCommand.execute,getConsole
EventDisplayCommand.execute,getEvents
EventDisplayCommand.execute,filter
EventDisplayCommand.execute,matchTopic
EventDisplayCommand.execute,forEach
EventPrinter.accept,println
EventPrinter.accept,getTimeStamp
EventPrinter.accept,getTopic
EventPrinter.accept,getPropertyNames
EventPrinter.accept,equals
EventPrinter.accept,getPrintValue
EventPrinter.accept,flush
EventPrinter.getTimeStamp,getProperty
EventPrinter.getTimeStamp,format
EventPrinter.getPrintValue,getProperty
EventPrinter.getPrintValue,getClass
EventPrinter.getPrintValue,isArray
EventPrinter.getPrintValue,toString
EventTailCommand.execute,getConsole
EventTailCommand.execute,executeIf
EventTailCommand.execute,matchTopic
EventTailCommand.execute,addConsumer
EventTailCommand.execute,waitTillInterrupted
EventTailCommand.execute,removeConsumer
EventTailCommand.executeIf,test
EventTailCommand.executeIf,accept
EventTailCommand.waitTillInterrupted,sleep
TopicPredicate.test,matcher
TopicPredicate.test,matches
TopicPredicate.test,getTopic
EventCollector.handleEvent,addLast
EventCollector.handleEvent,size
EventCollector.handleEvent,removeFirst
EventCollector.handleEvent,forEach
EventCollector.handleEvent,accept
EventCollector.getEvents,stream
EventCollector.addConsumer,forEach
EventCollector.addConsumer,add
EventCollector.removeConsumer,remove
SimpleLogger.isTraceEnabled,isLogEnabled
SimpleLogger.trace,log
SimpleLogger.isDebugEnabled,isLogEnabled
SimpleLogger.debug,log
SimpleLogger.isInfoEnabled,isLogEnabled
SimpleLogger.info,log
SimpleLogger.isWarnEnabled,isLogEnabled
SimpleLogger.warn,log
SimpleLogger.isErrorEnabled,isLogEnabled
SimpleLogger.error,log
SimpleLogger.log,isLogEnabled
SimpleLogger.log,doLog
SimpleLogger.log,format
SimpleLogger.log,getMessage
SimpleLogger.log,arrayFormat
SimpleLogger.doLog,currentTimeMillis
SimpleLogger.doLog,append
SimpleLogger.doLog,currentThread
SimpleLogger.doLog,getName
SimpleLogger.doLog,print
SimpleLogger.doLog,toString
SimpleLogger.doLog,printStackTrace
SimpleLogger.doLog,flush
SimpleLoggerFactory.getLogger,get
SimpleLoggerFactory.getLogger,put
ClientConfig.showHelp,println
ClientConfig.showHelp,exit
ClientConfig.loadProps,load
ClientConfig.loadProps,println
ClientConfig.loadProps,keySet
ClientConfig.loadProps,get
ClientConfig.loadProps,put
ClientConfig.loadProps,getenv
ClientConfig.loadProps,substVars
ClientConfig.loadProps,convertDictionaryToMap
ClientConfig.loadProps,parseInt
ClientConfig.loadProps,getProperty
ClientConfig.loadProps,startsWith
ClientConfig.loadProps,substring
ClientConfig.loadProps,length
ClientConfig.loadProps,lastIndexOf
ClientConfig.getInt,get
ClientConfig.getInt,parseInt
ClientConfig.getInt,toString
ClientConfig.getInt,println
ClientConfig.getLong,get
ClientConfig.getLong,parseLong
ClientConfig.getLong,toString
ClientConfig.getLong,println
ClientConfig.getString,get
ClientConfig.getString,toString
ClientConfig.convertDictionaryToMap,keySet
ClientConfig.convertDictionaryToMap,put
ClientConfig.convertDictionaryToMap,get
ClientConfig.convertDictionaryToMap,toString
Main.welcome,println
Main.interactive,readLine
Main.interactive,readPassword
Main.addMode,getControlChar
Main.addMode,put
Main.getFlag,getInputFlag
Main.getFlag,getOutputFlag
Main.getFlag,getLocalFlag
Main.setupAgent,startAgent
Main.setupAgent,setAgentFactory
Main.setupAgent,getProperties
Main.setupAgent,put
Main.connectWithRetries,connect
Main.connectWithRetries,getUser
Main.connectWithRetries,getHost
Main.connectWithRetries,getPort
Main.connectWithRetries,await
Main.connectWithRetries,getSession
Main.connectWithRetries,getRetryAttempts
Main.connectWithRetries,sleep
Main.connectWithRetries,getRetryDelay
Main.connectWithRetries,println
Main.startAgent,get
Main.startAgent,setPasswordFinder
Main.startAgent,loadKeys
Main.startAgent,addIdentity
Main.startAgent,println
Main.startAgent,getMessage
Main.unregisterSignalHandler,forName
Main.unregisterSignalHandler,getField
Main.unregisterSignalHandler,get
Main.unregisterSignalHandler,getMethod
Main.unregisterSignalHandler,invoke
Main.unregisterSignalHandler,getConstructor
Main.unregisterSignalHandler,newInstance
NLS.initializeMessages,replace
NLS.initializeMessages,getClassLoader
NLS.initializeMessages,getResourceAsStream
NLS.initializeMessages,load
NLS.initializeMessages,stringPropertyNames
NLS.initializeMessages,getProperty
NLS.initializeMessages,getDeclaredField
NLS.initializeMessages,setAccessible
NLS.initializeMessages,set
NLS.bind,bind
NLS.bind,length
NLS.bind,charAt
NLS.bind,indexOf
NLS.bind,append
NLS.bind,parseInt
NLS.bind,substring
NLS.bind,toString
Configurations.loadConfigurations,listFiles
Configurations.loadConfigurations,getValue
Configurations.loadConfigurations,getName
Configurations.loadConfigurations,endsWith
Configurations.loadConfigurations,mark
Configurations.loadConfigurations,read
Configurations.loadConfigurations,reset
Configurations.loadConfigurations,loadFromXML
Configurations.loadConfigurations,keySet
Configurations.loadConfigurations,put
Configurations.loadConfigurations,toString
Configurations.loadConfigurations,getProperty
Configurations.loadConfigurations,load
Configurations.loadConfigurations,createConfigurations
Configurations.createConfigurations,entrySet
Configurations.createConfigurations,parsePid
Configurations.createConfigurations,getKey
Configurations.createConfigurations,getValue
Configurations.createConfigurations,put
Configurations.createConfigurations,add
Configurations.parsePid,substring
Configurations.parsePid,lastIndexOf
Configurations.parsePid,indexOf
StaticConfigAdminImpl.addingService,getService
StaticConfigAdminImpl.addingService,getProperty
StaticConfigAdminImpl.addingService,getPid
StaticConfigAdminImpl.addingService,equals
StaticConfigAdminImpl.addingService,getFactoryPid
StaticConfigAdminImpl.addingService,invokeUpdate
StaticConfigAdminImpl.addingService,updated
StaticConfigAdminImpl.addingService,getProcessedProperties
StaticConfigAdminImpl.addingService,printStackTrace
StaticConfigAdminImpl.addingService,println
StaticConfigAdminImpl.removedService,ungetService
StaticConfigAdminImpl.invokeUpdate,updated
StaticConfigAdminImpl.invokeUpdate,getProcessedProperties
StaticConfigAdminImpl.invokeUpdate,printStackTrace
StaticConfigAdminImpl.getConfiguration,getConfiguration
StaticConfigAdminImpl.getConfiguration,getPid
StaticConfigAdminImpl.getConfiguration,equals
StaticConfigAdminImpl.getConfiguration,getFactoryPid
StaticConfigAdminImpl.getConfiguration,put
StaticConfigAdminImpl.listConfigurations,createFilter
StaticConfigAdminImpl.listConfigurations,match
StaticConfigAdminImpl.listConfigurations,getProcessedProperties
StaticConfigAdminImpl.listConfigurations,add
StaticConfigAdminImpl.listConfigurations,isEmpty
StaticConfigAdminImpl.listConfigurations,toArray
StaticConfigAdminImpl.listConfigurations,size
StaticConfigurationImpl.getProcessedProperties,getProperties
StaticConfigurationImpl.getAttributes,emptySet
Configuration.updateFromConfigAdmin,start
Configuration.updateFromConfigAdmin,configure
Configuration.updateFromConfigAdmin,startOrUpdate
Configuration.configure,getIntProperty
Configuration.configure,getProperty
Configuration.configure,getDoubleProperty
Configuration.configure,getBooleanProperty
Configuration.configure,countTokens
Configuration.configure,nextToken
Configuration.configure,get
Configuration.configure,getLogger
Configuration.configure,log
Configuration.configure,floor
Configuration.startOrUpdate,getLogger
Configuration.startOrUpdate,setLogLevel
Configuration.startOrUpdate,log
Configuration.startOrUpdate,configure
Configuration.startOrUpdate,adaptEvents
Configuration.startOrUpdate,registerService
Configuration.startOrUpdate,getName
Configuration.startOrUpdate,update
Configuration.destroy,destroy
Configuration.destroy,unregister
Configuration.destroy,stop
Configuration.destroy,close
Configuration.getIntProperty,parseInt
Configuration.getIntProperty,toString
Configuration.getIntProperty,getLogger
Configuration.getIntProperty,log
Configuration.getDoubleProperty,parseDouble
Configuration.getDoubleProperty,toString
Configuration.getDoubleProperty,getLogger
Configuration.getDoubleProperty,log
Configuration.getBooleanProperty,toString
Configuration.getBooleanProperty,trim
Configuration.getBooleanProperty,toLowerCase
Configuration.getBooleanProperty,length
Configuration.getBooleanProperty,equals
EventAdminImpl.checkTopic,match
EventAdminImpl.checkTopic,getTopic
EventAdminImpl.prepareEvent,containsProperty
EventAdminImpl.prepareEvent,getSubject
EventAdminImpl.prepareEvent,getContext
EventAdminImpl.prepareEvent,getPropertyNames
EventAdminImpl.prepareEvent,equals
EventAdminImpl.prepareEvent,put
EventAdminImpl.prepareEvent,getProperty
EventAdminImpl.prepareEvent,currentTimeMillis
EventAdminImpl.prepareEvent,getTopic
EventAdminImpl.postEvent,checkTopic
EventAdminImpl.postEvent,execute
EventAdminImpl.postEvent,getTracker
EventAdminImpl.postEvent,getHandlers
EventAdminImpl.postEvent,prepareEvent
EventAdminImpl.sendEvent,checkTopic
EventAdminImpl.sendEvent,execute
EventAdminImpl.sendEvent,getTracker
EventAdminImpl.sendEvent,getHandlers
EventAdminImpl.sendEvent,prepareEvent
EventAdminImpl.stop,close
EventAdminImpl.update,close
EventAdminImpl.update,update
EventAdminImpl.update,open
EventAdminImpl.update,createEventTopicMatchers
BundleEventAdapter.destroy,removeBundleListener
BundleEventAdapter.bundleChanged,put
BundleEventAdapter.bundleChanged,valueOf
BundleEventAdapter.bundleChanged,getBundle
BundleEventAdapter.bundleChanged,getBundleId
BundleEventAdapter.bundleChanged,getSymbolicName
BundleEventAdapter.bundleChanged,append
BundleEventAdapter.bundleChanged,getName
BundleEventAdapter.bundleChanged,replace
BundleEventAdapter.bundleChanged,getType
BundleEventAdapter.bundleChanged,getEventAdmin
BundleEventAdapter.bundleChanged,postEvent
BundleEventAdapter.bundleChanged,toString
InterceptorActivator.start,addServiceListener
InterceptorActivator.start,ofNullable
InterceptorActivator.start,ifPresent
InterceptorActivator.start,of
InterceptorActivator.start,forEach
InterceptorActivator.start,serviceChanged
InterceptorActivator.start,getAllServiceReferences
InterceptorActivator.start,registerService
InterceptorActivator.start,getName
InterceptorActivator.start,getBundle
InterceptorActivator.start,getBundleId
InterceptorActivator.stop,removeServiceListener
InterceptorActivator.stop,unregister
InterceptorActivator.stop,stop
InterceptorActivator.onServiceAddition,onInterceptedInstanceAddition
InterceptorActivator.onServiceRemoval,onInterceptedInstanceRemoval
InterceptorActivator.onInterceptorAddition,onInterceptorAddition
InterceptorActivator.onInterceptorRemoval,onInterceptorRemoval
Exceptions.unwrap,getTargetException
Exceptions.unwrap,isInstance
Exceptions.unwrap,cast
PropertiesManager.unflattenStringValues,isInstance
PropertiesManager.unflattenStringValues,of
PropertiesManager.unflattenStringValues,cast
PropertiesManager.collectProperties,of
PropertiesManager.collectProperties,filter
PropertiesManager.collectProperties,equals
PropertiesManager.collectProperties,collect
PropertiesManager.collectProperties,put
PropertiesManager.collectProperties,getProperty
PropertiesManager.collectProperties,putAll
PropertiesManager.collectProperties,getPropertyKeys
InterceptorInvocationContext.proceed,size
InterceptorInvocationContext.proceed,get
InterceptorInvocationContext.proceed,intercept
InterceptorInvocationContext.proceed,getMethod
InterceptorInvocationContext.proceed,invoke
InterceptorInvocationContext.proceed,getTarget
InterceptorInvocationContext.proceed,getParameters
InterceptorInvocationContext.proceed,unwrap
InterceptorInvocationContext.proceed,getBundle
InterceptorInvocationContext.proceed,getBundleContext
InterceptorInvocationContext.proceed,ungetService
InterceptorInvocationContext.getTarget,getBundle
InterceptorInvocationContext.getTarget,getBundleContext
InterceptorInvocationContext.getTarget,getService
InterceptorRegistry.areBindingsAvailable,allMatch
InterceptorRegistry.areBindingsAvailable,containsKey
InterceptorRegistry.getInterceptors,stream
InterceptorRegistry.getInterceptors,map
InterceptorRegistry.getInterceptors,distinct
InterceptorRegistry.getInterceptors,collect
InterceptorRegistry.getInterceptors,toList
InterceptorRegistry.serviceChanged,getInterceptorBinding
InterceptorRegistry.serviceChanged,getType
InterceptorRegistry.serviceChanged,put
InterceptorRegistry.serviceChanged,getServiceReference
InterceptorRegistry.serviceChanged,accept
InterceptorRegistry.serviceChanged,remove
InterceptorRegistry.getInterceptorBinding,unflattenStringValues
InterceptorRegistry.getInterceptorBinding,map
InterceptorRegistry.getInterceptorBinding,getServiceReference
InterceptorRegistry.getInterceptorBinding,getBundle
InterceptorRegistry.getInterceptorBinding,loadClass
InterceptorRegistry.getInterceptorBinding,flatMap
InterceptorRegistry.getInterceptorBinding,of
InterceptorRegistry.getInterceptorBinding,getAnnotations
InterceptorRegistry.getInterceptorBinding,filter
InterceptorRegistry.getInterceptorBinding,annotationType
InterceptorRegistry.getInterceptorBinding,isAnnotationPresent
InterceptorRegistry.getInterceptorBinding,distinct
InterceptorRegistry.getInterceptorBinding,collect
InterceptorRegistry.getInterceptorBinding,toList
InterceptorRegistry.getInterceptorBinding,getProperty
InterceptorRegistry.getInterceptorBinding,size
InterceptorRegistry.getInterceptorBinding,iterator
InterceptorRegistry.getInterceptorBinding,next
InterceptedServiceRegistry.serviceChanged,getServiceReference
InterceptedServiceRegistry.serviceChanged,getType
InterceptedServiceRegistry.serviceChanged,doRegister
InterceptedServiceRegistry.serviceChanged,doRemove
InterceptedServiceRegistry.serviceChanged,ofNullable
InterceptedServiceRegistry.serviceChanged,filter
InterceptedServiceRegistry.serviceChanged,didChange
InterceptedServiceRegistry.serviceChanged,ifPresent
InterceptedServiceRegistry.serviceChanged,get
InterceptedServiceRegistry.didChange,equals
InterceptedServiceRegistry.didChange,collectProperties
InterceptedServiceRegistry.didChange,computeBindings
InterceptedServiceRegistry.doRegister,put
InterceptedServiceRegistry.doRegister,collectProperties
InterceptedServiceRegistry.doRegister,computeBindings
InterceptedServiceRegistry.doRegister,accept
InterceptedServiceRegistry.doRemove,accept
InterceptedServiceRegistry.doRemove,remove
InterceptedServiceRegistry.computeBindings,unflattenStringValues
InterceptedServiceRegistry.computeBindings,map
InterceptedServiceRegistry.computeBindings,getBundle
InterceptedServiceRegistry.computeBindings,loadClass
InterceptedServiceRegistry.computeBindings,distinct
InterceptedServiceRegistry.computeBindings,collect
InterceptedServiceRegistry.computeBindings,toList
InterceptedServiceRegistry.computeBindings,getProperty
InterceptedServiceRegistry.computeBindings,stream
InterceptedServiceRegistry.computeBindings,flatMap
InterceptedServiceRegistry.computeBindings,of
InterceptedServiceRegistry.computeBindings,getAnnotations
InterceptedServiceRegistry.computeBindings,filter
InterceptedServiceRegistry.computeBindings,annotationType
InterceptedServiceRegistry.computeBindings,isAnnotationPresent
InterceptedServiceRegistry.computeBindings,getMethods
InterceptedServiceRegistry.computeBindings,toMap
InterceptedServiceRegistry.computeBindings,identity
InterceptedServiceRegistry.computeBindings,concat
InterceptedServiceRegistry.getBindings,ofNullable
InterceptedServiceRegistry.getBindings,map
InterceptedServiceRegistry.getBindings,values
InterceptedServiceRegistry.getBindings,stream
InterceptedServiceRegistry.getBindings,flatMap
InterceptedServiceRegistry.getBindings,distinct
InterceptedServiceRegistry.getBindings,orElseGet
InterceptedServiceRegistry.getBindings,get
InterceptedServiceRegistry.getInterceptorsPerMethod,ofNullable
InterceptedServiceRegistry.getInterceptorsPerMethod,map
InterceptedServiceRegistry.getInterceptorsPerMethod,orElseGet
InterceptedServiceRegistry.getInterceptorsPerMethod,get
InterceptorInstance.intercept,getService
InterceptorInstance.intercept,proceed
InterceptorInstance.intercept,invoke
InterceptorInstance.intercept,unwrap
InterceptorInstance.intercept,ungetService
InterceptorInstance.findAroundInvoke,of
InterceptorInstance.findAroundInvoke,flatMap
InterceptorInstance.findAroundInvoke,getMethods
InterceptorInstance.findAroundInvoke,filter
InterceptorInstance.findAroundInvoke,isAnnotationPresent
InterceptorInstance.findAroundInvoke,collect
InterceptorInstance.findAroundInvoke,toList
InterceptorInstance.findAroundInvoke,getBundle
InterceptorInstance.findAroundInvoke,loadClass
InterceptorInstance.findAroundInvoke,size
InterceptorInstance.findAroundInvoke,iterator
InterceptorInstance.findAroundInvoke,next
InterceptedInstancesHooks.event,isIntercepted
InterceptedInstancesHooks.event,getServiceReference
InterceptedInstancesHooks.event,keySet
InterceptedInstancesHooks.event,removeIf
InterceptedInstancesHooks.find,isNeitherFrameworkNorSelf
InterceptedInstancesHooks.find,removeIf
InterceptedInstancesHooks.isNeitherFrameworkNorSelf,getBundle
InterceptedInstancesHooks.isNeitherFrameworkNorSelf,getBundleId
InterceptedInstancesHooks.isIntercepted,parseBoolean
InterceptedInstancesHooks.isIntercepted,valueOf
InterceptedInstancesHooks.isIntercepted,getProperty
PackageRequirement.getVersionRange,format
PackageRequirement.getVersionRange,getString
PackageRequirement.toString,format
PackageVersion.addBundle,add
PackageServiceImpl.getExports,getBundles
PackageServiceImpl.getExports,adapt
PackageServiceImpl.getExports,getDeclaredCapabilities
PackageServiceImpl.getExports,getAttributes
PackageServiceImpl.getExports,get
PackageServiceImpl.getExports,toString
PackageServiceImpl.getExports,computeIfAbsent
PackageServiceImpl.getExports,addBundle
PackageServiceImpl.getExports,values
PackageServiceImpl.getExports,getBundle
PackageServiceImpl.getExports,add
PackageServiceImpl.getImports,getBundles
PackageServiceImpl.getImports,adapt
PackageServiceImpl.getImports,getDeclaredRequirements
PackageServiceImpl.getImports,create
PackageServiceImpl.getImports,put
PackageServiceImpl.getImports,getPackageName
PackageServiceImpl.getImports,getFilter
PackageServiceImpl.getImports,getBundle
PackageServiceImpl.getImports,getBundleId
PackageServiceImpl.getImports,values
PackageServiceImpl.getImports,add
PackageServiceImpl.checkResolveAble,getBundles
PackageServiceImpl.checkResolveAble,adapt
PackageServiceImpl.checkResolveAble,getDeclaredCapabilities
PackageServiceImpl.checkResolveAble,matches
PackageServiceImpl.create,getDirectives
PackageServiceImpl.create,get
PackageServiceImpl.create,equals
PackageServiceImpl.create,checkResolveAble
ImportDetails.parseSimpleItem,equals
PackagesMBeanImpl.getExports,getExports
PackagesMBeanImpl.getExports,getBundles
PackagesMBeanImpl.getExports,getPackageName
PackagesMBeanImpl.getExports,getVersion
PackagesMBeanImpl.getExports,toString
PackagesMBeanImpl.getExports,getBundleId
PackagesMBeanImpl.getExports,getSymbolicName
PackagesMBeanImpl.getExports,debug
PackagesMBeanImpl.getExports,put
PackagesMBeanImpl.getExports,error
PackagesMBeanImpl.getExports,getMessage
PackagesMBeanImpl.getImports,getImports
PackagesMBeanImpl.getImports,getPackageName
PackagesMBeanImpl.getImports,getFilter
PackagesMBeanImpl.getImports,isOptional
PackagesMBeanImpl.getImports,getBundle
PackagesMBeanImpl.getImports,getBundleId
PackagesMBeanImpl.getImports,getSymbolicName
PackagesMBeanImpl.getImports,isResolveable
PackagesMBeanImpl.getImports,put
PackagesMBeanImpl.getImports,error
PackagesMBeanImpl.getImports,getMessage
SimpleItem.toFilterType,equals
FilterParser.parse,parse
FilterParser.parse,equals
FilterParser.parse,nextToken
FilterParser.parse,parseFilterComp
FilterParser.parseFilterComp,peekNextToken
FilterParser.parseFilterComp,equals
FilterParser.parseFilterComp,nextToken
FilterParser.parseFilterComp,parse
FilterParser.parseFilterComp,parseFilterList
FilterParser.parseFilterComp,parseItem
FilterParser.parseFilterList,equals
FilterParser.parseFilterList,peekNextToken
FilterParser.parseFilterList,nextToken
FilterParser.parseFilterList,add
FilterParser.parseFilterList,parseFilterComp
FilterParser.parseFilterList,toArray
FilterParser.parseItem,nextToken
ExprTokenizer.peekNextToken,nextToken
ExprTokenizer.nextToken,length
ExprTokenizer.nextToken,isWhiteSpace
ExprTokenizer.nextToken,charAt
ExprTokenizer.nextToken,get
ExprTokenizer.nextToken,containsKey
ExprTokenizer.nextToken,substring
ExprTokenizer.isWhiteSpace,charAt
ExprTokenizer.toString,substring
Imports.execute,getImports
Imports.execute,column
Imports.execute,matchesFilter
Imports.execute,getBundle
Imports.execute,addRow
Imports.execute,addContent
Imports.execute,getFilter
Imports.execute,getOptional
Imports.execute,getBundleId
Imports.execute,getSymbolicName
Imports.execute,getPackageName
Imports.execute,getVersionRange
Imports.execute,print
Imports.matchesFilter,getPackageName
Imports.matchesFilter,startsWith
Imports.matchesFilter,getBundle
Imports.matchesFilter,getBundleId
Imports.getOptional,isOptional
Imports.getOptional,isResolveable
Exports.execute,checkDuplicateExports
Exports.execute,showExports
Exports.showExports,getExports
Exports.showExports,column
Exports.showExports,getBundles
Exports.showExports,matchesFilter
Exports.showExports,addRow
Exports.showExports,addContent
Exports.showExports,getPackageName
Exports.showExports,getVersion
Exports.showExports,toString
Exports.showExports,getBundleId
Exports.showExports,getSymbolicName
Exports.showExports,print
Exports.matchesFilter,getBundleId
Exports.matchesFilter,getPackageName
Exports.matchesFilter,startsWith
Exports.checkDuplicateExports,getBundles
Exports.checkDuplicateExports,getDuplicatePackages
Exports.checkDuplicateExports,column
Exports.checkDuplicateExports,keySet
Exports.checkDuplicateExports,get
Exports.checkDuplicateExports,size
Exports.checkDuplicateExports,getBundlesSt
Exports.checkDuplicateExports,addRow
Exports.checkDuplicateExports,addContent
Exports.checkDuplicateExports,getPackageName
Exports.checkDuplicateExports,getVersion
Exports.checkDuplicateExports,toString
Exports.checkDuplicateExports,print
Exports.getBundlesSt,append
Exports.getBundlesSt,getBundleId
Exports.getBundlesSt,toString
Exports.getDuplicatePackages,adapt
Exports.getDuplicatePackages,getDeclaredCapabilities
Exports.getDuplicatePackages,getAttributes
Exports.getDuplicatePackages,get
Exports.getDuplicatePackages,toString
Exports.getDuplicatePackages,computeIfAbsent
Exports.getDuplicatePackages,addBundle
