PoolingDriverConnectionSource.build,getDriverClassName
PoolingDriverConnectionSource.build,getConnectionString
PoolingDriverConnectionSource.build,getUserName
PoolingDriverConnectionSource.build,getPassword
PoolingDriverConnectionSource.build,getProperties
PoolingDriverConnectionSource.build,getLogger
PoolingDriverConnectionSource.build,error
PoolingDriverConnectionSource.setPoolableConnectionFactoryConfig,asBuilder
PoolingDriverConnectionSource.setPoolName,asBuilder
PoolingDriverConnectionSource.toString,toString
PoolingDriverConnectionSource.newPoolingDriverConnectionSourceBuilder,asBuilder
PoolingDriverConnectionSource.getPoolingDriver,getDriver
PoolingDriverConnectionSource.getPoolingDriver,getLogger
PoolingDriverConnectionSource.getPoolingDriver,error
PoolingDriverConnectionSource.setupDriver,getProperties
PoolingDriverConnectionSource.setupDriver,getUserName
PoolingDriverConnectionSource.setupDriver,getPassword
PoolingDriverConnectionSource.setupDriver,toProperties
PoolingDriverConnectionSource.setupDriver,toString
PoolingDriverConnectionSource.setupDriver,init
PoolingDriverConnectionSource.setupDriver,setPool
PoolingDriverConnectionSource.setupDriver,loadDriver
PoolingDriverConnectionSource.setupDriver,getPoolingDriver
PoolingDriverConnectionSource.setupDriver,getLogger
PoolingDriverConnectionSource.setupDriver,debug
PoolingDriverConnectionSource.setupDriver,registerPool
PoolingDriverConnectionSource.stop,getPoolingDriver
PoolingDriverConnectionSource.stop,getLogger
PoolingDriverConnectionSource.stop,debug
PoolingDriverConnectionSource.stop,closePool
PoolingDriverConnectionSource.stop,error
PoolingDriverConnectionSource.stop,getConnectionString
PoolingDriverConnectionSource.stop,getActualConnectionString
Builder.build,getDriverClassName
Builder.build,getConnectionString
Builder.build,getUserName
Builder.build,getPassword
Builder.build,getProperties
Builder.build,getLogger
Builder.build,error
Builder.build,asList
Builder.build,isValid
Builder.build,getCharset
Builder.build,createProperties
Builder.build,getManager
Builder.build,getName
Builder.build,getLayout
Builder.build,getFilter
Builder.build,isIgnoreExceptions
Builder.build,getPropertyArray
Builder.build,warn
Builder.build,newMongoDb4Provider
Builder.build,validate
Builder.build,getServletContext
Builder.build,getOrCreateLayout
Builder.build,setLayout
Builder.build,createDefaultLayout
Builder.build,setFilter
Builder.build,createFilter
Builder.build,isEmpty
Builder.build,newSerializerBuilder
Builder.build,setConfiguration
Builder.build,getConfiguration
Builder.build,setPattern
Builder.build,build
Builder.build,toString
Builder.build,safeStream
Builder.build,findAny
Builder.build,orElseGet
Builder.build,load
Builder.build,getClass
Builder.build,getClassLoader
Builder.build,getManagerName
Builder.build,getDefaultCharset
Builder.build,getDirectOutputStream
Builder.build,getFollowOutputStream
Builder.build,getDefaultOutputStream
Builder.build,name
Builder.build,newBuilder
Builder.build,setCompressionLevelStr
Builder.build,valueOf
Builder.build,setConfig
Builder.build,isImmediateFlush
Builder.build,getBufferSize
Builder.build,getRollingRandomAccessFileManager
Builder.build,initialize
Builder.build,getAdvertiser
Builder.build,getChildren
Builder.build,size
Builder.build,getAttributes
Builder.build,get
Builder.build,put
Builder.build,getScriptManager
Builder.build,addScript
Builder.build,createBindings
Builder.build,debug
Builder.build,getLanguage
Builder.build,getId
Builder.build,getScriptText
Builder.build,execute
Builder.build,createAppender
Builder.build,determineValidRegionLength
Builder.build,getFileManager
Builder.build,isBufferedIo
Builder.build,getProtocol
Builder.build,getSslConfiguration
Builder.build,equalsIgnoreCase
Builder.build,setFacility
Builder.build,setId
Builder.build,setEin
Builder.build,setIncludeMDC
Builder.build,setMdcId
Builder.build,setMdcPrefix
Builder.build,setEventPrefix
Builder.build,setIncludeNL
Builder.build,setEscapeNL
Builder.build,setAppName
Builder.build,setMessageId
Builder.build,setExcludes
Builder.build,setIncludes
Builder.build,setRequired
Builder.build,setExceptionPattern
Builder.build,setUseTLSMessageFormat
Builder.build,setLoggerFields
Builder.build,setIncludeNewLine
Builder.build,setCharset
Builder.build,createSocketManager
Builder.build,getHost
Builder.build,getPort
Builder.build,getConnectTimeoutMillis
Builder.build,getReconnectDelayMillis
Builder.build,getImmediateFail
Builder.build,getSocketOptions
Builder.build,getAdvertise
Builder.build,getSimpleName
Builder.build,getLoggerContext
Builder.build,parseInt
Builder.build,trim
Builder.build,getStrSubstitutor
Builder.build,toMillis
Builder.build,isFilePosixAttributeViewSupported
Builder.build,fromString
Builder.build,ofMillis
Builder.build,setAlwaysWriteExceptions
Builder.build,isAssignableFrom
Builder.build,isNotEmpty
Builder.build,getNoSqlDatabaseManager
Builder.build,getRetryCount
Builder.build,initTimeFields
Builder.build,getEpochMillisecond
Builder.build,getNanoOfMillisecond
Builder.build,setIncludeLocation
Builder.build,setEndOfBatch
Builder.build,requireNonNull
Builder.build,isBlank
Builder.build,createLiteralFormatter
Builder.build,getPrecision
Builder.build,ofMilliPrecision
Builder.build,ofSecondPrecision
Builder.build,equals
Builder.build,getLevelAndRefs
Builder.build,includeLocation
Builder.build,isAdditivity
Builder.build,getType
Builder.build,getPluginClass
Builder.build,createPluginObject
Builder.build,remove
Builder.build,getScript
Builder.build,createChecker
Builder.build,setPatternSelector
Builder.build,toStringOrNull
Builder.build,getHeader
Builder.build,getFooter
Builder.build,isLocationInfo
Builder.build,isProperties
Builder.build,isComplete
Builder.build,isCompact
Builder.build,getEventEol
Builder.build,getEndOfLine
Builder.build,isIncludeStacktrace
Builder.build,isStacktraceAsString
Builder.build,isIncludeNullDelimiter
Builder.build,isIncludeTimeMillis
Builder.build,getAdditionalFields
Builder.build,getObjectMessageAsJsonObject
Builder.build,getFontSize
Builder.build,larger
Builder.build,getLoggerName
Builder.build,getLevel
Builder.build,getRefs
Builder.build,getConfig
Builder.build,shouldIncludeLocation
Builder.build,getIncludeLocation
Builder.build,getOnMatch
Builder.build,getOnMismatch
Builder.build,getSource
Builder.build,authorizationProvider
Builder.build,getScheduler
Builder.build,incrementScheduledItems
Builder.build,trimArrayElements
Builder.build,commaDelimitedListToStringArray
Builder.build,replace
Builder.build,getObject
Builder.setPoolableConnectionFactoryConfig,asBuilder
Builder.setPoolName,asBuilder
Builder.toString,toString
Builder.toString,getName
Builder.toString,getLayout
Builder.toString,getFilter
Builder.toString,isIgnoreExceptions
Builder.toString,getClass
PoolableConnectionFactoryConfig.asList,asList
PoolableConnectionFactoryConfig.build,asList
PoolableConnectionFactoryConfig.init,getLogger
PoolableConnectionFactoryConfig.init,debug
PoolableConnectionFactoryConfig.init,setCacheState
PoolableConnectionFactoryConfig.init,setConnectionInitSql
PoolableConnectionFactoryConfig.init,setDefaultAutoCommit
PoolableConnectionFactoryConfig.init,setDefaultCatalog
PoolableConnectionFactoryConfig.init,setDefaultQueryTimeout
PoolableConnectionFactoryConfig.init,setDefaultReadOnly
PoolableConnectionFactoryConfig.init,setDefaultTransactionIsolation
PoolableConnectionFactoryConfig.init,setDisconnectionSqlCodes
PoolableConnectionFactoryConfig.init,setAutoCommitOnReturn
PoolableConnectionFactoryConfig.init,setFastFailValidation
PoolableConnectionFactoryConfig.init,setMaxConnLifetimeMillis
PoolableConnectionFactoryConfig.init,setMaxOpenPreparedStatements
PoolableConnectionFactoryConfig.init,setPoolStatements
PoolableConnectionFactoryConfig.init,setRollbackOnReturn
PoolableConnectionFactoryConfig.init,setValidationQuery
PoolableConnectionFactoryConfig.init,setValidationQueryTimeout
PoolableConnectionFactoryConfig.toString,format
Builder.asList,asList
TomcatLogger.isDebugEnabled,isDebugEnabled
TomcatLogger.isErrorEnabled,isErrorEnabled
TomcatLogger.isFatalEnabled,isFatalEnabled
TomcatLogger.isInfoEnabled,isInfoEnabled
TomcatLogger.isTraceEnabled,isTraceEnabled
TomcatLogger.isWarnEnabled,isWarnEnabled
TomcatLogger.trace,logIfEnabled
TomcatLogger.debug,logIfEnabled
TomcatLogger.info,logIfEnabled
TomcatLogger.warn,logIfEnabled
TomcatLogger.error,logIfEnabled
TomcatLogger.fatal,logIfEnabled
TomcatLogger.getContext,getClassLoader
TomcatLogger.getContext,getResource
TomcatLogger.getContext,toURI
TomcatLogger.getContext,getContext
TomcatLogger.getLogger,getContext
TomcatLogger.getLogger,getLogger
PrivateManager.getContext,getClassLoader
PrivateManager.getContext,getResource
PrivateManager.getContext,toURI
PrivateManager.getContext,getContext
PrivateManager.getLogger,getContext
PrivateManager.getLogger,getLogger
Log4j2Logger.getContext,getClassLoader
Log4j2Logger.getContext,getContext
Log4j2Logger.getLogger,getContext
Log4j2Logger.getLogger,getLogger
Log4j2Logger.debug,logIfEnabled
Log4j2Logger.info,logIfEnabled
Log4j2Logger.isDebugEnabled,isDebugEnabled
Log4j2Logger.setDebugEnabled,warn
Log4j2Logger.warn,logIfEnabled
Slf4jToLog4jBridgeWithJsonTemplateLayoutFuzzer.fuzzerTestOneInput,fuzzLogger
Slf4jLoggerFacade.ofClass,requireNonNull
Slf4jLoggerFacade.ofClass,getLogger
Slf4jLoggerFacade.atError,atError
Slf4jLoggerFacade.log,atError
Slf4jLoggerFacade.log,log
Slf4jLoggerFacade.log,setCause
Slf4jToLog4jBridgeWithPatternLayoutFuzzer.fuzzerTestOneInput,fuzzLogger
Log4jSystemLoggerAdapter.newLogger,getLogger
Log4jSystemLoggerAdapter.getContext,getContext
Log4jSystemLoggerAdapter.getContext,getFactory
Log4jSystemLoggerAdapter.getContext,isClassLoaderDependent
Log4jSystemLoggerAdapter.getContext,getCallerClass
Log4jSystemLoggerFinder.getLogger,getLogger
Log4jSystemLogger.getName,getName
Log4jSystemLogger.isLoggable,isEnabled
Log4jSystemLogger.isLoggable,getLevel
Log4jSystemLogger.log,log
Log4jSystemLogger.log,requireNonNull
Log4jSystemLogger.log,isLoggable
Log4jSystemLogger.log,get
Log4jSystemLogger.log,toString
Log4jSystemLogger.log,logIfEnabled
Log4jSystemLogger.log,getLevel
Log4jSystemLogger.log,getResource
Log4jSystemLogger.log,createMessage
Log4jSystemLogger.log,getThrowable
Log4jSystemLogger.getResource,getString
Log4jSystemLogger.getResource,getObject
Log4jSystemLogger.getResource,toString
WriterAppender.append,checkEntryConditions
WriterAppender.append,subAppend
WriterAppender.checkEntryConditions,warn
WriterAppender.checkEntryConditions,error
WriterAppender.close,writeFooter
WriterAppender.close,reset
WriterAppender.closeWriter,close
WriterAppender.closeWriter,currentThread
WriterAppender.closeWriter,interrupt
WriterAppender.closeWriter,error
WriterAppender.createWriter,getEncoding
WriterAppender.createWriter,warn
WriterAppender.setErrorHandler,warn
WriterAppender.setErrorHandler,setErrorHandler
WriterAppender.setWriter,reset
WriterAppender.setWriter,writeHeader
WriterAppender.subAppend,write
WriterAppender.subAppend,format
WriterAppender.subAppend,ignoresThrowable
WriterAppender.subAppend,getThrowableStrRep
WriterAppender.subAppend,shouldFlush
WriterAppender.subAppend,flush
WriterAppender.reset,closeWriter
WriterAppender.writeFooter,getFooter
WriterAppender.writeFooter,write
WriterAppender.writeFooter,flush
WriterAppender.writeHeader,getHeader
WriterAppender.writeHeader,write
ConsoleAppender.setTarget,trim
ConsoleAppender.setTarget,equalsIgnoreCase
ConsoleAppender.setTarget,targetWarn
ConsoleAppender.setTarget,asBuilder
ConsoleAppender.targetWarn,getLogger
ConsoleAppender.targetWarn,warn
MDC.put,get
MDC.put,put
MDC.put,toString
MDC.get,get
MDC.remove,get
MDC.remove,remove
MDC.clear,get
MDC.clear,clear
MDC.clear,clearMap
MDC.getContext,get
PatternLayout.format,capacity
PatternLayout.format,setLength
PatternLayout.format,format
PatternLayout.format,toString
PatternLayout.setConversionPattern,createPatternParser
PatternLayout.setConversionPattern,parse
DefaultThrowableRenderer.render,printStackTrace
DefaultThrowableRenderer.render,flush
DefaultThrowableRenderer.render,toString
DefaultThrowableRenderer.render,readLine
DefaultThrowableRenderer.render,add
DefaultThrowableRenderer.render,currentThread
DefaultThrowableRenderer.render,interrupt
DefaultThrowableRenderer.render,size
DefaultThrowableRenderer.render,toArray
DefaultThrowableRenderer.doRender,render
Hierarchy.getContext,getContext
Hierarchy.getLogger,getLogger
Hierarchy.getLogger,getInstance
Hierarchy.getLogger,getContext
Hierarchy.getInstance,getInstance
Hierarchy.getInstance,getLoggersMap
Hierarchy.getInstance,computeIfAbsent
Hierarchy.getInstance,makeNewLoggerInstance
Hierarchy.getInstance,setHierarchy
Hierarchy.getInstance,newLogger
Hierarchy.getLoggersMap,computeIfAbsent
Hierarchy.addHierarchyEventListener,contains
Hierarchy.addHierarchyEventListener,warn
Hierarchy.addHierarchyEventListener,addElement
Hierarchy.addRenderer,put
Hierarchy.clear,clear
Hierarchy.clear,getLoggersMap
Hierarchy.clear,getContext
Hierarchy.emitNoAppenderWarning,warn
Hierarchy.emitNoAppenderWarning,getName
Hierarchy.exists,exists
Hierarchy.exists,getContext
Hierarchy.exists,hasLogger
Hierarchy.exists,getLogger
Hierarchy.fireAddAppenderEvent,size
Hierarchy.fireAddAppenderEvent,elementAt
Hierarchy.fireAddAppenderEvent,addAppenderEvent
Hierarchy.fireRemoveAppenderEvent,size
Hierarchy.fireRemoveAppenderEvent,elementAt
Hierarchy.fireRemoveAppenderEvent,removeAppenderEvent
Hierarchy.getCurrentCategories,getCurrentLoggers
Hierarchy.getCurrentLoggers,getCurrentLoggers
Hierarchy.getCurrentLoggers,getCallerClassLoader
Hierarchy.getRootLogger,getInstance
Hierarchy.getRootLogger,getContext
Hierarchy.overrideAsNeeded,warn
Hierarchy.resetConfiguration,resetConfiguration
Hierarchy.resetConfiguration,getContext
Hierarchy.resetConfiguration,getLoggersMap
Hierarchy.resetConfiguration,clear
Hierarchy.resetConfiguration,getRootLogger
Hierarchy.resetConfiguration,setLevel
Hierarchy.resetConfiguration,setResourceBundle
Hierarchy.resetConfiguration,setThreshold
Hierarchy.resetConfiguration,shutdown
Hierarchy.resetConfiguration,getCurrentLoggers
Hierarchy.resetConfiguration,hasMoreElements
Hierarchy.resetConfiguration,nextElement
Hierarchy.resetConfiguration,setAdditivity
Hierarchy.setDisableOverride,warn
Hierarchy.setRenderer,put
Hierarchy.setThreshold,toLevel
Hierarchy.setThreshold,setThreshold
Hierarchy.setThreshold,warn
Hierarchy.shutdown,shutdown
Hierarchy.shutdown,getContext
Hierarchy.shutdown,getLoggersMap
Hierarchy.shutdown,clear
Hierarchy.shutdown,isLog4jCorePresent
PrivateLoggerAdapter.getContext,getContext
PrivateLogManager.getContext,getContext
PrivateLogManager.getLogger,getLogger
Logger.getLogger,getLogger
Logger.getLogger,getName
Logger.getLogger,getCallerClassLoader
Logger.getRootLogger,getRootLogger
Logger.isTraceEnabled,getLogger
Logger.isTraceEnabled,isTraceEnabled
Logger.trace,maybeLog
LogManager.checkLog4jCore,forName
LogManager.exists,exists
LogManager.exists,getCallerClassLoader
LogManager.exists,getHierarchy
LogManager.exists,getContext
LogManager.exists,hasLogger
LogManager.getContext,getContext
LogManager.getContext,warn
LogManager.getContext,getMessage
LogManager.getCurrentLoggers,getCurrentLoggers
LogManager.getCurrentLoggers,getCallerClassLoader
LogManager.getCurrentLoggers,enumeration
LogManager.getCurrentLoggers,getContext
LogManager.getCurrentLoggers,getLoggerRegistry
LogManager.getCurrentLoggers,getLoggers
LogManager.getCurrentLoggers,stream
LogManager.getCurrentLoggers,map
LogManager.getCurrentLoggers,getLogger
LogManager.getCurrentLoggers,getName
LogManager.getCurrentLoggers,collect
LogManager.getCurrentLoggers,toList
LogManager.getHierarchy,getLoggerRepository
LogManager.getLogger,getHierarchy
LogManager.getLogger,getLogger
LogManager.getLogger,getName
LogManager.getLogger,getCallerClassLoader
LogManager.getLogger,getLoggerRepository
LogManager.getLogger,getCallerClass
LogManager.getLogger,callerClass
LogManager.getLogger,getContext
LogManager.getLogger,getClassLoader
LogManager.getLogger,getClass
LogManager.getLogger,trace
LogManager.getLogger,get
LogManager.getLogger,add
LogManager.getLogger,remove
LogManager.getLogger,warn
LogManager.getLoggerRepository,getLoggerRepository
LogManager.getRootLogger,getRootLogger
LogManager.getRootLogger,getCallerClassLoader
LogManager.getRootLogger,getHierarchy
LogManager.getRootLogger,getLoggerRepository
LogManager.getRootLogger,getLogger
LogManager.reconfigure,isLog4jCorePresent
LogManager.reconfigure,reconfigure
LogManager.reconfigure,getContext
LogManager.resetConfiguration,resetConfiguration
LogManager.resetConfiguration,getCallerClassLoader
LogManager.resetConfiguration,getHierarchy
LogManager.resetConfiguration,getLoggerRepository
LogManager.shutdown,shutdown
LogManager.shutdown,getCallerClassLoader
LogManager.shutdown,getHierarchy
LogManager.shutdown,getLoggerRepository
Category.exists,exists
Category.exists,getCallerClassLoader
Category.getCurrentCategories,getCurrentLoggers
Category.getCurrentCategories,getCallerClassLoader
Category.getDefaultHierarchy,getLoggerRepository
Category.getInstance,getLogger
Category.getInstance,getName
Category.getInstance,getCallerClassLoader
Category.getRoot,getRootLogger
Category.getRoot,getCallerClassLoader
Category.getSubName,isEmpty
Category.getSubName,lastIndexOf
Category.getSubName,substring
Category.shutdown,shutdown
Category.shutdown,getCallerClassLoader
Category.addAppender,isLog4jCorePresent
Category.addAppender,addAppender
Category.addAppender,adapt
Category.addAppender,fireAddAppenderEvent
Category.assertLog,error
Category.callAppenders,isLog4jCorePresent
Category.callAppenders,log
Category.callAppenders,appendLoopOnAppenders
Category.callAppenders,emitNoAppenderWarning
Category.closeNestedAppenders,getAllAppenders
Category.closeNestedAppenders,hasMoreElements
Category.closeNestedAppenders,nextElement
Category.closeNestedAppenders,close
Category.debug,maybeLog
Category.error,maybeLog
Category.fatal,maybeLog
Category.forcedLog,getVersion2Level
Category.forcedLog,createMessage
Category.forcedLog,log
Category.getAdditivity,isLog4jCorePresent
Category.getAdditivity,isAdditive
Category.getAllAppenders,isLog4jCorePresent
Category.getAllAppenders,getAppenders
Category.getAllAppenders,values
Category.getAllAppenders,enumeration
Category.getAllAppenders,stream
Category.getAllAppenders,filter
Category.getAllAppenders,map
Category.getAllAppenders,collect
Category.getAllAppenders,toSet
Category.getAllAppenders,getInstance
Category.getAllAppenders,getAllAppenders
Category.getAppender,isLog4jCorePresent
Category.getAppender,adapt
Category.getAppender,getAppenders
Category.getAppender,get
Category.getAppender,getAppender
Category.getChainedPriority,getEffectiveLevel
Category.getEffectiveLevel,convertLevel
Category.getEffectiveLevel,getLevel
Category.getLevel,getExplicitLevel
Category.getLevel,convertLevel
Category.getName,getName
Category.getParent,isLog4jCorePresent
Category.getParent,getParent
Category.getParent,getLoggerContext
Category.getParent,getLoggersMap
Category.getParent,get
Category.getParent,getName
Category.getParent,setHierarchy
Category.getParent,getLoggerRepository
Category.getPriority,getLevel
Category.getResourceBundle,getName
Category.getResourceBundle,isLog4jCorePresent
Category.getResourceBundle,getLoggerContext
Category.getResourceBundle,getLoggersMap
Category.getResourceBundle,getSubName
Category.getResourceBundle,get
Category.info,maybeLog
Category.isAttached,isAttached
Category.isDebugEnabled,isDebugEnabled
Category.isEnabledFor,isEnabled
Category.isEnabledFor,isEnabledFor
Category.isEnabledFor,getVersion2Level
Category.isErrorEnabled,isErrorEnabled
Category.isFatalEnabled,isFatalEnabled
Category.isInfoEnabled,isInfoEnabled
Category.isWarnEnabled,isWarnEnabled
Category.l7dlog,isEnabledFor
Category.l7dlog,forcedLog
Category.log,isEnabledFor
Category.log,forcedLog
Category.maybeLog,isEnabled
Category.maybeLog,createMessage
Category.maybeLog,log
Category.removeAllAppenders,getAllAppenders
Category.removeAllAppenders,hasMoreElements
Category.removeAllAppenders,add
Category.removeAllAppenders,nextElement
Category.removeAllAppenders,removeAllAppenders
Category.removeAllAppenders,fireRemoveAppenderEvent
Category.removeAppender,isAttached
Category.removeAppender,removeAppender
Category.removeAppender,fireRemoveAppenderEvent
Category.removeAppender,getAppender
Category.setAdditivity,isLog4jCorePresent
Category.setAdditivity,setAdditivity
Category.setLevel,setLevel
Category.setLevel,getVersion2Level
Category.setLevel,isLog4jCorePresent
Category.setPriority,setLevel
Category.setPriority,getVersion2Level
Category.warn,maybeLog
PropertyConfigurator.doOnChange,doConfigure
PropertyConfigurator.doOnChange,getLoggerRepository
PropertyConfigurator.hasMoreElements,hasMoreElements
PropertyConfigurator.nextElement,nextElement
PropertyConfigurator.isFullCompatibilityEnabled,getProperties
PropertyConfigurator.isFullCompatibilityEnabled,getBooleanProperty
PropertyConfigurator.warnFullCompatibilityDisabled,warn
PropertyConfigurator.configure,doConfigure
PropertyConfigurator.configure,getLoggerRepository
PropertyConfigurator.configure,getCallerClassLoader
PropertyConfigurator.configureAndWatch,configureAndWatch
PropertyConfigurator.configureAndWatch,getCallerClassLoader
PropertyConfigurator.configureAndWatch,isFullCompatibilityEnabled
PropertyConfigurator.configureAndWatch,setDelay
PropertyConfigurator.configureAndWatch,start
PropertyConfigurator.configureAndWatch,warnFullCompatibilityDisabled
PropertyConfigurator.configureLoggerFactory,isFullCompatibilityEnabled
PropertyConfigurator.configureLoggerFactory,findAndSubst
PropertyConfigurator.configureLoggerFactory,debug
PropertyConfigurator.configureLoggerFactory,instantiateByClassName
PropertyConfigurator.configureLoggerFactory,setProperties
PropertyConfigurator.configureLoggerFactory,warnFullCompatibilityDisabled
PropertyConfigurator.doConfigure,doConfigure
PropertyConfigurator.doConfigure,getCallerClassLoader
PropertyConfigurator.doConfigure,loadProperties
PropertyConfigurator.doConfigure,isFullCompatibilityEnabled
PropertyConfigurator.doConfigure,getContext
PropertyConfigurator.doConfigure,clear
PropertyConfigurator.doConfigure,reconfigure
PropertyConfigurator.doConfigure,warnFullCompatibilityDisabled
PropertyConfigurator.doConfigure,newInputStream
PropertyConfigurator.doConfigure,get
PropertyConfigurator.doConfigure,currentThread
PropertyConfigurator.doConfigure,interrupt
PropertyConfigurator.doConfigure,error
PropertyConfigurator.doConfigure,debug
PropertyConfigurator.doConfigure,createConnection
PropertyConfigurator.doConfigure,getInputStream
PropertyConfigurator.loadProperties,load
PropertyConfigurator.loadProperties,currentThread
PropertyConfigurator.loadProperties,interrupt
PropertyConfigurator.loadProperties,error
PropertyConfigurator.parseAdditivityForLogger,findAndSubst
PropertyConfigurator.parseAdditivityForLogger,debug
PropertyConfigurator.parseAdditivityForLogger,isEmpty
PropertyConfigurator.parseAdditivityForLogger,toBoolean
PropertyConfigurator.parseAdditivityForLogger,setAdditivity
PropertyConfigurator.parseAppender,get
PropertyConfigurator.parseAppender,debug
PropertyConfigurator.parseAppender,instantiateByKey
PropertyConfigurator.parseAppender,error
PropertyConfigurator.parseAppender,setName
PropertyConfigurator.parseAppender,requiresLayout
PropertyConfigurator.parseAppender,setLayout
PropertyConfigurator.parseAppender,setProperties
PropertyConfigurator.parseAppender,findAndSubst
PropertyConfigurator.parseAppender,setErrorHandler
PropertyConfigurator.parseAppender,parseErrorHandler
PropertyConfigurator.parseAppender,entrySet
PropertyConfigurator.parseAppender,equals
PropertyConfigurator.parseAppender,getKey
PropertyConfigurator.parseAppender,put
PropertyConfigurator.parseAppender,getValue
PropertyConfigurator.parseAppender,parseAppenderFilters
PropertyConfigurator.parseAppender,getName
PropertyConfigurator.parseAppenderFilters,length
PropertyConfigurator.parseAppenderFilters,keys
PropertyConfigurator.parseAppenderFilters,hasMoreElements
PropertyConfigurator.parseAppenderFilters,nextElement
PropertyConfigurator.parseAppenderFilters,startsWith
PropertyConfigurator.parseAppenderFilters,indexOf
PropertyConfigurator.parseAppenderFilters,substring
PropertyConfigurator.parseAppenderFilters,get
PropertyConfigurator.parseAppenderFilters,put
PropertyConfigurator.parseAppenderFilters,findAndSubst
PropertyConfigurator.parseAppenderFilters,add
PropertyConfigurator.parseAppenderFilters,getProperty
PropertyConfigurator.parseAppenderFilters,debug
PropertyConfigurator.parseAppenderFilters,instantiateByClassName
PropertyConfigurator.parseAppenderFilters,elements
PropertyConfigurator.parseAppenderFilters,setProperty
PropertyConfigurator.parseAppenderFilters,activate
PropertyConfigurator.parseAppenderFilters,getClass
PropertyConfigurator.parseAppenderFilters,getName
PropertyConfigurator.parseAppenderFilters,addFilter
PropertyConfigurator.parseAppenderFilters,warn
PropertyConfigurator.parseCategory,debug
PropertyConfigurator.parseCategory,startsWith
PropertyConfigurator.parseCategory,isEmpty
PropertyConfigurator.parseCategory,hasMoreTokens
PropertyConfigurator.parseCategory,nextToken
PropertyConfigurator.parseCategory,equalsIgnoreCase
PropertyConfigurator.parseCategory,equals
PropertyConfigurator.parseCategory,warn
PropertyConfigurator.parseCategory,setLevel
PropertyConfigurator.parseCategory,toLevel
PropertyConfigurator.parseCategory,getLevel
PropertyConfigurator.parseCategory,removeAllAppenders
PropertyConfigurator.parseCategory,trim
PropertyConfigurator.parseCategory,parseAppender
PropertyConfigurator.parseCategory,addAppender
PropertyConfigurator.parseCatsAndRenderers,isFullCompatibilityEnabled
PropertyConfigurator.parseCatsAndRenderers,warnFullCompatibilityDisabled
PropertyConfigurator.parseCatsAndRenderers,propertyNames
PropertyConfigurator.parseCatsAndRenderers,hasMoreElements
PropertyConfigurator.parseCatsAndRenderers,nextElement
PropertyConfigurator.parseCatsAndRenderers,startsWith
PropertyConfigurator.parseCatsAndRenderers,substring
PropertyConfigurator.parseCatsAndRenderers,length
PropertyConfigurator.parseCatsAndRenderers,findAndSubst
PropertyConfigurator.parseCatsAndRenderers,getLogger
PropertyConfigurator.parseCatsAndRenderers,parseCategory
PropertyConfigurator.parseCatsAndRenderers,parseAdditivityForLogger
PropertyConfigurator.parseCatsAndRenderers,addRenderer
PropertyConfigurator.parseCatsAndRenderers,equals
PropertyConfigurator.parseCatsAndRenderers,instantiateByKey
PropertyConfigurator.parseCatsAndRenderers,error
PropertyConfigurator.parseCatsAndRenderers,setProperties
PropertyConfigurator.parseErrorHandler,toBoolean
PropertyConfigurator.parseErrorHandler,findAndSubst
PropertyConfigurator.parseErrorHandler,setLogger
PropertyConfigurator.parseErrorHandler,getRootLogger
PropertyConfigurator.parseErrorHandler,getLogger
PropertyConfigurator.parseErrorHandler,parseAppender
PropertyConfigurator.parseErrorHandler,setBackupAppender
PropertyWatchdog.doOnChange,doConfigure
PropertyWatchdog.doOnChange,getLoggerRepository
SortedKeyEnumeration.hasMoreElements,hasMoreElements
SortedKeyEnumeration.nextElement,nextElement
VectorAppender.append,sleep
VectorAppender.append,addElement
FileAppender.activateOptions,setFile
FileAppender.activateOptions,error
FileAppender.activateOptions,warn
FileAppender.closeFile,close
FileAppender.closeFile,currentThread
FileAppender.closeFile,interrupt
FileAppender.closeFile,error
FileAppender.reset,closeFile
FileAppender.setFile,trim
FileAppender.setFile,debug
FileAppender.setFile,setImmediateFlush
FileAppender.setFile,reset
FileAppender.setFile,getParent
FileAppender.setFile,exists
FileAppender.setFile,mkdirs
FileAppender.setFile,createWriter
FileAppender.setFile,setQWForFiles
FileAppender.setFile,writeHeader
CategoryKey.equals,getClass
CategoryKey.equals,equals
NDC.clear,clearStack
NDC.cloneStack,cloneStack
NDC.cloneStack,asList
NDC.cloneStack,push
NDC.inherit,setStack
NDC.get,peek
NDC.getDepth,getDepth
NDC.pop,pop
NDC.peek,peek
NDC.push,push
NDC.remove,removeStack
NDC.setMaxDepth,trim
AppenderSkeleton.addFilter,setNext
AppenderSkeleton.isAsSevereAsThreshold,isGreaterOrEqual
AppenderSkeleton.doAppend,append
RenderedMessage.getFormattedMessage,doRender
RenderedMessage.getFormat,getFormattedMessage
RollingFileAppender.rollOver,debug
RollingFileAppender.rollOver,exists
RollingFileAppender.rollOver,delete
RollingFileAppender.rollOver,renameTo
RollingFileAppender.rollOver,closeFile
RollingFileAppender.rollOver,setFile
RollingFileAppender.rollOver,currentThread
RollingFileAppender.rollOver,interrupt
RollingFileAppender.rollOver,error
RollingFileAppender.setMaxFileSize,toFileSize
RollingFileAppender.subAppend,rollOver
Level.toLevel,toLevel
Level.toLevel,toRootUpperCase
Level.toLevel,get
Level.toLevel,trim
Level.readObject,defaultReadObject
Level.readObject,readInt
Level.readObject,readUTF
Level.readObject,createLevel
Level.writeObject,defaultWriteObject
Level.writeObject,writeInt
Level.writeObject,writeUTF
Level.readResolve,getClass
Level.readResolve,toLevel
Level.readResolve,valueOf
BasicConfigurator.configure,reconfigure
BasicConfigurator.configure,getCallerClassLoader
BasicConfigurator.configure,getRootLogger
BasicConfigurator.configure,addAppender
BasicConfigurator.resetConfiguration,resetConfiguration
BasicConfigurator.resetConfiguration,getCallerClassLoader
Priority.toPriority,toLevel
Priority.toPriority,toPriority
Priority.toPriority,getCode
PropertyRewritePolicy.setProperties,hasMoreTokens
PropertyRewritePolicy.setProperties,nextToken
PropertyRewritePolicy.setProperties,put
PropertyRewritePolicy.setProperties,nextElement
PropertyRewritePolicy.setProperties,toString
PropertyRewritePolicy.setProperties,trim
PropertyRewritePolicy.rewrite,isEmpty
PropertyRewritePolicy.rewrite,getProperties
PropertyRewritePolicy.rewrite,entrySet
PropertyRewritePolicy.rewrite,containsKey
PropertyRewritePolicy.rewrite,getKey
PropertyRewritePolicy.rewrite,put
PropertyRewritePolicy.rewrite,getValue
PropertyRewritePolicy.rewrite,setContextData
PropertyRewritePolicy.rewrite,build
PropertyRewritePolicy.rewrite,getLocationInformation
PropertyRewritePolicy.rewrite,getClassName
PropertyRewritePolicy.rewrite,getMethodName
PropertyRewritePolicy.rewrite,getFileName
PropertyRewritePolicy.rewrite,parseInt
PropertyRewritePolicy.rewrite,getLineNumber
PropertyRewritePolicy.rewrite,getThread
PropertyRewritePolicy.rewrite,getThreadName
PropertyRewritePolicy.rewrite,getId
PropertyRewritePolicy.rewrite,getPriority
PropertyRewritePolicy.rewrite,newBuilder
PropertyRewritePolicy.rewrite,setLevel
PropertyRewritePolicy.rewrite,convertLevel
PropertyRewritePolicy.rewrite,getLevel
PropertyRewritePolicy.rewrite,setLoggerFqcn
PropertyRewritePolicy.rewrite,getFQNOfLoggerClass
PropertyRewritePolicy.rewrite,setMarker
PropertyRewritePolicy.rewrite,setMessage
PropertyRewritePolicy.rewrite,getRenderedMessage
PropertyRewritePolicy.rewrite,setSource
PropertyRewritePolicy.rewrite,setLoggerName
PropertyRewritePolicy.rewrite,getLoggerName
PropertyRewritePolicy.rewrite,setThreadName
PropertyRewritePolicy.rewrite,setThreadId
PropertyRewritePolicy.rewrite,setThreadPriority
PropertyRewritePolicy.rewrite,setThrown
PropertyRewritePolicy.rewrite,getThrowableInformation
PropertyRewritePolicy.rewrite,getThrowable
PropertyRewritePolicy.rewrite,setTimeMillis
PropertyRewritePolicy.rewrite,getTimeStamp
PropertyRewritePolicy.rewrite,setNanoTime
PropertyRewritePolicy.getThread,getAllStackTraces
PropertyRewritePolicy.getThread,keySet
PropertyRewritePolicy.getThread,getName
PropertyRewritePolicy.getThread,equals
MapRewritePolicy.rewrite,getMessage
MapRewritePolicy.rewrite,getProperties
MapRewritePolicy.rewrite,get
MapRewritePolicy.rewrite,toString
MapRewritePolicy.rewrite,entrySet
MapRewritePolicy.rewrite,put
MapRewritePolicy.rewrite,getKey
MapRewritePolicy.rewrite,getValue
MapRewritePolicy.rewrite,setMessage
MapRewritePolicy.rewrite,setContextData
MapRewritePolicy.rewrite,build
MapRewritePolicy.rewrite,getLocationInformation
MapRewritePolicy.rewrite,getClassName
MapRewritePolicy.rewrite,getMethodName
MapRewritePolicy.rewrite,getFileName
MapRewritePolicy.rewrite,parseInt
MapRewritePolicy.rewrite,getLineNumber
MapRewritePolicy.rewrite,getThread
MapRewritePolicy.rewrite,getThreadName
MapRewritePolicy.rewrite,getId
MapRewritePolicy.rewrite,getPriority
MapRewritePolicy.rewrite,newBuilder
MapRewritePolicy.rewrite,setLevel
MapRewritePolicy.rewrite,convertLevel
MapRewritePolicy.rewrite,getLevel
MapRewritePolicy.rewrite,setLoggerFqcn
MapRewritePolicy.rewrite,getFQNOfLoggerClass
MapRewritePolicy.rewrite,setMarker
MapRewritePolicy.rewrite,setSource
MapRewritePolicy.rewrite,setLoggerName
MapRewritePolicy.rewrite,getLoggerName
MapRewritePolicy.rewrite,setThreadName
MapRewritePolicy.rewrite,setThreadId
MapRewritePolicy.rewrite,setThreadPriority
MapRewritePolicy.rewrite,setThrown
MapRewritePolicy.rewrite,getThrowableInformation
MapRewritePolicy.rewrite,getThrowable
MapRewritePolicy.rewrite,setTimeMillis
MapRewritePolicy.rewrite,getTimeStamp
MapRewritePolicy.rewrite,setNanoTime
MapRewritePolicy.rewrite,getData
MapRewritePolicy.rewrite,putAll
MapRewritePolicy.rewrite,containsKey
MapRewritePolicy.rewrite,newInstance
MapRewritePolicy.getThread,getAllStackTraces
MapRewritePolicy.getThread,keySet
MapRewritePolicy.getThread,getName
MapRewritePolicy.getThread,equals
FallbackErrorHandler.error,error
FallbackErrorHandler.error,currentThread
FallbackErrorHandler.error,interrupt
FallbackErrorHandler.error,debug
FallbackErrorHandler.error,size
FallbackErrorHandler.error,elementAt
FallbackErrorHandler.error,getName
FallbackErrorHandler.error,removeAppender
FallbackErrorHandler.error,addAppender
FallbackErrorHandler.setAppender,debug
FallbackErrorHandler.setAppender,getName
FallbackErrorHandler.setBackupAppender,debug
FallbackErrorHandler.setBackupAppender,getName
FallbackErrorHandler.setLogger,debug
FallbackErrorHandler.setLogger,getName
FallbackErrorHandler.setLogger,addElement
LevelMatchFilter.decide,equals
LevelMatchFilter.decide,getLevel
LevelMatchFilter.getLevelToMatch,toString
LevelMatchFilter.setLevelToMatch,toLevel
StringMatchFilter.decide,getRenderedMessage
StringMatchFilter.decide,indexOf
StringMatchFilter.setOption,equalsIgnoreCase
StringMatchFilter.setOption,toBoolean
LevelRangeFilter.decide,getLevel
LevelRangeFilter.decide,isGreaterOrEqual
LevelRangeFilter.decide,toInt
AbstractBuilder.buildFilters,createFilter
AbstractBuilder.buildFilters,convertLevel
AbstractBuilder.buildFilters,addFilter
AbstractBuilder.buildFilters,adapt
AbstractBuilder.capitalize,isEmpty
AbstractBuilder.capitalize,isUpperCase
AbstractBuilder.capitalize,charAt
AbstractBuilder.capitalize,toCharArray
AbstractBuilder.capitalize,toUpperCase
AbstractBuilder.getBooleanProperty,parseBoolean
AbstractBuilder.getBooleanProperty,getProperty
AbstractBuilder.getBooleanProperty,toString
AbstractBuilder.getBooleanProperty,getBooleanProperty
AbstractBuilder.getBooleanValueAttribute,parseBoolean
AbstractBuilder.getBooleanValueAttribute,getValueAttribute
AbstractBuilder.getIntegerProperty,getProperty
AbstractBuilder.getIntegerProperty,parseInt
AbstractBuilder.getIntegerProperty,warn
AbstractBuilder.getIntegerProperty,getMessage
AbstractBuilder.getLongProperty,getProperty
AbstractBuilder.getLongProperty,parseLong
AbstractBuilder.getLongProperty,warn
AbstractBuilder.getLongProperty,getMessage
AbstractBuilder.getNameAttribute,getAttribute
AbstractBuilder.getNameAttributeKey,toBeanKey
AbstractBuilder.getNameAttributeKey,getAttribute
AbstractBuilder.getProperty,getProperty
AbstractBuilder.getProperty,toJavaKey
AbstractBuilder.getProperty,toBeanKey
AbstractBuilder.getProperty,substVars
AbstractBuilder.getProperty,trim
AbstractBuilder.getValueAttribute,getValueAttribute
AbstractBuilder.getValueAttribute,getAttribute
AbstractBuilder.getValueAttribute,substVars
AbstractBuilder.getValueAttribute,trim
AbstractBuilder.substVars,substVars
AbstractBuilder.toBeanKey,capitalize
AbstractBuilder.toJavaKey,uncapitalize
AbstractBuilder.uncapitalize,isEmpty
AbstractBuilder.uncapitalize,isLowerCase
AbstractBuilder.uncapitalize,charAt
AbstractBuilder.uncapitalize,toCharArray
AbstractBuilder.uncapitalize,toLowerCase
AbstractBuilder.set,getValueAttribute
AbstractBuilder.set,warn
AbstractBuilder.set,set
AbstractBuilder.set,parseBoolean
AbstractBuilder.set,parseInt
AbstractBuilder.set,getClass
AbstractBuilder.set,getName
AbstractBuilder.set,getMessage
AbstractBuilder.set,parseLong
BuilderManager.createBuilder,getPluginClass
BuilderManager.createBuilder,isAssignableFrom
BuilderManager.createBuilder,getConstructor
BuilderManager.createBuilder,newInstance
BuilderManager.createBuilder,newInstanceOf
BuilderManager.createBuilder,warn
BuilderManager.createBuilder,getKey
BuilderManager.createBuilder,getMessage
BuilderManager.getPlugin,requireNonNull
BuilderManager.getPlugin,toRootLowerCase
BuilderManager.getPlugin,trim
BuilderManager.getPlugin,get
BuilderManager.getPlugin,warn
BuilderManager.newInstance,newInstanceOf
BuilderManager.newInstance,getPluginClass
BuilderManager.newInstance,apply
BuilderManager.newInstance,warn
BuilderManager.newInstance,getKey
BuilderManager.newInstance,getMessage
BuilderManager.parse,createBuilder
BuilderManager.parse,getPlugin
BuilderManager.parse,parse
BuilderManager.parseAppender,newInstance
BuilderManager.parseAppender,getPlugin
BuilderManager.parseAppender,parseAppender
BuilderManager.parseAppender,createBuilder
BuilderManager.parseFilter,newInstance
BuilderManager.parseFilter,getPlugin
BuilderManager.parseFilter,parse
BuilderManager.parseLayout,newInstance
BuilderManager.parseLayout,getPlugin
BuilderManager.parseLayout,parse
BuilderManager.parseRewritePolicy,newInstance
BuilderManager.parseRewritePolicy,getPlugin
BuilderManager.parseRewritePolicy,parse
BuilderManager.parseTriggeringPolicy,newInstance
BuilderManager.parseTriggeringPolicy,getPlugin
BuilderManager.parseTriggeringPolicy,parse
AsyncAppenderBuilder.parseAppender,getNameAttribute
AsyncAppenderBuilder.parseAppender,forEachElement
AsyncAppenderBuilder.parseAppender,getChildNodes
AsyncAppenderBuilder.parseAppender,getTagName
AsyncAppenderBuilder.parseAppender,findAppenderByReference
AsyncAppenderBuilder.parseAppender,get
AsyncAppenderBuilder.parseAppender,add
AsyncAppenderBuilder.parseAppender,getName
AsyncAppenderBuilder.parseAppender,addFilter
AsyncAppenderBuilder.parseAppender,getNameAttributeKey
AsyncAppenderBuilder.parseAppender,set
AsyncAppenderBuilder.parseAppender,createAppender
AsyncAppenderBuilder.parseAppender,toArray
AsyncAppenderBuilder.parseAppender,getProperty
AsyncAppenderBuilder.parseAppender,parseAppenderFilters
AsyncAppenderBuilder.parseAppender,getBooleanProperty
AsyncAppenderBuilder.parseAppender,getIntegerProperty
AsyncAppenderBuilder.parseAppender,error
AsyncAppenderBuilder.parseAppender,parseAppender
AsyncAppenderBuilder.createAppender,error
AsyncAppenderBuilder.createAppender,convertLevel
AsyncAppenderBuilder.createAppender,createAppenderRef
AsyncAppenderBuilder.createAppender,newBuilder
AsyncAppenderBuilder.createAppender,setFilter
AsyncAppenderBuilder.createAppender,adapt
AsyncAppenderBuilder.createAppender,setName
AsyncAppenderBuilder.createAppender,setAppenderRefs
AsyncAppenderBuilder.createAppender,setBlocking
AsyncAppenderBuilder.createAppender,setBufferSize
AsyncAppenderBuilder.createAppender,setIncludeLocation
AsyncAppenderBuilder.createAppender,setConfiguration
AsyncAppenderBuilder.createAppender,build
RewriteAppenderBuilder.parseAppender,getNameAttribute
RewriteAppenderBuilder.parseAppender,forEachElement
RewriteAppenderBuilder.parseAppender,getChildNodes
RewriteAppenderBuilder.parseAppender,getTagName
RewriteAppenderBuilder.parseAppender,findAppenderByReference
RewriteAppenderBuilder.parseAppender,get
RewriteAppenderBuilder.parseAppender,add
RewriteAppenderBuilder.parseAppender,getName
RewriteAppenderBuilder.parseAppender,parseRewritePolicy
RewriteAppenderBuilder.parseAppender,set
RewriteAppenderBuilder.parseAppender,addFilter
RewriteAppenderBuilder.parseAppender,getNameAttributeKey
RewriteAppenderBuilder.parseAppender,equalsIgnoreCase
RewriteAppenderBuilder.parseAppender,createAppender
RewriteAppenderBuilder.parseAppender,toArray
RewriteAppenderBuilder.parseAppender,getProperty
RewriteAppenderBuilder.parseAppender,parseAppenderFilters
RewriteAppenderBuilder.parseAppender,getBuilderManager
RewriteAppenderBuilder.parseAppender,parse
RewriteAppenderBuilder.parseAppender,error
RewriteAppenderBuilder.parseAppender,parseAppender
RewriteAppenderBuilder.createAppender,error
RewriteAppenderBuilder.createAppender,convertLevel
RewriteAppenderBuilder.createAppender,createAppenderRef
RewriteAppenderBuilder.createAppender,buildFilters
RewriteAppenderBuilder.createAppender,adapt
RewriteAppenderBuilder.createAppender,createAppender
ConsoleAppenderBuilder.parseAppender,getNameAttribute
ConsoleAppenderBuilder.parseAppender,forEachElement
ConsoleAppenderBuilder.parseAppender,getChildNodes
ConsoleAppenderBuilder.parseAppender,getTagName
ConsoleAppenderBuilder.parseAppender,set
ConsoleAppenderBuilder.parseAppender,parseLayout
ConsoleAppenderBuilder.parseAppender,addFilter
ConsoleAppenderBuilder.parseAppender,getNameAttributeKey
ConsoleAppenderBuilder.parseAppender,getValueAttribute
ConsoleAppenderBuilder.parseAppender,warn
ConsoleAppenderBuilder.parseAppender,createAppender
ConsoleAppenderBuilder.parseAppender,get
ConsoleAppenderBuilder.parseAppender,parseAppenderFilters
ConsoleAppenderBuilder.parseAppender,getProperty
ConsoleAppenderBuilder.parseAppender,getBooleanProperty
ConsoleAppenderBuilder.createAppender,adapt
ConsoleAppenderBuilder.createAppender,buildFilters
ConsoleAppenderBuilder.createAppender,equals
ConsoleAppenderBuilder.createAppender,newBuilder
ConsoleAppenderBuilder.createAppender,setName
ConsoleAppenderBuilder.createAppender,setTarget
ConsoleAppenderBuilder.createAppender,setFollow
ConsoleAppenderBuilder.createAppender,setLayout
ConsoleAppenderBuilder.createAppender,setFilter
ConsoleAppenderBuilder.createAppender,setConfiguration
ConsoleAppenderBuilder.createAppender,setImmediateFlush
ConsoleAppenderBuilder.createAppender,build
EnhancedRollingFileAppenderBuilder.parseRollingPolicy,set
EnhancedRollingFileAppenderBuilder.parseRollingPolicy,subst
EnhancedRollingFileAppenderBuilder.parseRollingPolicy,getAttribute
EnhancedRollingFileAppenderBuilder.parseRollingPolicy,getProperties
EnhancedRollingFileAppenderBuilder.parseRollingPolicy,forEachElement
EnhancedRollingFileAppenderBuilder.parseRollingPolicy,getChildNodes
EnhancedRollingFileAppenderBuilder.parseRollingPolicy,getTagName
EnhancedRollingFileAppenderBuilder.parseRollingPolicy,getNameAttributeKey
EnhancedRollingFileAppenderBuilder.parseAppender,getNameAttribute
EnhancedRollingFileAppenderBuilder.parseAppender,forEachElement
EnhancedRollingFileAppenderBuilder.parseAppender,getChildNodes
EnhancedRollingFileAppenderBuilder.parseAppender,getTagName
EnhancedRollingFileAppenderBuilder.parseAppender,parseRollingPolicy
EnhancedRollingFileAppenderBuilder.parseAppender,set
EnhancedRollingFileAppenderBuilder.parseAppender,parseTriggeringPolicy
EnhancedRollingFileAppenderBuilder.parseAppender,parseLayout
EnhancedRollingFileAppenderBuilder.parseAppender,addFilter
EnhancedRollingFileAppenderBuilder.parseAppender,getNameAttributeKey
EnhancedRollingFileAppenderBuilder.parseAppender,createAppender
EnhancedRollingFileAppenderBuilder.parseAppender,get
EnhancedRollingFileAppenderBuilder.parseAppender,parseAppenderFilters
EnhancedRollingFileAppenderBuilder.parseAppender,getProperty
EnhancedRollingFileAppenderBuilder.parseAppender,getBooleanProperty
EnhancedRollingFileAppenderBuilder.parseAppender,parseInt
EnhancedRollingFileAppenderBuilder.parseAppender,getIntegerProperty
EnhancedRollingFileAppenderBuilder.createAppender,adapt
EnhancedRollingFileAppenderBuilder.createAppender,buildFilters
EnhancedRollingFileAppenderBuilder.createAppender,error
EnhancedRollingFileAppenderBuilder.createAppender,newBuilder
EnhancedRollingFileAppenderBuilder.createAppender,setMin
EnhancedRollingFileAppenderBuilder.createAppender,setMax
EnhancedRollingFileAppenderBuilder.createAppender,toString
EnhancedRollingFileAppenderBuilder.createAppender,warn
EnhancedRollingFileAppenderBuilder.createAppender,equals
EnhancedRollingFileAppenderBuilder.createAppender,build
EnhancedRollingFileAppenderBuilder.createAppender,setAppend
EnhancedRollingFileAppenderBuilder.createAppender,setBufferedIo
EnhancedRollingFileAppenderBuilder.createAppender,setBufferSize
EnhancedRollingFileAppenderBuilder.createAppender,setConfiguration
EnhancedRollingFileAppenderBuilder.createAppender,setFileName
EnhancedRollingFileAppenderBuilder.createAppender,setFilePattern
EnhancedRollingFileAppenderBuilder.createAppender,setFilter
EnhancedRollingFileAppenderBuilder.createAppender,setImmediateFlush
EnhancedRollingFileAppenderBuilder.createAppender,setLayout
EnhancedRollingFileAppenderBuilder.createAppender,setName
EnhancedRollingFileAppenderBuilder.createAppender,setPolicy
EnhancedRollingFileAppenderBuilder.createAppender,setStrategy
NullAppenderBuilder.parseAppender,getAttribute
NullAppenderBuilder.parseAppender,adapt
NullAppenderBuilder.parseAppender,createAppender
SocketAppenderBuilder.createAppender,adapt
SocketAppenderBuilder.createAppender,buildFilters
SocketAppenderBuilder.createAppender,newBuilder
SocketAppenderBuilder.createAppender,setHost
SocketAppenderBuilder.createAppender,setPort
SocketAppenderBuilder.createAppender,setReconnectDelayMillis
SocketAppenderBuilder.createAppender,setName
SocketAppenderBuilder.createAppender,setLayout
SocketAppenderBuilder.createAppender,setFilter
SocketAppenderBuilder.createAppender,setConfiguration
SocketAppenderBuilder.createAppender,setImmediateFlush
SocketAppenderBuilder.createAppender,build
SocketAppenderBuilder.parseAppender,getNameAttribute
SocketAppenderBuilder.parseAppender,forEachElement
SocketAppenderBuilder.parseAppender,getChildNodes
SocketAppenderBuilder.parseAppender,getTagName
SocketAppenderBuilder.parseAppender,set
SocketAppenderBuilder.parseAppender,parseLayout
SocketAppenderBuilder.parseAppender,addFilter
SocketAppenderBuilder.parseAppender,getNameAttributeKey
SocketAppenderBuilder.parseAppender,createAppender
SocketAppenderBuilder.parseAppender,get
SocketAppenderBuilder.parseAppender,getProperty
SocketAppenderBuilder.parseAppender,getIntegerProperty
SocketAppenderBuilder.parseAppender,parseAppenderFilters
SocketAppenderBuilder.parseAppender,getBooleanProperty
RollingFileAppenderBuilder.parseAppender,getNameAttribute
RollingFileAppenderBuilder.parseAppender,forEachElement
RollingFileAppenderBuilder.parseAppender,getChildNodes
RollingFileAppenderBuilder.parseAppender,getTagName
RollingFileAppenderBuilder.parseAppender,set
RollingFileAppenderBuilder.parseAppender,parseLayout
RollingFileAppenderBuilder.parseAppender,addFilter
RollingFileAppenderBuilder.parseAppender,getNameAttributeKey
RollingFileAppenderBuilder.parseAppender,createAppender
RollingFileAppenderBuilder.parseAppender,get
RollingFileAppenderBuilder.parseAppender,parseAppenderFilters
RollingFileAppenderBuilder.parseAppender,getProperty
RollingFileAppenderBuilder.parseAppender,getBooleanProperty
RollingFileAppenderBuilder.parseAppender,getIntegerProperty
RollingFileAppenderBuilder.createAppender,adapt
RollingFileAppenderBuilder.createAppender,buildFilters
RollingFileAppenderBuilder.createAppender,error
RollingFileAppenderBuilder.createAppender,createPolicy
RollingFileAppenderBuilder.createAppender,newBuilder
RollingFileAppenderBuilder.createAppender,setConfig
RollingFileAppenderBuilder.createAppender,setMax
RollingFileAppenderBuilder.createAppender,setFileIndex
RollingFileAppenderBuilder.createAppender,build
RollingFileAppenderBuilder.createAppender,setName
RollingFileAppenderBuilder.createAppender,setConfiguration
RollingFileAppenderBuilder.createAppender,setLayout
RollingFileAppenderBuilder.createAppender,setFilter
RollingFileAppenderBuilder.createAppender,setAppend
RollingFileAppenderBuilder.createAppender,setBufferedIo
RollingFileAppenderBuilder.createAppender,setBufferSize
RollingFileAppenderBuilder.createAppender,setImmediateFlush
RollingFileAppenderBuilder.createAppender,setFileName
RollingFileAppenderBuilder.createAppender,setFilePattern
RollingFileAppenderBuilder.createAppender,setPolicy
RollingFileAppenderBuilder.createAppender,setStrategy
FileAppenderBuilder.parseAppender,getNameAttribute
FileAppenderBuilder.parseAppender,forEachElement
FileAppenderBuilder.parseAppender,getChildNodes
FileAppenderBuilder.parseAppender,getTagName
FileAppenderBuilder.parseAppender,set
FileAppenderBuilder.parseAppender,parseLayout
FileAppenderBuilder.parseAppender,addFilter
FileAppenderBuilder.parseAppender,getNameAttributeKey
FileAppenderBuilder.parseAppender,createAppender
FileAppenderBuilder.parseAppender,get
FileAppenderBuilder.parseAppender,parseAppenderFilters
FileAppenderBuilder.parseAppender,getProperty
FileAppenderBuilder.parseAppender,getBooleanProperty
FileAppenderBuilder.parseAppender,parseInt
FileAppenderBuilder.createAppender,adapt
FileAppenderBuilder.createAppender,buildFilters
FileAppenderBuilder.createAppender,error
FileAppenderBuilder.createAppender,newBuilder
FileAppenderBuilder.createAppender,setName
FileAppenderBuilder.createAppender,setConfiguration
FileAppenderBuilder.createAppender,setLayout
FileAppenderBuilder.createAppender,setFilter
FileAppenderBuilder.createAppender,setFileName
FileAppenderBuilder.createAppender,setImmediateFlush
FileAppenderBuilder.createAppender,setAppend
FileAppenderBuilder.createAppender,setBufferedIo
FileAppenderBuilder.createAppender,setBufferSize
FileAppenderBuilder.createAppender,build
SyslogAppenderBuilder.parseAppender,getNameAttribute
SyslogAppenderBuilder.parseAppender,forEachElement
SyslogAppenderBuilder.parseAppender,getChildNodes
SyslogAppenderBuilder.parseAppender,getTagName
SyslogAppenderBuilder.parseAppender,set
SyslogAppenderBuilder.parseAppender,parseLayout
SyslogAppenderBuilder.parseAppender,addFilter
SyslogAppenderBuilder.parseAppender,getNameAttributeKey
SyslogAppenderBuilder.parseAppender,valueOf
SyslogAppenderBuilder.parseAppender,getValueAttribute
SyslogAppenderBuilder.parseAppender,name
SyslogAppenderBuilder.parseAppender,createAppender
SyslogAppenderBuilder.parseAppender,get
SyslogAppenderBuilder.parseAppender,parseAppenderFilters
SyslogAppenderBuilder.parseAppender,getProperty
SyslogAppenderBuilder.parseAppender,getBooleanProperty
SyslogAppenderBuilder.createAppender,resolveSyslogHost
SyslogAppenderBuilder.createAppender,adapt
SyslogAppenderBuilder.createAppender,newBuilder
SyslogAppenderBuilder.createAppender,setHeader
SyslogAppenderBuilder.createAppender,setFacility
SyslogAppenderBuilder.createAppender,toFacility
SyslogAppenderBuilder.createAppender,setFacilityPrinting
SyslogAppenderBuilder.createAppender,setMessageLayout
SyslogAppenderBuilder.createAppender,build
SyslogAppenderBuilder.createAppender,buildFilters
SyslogAppenderBuilder.createAppender,newSyslogAppenderBuilder
SyslogAppenderBuilder.createAppender,setName
SyslogAppenderBuilder.createAppender,setConfiguration
SyslogAppenderBuilder.createAppender,setLayout
SyslogAppenderBuilder.createAppender,setFilter
SyslogAppenderBuilder.createAppender,setPort
SyslogAppenderBuilder.createAppender,get
SyslogAppenderBuilder.createAppender,setProtocol
SyslogAppenderBuilder.createAppender,setHost
SyslogAppenderBuilder.resolveSyslogHost,split
SyslogAppenderBuilder.resolveSyslogHost,set
SyslogAppenderBuilder.resolveSyslogHost,parseInt
SyslogAppenderBuilder.resolveSyslogHost,trim
SyslogAppenderBuilder.resolveSyslogHost,warn
DailyRollingFileAppenderBuilder.parseAppender,getNameAttribute
DailyRollingFileAppenderBuilder.parseAppender,forEachElement
DailyRollingFileAppenderBuilder.parseAppender,getChildNodes
DailyRollingFileAppenderBuilder.parseAppender,getTagName
DailyRollingFileAppenderBuilder.parseAppender,set
DailyRollingFileAppenderBuilder.parseAppender,parseLayout
DailyRollingFileAppenderBuilder.parseAppender,addFilter
DailyRollingFileAppenderBuilder.parseAppender,getNameAttributeKey
DailyRollingFileAppenderBuilder.parseAppender,createAppender
DailyRollingFileAppenderBuilder.parseAppender,get
DailyRollingFileAppenderBuilder.parseAppender,parseAppenderFilters
DailyRollingFileAppenderBuilder.parseAppender,getProperty
DailyRollingFileAppenderBuilder.parseAppender,getBooleanProperty
DailyRollingFileAppenderBuilder.parseAppender,getIntegerProperty
DailyRollingFileAppenderBuilder.createAppender,adapt
DailyRollingFileAppenderBuilder.createAppender,buildFilters
DailyRollingFileAppenderBuilder.createAppender,error
DailyRollingFileAppenderBuilder.createAppender,newBuilder
DailyRollingFileAppenderBuilder.createAppender,setModulate
DailyRollingFileAppenderBuilder.createAppender,build
DailyRollingFileAppenderBuilder.createAppender,createPolicy
DailyRollingFileAppenderBuilder.createAppender,setConfig
DailyRollingFileAppenderBuilder.createAppender,setMax
DailyRollingFileAppenderBuilder.createAppender,toString
DailyRollingFileAppenderBuilder.createAppender,setName
DailyRollingFileAppenderBuilder.createAppender,setConfiguration
DailyRollingFileAppenderBuilder.createAppender,setLayout
DailyRollingFileAppenderBuilder.createAppender,setFilter
DailyRollingFileAppenderBuilder.createAppender,setFileName
DailyRollingFileAppenderBuilder.createAppender,setAppend
DailyRollingFileAppenderBuilder.createAppender,setBufferedIo
DailyRollingFileAppenderBuilder.createAppender,setBufferSize
DailyRollingFileAppenderBuilder.createAppender,setImmediateFlush
DailyRollingFileAppenderBuilder.createAppender,setFilePattern
DailyRollingFileAppenderBuilder.createAppender,setPolicy
DailyRollingFileAppenderBuilder.createAppender,setStrategy
CompositeTriggeringPolicyBuilder.parse,forEachElement
CompositeTriggeringPolicyBuilder.parse,getChildNodes
CompositeTriggeringPolicyBuilder.parse,getTagName
CompositeTriggeringPolicyBuilder.parse,parseTriggeringPolicy
CompositeTriggeringPolicyBuilder.parse,add
CompositeTriggeringPolicyBuilder.parse,createTriggeringPolicy
CompositeTriggeringPolicyBuilder.parse,emptyList
CompositeTriggeringPolicyBuilder.createTriggeringPolicy,createPolicy
CompositeTriggeringPolicyBuilder.createTriggeringPolicy,toArray
SizeBasedTriggeringPolicyBuilder.parse,forEachElement
SizeBasedTriggeringPolicyBuilder.parse,getChildNodes
SizeBasedTriggeringPolicyBuilder.parse,getTagName
SizeBasedTriggeringPolicyBuilder.parse,getNameAttributeKey
SizeBasedTriggeringPolicyBuilder.parse,set
SizeBasedTriggeringPolicyBuilder.parse,createTriggeringPolicy
SizeBasedTriggeringPolicyBuilder.parse,get
SizeBasedTriggeringPolicyBuilder.parse,getLongProperty
SizeBasedTriggeringPolicyBuilder.createTriggeringPolicy,createPolicy
SizeBasedTriggeringPolicyBuilder.createTriggeringPolicy,toString
TimeBasedRollingPolicyBuilder.parse,createTriggeringPolicy
TimeBasedRollingPolicyBuilder.createTriggeringPolicy,newBuilder
TimeBasedRollingPolicyBuilder.createTriggeringPolicy,build
SimpleLayoutBuilder.parse,newBuilder
SimpleLayoutBuilder.parse,setPattern
SimpleLayoutBuilder.parse,setConfiguration
SimpleLayoutBuilder.parse,build
PatternLayoutBuilder.parse,getElementsByTagName
PatternLayoutBuilder.parse,getLength
PatternLayoutBuilder.parse,item
PatternLayoutBuilder.parse,getNodeType
PatternLayoutBuilder.parse,getTagName
PatternLayoutBuilder.parse,equals
PatternLayoutBuilder.parse,equalsIgnoreCase
PatternLayoutBuilder.parse,getAttribute
PatternLayoutBuilder.parse,createLayout
PatternLayoutBuilder.parse,getProperty
PatternLayoutBuilder.createLayout,info
PatternLayoutBuilder.createLayout,adapt
PatternLayoutBuilder.createLayout,newBuilder
PatternLayoutBuilder.createLayout,setPattern
PatternLayoutBuilder.createLayout,replaceAll
PatternLayoutBuilder.createLayout,setConfiguration
PatternLayoutBuilder.createLayout,build
XmlLayoutBuilder.parse,forEachElement
XmlLayoutBuilder.parse,getElementsByTagName
XmlLayoutBuilder.parse,equalsIgnoreCase
XmlLayoutBuilder.parse,getAttribute
XmlLayoutBuilder.parse,set
XmlLayoutBuilder.parse,getBooleanValueAttribute
XmlLayoutBuilder.parse,createLayout
XmlLayoutBuilder.parse,get
XmlLayoutBuilder.parse,getBooleanProperty
XmlLayoutBuilder.createLayout,adapt
XmlLayoutBuilder.createLayout,createLayout
HtmlLayoutBuilder.parse,forEachElement
HtmlLayoutBuilder.parse,getElementsByTagName
HtmlLayoutBuilder.parse,getTagName
HtmlLayoutBuilder.parse,equals
HtmlLayoutBuilder.parse,equalsIgnoreCase
HtmlLayoutBuilder.parse,getAttribute
HtmlLayoutBuilder.parse,set
HtmlLayoutBuilder.parse,getBooleanValueAttribute
HtmlLayoutBuilder.parse,createLayout
HtmlLayoutBuilder.parse,get
HtmlLayoutBuilder.parse,getProperty
HtmlLayoutBuilder.parse,getBooleanProperty
HtmlLayoutBuilder.createLayout,adapt
HtmlLayoutBuilder.createLayout,newBuilder
HtmlLayoutBuilder.createLayout,setTitle
HtmlLayoutBuilder.createLayout,setLocationInfo
HtmlLayoutBuilder.createLayout,build
TTCCLayoutBuilder.parse,forEachElement
TTCCLayoutBuilder.parse,getElementsByTagName
TTCCLayoutBuilder.parse,getTagName
TTCCLayoutBuilder.parse,equals
TTCCLayoutBuilder.parse,getNameAttributeKey
TTCCLayoutBuilder.parse,set
TTCCLayoutBuilder.parse,getBooleanValueAttribute
TTCCLayoutBuilder.parse,getValueAttribute
TTCCLayoutBuilder.parse,createLayout
TTCCLayoutBuilder.parse,get
TTCCLayoutBuilder.parse,getBooleanProperty
TTCCLayoutBuilder.parse,getProperty
TTCCLayoutBuilder.createLayout,equalsIgnoreCase
TTCCLayoutBuilder.createLayout,append
TTCCLayoutBuilder.createLayout,adapt
TTCCLayoutBuilder.createLayout,newBuilder
TTCCLayoutBuilder.createLayout,setPattern
TTCCLayoutBuilder.createLayout,toString
TTCCLayoutBuilder.createLayout,setConfiguration
TTCCLayoutBuilder.createLayout,build
LevelRangeFilterBuilder.parse,forEachElement
LevelRangeFilterBuilder.parse,getElementsByTagName
LevelRangeFilterBuilder.parse,getTagName
LevelRangeFilterBuilder.parse,equals
LevelRangeFilterBuilder.parse,getNameAttributeKey
LevelRangeFilterBuilder.parse,set
LevelRangeFilterBuilder.parse,getValueAttribute
LevelRangeFilterBuilder.parse,getBooleanValueAttribute
LevelRangeFilterBuilder.parse,createFilter
LevelRangeFilterBuilder.parse,get
LevelRangeFilterBuilder.parse,getProperty
LevelRangeFilterBuilder.parse,getBooleanProperty
LevelRangeFilterBuilder.createFilter,toLevel
LevelRangeFilterBuilder.createFilter,getVersion2Level
LevelRangeFilterBuilder.createFilter,adapt
LevelRangeFilterBuilder.createFilter,createFilter
DenyAllFilterBuilder.parse,newBuilder
DenyAllFilterBuilder.parse,build
LevelMatchFilterBuilder.parse,forEachElement
LevelMatchFilterBuilder.parse,getElementsByTagName
LevelMatchFilterBuilder.parse,getTagName
LevelMatchFilterBuilder.parse,equals
LevelMatchFilterBuilder.parse,getNameAttributeKey
LevelMatchFilterBuilder.parse,set
LevelMatchFilterBuilder.parse,getValueAttribute
LevelMatchFilterBuilder.parse,getBooleanValueAttribute
LevelMatchFilterBuilder.parse,createFilter
LevelMatchFilterBuilder.parse,get
LevelMatchFilterBuilder.parse,getProperty
LevelMatchFilterBuilder.parse,getBooleanProperty
LevelMatchFilterBuilder.createFilter,toLevel
LevelMatchFilterBuilder.createFilter,getVersion2Level
LevelMatchFilterBuilder.createFilter,adapt
LevelMatchFilterBuilder.createFilter,newBuilder
LevelMatchFilterBuilder.createFilter,setLevel
LevelMatchFilterBuilder.createFilter,setOnMatch
LevelMatchFilterBuilder.createFilter,setOnMismatch
LevelMatchFilterBuilder.createFilter,build
StringMatchFilterBuilder.parse,forEachElement
StringMatchFilterBuilder.parse,getElementsByTagName
StringMatchFilterBuilder.parse,getTagName
StringMatchFilterBuilder.parse,equals
StringMatchFilterBuilder.parse,getNameAttributeKey
StringMatchFilterBuilder.parse,set
StringMatchFilterBuilder.parse,getValueAttribute
StringMatchFilterBuilder.parse,getBooleanValueAttribute
StringMatchFilterBuilder.parse,createFilter
StringMatchFilterBuilder.parse,get
StringMatchFilterBuilder.parse,getProperty
StringMatchFilterBuilder.parse,getBooleanProperty
StringMatchFilterBuilder.createFilter,error
StringMatchFilterBuilder.createFilter,adapt
StringMatchFilterBuilder.createFilter,newBuilder
StringMatchFilterBuilder.createFilter,setText
StringMatchFilterBuilder.createFilter,setOnMatch
StringMatchFilterBuilder.createFilter,setOnMismatch
StringMatchFilterBuilder.createFilter,build
PropertiesConfigurationFactory.getSupportedTypes,getProperties
PropertiesConfigurationFactory.getSupportedTypes,getBooleanProperty
PropertiesConfigurationFactory.getConfiguration,getProperties
PropertiesConfigurationFactory.getConfiguration,getIntegerProperty
PropertiesConfigurationFactory.getConfiguration,getInputStream
PropertiesConfigurationFactory.getConfiguration,load
PropertiesConfigurationFactory.getConfiguration,toString
PropertiesConfigurationFactory.getConfiguration,setConfigurationSource
PropertiesConfigurationFactory.getConfiguration,setRootProperties
PropertiesConfigurationFactory.getConfiguration,setLoggerContext
PropertiesConfigurationFactory.getConfiguration,build
Log4j1ConfigurationFactory.getConfiguration,getInputStream
Log4j1ConfigurationFactory.getConfiguration,buildConfigurationBuilder
Log4j1ConfigurationFactory.getConfiguration,build
InputStreamWrapper.available,available
InputStreamWrapper.close,close
InputStreamWrapper.equals,equals
InputStreamWrapper.hashCode,hashCode
InputStreamWrapper.mark,mark
InputStreamWrapper.markSupported,markSupported
InputStreamWrapper.read,read
InputStreamWrapper.reset,reset
InputStreamWrapper.skip,skip
InputStreamWrapper.toString,getClass
InputStreamWrapper.toString,getSimpleName
Log4j1ConfigurationConverter.run,isHelp
Log4j1ConfigurationConverter.run,usage
Log4j1ConfigurationConverter.run,run
Log4j1ConfigurationConverter.run,getRecurseIntoPath
Log4j1ConfigurationConverter.run,walkFileTree
Log4j1ConfigurationConverter.run,getPathIn
Log4j1ConfigurationConverter.run,getFileName
Log4j1ConfigurationConverter.run,equals
Log4j1ConfigurationConverter.run,verbose
Log4j1ConfigurationConverter.run,toString
Log4j1ConfigurationConverter.run,lastIndexOf
Log4j1ConfigurationConverter.run,substring
Log4j1ConfigurationConverter.run,resolveSibling
Log4j1ConfigurationConverter.run,newInputStream
Log4j1ConfigurationConverter.run,newOutputStream
Log4j1ConfigurationConverter.run,convert
Log4j1ConfigurationConverter.run,close
Log4j1ConfigurationConverter.run,formatXml
Log4j1ConfigurationConverter.run,toByteArray
Log4j1ConfigurationConverter.run,incrementAndGet
Log4j1ConfigurationConverter.run,isFailFast
Log4j1ConfigurationConverter.run,printStackTrace
Log4j1ConfigurationConverter.run,get
Log4j1ConfigurationConverter.run,getInputStream
Log4j1ConfigurationConverter.run,getOutputStream
Log4j1ConfigurationConverter.run,getPathOut
Log4j1ConfigurationConverter.main,run
Log4j1ConfigurationConverter.convert,buildConfigurationBuilder
Log4j1ConfigurationConverter.convert,writeXmlConfiguration
Log4j1ConfigurationConverter.getInputStream,getPathIn
Log4j1ConfigurationConverter.getInputStream,newInputStream
Log4j1ConfigurationConverter.getInputStream,toString
Log4j1ConfigurationConverter.getOutputStream,getPathOut
Log4j1ConfigurationConverter.getOutputStream,newOutputStream
Log4j1ConfigurationConverter.visitFile,getPathIn
Log4j1ConfigurationConverter.visitFile,getFileName
Log4j1ConfigurationConverter.visitFile,equals
Log4j1ConfigurationConverter.visitFile,verbose
Log4j1ConfigurationConverter.visitFile,toString
Log4j1ConfigurationConverter.visitFile,lastIndexOf
Log4j1ConfigurationConverter.visitFile,substring
Log4j1ConfigurationConverter.visitFile,resolveSibling
Log4j1ConfigurationConverter.visitFile,newInputStream
Log4j1ConfigurationConverter.visitFile,newOutputStream
Log4j1ConfigurationConverter.visitFile,convert
Log4j1ConfigurationConverter.visitFile,close
Log4j1ConfigurationConverter.visitFile,formatXml
Log4j1ConfigurationConverter.visitFile,toByteArray
Log4j1ConfigurationConverter.visitFile,incrementAndGet
Log4j1ConfigurationConverter.visitFile,isFailFast
Log4j1ConfigurationConverter.visitFile,printStackTrace
Log4j1ConfigurationConverter.verbose,isVerbose
Log4j1ConfigurationConverter.verbose,println
Log4j1ConfigurationConverter.verbose,format
CommandLineArguments.run,isHelp
CommandLineArguments.run,usage
CommandLineArguments.run,run
PropertiesConfiguration.doConfigure,getConfigurationSource
PropertiesConfiguration.doConfigure,getInputStream
PropertiesConfiguration.doConfigure,load
PropertiesConfiguration.doConfigure,error
PropertiesConfiguration.doConfigure,toString
PropertiesConfiguration.doConfigure,doConfigure
PropertiesConfiguration.doConfigure,getProperty
PropertiesConfiguration.doConfigure,warn
PropertiesConfiguration.doConfigure,toBoolean
PropertiesConfiguration.doConfigure,withStatus
PropertiesConfiguration.doConfigure,initialize
PropertiesConfiguration.doConfigure,resetConfiguration
PropertiesConfiguration.doConfigure,findAndSubst
PropertiesConfiguration.doConfigure,convertLevel
PropertiesConfiguration.doConfigure,trim
PropertiesConfiguration.doConfigure,addFilter
PropertiesConfiguration.doConfigure,createFilter
PropertiesConfiguration.doConfigure,configureRoot
PropertiesConfiguration.doConfigure,parseLoggers
PropertiesConfiguration.doConfigure,debug
PropertiesConfiguration.reconfigure,getConfigurationSource
PropertiesConfiguration.reconfigure,resetInputStream
PropertiesConfiguration.reconfigure,getConfiguration
PropertiesConfiguration.reconfigure,getLoggerContext
PropertiesConfiguration.reconfigure,getState
PropertiesConfiguration.reconfigure,error
PropertiesConfiguration.configureRoot,findAndSubst
PropertiesConfiguration.configureRoot,debug
PropertiesConfiguration.configureRoot,getRootLogger
PropertiesConfiguration.configureRoot,parseLogger
PropertiesConfiguration.parseLoggers,propertyNames
PropertiesConfiguration.parseLoggers,hasMoreElements
PropertiesConfiguration.parseLoggers,toString
PropertiesConfiguration.parseLoggers,nextElement
PropertiesConfiguration.parseLoggers,startsWith
PropertiesConfiguration.parseLoggers,substring
PropertiesConfiguration.parseLoggers,length
PropertiesConfiguration.parseLoggers,findAndSubst
PropertiesConfiguration.parseLoggers,getLogger
PropertiesConfiguration.parseLoggers,getAdditivityForLogger
PropertiesConfiguration.parseLoggers,addLogger
PropertiesConfiguration.parseLoggers,parseLogger
PropertiesConfiguration.getAdditivityForLogger,findAndSubst
PropertiesConfiguration.getAdditivityForLogger,debug
PropertiesConfiguration.getAdditivityForLogger,isEmpty
PropertiesConfiguration.getAdditivityForLogger,toBoolean
PropertiesConfiguration.parseLogger,debug
PropertiesConfiguration.parseLogger,startsWith
PropertiesConfiguration.parseLogger,isEmpty
PropertiesConfiguration.parseLogger,hasMoreTokens
PropertiesConfiguration.parseLogger,nextToken
PropertiesConfiguration.parseLogger,convertLevel
PropertiesConfiguration.parseLogger,setLevel
PropertiesConfiguration.parseLogger,trim
PropertiesConfiguration.parseLogger,equals
PropertiesConfiguration.parseLogger,parseAppender
PropertiesConfiguration.parseLogger,getName
PropertiesConfiguration.parseLogger,addAppender
PropertiesConfiguration.parseLogger,getAppender
PropertiesConfiguration.parseAppender,get
PropertiesConfiguration.parseAppender,debug
PropertiesConfiguration.parseAppender,findAndSubst
PropertiesConfiguration.parseAppender,parseAppender
PropertiesConfiguration.parseAppender,buildAppender
PropertiesConfiguration.parseAppender,put
PropertiesConfiguration.parseAppender,addAppender
PropertiesConfiguration.parseAppender,adapt
PropertiesConfiguration.buildAppender,newInstanceOf
PropertiesConfiguration.buildAppender,setName
PropertiesConfiguration.buildAppender,setLayout
PropertiesConfiguration.buildAppender,parseLayout
PropertiesConfiguration.buildAppender,findAndSubst
PropertiesConfiguration.buildAppender,parseErrorHandler
PropertiesConfiguration.buildAppender,setErrorHandler
PropertiesConfiguration.buildAppender,addFilter
PropertiesConfiguration.buildAppender,parseAppenderFilters
PropertiesConfiguration.buildAppender,addProperties
PropertiesConfiguration.buildAppender,addAppender
PropertiesConfiguration.buildAppender,adapt
PropertiesConfiguration.buildAppender,put
PropertiesConfiguration.parseLayout,findAndSubst
PropertiesConfiguration.parseLayout,parse
PropertiesConfiguration.parseLayout,buildLayout
PropertiesConfiguration.buildLayout,newInstanceOf
PropertiesConfiguration.buildLayout,debug
PropertiesConfiguration.buildLayout,setProperties
PropertiesConfiguration.parseErrorHandler,newInstanceOf
PropertiesConfiguration.parseErrorHandler,addProperties
PropertiesConfiguration.addProperties,stringPropertyNames
PropertiesConfiguration.addProperties,stream
PropertiesConfiguration.addProperties,filter
PropertiesConfiguration.addProperties,startsWith
PropertiesConfiguration.addProperties,equals
PropertiesConfiguration.addProperties,forEach
PropertiesConfiguration.addProperties,put
PropertiesConfiguration.addProperties,getProperty
PropertiesConfiguration.addProperties,setProperties
PropertiesConfiguration.parseAppenderFilters,length
PropertiesConfiguration.parseAppenderFilters,keys
PropertiesConfiguration.parseAppenderFilters,hasMoreElements
PropertiesConfiguration.parseAppenderFilters,nextElement
PropertiesConfiguration.parseAppenderFilters,startsWith
PropertiesConfiguration.parseAppenderFilters,indexOf
PropertiesConfiguration.parseAppenderFilters,substring
PropertiesConfiguration.parseAppenderFilters,computeIfAbsent
PropertiesConfiguration.parseAppenderFilters,findAndSubst
PropertiesConfiguration.parseAppenderFilters,add
PropertiesConfiguration.parseAppenderFilters,entrySet
PropertiesConfiguration.parseAppenderFilters,getProperty
PropertiesConfiguration.parseAppenderFilters,getKey
PropertiesConfiguration.parseAppenderFilters,parse
PropertiesConfiguration.parseAppenderFilters,debug
PropertiesConfiguration.parseAppenderFilters,getValue
PropertiesConfiguration.parseAppenderFilters,buildFilter
PropertiesConfiguration.parseAppenderFilters,addFilter
PropertiesConfiguration.buildFilter,newInstanceOf
PropertiesConfiguration.buildFilter,setProperty
PropertiesConfiguration.buildFilter,activate
PropertiesConfiguration.parseTriggeringPolicy,findAndSubst
PropertiesConfiguration.parseTriggeringPolicy,parse
PropertiesConfiguration.newInstanceOf,newInstanceOf
PropertiesConfiguration.newInstanceOf,error
PropertiesConfiguration.newInstanceOf,getClass
PropertiesConfiguration.newInstanceOf,getSimpleName
PropertiesConfiguration.newInstanceOf,getMessage
PropertySetterException.getMessage,getMessage
PropertySetter.setProperties,setProperties
PropertySetter.setProperties,length
PropertySetter.setProperties,stringPropertyNames
PropertySetter.setProperties,startsWith
PropertySetter.setProperties,indexOf
PropertySetter.setProperties,findAndSubst
PropertySetter.setProperties,substring
PropertySetter.setProperties,equals
PropertySetter.setProperties,getPropertyDescriptor
PropertySetter.setProperties,decapitalize
PropertySetter.setProperties,isAssignableFrom
PropertySetter.setProperties,getPropertyType
PropertySetter.setProperties,getWriteMethod
PropertySetter.setProperties,instantiateByKey
PropertySetter.setProperties,invoke
PropertySetter.setProperties,getTargetException
PropertySetter.setProperties,currentThread
PropertySetter.setProperties,interrupt
PropertySetter.setProperties,warn
PropertySetter.setProperties,setProperty
PropertySetter.setProperties,activate
PropertySetter.introspect,getBeanInfo
PropertySetter.introspect,getClass
PropertySetter.introspect,getPropertyDescriptors
PropertySetter.introspect,error
PropertySetter.introspect,getMessage
PropertySetter.setProperty,decapitalize
PropertySetter.setProperty,getPropertyDescriptor
PropertySetter.setProperty,warn
PropertySetter.setProperty,getClass
PropertySetter.setProperty,getName
PropertySetter.setProperty,setProperty
PropertySetter.setProperty,getWriteMethod
PropertySetter.setProperty,getParameterTypes
PropertySetter.setProperty,convertArg
PropertySetter.setProperty,debug
PropertySetter.setProperty,invoke
PropertySetter.setProperty,getTargetException
PropertySetter.setProperty,currentThread
PropertySetter.setProperty,interrupt
PropertySetter.convertArg,trim
PropertySetter.convertArg,isAssignableFrom
PropertySetter.convertArg,parseInt
PropertySetter.convertArg,parseLong
PropertySetter.convertArg,equalsIgnoreCase
PropertySetter.convertArg,toLevel
PropertySetter.convertArg,instantiateByClassName
PropertySetter.getPropertyDescriptor,introspect
PropertySetter.getPropertyDescriptor,equals
PropertySetter.getPropertyDescriptor,getName
Log4j1ConfigurationParser.buildConfigurationBuilder,load
Log4j1ConfigurationParser.buildConfigurationBuilder,getLog4jValue
Log4j1ConfigurationParser.buildConfigurationBuilder,warn
Log4j1ConfigurationParser.buildConfigurationBuilder,setConfigurationName
Log4j1ConfigurationParser.buildConfigurationBuilder,parseBoolean
Log4j1ConfigurationParser.buildConfigurationBuilder,setStatusLevel
Log4j1ConfigurationParser.buildConfigurationBuilder,findAndSubst
Log4j1ConfigurationParser.buildConfigurationBuilder,convertLevel
Log4j1ConfigurationParser.buildConfigurationBuilder,trim
Log4j1ConfigurationParser.buildConfigurationBuilder,add
Log4j1ConfigurationParser.buildConfigurationBuilder,newFilter
Log4j1ConfigurationParser.buildConfigurationBuilder,addAttribute
Log4j1ConfigurationParser.buildConfigurationBuilder,buildRootLogger
Log4j1ConfigurationParser.buildConfigurationBuilder,buildClassToPropertyPrefixMap
Log4j1ConfigurationParser.buildConfigurationBuilder,entrySet
Log4j1ConfigurationParser.buildConfigurationBuilder,getKey
Log4j1ConfigurationParser.buildConfigurationBuilder,getValue
Log4j1ConfigurationParser.buildConfigurationBuilder,buildAppender
Log4j1ConfigurationParser.buildConfigurationBuilder,buildLoggers
Log4j1ConfigurationParser.buildConfigurationBuilder,buildProperties
Log4j1ConfigurationParser.buildProperties,entrySet
Log4j1ConfigurationParser.buildProperties,getKey
Log4j1ConfigurationParser.buildProperties,toString
Log4j1ConfigurationParser.buildProperties,startsWith
Log4j1ConfigurationParser.buildProperties,equals
Log4j1ConfigurationParser.buildProperties,addProperty
Log4j1ConfigurationParser.buildProperties,getValue
Log4j1ConfigurationParser.warn,println
Log4j1ConfigurationParser.buildClassToPropertyPrefixMap,length
Log4j1ConfigurationParser.buildClassToPropertyPrefixMap,entrySet
Log4j1ConfigurationParser.buildClassToPropertyPrefixMap,getKey
Log4j1ConfigurationParser.buildClassToPropertyPrefixMap,toString
Log4j1ConfigurationParser.buildClassToPropertyPrefixMap,trim
Log4j1ConfigurationParser.buildClassToPropertyPrefixMap,startsWith
Log4j1ConfigurationParser.buildClassToPropertyPrefixMap,indexOf
Log4j1ConfigurationParser.buildClassToPropertyPrefixMap,substring
Log4j1ConfigurationParser.buildClassToPropertyPrefixMap,getValue
Log4j1ConfigurationParser.buildClassToPropertyPrefixMap,put
Log4j1ConfigurationParser.buildAppender,buildConsoleAppender
Log4j1ConfigurationParser.buildAppender,buildFileAppender
Log4j1ConfigurationParser.buildAppender,buildDailyRollingFileAppender
Log4j1ConfigurationParser.buildAppender,buildRollingFileAppender
Log4j1ConfigurationParser.buildAppender,buildNullAppender
Log4j1ConfigurationParser.buildAppender,reportWarning
Log4j1ConfigurationParser.buildConsoleAppender,newAppender
Log4j1ConfigurationParser.buildConsoleAppender,getLog4jAppenderValue
Log4j1ConfigurationParser.buildConsoleAppender,reportWarning
Log4j1ConfigurationParser.buildConsoleAppender,addAttribute
Log4j1ConfigurationParser.buildConsoleAppender,buildAttribute
Log4j1ConfigurationParser.buildConsoleAppender,equalsIgnoreCase
Log4j1ConfigurationParser.buildConsoleAppender,buildAppenderLayout
Log4j1ConfigurationParser.buildConsoleAppender,add
Log4j1ConfigurationParser.buildFileAppender,newAppender
Log4j1ConfigurationParser.buildFileAppender,buildFileAppender
Log4j1ConfigurationParser.buildFileAppender,add
Log4j1ConfigurationParser.buildFileAppender,buildMandatoryAttribute
Log4j1ConfigurationParser.buildFileAppender,buildAttribute
Log4j1ConfigurationParser.buildFileAppender,buildAppenderLayout
Log4j1ConfigurationParser.buildDailyRollingFileAppender,newAppender
Log4j1ConfigurationParser.buildDailyRollingFileAppender,buildFileAppender
Log4j1ConfigurationParser.buildDailyRollingFileAppender,getLog4jAppenderValue
Log4j1ConfigurationParser.buildDailyRollingFileAppender,addAttribute
Log4j1ConfigurationParser.buildDailyRollingFileAppender,newComponent
Log4j1ConfigurationParser.buildDailyRollingFileAppender,addComponent
Log4j1ConfigurationParser.buildDailyRollingFileAppender,add
Log4j1ConfigurationParser.buildRollingFileAppender,newAppender
Log4j1ConfigurationParser.buildRollingFileAppender,buildFileAppender
Log4j1ConfigurationParser.buildRollingFileAppender,getLog4jAppenderValue
Log4j1ConfigurationParser.buildRollingFileAppender,addAttribute
Log4j1ConfigurationParser.buildRollingFileAppender,newComponent
Log4j1ConfigurationParser.buildRollingFileAppender,addComponent
Log4j1ConfigurationParser.buildRollingFileAppender,add
Log4j1ConfigurationParser.buildAttribute,getLog4jAppenderValue
Log4j1ConfigurationParser.buildAttribute,addAttribute
Log4j1ConfigurationParser.buildMandatoryAttribute,getLog4jAppenderValue
Log4j1ConfigurationParser.buildMandatoryAttribute,addAttribute
Log4j1ConfigurationParser.buildMandatoryAttribute,reportWarning
Log4j1ConfigurationParser.buildNullAppender,newAppender
Log4j1ConfigurationParser.buildNullAppender,add
Log4j1ConfigurationParser.buildAppenderLayout,getLog4jAppenderValue
Log4j1ConfigurationParser.buildAppenderLayout,replaceAll
Log4j1ConfigurationParser.buildAppenderLayout,add
Log4j1ConfigurationParser.buildAppenderLayout,newPatternLayout
Log4j1ConfigurationParser.buildAppenderLayout,equalsIgnoreCase
Log4j1ConfigurationParser.buildAppenderLayout,parseBoolean
Log4j1ConfigurationParser.buildAppenderLayout,newLayout
Log4j1ConfigurationParser.buildAppenderLayout,addAttribute
Log4j1ConfigurationParser.buildAppenderLayout,reportWarning
Log4j1ConfigurationParser.newPatternLayout,newLayout
Log4j1ConfigurationParser.newPatternLayout,addAttribute
Log4j1ConfigurationParser.buildRootLogger,split
Log4j1ConfigurationParser.buildRootLogger,getLevelString
Log4j1ConfigurationParser.buildRootLogger,name
Log4j1ConfigurationParser.buildRootLogger,newRootLogger
Log4j1ConfigurationParser.buildRootLogger,copyOfRange
Log4j1ConfigurationParser.buildRootLogger,sort
Log4j1ConfigurationParser.buildRootLogger,add
Log4j1ConfigurationParser.buildRootLogger,newAppenderRef
Log4j1ConfigurationParser.buildLoggers,length
Log4j1ConfigurationParser.buildLoggers,entrySet
Log4j1ConfigurationParser.buildLoggers,getKey
Log4j1ConfigurationParser.buildLoggers,toString
Log4j1ConfigurationParser.buildLoggers,trim
Log4j1ConfigurationParser.buildLoggers,startsWith
Log4j1ConfigurationParser.buildLoggers,substring
Log4j1ConfigurationParser.buildLoggers,getValue
Log4j1ConfigurationParser.buildLoggers,split
Log4j1ConfigurationParser.buildLoggers,getLevelString
Log4j1ConfigurationParser.buildLoggers,warn
Log4j1ConfigurationParser.buildLoggers,newLogger
Log4j1ConfigurationParser.buildLoggers,copyOfRange
Log4j1ConfigurationParser.buildLoggers,sort
Log4j1ConfigurationParser.buildLoggers,add
Log4j1ConfigurationParser.buildLoggers,newAppenderRef
Log4j1ConfigurationParser.getLog4jAppenderValue,getProperty
Log4j1ConfigurationParser.getProperty,getProperty
Log4j1ConfigurationParser.getProperty,substVars
Log4j1ConfigurationParser.getProperty,trim
Log4j1ConfigurationParser.getLog4jValue,getProperty
Log4j1ConfigurationParser.reportWarning,getLogger
Log4j1ConfigurationParser.reportWarning,warn
Log4j1Configuration.initialize,getStrSubstitutor
Log4j1Configuration.initialize,setConfiguration
Log4j1Configuration.initialize,getConfigurationStrSubstitutor
Log4j1Configuration.initialize,start
Log4j1Configuration.initialize,doConfigure
Log4j1Configuration.initialize,setState
Log4j1Configuration.initialize,debug
AppenderAdapter.adapt,getAdapter
AppenderAdapter.append,doAppend
AppenderAdapter.stop,close
Adapter.append,doAppend
Adapter.stop,close
RewritePolicyAdapter.rewrite,rewrite
LogEventWrapper.getLevel,convertLevel
LogEventWrapper.getLevel,getLevel
LogEventWrapper.getLoggerName,getLoggerName
LogEventWrapper.getMessage,getRenderedMessage
LogEventWrapper.getTimeMillis,getTimeStamp
LogEventWrapper.getInstant,initFromEpochMilli
LogEventWrapper.getInstant,getTimeStamp
LogEventWrapper.getSource,getLocationInformation
LogEventWrapper.getSource,getClassName
LogEventWrapper.getSource,getMethodName
LogEventWrapper.getSource,getFileName
LogEventWrapper.getSource,parseInt
LogEventWrapper.getSource,getLineNumber
LogEventWrapper.getThreadName,getThreadName
LogEventWrapper.getThreadId,getThread
LogEventWrapper.getThreadId,getId
LogEventWrapper.getThreadPriority,getThread
LogEventWrapper.getThreadPriority,getPriority
LogEventWrapper.getThread,getThreadName
LogEventWrapper.getThread,getAllStackTraces
LogEventWrapper.getThread,keySet
LogEventWrapper.getThread,getName
LogEventWrapper.getThread,equals
LogEventWrapper.getThrown,getThrowableInformation
LogEventWrapper.getThrown,getThrowable
LogEventWrapper.forEach,accept
LogEventWrapper.equals,toMap
LogEventWrapper.equals,equals
LogEventWrapper.hashCode,toMap
LogEventWrapper.hashCode,hashCode
ContextDataMap.forEach,accept
ContextDataMap.equals,toMap
ContextDataMap.equals,equals
ContextDataMap.hashCode,toMap
ContextDataMap.hashCode,hashCode
LayoutWrapper.format,toSerializable
LayoutWrapper.format,toString
LayoutWrapper.toString,format
ErrorHandlerAdapter.error,error
RewritePolicyWrapper.rewrite,rewrite
AppenderWrapper.adapt,hasFilter
AppenderWrapper.adapt,getAppender
AppenderWrapper.addFilter,warn
AppenderWrapper.addFilter,getName
AppenderWrapper.doAppend,append
AppenderWrapper.getName,getName
AppenderWrapper.setErrorHandler,setHandler
AppenderWrapper.getErrorHandler,getHandler
AppenderWrapper.getLayout,getLayout
LogEventAdapter.initStartTime,loadSystemClass
LogEventAdapter.initStartTime,getMethod
LogEventAdapter.initStartTime,invoke
LogEventAdapter.initStartTime,getLogger
LogEventAdapter.initStartTime,error
LogEventAdapter.initStartTime,currentTimeMillis
LogEventAdapter.getLocationInformation,getSource
LogEventAdapter.getLevel,convertLevel
LogEventAdapter.getLevel,getLevel
LogEventAdapter.getLoggerName,getLoggerName
LogEventAdapter.getTimeStamp,getTimeMillis
LogEventAdapter.getLogger,getInstance
LogEventAdapter.getLogger,getLoggerName
LogEventAdapter.getMessage,getMessage
LogEventAdapter.getNDC,getContextStack
LogEventAdapter.getNDC,toString
LogEventAdapter.getMDC,getContextData
LogEventAdapter.getMDC,getValue
LogEventAdapter.getRenderedMessage,getMessage
LogEventAdapter.getRenderedMessage,getFormattedMessage
LogEventAdapter.getThreadName,getThreadName
LogEventAdapter.getThrowableInformation,getThrown
LogEventAdapter.getThrowableStrRep,getThrown
LogEventAdapter.getThrowableStrRep,toStringList
LogEventAdapter.getThrowableStrRep,toArray
LogEventAdapter.getProperty,getContextData
LogEventAdapter.getProperty,getValue
LogEventAdapter.getPropertyKeySet,getContextData
LogEventAdapter.getPropertyKeySet,toMap
LogEventAdapter.getPropertyKeySet,keySet
LogEventAdapter.getProperties,getContextData
LogEventAdapter.getProperties,toMap
FilterAdapter.adapt,getNext
FilterAdapter.addFilter,createFilters
FilterAdapter.addFilter,adapt
FilterAdapter.addFilter,addFilter
FilterAdapter.filter,decide
FilterAdapter.filter,getNext
FilterAdapter.start,activateOptions
LayoutAdapter.getFooter,getFooter
LayoutAdapter.getFooter,getBytes
LayoutAdapter.getHeader,getHeader
LayoutAdapter.getHeader,getBytes
LayoutAdapter.toByteArray,format
LayoutAdapter.toByteArray,getBytes
LayoutAdapter.toSerializable,format
LayoutAdapter.getContentType,getContentType
LayoutAdapter.encode,toByteArray
LayoutAdapter.encode,writeBytes
LoggerDynamicMBean.addAppender,debug
LoggerDynamicMBean.addAppender,instantiateByClassName
LoggerDynamicMBean.addAppender,setName
LoggerDynamicMBean.addAppender,addAppender
LoggerDynamicMBean.appenderMBeanRegistration,getAllAppenders
LoggerDynamicMBean.appenderMBeanRegistration,hasMoreElements
LoggerDynamicMBean.appenderMBeanRegistration,nextElement
LoggerDynamicMBean.appenderMBeanRegistration,registerAppenderMBean
LoggerDynamicMBean.buildDynamicMBeanInfo,getClass
LoggerDynamicMBean.buildDynamicMBeanInfo,getConstructors
LoggerDynamicMBean.buildDynamicMBeanInfo,add
LoggerDynamicMBean.getAttribute,equals
LoggerDynamicMBean.getAttribute,getName
LoggerDynamicMBean.getAttribute,getLevel
LoggerDynamicMBean.getAttribute,toString
LoggerDynamicMBean.getAttribute,startsWith
LoggerDynamicMBean.getAttribute,error
LoggerDynamicMBean.getMBeanInfo,size
LoggerDynamicMBean.getMBeanInfo,toArray
LoggerDynamicMBean.handleNotification,debug
LoggerDynamicMBean.handleNotification,getType
LoggerDynamicMBean.handleNotification,registerAppenderMBean
LoggerDynamicMBean.handleNotification,getUserData
LoggerDynamicMBean.invoke,equals
LoggerDynamicMBean.invoke,addAppender
LoggerDynamicMBean.postRegister,appenderMBeanRegistration
LoggerDynamicMBean.registerAppenderMBean,getAppenderName
LoggerDynamicMBean.registerAppenderMBean,debug
LoggerDynamicMBean.registerAppenderMBean,isRegistered
LoggerDynamicMBean.registerAppenderMBean,registerMBean
LoggerDynamicMBean.registerAppenderMBean,add
LoggerDynamicMBean.registerAppenderMBean,error
LoggerDynamicMBean.setAttribute,getName
LoggerDynamicMBean.setAttribute,getValue
LoggerDynamicMBean.setAttribute,equals
LoggerDynamicMBean.setAttribute,getLevel
LoggerDynamicMBean.setAttribute,equalsIgnoreCase
LoggerDynamicMBean.setAttribute,toLevel
LoggerDynamicMBean.setAttribute,setLevel
LoggerDynamicMBean.setAttribute,getClass
LayoutDynamicMBean.buildDynamicMBeanInfo,getClass
LayoutDynamicMBean.buildDynamicMBeanInfo,getConstructors
LayoutDynamicMBean.buildDynamicMBeanInfo,getBeanInfo
LayoutDynamicMBean.buildDynamicMBeanInfo,getPropertyDescriptors
LayoutDynamicMBean.buildDynamicMBeanInfo,getName
LayoutDynamicMBean.buildDynamicMBeanInfo,getReadMethod
LayoutDynamicMBean.buildDynamicMBeanInfo,getWriteMethod
LayoutDynamicMBean.buildDynamicMBeanInfo,getReturnType
LayoutDynamicMBean.buildDynamicMBeanInfo,isSupportedType
LayoutDynamicMBean.buildDynamicMBeanInfo,isAssignableFrom
LayoutDynamicMBean.buildDynamicMBeanInfo,add
LayoutDynamicMBean.buildDynamicMBeanInfo,put
LayoutDynamicMBean.getAttribute,get
LayoutDynamicMBean.getAttribute,debug
LayoutDynamicMBean.getAttribute,invoke
LayoutDynamicMBean.getAttribute,getTargetException
LayoutDynamicMBean.getAttribute,currentThread
LayoutDynamicMBean.getAttribute,interrupt
LayoutDynamicMBean.getMBeanInfo,debug
LayoutDynamicMBean.getMBeanInfo,size
LayoutDynamicMBean.getMBeanInfo,toArray
LayoutDynamicMBean.invoke,equals
LayoutDynamicMBean.invoke,activateOptions
LayoutDynamicMBean.isSupportedType,isPrimitive
LayoutDynamicMBean.isSupportedType,isAssignableFrom
LayoutDynamicMBean.setAttribute,getName
LayoutDynamicMBean.setAttribute,getValue
LayoutDynamicMBean.setAttribute,get
LayoutDynamicMBean.setAttribute,getParameterTypes
LayoutDynamicMBean.setAttribute,toLevel
LayoutDynamicMBean.setAttribute,getAttribute
LayoutDynamicMBean.setAttribute,invoke
LayoutDynamicMBean.setAttribute,getTargetException
LayoutDynamicMBean.setAttribute,currentThread
LayoutDynamicMBean.setAttribute,interrupt
LayoutDynamicMBean.setAttribute,error
LayoutDynamicMBean.setAttribute,getClass
AbstractDynamicMBean.getAppenderName,getName
AbstractDynamicMBean.getAppenderName,trim
AbstractDynamicMBean.getAppenderName,length
AbstractDynamicMBean.getAppenderName,toString
AbstractDynamicMBean.getAttributes,getAttribute
AbstractDynamicMBean.getAttributes,add
AbstractDynamicMBean.getAttributes,printStackTrace
AbstractDynamicMBean.postDeregister,getLogger
AbstractDynamicMBean.postDeregister,debug
AbstractDynamicMBean.preDeregister,getLogger
AbstractDynamicMBean.preDeregister,debug
AbstractDynamicMBean.preDeregister,elements
AbstractDynamicMBean.preDeregister,hasMoreElements
AbstractDynamicMBean.preDeregister,nextElement
AbstractDynamicMBean.preDeregister,unregisterMBean
AbstractDynamicMBean.preDeregister,warn
AbstractDynamicMBean.preDeregister,getCanonicalName
AbstractDynamicMBean.preRegister,getLogger
AbstractDynamicMBean.preRegister,debug
AbstractDynamicMBean.registerMBean,registerMBean
AbstractDynamicMBean.registerMBean,add
AbstractDynamicMBean.setAttributes,isEmpty
AbstractDynamicMBean.setAttributes,setAttribute
AbstractDynamicMBean.setAttributes,getName
AbstractDynamicMBean.setAttributes,getAttribute
AbstractDynamicMBean.setAttributes,add
AbstractDynamicMBean.setAttributes,printStackTrace
Agent.createServer,newInstanceOf
Agent.startServer,getClass
Agent.startServer,getMethod
Agent.startServer,invoke
Agent.startServer,getTargetException
Agent.startServer,currentThread
Agent.startServer,interrupt
Agent.startServer,toString
Agent.start,createMBeanServer
Agent.start,createServer
Agent.start,info
Agent.start,registerMBean
Agent.start,error
Agent.start,startServer
AppenderDynamicMBean.buildDynamicMBeanInfo,getClass
AppenderDynamicMBean.buildDynamicMBeanInfo,getConstructors
AppenderDynamicMBean.buildDynamicMBeanInfo,getBeanInfo
AppenderDynamicMBean.buildDynamicMBeanInfo,getPropertyDescriptors
AppenderDynamicMBean.buildDynamicMBeanInfo,getName
AppenderDynamicMBean.buildDynamicMBeanInfo,getReadMethod
AppenderDynamicMBean.buildDynamicMBeanInfo,getWriteMethod
AppenderDynamicMBean.buildDynamicMBeanInfo,getReturnType
AppenderDynamicMBean.buildDynamicMBeanInfo,isSupportedType
AppenderDynamicMBean.buildDynamicMBeanInfo,isAssignableFrom
AppenderDynamicMBean.buildDynamicMBeanInfo,add
AppenderDynamicMBean.buildDynamicMBeanInfo,put
AppenderDynamicMBean.getAttribute,debug
AppenderDynamicMBean.getAttribute,startsWith
AppenderDynamicMBean.getAttribute,getName
AppenderDynamicMBean.getAttribute,error
AppenderDynamicMBean.getAttribute,get
AppenderDynamicMBean.getAttribute,invoke
AppenderDynamicMBean.getAttribute,getTargetException
AppenderDynamicMBean.getAttribute,currentThread
AppenderDynamicMBean.getAttribute,interrupt
AppenderDynamicMBean.getMBeanInfo,debug
AppenderDynamicMBean.getMBeanInfo,size
AppenderDynamicMBean.getMBeanInfo,toArray
AppenderDynamicMBean.invoke,equals
AppenderDynamicMBean.invoke,activateOptions
AppenderDynamicMBean.invoke,instantiateByClassName
AppenderDynamicMBean.invoke,setLayout
AppenderDynamicMBean.invoke,registerLayoutMBean
AppenderDynamicMBean.isSupportedType,isPrimitive
AppenderDynamicMBean.isSupportedType,isAssignableFrom
AppenderDynamicMBean.preRegister,debug
AppenderDynamicMBean.preRegister,registerLayoutMBean
AppenderDynamicMBean.preRegister,getLayout
AppenderDynamicMBean.registerLayoutMBean,getAppenderName
AppenderDynamicMBean.registerLayoutMBean,getClass
AppenderDynamicMBean.registerLayoutMBean,getName
AppenderDynamicMBean.registerLayoutMBean,debug
AppenderDynamicMBean.registerLayoutMBean,isRegistered
AppenderDynamicMBean.registerLayoutMBean,registerMBean
AppenderDynamicMBean.registerLayoutMBean,add
AppenderDynamicMBean.registerLayoutMBean,error
AppenderDynamicMBean.setAttribute,getName
AppenderDynamicMBean.setAttribute,getValue
AppenderDynamicMBean.setAttribute,get
AppenderDynamicMBean.setAttribute,getParameterTypes
AppenderDynamicMBean.setAttribute,toLevel
AppenderDynamicMBean.setAttribute,getAttribute
AppenderDynamicMBean.setAttribute,invoke
AppenderDynamicMBean.setAttribute,getTargetException
AppenderDynamicMBean.setAttribute,currentThread
AppenderDynamicMBean.setAttribute,interrupt
AppenderDynamicMBean.setAttribute,error
AppenderDynamicMBean.setAttribute,endsWith
AppenderDynamicMBean.setAttribute,getClass
HierarchyDynamicMBean.addAppenderEvent,debug
HierarchyDynamicMBean.addAppenderEvent,getName
HierarchyDynamicMBean.addAppenderEvent,setUserData
HierarchyDynamicMBean.addAppenderEvent,sendNotification
HierarchyDynamicMBean.addLoggerMBean,getName
HierarchyDynamicMBean.addLoggerMBean,isRegistered
HierarchyDynamicMBean.addLoggerMBean,registerMBean
HierarchyDynamicMBean.addLoggerMBean,enableType
HierarchyDynamicMBean.addLoggerMBean,debug
HierarchyDynamicMBean.addLoggerMBean,addNotificationListener
HierarchyDynamicMBean.addLoggerMBean,add
HierarchyDynamicMBean.addLoggerMBean,error
HierarchyDynamicMBean.addLoggerMBean,exists
HierarchyDynamicMBean.addLoggerMBean,addLoggerMBean
HierarchyDynamicMBean.addNotificationListener,addNotificationListener
HierarchyDynamicMBean.buildDynamicMBeanInfo,getClass
HierarchyDynamicMBean.buildDynamicMBeanInfo,getConstructors
HierarchyDynamicMBean.buildDynamicMBeanInfo,add
HierarchyDynamicMBean.getAttribute,debug
HierarchyDynamicMBean.getAttribute,equals
HierarchyDynamicMBean.getAttribute,getThreshold
HierarchyDynamicMBean.getAttribute,startsWith
HierarchyDynamicMBean.getAttribute,indexOf
HierarchyDynamicMBean.getAttribute,substring
HierarchyDynamicMBean.getAttribute,error
HierarchyDynamicMBean.getMBeanInfo,size
HierarchyDynamicMBean.getMBeanInfo,toArray
HierarchyDynamicMBean.getNotificationInfo,getNotificationInfo
HierarchyDynamicMBean.invoke,equals
HierarchyDynamicMBean.invoke,addLoggerMBean
HierarchyDynamicMBean.postRegister,debug
HierarchyDynamicMBean.postRegister,addHierarchyEventListener
HierarchyDynamicMBean.postRegister,getRootLogger
HierarchyDynamicMBean.postRegister,addLoggerMBean
HierarchyDynamicMBean.removeAppenderEvent,debug
HierarchyDynamicMBean.removeAppenderEvent,getName
HierarchyDynamicMBean.removeNotificationListener,removeNotificationListener
HierarchyDynamicMBean.setAttribute,getName
HierarchyDynamicMBean.setAttribute,getValue
HierarchyDynamicMBean.setAttribute,equals
HierarchyDynamicMBean.setAttribute,toLevel
HierarchyDynamicMBean.setAttribute,getThreshold
HierarchyDynamicMBean.setAttribute,setThreshold
Log4j1SyslogLayout.build,isValid
Log4j1SyslogLayout.build,error
Log4j1SyslogLayout.build,getCharset
Log4j1SyslogLayout.setFacility,asBuilder
Log4j1SyslogLayout.setFacilityPrinting,asBuilder
Log4j1SyslogLayout.setHeader,asBuilder
Log4j1SyslogLayout.setMessageLayout,asBuilder
Log4j1SyslogLayout.newBuilder,asBuilder
Log4j1SyslogLayout.toSerializable,toSerializable
Log4j1SyslogLayout.toSerializable,getMessage
Log4j1SyslogLayout.toSerializable,getFormattedMessage
Log4j1SyslogLayout.toSerializable,getStringBuilder
Log4j1SyslogLayout.toSerializable,append
Log4j1SyslogLayout.toSerializable,getPriority
Log4j1SyslogLayout.toSerializable,getLevel
Log4j1SyslogLayout.toSerializable,length
Log4j1SyslogLayout.toSerializable,format
Log4j1SyslogLayout.toSerializable,charAt
Log4j1SyslogLayout.toSerializable,setCharAt
Log4j1SyslogLayout.toSerializable,toRootLowerCase
Log4j1SyslogLayout.toSerializable,name
Log4j1SyslogLayout.toSerializable,toString
Log4j1SyslogLayout.getContentFormat,put
Builder.setFacility,asBuilder
Builder.setFacilityPrinting,asBuilder
Builder.setHeader,asBuilder
Builder.setMessageLayout,asBuilder
Log4j1XmlLayout.encode,getStringBuilder
Log4j1XmlLayout.encode,formatTo
Log4j1XmlLayout.encode,getStringBuilderEncoder
Log4j1XmlLayout.encode,encode
Log4j1XmlLayout.toSerializable,getStringBuilder
Log4j1XmlLayout.toSerializable,formatTo
Log4j1XmlLayout.toSerializable,toString
Log4j1XmlLayout.formatTo,append
Log4j1XmlLayout.formatTo,escapeHtmlTags
Log4j1XmlLayout.formatTo,getLoggerName
Log4j1XmlLayout.formatTo,getTimeMillis
Log4j1XmlLayout.formatTo,valueOf
Log4j1XmlLayout.formatTo,getLevel
Log4j1XmlLayout.formatTo,getThreadName
Log4j1XmlLayout.formatTo,appendEscapingCData
Log4j1XmlLayout.formatTo,getMessage
Log4j1XmlLayout.formatTo,getFormattedMessage
Log4j1XmlLayout.formatTo,getContextStack
Log4j1XmlLayout.formatTo,asList
Log4j1XmlLayout.formatTo,isEmpty
Log4j1XmlLayout.formatTo,join
Log4j1XmlLayout.formatTo,getThrown
Log4j1XmlLayout.formatTo,printStackTrace
Log4j1XmlLayout.formatTo,toString
Log4j1XmlLayout.formatTo,getSource
Log4j1XmlLayout.formatTo,getClassName
Log4j1XmlLayout.formatTo,getMethodName
Log4j1XmlLayout.formatTo,getFileName
Log4j1XmlLayout.formatTo,getLineNumber
Log4j1XmlLayout.formatTo,getContextData
Log4j1XmlLayout.formatTo,forEach
CategoryUtil.get,isCore
CategoryUtil.get,get
CategoryUtil.getAppenders,get
CategoryUtil.getAppenders,getDirectAppenders
CategoryUtil.getAppenders,emptyMap
CategoryUtil.getDirectAppenders,getExactLoggerConfig
CategoryUtil.getDirectAppenders,map
CategoryUtil.getDirectAppenders,orElse
CategoryUtil.getDirectAppenders,emptyMap
CategoryUtil.getExactLoggerConfig,of
CategoryUtil.getExactLoggerConfig,filter
CategoryUtil.getExactLoggerConfig,getName
CategoryUtil.getExactLoggerConfig,equals
CategoryUtil.getExactLoggerConfig,asCore
CategoryUtil.getExactLoggerConfig,get
CategoryUtil.getFilters,get
CategoryUtil.getFilters,asCore
CategoryUtil.getLoggerContext,get
CategoryUtil.getLoggerContext,asCore
CategoryUtil.getParent,get
CategoryUtil.getParent,asCore
CategoryUtil.isAdditive,get
CategoryUtil.isAdditive,asCore
CategoryUtil.setAdditivity,isCore
CategoryUtil.setAdditivity,asCore
CategoryUtil.setAdditivity,setAdditive
CategoryUtil.setLevel,isCore
CategoryUtil.setLevel,setLevel
CategoryUtil.setLevel,asCore
CategoryUtil.getExplicitLevel,isCore
CategoryUtil.getExplicitLevel,getExplicitLevel
CategoryUtil.getExplicitLevel,asCore
CategoryUtil.getExplicitLevel,getLevel
CategoryUtil.getExplicitLevel,get
CategoryUtil.getExplicitLevel,getName
CategoryUtil.getExplicitLevel,equals
CategoryUtil.addAppender,start
CategoryUtil.addAppender,asCore
CategoryUtil.addAppender,addAppender
CategoryUtil.log,getExactLoggerConfig
CategoryUtil.log,ifPresent
CategoryUtil.log,log
XmlConfigurationFactory.getSupportedTypes,getProperties
XmlConfigurationFactory.getSupportedTypes,getBooleanProperty
XmlConfigurationFactory.getConfiguration,getProperties
XmlConfigurationFactory.getConfiguration,getIntegerProperty
Log4jEntityResolver.resolveEntity,endsWith
Log4jEntityResolver.resolveEntity,equals
Log4jEntityResolver.resolveEntity,getClass
Log4jEntityResolver.resolveEntity,getResourceAsStream
Log4jEntityResolver.resolveEntity,warn
Log4jEntityResolver.resolveEntity,getClassLoader
XmlConfiguration.addAppenderIfAbsent,putIfAbsent
XmlConfiguration.addAppenderIfAbsent,getName
XmlConfiguration.doConfigure,getConfigurationSource
XmlConfiguration.doConfigure,getInputStream
XmlConfiguration.doConfigure,setSystemId
XmlConfiguration.doConfigure,parse
XmlConfiguration.doConfigure,getLocation
XmlConfiguration.doConfigure,doConfigure
XmlConfiguration.doConfigure,debug
XmlConfiguration.doConfigure,getSystemProperty
XmlConfiguration.doConfigure,newInstance
XmlConfiguration.doConfigure,getClass
XmlConfiguration.doConfigure,getName
XmlConfiguration.doConfigure,getException
XmlConfiguration.doConfigure,setValidating
XmlConfiguration.doConfigure,newDocumentBuilder
XmlConfiguration.doConfigure,setErrorHandler
XmlConfiguration.doConfigure,setEntityResolver
XmlConfiguration.doConfigure,getDocumentElement
XmlConfiguration.doConfigure,currentThread
XmlConfiguration.doConfigure,interrupt
XmlConfiguration.doConfigure,error
XmlConfiguration.doConfigure,toString
XmlConfiguration.parse,getInputStream
XmlConfiguration.parse,setSystemId
XmlConfiguration.parse,parse
XmlConfiguration.parse,getTagName
XmlConfiguration.parse,equals
XmlConfiguration.parse,warn
XmlConfiguration.parse,error
XmlConfiguration.parse,subst
XmlConfiguration.parse,getAttribute
XmlConfiguration.parse,debug
XmlConfiguration.parse,isEmpty
XmlConfiguration.parse,toBoolean
XmlConfiguration.parse,withStatus
XmlConfiguration.parse,initialize
XmlConfiguration.parse,convertLevel
XmlConfiguration.parse,trim
XmlConfiguration.parse,addFilter
XmlConfiguration.parse,createFilter
XmlConfiguration.parse,forEachElement
XmlConfiguration.parse,getChildNodes
XmlConfiguration.parse,parseCategory
XmlConfiguration.parse,parseRoot
XmlConfiguration.parse,parseAppender
XmlConfiguration.parse,put
XmlConfiguration.parse,getName
XmlConfiguration.parse,addAppender
XmlConfiguration.parse,adapt
XmlConfiguration.parse,quietParseUnrecognizedElement
XmlConfiguration.toString,getConfigurationSource
XmlConfiguration.toString,getLocation
XmlConfiguration.toString,getClass
XmlConfiguration.toString,getSimpleName
XmlConfiguration.toString,ofEpochMilli
XmlConfiguration.toString,getLastModified
XmlConfiguration.reconfigure,getConfigurationSource
XmlConfiguration.reconfigure,resetInputStream
XmlConfiguration.reconfigure,getConfiguration
XmlConfiguration.reconfigure,getLoggerContext
XmlConfiguration.reconfigure,getState
XmlConfiguration.reconfigure,error
XmlConfiguration.parseUnrecognizedElement,warn
XmlConfiguration.parseUnrecognizedElement,getNodeName
XmlConfiguration.quietParseUnrecognizedElement,parseUnrecognizedElement
XmlConfiguration.quietParseUnrecognizedElement,currentThread
XmlConfiguration.quietParseUnrecognizedElement,interrupt
XmlConfiguration.quietParseUnrecognizedElement,error
XmlConfiguration.subst,substVars
XmlConfiguration.subst,warn
XmlConfiguration.subst,getStrSubstitutor
XmlConfiguration.subst,replace
XmlConfiguration.setParameter,subst
XmlConfiguration.setParameter,getAttribute
XmlConfiguration.setParameter,convertSpecialChars
XmlConfiguration.setParameter,setProperty
XmlConfiguration.parseElement,subst
XmlConfiguration.parseElement,getAttribute
XmlConfiguration.parseElement,instantiateByClassName
XmlConfiguration.parseElement,getChildNodes
XmlConfiguration.parseElement,getLength
XmlConfiguration.parseElement,item
XmlConfiguration.parseElement,getNodeType
XmlConfiguration.parseElement,getTagName
XmlConfiguration.parseElement,equals
XmlConfiguration.parseElement,setParameter
XmlConfiguration.parseElement,parseUnrecognizedElement
XmlConfiguration.findAppenderByName,get
XmlConfiguration.findAppenderByName,getElementsByTagName
XmlConfiguration.findAppenderByName,getLength
XmlConfiguration.findAppenderByName,item
XmlConfiguration.findAppenderByName,getAttributes
XmlConfiguration.findAppenderByName,getNamedItem
XmlConfiguration.findAppenderByName,equals
XmlConfiguration.findAppenderByName,getNodeValue
XmlConfiguration.findAppenderByName,error
XmlConfiguration.findAppenderByName,parseAppender
XmlConfiguration.findAppenderByName,put
XmlConfiguration.findAppenderByReference,subst
XmlConfiguration.findAppenderByReference,getAttribute
XmlConfiguration.findAppenderByReference,getOwnerDocument
XmlConfiguration.findAppenderByReference,findAppenderByName
XmlConfiguration.parseAppender,subst
XmlConfiguration.parseAppender,getAttribute
XmlConfiguration.parseAppender,debug
XmlConfiguration.parseAppender,parseAppender
XmlConfiguration.parseAppender,buildAppender
XmlConfiguration.buildAppender,newInstanceOf
XmlConfiguration.buildAppender,setName
XmlConfiguration.buildAppender,subst
XmlConfiguration.buildAppender,getAttribute
XmlConfiguration.buildAppender,forEachElement
XmlConfiguration.buildAppender,getChildNodes
XmlConfiguration.buildAppender,getTagName
XmlConfiguration.buildAppender,setParameter
XmlConfiguration.buildAppender,setLayout
XmlConfiguration.buildAppender,parseLayout
XmlConfiguration.buildAppender,addFilter
XmlConfiguration.buildAppender,parseErrorHandler
XmlConfiguration.buildAppender,findAppenderByReference
XmlConfiguration.buildAppender,debug
XmlConfiguration.buildAppender,getName
XmlConfiguration.buildAppender,addAppender
XmlConfiguration.buildAppender,error
XmlConfiguration.buildAppender,parseUnrecognizedElement
XmlConfiguration.buildAppender,get
XmlConfiguration.buildAppender,activate
XmlConfiguration.buildAppender,getCause
XmlConfiguration.buildAppender,currentThread
XmlConfiguration.buildAppender,interrupt
XmlConfiguration.parseRewritePolicy,subst
XmlConfiguration.parseRewritePolicy,getAttribute
XmlConfiguration.parseRewritePolicy,debug
XmlConfiguration.parseRewritePolicy,parseRewritePolicy
XmlConfiguration.parseRewritePolicy,buildRewritePolicy
XmlConfiguration.buildRewritePolicy,newInstanceOf
XmlConfiguration.buildRewritePolicy,forEachElement
XmlConfiguration.buildRewritePolicy,getChildNodes
XmlConfiguration.buildRewritePolicy,getTagName
XmlConfiguration.buildRewritePolicy,equalsIgnoreCase
XmlConfiguration.buildRewritePolicy,setParameter
XmlConfiguration.buildRewritePolicy,activate
XmlConfiguration.buildRewritePolicy,getCause
XmlConfiguration.buildRewritePolicy,currentThread
XmlConfiguration.buildRewritePolicy,interrupt
XmlConfiguration.buildRewritePolicy,error
XmlConfiguration.parseErrorHandler,instantiateByClassName
XmlConfiguration.parseErrorHandler,subst
XmlConfiguration.parseErrorHandler,getAttribute
XmlConfiguration.parseErrorHandler,setAppender
XmlConfiguration.parseErrorHandler,forEachElement
XmlConfiguration.parseErrorHandler,getChildNodes
XmlConfiguration.parseErrorHandler,getTagName
XmlConfiguration.parseErrorHandler,equals
XmlConfiguration.parseErrorHandler,setParameter
XmlConfiguration.parseErrorHandler,activate
XmlConfiguration.parseErrorHandler,setErrorHandler
XmlConfiguration.addFilter,parseFilters
XmlConfiguration.addFilter,accumulateAndGet
XmlConfiguration.parseFilters,subst
XmlConfiguration.parseFilters,getAttribute
XmlConfiguration.parseFilters,debug
XmlConfiguration.parseFilters,parseFilter
XmlConfiguration.parseFilters,buildFilter
XmlConfiguration.buildFilter,newInstanceOf
XmlConfiguration.buildFilter,forEachElement
XmlConfiguration.buildFilter,getChildNodes
XmlConfiguration.buildFilter,getTagName
XmlConfiguration.buildFilter,setParameter
XmlConfiguration.buildFilter,activate
XmlConfiguration.buildFilter,getCause
XmlConfiguration.buildFilter,currentThread
XmlConfiguration.buildFilter,interrupt
XmlConfiguration.buildFilter,error
XmlConfiguration.parseCategory,subst
XmlConfiguration.parseCategory,getAttribute
XmlConfiguration.parseCategory,toBoolean
XmlConfiguration.parseCategory,getLogger
XmlConfiguration.parseCategory,addLogger
XmlConfiguration.parseCategory,setAdditive
XmlConfiguration.parseCategory,parseChildrenOfLoggerElement
XmlConfiguration.parseRoot,getRootLogger
XmlConfiguration.parseRoot,parseChildrenOfLoggerElement
XmlConfiguration.parseChildrenOfLoggerElement,getAppenderRefs
XmlConfiguration.parseChildrenOfLoggerElement,clear
XmlConfiguration.parseChildrenOfLoggerElement,forEachElement
XmlConfiguration.parseChildrenOfLoggerElement,getChildNodes
XmlConfiguration.parseChildrenOfLoggerElement,getTagName
XmlConfiguration.parseChildrenOfLoggerElement,findAppenderByReference
XmlConfiguration.parseChildrenOfLoggerElement,subst
XmlConfiguration.parseChildrenOfLoggerElement,getAttribute
XmlConfiguration.parseChildrenOfLoggerElement,debug
XmlConfiguration.parseChildrenOfLoggerElement,getName
XmlConfiguration.parseChildrenOfLoggerElement,addAppender
XmlConfiguration.parseChildrenOfLoggerElement,getAppender
XmlConfiguration.parseChildrenOfLoggerElement,parseLevel
XmlConfiguration.parseChildrenOfLoggerElement,setParameter
XmlConfiguration.parseChildrenOfLoggerElement,quietParseUnrecognizedElement
XmlConfiguration.parseChildrenOfLoggerElement,activate
XmlConfiguration.parseLayout,subst
XmlConfiguration.parseLayout,getAttribute
XmlConfiguration.parseLayout,debug
XmlConfiguration.parseLayout,parseLayout
XmlConfiguration.parseLayout,buildLayout
XmlConfiguration.buildLayout,newInstanceOf
XmlConfiguration.buildLayout,forEachElement
XmlConfiguration.buildLayout,getChildNodes
XmlConfiguration.buildLayout,getTagName
XmlConfiguration.buildLayout,equals
XmlConfiguration.buildLayout,setParameter
XmlConfiguration.buildLayout,parseUnrecognizedElement
XmlConfiguration.buildLayout,activate
XmlConfiguration.buildLayout,getCause
XmlConfiguration.buildLayout,currentThread
XmlConfiguration.buildLayout,interrupt
XmlConfiguration.buildLayout,error
XmlConfiguration.parseTriggeringPolicy,subst
XmlConfiguration.parseTriggeringPolicy,getAttribute
XmlConfiguration.parseTriggeringPolicy,debug
XmlConfiguration.parseTriggeringPolicy,parseTriggeringPolicy
XmlConfiguration.parseLevel,getName
XmlConfiguration.parseLevel,subst
XmlConfiguration.parseLevel,getAttribute
XmlConfiguration.parseLevel,debug
XmlConfiguration.parseLevel,equalsIgnoreCase
XmlConfiguration.parseLevel,error
XmlConfiguration.parseLevel,setLevel
XmlConfiguration.parseLevel,equals
XmlConfiguration.parseLevel,toLevel
XmlConfiguration.parseLevel,getVersion2Level
XmlConfiguration.parseLevel,getLevel
XmlConfiguration.forEachElement,range
XmlConfiguration.forEachElement,mapToObj
XmlConfiguration.forEachElement,filter
XmlConfiguration.forEachElement,getNodeType
XmlConfiguration.forEachElement,forEach
XmlConfiguration.forEachElement,accept
XmlConfiguration.forEachElement,getLength
XmlConfiguration.error,emitMessage
XmlConfiguration.fatalError,emitMessage
XmlConfiguration.warning,emitMessage
XmlConfiguration.emitMessage,warn
XmlConfiguration.emitMessage,getLineNumber
XmlConfiguration.emitMessage,getColumnNumber
XmlConfiguration.emitMessage,getMessage
XmlConfiguration.emitMessage,getException
SAXErrorHandler.error,emitMessage
SAXErrorHandler.fatalError,emitMessage
SAXErrorHandler.warning,emitMessage
SAXErrorHandler.emitMessage,warn
SAXErrorHandler.emitMessage,getLineNumber
SAXErrorHandler.emitMessage,getColumnNumber
SAXErrorHandler.emitMessage,getMessage
SAXErrorHandler.emitMessage,getException
XMLWatchdog.doOnChange,doConfigure
XMLWatchdog.doOnChange,getLoggerRepository
DOMConfigurator.isFullCompatibilityEnabled,getProperties
DOMConfigurator.isFullCompatibilityEnabled,getBooleanProperty
DOMConfigurator.warnFullCompatibilityDisabled,warn
DOMConfigurator.configure,isFullCompatibilityEnabled
DOMConfigurator.configure,get
DOMConfigurator.configure,newInputStream
DOMConfigurator.configure,getContext
DOMConfigurator.configure,getConfiguration
DOMConfigurator.configure,getRootLogger
DOMConfigurator.configure,removeAllAppenders
DOMConfigurator.configure,reconfigure
DOMConfigurator.configure,warnFullCompatibilityDisabled
DOMConfigurator.configure,doConfigure
DOMConfigurator.configure,getLoggerRepository
DOMConfigurator.configureAndWatch,configure
DOMConfigurator.configureAndWatch,isFullCompatibilityEnabled
DOMConfigurator.configureAndWatch,setDelay
DOMConfigurator.configureAndWatch,start
DOMConfigurator.configureAndWatch,warnFullCompatibilityDisabled
DOMConfigurator.subst,substVars
DOMConfigurator.doConfigure,getContext
DOMConfigurator.doConfigure,getConfiguration
DOMConfigurator.doConfigure,reconfigure
DOMConfigurator.doConfigure,isFullCompatibilityEnabled
DOMConfigurator.doConfigure,doConfigure
DOMConfigurator.doConfigure,warnFullCompatibilityDisabled
DOMConfigurator.doConfigure,copy
DOMConfigurator.doConfigure,toString
DOMConfigurator.doConfigure,getBytes
DOMConfigurator.doConfigure,configure
DOMConfigurator.doConfigure,createConnection
DOMConfigurator.doConfigure,getInputStream
ThrowableInformation.getThrowableStrRep,invoke
ThrowableInformation.getThrowableStrRep,toArray
LoggingEvent.getStartTime,getJvmStartTime
LocationInfo.getClassName,getClassName
LocationInfo.getFileName,getFileName
LocationInfo.getLineNumber,toString
LocationInfo.getLineNumber,getLineNumber
LocationInfo.getMethodName,getMethodName
NOPLogger.getAllAppenders,elements
NOPLogger.getChainedPriority,getEffectiveLevel
RootLogger.getChainedLevel,getLevel
RootLogger.setLevel,error
RootLogger.setLevel,asBuilder
NOPLoggerRepository.getCurrentCategories,getCurrentLoggers
NOPLoggerRepository.getCurrentLoggers,elements
NameAbbreviator.abbreviate,indexOf
NameAbbreviator.abbreviate,delete
NameAbbreviator.abbreviate,length
NameAbbreviator.abbreviate,toString
NameAbbreviator.abbreviate,lastIndexOf
NameAbbreviator.abbreviate,abbreviate
NameAbbreviator.abbreviate,insert
NameAbbreviator.abbreviate,append
NameAbbreviator.abbreviate,fragment
NameAbbreviator.getAbbreviator,length
NameAbbreviator.getAbbreviator,trim
NameAbbreviator.getAbbreviator,charAt
NameAbbreviator.getAbbreviator,parseInt
NameAbbreviator.getAbbreviator,add
NameAbbreviator.getAbbreviator,indexOf
NameAbbreviator.getAbbreviator,isEmpty
NameAbbreviator.getAbbreviator,create
NameAbbreviator.getAbbreviator,substring
DropElementAbbreviator.abbreviate,indexOf
DropElementAbbreviator.abbreviate,delete
MaxElementAbbreviator.abbreviate,length
MaxElementAbbreviator.abbreviate,toString
MaxElementAbbreviator.abbreviate,lastIndexOf
MaxElementAbbreviator.abbreviate,delete
MaxElementAbbreviator.abbreviate,indexOf
MaxElementAbbreviator.abbreviate,append
MaxElementAbbreviator.abbreviate,abbreviate
PatternAbbreviator.abbreviate,length
PatternAbbreviator.abbreviate,abbreviate
PatternAbbreviator.abbreviate,fragment
PatternAbbreviatorFragment.abbreviate,toString
PatternAbbreviatorFragment.abbreviate,indexOf
PatternAbbreviatorFragment.abbreviate,delete
PatternAbbreviatorFragment.abbreviate,insert
PatternAbbreviatorFragment.abbreviate,append
PatternAbbreviatorFragment.abbreviate,length
FormattingInfo.format,length
FormattingInfo.format,delete
FormattingInfo.format,setLength
FormattingInfo.format,setCharAt
FormattingInfo.format,insert
Log4j1LevelPatternConverter.format,append
Log4j1LevelPatternConverter.format,convertLevel
Log4j1LevelPatternConverter.format,toString
Log4j1LevelPatternConverter.format,getLevel
Log4j1NdcPatternConverter.format,getContextStack
Log4j1NdcPatternConverter.format,asList
Log4j1NdcPatternConverter.format,append
Log4j1NdcPatternConverter.format,join
Log4j1MdcPatternConverter.format,append
Log4j1MdcPatternConverter.format,getContextData
Log4j1MdcPatternConverter.format,forEach
Log4j1MdcPatternConverter.format,getValue
DefaultRenderer.doRender,toString
RendererMap.addRenderer,getLogger
RendererMap.addRenderer,debug
RendererMap.addRenderer,instantiateByClassName
RendererMap.addRenderer,error
RendererMap.addRenderer,loadClass
RendererMap.addRenderer,setRenderer
RendererMap.findAndRender,get
RendererMap.findAndRender,doRender
RendererMap.findAndRender,getClass
RendererMap.get,get
RendererMap.get,getClass
RendererMap.get,getSuperclass
RendererMap.get,searchInterfaces
RendererMap.searchInterfaces,get
RendererMap.searchInterfaces,getInterfaces
RendererMap.searchInterfaces,searchInterfaces
RendererMap.clear,clear
RendererMap.put,put
ThreadGroupRenderer.doRender,append
ThreadGroupRenderer.doRender,getName
ThreadGroupRenderer.doRender,getMaxPriority
ThreadGroupRenderer.doRender,activeCount
ThreadGroupRenderer.doRender,enumerate
ThreadGroupRenderer.doRender,getPriority
ThreadGroupRenderer.doRender,isDaemon
ThreadGroupRenderer.doRender,toString
MessageRenderer.doRender,append
MessageRenderer.doRender,getJMSDeliveryMode
MessageRenderer.doRender,getJMSCorrelationID
MessageRenderer.doRender,getJMSDestination
MessageRenderer.doRender,getJMSExpiration
MessageRenderer.doRender,getJMSMessageID
MessageRenderer.doRender,getJMSPriority
MessageRenderer.doRender,getJMSRedelivered
MessageRenderer.doRender,getJMSReplyTo
MessageRenderer.doRender,getJMSTimestamp
MessageRenderer.doRender,getJMSType
MessageRenderer.doRender,error
MessageRenderer.doRender,toString
QuietWriter.write,write
QuietWriter.write,error
QuietWriter.flush,flush
QuietWriter.flush,error
AppenderAttachableImpl.addAppender,put
AppenderAttachableImpl.addAppender,toString
AppenderAttachableImpl.addAppender,getName
AppenderAttachableImpl.appendLoopOnAppenders,values
AppenderAttachableImpl.appendLoopOnAppenders,doAppend
AppenderAttachableImpl.appendLoopOnAppenders,size
AppenderAttachableImpl.close,values
AppenderAttachableImpl.close,close
AppenderAttachableImpl.getAllAppenders,enumeration
AppenderAttachableImpl.getAllAppenders,values
AppenderAttachableImpl.getAppender,get
AppenderAttachableImpl.isAttached,containsValue
AppenderAttachableImpl.removeAllAppenders,clear
AppenderAttachableImpl.removeAppender,getName
AppenderAttachableImpl.removeAppender,remove
DateTimeDateFormat.format,setTime
DateTimeDateFormat.format,get
DateTimeDateFormat.format,append
LogLog.debug,debug
LogLog.error,error
LogLog.warn,warn
FormattingInfo.dump,debug
PatternParser.extractOption,charAt
PatternParser.extractOption,indexOf
PatternParser.extractOption,substring
PatternParser.extractPrecisionOption,extractOption
PatternParser.extractPrecisionOption,parseInt
PatternParser.extractPrecisionOption,error
PatternParser.parse,charAt
PatternParser.parse,append
PatternParser.parse,length
PatternParser.parse,addToList
PatternParser.parse,toString
PatternParser.parse,setLength
PatternParser.parse,reset
PatternParser.parse,finalizeConverter
PatternParser.parse,error
PatternParser.parse,parse
PatternParser.parse,iterator
PatternParser.parse,setNanoClock
PatternParser.parse,handlesThrowable
PatternParser.parse,of
PatternParser.parse,hasNext
PatternParser.parse,next
PatternParser.parse,getDefault
PatternParser.parse,add
PatternParser.parse,isEmpty
PatternParser.parse,get
PatternParser.parse,size
PatternParser.parse,getConverter
PatternParser.parse,newInstance
PatternParser.parse,requireNonNull
PatternParser.parse,literalPattern
PatternParser.parse,isLeftAligned
PatternParser.parse,getMinLength
PatternParser.parse,getMaxLength
PatternParser.parse,isLeftTruncate
PatternParser.parse,isZeroPad
PatternParser.finalizeConverter,extractPrecisionOption
PatternParser.finalizeConverter,setLength
PatternParser.finalizeConverter,extractOption
PatternParser.finalizeConverter,equalsIgnoreCase
PatternParser.finalizeConverter,error
PatternParser.finalizeConverter,instantiateByClassName
PatternParser.finalizeConverter,toString
PatternParser.finalizeConverter,addConverter
PatternParser.finalizeConverter,extractConverter
PatternParser.finalizeConverter,extractOptions
PatternParser.finalizeConverter,createConverter
PatternParser.finalizeConverter,isEmpty
PatternParser.finalizeConverter,append
PatternParser.finalizeConverter,add
PatternParser.finalizeConverter,literalPattern
PatternParser.finalizeConverter,getDefault
PatternParser.finalizeConverter,length
PatternParser.addConverter,setLength
PatternParser.addConverter,addToList
PatternParser.addConverter,reset
PatternParser.convert,toString
PatternParser.convert,getStartTime
PatternParser.convert,getThreadName
PatternParser.convert,getLevel
PatternParser.convert,getNDC
PatternParser.convert,getRenderedMessage
PatternParser.convert,setTime
PatternParser.convert,format
PatternParser.convert,error
PatternParser.convert,getProperties
PatternParser.convert,size
PatternParser.convert,keySet
PatternParser.convert,toArray
PatternParser.convert,sort
PatternParser.convert,append
PatternParser.convert,get
PatternParser.convert,getMDC
PatternParser.convert,getLocationInformation
PatternParser.convert,getMethodName
PatternParser.convert,getLineNumber
PatternParser.convert,getFileName
PatternParser.convert,getFullyQualifiedName
PatternParser.convert,length
PatternParser.convert,lastIndexOf
PatternParser.convert,substring
PatternParser.format,append
PatternParser.getFullyQualifiedName,getLocationInformation
PatternParser.getFullyQualifiedName,getClassName
PatternParser.getFullyQualifiedName,getLoggerName
BasicPatternConverter.convert,toString
BasicPatternConverter.convert,getStartTime
BasicPatternConverter.convert,getThreadName
BasicPatternConverter.convert,getLevel
BasicPatternConverter.convert,getNDC
BasicPatternConverter.convert,getRenderedMessage
LiteralPatternConverter.format,append
LiteralPatternConverter.format,getStrSubstitutor
LiteralPatternConverter.format,replace
DatePatternConverter.convert,setTime
DatePatternConverter.convert,format
DatePatternConverter.convert,error
MDCPatternConverter.convert,getProperties
MDCPatternConverter.convert,size
MDCPatternConverter.convert,keySet
MDCPatternConverter.convert,toArray
MDCPatternConverter.convert,sort
MDCPatternConverter.convert,append
MDCPatternConverter.convert,get
MDCPatternConverter.convert,toString
MDCPatternConverter.convert,getMDC
LocationPatternConverter.convert,getLocationInformation
LocationPatternConverter.convert,getMethodName
LocationPatternConverter.convert,getLineNumber
LocationPatternConverter.convert,getFileName
NamedPatternConverter.convert,getFullyQualifiedName
NamedPatternConverter.convert,length
NamedPatternConverter.convert,lastIndexOf
NamedPatternConverter.convert,substring
ClassNamePatternConverter.getFullyQualifiedName,getLocationInformation
ClassNamePatternConverter.getFullyQualifiedName,getClassName
CategoryPatternConverter.getFullyQualifiedName,getLoggerName
UtilLoggingLevel.toLevel,toLevel
UtilLoggingLevel.toLevel,toRootUpperCase
UtilLoggingLevel.toLevel,equals
UtilLoggingLevel.getAllPossibleLevels,add
Loader.getResource,getTCL
Loader.getResource,debug
Loader.getResource,getResource
Loader.getResource,getClassLoader
Loader.getResource,warn
Loader.getResource,getSystemResource
Loader.getResource,getThreadContextClassLoader
Loader.getResource,trace
Loader.getTCL,currentThread
Loader.getTCL,getContextClassLoader
Loader.loadClass,forName
Loader.loadClass,getTCL
Loader.loadClass,loadClass
Loader.loadClass,currentThread
Loader.loadClass,getContextClassLoader
Loader.loadClass,setContextClassLoader
Loader.loadClass,getClassLoader
PatternConverter.format,convert
PatternConverter.format,spacePad
PatternConverter.format,length
PatternConverter.format,append
PatternConverter.format,substring
PatternConverter.spacePad,append
FileWatchdog.checkAndConfigure,exists
FileWatchdog.checkAndConfigure,warn
FileWatchdog.checkAndConfigure,lastModified
FileWatchdog.checkAndConfigure,doOnChange
FileWatchdog.checkAndConfigure,debug
FileWatchdog.run,sleep
FileWatchdog.run,checkAndConfigure
AbsoluteTimeDateFormat.format,getTime
AbsoluteTimeDateFormat.format,setTime
AbsoluteTimeDateFormat.format,length
AbsoluteTimeDateFormat.format,get
AbsoluteTimeDateFormat.format,append
AbsoluteTimeDateFormat.format,getChars
ISO8601DateFormat.format,getTime
ISO8601DateFormat.format,setTime
ISO8601DateFormat.format,length
ISO8601DateFormat.format,get
ISO8601DateFormat.format,append
ISO8601DateFormat.format,getChars
CountingQuietWriter.write,write
CountingQuietWriter.write,length
CountingQuietWriter.write,error
OptionConverter.concatanateArrays,arraycopy
OptionConverter.toLog4j2Level,intLevel
OptionConverter.toLog4j2Level,round
OptionConverter.toLog4j1Level,intLevel
OptionConverter.toSyslogLevel,intLevel
OptionConverter.createLevel,toRootUpperCase
OptionConverter.createLevel,toString
OptionConverter.createLevel,getClass
OptionConverter.createLevel,getName
OptionConverter.createLevel,forName
OptionConverter.createLevel,toLog4j2Level
OptionConverter.createLevel,toInt
OptionConverter.convertLevel,getVersion2Level
OptionConverter.convertLevel,toLevel
OptionConverter.convertLevel,name
OptionConverter.convertSpecialChars,length
OptionConverter.convertSpecialChars,charAt
OptionConverter.convertSpecialChars,append
OptionConverter.convertSpecialChars,toString
OptionConverter.findAndSubst,getProperty
OptionConverter.findAndSubst,substVars
OptionConverter.findAndSubst,error
OptionConverter.getSystemProperty,getProperty
OptionConverter.getSystemProperty,debug
OptionConverter.instantiateByClassName,newInstanceOf
OptionConverter.instantiateByClassName,isAssignableFrom
OptionConverter.instantiateByClassName,getClass
OptionConverter.instantiateByClassName,error
OptionConverter.instantiateByClassName,getName
OptionConverter.instantiateByClassName,loadClass
OptionConverter.instantiateByClassName,getClassLoader
OptionConverter.instantiateByClassName,getTypeName
OptionConverter.instantiateByKey,findAndSubst
OptionConverter.instantiateByKey,error
OptionConverter.instantiateByKey,instantiateByClassName
OptionConverter.instantiateByKey,trim
OptionConverter.selectAndConfigure,debug
OptionConverter.selectAndConfigure,instantiateByClassName
OptionConverter.selectAndConfigure,error
OptionConverter.selectAndConfigure,doConfigure
OptionConverter.selectAndConfigure,getFile
OptionConverter.selectAndConfigure,endsWith
OptionConverter.substVars,substVars
OptionConverter.substVars,indexOf
OptionConverter.substVars,append
OptionConverter.substVars,substring
OptionConverter.substVars,toString
OptionConverter.substVars,dquote
OptionConverter.substVars,getProperties
OptionConverter.substVars,getStringProperty
OptionConverter.substVars,getProperty
OptionConverter.substVars,contains
OptionConverter.substVars,add
OptionConverter.substVars,length
OptionConverter.toBoolean,trim
OptionConverter.toBoolean,equalsIgnoreCase
OptionConverter.toFileSize,toRootUpperCase
OptionConverter.toFileSize,trim
OptionConverter.toFileSize,indexOf
OptionConverter.toFileSize,substring
OptionConverter.toFileSize,valueOf
OptionConverter.toFileSize,longValue
OptionConverter.toFileSize,error
OptionConverter.toFileSize,parseLong
OptionConverter.toInt,trim
OptionConverter.toInt,valueOf
OptionConverter.toInt,intValue
OptionConverter.toInt,error
OptionConverter.toInt,printStackTrace
OptionConverter.toInt,parseInt
OptionConverter.toLevel,trim
OptionConverter.toLevel,get
OptionConverter.toLevel,indexOf
OptionConverter.toLevel,equalsIgnoreCase
OptionConverter.toLevel,toLevel
OptionConverter.toLevel,equals
OptionConverter.toLevel,toString
OptionConverter.toLevel,putIfAbsent
OptionConverter.toLevel,substring
OptionConverter.toLevel,getClass
OptionConverter.toLevel,getName
OptionConverter.toLevel,debug
OptionConverter.toLevel,getLevel
OptionConverter.toLevel,toRootUpperCase
OptionConverter.toLevel,name
OptionConverter.toLevel,loadClass
OptionConverter.toLevel,getMethod
OptionConverter.toLevel,invoke
OptionConverter.toLevel,warn
OptionConverter.toLevel,getTargetException
OptionConverter.toLevel,currentThread
OptionConverter.toLevel,interrupt
RelativeTimeDateFormat.format,append
RelativeTimeDateFormat.format,getTime
DateLayout.activateOptions,setDateFormat
DateLayout.activateOptions,setTimeZone
DateLayout.activateOptions,getTimeZone
DateLayout.dateFormat,setTime
DateLayout.dateFormat,format
DateLayout.dateFormat,append
DateLayout.setDateFormat,setTimeZone
DateLayout.setDateFormat,setDateFormat
DateLayout.setDateFormat,getDefault
DateLayout.setDateFormat,equalsIgnoreCase
DateLayout.setOption,equalsIgnoreCase
DateLayout.setOption,toRootUpperCase
BoundedFIFO.resize,min
BoundedFIFO.resize,arraycopy
Log4j2EventListener.onApplicationEvent,debug
Log4j2EventListener.onApplicationEvent,publishEvent
WatchEventManager.publishEvent,values
WatchEventManager.publishEvent,checkFiles
WatchEventManager.subscribe,put
WatchEventManager.subscribe,getId
WatchEventManager.unsubscribe,remove
WatchEventManager.unsubscribe,getId
CouchDbProvider.createNoSqlProvider,isNotEmpty
CouchDbProvider.createNoSqlProvider,loadClass
CouchDbProvider.createNoSqlProvider,getMethod
CouchDbProvider.createNoSqlProvider,invoke
CouchDbProvider.createNoSqlProvider,getDBUri
CouchDbProvider.createNoSqlProvider,getUsername
CouchDbProvider.createNoSqlProvider,getMaxConnections
CouchDbProvider.createNoSqlProvider,getConnectionTimeout
CouchDbProvider.createNoSqlProvider,getSocketTimeout
CouchDbProvider.createNoSqlProvider,error
CouchDbProvider.createNoSqlProvider,getClass
CouchDbProvider.createNoSqlProvider,getName
CouchDbProvider.createNoSqlProvider,length
CouchDbProvider.createNoSqlProvider,toRootLowerCase
CouchDbProvider.createNoSqlProvider,equals
CouchDbProvider.createNoSqlProvider,warn
CouchDbProvider.createNoSqlProvider,convert
CouchDbProvider.createNoSqlProvider,isEmpty
CouchDbConnection.insertObject,save
CouchDbConnection.insertObject,unwrap
CouchDbConnection.insertObject,isNotEmpty
CouchDbConnection.insertObject,getError
CouchDbConnection.insertObject,getMessage
CouchDbConnection.closeImpl,shutdown
AbstractSerializationTest.testSerializationRoundtripEquals,assertThat
AbstractSerializationTest.testSerializationRoundtripEquals,serializesRoundTrip
AbstractSerializationTest.testSerializationRoundtripNoException,assertThat
AbstractSerializationTest.testSerializationRoundtripNoException,serializesRoundTrip
TestLogger.logMessage,log
TestLogger.log,append
TestLogger.log,toString
TestLogger.log,getFormattedMessage
TestLogger.log,getImmutableContext
TestLogger.log,isEmpty
TestLogger.log,getParameters
TestLogger.log,printStackTrace
TestLogger.log,add
ThreadContextHolder.restore,setStack
ThreadContextHolder.restore,clearMap
ThreadContextHolder.restore,putAll
ThreadContextUtilityClass.perfTest,clearMap
ThreadContextUtilityClass.perfTest,start
ThreadContextUtilityClass.perfTest,put
ThreadContextUtilityClass.perfTest,getImmutableContext
ThreadContextUtilityClass.perfTest,assertNotNull
ThreadContextUtilityClass.perfTest,stop
ThreadContextUtilityClass.perfTest,println
ThreadContextUtilityClass.perfTest,toString
ThreadContextUtilityClass.testGetContextReturnsEmptyMapIfEmpty,clearMap
ThreadContextUtilityClass.testGetContextReturnsEmptyMapIfEmpty,assertTrue
ThreadContextUtilityClass.testGetContextReturnsEmptyMapIfEmpty,getContext
ThreadContextUtilityClass.testGetContextReturnsEmptyMapIfEmpty,isEmpty
ThreadContextUtilityClass.testGetContextReturnsMutableCopy,clearMap
ThreadContextUtilityClass.testGetContextReturnsMutableCopy,getContext
ThreadContextUtilityClass.testGetContextReturnsMutableCopy,assertTrue
ThreadContextUtilityClass.testGetContextReturnsMutableCopy,isEmpty
ThreadContextUtilityClass.testGetContextReturnsMutableCopy,put
ThreadContextUtilityClass.testGetContextReturnsMutableCopy,assertEquals
ThreadContextUtilityClass.testGetContextReturnsMutableCopy,get
ThreadContextUtilityClass.testGetContextReturnsMutableCopy,size
ThreadContextUtilityClass.testGetContextReturnsMutableCopy,assertNotSame
ThreadContextUtilityClass.testGetImmutableContextReturnsEmptyMapIfEmpty,clearMap
ThreadContextUtilityClass.testGetImmutableContextReturnsEmptyMapIfEmpty,assertTrue
ThreadContextUtilityClass.testGetImmutableContextReturnsEmptyMapIfEmpty,getImmutableContext
ThreadContextUtilityClass.testGetImmutableContextReturnsEmptyMapIfEmpty,isEmpty
ThreadContextUtilityClass.testGetImmutableContextReturnsImmutableMapIfNonEmpty,clearMap
ThreadContextUtilityClass.testGetImmutableContextReturnsImmutableMapIfNonEmpty,put
ThreadContextUtilityClass.testGetImmutableContextReturnsImmutableMapIfNonEmpty,getImmutableContext
ThreadContextUtilityClass.testGetImmutableContextReturnsImmutableMapIfNonEmpty,assertThrows
ThreadContextUtilityClass.testGetImmutableContextReturnsImmutableMapIfEmpty,clearMap
ThreadContextUtilityClass.testGetImmutableContextReturnsImmutableMapIfEmpty,getImmutableContext
ThreadContextUtilityClass.testGetImmutableContextReturnsImmutableMapIfEmpty,assertThrows
ThreadContextUtilityClass.testGetImmutableContextReturnsImmutableMapIfEmpty,put
ThreadContextUtilityClass.testGetImmutableStackReturnsEmptyStackIfEmpty,clearStack
ThreadContextUtilityClass.testGetImmutableStackReturnsEmptyStackIfEmpty,assertTrue
ThreadContextUtilityClass.testGetImmutableStackReturnsEmptyStackIfEmpty,getImmutableStack
ThreadContextUtilityClass.testGetImmutableStackReturnsEmptyStackIfEmpty,asList
ThreadContextUtilityClass.testGetImmutableStackReturnsEmptyStackIfEmpty,isEmpty
ThreadContextUtilityClass.testPut,clearMap
ThreadContextUtilityClass.testPut,assertNull
ThreadContextUtilityClass.testPut,get
ThreadContextUtilityClass.testPut,put
ThreadContextUtilityClass.testPut,assertEquals
ThreadContextUtilityClass.reset,init
TestLoggerContext.getLogger,get
TestLoggerContext.getLogger,put
SerializableMatchers.serializesRoundTrip,roundtrip
SerializableMatchers.serializesRoundTrip,serializesRoundTrip
SerializableMatchers.serializesRoundTrip,equalTo
SerializableMatchers.serializesRoundTrip,any
SerializableMatchers.featureValueOf,roundtrip
OsgiServiceLocatorTest.loadProviders,loadServices
OsgiServiceLocatorTest.loadProviders,lookup
OsgiServiceLocatorTest.loadPropertySources,loadServices
OsgiServiceLocatorTest.loadPropertySources,lookup
DirectoryCleaner.getPathsForTest,getRequiredTestClass
DirectoryCleaner.getPathsForTest,getAnnotation
DirectoryCleaner.getPathsForTest,value
DirectoryCleaner.getPathsForTest,add
DirectoryCleaner.getPathsForTest,get
DirectoryCleaner.getPathsForTest,getRequiredTestMethod
DirectoryCleaner.delete,deleteDirectory
DirectoryCleaner.deleteDirectory,exists
DirectoryCleaner.deleteDirectory,isDirectory
DirectoryCleaner.deleteDirectory,walkFileTree
DirectoryCleaner.deleteDirectory,deleteIfExists
DirectoryCleaner.visitFile,deleteIfExists
DirectoryCleaner.postVisitDirectory,deleteIfExists
StatusListenerExtension.beforeAll,setAttribute
StatusListenerExtension.beforeAll,findFields
StatusListenerExtension.beforeAll,forEach
StatusListenerExtension.beforeAll,setAccessible
StatusListenerExtension.beforeAll,set
StatusListenerExtension.beforeAll,getStatusListener
StatusListenerExtension.beforeAll,getRequiredTestClass
StatusListenerExtension.beforeAll,isStatic
StatusListenerExtension.beforeAll,getType
StatusListenerExtension.beforeAll,equals
StatusListenerExtension.beforeEach,getAttribute
StatusListenerExtension.beforeEach,getStatusListener
StatusListenerExtension.beforeEach,setAttribute
StatusListenerExtension.beforeEach,findFields
StatusListenerExtension.beforeEach,forEach
StatusListenerExtension.beforeEach,setAccessible
StatusListenerExtension.beforeEach,set
StatusListenerExtension.beforeEach,getRequiredTestInstance
StatusListenerExtension.beforeEach,getRequiredTestClass
StatusListenerExtension.beforeEach,isNotStatic
StatusListenerExtension.beforeEach,getType
StatusListenerExtension.beforeEach,equals
StatusListenerExtension.handleTestExecutionException,getAttribute
StatusListenerExtension.handleTestExecutionException,handleException
StatusListenerExtension.resolveParameter,getAttribute
StatusListenerExtension.resolveParameter,getStatusListener
StatusListenerExtension.close,removeListener
StatusListenerExtension.handleException,log
StatusListenerExtension.handleException,getDisplayName
StatusListenerExtension.handleException,getStatusData
StatusListenerExtension.handleException,forEach
StatusListenerExtension.log,equals
StatusListenerExtension.log,getContext
StatusListenerExtension.log,add
StatusListenerExtension.getStatusData,concat
StatusListenerExtension.getStatusData,getStatusData
StatusListenerExtension.getStatusData,stream
StatusListenerExtension.clear,clear
ListStatusListenerHolder.close,removeListener
ListStatusListenerHolder.handleException,log
ListStatusListenerHolder.handleException,getDisplayName
ListStatusListenerHolder.handleException,getStatusData
ListStatusListenerHolder.handleException,forEach
JUnitListStatusListener.log,equals
JUnitListStatusListener.log,getContext
JUnitListStatusListener.log,add
JUnitListStatusListener.getStatusData,concat
JUnitListStatusListener.getStatusData,getStatusData
JUnitListStatusListener.getStatusData,stream
JUnitListStatusListener.clear,clear
ThreadContextInitializer.beforeAll,isAnnotated
ThreadContextInitializer.beforeAll,getRequiredTestClass
ThreadContextInitializer.beforeAll,resetThreadContext
ThreadContextInitializer.beforeEach,isAnnotated
ThreadContextInitializer.beforeEach,getRequiredTestMethod
ThreadContextInitializer.beforeEach,resetThreadContext
ThreadContextInitializer.resetThreadContext,reset
ThreadContextInitializer.resetThreadContext,setAttribute
ThreadContextInitializer.close,reset
StatusLoggerMockExtension.beforeAll,setAttribute
StatusLoggerMockExtension.beforeAll,getLogger
StatusLoggerMockExtension.beforeAll,mock
StatusLoggerMockExtension.beforeAll,stubFallbackListener
StatusLoggerMockExtension.beforeAll,setLogger
StatusLoggerMockExtension.beforeEach,getLogger
StatusLoggerMockExtension.beforeEach,reset
StatusLoggerMockExtension.beforeEach,stubFallbackListener
StatusLoggerMockExtension.stubFallbackListener,mock
StatusLoggerMockExtension.stubFallbackListener,when
StatusLoggerMockExtension.stubFallbackListener,thenReturn
StatusLoggerMockExtension.stubFallbackListener,getFallbackListener
StatusLoggerMockExtension.afterAll,getAttribute
StatusLoggerMockExtension.afterAll,setLogger
StatusLoggerRule.before,getLevel
StatusLoggerRule.before,setLevel
StatusLoggerRule.after,setLevel
LogManagerLoggerContextFactoryRule.after,setFactory
LogManagerLoggerContextFactoryRule.before,getFactory
LogManagerLoggerContextFactoryRule.before,setFactory
TypeBasedParameterResolver.supportsParameter,equals
TypeBasedParameterResolver.supportsParameter,getParameter
TypeBasedParameterResolver.supportsParameter,getParameterizedType
SecurityManagerTestRule.apply,before
SecurityManagerTestRule.apply,evaluate
SecurityManagerTestRule.apply,after
SecurityManagerTestRule.apply,setSecurityManager
SecurityManagerTestRule.apply,getSecurityManager
SecurityManagerTestRule.evaluate,before
SecurityManagerTestRule.evaluate,evaluate
SecurityManagerTestRule.evaluate,after
SecurityManagerTestRule.after,setSecurityManager
SecurityManagerTestRule.before,getSecurityManager
SecurityManagerTestRule.before,setSecurityManager
SerialUtil.serialize,serialize
SerialUtil.serialize,writeObject
SerialUtil.serialize,flush
SerialUtil.serialize,toByteArray
SerialUtil.deserialize,getObjectInputStream
SerialUtil.deserialize,readObject
SerialUtil.getObjectInputStream,getObjectInputStream
AbstractFileCleaner.beforeEach,clean
AbstractFileCleaner.afterEach,clean
AbstractFileCleaner.clean,getPathsForTest
AbstractFileCleaner.clean,isEmpty
AbstractFileCleaner.clean,exists
AbstractFileCleaner.clean,delete
AbstractFileCleaner.clean,remove
AbstractFileCleaner.clean,put
AbstractFileCleaner.clean,sleep
AbstractFileCleaner.clean,currentThread
AbstractFileCleaner.clean,interrupt
AbstractFileCleaner.clean,entrySet
AbstractFileCleaner.clean,stream
AbstractFileCleaner.clean,map
AbstractFileCleaner.clean,getKey
AbstractFileCleaner.clean,getValue
AbstractFileCleaner.clean,collect
AbstractFileCleaner.clean,joining
AbstractFileCleaner.clean,fail
StatusLoggerLevelExtension.beforeEach,getRequiredTestClass
StatusLoggerLevelExtension.beforeEach,getAnnotation
StatusLoggerLevelExtension.beforeEach,getLogger
StatusLoggerLevelExtension.beforeEach,getStore
StatusLoggerLevelExtension.beforeEach,put
StatusLoggerLevelExtension.beforeEach,getLevel
StatusLoggerLevelExtension.beforeEach,setLevel
StatusLoggerLevelExtension.beforeEach,valueOf
StatusLoggerLevelExtension.beforeEach,value
StatusLoggerLevelExtension.afterEach,getLogger
StatusLoggerLevelExtension.afterEach,setLevel
StatusLoggerLevelExtension.afterEach,getStore
StatusLoggerLevelExtension.afterEach,get
StatusLoggerLevelExtension.getStore,getStore
StatusLoggerLevelExtension.getStore,create
StatusLoggerLevelExtension.getStore,getClass
StatusLoggerLevelExtension.getStore,getRequiredTestInstance
TestPropertySource.createProperties,getProperties
TestPropertySource.createProperties,equals
TestPropertySource.createProperties,setAttribute
TestPropertySource.getProperties,getProperties
TestPropertySource.getProperties,getContext
TestPropertySource.getProperties,getAttribute
TestPropertySource.getNormalForm,joinAsCamelCase
TestPropertySource.getNormalForm,length
TestPropertySource.getNormalForm,toString
TestPropertySource.getProperty,getProperties
TestPropertySource.getProperty,getProperty
TestPropertySource.getProperty,get
TestPropertySource.containsProperty,getProperties
TestPropertySource.containsProperty,containsProperty
TestPropertySource.containsProperty,getProperty
TestPropertySource.setProperty,put
TestPropertySource.clearProperty,remove
JUnitTestProperties.getProperty,get
JUnitTestProperties.containsProperty,getProperty
JUnitTestProperties.setProperty,put
JUnitTestProperties.clearProperty,remove
BundleTestInfo.getArtifactId,getArtifactId
BundleTestInfo.getVersion,getVersion
ExtensionContextAnchor.bind,set
ExtensionContextAnchor.unbind,set
ExtensionContextAnchor.unbind,getParent
ExtensionContextAnchor.unbind,orElse
ExtensionContextAnchor.getContext,get
ExtensionContextAnchor.getAttribute,getContext
ExtensionContextAnchor.getAttribute,assertNotNull
ExtensionContextAnchor.getAttribute,getStore
ExtensionContextAnchor.getAttribute,get
ExtensionContextAnchor.setAttribute,getContext
ExtensionContextAnchor.setAttribute,assertNotNull
ExtensionContextAnchor.setAttribute,getStore
ExtensionContextAnchor.setAttribute,put
ExtensionContextAnchor.removeAttribute,getContext
ExtensionContextAnchor.removeAttribute,getStore
ExtensionContextAnchor.removeAttribute,remove
ExtensionContextAnchor.afterEach,unbind
ExtensionContextAnchor.afterAll,unbind
ExtensionContextAnchor.beforeEach,bind
ExtensionContextAnchor.beforeAll,bind
ThreadContextMapExtension.close,clearMap
ThreadContextMapExtension.close,putAll
ThreadContextMapExtension.beforeEach,getStore
ThreadContextMapExtension.beforeEach,getOrComputeIfAbsent
ThreadContextMapStore.close,clearMap
ThreadContextMapStore.close,putAll
TestPropertyResolver.beforeEach,createProperties
TestPropertyResolver.beforeEach,findRepeatableAnnotations
TestPropertyResolver.beforeEach,forEach
TestPropertyResolver.beforeEach,setProperty
TestPropertyResolver.beforeEach,key
TestPropertyResolver.beforeEach,value
TestPropertyResolver.beforeEach,getRequiredTestMethod
TestPropertyResolver.beforeEach,getRequiredTestClass
TestPropertyResolver.beforeEach,getRequiredTestInstance
TestPropertyResolver.beforeEach,findFields
TestPropertyResolver.beforeEach,setAccessible
TestPropertyResolver.beforeEach,set
TestPropertyResolver.beforeEach,isNotStatic
TestPropertyResolver.beforeEach,getType
TestPropertyResolver.beforeEach,equals
TestPropertyResolver.beforeAll,createProperties
TestPropertyResolver.beforeAll,findRepeatableAnnotations
TestPropertyResolver.beforeAll,forEach
TestPropertyResolver.beforeAll,setProperty
TestPropertyResolver.beforeAll,key
TestPropertyResolver.beforeAll,value
TestPropertyResolver.beforeAll,getRequiredTestClass
TestPropertyResolver.beforeAll,findFields
TestPropertyResolver.beforeAll,setAccessible
TestPropertyResolver.beforeAll,set
TestPropertyResolver.beforeAll,isStatic
TestPropertyResolver.beforeAll,getType
TestPropertyResolver.beforeAll,equals
TestPropertyResolver.resolveParameter,createProperties
ThreadContextExtension.beforeEach,getRequiredTestClass
ThreadContextExtension.beforeEach,isAnnotationPresent
ThreadContextExtension.beforeEach,clearAll
ThreadContextExtension.beforeEach,clearMap
ThreadContextExtension.beforeEach,clearStack
ThreadContextExtension.beforeEach,getStore
ThreadContextExtension.beforeEach,put
ThreadContextExtension.afterEach,getStore
ThreadContextExtension.afterEach,get
ThreadContextExtension.afterEach,restore
ThreadContextExtension.getStore,getStore
ThreadContextExtension.getStore,create
ThreadContextExtension.getStore,getClass
ThreadContextExtension.getStore,getRequiredTestInstance
FileCleaner.getPathsForTest,getRequiredTestClass
FileCleaner.getPathsForTest,getAnnotation
FileCleaner.getPathsForTest,value
FileCleaner.getPathsForTest,add
FileCleaner.getPathsForTest,get
FileCleaner.getPathsForTest,getRequiredTestMethod
FileCleaner.delete,deleteIfExists
ThreadContextRule.after,restore
ThreadContextRule.before,clearMap
ThreadContextRule.before,clearStack
TempLoggingDirectory.beforeAll,findAnnotatedFields
TempLoggingDirectory.beforeAll,getRequiredTestClass
TempLoggingDirectory.beforeAll,determineCleanupMode
TempLoggingDirectory.beforeAll,createLoggingPath
TempLoggingDirectory.beforeAll,getPath
TempLoggingDirectory.beforeAll,setAccessible
TempLoggingDirectory.beforeAll,set
TempLoggingDirectory.beforeEach,getParent
TempLoggingDirectory.beforeEach,ifPresent
TempLoggingDirectory.beforeEach,getAttribute
TempLoggingDirectory.beforeEach,addContext
TempLoggingDirectory.beforeEach,findAnnotatedFields
TempLoggingDirectory.beforeEach,getRequiredTestClass
TempLoggingDirectory.beforeEach,getRequiredTestInstance
TempLoggingDirectory.beforeEach,determineCleanupMode
TempLoggingDirectory.beforeEach,createLoggingPath
TempLoggingDirectory.beforeEach,getPath
TempLoggingDirectory.beforeEach,setAccessible
TempLoggingDirectory.beforeEach,set
TempLoggingDirectory.supportsParameter,getParameter
TempLoggingDirectory.supportsParameter,getType
TempLoggingDirectory.supportsParameter,isAssignableFrom
TempLoggingDirectory.supportsParameter,findAnnotation
TempLoggingDirectory.supportsParameter,isPresent
TempLoggingDirectory.resolveParameter,findAnnotation
TempLoggingDirectory.resolveParameter,orElseThrow
TempLoggingDirectory.resolveParameter,format
TempLoggingDirectory.resolveParameter,getSimpleName
TempLoggingDirectory.resolveParameter,getAttribute
TempLoggingDirectory.resolveParameter,equals
TempLoggingDirectory.resolveParameter,getMainContext
TempLoggingDirectory.resolveParameter,determineCleanupMode
TempLoggingDirectory.resolveParameter,createLoggingPath
TempLoggingDirectory.resolveParameter,getPath
TempLoggingDirectory.createLoggingPath,createProperties
TempLoggingDirectory.createLoggingPath,determinePerClassPath
TempLoggingDirectory.createLoggingPath,getTestMethod
TempLoggingDirectory.createLoggingPath,map
TempLoggingDirectory.createLoggingPath,resolve
TempLoggingDirectory.createLoggingPath,getName
TempLoggingDirectory.createLoggingPath,orElse
TempLoggingDirectory.createLoggingPath,createDirectories
TempLoggingDirectory.createLoggingPath,setProperty
TempLoggingDirectory.createLoggingPath,toString
TempLoggingDirectory.createLoggingPath,setAttribute
TempLoggingDirectory.determinePerClassPath,getAttribute
TempLoggingDirectory.determinePerClassPath,getProperty
TempLoggingDirectory.determinePerClassPath,get
TempLoggingDirectory.determinePerClassPath,getRequiredTestClass
TempLoggingDirectory.determinePerClassPath,getPackage
TempLoggingDirectory.determinePerClassPath,getName
TempLoggingDirectory.determinePerClassPath,replaceAll
TempLoggingDirectory.determinePerClassPath,resolve
TempLoggingDirectory.determinePerClassPath,createDirectories
TempLoggingDirectory.determinePerClassPath,createTempDirectory
TempLoggingDirectory.determinePerClassPath,format
TempLoggingDirectory.determinePerClassPath,getSimpleName
TempLoggingDirectory.determinePerClassPath,currentTimeMillis
TempLoggingDirectory.determinePerClassPath,getPath
TempLoggingDirectory.determineCleanupMode,cleanup
TempLoggingDirectory.determineCleanupMode,determineCleanupMode
TempLoggingDirectory.determineCleanupMode,getAnnotation
TempLoggingDirectory.addContext,put
TempLoggingDirectory.close,keySet
TempLoggingDirectory.close,stream
TempLoggingDirectory.close,anyMatch
TempLoggingDirectory.close,getExecutionException
TempLoggingDirectory.close,isPresent
TempLoggingDirectory.close,getLogger
TempLoggingDirectory.close,debug
TempLoggingDirectory.close,deleteDirectory
PathHolder.addContext,put
PathHolder.close,keySet
PathHolder.close,stream
PathHolder.close,anyMatch
PathHolder.close,getExecutionException
PathHolder.close,isPresent
PathHolder.close,getLogger
PathHolder.close,debug
PathHolder.close,deleteDirectory
LoggerContextFactoryExtension.beforeAll,getStore
LoggerContextFactoryExtension.beforeAll,put
LoggerContextFactoryExtension.beforeAll,getFactory
LoggerContextFactoryExtension.beforeAll,setFactory
LoggerContextFactoryExtension.afterAll,setFactory
LoggerContextFactoryExtension.afterAll,getStore
LoggerContextFactoryExtension.afterAll,get
LoggerContextFactoryExtension.getStore,getStore
LoggerContextFactoryExtension.getStore,create
LoggerContextFactoryExtension.getStore,getClass
LoggerContextFactoryExtension.getStore,getRequiredTestClass
ThreadContextMapSuite.threadLocalNotInheritableByDefault,put
ThreadContextMapSuite.threadLocalNotInheritableByDefault,verifyThreadContextValueFromANewThread
ThreadContextMapSuite.threadLocalInheritableIfConfigured,put
ThreadContextMapSuite.threadLocalInheritableIfConfigured,verifyThreadContextValueFromANewThread
ThreadContextMapSuite.singleValue,assertThat
ThreadContextMapSuite.singleValue,as
ThreadContextMapSuite.singleValue,isTrue
ThreadContextMapSuite.singleValue,isEmpty
ThreadContextMapSuite.singleValue,put
ThreadContextMapSuite.singleValue,isFalse
ThreadContextMapSuite.singleValue,containsKey
ThreadContextMapSuite.singleValue,isEqualTo
ThreadContextMapSuite.singleValue,get
ThreadContextMapSuite.singleValue,remove
ThreadContextMapSuite.getCopyReturnsMutableCopy,put
ThreadContextMapSuite.getCopyReturnsMutableCopy,getCopy
ThreadContextMapSuite.getCopyReturnsMutableCopy,assertThat
ThreadContextMapSuite.getCopyReturnsMutableCopy,as
ThreadContextMapSuite.getCopyReturnsMutableCopy,containsExactly
ThreadContextMapSuite.getCopyReturnsMutableCopy,entry
ThreadContextMapSuite.getCopyReturnsMutableCopy,isEqualTo
ThreadContextMapSuite.getCopyReturnsMutableCopy,get
ThreadContextMapSuite.getCopyReturnsMutableCopy,clear
ThreadContextMapSuite.getCopyReturnsMutableCopy,isTrue
ThreadContextMapSuite.getCopyReturnsMutableCopy,isEmpty
ThreadContextMapSuite.getImmutableMapReturnsNullIfEmpty,assertThat
ThreadContextMapSuite.getImmutableMapReturnsNullIfEmpty,as
ThreadContextMapSuite.getImmutableMapReturnsNullIfEmpty,isTrue
ThreadContextMapSuite.getImmutableMapReturnsNullIfEmpty,isEmpty
ThreadContextMapSuite.getImmutableMapReturnsNullIfEmpty,isNull
ThreadContextMapSuite.getImmutableMapReturnsNullIfEmpty,getImmutableMapOrNull
ThreadContextMapSuite.getImmutableMapReturnsImmutableMapIfNonEmpty,put
ThreadContextMapSuite.getImmutableMapReturnsImmutableMapIfNonEmpty,getImmutableMapOrNull
ThreadContextMapSuite.getImmutableMapReturnsImmutableMapIfNonEmpty,assertThat
ThreadContextMapSuite.getImmutableMapReturnsImmutableMapIfNonEmpty,as
ThreadContextMapSuite.getImmutableMapReturnsImmutableMapIfNonEmpty,containsExactly
ThreadContextMapSuite.getImmutableMapReturnsImmutableMapIfNonEmpty,entry
ThreadContextMapSuite.getImmutableMapReturnsImmutableMapIfNonEmpty,assertThrows
ThreadContextMapSuite.getImmutableMapCopyNotAffectedByContextMapChanges,put
ThreadContextMapSuite.getImmutableMapCopyNotAffectedByContextMapChanges,getImmutableMapOrNull
ThreadContextMapSuite.getImmutableMapCopyNotAffectedByContextMapChanges,assertThat
ThreadContextMapSuite.getImmutableMapCopyNotAffectedByContextMapChanges,as
ThreadContextMapSuite.getImmutableMapCopyNotAffectedByContextMapChanges,containsExactly
ThreadContextMapSuite.getImmutableMapCopyNotAffectedByContextMapChanges,entry
ThreadContextMapSuite.verifyThreadContextValueFromANewThread,newSingleThreadExecutor
ThreadContextMapSuite.verifyThreadContextValueFromANewThread,assertThat
ThreadContextMapSuite.verifyThreadContextValueFromANewThread,succeedsWithin
ThreadContextMapSuite.verifyThreadContextValueFromANewThread,ofSeconds
ThreadContextMapSuite.verifyThreadContextValueFromANewThread,isEqualTo
ThreadContextMapSuite.verifyThreadContextValueFromANewThread,submit
ThreadContextMapSuite.verifyThreadContextValueFromANewThread,get
ThreadContextMapSuite.verifyThreadContextValueFromANewThread,shutdown
JmsAppender.build,createProperties
JmsAppender.build,getManager
JmsAppender.build,getName
JmsAppender.build,getLayout
JmsAppender.build,error
JmsAppender.build,getFilter
JmsAppender.build,isIgnoreExceptions
JmsAppender.build,getPropertyArray
JmsAppender.toString,getName
JmsAppender.toString,getLayout
JmsAppender.toString,getFilter
JmsAppender.toString,isIgnoreExceptions
JmsAppender.append,send
JmsAppender.append,toSerializable
JmsAppender.stop,setStopping
JmsAppender.stop,stop
JmsAppender.stop,setStopped
JmsManager.getJndiManager,getJndiManager
JmsManager.getJndiManager,getJndiProperties
JmsManager.createManager,isJndiJmsEnabled
JmsManager.createManager,logger
JmsManager.createManager,error
JmsManager.latch,await
JmsManager.reconnect,getJndiManager
JmsManager.reconnect,createConnection
JmsManager.reconnect,createSession
JmsManager.reconnect,createDestination
JmsManager.reconnect,createMessageProducer
JmsManager.reconnect,start
JmsManager.reconnect,logger
JmsManager.reconnect,debug
JmsManager.run,sleep
JmsManager.run,getReconnectIntervalMillis
JmsManager.run,reconnect
JmsManager.run,logger
JmsManager.run,debug
JmsManager.run,getLocalizedMessage
JmsManager.run,countDown
JmsManager.getJmsManager,getManager
JmsManager.closeConnection,close
JmsManager.closeConnection,getLogger
JmsManager.closeConnection,debug
JmsManager.closeConnection,getLocalizedMessage
JmsManager.closeJndiManager,close
JmsManager.closeMessageProducer,close
JmsManager.closeMessageProducer,getLogger
JmsManager.closeMessageProducer,debug
JmsManager.closeMessageProducer,getLocalizedMessage
JmsManager.closeSession,close
JmsManager.closeSession,getLogger
JmsManager.closeSession,debug
JmsManager.closeSession,getLocalizedMessage
JmsManager.createConnection,lookup
JmsManager.createConnection,getConnectionFactoryName
JmsManager.createConnection,getUserName
JmsManager.createConnection,getPassword
JmsManager.createConnection,createConnection
JmsManager.createConnection,valueOf
JmsManager.createDestination,lookup
JmsManager.createDestination,getDestinationName
JmsManager.createMessage,createTextMessage
JmsManager.createMessage,map
JmsManager.createMessage,createMapMessage
JmsManager.createMessage,createObjectMessage
JmsManager.createMessageAndSend,createMessage
JmsManager.createMessageAndSend,setJMSTimestamp
JmsManager.createMessageAndSend,getTimeMillis
JmsManager.createMessageAndSend,send
JmsManager.createMessageProducer,createProducer
JmsManager.createReconnector,setDaemon
JmsManager.createReconnector,setPriority
JmsManager.createSession,createSession
JmsManager.lookup,lookup
JmsManager.map,forEach
JmsManager.map,setObject
JmsManager.map,format
JmsManager.map,getClass
JmsManager.map,getLocalizedMessage
JmsManager.releaseSub,shutdown
JmsManager.releaseSub,interrupt
JmsManager.releaseSub,closeJndiManager
JmsManager.releaseSub,closeMessageProducer
JmsManager.releaseSub,closeSession
JmsManager.releaseSub,closeConnection
JmsManager.releaseSub,stop
JmsManager.send,isImmediateFail
JmsManager.send,latch
JmsManager.send,getName
JmsManager.send,createMessageAndSend
JmsManager.send,isRetry
JmsManager.send,createReconnector
JmsManager.send,closeJndiManager
JmsManager.send,reconnect
JmsManager.send,logger
JmsManager.send,debug
JmsManager.send,getLocalizedMessage
JmsManager.send,start
JmsManager.send,format
JmsManagerConfiguration.getJndiManager,getJndiManager
JmsManagerConfiguration.getJndiManager,getJndiProperties
JmsManagerFactory.createManager,isJndiJmsEnabled
JmsManagerFactory.createManager,logger
JmsManagerFactory.createManager,error
Reconnector.latch,await
Reconnector.reconnect,getJndiManager
Reconnector.reconnect,createConnection
Reconnector.reconnect,createSession
Reconnector.reconnect,createDestination
Reconnector.reconnect,createMessageProducer
Reconnector.reconnect,start
Reconnector.reconnect,logger
Reconnector.reconnect,debug
Reconnector.reconnect,closeResources
Reconnector.reconnect,connectAndPrepare
Reconnector.reconnect,resolveHost
Reconnector.reconnect,size
Reconnector.reconnect,get
Reconnector.reconnect,connect
Reconnector.run,sleep
Reconnector.run,getReconnectIntervalMillis
Reconnector.run,reconnect
Reconnector.run,logger
Reconnector.run,debug
Reconnector.run,getLocalizedMessage
Reconnector.run,countDown
Log4jMarker.add,getMarker
Log4jMarker.add,getName
Log4jMarker.add,addParents
Log4jMarker.contains,isInstanceOf
Log4jMarker.contains,getName
Log4jMarker.equals,equals
Log4jMarker.equals,getName
Log4jMarker.getName,getName
Log4jMarker.hasChildren,hasParents
Log4jMarker.hashCode,hashCode
Log4jMarker.hasReferences,hasParents
Log4jMarker.iterator,getParents
Log4jMarker.iterator,emptyIterator
Log4jMarker.iterator,add
Log4jMarker.iterator,getMarker
Log4jMarker.iterator,getName
Log4jMarker.iterator,iterator
Log4jMarker.remove,remove
Log4jMarker.remove,getMarker
Log4jMarker.remove,getName
Log4jMarker.remove,requireNonNull
Log4jMarker.remove,equals
Log4jMarkerFactory.getMarker,get
Log4jMarkerFactory.getMarker,getMarker
Log4jMarkerFactory.getMarker,addMarkerIfAbsent
Log4jMarkerFactory.getMarker,getName
Log4jMarkerFactory.getMarker,convertMarker
Log4jMarkerFactory.addMarkerIfAbsent,putIfAbsent
Log4jMarkerFactory.getLog4jMarker,getMarker
Log4jMarkerFactory.convertMarker,convertMarker
Log4jMarkerFactory.convertMarker,getMarker
Log4jMarkerFactory.convertMarker,getName
Log4jMarkerFactory.convertMarker,hasReferences
Log4jMarkerFactory.convertMarker,iterator
Log4jMarkerFactory.convertMarker,hasNext
Log4jMarkerFactory.convertMarker,next
Log4jMarkerFactory.convertMarker,contains
Log4jMarkerFactory.convertMarker,warn
Log4jMarkerFactory.convertMarker,add
Log4jMarkerFactory.convertMarker,addParents
Log4jMarkerFactory.exists,containsKey
Log4jMarkerFactory.getDetachedMarker,warn
Log4jMarkerFactory.getDetachedMarker,getMarker
Log4jEventBuilder.addMarker,getLog4jMarker
Log4jEventBuilder.addArgument,add
Log4jEventBuilder.addArgument,get
Log4jEventBuilder.addKeyValue,put
Log4jEventBuilder.addKeyValue,valueOf
Log4jEventBuilder.addKeyValue,get
Log4jEventBuilder.setMessage,get
Log4jEventBuilder.log,atLevel
Log4jEventBuilder.log,withMarker
Log4jEventBuilder.log,withThrowable
Log4jEventBuilder.log,isEmpty
Log4jEventBuilder.log,log
Log4jEventBuilder.log,toArray
Log4jEventBuilder.log,putAll
Log4jEventBuilder.log,setMessage
Log4jEventBuilder.log,addArgument
Log4jMDCAdapter.put,put
Log4jMDCAdapter.get,get
Log4jMDCAdapter.remove,remove
Log4jMDCAdapter.clear,clearMap
Log4jMDCAdapter.getCopyOfContextMap,getContext
Log4jMDCAdapter.setContextMap,clearMap
Log4jMDCAdapter.setContextMap,putAll
Log4jMDCAdapter.pushByKey,push
Log4jMDCAdapter.pushByKey,peekByKey
Log4jMDCAdapter.pushByKey,equals
Log4jMDCAdapter.pushByKey,get
Log4jMDCAdapter.pushByKey,warn
Log4jMDCAdapter.pushByKey,pushByKey
Log4jMDCAdapter.pushByKey,put
Log4jMDCAdapter.pushByKey,computeIfAbsent
Log4jMDCAdapter.popByKey,getDepth
Log4jMDCAdapter.popByKey,pop
Log4jMDCAdapter.popByKey,popByKey
Log4jMDCAdapter.popByKey,equals
Log4jMDCAdapter.popByKey,get
Log4jMDCAdapter.popByKey,warn
Log4jMDCAdapter.popByKey,put
Log4jMDCAdapter.popByKey,peekByKey
Log4jMDCAdapter.popByKey,poll
Log4jMDCAdapter.getCopyOfDequeByKey,getImmutableStack
Log4jMDCAdapter.getCopyOfDequeByKey,size
Log4jMDCAdapter.getCopyOfDequeByKey,forEach
Log4jMDCAdapter.getCopyOfDequeByKey,getCopyOfDequeByKey
Log4jMDCAdapter.getCopyOfDequeByKey,get
Log4jMDCAdapter.clearDequeByKey,clearStack
Log4jMDCAdapter.clearDequeByKey,clearByKey
Log4jMDCAdapter.clearDequeByKey,put
Log4jMDCAdapter.clearByKey,get
Log4jMDCAdapter.clearByKey,clear
Log4jMDCAdapter.peekByKey,get
Log4jMDCAdapter.peekByKey,peek
ThreadLocalMapOfStacks.pushByKey,get
ThreadLocalMapOfStacks.pushByKey,computeIfAbsent
ThreadLocalMapOfStacks.pushByKey,push
ThreadLocalMapOfStacks.popByKey,get
ThreadLocalMapOfStacks.popByKey,poll
ThreadLocalMapOfStacks.getCopyOfDequeByKey,get
ThreadLocalMapOfStacks.clearByKey,get
ThreadLocalMapOfStacks.clearByKey,clear
ThreadLocalMapOfStacks.peekByKey,get
ThreadLocalMapOfStacks.peekByKey,peek
Log4jLoggerFactory.newLogger,equals
Log4jLoggerFactory.newLogger,validateContext
Log4jLoggerFactory.newLogger,getLogger
Log4jLoggerFactory.getContext,getFactory
Log4jLoggerFactory.getContext,isClassLoaderDependent
Log4jLoggerFactory.getContext,getCallerClass
Log4jLoggerFactory.getContext,trace
Log4jLoggerFactory.getContext,getContext
Log4jLoggerFactory.validateContext,equals
Log4jLoggerFactory.validateContext,getClass
Log4jLoggerFactory.validateContext,getName
Log4jLogger.trace,logIfEnabled
Log4jLogger.trace,getLog4jMarker
Log4jLogger.isTraceEnabled,isEnabled
Log4jLogger.isTraceEnabled,getLog4jMarker
Log4jLogger.debug,logIfEnabled
Log4jLogger.debug,getLog4jMarker
Log4jLogger.isDebugEnabled,isEnabled
Log4jLogger.isDebugEnabled,getLog4jMarker
Log4jLogger.info,logIfEnabled
Log4jLogger.info,getLog4jMarker
Log4jLogger.isInfoEnabled,isEnabled
Log4jLogger.isInfoEnabled,getLog4jMarker
Log4jLogger.warn,logIfEnabled
Log4jLogger.warn,getLog4jMarker
Log4jLogger.isWarnEnabled,isEnabled
Log4jLogger.isWarnEnabled,getLog4jMarker
Log4jLogger.error,logIfEnabled
Log4jLogger.error,getLog4jMarker
Log4jLogger.isErrorEnabled,isEnabled
Log4jLogger.isErrorEnabled,getLog4jMarker
Log4jLogger.log,getLevel
Log4jLogger.log,getLog4jMarker
Log4jLogger.log,isEnabled
Log4jLogger.log,getThrowable
Log4jLogger.log,logMessage
Log4jLogger.readObject,defaultReadObject
Log4jLogger.readObject,getContext
Log4jLogger.readObject,getLogger
Log4jLogger.readObject,getILoggerFactory
Log4jLogger.writeObject,defaultWriteObject
Log4jLogger.makeLoggingEventBuilder,getLevel
Log4jLogger.makeLoggingEventBuilder,toInt
Log4jLogger.isEnabledForLevel,isEnabled
Log4jLogger.isEnabledForLevel,getLevel
Log4jLogger.isEnabledForLevel,toInt
ThrowableConsumingMessageFactory.newMessage,newParameterizedMessage
ThrowableConsumingMessageFactory.newMessage,copyOf
MongoDb4Connection.getOrCreateMongoCollection,debug
MongoDb4Connection.getOrCreateMongoCollection,getCollection
MongoDb4Connection.getOrCreateMongoCollection,capped
MongoDb4Connection.getOrCreateMongoCollection,sizeInBytes
MongoDb4Connection.getOrCreateMongoCollection,createCollection
MongoDb4Connection.closeImpl,close
MongoDb4Connection.insertObject,unwrap
MongoDb4Connection.insertObject,debug
MongoDb4Connection.insertObject,insertOne
MongoDb4Connection.insertObject,getMessage
MongoDb4Connection.toString,format
MongoDb4DocumentObject.set,append
MongoDb4DocumentObject.set,unwrap
MongoDb4DocumentObject.set,asList
MongoDb4DocumentObject.toString,format
MongoDb4Provider.build,warn
MongoDb4Provider.build,newMongoDb4Provider
MongoDb4Provider.setConnectionStringSource,asBuilder
MongoDb4Provider.setCapped,asBuilder
MongoDb4Provider.setCollectionSize,asBuilder
MongoDb4Provider.setCollectionName,asBuilder
MongoDb4Provider.setDatabaseName,asBuilder
MongoDb4Provider.newBuilder,asBuilder
MongoDb4Provider.createConnectionString,format
MongoDb4Provider.createDatabase,getDatabase
MongoDb4Provider.createDatabase,checkDatabaseNameValidity
MongoDb4Provider.createDatabase,format
MongoDb4Provider.getEffectiveCollectionName,getCollection
MongoDb4Provider.getEffectiveCollectionName,checkCollectionNameValidity
MongoDb4Provider.getEffectiveCollectionName,format
MongoDb4Provider.toString,format
MongoDb4Provider.toString,getSimpleName
MongoDb4Provider.toString,getName
Builder.setConnectionStringSource,asBuilder
Builder.setCapped,asBuilder
Builder.setCollectionSize,asBuilder
Builder.setCollectionName,asBuilder
Builder.setDatabaseName,asBuilder
MongoDb4LevelCodec.decode,getLevel
MongoDb4LevelCodec.decode,readString
MongoDb4LevelCodec.encode,writeString
MongoDb4LevelCodec.encode,name
MongoDb4DocumentObjectCodec.encode,encode
MongoDb4DocumentObjectCodec.encode,unwrap
MongoDb4DocumentObjectCodec.decode,decode
MongoDb4DocumentObjectCodec.decode,entrySet
MongoDb4DocumentObjectCodec.decode,stream
MongoDb4DocumentObjectCodec.decode,forEach
MongoDb4DocumentObjectCodec.decode,set
MongoDb4DocumentObjectCodec.decode,getKey
MongoDb4DocumentObjectCodec.decode,getValue
ExtendedStackTraceElement.equals,equals
ExtendedStackTraceElement.getClassLoaderName,getClassLoaderName
ExtendedStackTraceElement.getModuleName,getModuleName
ExtendedStackTraceElement.getModuleVersion,getModuleVersion
ExtendedStackTraceElement.getClassName,getClassName
ExtendedStackTraceElement.getExact,getExact
ExtendedStackTraceElement.getFileName,getFileName
ExtendedStackTraceElement.getLineNumber,getLineNumber
ExtendedStackTraceElement.getLocation,getLocation
ExtendedStackTraceElement.getMethodName,getMethodName
ExtendedStackTraceElement.getVersion,getVersion
ExtendedStackTraceElement.hashCode,hash
ExtendedStackTraceElement.isNativeMethod,isNativeMethod
ExtendedStackTraceElement.renderOn,render
ExtendedStackTraceElement.renderOn,renderOn
ExtendedStackTraceElement.render,getClassLoaderName
ExtendedStackTraceElement.render,isNotEmpty
ExtendedStackTraceElement.render,render
ExtendedStackTraceElement.render,getFileName
ExtendedStackTraceElement.render,getLineNumber
ExtendedStackTraceElement.render,getModuleName
ExtendedStackTraceElement.render,getModuleVersion
ExtendedStackTraceElement.render,startsWith
ExtendedStackTraceElement.render,getClassName
ExtendedStackTraceElement.render,getMethodName
ExtendedStackTraceElement.render,isNativeMethod
ExtendedStackTraceElement.render,toString
ExtendedStackTraceElement.toString,renderOn
ExtendedStackTraceElement.toString,getInstance
ExtendedStackTraceElement.toString,toString
UnsafeUtil.findUnsafe,doPrivileged
UnsafeUtil.findUnsafe,forName
UnsafeUtil.findUnsafe,getDeclaredField
UnsafeUtil.findUnsafe,setAccessible
UnsafeUtil.findUnsafe,get
UnsafeUtil.findUnsafe,getException
UnsafeUtil.findUnsafe,warn
UnsafeUtil.run,forName
UnsafeUtil.run,getDeclaredField
UnsafeUtil.run,setAccessible
UnsafeUtil.run,get
UnsafeUtil.run,allocateDirect
UnsafeUtil.run,getClass
UnsafeUtil.run,getDeclaredMethod
UnsafeUtil.run,invoke
UnsafeUtil.run,getMethod
UnsafeUtil.clean,isDirect
UnsafeUtil.clean,invokeCleaner
UnsafeUtil.clean,invoke
Log4jStackTraceElementDeserializer.deserialize,getCurrentToken
Log4jStackTraceElementDeserializer.deserialize,nextValue
Log4jStackTraceElementDeserializer.deserialize,getCurrentName
Log4jStackTraceElementDeserializer.deserialize,getText
Log4jStackTraceElementDeserializer.deserialize,isNumeric
Log4jStackTraceElementDeserializer.deserialize,getIntValue
Log4jStackTraceElementDeserializer.deserialize,parseInt
Log4jStackTraceElementDeserializer.deserialize,from
Log4jStackTraceElementDeserializer.deserialize,handleUnknownProperty
Log4jStackTraceElementDeserializer.deserialize,format
Log4jStackTraceElementDeserializer.deserialize,nameOf
ProcessIdUtil.getProcessId,toString
ProcessIdUtil.getProcessId,current
ProcessIdUtil.getProcessId,pid
ProcessIdUtil.getProcessId,forName
ProcessIdUtil.getProcessId,getDeclaredMethod
ProcessIdUtil.getProcessId,invoke
ProcessIdUtil.getProcessId,split
ProcessIdUtil.getProcessId,getCanonicalFile
ProcessIdUtil.getProcessId,getName
LoaderUtil.getThreadContextClassLoader,getClassLoader
LoaderUtil.getThreadContextClassLoader,getAsBoolean
LoaderUtil.getThreadContextClassLoader,getThisClassLoader
LoaderUtil.getThreadContextClassLoader,runPrivileged
Base64Util.encode,encodeToString
Base64Util.encode,getBytes
Base64Util.encode,defaultCharset
StackLocator.getCallerClass,walk
StackLocator.getCallerClass,map
StackLocator.getCallerClass,dropWhile
StackLocator.getCallerClass,equals
StackLocator.getCallerClass,test
StackLocator.getCallerClass,findFirst
StackLocator.getCallerClass,orElse
StackLocator.getCallerClass,getClassName
StackLocator.getCallerClass,startsWith
StackLocator.getCallerClass,getDeclaringClass
StackLocator.getCallerClass,skip
StackLocator.getCallerClass,getCallerClass
StackLocator.getCallerClass,toString
StackLocator.getCallerClass,invoke
StackLocator.getCallerClass,getName
StackLocator.getCurrentStackTrace,isEnabled
StackLocator.getCurrentStackTrace,getCurrentStackTrace
StackLocator.getCurrentStackTrace,walk
StackLocator.getCurrentStackTrace,forEach
StackLocator.getCurrentStackTrace,add
StackLocator.getCurrentStackTrace,getDeclaringClass
StackLocator.getCurrentStackTrace,getCallerClass
StackLocator.getCurrentStackTrace,addLast
StackLocator.calcLocation,walk
StackLocator.calcLocation,map
StackLocator.calcLocation,orElse
StackLocator.calcLocation,dropWhile
StackLocator.calcLocation,getClassName
StackLocator.calcLocation,equals
StackLocator.calcLocation,findFirst
StackLocator.calcLocation,getStackTrace
StackLocator.getStackTraceElement,walk
StackLocator.getStackTraceElement,map
StackLocator.getStackTraceElement,orElse
StackLocator.getStackTraceElement,skip
StackLocator.getStackTraceElement,findFirst
StackLocator.getStackTraceElement,getStackTrace
StackLocator.getStackTraceElement,isValid
StackLocator.getStackTraceElement,toString
DefaultObjectInputFilter.checkInput,checkInput
DefaultObjectInputFilter.checkInput,getSerialFilter
DefaultObjectInputFilter.checkInput,serialClass
DefaultObjectInputFilter.checkInput,stripArray
DefaultObjectInputFilter.checkInput,isAllowedByDefault
DefaultObjectInputFilter.isAllowedByDefault,isRequiredPackage
DefaultObjectInputFilter.isAllowedByDefault,contains
DefaultObjectInputFilter.isRequiredPackage,startsWith
CloseableThreadContext.push,push
CloseableThreadContext.put,put
CloseableThreadContext.put,containsKey
CloseableThreadContext.put,get
CloseableThreadContext.pushAll,pushAll
CloseableThreadContext.pushAll,push
CloseableThreadContext.putAll,putAll
CloseableThreadContext.putAll,getContext
CloseableThreadContext.putAll,keySet
CloseableThreadContext.putAll,containsKey
CloseableThreadContext.putAll,put
CloseableThreadContext.putAll,get
CloseableThreadContext.close,closeStack
CloseableThreadContext.close,closeMap
CloseableThreadContext.closeMap,size
CloseableThreadContext.closeMap,entrySet
CloseableThreadContext.closeMap,getKey
CloseableThreadContext.closeMap,getValue
CloseableThreadContext.closeMap,add
CloseableThreadContext.closeMap,put
CloseableThreadContext.closeMap,isEmpty
CloseableThreadContext.closeMap,putAll
CloseableThreadContext.closeMap,removeAll
CloseableThreadContext.closeStack,pop
Instance.push,push
Instance.put,containsKey
Instance.put,put
Instance.put,get
Instance.putAll,getContext
Instance.putAll,putAll
Instance.putAll,keySet
Instance.putAll,containsKey
Instance.putAll,put
Instance.putAll,get
Instance.pushAll,push
Instance.close,closeStack
Instance.close,closeMap
Instance.closeMap,size
Instance.closeMap,entrySet
Instance.closeMap,getKey
Instance.closeMap,getValue
Instance.closeMap,add
Instance.closeMap,put
Instance.closeMap,isEmpty
Instance.closeMap,putAll
Instance.closeMap,removeAll
Instance.closeStack,pop
EventLogger.logEvent,logIfEnabled
LogManager.getFormatterLogger,getFormatterLogger
LogManager.getFormatterLogger,getCallerClass
LogManager.getFormatterLogger,getLogger
LogManager.getFormatterLogger,getClass
LogManager.callerClass,getCallerClass
ThreadContext.asList,emptyList
ThreadContext.iterator,emptyIterator
ThreadContext.init,getProperties
ThreadContext.init,getBooleanProperty
ThreadContext.init,init
ThreadContext.init,getProvider
ThreadContext.init,getThreadContextMapInstance
ThreadContext.put,put
ThreadContext.putIfNull,containsKey
ThreadContext.putIfNull,put
ThreadContext.putAll,entrySet
ThreadContext.putAll,put
ThreadContext.putAll,getKey
ThreadContext.putAll,getValue
ThreadContext.get,get
ThreadContext.remove,remove
ThreadContext.removeAll,remove
ThreadContext.clearMap,clear
ThreadContext.clearAll,clearMap
ThreadContext.clearAll,clearStack
ThreadContext.containsKey,containsKey
ThreadContext.getContext,getCopy
ThreadContext.getImmutableContext,getImmutableMapOrNull
ThreadContext.isEmpty,isEmpty
ThreadContext.clearStack,clear
ThreadContext.cloneStack,copy
ThreadContext.getImmutableStack,getImmutableStackOrNull
ThreadContext.setStack,isEmpty
ThreadContext.setStack,clear
ThreadContext.setStack,addAll
ThreadContext.getDepth,getDepth
ThreadContext.pop,pop
ThreadContext.peek,peek
ThreadContext.push,push
ThreadContext.push,format
ThreadContext.removeStack,clear
ThreadContext.trim,trim
EmptyThreadContextStack.asList,emptyList
EmptyThreadContextStack.iterator,emptyIterator
MarkerManager.clear,clear
MarkerManager.exists,containsKey
MarkerManager.getMarker,computeIfAbsent
MarkerManager.getMarker,get
MarkerManager.getMarker,getMarker
MarkerManager.getMarker,addParents
MarkerManager.addParents,requireNonNull
MarkerManager.addParents,contains
MarkerManager.addParents,isInstanceOf
MarkerManager.addParents,arraycopy
MarkerManager.remove,requireNonNull
MarkerManager.remove,equals
MarkerManager.setParents,arraycopy
MarkerManager.getParents,copyOf
MarkerManager.isInstanceOf,requireNonNull
MarkerManager.isInstanceOf,checkParent
MarkerManager.isInstanceOf,equals
MarkerManager.isInstanceOf,getName
MarkerManager.isInstanceOf,get
MarkerManager.checkParent,getParents
MarkerManager.checkParent,checkParent
MarkerManager.equals,equals
MarkerManager.equals,getName
MarkerManager.hashCode,hashCode
MarkerManager.toString,formatTo
MarkerManager.toString,toString
MarkerManager.formatTo,append
MarkerManager.formatTo,addParentInfo
MarkerManager.addParentInfo,append
MarkerManager.addParentInfo,getName
MarkerManager.addParentInfo,getParents
MarkerManager.addParentInfo,addParentInfo
Log4jMarker.addParents,requireNonNull
Log4jMarker.addParents,contains
Log4jMarker.addParents,isInstanceOf
Log4jMarker.addParents,arraycopy
Log4jMarker.setParents,arraycopy
Log4jMarker.getParents,copyOf
Log4jMarker.isInstanceOf,requireNonNull
Log4jMarker.isInstanceOf,checkParent
Log4jMarker.isInstanceOf,equals
Log4jMarker.isInstanceOf,getName
Log4jMarker.isInstanceOf,get
Log4jMarker.checkParent,getParents
Log4jMarker.checkParent,checkParent
Log4jMarker.toString,formatTo
Log4jMarker.toString,toString
Log4jMarker.formatTo,append
Log4jMarker.formatTo,addParentInfo
Log4jMarker.addParentInfo,append
Log4jMarker.addParentInfo,getName
Log4jMarker.addParentInfo,getParents
Log4jMarker.addParentInfo,addParentInfo
Level.hashCode,hashCode
Level.forName,isEmpty
Level.forName,toRootUpperCase
Level.forName,trim
Level.forName,get
Level.getLevel,isEmpty
Level.getLevel,get
Level.getLevel,toRootUpperCase
Level.getLevel,trim
Level.values,values
Level.values,toArray
Level.valueOf,requireNonNull
Level.valueOf,toRootUpperCase
Level.valueOf,trim
Level.valueOf,get
Level.valueOf,valueOf
PropertyFilePropertySource.loadPropertiesFile,findResources
PropertyFilePropertySource.loadPropertiesFile,openStream
PropertyFilePropertySource.loadPropertiesFile,load
PropertyFilePropertySource.loadPropertiesFile,error
Comparator.compare,compare
Comparator.compare,requireNonNull
Comparator.compare,getPriority
Util.tokenize,containsKey
Util.tokenize,toString
Util.tokenize,get
Util.tokenize,matcher
Util.tokenize,find
Util.tokenize,end
Util.tokenize,add
Util.tokenize,toRootLowerCase
Util.tokenize,group
Util.tokenize,put
Util.joinAsCamelCase,append
Util.joinAsCamelCase,toUpperCase
Util.joinAsCamelCase,charAt
Util.joinAsCamelCase,length
Util.joinAsCamelCase,subSequence
Util.joinAsCamelCase,toString
Unbox.getStringBuilder,get
Unbox.getStringBuilder,set
Unbox.getStringBuilder,setLength
Unbox.calculateRingBufferSize,getProperties
Unbox.calculateRingBufferSize,getStringProperty
Unbox.calculateRingBufferSize,valueOf
Unbox.calculateRingBufferSize,parseInt
Unbox.calculateRingBufferSize,trim
Unbox.calculateRingBufferSize,warn
Unbox.calculateRingBufferSize,ceilingNextPowerOfTwo
Unbox.ceilingNextPowerOfTwo,numberOfLeadingZeros
Unbox.box,getSB
Unbox.box,append
Unbox.getState,get
Unbox.getState,set
Unbox.getSB,getState
Unbox.getSB,getStringBuilder
WebSafeState.getStringBuilder,get
WebSafeState.getStringBuilder,set
WebSafeState.getStringBuilder,setLength
State.getStringBuilder,setLength
LazyBoolean.getAsBoolean,lock
LazyBoolean.getAsBoolean,getAsBoolean
LazyBoolean.getAsBoolean,unlock
LazyBoolean.setAsBoolean,lock
LazyBoolean.setAsBoolean,unlock
ProviderActivator.start,put
ProviderActivator.start,getVersions
ProviderActivator.start,registerService
ProviderActivator.stop,unregister
FilteredObjectInputStream.resolveClass,stripArray
FilteredObjectInputStream.resolveClass,getName
FilteredObjectInputStream.resolveClass,isAllowedByDefault
FilteredObjectInputStream.resolveClass,contains
FilteredObjectInputStream.isAllowedByDefault,isRequiredPackage
FilteredObjectInputStream.isAllowedByDefault,contains
FilteredObjectInputStream.isRequiredPackage,startsWith
StackLocatorUtil.getCallerClass,getCallerClass
StackLocatorUtil.getStackTraceElement,getStackTraceElement
StackLocatorUtil.getCallerClassLoader,getCallerClass
StackLocatorUtil.getCallerClassLoader,getClassLoader
StackLocatorUtil.getCurrentStackTrace,getCurrentStackTrace
StackLocatorUtil.calcLocation,calcLocation
StackLocatorUtil.calcLocation,getLogger
StackLocatorUtil.calcLocation,warn
Strings.isBlank,isEmpty
Strings.isBlank,length
Strings.isBlank,charAt
Strings.isBlank,isWhitespace
Strings.isEmpty,length
Strings.isNotBlank,isBlank
Strings.isNotEmpty,isEmpty
Strings.join,join
Strings.join,iterator
Strings.join,hasNext
Strings.join,next
Strings.join,toString
Strings.join,append
Strings.splitList,split
Strings.left,length
Strings.left,substring
Strings.trimToNull,trim
Strings.trimToNull,isEmpty
Strings.toRootLowerCase,toLowerCase
Strings.toRootUpperCase,toUpperCase
Strings.concat,isEmpty
Strings.concat,get
Strings.concat,append
Strings.concat,toString
Strings.concat,trimToMaxSize
Strings.concat,setLength
Strings.repeat,requireNonNull
Strings.repeat,get
Strings.repeat,append
Strings.repeat,toString
Strings.repeat,trimToMaxSize
Strings.repeat,setLength
SystemPropertiesPropertySource.getSystemProperty,getProperty
SystemPropertiesPropertySource.logException,error
SystemPropertiesPropertySource.forEach,getProperties
SystemPropertiesPropertySource.forEach,logException
SystemPropertiesPropertySource.forEach,keySet
SystemPropertiesPropertySource.forEach,toArray
SystemPropertiesPropertySource.forEach,toString
SystemPropertiesPropertySource.forEach,accept
SystemPropertiesPropertySource.forEach,getProperty
SystemPropertiesPropertySource.getNormalForm,joinAsCamelCase
SystemPropertiesPropertySource.getPropertyNames,getProperties
SystemPropertiesPropertySource.getPropertyNames,stringPropertyNames
SystemPropertiesPropertySource.getPropertyNames,logException
SystemPropertiesPropertySource.getProperty,getProperty
SystemPropertiesPropertySource.getProperty,logException
SystemPropertiesPropertySource.containsProperty,getProperty
EnvironmentPropertySource.logException,error
EnvironmentPropertySource.forEach,getenv
EnvironmentPropertySource.forEach,logException
EnvironmentPropertySource.forEach,entrySet
EnvironmentPropertySource.forEach,getKey
EnvironmentPropertySource.forEach,startsWith
EnvironmentPropertySource.forEach,accept
EnvironmentPropertySource.forEach,substring
EnvironmentPropertySource.forEach,length
EnvironmentPropertySource.forEach,getValue
EnvironmentPropertySource.getNormalForm,append
EnvironmentPropertySource.getNormalForm,length
EnvironmentPropertySource.getNormalForm,toUpperCase
EnvironmentPropertySource.getNormalForm,charAt
EnvironmentPropertySource.getNormalForm,toString
EnvironmentPropertySource.getPropertyNames,getenv
EnvironmentPropertySource.getPropertyNames,keySet
EnvironmentPropertySource.getPropertyNames,logException
EnvironmentPropertySource.getProperty,getenv
EnvironmentPropertySource.getProperty,logException
EnvironmentPropertySource.containsProperty,getenv
EnvironmentPropertySource.containsProperty,containsKey
EnvironmentPropertySource.containsProperty,logException
LazyUtil.unwrapNull,cast
LazyUtil.toString,valueOf
LazyUtil.toString,value
LazyUtil.toString,isInitialized
LazyUtil.value,get
LazyUtil.value,lock
LazyUtil.value,wrapNull
LazyUtil.value,unlock
LazyUtil.value,unwrapNull
Constant.toString,valueOf
WeakConstant.value,get
WeakConstant.toString,valueOf
WeakConstant.toString,value
SafeLazy.value,lock
SafeLazy.value,get
SafeLazy.value,wrapNull
SafeLazy.value,unlock
SafeLazy.value,unwrapNull
SafeLazy.toString,isInitialized
SafeLazy.toString,valueOf
PureLazy.value,get
PureLazy.value,wrapNull
PureLazy.value,unwrapNull
StringBuilders.appendDqValue,append
StringBuilders.appendKeyDqValue,appendKeyDqValue
StringBuilders.appendKeyDqValue,getKey
StringBuilders.appendKeyDqValue,getValue
StringBuilders.appendKeyDqValue,append
StringBuilders.appendValue,appendSpecificTypes
StringBuilders.appendValue,append
StringBuilders.appendSpecificTypes,append
StringBuilders.appendSpecificTypes,isTime
StringBuilders.appendSpecificTypes,isDate
StringBuilders.isTime,isAssignableFrom
StringBuilders.isTime,getClass
StringBuilders.isDate,isAssignableFrom
StringBuilders.isDate,getClass
StringBuilders.equals,charAt
StringBuilders.equalsIgnoreCase,toLowerCase
StringBuilders.equalsIgnoreCase,charAt
StringBuilders.trimToMaxSize,capacity
StringBuilders.trimToMaxSize,setLength
StringBuilders.trimToMaxSize,trimToSize
StringBuilders.escapeJson,length
StringBuilders.escapeJson,charAt
StringBuilders.escapeJson,isISOControl
StringBuilders.escapeJson,setLength
StringBuilders.escapeJson,escapeAndDecrement
StringBuilders.escapeJson,setCharAt
StringBuilders.escapeJson,getUpperCaseHex
StringBuilders.escapeAndDecrement,setCharAt
StringBuilders.escapeXml,length
StringBuilders.escapeXml,codePointAt
StringBuilders.escapeXml,charCount
StringBuilders.escapeXml,setLength
StringBuilders.escapeXml,charAt
StringBuilders.escapeXml,isLowSurrogate
StringBuilders.escapeXml,isHighSurrogate
StringBuilders.escapeXml,setCharAt
StringBuilders.escapeXml,isValidXml10
ProviderUtil.addProvider,validVersion
ProviderUtil.addProvider,getVersions
ProviderUtil.addProvider,add
ProviderUtil.addProvider,debug
ProviderUtil.addProvider,warn
ProviderUtil.loadProvider,loadClose
ProviderUtil.loadProvider,openStream
ProviderUtil.loadProvider,addProvider
ProviderUtil.loadProvider,error
ProviderUtil.loadProviders,hasMoreElements
ProviderUtil.loadProviders,loadProvider
ProviderUtil.loadProviders,nextElement
ProviderUtil.getProvider,lazyInit
ProviderUtil.getProviders,lazyInit
ProviderUtil.hasProviders,lazyInit
ProviderUtil.hasProviders,isEmpty
ProviderUtil.lazyInit,lockInterruptibly
ProviderUtil.lazyInit,safeStream
ProviderUtil.lazyInit,filter
ProviderUtil.lazyInit,validVersion
ProviderUtil.lazyInit,getVersions
ProviderUtil.lazyInit,forEach
ProviderUtil.lazyInit,load
ProviderUtil.lazyInit,getClassLoader
ProviderUtil.lazyInit,findUrlResources
ProviderUtil.lazyInit,loadProvider
ProviderUtil.lazyInit,getUrl
ProviderUtil.lazyInit,selectProvider
ProviderUtil.lazyInit,getProperties
ProviderUtil.lazyInit,unlock
ProviderUtil.lazyInit,fatal
ProviderUtil.lazyInit,currentThread
ProviderUtil.lazyInit,interrupt
ProviderUtil.selectProvider,getStringProperty
ProviderUtil.selectProvider,getName
ProviderUtil.selectProvider,equals
ProviderUtil.selectProvider,newInstanceOf
ProviderUtil.selectProvider,error
ProviderUtil.selectProvider,warn
ProviderUtil.selectProvider,getClassName
ProviderUtil.selectProvider,loadClass
ProviderUtil.selectProvider,isAssignableFrom
ProviderUtil.selectProvider,asSubclass
ProviderUtil.selectProvider,comparing
ProviderUtil.selectProvider,size
ProviderUtil.selectProvider,stream
ProviderUtil.selectProvider,sorted
ProviderUtil.selectProvider,map
ProviderUtil.selectProvider,collect
ProviderUtil.selectProvider,joining
ProviderUtil.selectProvider,max
ProviderUtil.selectProvider,orElseGet
ProviderUtil.selectProvider,info
ProviderUtil.findClassLoader,getThreadContextClassLoader
ProviderUtil.validVersion,startsWith
LambdaUtil.getAll,get
LambdaUtil.get,get
LambdaUtil.getMessage,get
LambdaUtil.getMessage,newMessage
Timer.start,set
Timer.start,nanoTime
Timer.startOrResume,start
Timer.startOrResume,resume
Timer.stop,nanoTime
Timer.stop,get
Timer.stop,set
Timer.stop,toString
Timer.pause,nanoTime
Timer.pause,get
Timer.pause,set
Timer.resume,set
Timer.resume,nanoTime
Timer.toString,formatTo
Timer.toString,toString
Timer.formatTo,append
Timer.formatTo,format
Timer.equals,equals
Timer.hashCode,hashCode
Timer.hashCode,get
Activator.checkPermission,checkPermission
Activator.loadProvider,getState
Activator.loadProvider,checkPermission
Activator.loadProvider,getName
Activator.loadProvider,getBundleContext
Activator.loadProvider,debug
Activator.loadProvider,getSymbolicName
Activator.loadProvider,toStateString
Activator.loadProvider,loadProvider
Activator.loadProvider,adapt
Activator.loadProvider,warn
Activator.loadProvider,getServiceReferences
Activator.loadProvider,getService
Activator.loadProvider,getPriority
Activator.loadProvider,addProvider
Activator.loadProvider,error
Activator.loadProvider,findEntries
Activator.loadProvider,getClassLoader
Activator.toStateString,toString
Activator.start,lock
Activator.start,getBundle
Activator.start,adapt
Activator.start,getRequiredWires
Activator.start,getName
Activator.start,loadProvider
Activator.start,getProviderWiring
Activator.start,addBundleListener
Activator.start,getBundles
Activator.start,unlockIfReady
Activator.start,registerService
Activator.start,loadContextProviders
Activator.start,getProperties
Activator.start,getStringProperty
Activator.start,setProperty
Activator.start,compareAndSet
Activator.start,scanInstalledBundlesForPlugins
Activator.unlockIfReady,isEmpty
Activator.unlockIfReady,unlock
Activator.stop,removeBundleListener
Activator.stop,unlockIfReady
Activator.stop,unregister
Activator.stop,compareAndSet
Activator.stop,shutdown
Activator.bundleChanged,getType
Activator.bundleChanged,loadProvider
Activator.bundleChanged,getBundle
Activator.bundleChanged,unlockIfReady
Activator.bundleChanged,scanBundleForPlugins
Activator.bundleChanged,stopBundlePlugins
OsgiServiceLocator.checkOsgiAvailable,forName
OsgiServiceLocator.checkOsgiAvailable,getMethod
OsgiServiceLocator.checkOsgiAvailable,invoke
OsgiServiceLocator.checkOsgiAvailable,error
OsgiServiceLocator.loadServices,loadServices
OsgiServiceLocator.loadServices,requireNonNull
OsgiServiceLocator.loadServices,lookupClass
OsgiServiceLocator.loadServices,getLogger
OsgiServiceLocator.loadServices,getBundle
OsgiServiceLocator.loadServices,isFragment
OsgiServiceLocator.loadServices,getBundleContext
OsgiServiceLocator.loadServices,warn
OsgiServiceLocator.loadServices,getState
OsgiServiceLocator.loadServices,getServiceReferences
OsgiServiceLocator.loadServices,stream
OsgiServiceLocator.loadServices,map
OsgiServiceLocator.loadServices,error
OsgiServiceLocator.loadServices,empty
OsgiServiceLocator.isFragment,adapt
OsgiServiceLocator.isFragment,getTypes
PrivateSecurityManagerStackTraceUtil.isCapable,getClassContext
PrivateSecurityManagerStackTraceUtil.createPrivateSecurityManager,getSecurityManager
PrivateSecurityManagerStackTraceUtil.createPrivateSecurityManager,checkPermission
PrivateSecurityManagerStackTraceUtil.getCurrentStackTrace,getClassContext
PrivateSecurityManagerStackTraceUtil.getCurrentStackTrace,addAll
PropertiesUtil.loadClose,load
PropertiesUtil.loadClose,error
PropertiesUtil.loadClose,close
PropertiesUtil.getProperties,get
PropertiesUtil.addPropertySource,addPropertySource
PropertiesUtil.addPropertySource,requireNonNull
PropertiesUtil.addPropertySource,add
PropertiesUtil.removePropertySource,removePropertySource
PropertiesUtil.removePropertySource,requireNonNull
PropertiesUtil.removePropertySource,remove
PropertiesUtil.hasProperty,containsKey
PropertiesUtil.getBooleanProperty,getBooleanProperty
PropertiesUtil.getBooleanProperty,getStringProperty
PropertiesUtil.getBooleanProperty,equalsIgnoreCase
PropertiesUtil.getBooleanProperty,isEmpty
PropertiesUtil.getBooleanProperty,hasProperty
PropertiesUtil.getBooleanProperty,get
PropertiesUtil.getCharsetProperty,getCharsetProperty
PropertiesUtil.getCharsetProperty,defaultCharset
PropertiesUtil.getCharsetProperty,getStringProperty
PropertiesUtil.getCharsetProperty,isSupported
PropertiesUtil.getCharsetProperty,forName
PropertiesUtil.getCharsetProperty,getCharsetsResourceBundle
PropertiesUtil.getCharsetProperty,containsKey
PropertiesUtil.getCharsetProperty,getString
PropertiesUtil.getCharsetProperty,warn
PropertiesUtil.getDoubleProperty,getStringProperty
PropertiesUtil.getDoubleProperty,parseDouble
PropertiesUtil.getDoubleProperty,warn
PropertiesUtil.getIntegerProperty,getStringProperty
PropertiesUtil.getIntegerProperty,parseInt
PropertiesUtil.getIntegerProperty,trim
PropertiesUtil.getIntegerProperty,warn
PropertiesUtil.getIntegerProperty,hasProperty
PropertiesUtil.getIntegerProperty,getIntegerProperty
PropertiesUtil.getIntegerProperty,get
PropertiesUtil.getLongProperty,getStringProperty
PropertiesUtil.getLongProperty,parseLong
PropertiesUtil.getLongProperty,warn
PropertiesUtil.getLongProperty,hasProperty
PropertiesUtil.getLongProperty,getLongProperty
PropertiesUtil.getLongProperty,get
PropertiesUtil.getDurationProperty,getStringProperty
PropertiesUtil.getDurationProperty,parseDuration
PropertiesUtil.getDurationProperty,warn
PropertiesUtil.getDurationProperty,getValidUnits
PropertiesUtil.getDurationProperty,collect
PropertiesUtil.getDurationProperty,joining
PropertiesUtil.getDurationProperty,hasProperty
PropertiesUtil.getDurationProperty,getDurationProperty
PropertiesUtil.getDurationProperty,get
PropertiesUtil.getStringProperty,getStringProperty
PropertiesUtil.getStringProperty,get
PropertiesUtil.getSystemProperties,getProperties
PropertiesUtil.getSystemProperties,error
PropertiesUtil.get,tokenize
PropertiesUtil.get,stream
PropertiesUtil.get,sorted
PropertiesUtil.get,map
PropertiesUtil.get,isEmpty
PropertiesUtil.get,toString
PropertiesUtil.get,getNormalForm
PropertiesUtil.get,sourceContainsProperty
PropertiesUtil.get,sourceGetProperty
PropertiesUtil.get,filter
PropertiesUtil.get,findFirst
PropertiesUtil.get,orElse
PropertiesUtil.sourceContainsProperty,get
PropertiesUtil.sourceContainsProperty,set
PropertiesUtil.sourceContainsProperty,containsProperty
PropertiesUtil.sourceContainsProperty,warn
PropertiesUtil.sourceContainsProperty,remove
PropertiesUtil.sourceGetProperty,get
PropertiesUtil.sourceGetProperty,set
PropertiesUtil.sourceGetProperty,getProperty
PropertiesUtil.sourceGetProperty,warn
PropertiesUtil.sourceGetProperty,remove
PropertiesUtil.containsKey,tokenize
PropertiesUtil.containsKey,stream
PropertiesUtil.containsKey,anyMatch
PropertiesUtil.containsKey,isEmpty
PropertiesUtil.containsKey,getNormalForm
PropertiesUtil.containsKey,sourceContainsProperty
PropertiesUtil.containsKey,toString
PropertiesUtil.extractSubset,isEmpty
PropertiesUtil.extractSubset,charAt
PropertiesUtil.extractSubset,length
PropertiesUtil.extractSubset,stringPropertyNames
PropertiesUtil.extractSubset,startsWith
PropertiesUtil.extractSubset,setProperty
PropertiesUtil.extractSubset,substring
PropertiesUtil.extractSubset,getProperty
PropertiesUtil.extractSubset,add
PropertiesUtil.extractSubset,remove
PropertiesUtil.getCharsetsResourceBundle,getBundle
PropertiesUtil.partitionOnCommonPrefixes,partitionOnCommonPrefixes
PropertiesUtil.partitionOnCommonPrefixes,stringPropertyNames
PropertiesUtil.partitionOnCommonPrefixes,indexOf
PropertiesUtil.partitionOnCommonPrefixes,containsKey
PropertiesUtil.partitionOnCommonPrefixes,put
PropertiesUtil.partitionOnCommonPrefixes,get
PropertiesUtil.partitionOnCommonPrefixes,setProperty
PropertiesUtil.partitionOnCommonPrefixes,getProperty
PropertiesUtil.partitionOnCommonPrefixes,substring
PropertiesUtil.isOsWindows,getSystemProperty
PropertiesUtil.isOsWindows,startsWith
PropertiesUtil.parseDuration,matcher
PropertiesUtil.parseDuration,matches
PropertiesUtil.parseDuration,of
PropertiesUtil.parseDuration,parseDurationAmount
PropertiesUtil.parseDuration,group
PropertiesUtil.parseDuration,parseUnit
PropertiesUtil.parseDurationAmount,parseLong
PropertiesUtil.getValidUnits,stream
PropertiesUtil.getValidUnits,flatMap
PropertiesUtil.getValidUnits,values
PropertiesUtil.parseUnit,values
PropertiesUtil.parseUnit,equals
Environment.addPropertySource,add
Environment.removePropertySource,remove
Environment.get,tokenize
Environment.get,stream
Environment.get,sorted
Environment.get,map
Environment.get,isEmpty
Environment.get,toString
Environment.get,getNormalForm
Environment.get,sourceContainsProperty
Environment.get,sourceGetProperty
Environment.get,filter
Environment.get,findFirst
Environment.get,orElse
Environment.sourceContainsProperty,get
Environment.sourceContainsProperty,set
Environment.sourceContainsProperty,containsProperty
Environment.sourceContainsProperty,warn
Environment.sourceContainsProperty,remove
Environment.sourceGetProperty,get
Environment.sourceGetProperty,set
Environment.sourceGetProperty,getProperty
Environment.sourceGetProperty,warn
Environment.sourceGetProperty,remove
Environment.containsKey,tokenize
Environment.containsKey,stream
Environment.containsKey,anyMatch
Environment.containsKey,isEmpty
Environment.containsKey,getNormalForm
Environment.containsKey,sourceContainsProperty
Environment.containsKey,toString
EnglishEnums.valueOf,valueOf
EnglishEnums.valueOf,toRootUpperCase
ServiceLoaderUtil.safeStream,requireNonNull
ServiceLoaderUtil.safeStream,stream
ServiceLoaderUtil.safeStream,getCallerClass
ServiceLoaderUtil.safeStream,isAvailable
ServiceLoaderUtil.safeStream,concat
ServiceLoaderUtil.safeStream,loadServices
ServiceLoaderUtil.safeStream,filter
ServiceLoaderUtil.safeStream,add
ServiceLoaderUtil.safeStream,getClass
ServiceLoaderUtil.tryAdvance,hasNext
ServiceLoaderUtil.tryAdvance,accept
ServiceLoaderUtil.tryAdvance,next
ServiceLoaderUtil.tryAdvance,warn
ServiceLoaderSpliterator.tryAdvance,hasNext
ServiceLoaderSpliterator.tryAdvance,accept
ServiceLoaderSpliterator.tryAdvance,next
ServiceLoaderSpliterator.tryAdvance,warn
LoaderUtil.getClassLoader,getClassLoader
LoaderUtil.getClassLoader,getAsBoolean
LoaderUtil.getClassLoader,getThisClassLoader
LoaderUtil.getClassLoader,currentThread
LoaderUtil.getClassLoader,getContextClassLoader
LoaderUtil.getClassLoader,isChild
LoaderUtil.getClassLoader,runPrivileged
LoaderUtil.isChild,getParent
LoaderUtil.getThisClassLoader,getClassLoader
LoaderUtil.runPrivileged,getSecurityManager
LoaderUtil.runPrivileged,doPrivileged
LoaderUtil.runPrivileged,run
LoaderUtil.run,currentThread
LoaderUtil.run,getContextClassLoader
LoaderUtil.run,getThisClassLoader
LoaderUtil.run,getAsBoolean
LoaderUtil.run,getSystemClassLoader
LoaderUtil.isClassAvailable,loadClass
LoaderUtil.isClassAvailable,error
LoaderUtil.loadClass,isIgnoreTccl
LoaderUtil.loadClass,getThisClassLoader
LoaderUtil.loadClass,getThreadContextClassLoader
LoaderUtil.loadClass,forName
LoaderUtil.loadClassUnchecked,loadClass
LoaderUtil.loadClassUnchecked,getMessage
LoaderUtil.loadClassUnchecked,initCause
LoaderUtil.newInstanceOf,getDeclaredConstructor
LoaderUtil.newInstanceOf,newInstance
LoaderUtil.newInstanceOf,cast
LoaderUtil.newInstanceOf,loadClass
LoaderUtil.newInstanceOf,newInstanceOf
LoaderUtil.newInstanceOfUnchecked,newInstanceOf
LoaderUtil.newInstanceOfUnchecked,getMessage
LoaderUtil.newInstanceOfUnchecked,initCause
LoaderUtil.newInstanceOfUnchecked,getCause
LoaderUtil.newInstanceOfUnchecked,cast
LoaderUtil.newInstanceOfUnchecked,loadClassUnchecked
LoaderUtil.newInstanceOfUnchecked,newInstanceOfUnchecked
LoaderUtil.newInstanceOfUnchecked,asSubclass
LoaderUtil.newCheckedInstanceOfProperty,newCheckedInstanceOfProperty
LoaderUtil.newCheckedInstanceOfProperty,getProperties
LoaderUtil.newCheckedInstanceOfProperty,getStringProperty
LoaderUtil.newCheckedInstanceOfProperty,get
LoaderUtil.newCheckedInstanceOfProperty,newCheckedInstanceOf
LoaderUtil.newCheckedInstanceOf,newInstanceOf
LoaderUtil.newCheckedInstanceOf,loadClass
LoaderUtil.newCheckedInstanceOf,asSubclass
LoaderUtil.isIgnoreTccl,getProperties
LoaderUtil.isIgnoreTccl,getStringProperty
LoaderUtil.isIgnoreTccl,equalsIgnoreCase
LoaderUtil.isIgnoreTccl,trim
LoaderUtil.findResources,findResources
LoaderUtil.findResources,findUrlResources
LoaderUtil.findResources,size
LoaderUtil.findResources,add
LoaderUtil.findResources,getUrl
LoaderUtil.findUrlResources,getThreadContextClassLoader
LoaderUtil.findUrlResources,getClassLoader
LoaderUtil.findUrlResources,getAsBoolean
LoaderUtil.findUrlResources,getSystemClassLoader
LoaderUtil.findUrlResources,getResources
LoaderUtil.findUrlResources,hasMoreElements
LoaderUtil.findUrlResources,add
LoaderUtil.findUrlResources,nextElement
LoaderUtil.findUrlResources,error
LoaderUtil.equals,equals
LoaderUtil.hashCode,hashCode
ThreadContextClassLoaderGetter.run,currentThread
ThreadContextClassLoaderGetter.run,getContextClassLoader
ThreadContextClassLoaderGetter.run,getThisClassLoader
ThreadContextClassLoaderGetter.run,getAsBoolean
ThreadContextClassLoaderGetter.run,getSystemClassLoader
UrlResource.equals,equals
UrlResource.hashCode,hashCode
SortedArrayStringMap.clear,assertNotFrozen
SortedArrayStringMap.clear,assertNoConcurrentModification
SortedArrayStringMap.clear,fill
SortedArrayStringMap.containsKey,indexOfKey
SortedArrayStringMap.toMap,size
SortedArrayStringMap.toMap,getValueAt
SortedArrayStringMap.toMap,put
SortedArrayStringMap.toMap,getKeyAt
SortedArrayStringMap.toMap,valueOf
SortedArrayStringMap.getValue,indexOfKey
SortedArrayStringMap.indexOfKey,nullKeyIndex
SortedArrayStringMap.indexOfKey,binarySearch
SortedArrayStringMap.putValue,assertNotFrozen
SortedArrayStringMap.putValue,assertNoConcurrentModification
SortedArrayStringMap.putValue,inflateTable
SortedArrayStringMap.putValue,indexOfKey
SortedArrayStringMap.putValue,insertAt
SortedArrayStringMap.insertAt,ensureCapacity
SortedArrayStringMap.insertAt,arraycopy
SortedArrayStringMap.putAll,isEmpty
SortedArrayStringMap.putAll,assertNotFrozen
SortedArrayStringMap.putAll,assertNoConcurrentModification
SortedArrayStringMap.putAll,initFrom0
SortedArrayStringMap.putAll,merge
SortedArrayStringMap.putAll,forEach
SortedArrayStringMap.initFrom0,arraycopy
SortedArrayStringMap.merge,ceilingNextPowerOfTwo
SortedArrayStringMap.merge,size
SortedArrayStringMap.merge,arraycopy
SortedArrayStringMap.merge,indexOfKey
SortedArrayStringMap.merge,insertAt
SortedArrayStringMap.merge,fill
SortedArrayStringMap.ensureCapacity,resize
SortedArrayStringMap.resize,arraycopy
SortedArrayStringMap.remove,indexOfKey
SortedArrayStringMap.remove,assertNotFrozen
SortedArrayStringMap.remove,assertNoConcurrentModification
SortedArrayStringMap.remove,arraycopy
SortedArrayStringMap.forEach,accept
SortedArrayStringMap.equals,size
SortedArrayStringMap.equals,toMap
SortedArrayStringMap.equals,equals
SortedArrayStringMap.hashCode,toMap
SortedArrayStringMap.hashCode,hashCode
SortedArrayStringMap.toString,append
SortedArrayStringMap.toString,toString
SortedArrayStringMap.writeObject,defaultWriteObject
SortedArrayStringMap.writeObject,writeInt
SortedArrayStringMap.writeObject,ceilingNextPowerOfTwo
SortedArrayStringMap.writeObject,writeObject
SortedArrayStringMap.writeObject,writeWrappedObject
SortedArrayStringMap.ceilingNextPowerOfTwo,numberOfLeadingZeros
SortedArrayStringMap.readObject,assertFiltered
SortedArrayStringMap.readObject,defaultReadObject
SortedArrayStringMap.readObject,readInt
SortedArrayStringMap.readObject,inflateTable
SortedArrayStringMap.readObject,readObject
SortedArrayStringMap.readObject,readWrappedObject
StackLocator.isValid,isNativeMethod
StackLocator.isValid,getClassName
StackLocator.isValid,startsWith
StackLocator.isValid,getMethodName
StackLocator.isValid,equals
Chars.getUpperCaseHex,getNumericalDigit
Chars.getUpperCaseHex,getUpperCaseAlphaDigit
Chars.getLowerCaseHex,getNumericalDigit
Chars.getLowerCaseHex,getLowerCaseAlphaDigit
PropertiesPropertySource.forEach,entrySet
PropertiesPropertySource.forEach,accept
PropertiesPropertySource.forEach,getKey
PropertiesPropertySource.forEach,getValue
PropertiesPropertySource.getNormalForm,joinAsCamelCase
PropertiesPropertySource.getNormalForm,length
PropertiesPropertySource.getPropertyNames,stringPropertyNames
PropertiesPropertySource.getProperty,getProperty
PropertiesPropertySource.containsProperty,getProperty
Constants.size,getProperties
Constants.size,getIntegerProperty
Constants.isClassAvailable,loadClass
Constants.getMajorVersion,getMajorVersion
Constants.getMajorVersion,getProperty
Constants.getMajorVersion,split
Constants.getMajorVersion,parseInt
SerializationUtil.writeWrappedObject,writeObject
SerializationUtil.writeWrappedObject,flush
SerializationUtil.writeWrappedObject,toByteArray
SerializationUtil.readWrappedObject,assertFiltered
SerializationUtil.readWrappedObject,readObject
SerializationUtil.readWrappedObject,invoke
SerializationUtil.readWrappedObject,getLogger
SerializationUtil.readWrappedObject,warn
SerializationUtil.readWrappedObject,getMessage
SerializationUtil.readWrappedObject,close
SerializationUtil.stripArray,isArray
SerializationUtil.stripArray,getComponentType
SerializationUtil.stripArray,getName
SerializationUtil.stripArray,lastIndexOf
SerializationUtil.stripArray,charAt
SerializationUtil.stripArray,substring
SerializationUtil.stripArray,length
DefaultLogBuilder.withLocation,getStackTraceElement
DefaultLogBuilder.log,isValid
DefaultLogBuilder.log,isEnabled
DefaultLogBuilder.log,logMessage
DefaultLogBuilder.log,getMessageFactory
DefaultLogBuilder.log,newMessage
DefaultLogBuilder.log,getAll
DefaultLogBuilder.log,logAndGet
DefaultLogBuilder.logAndGet,isValid
DefaultLogBuilder.logAndGet,isEnabled
DefaultLogBuilder.logAndGet,get
DefaultLogBuilder.logAndGet,logMessage
DefaultLogBuilder.logMessage,logMessage
DefaultLogBuilder.isValid,warn
DefaultLogBuilder.isValid,getCallerClass
DefaultLogBuilder.isValid,currentThread
DefaultLogBuilder.isValid,getId
DefaultLogBuilder.isEnabled,isEnabled
DefaultLogBuilder.isEnabled,copyOf
UnmodifiableArrayBackedMap.getKey,getArrayIndexForKey
UnmodifiableArrayBackedMap.getValue,getArrayIndexForValue
UnmodifiableArrayBackedMap.getValue,hashCode
UnmodifiableArrayBackedMap.getValue,getArrayIndexForKey
UnmodifiableArrayBackedMap.getValue,equals
UnmodifiableArrayBackedMap.hashCode,getArrayIndexForKey
UnmodifiableArrayBackedMap.hashCode,getArrayIndexForValue
UnmodifiableArrayBackedMap.hashCode,hashCode
UnmodifiableArrayBackedMap.add,getArrayIndexForKey
UnmodifiableArrayBackedMap.add,getArrayIndexForValue
UnmodifiableArrayBackedMap.containsKey,containsKey
UnmodifiableArrayBackedMap.containsKey,hashCode
UnmodifiableArrayBackedMap.containsKey,getArrayIndexForKey
UnmodifiableArrayBackedMap.containsKey,equals
UnmodifiableArrayBackedMap.containsValue,getArrayIndexForValue
UnmodifiableArrayBackedMap.containsValue,equals
UnmodifiableArrayBackedMap.copyAndPut,arraycopy
UnmodifiableArrayBackedMap.copyAndPut,addOrOverwriteKey
UnmodifiableArrayBackedMap.copyAndPut,updateNumEntriesInArray
UnmodifiableArrayBackedMap.copyAndPutAll,size
UnmodifiableArrayBackedMap.copyAndPutAll,arraycopy
UnmodifiableArrayBackedMap.copyAndPutAll,entrySet
UnmodifiableArrayBackedMap.copyAndPutAll,getKey
UnmodifiableArrayBackedMap.copyAndPutAll,getValue
UnmodifiableArrayBackedMap.copyAndPutAll,isEmpty
UnmodifiableArrayBackedMap.copyAndPutAll,addOrOverwriteKey
UnmodifiableArrayBackedMap.copyAndPutAll,add
UnmodifiableArrayBackedMap.copyAndPutAll,updateNumEntriesInArray
UnmodifiableArrayBackedMap.copyAndRemove,getArrayIndexForKey
UnmodifiableArrayBackedMap.copyAndRemove,hashCode
UnmodifiableArrayBackedMap.copyAndRemove,equals
UnmodifiableArrayBackedMap.copyAndRemove,arraycopy
UnmodifiableArrayBackedMap.copyAndRemove,updateNumEntriesInArray
UnmodifiableArrayBackedMap.copyAndRemoveAll,isEmpty
UnmodifiableArrayBackedMap.copyAndRemoveAll,add
UnmodifiableArrayBackedMap.copyAndRemoveAll,arraycopy
UnmodifiableArrayBackedMap.copyAndRemoveAll,getArrayIndexForKey
UnmodifiableArrayBackedMap.copyAndRemoveAll,contains
UnmodifiableArrayBackedMap.copyAndRemoveAll,getArrayIndexForValue
UnmodifiableArrayBackedMap.copyAndRemoveAll,updateNumEntriesInArray
UnmodifiableArrayBackedMap.forEach,getArrayIndexForKey
UnmodifiableArrayBackedMap.forEach,getArrayIndexForValue
UnmodifiableArrayBackedMap.forEach,accept
UnmodifiableArrayBackedMap.get,getValue
UnmodifiableArrayBackedMap.addOrOverwriteKey,hashCode
UnmodifiableArrayBackedMap.addOrOverwriteKey,getArrayIndexForKey
UnmodifiableArrayBackedMap.addOrOverwriteKey,equals
UnmodifiableArrayBackedMap.addOrOverwriteKey,getArrayIndexForValue
UnmodifiableArrayBackedMap.addOrOverwriteKey,add
UnmodifiableEntry.getKey,getArrayIndexForKey
UnmodifiableEntry.getValue,getArrayIndexForValue
UnmodifiableEntry.hashCode,getArrayIndexForKey
UnmodifiableEntry.hashCode,getArrayIndexForValue
UnmodifiableEntry.hashCode,hashCode
ReusableObjectMessage.getFormattedMessage,valueOf
ReusableObjectMessage.formatTo,appendValue
ReusableObjectMessage.toString,getFormattedMessage
ReusableObjectMessage.forEachParameter,accept
ReusableObjectMessage.memento,getFormattedMessage
ReusableObjectMessage.writeReplace,memento
ObjectMessage.getFormattedMessage,valueOf
ObjectMessage.formatTo,append
ObjectMessage.formatTo,appendValue
ObjectMessage.getFormat,getFormattedMessage
ObjectMessage.equals,equalObjectsOrStrings
ObjectMessage.equalObjectsOrStrings,equals
ObjectMessage.equalObjectsOrStrings,valueOf
ObjectMessage.hashCode,hashCode
ObjectMessage.toString,getFormattedMessage
ObjectMessage.writeObject,defaultWriteObject
ObjectMessage.writeObject,writeWrappedObject
ObjectMessage.writeObject,valueOf
ObjectMessage.readObject,assertFiltered
ObjectMessage.readObject,defaultReadObject
ObjectMessage.readObject,readWrappedObject
ReusableSimpleMessage.getFormattedMessage,valueOf
ReusableSimpleMessage.formatTo,append
ReusableSimpleMessage.memento,getFormattedMessage
ReusableSimpleMessage.length,length
ReusableSimpleMessage.charAt,charAt
ReusableSimpleMessage.subSequence,subSequence
ReusableSimpleMessage.writeReplace,memento
LocalizedMessage.getFormattedMessage,getResourceBundle
LocalizedMessage.getFormattedMessage,getFormat
LocalizedMessage.getFormattedMessage,containsKey
LocalizedMessage.getFormattedMessage,getString
LocalizedMessage.getFormattedMessage,getFormattedMessage
LocalizedMessage.getFormattedMessage,getThrowable
LocalizedMessage.getResourceBundle,getBundle
LocalizedMessage.getResourceBundle,debug
LocalizedMessage.getResourceBundle,lastIndexOf
LocalizedMessage.getResourceBundle,substring
LocalizedMessage.toString,getFormattedMessage
LocalizedMessage.writeObject,defaultWriteObject
LocalizedMessage.writeObject,getFormattedMessage
LocalizedMessage.writeObject,writeUTF
LocalizedMessage.writeObject,writeInt
LocalizedMessage.writeObject,toString
LocalizedMessage.writeObject,writeObject
LocalizedMessage.readObject,defaultReadObject
LocalizedMessage.readObject,readUTF
LocalizedMessage.readObject,readInt
LocalizedMessage.readObject,readObject
LocalizedMessage.readObject,getLogger
SimpleMessage.getFormattedMessage,valueOf
SimpleMessage.formatTo,append
SimpleMessage.equals,equals
SimpleMessage.equals,getFormattedMessage
SimpleMessage.hashCode,hashCode
SimpleMessage.toString,getFormattedMessage
SimpleMessage.length,length
SimpleMessage.charAt,charAt
SimpleMessage.subSequence,subSequence
SimpleMessage.writeObject,getFormattedMessage
SimpleMessage.writeObject,defaultWriteObject
SimpleMessage.readObject,defaultReadObject
ReusableMessageFactory.getParameterized,get
ReusableMessageFactory.getParameterized,set
ReusableMessageFactory.getParameterized,reserve
ReusableMessageFactory.getSimple,get
ReusableMessageFactory.getSimple,set
ReusableMessageFactory.getObject,get
ReusableMessageFactory.getObject,set
ReusableMessageFactory.newMessage,getSimple
ReusableMessageFactory.newMessage,set
ReusableMessageFactory.newMessage,getParameterized
ReusableMessageFactory.newMessage,getObject
ParameterizedNoReferenceMessageFactory.newMessage,getFormattedMessage
ParameterizedNoReferenceMessageFactory.newMessage,getThrowable
ThreadDumpMessage.initFactory,safeStream
ThreadDumpMessage.initFactory,findFirst
ThreadDumpMessage.initFactory,orElseGet
ThreadDumpMessage.initFactory,load
ThreadDumpMessage.initFactory,getClassLoader
ThreadDumpMessage.initFactory,getLogger
ThreadDumpMessage.toString,getFormattedMessage
ThreadDumpMessage.getFormattedMessage,formatTo
ThreadDumpMessage.getFormattedMessage,toString
ThreadDumpMessage.formatTo,append
ThreadDumpMessage.formatTo,length
ThreadDumpMessage.formatTo,entrySet
ThreadDumpMessage.formatTo,getKey
ThreadDumpMessage.formatTo,printThreadInfo
ThreadDumpMessage.formatTo,printStack
ThreadDumpMessage.formatTo,getValue
ThreadDumpMessage.createThreadInfo,getAllStackTraces
ThreadDumpMessage.createThreadInfo,size
ThreadDumpMessage.createThreadInfo,entrySet
ThreadDumpMessage.createThreadInfo,put
ThreadDumpMessage.createThreadInfo,getKey
ThreadDumpMessage.createThreadInfo,getValue
BasicThreadInfoFactory.createThreadInfo,getAllStackTraces
BasicThreadInfoFactory.createThreadInfo,size
BasicThreadInfoFactory.createThreadInfo,entrySet
BasicThreadInfoFactory.createThreadInfo,put
BasicThreadInfoFactory.createThreadInfo,getKey
BasicThreadInfoFactory.createThreadInfo,getValue
ObjectArrayMessage.equalObjectsOrStrings,equals
ObjectArrayMessage.equalObjectsOrStrings,toString
ObjectArrayMessage.equals,getClass
ObjectArrayMessage.equals,equalObjectsOrStrings
ObjectArrayMessage.getFormat,getFormattedMessage
ObjectArrayMessage.getFormattedMessage,toString
ObjectArrayMessage.hashCode,hashCode
ObjectArrayMessage.readObject,defaultReadObject
ObjectArrayMessage.readObject,readObject
ObjectArrayMessage.toString,getFormattedMessage
ObjectArrayMessage.writeObject,defaultWriteObject
ObjectArrayMessage.writeObject,writeObject
BasicThreadInformation.equals,equals
BasicThreadInformation.hashCode,hashCode
BasicThreadInformation.printThreadInfo,appendDqValue
BasicThreadInformation.printThreadInfo,append
BasicThreadInformation.printThreadInfo,appendKeyDqValue
BasicThreadInformation.printThreadInfo,name
BasicThreadInformation.printStack,append
FormattedMessage.equals,equals
FormattedMessage.getFormattedMessage,getMessage
FormattedMessage.getFormattedMessage,getFormattedMessage
FormattedMessage.getMessage,getFormats
FormattedMessage.getMessage,analyzePattern
FormattedMessage.getMessage,indexOf
FormattedMessage.getThrowable,getMessage
FormattedMessage.getThrowable,getThrowable
FormattedMessage.hashCode,hashCode
FormattedMessage.readObject,defaultReadObject
FormattedMessage.readObject,readUTF
FormattedMessage.readObject,readInt
FormattedMessage.toString,getFormattedMessage
FormattedMessage.writeObject,defaultWriteObject
FormattedMessage.writeObject,getFormattedMessage
FormattedMessage.writeObject,writeUTF
FormattedMessage.writeObject,writeInt
FormattedMessage.writeObject,valueOf
StructuredDataId.makeId,makeId
StructuredDataId.makeId,getName
StructuredDataId.makeId,getEnterpriseNumber
StructuredDataId.makeId,equals
StructuredDataId.makeId,valueOf
StructuredDataId.isReserved,equals
StructuredDataId.toString,length
StructuredDataId.toString,formatTo
StructuredDataId.toString,toString
StructuredDataId.formatTo,isReserved
StructuredDataId.formatTo,append
StructuredDataMessage.getFormats,values
StructuredDataMessage.getFormats,name
StructuredDataMessage.setType,length
StructuredDataMessage.formatTo,asString
StructuredDataMessage.formatTo,getFormat
StructuredDataMessage.asString,asString
StructuredDataMessage.asString,valueOf
StructuredDataMessage.asString,toString
StructuredDataMessage.asString,equals
StructuredDataMessage.asString,getType
StructuredDataMessage.asString,append
StructuredDataMessage.asString,getId
StructuredDataMessage.asString,makeId
StructuredDataMessage.asString,getName
StructuredDataMessage.asString,asXml
StructuredDataMessage.asString,appendValue
StructuredDataMessage.asString,appendMap
StructuredDataMessage.asString,getFormat
StructuredDataMessage.asXml,append
StructuredDataMessage.getFormattedMessage,asString
StructuredDataMessage.getFormattedMessage,getFormat
StructuredDataMessage.getFormat,name
StructuredDataMessage.getFormat,equalsIgnoreCase
StructuredDataMessage.toString,asString
StructuredDataMessage.equals,equals
StructuredDataMessage.hashCode,hashCode
StructuredDataMessage.validate,validateKey
StructuredDataMessage.validateKey,length
StructuredDataMessage.validateKey,charAt
StringFormattedMessage.getFormattedMessage,formatMessage
StringFormattedMessage.formatMessage,format
StringFormattedMessage.formatMessage,error
StringFormattedMessage.equals,equals
StringFormattedMessage.hashCode,hashCode
StringFormattedMessage.toString,getFormattedMessage
StringFormattedMessage.writeObject,defaultWriteObject
StringFormattedMessage.writeObject,getFormattedMessage
StringFormattedMessage.writeObject,writeUTF
StringFormattedMessage.writeObject,writeInt
StringFormattedMessage.writeObject,valueOf
StringFormattedMessage.readObject,defaultReadObject
StringFormattedMessage.readObject,readUTF
StringFormattedMessage.readObject,readInt
StructuredDataCollectionMessage.iterator,iterator
StructuredDataCollectionMessage.getFormattedMessage,formatTo
StructuredDataCollectionMessage.getFormattedMessage,toString
StructuredDataCollectionMessage.getFormat,getFormat
StructuredDataCollectionMessage.getFormat,length
StructuredDataCollectionMessage.getFormat,append
StructuredDataCollectionMessage.getFormat,toString
StructuredDataCollectionMessage.formatTo,formatTo
StructuredDataCollectionMessage.getParameters,getParameters
StructuredDataCollectionMessage.getParameters,add
StructuredDataCollectionMessage.getThrowable,getThrowable
MapMessage.lookupIgnoreCase,name
MapMessage.lookupIgnoreCase,equalsIgnoreCase
MapMessage.names,name
MapMessage.getFormats,names
MapMessage.getParameters,size
MapMessage.getParameters,getValueAt
MapMessage.getData,size
MapMessage.getData,put
MapMessage.getData,getKeyAt
MapMessage.getData,getValueAt
MapMessage.getData,unmodifiableMap
MapMessage.clear,clear
MapMessage.containsKey,containsKey
MapMessage.put,toKey
MapMessage.put,validate
MapMessage.put,putValue
MapMessage.putAll,entrySet
MapMessage.putAll,putValue
MapMessage.putAll,getKey
MapMessage.putAll,getValue
MapMessage.get,getValue
MapMessage.get,deepToString
MapMessage.remove,get
MapMessage.remove,remove
MapMessage.asString,format
MapMessage.asString,toString
MapMessage.asString,valueOf
MapMessage.asString,asString
MapMessage.forEach,forEach
MapMessage.format,appendMap
MapMessage.format,asXml
MapMessage.format,asJson
MapMessage.format,asJava
MapMessage.format,asJavaUnquoted
MapMessage.asXml,append
MapMessage.asXml,size
MapMessage.asXml,length
MapMessage.asXml,getKeyAt
MapMessage.asXml,escapeXml
MapMessage.asXml,recursiveDeepToString
MapMessage.asXml,getValueAt
MapMessage.getFormattedMessage,asString
MapMessage.getFormattedMessage,format
MapMessage.getFormattedMessage,toString
MapMessage.getFormattedMessage,getFormat
MapMessage.getFormat,lookupIgnoreCase
MapMessage.appendMap,size
MapMessage.appendMap,append
MapMessage.appendMap,getKeyAt
MapMessage.appendMap,recursiveDeepToString
MapMessage.appendMap,getValueAt
MapMessage.asJson,format
MapMessage.asJavaUnquoted,asJava
MapMessage.asJava,asJava
MapMessage.asJava,append
MapMessage.asJava,size
MapMessage.asJava,getKeyAt
MapMessage.asJava,recursiveDeepToString
MapMessage.asJava,getValueAt
MapMessage.toString,asString
MapMessage.formatTo,format
MapMessage.formatTo,getFormat
MapMessage.equals,equals
MapMessage.hashCode,hashCode
MapMessage.with,toKey
MapMessage.with,validate
MapMessage.with,putValue
MapMessage.with,put
AbstractMessageFactory.newMessage,newMessage
MessageFormatMessage.getFormattedMessage,formatMessage
MessageFormatMessage.formatMessage,format
MessageFormatMessage.formatMessage,error
MessageFormatMessage.equals,equals
MessageFormatMessage.hashCode,hashCode
MessageFormatMessage.toString,getFormattedMessage
MessageFormatMessage.writeObject,getFormattedMessage
MessageFormatMessage.writeObject,writeUTF
MessageFormatMessage.writeObject,writeInt
MessageFormatMessage.writeObject,valueOf
MessageFormatMessage.readObject,readUTF
MessageFormatMessage.readObject,readInt
DefaultFlowMessageFactory.getFormattedMessage,getFormattedMessage
DefaultFlowMessageFactory.getFormat,getFormat
DefaultFlowMessageFactory.getParameters,getParameters
DefaultFlowMessageFactory.getThrowable,getThrowable
DefaultFlowMessageFactory.formatTo,append
DefaultFlowMessageFactory.formatTo,appendValue
DefaultFlowMessageFactory.newEntryMessage,isNotEmpty
DefaultFlowMessageFactory.newEntryMessage,newMessage
DefaultFlowMessageFactory.newEntryMessage,append
DefaultFlowMessageFactory.newEntryMessage,toString
DefaultFlowMessageFactory.newEntryMessage,newEntryMessage
DefaultFlowMessageFactory.newEntryMessage,makeImmutable
DefaultFlowMessageFactory.newExitMessage,isNotEmpty
DefaultFlowMessageFactory.newExitMessage,newMessage
DefaultFlowMessageFactory.newExitMessage,newExitMessage
AbstractFlowMessage.getFormattedMessage,getFormattedMessage
AbstractFlowMessage.getFormat,getFormat
AbstractFlowMessage.getParameters,getParameters
AbstractFlowMessage.getThrowable,getThrowable
AbstractFlowMessage.formatTo,append
AbstractFlowMessage.formatTo,appendValue
ParameterFormatter.analyzePattern,analyzePattern
ParameterFormatter.analyzePattern,length
ParameterFormatter.analyzePattern,charAt
ParameterFormatter.analyzePattern,ensurePlaceholderCharIndicesCapacity
ParameterFormatter.ensurePlaceholderCharIndicesCapacity,max
ParameterFormatter.ensurePlaceholderCharIndicesCapacity,addExact
ParameterFormatter.ensurePlaceholderCharIndicesCapacity,arraycopy
ParameterFormatter.format,analyzePattern
ParameterFormatter.format,formatMessage
ParameterFormatter.format,toString
ParameterFormatter.formatMessage,append
ParameterFormatter.formatMessage,isLastArgumentThrowable
ParameterFormatter.formatMessage,warn
ParameterFormatter.formatMessage,formatMessageContainingEscapes
ParameterFormatter.formatMessage,formatMessageContainingNoEscapes
ParameterFormatter.formatMessageContainingNoEscapes,min
ParameterFormatter.formatMessageContainingNoEscapes,append
ParameterFormatter.formatMessageContainingNoEscapes,recursiveDeepToString
ParameterFormatter.formatMessageContainingNoEscapes,length
ParameterFormatter.formatMessageContainingEscapes,min
ParameterFormatter.formatMessageContainingEscapes,copyMessagePatternContainingEscapes
ParameterFormatter.formatMessageContainingEscapes,recursiveDeepToString
ParameterFormatter.formatMessageContainingEscapes,length
ParameterFormatter.copyMessagePatternContainingEscapes,charAt
ParameterFormatter.copyMessagePatternContainingEscapes,append
ParameterFormatter.copyMessagePatternContainingEscapes,setLength
ParameterFormatter.copyMessagePatternContainingEscapes,length
ParameterFormatter.deepToString,toString
ParameterFormatter.deepToString,recursiveDeepToString
ParameterFormatter.recursiveDeepToString,recursiveDeepToString
ParameterFormatter.recursiveDeepToString,appendSpecialTypes
ParameterFormatter.recursiveDeepToString,isMaybeRecursive
ParameterFormatter.recursiveDeepToString,appendPotentiallyRecursiveValue
ParameterFormatter.recursiveDeepToString,tryObjectToString
ParameterFormatter.appendSpecialTypes,appendSpecificTypes
ParameterFormatter.appendSpecialTypes,appendDate
ParameterFormatter.appendDate,formatTo
ParameterFormatter.isMaybeRecursive,getClass
ParameterFormatter.isMaybeRecursive,isArray
ParameterFormatter.appendPotentiallyRecursiveValue,getClass
ParameterFormatter.appendPotentiallyRecursiveValue,isArray
ParameterFormatter.appendPotentiallyRecursiveValue,appendArray
ParameterFormatter.appendPotentiallyRecursiveValue,appendMap
ParameterFormatter.appendPotentiallyRecursiveValue,appendCollection
ParameterFormatter.appendArray,appendArray
ParameterFormatter.appendArray,getOrCreateDejaVu
ParameterFormatter.appendArray,add
ParameterFormatter.appendArray,identityToString
ParameterFormatter.appendArray,append
ParameterFormatter.appendArray,recursiveDeepToString
ParameterFormatter.appendArray,cloneDejaVu
ParameterFormatter.appendMap,getOrCreateDejaVu
ParameterFormatter.appendMap,add
ParameterFormatter.appendMap,identityToString
ParameterFormatter.appendMap,append
ParameterFormatter.appendMap,entrySet
ParameterFormatter.appendMap,getKey
ParameterFormatter.appendMap,getValue
ParameterFormatter.appendMap,recursiveDeepToString
ParameterFormatter.appendMap,cloneDejaVu
ParameterFormatter.appendCollection,getOrCreateDejaVu
ParameterFormatter.appendCollection,add
ParameterFormatter.appendCollection,identityToString
ParameterFormatter.appendCollection,append
ParameterFormatter.appendCollection,recursiveDeepToString
ParameterFormatter.appendCollection,cloneDejaVu
ParameterFormatter.getOrCreateDejaVu,createDejaVu
ParameterFormatter.createDejaVu,newSetFromMap
ParameterFormatter.cloneDejaVu,createDejaVu
ParameterFormatter.cloneDejaVu,addAll
ParameterFormatter.tryObjectToString,append
ParameterFormatter.tryObjectToString,toString
ParameterFormatter.tryObjectToString,handleErrorInObjectToString
ParameterFormatter.handleErrorInObjectToString,append
ParameterFormatter.handleErrorInObjectToString,identityToString
ParameterFormatter.handleErrorInObjectToString,getMessage
ParameterFormatter.handleErrorInObjectToString,getClass
ParameterFormatter.handleErrorInObjectToString,getName
ParameterFormatter.handleErrorInObjectToString,equals
ParameterFormatter.identityToString,getClass
ParameterFormatter.identityToString,getName
ParameterFormatter.identityToString,toHexString
ParameterFormatter.identityToString,identityHashCode
MessagePatternAnalysis.ensurePlaceholderCharIndicesCapacity,max
MessagePatternAnalysis.ensurePlaceholderCharIndicesCapacity,addExact
MessagePatternAnalysis.ensurePlaceholderCharIndicesCapacity,arraycopy
ReusableParameterizedMessage.getTrimmedParams,copyOf
ReusableParameterizedMessage.swapParameters,arraycopy
ReusableParameterizedMessage.forEachParameter,getParams
ReusableParameterizedMessage.forEachParameter,accept
ReusableParameterizedMessage.memento,getTrimmedParams
ReusableParameterizedMessage.memento,getFormattedMessage
ReusableParameterizedMessage.init,analyzePattern
ReusableParameterizedMessage.init,determineThrowable
ReusableParameterizedMessage.set,init
ReusableParameterizedMessage.getParameters,getTrimmedParams
ReusableParameterizedMessage.getFormattedMessage,formatTo
ReusableParameterizedMessage.getFormattedMessage,toString
ReusableParameterizedMessage.getFormattedMessage,trimToMaxSize
ReusableParameterizedMessage.getFormattedMessage,setLength
ReusableParameterizedMessage.formatTo,formatMessage
ReusableParameterizedMessage.formatTo,getParams
ReusableParameterizedMessage.toString,getFormat
ReusableParameterizedMessage.toString,getParameterCount
ReusableParameterizedMessage.toString,getThrowable
ReusableParameterizedMessage.writeReplace,memento
LocalizedMessageFactory.equals,getClass
LocalizedMessageFactory.equals,equals
LocalizedMessageFactory.hashCode,hash
StatusData.getTimestamp,toEpochMilli
StatusData.getFormattedStatus,formatTo
StatusData.getFormattedStatus,append
StatusData.getFormattedStatus,getThreadName
StatusData.getFormattedStatus,toString
StatusData.getFormattedStatus,getFormattedMessage
StatusData.getFormattedStatus,getParameters
StatusData.getFormattedStatus,lineSeparator
StatusData.getFormattedStatus,printStackTrace
StatusData.toString,getMessage
StatusData.toString,getFormattedMessage
StatusConsoleListener.setLevel,requireNonNull
StatusConsoleListener.setLevel,equals
StatusConsoleListener.setLevel,lock
StatusConsoleListener.setLevel,unlock
StatusConsoleListener.setStream,requireNonNull
StatusConsoleListener.setStream,lock
StatusConsoleListener.setStream,unlock
StatusConsoleListener.setStream,closeNonSystemStream
StatusConsoleListener.log,requireNonNull
StatusConsoleListener.log,getFormattedStatus
StatusConsoleListener.log,println
StatusConsoleListener.close,lock
StatusConsoleListener.close,unlock
StatusConsoleListener.close,closeNonSystemStream
StatusConsoleListener.closeNonSystemStream,close
StatusConsoleListener.closeNonSystemStream,printStackTrace
StatusLogger.readDebugEnabled,readProperty
StatusLogger.readDebugEnabled,equalsIgnoreCase
StatusLogger.readBufferCapacity,readProperty
StatusLogger.readBufferCapacity,parseInt
StatusLogger.readBufferCapacity,format
StatusLogger.readBufferCapacity,printStackTrace
StatusLogger.readFallbackListenerLevel,readProperty
StatusLogger.readFallbackListenerLevel,valueOf
StatusLogger.readFallbackListenerLevel,format
StatusLogger.readFallbackListenerLevel,printStackTrace
StatusLogger.readInstantFormatter,readProperty
StatusLogger.readInstantFormatter,ofPattern
StatusLogger.readInstantFormatter,format
StatusLogger.readInstantFormatter,printStackTrace
StatusLogger.readInstantFormatter,systemDefault
StatusLogger.readInstantFormatter,of
StatusLogger.readInstantFormatter,withZone
StatusLogger.readProperty,normalizePropertyName
StatusLogger.readProperty,get
StatusLogger.readAllAvailableProperties,getProperties
StatusLogger.readAllAvailableProperties,readEnvironmentProperties
StatusLogger.readAllAvailableProperties,readPropertiesFile
StatusLogger.readAllAvailableProperties,normalizeProperties
StatusLogger.readEnvironmentProperties,putAll
StatusLogger.readEnvironmentProperties,getenv
StatusLogger.readPropertiesFile,getResource
StatusLogger.readPropertiesFile,openStream
StatusLogger.readPropertiesFile,load
StatusLogger.readPropertiesFile,format
StatusLogger.readPropertiesFile,printStackTrace
StatusLogger.normalizeProperties,forEach
StatusLogger.normalizeProperties,isRelevantPropertyName
StatusLogger.normalizeProperties,normalizePropertyName
StatusLogger.normalizeProperties,put
StatusLogger.normalizePropertyName,replaceAll
StatusLogger.normalizePropertyName,toLowerCase
StatusLogger.setLogger,requireNonNull
StatusLogger.setLevel,requireNonNull
StatusLogger.setLevel,setLevel
StatusLogger.registerListener,requireNonNull
StatusLogger.registerListener,lock
StatusLogger.registerListener,add
StatusLogger.registerListener,unlock
StatusLogger.removeListener,requireNonNull
StatusLogger.removeListener,lock
StatusLogger.removeListener,remove
StatusLogger.removeListener,closeListenerSafely
StatusLogger.removeListener,unlock
StatusLogger.updateListenerLevel,requireNonNull
StatusLogger.updateListenerLevel,setLevel
StatusLogger.getListeners,lock
StatusLogger.getListeners,unmodifiableCollection
StatusLogger.getListeners,unlock
StatusLogger.reset,lock
StatusLogger.reset,iterator
StatusLogger.reset,hasNext
StatusLogger.reset,next
StatusLogger.reset,closeListenerSafely
StatusLogger.reset,remove
StatusLogger.reset,unlock
StatusLogger.reset,close
StatusLogger.reset,clear
StatusLogger.closeListenerSafely,close
StatusLogger.closeListenerSafely,format
StatusLogger.closeListenerSafely,printStackTrace
StatusLogger.getStatusData,unmodifiableList
StatusLogger.clear,clear
StatusLogger.getLevel,getStatusLevel
StatusLogger.getLevel,size
StatusLogger.getLevel,get
StatusLogger.getLevel,isLessSpecificThan
StatusLogger.logMessage,createStatusData
StatusLogger.logMessage,buffer
StatusLogger.logMessage,notifyListeners
StatusLogger.logMessage,printStackTrace
StatusLogger.buffer,add
StatusLogger.buffer,size
StatusLogger.buffer,remove
StatusLogger.notifyListeners,lock
StatusLogger.notifyListeners,isEmpty
StatusLogger.notifyListeners,forEach
StatusLogger.notifyListeners,notifyListener
StatusLogger.notifyListeners,unlock
StatusLogger.notifyListener,isLevelEnabled
StatusLogger.notifyListener,getStatusLevel
StatusLogger.notifyListener,getLevel
StatusLogger.notifyListener,log
StatusLogger.createStatusData,getStackTraceElement
StatusLogger.createStatusData,now
StatusLogger.getStackTraceElement,currentThread
StatusLogger.getStackTraceElement,getStackTrace
StatusLogger.getStackTraceElement,getClassName
StatusLogger.getStackTraceElement,equals
StatusLogger.isEnabled,isEnabled
StatusLogger.isEnabled,requireNonNull
StatusLogger.isEnabled,getLevel
StatusLogger.isEnabled,isLevelEnabled
StatusLogger.isLevelEnabled,isLessSpecificThan
Config.readDebugEnabled,readProperty
Config.readDebugEnabled,equalsIgnoreCase
Config.readBufferCapacity,readProperty
Config.readBufferCapacity,parseInt
Config.readBufferCapacity,format
Config.readBufferCapacity,printStackTrace
Config.readFallbackListenerLevel,readProperty
Config.readFallbackListenerLevel,valueOf
Config.readFallbackListenerLevel,format
Config.readFallbackListenerLevel,printStackTrace
Config.readInstantFormatter,readProperty
Config.readInstantFormatter,ofPattern
Config.readInstantFormatter,format
Config.readInstantFormatter,printStackTrace
Config.readInstantFormatter,systemDefault
Config.readInstantFormatter,of
Config.readInstantFormatter,withZone
PropertiesUtilsDouble.readProperty,normalizePropertyName
PropertiesUtilsDouble.readProperty,get
PropertiesUtilsDouble.readAllAvailableProperties,getProperties
PropertiesUtilsDouble.readAllAvailableProperties,readEnvironmentProperties
PropertiesUtilsDouble.readAllAvailableProperties,readPropertiesFile
PropertiesUtilsDouble.readAllAvailableProperties,normalizeProperties
PropertiesUtilsDouble.readEnvironmentProperties,putAll
PropertiesUtilsDouble.readEnvironmentProperties,getenv
PropertiesUtilsDouble.readPropertiesFile,getResource
PropertiesUtilsDouble.readPropertiesFile,openStream
PropertiesUtilsDouble.readPropertiesFile,load
PropertiesUtilsDouble.readPropertiesFile,format
PropertiesUtilsDouble.readPropertiesFile,printStackTrace
PropertiesUtilsDouble.normalizeProperties,forEach
PropertiesUtilsDouble.normalizeProperties,isRelevantPropertyName
PropertiesUtilsDouble.normalizeProperties,normalizePropertyName
PropertiesUtilsDouble.normalizeProperties,put
PropertiesUtilsDouble.normalizePropertyName,replaceAll
PropertiesUtilsDouble.normalizePropertyName,toLowerCase
SimpleLogger.isEnabled,intLevel
SimpleLogger.logMessage,format
SimpleLogger.logMessage,append
SimpleLogger.logMessage,toString
SimpleLogger.logMessage,isNotEmpty
SimpleLogger.logMessage,getFormattedMessage
SimpleLogger.logMessage,getImmutableContext
SimpleLogger.logMessage,size
SimpleLogger.logMessage,getParameters
SimpleLogger.logMessage,println
SimpleLogger.logMessage,print
SimpleLogger.logMessage,printStackTrace
SimpleLoggerContext.getLogger,getLogger
SimpleLoggerContext.getLogger,createLogger
SimpleLoggerContext.getLogger,putIfAbsent
SimpleLoggerContext.hasLogger,hasLogger
DefaultThreadContextMap.put,get
DefaultThreadContextMap.put,set
DefaultThreadContextMap.put,getMap
DefaultThreadContextMap.put,copyAndPut
DefaultThreadContextMap.put,getBackingArray
DefaultThreadContextMap.putAll,get
DefaultThreadContextMap.putAll,set
DefaultThreadContextMap.putAll,getMap
DefaultThreadContextMap.putAll,copyAndPutAll
DefaultThreadContextMap.putAll,getBackingArray
DefaultThreadContextMap.get,get
DefaultThreadContextMap.get,getMap
DefaultThreadContextMap.remove,get
DefaultThreadContextMap.remove,set
DefaultThreadContextMap.remove,getMap
DefaultThreadContextMap.remove,copyAndRemove
DefaultThreadContextMap.remove,getBackingArray
DefaultThreadContextMap.removeAll,get
DefaultThreadContextMap.removeAll,set
DefaultThreadContextMap.removeAll,getMap
DefaultThreadContextMap.removeAll,copyAndRemoveAll
DefaultThreadContextMap.removeAll,getBackingArray
DefaultThreadContextMap.clear,remove
DefaultThreadContextMap.toMap,getCopy
DefaultThreadContextMap.containsKey,get
DefaultThreadContextMap.containsKey,getMap
DefaultThreadContextMap.containsKey,containsKey
DefaultThreadContextMap.forEach,get
DefaultThreadContextMap.forEach,getMap
DefaultThreadContextMap.forEach,forEach
DefaultThreadContextMap.getValue,get
DefaultThreadContextMap.getCopy,get
DefaultThreadContextMap.getCopy,getMap
DefaultThreadContextMap.getCopy,isEmpty
DefaultThreadContextMap.getCopy,size
DefaultThreadContextMap.getCopy,entrySet
DefaultThreadContextMap.getCopy,put
DefaultThreadContextMap.getCopy,getKey
DefaultThreadContextMap.getCopy,getValue
DefaultThreadContextMap.getImmutableMapOrNull,get
DefaultThreadContextMap.getImmutableMapOrNull,getMap
DefaultThreadContextMap.isEmpty,size
DefaultThreadContextMap.size,get
DefaultThreadContextMap.size,getMap
DefaultThreadContextMap.size,size
DefaultThreadContextMap.toString,get
DefaultThreadContextMap.toString,getMap
DefaultThreadContextMap.toString,toString
DefaultThreadContextMap.hashCode,toMap
DefaultThreadContextMap.hashCode,hashCode
DefaultThreadContextMap.equals,size
DefaultThreadContextMap.equals,getMap
DefaultThreadContextMap.equals,get
DefaultThreadContextMap.equals,getImmutableMapOrNull
DefaultThreadContextMap.equals,equals
DefaultThreadContextStack.getNonNullStackCopy,get
DefaultThreadContextStack.getNonNullStackCopy,copy
DefaultThreadContextStack.add,getNonNullStackCopy
DefaultThreadContextStack.add,add
DefaultThreadContextStack.add,freeze
DefaultThreadContextStack.add,set
DefaultThreadContextStack.addAll,isEmpty
DefaultThreadContextStack.addAll,getNonNullStackCopy
DefaultThreadContextStack.addAll,addAll
DefaultThreadContextStack.addAll,freeze
DefaultThreadContextStack.addAll,set
DefaultThreadContextStack.asList,get
DefaultThreadContextStack.asList,emptyList
DefaultThreadContextStack.asList,asList
DefaultThreadContextStack.clear,remove
DefaultThreadContextStack.contains,get
DefaultThreadContextStack.contains,contains
DefaultThreadContextStack.containsAll,isEmpty
DefaultThreadContextStack.containsAll,get
DefaultThreadContextStack.containsAll,containsAll
DefaultThreadContextStack.copy,get
DefaultThreadContextStack.copy,copy
DefaultThreadContextStack.equals,get
DefaultThreadContextStack.equals,equals
DefaultThreadContextStack.getDepth,get
DefaultThreadContextStack.getDepth,getDepth
DefaultThreadContextStack.hashCode,get
DefaultThreadContextStack.hashCode,hashCode
DefaultThreadContextStack.isEmpty,get
DefaultThreadContextStack.isEmpty,isEmpty
DefaultThreadContextStack.iterator,get
DefaultThreadContextStack.iterator,emptyList
DefaultThreadContextStack.iterator,iterator
DefaultThreadContextStack.peek,get
DefaultThreadContextStack.peek,isEmpty
DefaultThreadContextStack.peek,peek
DefaultThreadContextStack.pop,get
DefaultThreadContextStack.pop,isEmpty
DefaultThreadContextStack.pop,copy
DefaultThreadContextStack.pop,pop
DefaultThreadContextStack.pop,freeze
DefaultThreadContextStack.pop,set
DefaultThreadContextStack.push,add
DefaultThreadContextStack.remove,get
DefaultThreadContextStack.remove,isEmpty
DefaultThreadContextStack.remove,copy
DefaultThreadContextStack.remove,remove
DefaultThreadContextStack.remove,freeze
DefaultThreadContextStack.remove,set
DefaultThreadContextStack.removeAll,isEmpty
DefaultThreadContextStack.removeAll,get
DefaultThreadContextStack.removeAll,copy
DefaultThreadContextStack.removeAll,removeAll
DefaultThreadContextStack.removeAll,freeze
DefaultThreadContextStack.removeAll,set
DefaultThreadContextStack.retainAll,isEmpty
DefaultThreadContextStack.retainAll,get
DefaultThreadContextStack.retainAll,copy
DefaultThreadContextStack.retainAll,retainAll
DefaultThreadContextStack.retainAll,freeze
DefaultThreadContextStack.retainAll,set
DefaultThreadContextStack.size,get
DefaultThreadContextStack.size,size
DefaultThreadContextStack.toArray,get
DefaultThreadContextStack.toArray,toArray
DefaultThreadContextStack.toString,get
DefaultThreadContextStack.toString,toString
DefaultThreadContextStack.formatTo,get
DefaultThreadContextStack.formatTo,append
DefaultThreadContextStack.formatTo,appendValue
DefaultThreadContextStack.trim,get
DefaultThreadContextStack.trim,copy
DefaultThreadContextStack.trim,trim
DefaultThreadContextStack.trim,freeze
DefaultThreadContextStack.trim,set
DefaultThreadContextStack.getImmutableStackOrNull,get
AbstractLogger.checkMessageFactory,getName
AbstractLogger.checkMessageFactory,getMessageFactory
AbstractLogger.checkMessageFactory,equals
AbstractLogger.checkMessageFactory,getLogger
AbstractLogger.checkMessageFactory,warn
AbstractLogger.checkMessageFactory,getClass
AbstractLogger.catching,catching
AbstractLogger.catching,isEnabled
AbstractLogger.catching,logMessageSafely
AbstractLogger.catching,catchingMsg
AbstractLogger.catchingMsg,newMessage
AbstractLogger.debug,logIfEnabled
AbstractLogger.debug,getThrowable
AbstractLogger.enter,isEnabled
AbstractLogger.enter,logMessageSafely
AbstractLogger.enter,newEntryMessage
AbstractLogger.enter,getAll
AbstractLogger.enter,entryMsg
AbstractLogger.enter,get
AbstractLogger.entry,entry
AbstractLogger.entry,isEnabled
AbstractLogger.entry,logMessageSafely
AbstractLogger.entry,entryMsg
AbstractLogger.entryMsg,newEntryMessage
AbstractLogger.entryMsg,get
AbstractLogger.entryMsg,entryMsg
AbstractLogger.entryMsg,getAll
AbstractLogger.error,logIfEnabled
AbstractLogger.error,getThrowable
AbstractLogger.exit,exit
AbstractLogger.exit,isEnabled
AbstractLogger.exit,logMessageSafely
AbstractLogger.exit,newExitMessage
AbstractLogger.exitMsg,newExitMessage
AbstractLogger.fatal,logIfEnabled
AbstractLogger.fatal,getThrowable
AbstractLogger.info,logIfEnabled
AbstractLogger.info,getThrowable
AbstractLogger.isDebugEnabled,isEnabled
AbstractLogger.isEnabled,isEnabled
AbstractLogger.isErrorEnabled,isEnabled
AbstractLogger.isFatalEnabled,isEnabled
AbstractLogger.isInfoEnabled,isEnabled
AbstractLogger.isTraceEnabled,isEnabled
AbstractLogger.isWarnEnabled,isEnabled
AbstractLogger.log,logIfEnabled
AbstractLogger.log,getThrowable
AbstractLogger.log,isEnabled
AbstractLogger.log,logMessage
AbstractLogger.log,callAppenders
AbstractLogger.log,createLogEvent
AbstractLogger.logIfEnabled,isEnabled
AbstractLogger.logIfEnabled,logMessageSafely
AbstractLogger.logIfEnabled,logMessage
AbstractLogger.logMessage,logMessageSafely
AbstractLogger.logMessage,newMessage
AbstractLogger.logMessage,get
AbstractLogger.logMessage,getThrowable
AbstractLogger.logMessage,getMessage
AbstractLogger.logMessage,getAll
AbstractLogger.logMessage,incrementRecursionDepth
AbstractLogger.logMessage,log
AbstractLogger.logMessage,handleLogMessageException
AbstractLogger.logMessage,decrementRecursionDepth
AbstractLogger.logMessage,release
AbstractLogger.printf,isEnabled
AbstractLogger.printf,logMessageSafely
AbstractLogger.printf,getThrowable
AbstractLogger.logMessageSafely,logMessageTrackRecursion
AbstractLogger.logMessageSafely,release
AbstractLogger.logMessageTrackRecursion,incrementRecursionDepth
AbstractLogger.logMessageTrackRecursion,tryLogMessage
AbstractLogger.logMessageTrackRecursion,getLocation
AbstractLogger.logMessageTrackRecursion,decrementRecursionDepth
AbstractLogger.getRecursionDepthHolder,get
AbstractLogger.getRecursionDepthHolder,set
AbstractLogger.incrementRecursionDepth,getRecursionDepthHolder
AbstractLogger.decrementRecursionDepth,getRecursionDepthHolder
AbstractLogger.getRecursionDepth,getRecursionDepthHolder
AbstractLogger.tryLogMessage,log
AbstractLogger.tryLogMessage,handleLogMessageException
AbstractLogger.getLocation,requiresLocation
AbstractLogger.getLocation,calcLocation
AbstractLogger.handleLogMessageException,getLogger
AbstractLogger.handleLogMessageException,warn
AbstractLogger.handleLogMessageException,getClass
AbstractLogger.handleLogMessageException,getName
AbstractLogger.handleLogMessageException,getSimpleName
AbstractLogger.handleLogMessageException,getFormat
AbstractLogger.throwing,throwing
AbstractLogger.throwing,isEnabled
AbstractLogger.throwing,logMessageSafely
AbstractLogger.throwing,throwingMsg
AbstractLogger.throwingMsg,newMessage
AbstractLogger.trace,logIfEnabled
AbstractLogger.trace,getThrowable
AbstractLogger.traceEntry,enter
AbstractLogger.traceExit,exit
AbstractLogger.traceExit,isEnabled
AbstractLogger.traceExit,logMessageSafely
AbstractLogger.traceExit,newExitMessage
AbstractLogger.warn,logIfEnabled
AbstractLogger.warn,getThrowable
AbstractLogger.atTrace,atLevel
AbstractLogger.atDebug,atLevel
AbstractLogger.atInfo,atLevel
AbstractLogger.atWarn,atLevel
AbstractLogger.atError,atLevel
AbstractLogger.atFatal,atLevel
AbstractLogger.always,getLogBuilder
AbstractLogger.atLevel,isEnabled
AbstractLogger.atLevel,getLogBuilder
AbstractLogger.getLogBuilder,get
AbstractLogger.getLogBuilder,isInUse
AbstractLogger.getLogBuilder,reset
ExtendedLoggerWrapper.getLevel,getLevel
ExtendedLoggerWrapper.isEnabled,isEnabled
ExtendedLoggerWrapper.logMessage,requiresLocation
ExtendedLoggerWrapper.logMessage,logMessage
Provider.getClassName,getName
Provider.loadLoggerContextFactory,getClassName
Provider.loadLoggerContextFactory,get
Provider.loadLoggerContextFactory,loadClass
Provider.loadLoggerContextFactory,isAssignableFrom
Provider.loadLoggerContextFactory,asSubclass
Provider.loadLoggerContextFactory,error
Provider.loadLoggerContextFactory,getUrl
Provider.loadLoggerContextFactory,getName
Provider.getLoggerContextFactory,loadLoggerContextFactory
Provider.getLoggerContextFactory,newInstanceOf
Provider.getLoggerContextFactory,error
Provider.getLoggerContextFactory,getName
Provider.getThreadContextMap,getName
Provider.loadThreadContextMap,getThreadContextMap
Provider.loadThreadContextMap,get
Provider.loadThreadContextMap,loadClass
Provider.loadThreadContextMap,isAssignableFrom
Provider.loadThreadContextMap,asSubclass
Provider.loadThreadContextMap,error
Provider.loadThreadContextMap,getUrl
Provider.loadThreadContextMap,getName
Provider.getThreadContextMapInstance,loadThreadContextMap
Provider.getThreadContextMapInstance,newInstanceOf
Provider.getThreadContextMapInstance,error
Provider.getThreadContextMapInstance,getName
Provider.getThreadContextMapInstance,getProperties
Provider.getThreadContextMapInstance,getBooleanProperty
Provider.toString,append
Provider.toString,getClass
Provider.toString,getName
Provider.toString,getThreadContextMap
Provider.toString,getClassName
Provider.toString,equals
Provider.toString,get
Provider.toString,toString
Provider.equals,equals
Provider.hashCode,hash
LoggerContextKey.create,create
LoggerContextKey.create,getClass
LoggerContextKey.create,getName
ThreadContextMapFactory.init,getProvider
ThreadContextMapFactory.init,getThreadContextMapInstance
ThreadContextMapFactory.createThreadContextMap,getProvider
ThreadContextMapFactory.createThreadContextMap,getThreadContextMapInstance
MutableThreadContextStack.pop,checkInvariants
MutableThreadContextStack.pop,isEmpty
MutableThreadContextStack.pop,size
MutableThreadContextStack.pop,remove
MutableThreadContextStack.peek,isEmpty
MutableThreadContextStack.peek,size
MutableThreadContextStack.peek,get
MutableThreadContextStack.push,checkInvariants
MutableThreadContextStack.push,add
MutableThreadContextStack.getDepth,size
MutableThreadContextStack.trim,checkInvariants
MutableThreadContextStack.trim,size
MutableThreadContextStack.trim,min
MutableThreadContextStack.trim,add
MutableThreadContextStack.trim,get
MutableThreadContextStack.trim,clear
MutableThreadContextStack.trim,addAll
MutableThreadContextStack.clear,checkInvariants
MutableThreadContextStack.clear,clear
MutableThreadContextStack.size,size
MutableThreadContextStack.isEmpty,isEmpty
MutableThreadContextStack.contains,contains
MutableThreadContextStack.iterator,iterator
MutableThreadContextStack.toArray,toArray
MutableThreadContextStack.add,checkInvariants
MutableThreadContextStack.add,add
MutableThreadContextStack.remove,checkInvariants
MutableThreadContextStack.remove,remove
MutableThreadContextStack.containsAll,containsAll
MutableThreadContextStack.addAll,checkInvariants
MutableThreadContextStack.addAll,addAll
MutableThreadContextStack.removeAll,checkInvariants
MutableThreadContextStack.removeAll,removeAll
MutableThreadContextStack.retainAll,checkInvariants
MutableThreadContextStack.retainAll,retainAll
MutableThreadContextStack.toString,valueOf
MutableThreadContextStack.formatTo,append
MutableThreadContextStack.formatTo,size
MutableThreadContextStack.formatTo,get
MutableThreadContextStack.hashCode,hashCode
MutableThreadContextStack.equals,asList
MutableThreadContextStack.equals,equals
MutableThreadContextStack.getImmutableStackOrNull,copy
LoggerRegistry.putIfAbsent,putIfAbsent
LoggerRegistry.putIfAbsent,put
LoggerRegistry.putIfAbsent,requireNonNull
LoggerRegistry.putIfAbsent,lock
LoggerRegistry.putIfAbsent,computeIfAbsent
LoggerRegistry.putIfAbsent,equals
LoggerRegistry.putIfAbsent,getName
LoggerRegistry.putIfAbsent,getMessageFactory
LoggerRegistry.putIfAbsent,unlock
LoggerRegistry.getLogger,requireNonNull
LoggerRegistry.getLogger,getLogger
LoggerRegistry.getLogger,lock
LoggerRegistry.getLogger,get
LoggerRegistry.getLogger,unlock
LoggerRegistry.getLoggers,lock
LoggerRegistry.getLoggers,values
LoggerRegistry.getLoggers,stream
LoggerRegistry.getLoggers,flatMap
LoggerRegistry.getLoggers,collect
LoggerRegistry.getLoggers,toList
LoggerRegistry.getLoggers,unlock
LoggerRegistry.getLoggers,requireNonNull
LoggerRegistry.getLoggers,addAll
LoggerRegistry.getLoggers,getLoggers
LoggerRegistry.hasLogger,requireNonNull
LoggerRegistry.hasLogger,getLogger
LoggerRegistry.hasLogger,lock
LoggerRegistry.hasLogger,getOrDefault
LoggerRegistry.hasLogger,keySet
LoggerRegistry.hasLogger,stream
LoggerRegistry.hasLogger,anyMatch
LoggerRegistry.hasLogger,equals
LoggerRegistry.hasLogger,getClass
LoggerRegistry.hasLogger,emptyMap
LoggerRegistry.hasLogger,unlock
ConcurrentMapFactory.putIfAbsent,putIfAbsent
WeakMapFactory.putIfAbsent,put
MessageFactory2Adapter.newMessage,newMessage
AbstractLoggerAdapter.getLogger,getContext
AbstractLoggerAdapter.getLogger,getLoggersInContext
AbstractLoggerAdapter.getLogger,get
AbstractLoggerAdapter.getLogger,putIfAbsent
AbstractLoggerAdapter.getLogger,newLogger
AbstractLoggerAdapter.contextShutdown,remove
AbstractLoggerAdapter.getLoggersInContext,readLock
AbstractLoggerAdapter.getLoggersInContext,lock
AbstractLoggerAdapter.getLoggersInContext,get
AbstractLoggerAdapter.getLoggersInContext,unlock
AbstractLoggerAdapter.getLoggersInContext,writeLock
AbstractLoggerAdapter.getLoggersInContext,put
AbstractLoggerAdapter.getLoggerContexts,keySet
AbstractLoggerAdapter.getContext,getClassLoader
AbstractLoggerAdapter.getContext,getThreadContextClassLoader
AbstractLoggerAdapter.getContext,getContext
AbstractLoggerAdapter.getContext,getFactory
AbstractLoggerAdapter.getContext,isClassLoaderDependent
AbstractLoggerAdapter.getContext,getCallerClass
AbstractLoggerAdapter.close,writeLock
AbstractLoggerAdapter.close,lock
AbstractLoggerAdapter.close,clear
AbstractLoggerAdapter.close,unlock
JsonTemplateLayout.close,close
JsonTemplateLayout.createEventResolver,getPluginPackages
JsonTemplateLayout.createEventResolver,populateResolverFactoryByName
JsonTemplateLayout.createEventResolver,populateInterceptors
JsonTemplateLayout.createEventResolver,getStrSubstitutor
JsonTemplateLayout.createEventResolver,readEventTemplate
JsonTemplateLayout.createEventResolver,readStackTraceElementTemplate
JsonTemplateLayout.createEventResolver,newEncoder
JsonTemplateLayout.createEventResolver,maxBytesPerChar
JsonTemplateLayout.createEventResolver,toIntExact
JsonTemplateLayout.createEventResolver,round
JsonTemplateLayout.createEventResolver,ceil
JsonTemplateLayout.createEventResolver,newBuilder
JsonTemplateLayout.createEventResolver,setConfiguration
JsonTemplateLayout.createEventResolver,setResolverFactoryByName
JsonTemplateLayout.createEventResolver,setResolverInterceptors
JsonTemplateLayout.createEventResolver,setSubstitutor
JsonTemplateLayout.createEventResolver,setCharset
JsonTemplateLayout.createEventResolver,setJsonWriter
JsonTemplateLayout.createEventResolver,setRecyclerFactory
JsonTemplateLayout.createEventResolver,setMaxStringByteCount
JsonTemplateLayout.createEventResolver,setTruncatedStringSuffix
JsonTemplateLayout.createEventResolver,setLocationInfoEnabled
JsonTemplateLayout.createEventResolver,setStackTraceEnabled
JsonTemplateLayout.createEventResolver,setStackTraceElementTemplate
JsonTemplateLayout.createEventResolver,setEventTemplateRootObjectKey
JsonTemplateLayout.createEventResolver,setEventTemplateAdditionalFields
JsonTemplateLayout.createEventResolver,build
JsonTemplateLayout.createEventResolver,ofTemplate
JsonTemplateLayout.readEventTemplate,readTemplate
JsonTemplateLayout.readStackTraceElementTemplate,readTemplate
JsonTemplateLayout.readTemplate,isBlank
JsonTemplateLayout.readTemplate,readUri
JsonTemplateLayout.createContextRecycler,createContextSupplier
JsonTemplateLayout.createContextRecycler,create
JsonTemplateLayout.createContextSupplier,clone
JsonTemplateLayout.encode,encodeText
JsonTemplateLayout.encode,fallbackEncode
JsonTemplateLayout.encode,acquire
JsonTemplateLayout.encode,getStringBuilder
JsonTemplateLayout.encode,resolve
JsonTemplateLayout.encode,append
JsonTemplateLayout.encode,encode
JsonTemplateLayout.encode,release
JsonTemplateLayout.fallbackEncode,getLogger
JsonTemplateLayout.fallbackEncode,error
JsonTemplateLayout.fallbackEncode,toString
JsonTemplateLayout.fallbackEncode,getBytes
JsonTemplateLayout.fallbackEncode,writeBytes
JsonTemplateLayout.toByteArray,toSerializable
JsonTemplateLayout.toByteArray,toBytes
JsonTemplateLayout.toSerializable,acquire
JsonTemplateLayout.toSerializable,getStringBuilder
JsonTemplateLayout.toSerializable,resolve
JsonTemplateLayout.toSerializable,append
JsonTemplateLayout.toSerializable,toString
JsonTemplateLayout.toSerializable,release
JsonTemplateLayout.build,validate
JsonTemplateLayout.validate,requireNonNull
JsonTemplateLayout.validate,isBlank
JsonTemplateLayout.equals,getClass
JsonTemplateLayout.equals,equals
JsonTemplateLayout.hashCode,hash
JsonTemplateLayout.toString,equals
JsonTemplateLayout.toString,format
Context.close,close
StringBuilderEncoder.encode,encodeText
StringBuilderEncoder.encode,fallbackEncode
StringBuilderEncoder.encode,getThreadLocalState
StringBuilderEncoder.encode,logEncodeTextException
StringBuilderEncoder.encode,encodeTextFallBack
StringBuilderEncoder.fallbackEncode,getLogger
StringBuilderEncoder.fallbackEncode,error
StringBuilderEncoder.fallbackEncode,toString
StringBuilderEncoder.fallbackEncode,getBytes
StringBuilderEncoder.fallbackEncode,writeBytes
Builder.validate,requireNonNull
Builder.validate,isBlank
Builder.validate,isEmpty
EventTemplateAdditionalField.equals,getClass
EventTemplateAdditionalField.equals,equals
EventTemplateAdditionalField.hashCode,hash
EventTemplateAdditionalField.toString,equals
EventTemplateAdditionalField.toString,format
EventTemplateAdditionalField.build,validate
EventTemplateAdditionalField.validate,isBlank
EventTemplateAdditionalField.validate,requireNonNull
JsonTemplateLayoutDefaults.getCharset,getStringProperty
JsonTemplateLayoutDefaults.getCharset,forName
JsonTemplateLayoutDefaults.isLocationInfoEnabled,getBooleanProperty
JsonTemplateLayoutDefaults.isStackTraceEnabled,getBooleanProperty
JsonTemplateLayoutDefaults.getTimestampFormatPattern,getStringProperty
JsonTemplateLayoutDefaults.getTimeZone,getStringProperty
JsonTemplateLayoutDefaults.getTimeZone,getTimeZone
JsonTemplateLayoutDefaults.getTimeZone,getDefault
JsonTemplateLayoutDefaults.getLocale,getStringProperty
JsonTemplateLayoutDefaults.getLocale,getDefault
JsonTemplateLayoutDefaults.getLocale,split
JsonTemplateLayoutDefaults.getEventTemplate,getStringProperty
JsonTemplateLayoutDefaults.getEventTemplateUri,getStringProperty
JsonTemplateLayoutDefaults.getEventTemplateRootObjectKey,getStringProperty
JsonTemplateLayoutDefaults.getStackTraceElementTemplate,getStringProperty
JsonTemplateLayoutDefaults.getStackTraceElementTemplateUri,getStringProperty
JsonTemplateLayoutDefaults.getEventDelimiter,getStringProperty
JsonTemplateLayoutDefaults.isNullEventDelimiterEnabled,getBooleanProperty
JsonTemplateLayoutDefaults.getMaxStringLength,getIntegerProperty
JsonTemplateLayoutDefaults.getTruncatedStringSuffix,getStringProperty
JsonTemplateLayoutDefaults.getRecyclerFactory,getStringProperty
JsonTemplateLayoutDefaults.getRecyclerFactory,getInstance
JsonTemplateLayoutDefaults.getRecyclerFactory,findCompatibleConverter
JsonTemplateLayoutDefaults.getRecyclerFactory,convert
JsonTemplateLayoutDefaults.getRecyclerFactory,format
Uris.readUri,requireNonNull
Uris.readUri,unsafeReadUri
Uris.unsafeReadUri,toRootLowerCase
Uris.unsafeReadUri,getScheme
Uris.unsafeReadUri,readClassPathUri
Uris.unsafeReadUri,readFileUri
Uris.readFileUri,get
Uris.readFileUri,newBufferedReader
Uris.readFileUri,consumeReader
Uris.readClassPathUri,toString
Uris.readClassPathUri,substring
Uris.readClassPathUri,length
Uris.readClassPathUri,findResources
Uris.readClassPathUri,isEmpty
Uris.readClassPathUri,format
Uris.readClassPathUri,get
Uris.readClassPathUri,size
Uris.readClassPathUri,warn
Uris.readClassPathUri,openStream
Uris.readClassPathUri,consumeReader
Uris.consumeReader,readLine
Uris.consumeReader,append
Uris.consumeReader,toString
CharSequencePointer.reset,requireNonNull
CharSequencePointer.reset,length
CharSequencePointer.reset,subtractExact
CharSequencePointer.length,requireReset
CharSequencePointer.charAt,requireReset
CharSequencePointer.charAt,addExact
CharSequencePointer.charAt,charAt
CharSequencePointer.toString,requireReset
CharSequencePointer.toString,addExact
CharSequencePointer.toString,toString
CharSequencePointer.toString,substring
MapAccessor.getString,getObject
MapAccessor.getBoolean,getBoolean
MapAccessor.getBoolean,getObject
MapAccessor.getInteger,getInteger
MapAccessor.getInteger,getObject
MapAccessor.exists,exists
MapAccessor.exists,getObject
MapAccessor.getList,getList
MapAccessor.getList,getObject
MapAccessor.getList,format
MapAccessor.getList,asList
MapAccessor.getList,getClass
MapAccessor.getList,getCanonicalName
MapAccessor.getList,size
MapAccessor.getList,get
MapAccessor.getList,isInstance
MapAccessor.getObject,getObject
MapAccessor.getObject,requireNonNull
MapAccessor.getObject,get
MapAccessor.getObject,isInstance
MapAccessor.getObject,format
MapAccessor.getObject,getSimpleName
MapAccessor.getObject,asList
MapAccessor.getObject,getClass
MapAccessor.getObject,getCanonicalName
MapAccessor.equals,equals
MapAccessor.hashCode,hashCode
MapAccessor.toString,toString
InstantFormatter.format,requireNonNull
InstantFormatter.format,format
InstantFormatter.format,toString
InstantFormatter.format,formatMutableInstant
InstantFormatter.format,formatInstant
InstantFormatter.format,setTimeInMillis
InstantFormatter.format,getEpochMillisecond
InstantFormatter.format,append
InstantFormatter.isInstantMatching,isInstantMatching
InstantFormatter.isInstantMatching,getEpochSecond
InstantFormatter.isInstantMatching,getNanoOfSecond
InstantFormatter.isInstantMatching,getEpochMillisecond
InstantFormatter.isInstantMatching,isEquivalent
InstantFormatter.getInternalImplementationClass,getInternalImplementationClass
InstantFormatter.build,validate
InstantFormatter.validate,isBlank
InstantFormatter.validate,requireNonNull
InstantFormatter.formatMutableInstant,formatTo
InstantFormatter.formatInstant,initFrom
InstantFormatter.formatInstant,formatMutableInstant
InstantFormatter.createIfSupported,patternSupported
InstantFormatter.createIfSupported,createIfSupported
InstantFormatter.createIfSupported,getID
InstantFormatter.patternSupported,ofPattern
InstantFormatter.patternSupported,withLocale
InstantFormatter.patternSupported,withZone
InstantFormatter.patternSupported,toZoneId
InstantFormatter.patternSupported,initFromEpochSecond
InstantFormatter.patternSupported,format
InstantFormatter.patternSupported,toString
InstantFormatter.patternSupported,equals
JavaDateTimeFormatter.format,formatMutableInstant
JavaDateTimeFormatter.format,formatInstant
JavaDateTimeFormatter.formatMutableInstant,formatTo
JavaDateTimeFormatter.formatInstant,initFrom
JavaDateTimeFormatter.formatInstant,formatMutableInstant
JavaDateTimeFormatter.isInstantMatching,getEpochSecond
JavaDateTimeFormatter.isInstantMatching,getNanoOfSecond
Log4jFastFormatterFactory.createIfSupported,patternSupported
Log4jFastFormatter.format,setTimeInMillis
Log4jFastFormatter.format,getEpochMillisecond
Log4jFastFormatter.format,format
Log4jFastFormatter.isInstantMatching,getEpochMillisecond
Log4jFixedFormatterFactory.createIfSupported,createIfSupported
Log4jFixedFormatterFactory.createIfSupported,getID
Log4jFixedFormatterFactory.createIfSupported,patternSupported
Log4jFixedFormatter.format,formatInstant
Log4jFixedFormatter.format,append
Log4jFixedFormatter.isInstantMatching,isEquivalent
Log4jFixedFormatter.isInstantMatching,getEpochSecond
Log4jFixedFormatter.isInstantMatching,getNanoOfSecond
DummyRecycler.acquire,get
JsonReader.exists,values
JsonReader.exists,equals
JsonReader.read,requireNonNull
JsonReader.read,read
JsonReader.read,first
JsonReader.read,readToken
JsonReader.read,format
JsonReader.read,skipWhiteSpace
JsonReader.read,getIndex
JsonReader.read,getEndIndex
JsonReader.readToken,skipWhiteSpace
JsonReader.readToken,readChar
JsonReader.readToken,readString
JsonReader.readToken,readArray
JsonReader.readToken,readObject
JsonReader.readToken,readTrue
JsonReader.readToken,readFalse
JsonReader.readToken,readNull
JsonReader.readToken,unreadChar
JsonReader.readToken,isDigit
JsonReader.readToken,readNumber
JsonReader.readToken,format
JsonReader.skipWhiteSpace,readChar
JsonReader.skipWhiteSpace,isWhitespace
JsonReader.readChar,getIndex
JsonReader.readChar,getEndIndex
JsonReader.readChar,next
JsonReader.unreadChar,previous
JsonReader.unreadChar,getIndex
JsonReader.readString,setLength
JsonReader.readString,readChar
JsonReader.readString,readUnicodeChar
JsonReader.readString,bufferChar
JsonReader.readString,bufferReadChar
JsonReader.readString,format
JsonReader.readString,toString
JsonReader.bufferReadChar,bufferChar
JsonReader.bufferChar,append
JsonReader.bufferChar,readChar
JsonReader.readUnicodeChar,readChar
JsonReader.readUnicodeChar,format
JsonReader.readObject,readObjectKey
JsonReader.readObject,expectDelimiter
JsonReader.readObject,readToken
JsonReader.readObject,put
JsonReader.readObject,exists
JsonReader.readObject,format
JsonReader.readObject,containsKey
JsonReader.readArray,readToken
JsonReader.readArray,format
JsonReader.readArray,add
JsonReader.readArray,expectDelimiter
JsonReader.readObjectKey,readToken
JsonReader.readObjectKey,format
JsonReader.expectDelimiter,equals
JsonReader.expectDelimiter,format
JsonReader.readTrue,readChar
JsonReader.readTrue,format
JsonReader.readFalse,readChar
JsonReader.readFalse,format
JsonReader.readNull,readChar
JsonReader.readNull,format
JsonReader.readNumber,setLength
JsonReader.readNumber,bufferReadChar
JsonReader.readNumber,bufferDigits
JsonReader.readNumber,toString
JsonReader.readNumber,intValueExact
JsonReader.readNumber,longValueExact
JsonReader.bufferDigits,isDigit
JsonReader.bufferDigits,bufferReadChar
JsonReader.bufferDigits,format
StringParameterParser.equals,getClass
StringParameterParser.equals,equals
StringParameterParser.hashCode,hashCode
StringParameterParser.toString,replaceAll
StringParameterParser.call,skipWhitespace
StringParameterParser.call,length
StringParameterParser.call,readKey
StringParameterParser.call,readValue
StringParameterParser.call,put
StringParameterParser.call,nullValue
StringParameterParser.readKey,indexOf
StringParameterParser.readKey,length
StringParameterParser.readKey,substring
StringParameterParser.readKey,trim
StringParameterParser.readKey,isEmpty
StringParameterParser.readKey,format
StringParameterParser.readKey,containsKey
StringParameterParser.readValue,charAt
StringParameterParser.readValue,readDoubleQuotedStringValue
StringParameterParser.readValue,readStringValue
StringParameterParser.readDoubleQuotedStringValue,length
StringParameterParser.readDoubleQuotedStringValue,charAt
StringParameterParser.readDoubleQuotedStringValue,format
StringParameterParser.readDoubleQuotedStringValue,substring
StringParameterParser.readDoubleQuotedStringValue,replaceAll
StringParameterParser.readDoubleQuotedStringValue,doubleQuotedStringValue
StringParameterParser.readDoubleQuotedStringValue,put
StringParameterParser.readDoubleQuotedStringValue,skipWhitespace
StringParameterParser.skipWhitespace,length
StringParameterParser.skipWhitespace,charAt
StringParameterParser.skipWhitespace,isWhitespace
StringParameterParser.readStringValue,indexOf
StringParameterParser.readStringValue,length
StringParameterParser.readStringValue,substring
StringParameterParser.readStringValue,trim
StringParameterParser.readStringValue,isEmpty
StringParameterParser.readStringValue,nullValue
StringParameterParser.readStringValue,stringValue
StringParameterParser.readStringValue,put
StringParameterParser.parse,parse
StringParameterParser.parse,isBlank
StringParameterParser.parse,emptyMap
StringParameterParser.parse,call
StringParameterParser.parse,keySet
StringParameterParser.parse,contains
StringParameterParser.parse,format
StringValue.equals,getClass
StringValue.equals,equals
StringValue.hashCode,hashCode
DoubleQuotedStringValue.equals,getClass
DoubleQuotedStringValue.equals,equals
DoubleQuotedStringValue.hashCode,hashCode
DoubleQuotedStringValue.toString,replaceAll
Parser.call,skipWhitespace
Parser.call,length
Parser.call,readKey
Parser.call,readValue
Parser.call,put
Parser.call,nullValue
Parser.readKey,indexOf
Parser.readKey,length
Parser.readKey,substring
Parser.readKey,trim
Parser.readKey,isEmpty
Parser.readKey,format
Parser.readKey,containsKey
Parser.readValue,charAt
Parser.readValue,readDoubleQuotedStringValue
Parser.readValue,readStringValue
Parser.readDoubleQuotedStringValue,length
Parser.readDoubleQuotedStringValue,charAt
Parser.readDoubleQuotedStringValue,format
Parser.readDoubleQuotedStringValue,substring
Parser.readDoubleQuotedStringValue,replaceAll
Parser.readDoubleQuotedStringValue,doubleQuotedStringValue
Parser.readDoubleQuotedStringValue,put
Parser.readDoubleQuotedStringValue,skipWhitespace
Parser.skipWhitespace,length
Parser.skipWhitespace,charAt
Parser.skipWhitespace,isWhitespace
Parser.readStringValue,indexOf
Parser.readStringValue,length
Parser.readStringValue,substring
Parser.readStringValue,trim
Parser.readStringValue,isEmpty
Parser.readStringValue,nullValue
Parser.readStringValue,stringValue
Parser.readStringValue,put
RecyclerFactoryConverter.convert,ofSpec
TruncatingBufferedPrintWriter.buffer,buffer
TruncatingBufferedPrintWriter.position,position
TruncatingBufferedPrintWriter.capacity,capacity
TruncatingBufferedPrintWriter.truncated,truncated
TruncatingBufferedPrintWriter.length,length
TruncatingBufferedPrintWriter.charAt,charAt
TruncatingBufferedPrintWriter.append,append
TruncatingBufferedPrintWriter.subSequence,subSequence
TruncatingBufferedPrintWriter.close,close
TruncatingBufferedPrintWriter.toString,toString
JsonWriter.quoteString,length
JsonWriter.quoteString,quoteString
JsonWriter.quoteString,append
JsonWriter.quoteString,toString
JsonWriter.quoteString,setLength
JsonWriter.quoteString,charAt
JsonWriter.quoteString,quoteNumeric
JsonWriter.quoteString,quoteNamed
JsonWriter.use,requireNonNull
JsonWriter.use,length
JsonWriter.use,run
JsonWriter.use,append
JsonWriter.use,toString
JsonWriter.use,trimStringBuilder
JsonWriter.writeValue,writeNull
JsonWriter.writeValue,writeObject
JsonWriter.writeValue,writeArray
JsonWriter.writeValue,writeNumber
JsonWriter.writeValue,writeBoolean
JsonWriter.writeValue,writeString
JsonWriter.writeValue,valueOf
JsonWriter.writeObject,writeNull
JsonWriter.writeObject,writeObjectStart
JsonWriter.writeObject,forEach
JsonWriter.writeObject,writeObjectEnd
JsonWriter.writeObject,size
JsonWriter.writeObject,getKeyAt
JsonWriter.writeObject,getValueAt
JsonWriter.writeObject,writeSeparator
JsonWriter.writeObject,writeObjectKey
JsonWriter.writeObject,writeValue
JsonWriter.writeStringMap,writeSeparator
JsonWriter.writeStringMap,writeObjectKey
JsonWriter.writeStringMap,writeValue
JsonWriter.writeObjectStart,append
JsonWriter.writeObjectEnd,append
JsonWriter.writeObjectKey,writeString
JsonWriter.writeObjectKey,append
JsonWriter.writeArray,writeNull
JsonWriter.writeArray,writeArrayStart
JsonWriter.writeArray,size
JsonWriter.writeArray,writeSeparator
JsonWriter.writeArray,get
JsonWriter.writeArray,writeValue
JsonWriter.writeArray,writeArrayEnd
JsonWriter.writeArray,forEach
JsonWriter.writeArray,append
JsonWriter.writeArray,quoteString
JsonWriter.writeArray,writeBoolean
JsonWriter.writeArray,writeNumber
JsonWriter.writeArrayStart,append
JsonWriter.writeArrayEnd,append
JsonWriter.writeSeparator,append
JsonWriter.writeString,requireNonNull
JsonWriter.writeString,append
JsonWriter.writeString,accept
JsonWriter.writeString,length
JsonWriter.writeString,quoteString
JsonWriter.writeString,trimStringBuilder
JsonWriter.writeString,writeNull
JsonWriter.writeString,formatTo
JsonWriter.writeString,writeString
JsonWriter.writeNumber,writeNumber
JsonWriter.writeNumber,longValue
JsonWriter.writeNumber,doubleValue
JsonWriter.writeNumber,compare
JsonWriter.writeNumber,writeNull
JsonWriter.writeNumber,append
JsonWriter.writeNumber,isFinite
JsonWriter.writeNumber,writeString
JsonWriter.writeNumber,toString
JsonWriter.writeBoolean,writeRawString
JsonWriter.writeNull,writeRawString
JsonWriter.writeRawString,requireNonNull
JsonWriter.writeRawString,writeRawString
JsonWriter.writeRawString,length
JsonWriter.writeRawString,append
JsonWriter.close,trimStringBuilder
JsonWriter.trimStringBuilder,max
JsonWriter.trimStringBuilder,capacity
JsonWriter.trimStringBuilder,setLength
JsonWriter.trimStringBuilder,trimToSize
JsonWriter.clone,newBuilder
JsonWriter.clone,setMaxStringLength
JsonWriter.clone,setTruncatedStringSuffix
JsonWriter.clone,build
JsonWriter.clone,append
JsonWriter.build,validate
JsonWriter.validate,requireNonNull
TruncatingBufferedWriter.write,requireNonNull
TruncatingBufferedWriter.write,write
TruncatingBufferedWriter.write,addExact
TruncatingBufferedWriter.write,arraycopy
TruncatingBufferedWriter.write,length
TruncatingBufferedWriter.write,getChars
TruncatingBufferedWriter.write,isEmpty
TruncatingBufferedWriter.append,write
TruncatingBufferedWriter.append,append
TruncatingBufferedWriter.append,length
TruncatingBufferedWriter.append,charAt
QueueingRecycler.acquire,poll
QueueingRecycler.acquire,get
QueueingRecycler.acquire,accept
QueueingRecycler.release,offer
ThreadLocalRecycler.acquire,get
ThreadLocalRecycler.acquire,accept
QueueingRecyclerFactory.create,get
RecyclerFactories.isJctoolsQueueClassAvailable,replaceAll
RecyclerFactories.isJctoolsQueueClassAvailable,loadClass
RecyclerFactories.ofSpec,max
RecyclerFactories.ofSpec,getRuntime
RecyclerFactories.ofSpec,availableProcessors
RecyclerFactories.ofSpec,getInstance
RecyclerFactories.ofSpec,equals
RecyclerFactories.ofSpec,startsWith
RecyclerFactories.ofSpec,readQueueingRecyclerFactory
RecyclerFactories.readQueueingRecyclerFactory,substring
RecyclerFactories.readQueueingRecyclerFactory,length
RecyclerFactories.readQueueingRecyclerFactory,startsWith
RecyclerFactories.readQueueingRecyclerFactory,parse
RecyclerFactories.readQueueingRecyclerFactory,asList
RecyclerFactories.readQueueingRecyclerFactory,get
RecyclerFactories.readQueueingRecyclerFactory,toString
RecyclerFactories.readQueueingRecyclerFactory,parseInt
RecyclerFactories.readQueueingRecyclerFactory,createRecyclerFactory
RecyclerFactories.createRecyclerFactory,lastIndexOf
RecyclerFactories.createRecyclerFactory,substring
RecyclerFactories.createRecyclerFactory,loadClass
RecyclerFactories.createRecyclerFactory,equals
RecyclerFactories.createRecyclerFactory,getDeclaredConstructor
RecyclerFactories.createRecyclerFactory,newInstance
RecyclerFactories.createRecyclerFactory,getMethod
RecyclerFactories.createRecyclerFactory,invoke
ReadOnlyStringMapResolver.createResolver,getObject
ReadOnlyStringMapResolver.createResolver,getString
ReadOnlyStringMapResolver.createResolver,getBoolean
ReadOnlyStringMapResolver.createResolver,createKeyResolver
ReadOnlyStringMapResolver.createResolver,getRecyclerFactory
ReadOnlyStringMapResolver.createResolver,createResolver
ReadOnlyStringMapResolver.createResolver,compile
ReadOnlyStringMapResolver.createResolver,create
ReadOnlyStringMapResolver.createResolver,apply
ReadOnlyStringMapResolver.createResolver,isEmpty
ReadOnlyStringMapResolver.createResolver,resolve
ReadOnlyStringMapResolver.createResolver,writeNull
ReadOnlyStringMapResolver.createResolver,writeObjectStart
ReadOnlyStringMapResolver.createResolver,acquire
ReadOnlyStringMapResolver.createResolver,getStringBuilder
ReadOnlyStringMapResolver.createResolver,length
ReadOnlyStringMapResolver.createResolver,forEach
ReadOnlyStringMapResolver.createResolver,release
ReadOnlyStringMapResolver.createResolver,writeObjectEnd
ReadOnlyStringMapResolver.createKeyResolver,apply
ReadOnlyStringMapResolver.createKeyResolver,containsKey
ReadOnlyStringMapResolver.createKeyResolver,getValue
ReadOnlyStringMapResolver.createKeyResolver,valueOf
ReadOnlyStringMapResolver.createKeyResolver,writeString
ReadOnlyStringMapResolver.createKeyResolver,writeValue
ReadOnlyStringMapResolver.isResolvable,apply
ReadOnlyStringMapResolver.isResolvable,containsKey
ReadOnlyStringMapResolver.isResolvable,isEmpty
ReadOnlyStringMapResolver.isResolvable,isResolvable
ReadOnlyStringMapResolver.resolve,apply
ReadOnlyStringMapResolver.resolve,getValue
ReadOnlyStringMapResolver.resolve,valueOf
ReadOnlyStringMapResolver.resolve,writeString
ReadOnlyStringMapResolver.resolve,writeValue
ReadOnlyStringMapResolver.resolve,resolve
ReadOnlyStringMapResolver.resolve,isEmpty
ReadOnlyStringMapResolver.resolve,writeNull
ReadOnlyStringMapResolver.resolve,writeObjectStart
ReadOnlyStringMapResolver.resolve,acquire
ReadOnlyStringMapResolver.resolve,getStringBuilder
ReadOnlyStringMapResolver.resolve,length
ReadOnlyStringMapResolver.resolve,forEach
ReadOnlyStringMapResolver.resolve,release
ReadOnlyStringMapResolver.resolve,writeObjectEnd
ReadOnlyStringMapResolver.accept,matcher
ReadOnlyStringMapResolver.accept,matches
ReadOnlyStringMapResolver.accept,replaceAll
ReadOnlyStringMapResolver.accept,getStringBuilder
ReadOnlyStringMapResolver.accept,length
ReadOnlyStringMapResolver.accept,writeSeparator
ReadOnlyStringMapResolver.accept,writeObjectKey
ReadOnlyStringMapResolver.accept,setLength
ReadOnlyStringMapResolver.accept,append
ReadOnlyStringMapResolver.accept,valueOf
ReadOnlyStringMapResolver.accept,writeString
ReadOnlyStringMapResolver.accept,writeValue
ReadOnlyStringMapResolver.isFlattening,isFlattening
MarkerResolver.createInternalResolver,getString
MarkerResolver.createInternalResolver,equals
MarkerResolver.isResolvable,getMarker
MarkerResolver.resolve,resolve
CounterResolver.createDelegate,readStart
CounterResolver.createDelegate,getBoolean
CounterResolver.createDelegate,createStringBuilderRecycler
CounterResolver.createDelegate,createStringifiedLongResolver
CounterResolver.createDelegate,createStringifiedBigIntegerResolver
CounterResolver.createDelegate,createLongResolver
CounterResolver.createDelegate,createBigIntegerResolver
CounterResolver.readStart,getObject
CounterResolver.readStart,valueOf
CounterResolver.readStart,getClass
CounterResolver.readStart,format
CounterResolver.createLongResolver,longValue
CounterResolver.createLongResolver,getAndIncrement
CounterResolver.createLongResolver,writeNumber
CounterResolver.createBigIntegerResolver,getAndIncrement
CounterResolver.createBigIntegerResolver,writeNumber
CounterResolver.createStringBuilderRecycler,getRecyclerFactory
CounterResolver.createStringBuilderRecycler,create
CounterResolver.createStringBuilderRecycler,getJsonWriter
CounterResolver.createStringBuilderRecycler,getMaxStringLength
CounterResolver.createStringBuilderRecycler,trimStringBuilder
CounterResolver.trimStringBuilder,length
CounterResolver.trimStringBuilder,setLength
CounterResolver.trimStringBuilder,trimToSize
CounterResolver.createStringifiedLongResolver,longValue
CounterResolver.createStringifiedLongResolver,getAndIncrement
CounterResolver.createStringifiedLongResolver,acquire
CounterResolver.createStringifiedLongResolver,append
CounterResolver.createStringifiedLongResolver,writeString
CounterResolver.createStringifiedLongResolver,release
CounterResolver.createStringifiedBigIntegerResolver,getAndIncrement
CounterResolver.createStringifiedBigIntegerResolver,acquire
CounterResolver.createStringifiedBigIntegerResolver,append
CounterResolver.createStringifiedBigIntegerResolver,writeString
CounterResolver.createStringifiedBigIntegerResolver,release
CounterResolver.getAndIncrement,compareAndSetWithBackOff
CounterResolver.getAndIncrement,get
CounterResolver.getAndIncrement,add
CounterResolver.compareAndSetWithBackOff,compareAndSet
CounterResolver.compareAndSetWithBackOff,parkNanos
CounterResolver.resolve,accept
AtomicBigInteger.getAndIncrement,compareAndSetWithBackOff
AtomicBigInteger.getAndIncrement,get
AtomicBigInteger.getAndIncrement,add
AtomicBigInteger.compareAndSetWithBackOff,compareAndSet
AtomicBigInteger.compareAndSetWithBackOff,parkNanos
MainMapResolverFactory.getName,getName
TemplateResolvers.resolve,writeArrayStart
TemplateResolvers.resolve,writeArrayEnd
TemplateResolvers.resolve,writeObjectStart
TemplateResolvers.resolve,writeObjectEnd
TemplateResolvers.resolve,writeNull
TemplateResolvers.resolve,size
TemplateResolvers.resolve,writeSeparator
TemplateResolvers.resolve,get
TemplateResolvers.resolve,resolve
TemplateResolvers.resolve,isResolvable
TemplateResolvers.resolve,getStringBuilder
TemplateResolvers.resolve,length
TemplateResolvers.resolve,writeRawString
TemplateResolvers.resolve,replace
TemplateResolvers.resolve,writeString
TemplateResolvers.resolve,writeBoolean
TemplateResolvers.ofTemplate,requireNonNull
TemplateResolvers.ofTemplate,read
TemplateResolvers.ofTemplate,format
TemplateResolvers.ofTemplate,getResolverInterceptors
TemplateResolvers.ofTemplate,size
TemplateResolvers.ofTemplate,get
TemplateResolvers.ofTemplate,processTemplateBeforeResolverInjection
TemplateResolvers.ofTemplate,ofObject
TemplateResolvers.ofObject,ofList
TemplateResolvers.ofObject,ofMap
TemplateResolvers.ofObject,ofString
TemplateResolvers.ofObject,ofNumber
TemplateResolvers.ofObject,ofBoolean
TemplateResolvers.ofObject,format
TemplateResolvers.ofObject,getClass
TemplateResolvers.ofObject,getName
TemplateResolvers.ofList,stream
TemplateResolvers.ofList,map
TemplateResolvers.ofList,ofObject
TemplateResolvers.ofList,isFlattening
TemplateResolvers.ofList,collect
TemplateResolvers.ofList,toList
TemplateResolvers.ofList,isEmpty
TemplateResolvers.ofMap,containsKey
TemplateResolvers.ofMap,ofResolver
TemplateResolvers.ofMap,populateFieldResolverMethods
TemplateResolvers.ofMap,size
TemplateResolvers.populateFieldResolverMethods,forEach
TemplateResolvers.populateFieldResolverMethods,ofObject
TemplateResolvers.populateFieldResolverMethods,isResolvable
TemplateResolvers.populateFieldResolverMethods,add
TemplateResolvers.populateFieldResolverMethods,stream
TemplateResolvers.populateFieldResolverMethods,map
TemplateResolvers.populateFieldResolverMethods,getJsonWriter
TemplateResolvers.populateFieldResolverMethods,writeString
TemplateResolvers.populateFieldResolverMethods,getStringBuilder
TemplateResolvers.populateFieldResolverMethods,append
TemplateResolvers.populateFieldResolverMethods,toString
TemplateResolvers.populateFieldResolverMethods,collect
TemplateResolvers.populateFieldResolverMethods,toList
TemplateResolvers.populateFieldResolverMethods,size
TemplateResolvers.populateFieldResolverMethods,range
TemplateResolvers.populateFieldResolverMethods,mapToObj
TemplateResolvers.populateFieldResolverMethods,get
TemplateResolvers.populateFieldResolverMethods,isFlattening
TemplateResolvers.isResolvable,size
TemplateResolvers.isResolvable,get
TemplateResolvers.isResolvable,isResolvable
TemplateResolvers.ofResolver,requireNonNull
TemplateResolvers.ofResolver,get
TemplateResolvers.ofResolver,getResolverFactoryByName
TemplateResolvers.ofResolver,create
TemplateResolvers.ofString,contains
TemplateResolvers.ofString,getJsonWriter
TemplateResolvers.ofString,getSubstitutor
TemplateResolvers.ofString,isStable
TemplateResolvers.ofString,replace
TemplateResolvers.ofString,use
TemplateResolvers.ofString,writeString
EmptyArrayResolver.resolve,writeArrayStart
EmptyArrayResolver.resolve,writeArrayEnd
EmptyObjectResolver.resolve,writeObjectStart
EmptyObjectResolver.resolve,writeObjectEnd
NullResolver.resolve,writeNull
ArrayResolver.resolve,writeArrayStart
ArrayResolver.resolve,size
ArrayResolver.resolve,writeSeparator
ArrayResolver.resolve,get
ArrayResolver.resolve,resolve
ArrayResolver.resolve,writeArrayEnd
FlatteningFieldResolverMethod.resolve,isResolvable
FlatteningFieldResolverMethod.resolve,getStringBuilder
FlatteningFieldResolverMethod.resolve,length
FlatteningFieldResolverMethod.resolve,resolve
PrefixedFieldResolverMethod.resolve,isResolvable
PrefixedFieldResolverMethod.resolve,writeSeparator
PrefixedFieldResolverMethod.resolve,writeRawString
PrefixedFieldResolverMethod.resolve,resolve
MapResolver.isResolvable,size
MapResolver.isResolvable,get
MapResolver.isResolvable,isResolvable
MapResolver.resolve,writeObjectStart
MapResolver.resolve,size
MapResolver.resolve,get
MapResolver.resolve,isResolvable
MapResolver.resolve,resolve
MapResolver.resolve,writeObjectEnd
SubstitutingStringResolver.resolve,replace
SubstitutingStringResolver.resolve,writeString
RawStringResolver.resolve,writeRawString
NumberResolver.resolve,writeRawString
BooleanResolver.resolve,writeBoolean
LoggerResolver.createInternalResolver,getString
LoggerResolver.createInternalResolver,equals
LoggerResolver.resolve,resolve
MessageParameterResolverFactory.getName,getName
MarkerResolverFactory.getName,getName
EventResolverInterceptors.populateInterceptors,populateInterceptors
MainMapResolver.resolve,lookup
MainMapResolver.resolve,writeString
ThreadContextStackResolver.isResolvable,getContextStack
ThreadContextStackResolver.isResolvable,getDepth
ThreadContextStackResolver.resolve,getContextStack
ThreadContextStackResolver.resolve,getDepth
ThreadContextStackResolver.resolve,writeNull
ThreadContextStackResolver.resolve,asList
ThreadContextStackResolver.resolve,matcher
ThreadContextStackResolver.resolve,matches
ThreadContextStackResolver.resolve,writeSeparator
ThreadContextStackResolver.resolve,writeArrayStart
ThreadContextStackResolver.resolve,writeString
ThreadContextStackResolver.resolve,writeArrayEnd
StackTraceStringResolver.groupTruncationPointMatcherRegexes,stream
StackTraceStringResolver.groupTruncationPointMatcherRegexes,map
StackTraceStringResolver.groupTruncationPointMatcherRegexes,compile
StackTraceStringResolver.groupTruncationPointMatcherRegexes,collect
StackTraceStringResolver.groupTruncationPointMatcherRegexes,toList
StackTraceStringResolver.resolve,acquire
StackTraceStringResolver.resolve,printStackTrace
StackTraceStringResolver.resolve,truncate
StackTraceStringResolver.resolve,release
StackTraceStringResolver.truncate,accept
StackTraceStringResolver.truncate,acquire
StackTraceStringResolver.truncate,truncate
StackTraceStringResolver.truncate,release
StackTraceStringResolver.truncate,findLabeledLineStartIndex
StackTraceStringResolver.truncate,length
StackTraceStringResolver.truncate,findTruncationPointIndex
StackTraceStringResolver.truncate,append
StackTraceStringResolver.truncate,charAt
StackTraceStringResolver.findTruncationPointIndex,size
StackTraceStringResolver.findTruncationPointIndex,get
StackTraceStringResolver.findTruncationPointIndex,findMatchingIndex
StackTraceStringResolver.findTruncationPointIndex,length
StackTraceStringResolver.findTruncationPointIndex,reset
StackTraceStringResolver.findTruncationPointIndex,matcher
StackTraceStringResolver.findTruncationPointIndex,matches
StackTraceStringResolver.findTruncationPointIndex,groupCount
StackTraceStringResolver.findTruncationPointIndex,start
StackTraceStringResolver.findLabeledLineStartIndex,length
StackTraceStringResolver.findLabeledLineStartIndex,findLineStartIndex
StackTraceStringResolver.findLabeledLineStartIndex,charAt
StackTraceStringResolver.findLineStartIndex,length
StackTraceStringResolver.findLineStartIndex,charAt
StackTraceStringResolver.findMatchingIndex,length
StackTraceStringResolver.findMatchingIndex,charAt
MapResolver.toMap,getMessage
MapResolver.toMap,getIndexedReadOnlyStringMap
MessageResolverFactory.getName,getName
TemplateResolverFactories.populateFactoryByName,collectPluginsByCategoryAndPackage
TemplateResolverFactories.populateFactoryByName,isDebugEnabled
TemplateResolverFactories.populateFactoryByName,debug
TemplateResolverFactories.populateFactoryByName,size
TemplateResolverFactories.populateFactoryByName,keySet
TemplateResolverFactories.populateFactoryByName,populateFactoryByName
TemplateResolverFactories.populateFactoryByName,get
TemplateResolverFactories.populateFactoryByName,getPluginClass
TemplateResolverFactories.populateFactoryByName,isAssignableFrom
TemplateResolverFactories.populateFactoryByName,instantiateFactory
TemplateResolverFactories.populateFactoryByName,castFactory
TemplateResolverFactories.populateFactoryByName,addFactory
TemplateResolverFactories.instantiateFactory,instantiatePlugin
TemplateResolverFactories.instantiateFactory,format
TemplateResolverFactories.castFactory,getValueClass
TemplateResolverFactories.castFactory,getContextClass
TemplateResolverFactories.castFactory,isAssignableFrom
TemplateResolverFactories.addFactory,getName
TemplateResolverFactories.addFactory,putIfAbsent
TemplateResolverFactories.addFactory,format
EventResolverFactories.populateResolverFactoryByName,populateFactoryByName
EndOfBatchResolverFactory.getName,getName
EndOfBatchResolverFactory.create,getInstance
ExceptionResolver.createInternalResolver,getString
ExceptionResolver.createInternalResolver,equals
ExceptionResolver.createInternalResolver,createClassNameResolver
ExceptionResolver.createInternalResolver,createMessageResolver
ExceptionResolver.createInternalResolver,createStackTraceResolver
ExceptionResolver.createClassNameResolver,extractThrowable
ExceptionResolver.createClassNameResolver,writeNull
ExceptionResolver.createClassNameResolver,getClass
ExceptionResolver.createClassNameResolver,getCanonicalName
ExceptionResolver.createClassNameResolver,writeString
ExceptionResolver.createMessageResolver,extractThrowable
ExceptionResolver.createMessageResolver,writeNull
ExceptionResolver.createMessageResolver,getMessage
ExceptionResolver.createMessageResolver,writeString
ExceptionResolver.createStackTraceResolver,isStackTraceEnabled
ExceptionResolver.createStackTraceResolver,isStackTraceStringified
ExceptionResolver.createStackTraceResolver,createStackTraceStringResolver
ExceptionResolver.createStackTraceResolver,createStackTraceObjectResolver
ExceptionResolver.isStackTraceStringified,getBoolean
ExceptionResolver.isStackTraceStringified,warn
ExceptionResolver.isStackTraceStringified,getObject
ExceptionResolver.createStackTraceStringResolver,readTruncationSuffix
ExceptionResolver.createStackTraceStringResolver,readTruncationPointMatcherStrings
ExceptionResolver.createStackTraceStringResolver,readTruncationPointMatcherRegexes
ExceptionResolver.createStackTraceStringResolver,extractThrowable
ExceptionResolver.createStackTraceStringResolver,writeNull
ExceptionResolver.createStackTraceStringResolver,resolve
ExceptionResolver.readTruncationSuffix,getString
ExceptionResolver.readTruncationSuffix,getTruncatedStringSuffix
ExceptionResolver.readTruncationPointMatcherStrings,getList
ExceptionResolver.readTruncationPointMatcherStrings,emptyList
ExceptionResolver.readTruncationPointMatcherRegexes,getList
ExceptionResolver.readTruncationPointMatcherRegexes,emptyList
ExceptionResolver.readTruncationPointMatcherRegexes,size
ExceptionResolver.readTruncationPointMatcherRegexes,get
ExceptionResolver.readTruncationPointMatcherRegexes,compile
ExceptionResolver.readTruncationPointMatcherRegexes,format
ExceptionResolver.createStackTraceObjectResolver,createStackTraceElementResolver
ExceptionResolver.createStackTraceObjectResolver,extractThrowable
ExceptionResolver.createStackTraceObjectResolver,writeNull
ExceptionResolver.createStackTraceObjectResolver,resolve
ExceptionResolver.createStackTraceElementResolver,getSubstitutor
ExceptionResolver.createStackTraceElementResolver,getInternalSubstitutor
ExceptionResolver.createStackTraceElementResolver,newBuilder
ExceptionResolver.createStackTraceElementResolver,setResolverFactoryByName
ExceptionResolver.createStackTraceElementResolver,setSubstitutor
ExceptionResolver.createStackTraceElementResolver,setJsonWriter
ExceptionResolver.createStackTraceElementResolver,getJsonWriter
ExceptionResolver.createStackTraceElementResolver,build
ExceptionResolver.createStackTraceElementResolver,findEffectiveStackTraceElementTemplate
ExceptionResolver.createStackTraceElementResolver,ofTemplate
ExceptionResolver.findEffectiveStackTraceElementTemplate,getObject
ExceptionResolver.findEffectiveStackTraceElementTemplate,getJsonWriter
ExceptionResolver.findEffectiveStackTraceElementTemplate,use
ExceptionResolver.findEffectiveStackTraceElementTemplate,writeValue
ExceptionResolver.findEffectiveStackTraceElementTemplate,getStackTraceElementTemplate
ExceptionResolver.extractThrowable,getThrown
ExceptionResolver.isResolvable,getThrown
ExceptionResolver.resolve,resolve
ExceptionRootCauseResolver.extractThrowable,getThrown
ExceptionRootCauseResolver.extractThrowable,getRootCause
ThreadResolver.createInternalResolver,getString
ThreadResolver.createInternalResolver,equals
ThreadResolver.resolve,resolve
TimestampResolverFactory.getName,getName
EventAdditionalFieldInterceptor.processTemplateBeforeResolverInjection,getEventTemplateAdditionalFields
EventAdditionalFieldInterceptor.processTemplateBeforeResolverInjection,format
EventAdditionalFieldInterceptor.processTemplateBeforeResolverInjection,getClass
EventAdditionalFieldInterceptor.processTemplateBeforeResolverInjection,getName
EventAdditionalFieldInterceptor.processTemplateBeforeResolverInjection,getKey
EventAdditionalFieldInterceptor.processTemplateBeforeResolverInjection,getFormat
EventAdditionalFieldInterceptor.processTemplateBeforeResolverInjection,equals
EventAdditionalFieldInterceptor.processTemplateBeforeResolverInjection,getValue
EventAdditionalFieldInterceptor.processTemplateBeforeResolverInjection,read
EventAdditionalFieldInterceptor.processTemplateBeforeResolverInjection,put
EventResolverStringSubstitutor.replace,replace
CaseConverterResolverFactory.getName,getName
StackTraceObjectResolver.resolve,getStackTrace
StackTraceObjectResolver.resolve,writeNull
StackTraceObjectResolver.resolve,writeArrayStart
StackTraceObjectResolver.resolve,writeSeparator
StackTraceObjectResolver.resolve,resolve
StackTraceObjectResolver.resolve,writeArrayEnd
ThreadContextDataResolverFactory.getName,getName
TimestampResolver.createResolver,exists
TimestampResolver.createResolver,createEpochResolver
TimestampResolver.createResolver,createPatternResolver
TimestampResolver.createPatternResolver,readPattern
TimestampResolver.createPatternResolver,readTimeZone
TimestampResolver.createPatternResolver,getLocale
TimestampResolver.createPatternResolver,newBuilder
TimestampResolver.createPatternResolver,setPattern
TimestampResolver.createPatternResolver,setTimeZone
TimestampResolver.createPatternResolver,setLocale
TimestampResolver.createPatternResolver,build
TimestampResolver.readPattern,getString
TimestampResolver.readPattern,getTimestampFormatPattern
TimestampResolver.readTimeZone,getString
TimestampResolver.readTimeZone,getTimeZone
TimestampResolver.readTimeZone,getAvailableIDs
TimestampResolver.readTimeZone,equalsIgnoreCase
TimestampResolver.resolve,writeString
TimestampResolver.resolve,getInstant
TimestampResolver.resolve,resolve
TimestampResolver.createEpochResolver,getString
TimestampResolver.createEpochResolver,getBoolean
TimestampResolver.createEpochResolver,equals
PatternResolver.resolve,writeString
PatternResolver.resolve,getInstant
LoggerResolverFactory.getName,getName
EventResolverContext.build,validate
EventResolverContext.validate,requireNonNull
EventResolverContext.validate,isEmpty
EventResolverContext.validate,isBlank
ThreadContextStackResolverFactory.getName,getName
LevelResolver.createResolver,getJsonWriter
LevelResolver.createResolver,getString
LevelResolver.createResolver,equals
LevelResolver.createResolver,createNameResolver
LevelResolver.createResolver,createSeverityKeywordResolver
LevelResolver.createNameResolver,stream
LevelResolver.createNameResolver,collect
LevelResolver.createNameResolver,toMap
LevelResolver.createNameResolver,identity
LevelResolver.createNameResolver,use
LevelResolver.createNameResolver,name
LevelResolver.createNameResolver,writeString
LevelResolver.createNameResolver,values
LevelResolver.createNameResolver,getLevel
LevelResolver.createNameResolver,get
LevelResolver.createNameResolver,writeRawString
LevelResolver.createSeverityKeywordResolver,stream
LevelResolver.createSeverityKeywordResolver,collect
LevelResolver.createSeverityKeywordResolver,toMap
LevelResolver.createSeverityKeywordResolver,identity
LevelResolver.createSeverityKeywordResolver,use
LevelResolver.createSeverityKeywordResolver,getSeverity
LevelResolver.createSeverityKeywordResolver,name
LevelResolver.createSeverityKeywordResolver,writeString
LevelResolver.createSeverityKeywordResolver,values
LevelResolver.createSeverityKeywordResolver,getLevel
LevelResolver.createSeverityKeywordResolver,get
LevelResolver.createSeverityKeywordResolver,writeRawString
LevelResolver.resolve,resolve
StackTraceElementResolverContext.getResolverInterceptors,emptyList
StackTraceElementResolverContext.build,validate
StackTraceElementResolverContext.validate,requireNonNull
StackTraceElementResolverContext.validate,isEmpty
EndOfBatchResolver.resolve,isEndOfBatch
EndOfBatchResolver.resolve,writeBoolean
ThreadResolverFactory.getName,getName
SourceResolver.createInternalResolver,isLocationInfoEnabled
SourceResolver.createInternalResolver,getString
SourceResolver.createInternalResolver,equals
SourceResolver.isResolvable,getSource
SourceResolver.resolve,resolve
CounterResolverFactory.getName,getName
StackTraceElementResolverFactory.getName,getName
CaseConverterResolver.createDelegate,getObject
CaseConverterResolver.createDelegate,ofObject
CaseConverterResolver.createConverter,getLocale
CaseConverterResolver.createConverter,getString
CaseConverterResolver.createConverter,equals
CaseConverterResolver.createConverter,toUpperCase
CaseConverterResolver.createConverter,toLowerCase
CaseConverterResolver.readErrorHandlingStrategy,getString
CaseConverterResolver.readErrorHandlingStrategy,values
CaseConverterResolver.readErrorHandlingStrategy,equals
CaseConverterResolver.createReplacement,getObject
CaseConverterResolver.createReplacement,ofObject
CaseConverterResolver.isFlattening,isFlattening
CaseConverterResolver.isResolvable,isResolvable
CaseConverterResolver.resolve,getStringBuilder
CaseConverterResolver.resolve,length
CaseConverterResolver.resolve,resolve
CaseConverterResolver.resolve,convertCase
CaseConverterResolver.convertCase,getStringBuilder
CaseConverterResolver.convertCase,length
CaseConverterResolver.convertCase,charAt
CaseConverterResolver.convertCase,substring
CaseConverterResolver.convertCase,convertCase
CaseConverterResolver.convertCase,equals
CaseConverterResolver.convertCase,setLength
CaseConverterResolver.convertCase,resolve
CaseConverterResolver.convertCase,read
CaseConverterResolver.convertCase,apply
CaseConverterResolver.convertCase,writeString
EventRootObjectKeyInterceptor.processTemplateBeforeResolverInjection,getEventTemplateRootObjectKey
EventRootObjectKeyInterceptor.processTemplateBeforeResolverInjection,singletonMap
MessageResolver.createInternalResolver,getBoolean
MessageResolver.createInternalResolver,getString
MessageResolver.createInternalResolver,createStringResolver
MessageResolver.createInternalResolver,createObjectResolver
MessageResolver.resolve,resolve
MessageResolver.createStringResolver,resolveString
MessageResolver.resolveString,getMessage
MessageResolver.resolveString,resolveString
MessageResolver.resolveString,writeObjectStart
MessageResolver.resolveString,writeObjectKey
MessageResolver.resolveString,writeString
MessageResolver.resolveString,getFormattedMessage
MessageResolver.resolveString,writeObjectEnd
MessageResolver.createObjectResolver,getMessage
MessageResolver.createObjectResolver,writeMultiformatMessage
MessageResolver.createObjectResolver,writeObjectMessage
MessageResolver.createObjectResolver,resolveString
MessageResolver.writeMultiformatMessage,getFormats
MessageResolver.writeMultiformatMessage,equalsIgnoreCase
MessageResolver.writeMultiformatMessage,getFormattedMessage
MessageResolver.writeMultiformatMessage,writeRawString
MessageResolver.writeObjectMessage,getParameter
MessageResolver.writeObjectMessage,writeValue
MessageParameterResolver.resolve,getMessage
MessageParameterResolver.resolve,resolve
MessageParameterResolver.resolve,getParameters
MessageParameterResolver.resolve,writeArrayStart
MessageParameterResolver.resolve,writeArrayEnd
MessageParameterResolver.resolve,writeNull
MessageParameterResolver.resolve,writeSeparator
MessageParameterResolver.resolve,valueOf
MessageParameterResolver.resolve,writeString
MessageParameterResolver.resolve,writeValue
MessageParameterResolver.resolve,acquire
MessageParameterResolver.resolve,getStringBuilder
MessageParameterResolver.resolve,length
MessageParameterResolver.resolve,forEachParameter
MessageParameterResolver.resolve,release
SourceResolverFactory.getName,getName
MapResolverFactory.getName,getName
StackTraceElementResolverStringSubstitutor.replace,replace
TemplateResolverConfig.getLocale,getLocale
TemplateResolverConfig.getLocale,getString
TemplateResolverConfig.getLocale,split
TemplateResolverConfig.getLocale,format
TemplateResolverConfig.getLocale,asList
PatternResolverFactory.getName,getName
LevelResolverFactory.getName,getName
StackTraceElementResolver.createInternalResolver,getString
StackTraceElementResolver.createInternalResolver,equals
StackTraceElementResolver.resolve,resolve
TemplateResolverInterceptors.populateInterceptors,collectPluginsByCategoryAndPackage
TemplateResolverInterceptors.populateInterceptors,isDebugEnabled
TemplateResolverInterceptors.populateInterceptors,debug
TemplateResolverInterceptors.populateInterceptors,size
TemplateResolverInterceptors.populateInterceptors,keySet
TemplateResolverInterceptors.populateInterceptors,populateInterceptors
TemplateResolverInterceptors.populateInterceptors,get
TemplateResolverInterceptors.populateInterceptors,getPluginClass
TemplateResolverInterceptors.populateInterceptors,isAssignableFrom
TemplateResolverInterceptors.populateInterceptors,instantiateInterceptor
TemplateResolverInterceptors.populateInterceptors,castInterceptor
TemplateResolverInterceptors.populateInterceptors,add
TemplateResolverInterceptors.instantiateInterceptor,instantiatePlugin
TemplateResolverInterceptors.instantiateInterceptor,format
TemplateResolverInterceptors.castInterceptor,getValueClass
TemplateResolverInterceptors.castInterceptor,getContextClass
TemplateResolverInterceptors.castInterceptor,isAssignableFrom
MimeMessageBuilder.setFrom,parseAddress
MimeMessageBuilder.setFrom,setFrom
MimeMessageBuilder.setReplyTo,parseAddresses
MimeMessageBuilder.setReplyTo,setReplyTo
MimeMessageBuilder.setRecipients,parseAddresses
MimeMessageBuilder.setRecipients,setRecipients
MimeMessageBuilder.setSubject,setSubject
MimeMessageBuilder.setSubject,name
MimeMessageBuilder.parseAddresses,parse
SmtpManager.createMimeMessage,setFrom
SmtpManager.createMimeMessage,getFrom
SmtpManager.createMimeMessage,setReplyTo
SmtpManager.createMimeMessage,getReplyTo
SmtpManager.createMimeMessage,setRecipients
SmtpManager.createMimeMessage,getTo
SmtpManager.createMimeMessage,getCc
SmtpManager.createMimeMessage,getBcc
SmtpManager.createMimeMessage,setSubject
SmtpManager.createMimeMessage,getSubjectSerializer
SmtpManager.createMimeMessage,toSerializable
SmtpManager.createMimeMessage,build
SmtpManager.add,add
SmtpManager.add,toImmutable
SmtpManager.sendEvents,connect
SmtpManager.sendEvents,removeAllBufferedEvents
SmtpManager.sendEvents,formatContentToBytes
SmtpManager.sendEvents,getContentType
SmtpManager.sendEvents,getEncoding
SmtpManager.sendEvents,encodeContentToBytes
SmtpManager.sendEvents,getHeaders
SmtpManager.sendEvents,getMimeMultipart
SmtpManager.sendEvents,getSubjectSerializer
SmtpManager.sendEvents,toSerializable
SmtpManager.sendEvents,sendMultipartMessage
SmtpManager.sendEvents,logError
SmtpManager.removeAllBufferedEvents,removeAll
SmtpManager.formatContentToBytes,writeContent
SmtpManager.formatContentToBytes,toByteArray
SmtpManager.writeContent,writeHeader
SmtpManager.writeContent,writeBuffer
SmtpManager.writeContent,writeFooter
SmtpManager.writeHeader,getHeader
SmtpManager.writeHeader,write
SmtpManager.writeBuffer,toByteArray
SmtpManager.writeBuffer,write
SmtpManager.writeFooter,getFooter
SmtpManager.writeFooter,write
SmtpManager.getEncoding,getEncoding
SmtpManager.encodeContentToBytes,encodeContent
SmtpManager.encodeContentToBytes,toByteArray
SmtpManager.encodeContent,encode
SmtpManager.encodeContent,write
SmtpManager.getHeaders,setHeader
SmtpManager.getMimeMultipart,addBodyPart
SmtpManager.sendMultipartMessage,setContent
SmtpManager.sendMultipartMessage,setSentDate
SmtpManager.sendMultipartMessage,send
SmtpManager.sendMultipartMessage,setSubject
SmtpManager.connect,createMimeMessage
SmtpManager.connect,logError
SmtpManager.createManager,getSmtpProtocol
SmtpManager.createManager,getSystemProperties
SmtpManager.createManager,setProperty
SmtpManager.createManager,getProperty
SmtpManager.createManager,getLocalHostname
SmtpManager.createManager,getSmtpHost
SmtpManager.createManager,getSmtpPort
SmtpManager.createManager,valueOf
SmtpManager.createManager,buildAuthenticator
SmtpManager.createManager,getSmtpUsername
SmtpManager.createManager,getSmtpPassword
SmtpManager.createManager,equals
SmtpManager.createManager,getSslConfiguration
SmtpManager.createManager,getSslContext
SmtpManager.createManager,getSocketFactory
SmtpManager.createManager,put
SmtpManager.createManager,toString
SmtpManager.createManager,isVerifyHostName
SmtpManager.createManager,getInstance
SmtpManager.createManager,setProtocolForAddress
SmtpManager.createManager,setDebug
SmtpManager.createManager,isSmtpDebug
SMTPManagerFactory.createManager,getSmtpProtocol
SMTPManagerFactory.createManager,getSystemProperties
SMTPManagerFactory.createManager,setProperty
SMTPManagerFactory.createManager,getProperty
SMTPManagerFactory.createManager,getLocalHostname
SMTPManagerFactory.createManager,getSmtpHost
SMTPManagerFactory.createManager,getSmtpPort
SMTPManagerFactory.createManager,valueOf
SMTPManagerFactory.createManager,buildAuthenticator
SMTPManagerFactory.createManager,getSmtpUsername
SMTPManagerFactory.createManager,getSmtpPassword
SMTPManagerFactory.createManager,equals
SMTPManagerFactory.createManager,getSslConfiguration
SMTPManagerFactory.createManager,getSslContext
SMTPManagerFactory.createManager,getSocketFactory
SMTPManagerFactory.createManager,put
SMTPManagerFactory.createManager,toString
SMTPManagerFactory.createManager,isVerifyHostName
SMTPManagerFactory.createManager,getInstance
SMTPManagerFactory.createManager,setProtocolForAddress
SMTPManagerFactory.createManager,setDebug
SMTPManagerFactory.createManager,isSmtpDebug
MongoDbProvider.build,newMongoDb4Provider
MongoDbProvider.newBuilder,newMongoDbBuilder
ClockTimestampGenerator.next,currentTimeMillis
CassandraAppender.newBuilder,asBuilder
CassandraAppender.setContactPoints,asBuilder
CassandraAppender.setColumns,asBuilder
CassandraAppender.setUseTls,asBuilder
CassandraAppender.setClusterName,asBuilder
CassandraAppender.setKeyspace,asBuilder
CassandraAppender.setTable,asBuilder
CassandraAppender.setUsername,asBuilder
CassandraAppender.setPassword,asBuilder
CassandraAppender.setUseClockForTimestampGenerator,asBuilder
CassandraAppender.setBufferSize,asBuilder
CassandraAppender.setBatched,asBuilder
CassandraAppender.setBatchType,asBuilder
CassandraAppender.build,getManager
CassandraAppender.build,getName
CassandraAppender.build,getFilter
CassandraAppender.build,isIgnoreExceptions
Builder.setContactPoints,asBuilder
Builder.setColumns,asBuilder
Builder.setUseTls,asBuilder
Builder.setClusterName,asBuilder
Builder.setKeyspace,asBuilder
Builder.setTable,asBuilder
Builder.setUsername,asBuilder
Builder.setPassword,asBuilder
Builder.setPassword,toCharArray
Builder.setUseClockForTimestampGenerator,asBuilder
Builder.setBufferSize,asBuilder
Builder.setBatched,asBuilder
Builder.setBatchType,asBuilder
CassandraManager.startupInternal,connect
CassandraManager.startupInternal,prepare
CassandraManager.shutdownInternal,close
CassandraManager.writeInternal,size
CassandraManager.writeInternal,get
CassandraManager.writeInternal,isAssignableFrom
CassandraManager.writeInternal,getType
CassandraManager.writeInternal,getContextData
CassandraManager.writeInternal,toMap
CassandraManager.writeInternal,getContextStack
CassandraManager.writeInternal,asList
CassandraManager.writeInternal,fromMillis
CassandraManager.writeInternal,getTimeMillis
CassandraManager.writeInternal,asSubclass
CassandraManager.writeInternal,convert
CassandraManager.writeInternal,getLayout
CassandraManager.writeInternal,toSerializable
CassandraManager.writeInternal,bind
CassandraManager.writeInternal,execute
CassandraManager.writeInternal,add
CassandraManager.commitAndClose,execute
CassandraManager.getManager,getManager
CassandraManager.createManager,builder
CassandraManager.createManager,addContactPointsWithPorts
CassandraManager.createManager,withClusterName
CassandraManager.createManager,withSSL
CassandraManager.createManager,isNotBlank
CassandraManager.createManager,withCredentials
CassandraManager.createManager,withTimestampGenerator
CassandraManager.createManager,build
CassandraManager.createManager,append
CassandraManager.createManager,getName
CassandraManager.createManager,setCharAt
CassandraManager.createManager,length
CassandraManager.createManager,isNotEmpty
CassandraManager.createManager,getLiteralValue
CassandraManager.createManager,add
CassandraManager.createManager,toString
CassandraManager.createManager,debug
CassandraManager.createManager,getBufferSize
CassandraManager.convertAndAddDefaultPorts,getPort
CassandraManager.convertAndAddDefaultPorts,getAddress
CassandraManager.convertAndAddDefaultPorts,getSocketAddress
CassandraManagerFactory.createManager,builder
CassandraManagerFactory.createManager,addContactPointsWithPorts
CassandraManagerFactory.createManager,withClusterName
CassandraManagerFactory.createManager,withSSL
CassandraManagerFactory.createManager,isNotBlank
CassandraManagerFactory.createManager,withCredentials
CassandraManagerFactory.createManager,withTimestampGenerator
CassandraManagerFactory.createManager,build
CassandraManagerFactory.createManager,append
CassandraManagerFactory.createManager,getName
CassandraManagerFactory.createManager,setCharAt
CassandraManagerFactory.createManager,length
CassandraManagerFactory.createManager,isNotEmpty
CassandraManagerFactory.createManager,getLiteralValue
CassandraManagerFactory.createManager,add
CassandraManagerFactory.createManager,toString
CassandraManagerFactory.createManager,debug
CassandraManagerFactory.createManager,getBufferSize
FactoryData.convertAndAddDefaultPorts,getPort
FactoryData.convertAndAddDefaultPorts,getAddress
FactoryData.convertAndAddDefaultPorts,getSocketAddress
AbstractLogEventWrapperEntity.toImmutable,createMemento
AbstractLogEventWrapperEntity.isIncludeLocation,getWrappedEvent
AbstractLogEventWrapperEntity.isIncludeLocation,isIncludeLocation
AbstractLogEventWrapperEntity.setIncludeLocation,getWrappedEvent
AbstractLogEventWrapperEntity.setIncludeLocation,setIncludeLocation
AbstractLogEventWrapperEntity.isEndOfBatch,getWrappedEvent
AbstractLogEventWrapperEntity.isEndOfBatch,isEndOfBatch
AbstractLogEventWrapperEntity.setEndOfBatch,getWrappedEvent
AbstractLogEventWrapperEntity.setEndOfBatch,setEndOfBatch
AbstractLogEventWrapperEntity.getContextData,getWrappedEvent
AbstractLogEventWrapperEntity.getContextData,getContextData
JpaDatabaseManager.startupInternal,createEntityManagerFactory
JpaDatabaseManager.shutdownInternal,commitAndClose
JpaDatabaseManager.shutdownInternal,isOpen
JpaDatabaseManager.shutdownInternal,close
JpaDatabaseManager.connectAndStart,createEntityManager
JpaDatabaseManager.connectAndStart,getTransaction
JpaDatabaseManager.connectAndStart,begin
JpaDatabaseManager.writeInternal,isRunning
JpaDatabaseManager.writeInternal,newInstance
JpaDatabaseManager.writeInternal,persist
JpaDatabaseManager.writeInternal,isActive
JpaDatabaseManager.writeInternal,rollback
JpaDatabaseManager.writeInternal,getMessage
JpaDatabaseManager.commitAndClose,isActive
JpaDatabaseManager.commitAndClose,commit
JpaDatabaseManager.commitAndClose,rollback
JpaDatabaseManager.commitAndClose,isOpen
JpaDatabaseManager.commitAndClose,close
JpaDatabaseManager.commitAndClose,logWarn
JpaDatabaseManager.getJPADatabaseManager,getManager
JpaDatabaseManager.createManager,getBufferSize
JPADatabaseManagerFactory.createManager,getBufferSize
JpaAppender.createAppender,isEmpty
JpaAppender.createAppender,error
JpaAppender.createAppender,parseInt
JpaAppender.createAppender,parseBoolean
JpaAppender.createAppender,loadClass
JpaAppender.createAppender,asSubclass
JpaAppender.createAppender,getConstructor
JpaAppender.createAppender,getName
JpaAppender.createAppender,getJPADatabaseManager
BasicLogEventEntity.getLevel,getWrappedEvent
BasicLogEventEntity.getLevel,getLevel
BasicLogEventEntity.getLoggerName,getWrappedEvent
BasicLogEventEntity.getLoggerName,getLoggerName
BasicLogEventEntity.getSource,getWrappedEvent
BasicLogEventEntity.getSource,getSource
BasicLogEventEntity.getMessage,getWrappedEvent
BasicLogEventEntity.getMessage,getMessage
BasicLogEventEntity.getMarker,getWrappedEvent
BasicLogEventEntity.getMarker,getMarker
BasicLogEventEntity.getThreadId,getWrappedEvent
BasicLogEventEntity.getThreadId,getThreadId
BasicLogEventEntity.getThreadPriority,getWrappedEvent
BasicLogEventEntity.getThreadPriority,getThreadPriority
BasicLogEventEntity.getThreadName,getWrappedEvent
BasicLogEventEntity.getThreadName,getThreadName
BasicLogEventEntity.getTimeMillis,getWrappedEvent
BasicLogEventEntity.getTimeMillis,getTimeMillis
BasicLogEventEntity.getInstant,getWrappedEvent
BasicLogEventEntity.getInstant,getInstant
BasicLogEventEntity.getNanoTime,getWrappedEvent
BasicLogEventEntity.getNanoTime,getNanoTime
BasicLogEventEntity.getThrown,getWrappedEvent
BasicLogEventEntity.getThrown,getThrown
BasicLogEventEntity.getThrownProxy,getWrappedEvent
BasicLogEventEntity.getThrownProxy,getThrownProxy
BasicLogEventEntity.getContextMap,getWrappedEvent
BasicLogEventEntity.getContextMap,getContextMap
BasicLogEventEntity.getContextStack,getWrappedEvent
BasicLogEventEntity.getContextStack,getContextStack
BasicLogEventEntity.getLoggerFqcn,getWrappedEvent
BasicLogEventEntity.getLoggerFqcn,getLoggerFqcn
ContextDataAttributeConverter.convertToDatabaseColumn,toString
LevelAttributeConverter.convertToDatabaseColumn,name
LevelAttributeConverter.convertToEntityAttribute,isEmpty
LevelAttributeConverter.convertToEntityAttribute,toLevel
ContextStackAttributeConverter.convertToDatabaseColumn,asList
ContextStackAttributeConverter.convertToDatabaseColumn,length
ContextStackAttributeConverter.convertToDatabaseColumn,append
ContextStackAttributeConverter.convertToDatabaseColumn,toString
InstantAttributeConverter.convertToDatabaseColumn,getEpochSecond
InstantAttributeConverter.convertToDatabaseColumn,getNanoOfSecond
InstantAttributeConverter.convertToEntityAttribute,isEmpty
InstantAttributeConverter.convertToEntityAttribute,indexOf
InstantAttributeConverter.convertToEntityAttribute,parseLong
InstantAttributeConverter.convertToEntityAttribute,substring
InstantAttributeConverter.convertToEntityAttribute,parseInt
InstantAttributeConverter.convertToEntityAttribute,length
InstantAttributeConverter.convertToEntityAttribute,initFromEpochSecond
MarkerAttributeConverter.convertToDatabaseColumn,toString
MarkerAttributeConverter.convertToEntityAttribute,isEmpty
MarkerAttributeConverter.convertToEntityAttribute,indexOf
MarkerAttributeConverter.convertToEntityAttribute,getMarker
MarkerAttributeConverter.convertToEntityAttribute,substring
ContextMapAttributeConverter.convertToDatabaseColumn,toString
ThrowableAttributeConverter.convertToDatabaseColumn,convertThrowable
ThrowableAttributeConverter.convertToDatabaseColumn,toString
ThrowableAttributeConverter.convertThrowable,append
ThrowableAttributeConverter.convertThrowable,toString
ThrowableAttributeConverter.convertThrowable,getStackTrace
ThrowableAttributeConverter.convertThrowable,getCause
ThrowableAttributeConverter.convertThrowable,convertThrowable
ThrowableAttributeConverter.convertToEntityAttribute,isEmpty
ThrowableAttributeConverter.convertToEntityAttribute,asList
ThrowableAttributeConverter.convertToEntityAttribute,split
ThrowableAttributeConverter.convertToEntityAttribute,convertString
ThrowableAttributeConverter.convertToEntityAttribute,listIterator
ThrowableAttributeConverter.convertString,next
ThrowableAttributeConverter.convertString,substring
ThrowableAttributeConverter.convertString,indexOf
ThrowableAttributeConverter.convertString,length
ThrowableAttributeConverter.convertString,trim
ThrowableAttributeConverter.convertString,hasNext
ThrowableAttributeConverter.convertString,startsWith
ThrowableAttributeConverter.convertString,previous
ThrowableAttributeConverter.convertString,convertString
ThrowableAttributeConverter.convertString,add
ThrowableAttributeConverter.convertString,getThrowable
ThrowableAttributeConverter.convertString,toArray
ThrowableAttributeConverter.getThrowable,loadClass
ThrowableAttributeConverter.getThrowable,isAssignableFrom
ThrowableAttributeConverter.getThrowable,getThrowable
ThrowableAttributeConverter.getThrowable,set
ThrowableAttributeConverter.getThrowable,setStackTrace
ThrowableAttributeConverter.getThrowable,getConstructors
ThrowableAttributeConverter.getThrowable,getParameterTypes
ThrowableAttributeConverter.getThrowable,newInstance
ThrowableAttributeConverter.getThrowable,getConstructor
ThrowableAttributeConverter.getThrowable,newInstanceOf
MessageAttributeConverter.convertToDatabaseColumn,getFormattedMessage
MessageAttributeConverter.convertToEntityAttribute,isEmpty
MessageAttributeConverter.convertToEntityAttribute,getMessageFactory
MessageAttributeConverter.convertToEntityAttribute,newMessage
ContextStackJsonAttributeConverter.convertToDatabaseColumn,writeValueAsString
ContextStackJsonAttributeConverter.convertToDatabaseColumn,asList
ContextStackJsonAttributeConverter.convertToEntityAttribute,isEmpty
ContextStackJsonAttributeConverter.convertToEntityAttribute,readValue
ContextStackJsonAttributeConverter.convertToEntityAttribute,addAll
ContextDataJsonAttributeConverter.convertToDatabaseColumn,getNodeFactory
ContextDataJsonAttributeConverter.convertToDatabaseColumn,objectNode
ContextDataJsonAttributeConverter.convertToDatabaseColumn,forEach
ContextDataJsonAttributeConverter.convertToDatabaseColumn,put
ContextDataJsonAttributeConverter.convertToDatabaseColumn,valueOf
ContextDataJsonAttributeConverter.convertToDatabaseColumn,writeValueAsString
ContextDataJsonAttributeConverter.convertToEntityAttribute,isEmpty
ContextDataJsonAttributeConverter.convertToEntityAttribute,createContextData
ContextDataJsonAttributeConverter.convertToEntityAttribute,readTree
ContextDataJsonAttributeConverter.convertToEntityAttribute,fields
ContextDataJsonAttributeConverter.convertToEntityAttribute,hasNext
ContextDataJsonAttributeConverter.convertToEntityAttribute,next
ContextDataJsonAttributeConverter.convertToEntityAttribute,getValue
ContextDataJsonAttributeConverter.convertToEntityAttribute,textValue
ContextDataJsonAttributeConverter.convertToEntityAttribute,putValue
ContextDataJsonAttributeConverter.convertToEntityAttribute,getKey
ContextMapJsonAttributeConverter.convertToDatabaseColumn,writeValueAsString
ContextMapJsonAttributeConverter.convertToEntityAttribute,isEmpty
ContextMapJsonAttributeConverter.convertToEntityAttribute,readValue
StackTraceElementAttributeConverter.convertToDatabaseColumn,toString
StackTraceElementAttributeConverter.convertToEntityAttribute,isEmpty
StackTraceElementAttributeConverter.convertToEntityAttribute,convertString
StackTraceElementAttributeConverter.convertString,indexOf
StackTraceElementAttributeConverter.convertString,substring
StackTraceElementAttributeConverter.convertString,lastIndexOf
StackTraceElementAttributeConverter.convertString,equals
StackTraceElementAttributeConverter.convertString,parseInt
CoreLogger.getLevel,get
CoreLogger.getLevel,getName
CoreLogger.getLevel,equals
CoreLogger.getLevel,toJavaLevel
CoreLogger.getLevel,getExplicitLevel
CoreLogger.setLevel,doSetLevel
CoreLogger.setLevel,setLevel
CoreLogger.setLevel,toLevel
CoreLogger.setUseParentHandlers,setAdditive
CoreLogger.getUseParentHandlers,isAdditive
CoreLogger.getParent,getParent
CoreLogger.getParent,getLogger
CoreLogger.getParent,getName
ApiLogger.log,isFiltered
ApiLogger.log,toLevel
ApiLogger.log,getLevel
ApiLogger.log,getParameters
ApiLogger.log,getMessageFactory
ApiLogger.log,newMessage
ApiLogger.log,getMessage
ApiLogger.log,getThrown
ApiLogger.log,logIfEnabled
ApiLogger.log,getFilter
ApiLogger.log,log
ApiLogger.isFiltered,getFilter
ApiLogger.isFiltered,isLoggable
ApiLogger.isLoggable,isEnabled
ApiLogger.isLoggable,toLevel
ApiLogger.getName,getName
ApiLogger.setLevel,warn
ApiLogger.setLevel,doSetLevel
ApiLogger.setUseParentHandlers,warn
ApiLogger.addHandler,warn
ApiLogger.removeHandler,warn
ApiLogger.setResourceBundle,warn
ApiLogger.logp,log
ApiLogger.logrb,log
ApiLogger.entering,traceEntry
ApiLogger.exiting,traceExit
ApiLogger.throwing,throwing
ApiLogger.severe,getFilter
ApiLogger.severe,logIfEnabled
ApiLogger.warning,getFilter
ApiLogger.warning,logIfEnabled
ApiLogger.info,getFilter
ApiLogger.info,logIfEnabled
ApiLogger.config,getFilter
ApiLogger.config,logIfEnabled
ApiLogger.fine,getFilter
ApiLogger.fine,logIfEnabled
ApiLogger.finer,getFilter
ApiLogger.finer,logIfEnabled
ApiLogger.finest,getFilter
ApiLogger.finest,logIfEnabled
LogManager.getLoggerNames,enumeration
LogManager.getLoggerNames,getLoggersInContext
LogManager.getLoggerNames,keySet
LogManager.getLoggerNames,getContext
DefaultLevelConverter.compare,compare
DefaultLevelConverter.compare,intValue
DefaultLevelConverter.distance,abs
DefaultLevelConverter.distance,intValue
DefaultLevelConverter.mapJulToLog4j,put
DefaultLevelConverter.mapLog4jToJul,put
DefaultLevelConverter.nearestLevel,distance
DefaultLevelConverter.nearestLevel,get
DefaultLevelConverter.toJavaLevel,get
DefaultLevelConverter.toLevel,get
DefaultLevelConverter.toLevel,nearestLevel
DefaultLevelConverter.toLevel,put
JulLevelComparator.compare,compare
JulLevelComparator.compare,intValue
CoreLoggerAdapter.newLogger,getLogger
Log4jBridgeHandler.install,getJulRootLogger
Log4jBridgeHandler.install,getHandlers
Log4jBridgeHandler.install,removeHandler
Log4jBridgeHandler.install,addHandler
Log4jBridgeHandler.getJulRootLogger,getLogManager
Log4jBridgeHandler.getJulRootLogger,getLogger
Log4jBridgeHandler.init,printStackTrace
Log4jBridgeHandler.init,trim
Log4jBridgeHandler.init,isEmpty
Log4jBridgeHandler.init,charAt
Log4jBridgeHandler.init,debug
Log4jBridgeHandler.close,getContext
Log4jBridgeHandler.close,removePropertyChangeListener
Log4jBridgeHandler.close,println
Log4jBridgeHandler.publish,getContext
Log4jBridgeHandler.publish,addPropertyChangeListener
Log4jBridgeHandler.publish,propagateLogLevels
Log4jBridgeHandler.publish,getConfiguration
Log4jBridgeHandler.publish,getLog4jLogger
Log4jBridgeHandler.publish,formatMessage
Log4jBridgeHandler.publish,toLevel
Log4jBridgeHandler.publish,getLevel
Log4jBridgeHandler.publish,getThrown
Log4jBridgeHandler.publish,warn
Log4jBridgeHandler.publish,toString
Log4jBridgeHandler.publish,log
Log4jBridgeHandler.getLog4jLogger,getLoggerName
Log4jBridgeHandler.getLog4jLogger,getLogger
Log4jBridgeHandler.propertyChange,debug
Log4jBridgeHandler.propertyChange,equals
Log4jBridgeHandler.propertyChange,getPropertyName
Log4jBridgeHandler.propertyChange,getNewValue
Log4jBridgeHandler.propertyChange,propagateLogLevels
Log4jBridgeHandler.propagateLogLevels,debug
Log4jBridgeHandler.propagateLogLevels,clear
Log4jBridgeHandler.propagateLogLevels,getLoggers
Log4jBridgeHandler.propagateLogLevels,values
Log4jBridgeHandler.propagateLogLevels,getLogger
Log4jBridgeHandler.propagateLogLevels,getName
Log4jBridgeHandler.propagateLogLevels,toJavaLevel
Log4jBridgeHandler.propagateLogLevels,getLevel
Log4jBridgeHandler.propagateLogLevels,setLevel
Log4jBridgeHandler.propagateLogLevels,add
Log4jBridgeHandler.propagateLogLevels,getLogManager
Log4jBridgeHandler.propagateLogLevels,getLoggerNames
Log4jBridgeHandler.propagateLogLevels,hasMoreElements
Log4jBridgeHandler.propagateLogLevels,nextElement
Log4jBridgeHandler.propagateLogLevels,equals
Log4jBridgeHandler.propagateLogLevels,containsKey
ApiLoggerAdapter.newLogger,getLogger
LevelTranslator.toLevel,toLevel
LevelTranslator.toJavaLevel,toJavaLevel
WrappedLogger.log,logIfEnabled
WrappedLogger.entry,entry
WrappedLogger.exit,exit
WrappedLogger.traceEntry,enter
WrappedLogger.throwing,throwing
WrappedLogger.throwing,toLevel
PatternLayoutFuzzer.fuzzerTestOneInput,getSimpleName
PatternLayoutFuzzer.fuzzerTestOneInput,createLoggerContext
PatternLayoutFuzzer.fuzzerTestOneInput,newLayout
PatternLayoutFuzzer.fuzzerTestOneInput,addAttribute
PatternLayoutFuzzer.fuzzerTestOneInput,getLogger
PatternLayoutFuzzer.fuzzerTestOneInput,fuzzLogger
WebLookup.lookup,getServletContext
WebLookup.lookup,startsWith
WebLookup.lookup,substring
WebLookup.lookup,length
WebLookup.lookup,getAttribute
WebLookup.lookup,toString
WebLookup.lookup,getInitParameter
WebLookup.lookup,equals
WebLookup.lookup,getRealPath
WebLookup.lookup,getContextPath
WebLookup.lookup,trim
WebLookup.lookup,contains
WebLookup.lookup,split
WebLookup.lookup,getServletContextName
WebLookup.lookup,getServerInfo
WebLookup.lookup,valueOf
WebLookup.lookup,getEffectiveMajorVersion
WebLookup.lookup,getEffectiveMinorVersion
WebLookup.lookup,getMajorVersion
WebLookup.lookup,getMinorVersion
WebLookup.lookup,log
WebLookup.lookup,getClass
WebLookup.lookup,getName
WebLookup.lookup,quote
Log4jServletContextListener.getAndIncrementCount,getAttribute
Log4jServletContextListener.getAndIncrementCount,setAttribute
Log4jServletContextListener.decrementAndGetCount,getAttribute
Log4jServletContextListener.decrementAndGetCount,warn
Log4jServletContextListener.decrementAndGetCount,getClass
Log4jServletContextListener.decrementAndGetCount,getName
Log4jServletContextListener.decrementAndGetCount,setAttribute
Log4jServletContextListener.contextInitialized,getServletContext
Log4jServletContextListener.contextInitialized,equalsIgnoreCase
Log4jServletContextListener.contextInitialized,getInitParameter
Log4jServletContextListener.contextInitialized,getClass
Log4jServletContextListener.contextInitialized,getSimpleName
Log4jServletContextListener.contextInitialized,getWebLifeCycle
Log4jServletContextListener.contextInitialized,getAndIncrementCount
Log4jServletContextListener.contextInitialized,debug
Log4jServletContextListener.contextInitialized,info
Log4jServletContextListener.contextInitialized,start
Log4jServletContextListener.contextInitialized,setLoggerContext
Log4jServletContextListener.contextDestroyed,warn
Log4jServletContextListener.contextDestroyed,decrementAndGetCount
Log4jServletContextListener.contextDestroyed,debug
Log4jServletContextListener.contextDestroyed,getClass
Log4jServletContextListener.contextDestroyed,getSimpleName
Log4jServletContextListener.contextDestroyed,info
Log4jServletContextListener.contextDestroyed,clearLoggerContext
Log4jServletContextListener.contextDestroyed,getInitParameter
Log4jServletContextListener.contextDestroyed,isEmpty
Log4jServletContextListener.contextDestroyed,parseLong
Log4jServletContextListener.contextDestroyed,valueOf
Log4jServletContextListener.contextDestroyed,toRootUpperCase
Log4jServletContextListener.contextDestroyed,stop
WebLoggerContextUtils.getWebLoggerContext,getAttribute
WebLoggerContextUtils.getRequiredWebLoggerContext,getWebLoggerContext
WebLoggerContextUtils.getWebLifeCycle,lock
WebLoggerContextUtils.getWebLifeCycle,getAttribute
WebLoggerContextUtils.getWebLifeCycle,initialize
WebLoggerContextUtils.getWebLifeCycle,unlock
WebLoggerContextUtils.wrapExecutionContext,getWebLifeCycle
WebLoggerContextUtils.wrapExecutionContext,setLoggerContext
WebLoggerContextUtils.wrapExecutionContext,run
WebLoggerContextUtils.wrapExecutionContext,clearLoggerContext
WebLoggerContextUtils.setServletContext,putObject
WebLoggerContextUtils.getServletContext,get
WebLoggerContextUtils.getServletContext,getContext
WebLoggerContextUtils.getServletContext,getObject
Log4jShutdownOnContextDestroyedListener.contextInitialized,debug
Log4jShutdownOnContextDestroyedListener.contextInitialized,getSimpleName
Log4jShutdownOnContextDestroyedListener.contextInitialized,getServletContext
Log4jShutdownOnContextDestroyedListener.contextInitialized,getAttribute
Log4jShutdownOnContextDestroyedListener.contextInitialized,getWebLifeCycle
Log4jShutdownOnContextDestroyedListener.contextDestroyed,warn
Log4jShutdownOnContextDestroyedListener.contextDestroyed,debug
Log4jShutdownOnContextDestroyedListener.contextDestroyed,getSimpleName
Log4jShutdownOnContextDestroyedListener.contextDestroyed,clearLoggerContext
Log4jShutdownOnContextDestroyedListener.contextDestroyed,getInitParameter
Log4jShutdownOnContextDestroyedListener.contextDestroyed,isEmpty
Log4jShutdownOnContextDestroyedListener.contextDestroyed,parseLong
Log4jShutdownOnContextDestroyedListener.contextDestroyed,valueOf
Log4jShutdownOnContextDestroyedListener.contextDestroyed,toRootUpperCase
Log4jShutdownOnContextDestroyedListener.contextDestroyed,stop
Log4jServletContainerInitializer.onStartup,getMajorVersion
Log4jServletContainerInitializer.onStartup,getEffectiveMajorVersion
Log4jServletContainerInitializer.onStartup,equalsIgnoreCase
Log4jServletContainerInitializer.onStartup,getInitParameter
Log4jServletContainerInitializer.onStartup,getLogger
Log4jServletContainerInitializer.onStartup,debug
Log4jServletContainerInitializer.onStartup,addFilter
Log4jServletContainerInitializer.onStartup,warn
Log4jServletContainerInitializer.onStartup,getWebLifeCycle
Log4jServletContainerInitializer.onStartup,start
Log4jServletContainerInitializer.onStartup,setLoggerContext
Log4jServletContainerInitializer.onStartup,addListener
Log4jServletContainerInitializer.onStartup,setAsyncSupported
Log4jServletContainerInitializer.onStartup,addMappingForUrlPatterns
Log4jServletContainerInitializer.onStartup,allOf
ServletRequestThreadContext.put,put
ServletRequestThreadContext.put,getRemoteAddr
ServletRequestThreadContext.put,getRemoteHost
ServletRequestThreadContext.put,getRemotePort
ServletRequestThreadContext.put,toString
Log4jServletFilter.init,getServletContext
Log4jServletFilter.init,debug
Log4jServletFilter.init,getWebLifeCycle
Log4jServletFilter.init,clearLoggerContext
Log4jServletFilter.doFilter,getAttribute
Log4jServletFilter.doFilter,doFilter
Log4jServletFilter.doFilter,setAttribute
Log4jServletFilter.doFilter,setLoggerContext
Log4jServletFilter.doFilter,clearLoggerContext
Log4jServletFilter.doFilter,removeAttribute
Log4jServletFilter.destroy,debug
Log4jServletFilter.destroy,setLoggerContext
ServletAppender.build,getName
ServletAppender.build,error
ServletAppender.build,getServletContext
ServletAppender.build,getOrCreateLayout
ServletAppender.build,getFilter
ServletAppender.build,isIgnoreExceptions
ServletAppender.newBuilder,asBuilder
ServletAppender.append,getLayout
ServletAppender.append,log
ServletAppender.append,getThrown
ServletAppender.createAppender,newBuilder
ServletAppender.createAppender,setFilter
ServletAppender.createAppender,setIgnoreExceptions
ServletAppender.createAppender,setLayout
ServletAppender.createAppender,setName
ServletAppender.createAppender,build
LoggerWriter.close,close
LoggerWriter.toString,getClass
LoggerWriter.toString,getSimpleName
LoggerWriter.toString,toString
LoggerWriter.write,write
LoggerInputStream.close,close
LoggerInputStream.read,read
LoggerInputStream.toString,getSimpleName
LoggerInputStream.toString,toString
LoggerFilterWriter.close,close
LoggerFilterWriter.flush,flush
LoggerFilterWriter.toString,getSimpleName
LoggerFilterWriter.toString,toString
LoggerFilterWriter.write,write
LoggerReader.close,close
LoggerReader.read,read
LoggerReader.toString,getSimpleName
LoggerReader.toString,toString
CharStreamLogger.close,logEnd
CharStreamLogger.log,logIfEnabled
CharStreamLogger.log,toString
CharStreamLogger.log,setLength
CharStreamLogger.logEnd,length
CharStreamLogger.logEnd,log
CharStreamLogger.put,put
CharStreamLogger.put,wrap
CharStreamLogger.put,charAt
CharStreamLogger.put,append
CharStreamLogger.put,log
CharStreamLogger.put,logEnd
ByteStreamLogger.read,flip
ByteStreamLogger.read,limit
ByteStreamLogger.read,get
ByteStreamLogger.read,compact
ByteStreamLogger.read,min
ByteStreamLogger.close,logEnd
ByteStreamLogger.extractMessages,read
ByteStreamLogger.extractMessages,append
ByteStreamLogger.extractMessages,log
ByteStreamLogger.log,logIfEnabled
ByteStreamLogger.log,toString
ByteStreamLogger.log,setLength
ByteStreamLogger.logEnd,length
ByteStreamLogger.logEnd,log
ByteStreamLogger.put,remaining
ByteStreamLogger.put,put
ByteStreamLogger.put,extractMessages
ByteStreamLogger.put,logEnd
ByteBufferInputStream.read,flip
ByteBufferInputStream.read,limit
ByteBufferInputStream.read,get
ByteBufferInputStream.read,compact
ByteBufferInputStream.read,min
LoggerOutputStream.close,close
LoggerOutputStream.write,write
LoggerBufferedReader.close,close
LoggerBufferedReader.read,read
LoggerBufferedReader.readLine,readLine
LoggerPrintStream.ensureNonNull,defaultCharset
LoggerPrintStream.append,append
LoggerPrintStream.checkError,checkError
LoggerPrintStream.close,close
LoggerPrintStream.flush,flush
LoggerPrintStream.format,format
LoggerPrintStream.print,print
LoggerPrintStream.printf,printf
LoggerPrintStream.println,println
LoggerPrintStream.toString,getSimpleName
LoggerPrintStream.toString,toString
LoggerPrintStream.write,write
LoggerPrintWriter.append,append
LoggerPrintWriter.checkError,checkError
LoggerPrintWriter.close,close
LoggerPrintWriter.flush,flush
LoggerPrintWriter.format,format
LoggerPrintWriter.print,print
LoggerPrintWriter.printf,printf
LoggerPrintWriter.println,println
LoggerPrintWriter.toString,getSimpleName
LoggerPrintWriter.toString,toString
LoggerPrintWriter.write,write
LoggerBufferedInputStream.close,close
LoggerBufferedInputStream.read,read
LoggerBufferedInputStream.toString,getSimpleName
LoggerBufferedInputStream.toString,toString
IoBuilder.forLogger,getLogger
IoBuilder.forLogger,getCallerClass
IoBuilder.buildReader,requireNonNull
IoBuilder.buildInputStream,requireNonNull
LoggerFilterOutputStream.close,close
LoggerFilterOutputStream.flush,flush
LoggerFilterOutputStream.toString,getSimpleName
LoggerFilterOutputStream.toString,toString
LoggerFilterOutputStream.write,write
InternalReader.close,close
InternalReader.read,put
InternalReader.read,read
InternalReader.read,remaining
InternalWriter.close,close
InternalWriter.toString,getClass
InternalWriter.toString,getSimpleName
InternalWriter.write,put
InternalWriter.write,length
InternalFilterOutputStream.close,close
InternalFilterOutputStream.flush,flush
InternalFilterOutputStream.write,write
InternalFilterOutputStream.write,put
InternalBufferedReader.read,remaining
InternalBufferedReader.read,read
InternalBufferedReader.read,put
InternalOutputStream.close,close
InternalOutputStream.write,put
InternalInputStream.close,close
InternalInputStream.read,put
InternalInputStream.read,read
InternalFilterWriter.close,close
InternalFilterWriter.flush,flush
InternalFilterWriter.write,write
InternalFilterWriter.write,put
InternalFilterWriter.write,length
InternalPrintStream.ensureNonNull,defaultCharset
InternalLoggerReader.close,close
InternalLoggerReader.read,put
InternalLoggerReader.read,read
InternalLoggerReader.read,remaining
BlackHoleByteBufferDestination.drain,flip
BlackHoleByteBufferDestination.drain,clear
BlackHoleByteBufferDestination.drain,put
BlackHoleByteBufferDestination.writeBytes,writeToUnsynchronized
LogEventFixture.createLiteLogEvents,createLiteLogEvents
LogEventFixture.createLiteLogEvents,currentTimeMillis
LogEventFixture.createLiteLogEvents,valueOf
LogEventFixture.createLiteLogEvents,createLogEventTimeMillis
LogEventFixture.createLiteLogEvents,createLiteLogEvent
LogEventFixture.createLiteLogEvents,add
LogEventFixture.createLiteLogEvent,newBuilder
LogEventFixture.createLiteLogEvent,setLoggerName
LogEventFixture.createLiteLogEvent,setLoggerFqcn
LogEventFixture.createLiteLogEvent,setLevel
LogEventFixture.createLiteLogEvent,setMessage
LogEventFixture.createLiteLogEvent,setTimeMillis
LogEventFixture.createLiteLogEvent,setNanoTime
LogEventFixture.createLiteLogEvent,build
LogEventFixture.createFullLogEvents,createFullLogEvents
LogEventFixture.createFullLogEvents,currentTimeMillis
LogEventFixture.createFullLogEvents,valueOf
LogEventFixture.createFullLogEvents,createLogEventTimeMillis
LogEventFixture.createFullLogEvents,createFullLogEvent
LogEventFixture.createFullLogEvents,add
LogEventFixture.createFullLogEvent,fillInStackTrace
LogEventFixture.createFullLogEvent,getStackTrace
LogEventFixture.createFullLogEvent,addSuppressed
LogEventFixture.createFullLogEvent,createContextData
LogEventFixture.createFullLogEvent,createContextStack
LogEventFixture.createFullLogEvent,hashCode
LogEventFixture.createFullLogEvent,newBuilder
LogEventFixture.createFullLogEvent,setLoggerName
LogEventFixture.createFullLogEvent,setLoggerFqcn
LogEventFixture.createFullLogEvent,setLevel
LogEventFixture.createFullLogEvent,setMessage
LogEventFixture.createFullLogEvent,setThrown
LogEventFixture.createFullLogEvent,setContextData
LogEventFixture.createFullLogEvent,setContextStack
LogEventFixture.createFullLogEvent,setThreadId
LogEventFixture.createFullLogEvent,setThreadName
LogEventFixture.createFullLogEvent,setThreadPriority
LogEventFixture.createFullLogEvent,setSource
LogEventFixture.createFullLogEvent,setTimeMillis
LogEventFixture.createFullLogEvent,setNanoTime
LogEventFixture.createFullLogEvent,build
LogEventFixture.createContextData,createContextData
LogEventFixture.createContextData,putValue
LogEventFixture.createContextData,valueOf
LogEventFixture.createContextStack,clear
LogEventFixture.createContextStack,push
LogEventFixture.createContextStack,add
SLF4JLogBuilder.isValid,warn
SLF4JLogBuilder.isValid,getCallerClass
SLF4JLogBuilder.isValid,currentThread
SLF4JLogBuilder.isValid,getId
SLF4JLogBuilder.logMessage,logMessage
SLF4JLogBuilder.withLocation,info
SLF4JLogBuilder.withLocation,withLocation
SLF4JLogBuilder.log,isValid
SLF4JLogBuilder.log,logMessage
SLF4JLogBuilder.log,getMessageFactory
SLF4JLogBuilder.log,newMessage
SLF4JLogBuilder.log,getAll
SLF4JLogBuilder.log,get
SLF4JLogBuilder.logAndGet,isValid
SLF4JLogBuilder.logAndGet,logMessage
SLF4JLogBuilder.logAndGet,get
SLF4JLogger.convertLevel,getStandardLevel
SLF4JLogger.getLevel,isTraceEnabled
SLF4JLogger.getLevel,isDebugEnabled
SLF4JLogger.getLevel,isInfoEnabled
SLF4JLogger.getLevel,isWarnEnabled
SLF4JLogger.getLevel,isErrorEnabled
SLF4JLogger.getMarker,convertMarker
SLF4JLogger.convertMarker,getMarker
SLF4JLogger.convertMarker,getName
SLF4JLogger.convertMarker,getParents
SLF4JLogger.convertMarker,contains
SLF4JLogger.convertMarker,add
SLF4JLogger.isEnabled,isEnabledFor
SLF4JLogger.isEnabledFor,getMarker
SLF4JLogger.isEnabledFor,getStandardLevel
SLF4JLogger.isEnabledFor,isDebugEnabled
SLF4JLogger.isEnabledFor,isTraceEnabled
SLF4JLogger.isEnabledFor,isInfoEnabled
SLF4JLogger.isEnabledFor,isWarnEnabled
SLF4JLogger.isEnabledFor,isErrorEnabled
SLF4JLogger.logMessage,getMarker
SLF4JLogger.logMessage,getFormattedMessage
SLF4JLogger.logMessage,log
SLF4JLogger.logMessage,convertLevel
SLF4JLogger.logMessage,getStandardLevel
SLF4JLogger.logMessage,debug
SLF4JLogger.logMessage,trace
SLF4JLogger.logMessage,info
SLF4JLogger.logMessage,warn
SLF4JLogger.logMessage,error
SLF4JLogger.always,atLevel
SLF4JLogger.atTrace,atLevel
SLF4JLogger.atDebug,atLevel
SLF4JLogger.atInfo,atLevel
SLF4JLogger.atWarn,atLevel
SLF4JLogger.atError,atLevel
SLF4JLogger.atFatal,atLevel
SLF4JLogger.getLogBuilder,get
SLF4JLogger.getLogBuilder,reset
SLF4JLogger.atLevel,getLogBuilder
SLF4JLoggerContext.getLogger,getLogger
SLF4JLoggerContext.getLogger,createLogger
SLF4JLoggerContext.getLogger,putIfAbsent
SLF4JLoggerContext.createLogger,getLogger
SLF4JLoggerContext.hasLogger,hasLogger
MDCContextMap.put,put
MDCContextMap.putAll,entrySet
MDCContextMap.putAll,put
MDCContextMap.putAll,getKey
MDCContextMap.putAll,getValue
MDCContextMap.get,get
MDCContextMap.remove,remove
MDCContextMap.removeAll,remove
MDCContextMap.clear,clear
MDCContextMap.containsKey,getCopyOfContextMap
MDCContextMap.containsKey,containsKey
MDCContextMap.getCopy,getCopyOfContextMap
MDCContextMap.getImmutableMapOrNull,getCopyOfContextMap
MDCContextMap.isEmpty,getCopyOfContextMap
MDCContextMap.isEmpty,isEmpty
MDCContextMap.getReadOnlyContextData,getCopy
MDCContextMap.getReadOnlyContextData,isEmpty
MDCContextMap.getReadOnlyContextData,entrySet
MDCContextMap.getReadOnlyContextData,putValue
MDCContextMap.getReadOnlyContextData,getKey
MDCContextMap.getReadOnlyContextData,getValue
JsonUtil.assertValidJson,getBytes
JsonUtil.assertValidJson,assertValidJson
JsonEncodingAppender.append,getLayout
JsonEncodingAppender.append,toByteArray
JsonEncodingAppender.append,assertValidJson
EncodingAppender.append,getLayout
EncodingAppender.append,toByteArray
AbstractLifeCycle.equalsImpl,getClass
AbstractLifeCycle.equalsImpl,getState
AbstractLifeCycle.hashCodeImpl,hashCode
AbstractLifeCycle.setStarted,setState
AbstractLifeCycle.setStarting,setState
AbstractLifeCycle.setStopped,setState
AbstractLifeCycle.setStopping,setState
AbstractLifeCycle.start,setStarted
AbstractLifeCycle.stop,stop
AbstractLifeCycle.stop,isCancelled
AbstractLifeCycle.stop,isDone
AbstractLifeCycle.stop,cancel
AbstractLogEvent.getContextMap,emptyMap
AbstractLogEvent.getInstant,getMutableInstant
Logger.writeReplace,getName
Logger.writeReplace,getMessageFactory
Logger.getParent,getName
Logger.getParent,equals
Logger.getParent,getParent
Logger.getParent,getMessageFactory
Logger.getParent,hasLogger
Logger.getParent,getLogger
Logger.setLevel,getLevel
Logger.setLevel,getParent
Logger.logMessage,getReliabilityStrategy
Logger.logMessage,log
Logger.logMessage,getName
Logger.log,getReliabilityStrategy
Logger.log,log
Logger.log,getName
Logger.isEnabled,filter
Logger.addAppender,addLoggerAppender
Logger.removeAppender,removeAppender
Logger.removeAppender,getName
Logger.getAppenders,getAppenders
Logger.getFilters,getFilter
Logger.getFilters,emptyIterator
Logger.getFilters,add
Logger.getFilters,iterator
Logger.filterCount,getFilter
Logger.addFilter,addLoggerFilter
Logger.isAdditive,isAdditive
Logger.setAdditive,setLoggerAdditive
Logger.atLevel,hasFilter
Logger.atLevel,getLogBuilder
Logger.logEvent,log
Logger.hasFilter,getFilter
Logger.filter,getFilter
Logger.filter,filter
Logger.filter,intLevel
Logger.toString,append
Logger.toString,toString
Logger.toString,getName
Logger.toString,getLevel
Logger.readResolve,getContext
Logger.equals,getClass
Logger.equals,getName
Logger.equals,equals
Logger.hashCode,getName
Logger.hashCode,hashCode
PrivateConfig.logEvent,log
PrivateConfig.hasFilter,getFilter
PrivateConfig.filter,getFilter
PrivateConfig.filter,filter
PrivateConfig.filter,intLevel
PrivateConfig.toString,append
PrivateConfig.toString,toString
LoggerProxy.readResolve,getContext
LogEventListener.log,getLogger
LogEventListener.log,getLoggerName
LogEventListener.log,filter
LogEventListener.log,getLevel
LogEventListener.log,getMarker
LogEventListener.log,getMessage
LogEventListener.log,getThrown
LogEventListener.log,logEvent
DefaultLoggerContextAccessor.getLoggerContext,getContext
LoggerContext.createInstanceFromFactoryProperty,newCheckedInstanceOfProperty
LoggerContext.createInstanceFromFactoryProperty,format
LoggerContext.addShutdownListener,add
LoggerContext.getContext,getContext
LoggerContext.start,debug
LoggerContext.start,getName
LoggerContext.start,getProperties
LoggerContext.start,getBooleanProperty
LoggerContext.start,tryLock
LoggerContext.start,isInitialized
LoggerContext.start,isStopped
LoggerContext.start,setStarting
LoggerContext.start,reconfigure
LoggerContext.start,isShutdownHookEnabled
LoggerContext.start,setUpShutdownHook
LoggerContext.start,setStarted
LoggerContext.start,unlock
LoggerContext.start,info
LoggerContext.start,getClass
LoggerContext.start,getSimpleName
LoggerContext.setUpShutdownHook,getFactory
LoggerContext.setUpShutdownHook,debug
LoggerContext.setUpShutdownHook,ensureInitialized
LoggerContext.setUpShutdownHook,getShutdownTimeoutMillis
LoggerContext.setUpShutdownHook,error
LoggerContext.close,stop
LoggerContext.terminate,stop
LoggerContext.stop,debug
LoggerContext.stop,getName
LoggerContext.stop,lock
LoggerContext.stop,isStopped
LoggerContext.stop,setStopping
LoggerContext.stop,unregisterJmxBeans
LoggerContext.stop,cancel
LoggerContext.stop,updateLoggers
LoggerContext.stop,stop
LoggerContext.stop,clear
LoggerContext.stop,getFactory
LoggerContext.stop,removeContext
LoggerContext.stop,unlock
LoggerContext.stop,setStopped
LoggerContext.stop,contextShutdown
LoggerContext.unregisterJmxBeans,isJmxDisabled
LoggerContext.unregisterJmxBeans,unregisterLoggerContext
LoggerContext.unregisterJmxBeans,getName
LoggerContext.unregisterJmxBeans,error
LoggerContext.getRootLogger,getLogger
LoggerContext.setName,requireNonNull
LoggerContext.getObject,get
LoggerContext.putObject,put
LoggerContext.putObjectIfAbsent,putIfAbsent
LoggerContext.removeObject,remove
LoggerContext.setExternalContext,put
LoggerContext.setExternalContext,remove
LoggerContext.getExternalContext,get
LoggerContext.getLogger,getLogger
LoggerContext.getLogger,computeIfAbsent
LoggerContext.getLoggers,getLoggers
LoggerContext.getLoggerRegistry,getLoggers
LoggerContext.getLoggerRegistry,forEach
LoggerContext.getLoggerRegistry,putIfAbsent
LoggerContext.getLoggerRegistry,getName
LoggerContext.getLoggerRegistry,getMessageFactory
LoggerContext.hasLogger,hasLogger
LoggerContext.addFilter,addFilter
LoggerContext.removeFilter,removeFilter
LoggerContext.setConfiguration,error
LoggerContext.setConfiguration,lock
LoggerContext.setConfiguration,addListener
LoggerContext.setConfiguration,getComponent
LoggerContext.setConfiguration,computeIfAbsent
LoggerContext.setConfiguration,getLocalHostname
LoggerContext.setConfiguration,debug
LoggerContext.setConfiguration,toString
LoggerContext.setConfiguration,putIfAbsent
LoggerContext.setConfiguration,start
LoggerContext.setConfiguration,updateLoggers
LoggerContext.setConfiguration,removeListener
LoggerContext.setConfiguration,stop
LoggerContext.setConfiguration,firePropertyChangeEvent
LoggerContext.setConfiguration,registerJmxBeans
LoggerContext.setConfiguration,setNanoClock
LoggerContext.setConfiguration,getNanoClock
LoggerContext.setConfiguration,unlock
LoggerContext.registerJmxBeans,isJmxDisabled
LoggerContext.registerJmxBeans,reregisterMBeansAfterReconfigure
LoggerContext.registerJmxBeans,error
LoggerContext.firePropertyChangeEvent,propertyChange
LoggerContext.addPropertyChangeListener,add
LoggerContext.addPropertyChangeListener,requireNonNull
LoggerContext.removePropertyChangeListener,remove
LoggerContext.setConfigLocation,reconfigure
LoggerContext.reconfigure,get
LoggerContext.reconfigure,debug
LoggerContext.reconfigure,getInstance
LoggerContext.reconfigure,getConfiguration
LoggerContext.reconfigure,error
LoggerContext.reconfigure,setConfiguration
LoggerContext.reconfigure,valueOf
LoggerContext.reconfigure,getConfigurationSource
LoggerContext.reconfigure,reconfigure
LoggerContext.reconfigure,getURI
LoggerContext.updateLoggers,updateLoggers
LoggerContext.updateLoggers,getLoggers
LoggerContext.updateLoggers,forEach
LoggerContext.updateLoggers,updateConfiguration
LoggerContext.updateLoggers,firePropertyChangeEvent
LoggerContext.onChange,currentTimeMillis
LoggerContext.onChange,debug
LoggerContext.onChange,initApiModule
LoggerContext.onChange,reconfigure
LoggerContext.onChange,setConfiguration
LoggerContext.initApiModule,init
LoggerContext.newInstance,newInstance
Version.main,println
Version.main,getProductString
Version.getProductString,getPackage
Version.getProductString,format
Version.getProductString,getSpecificationTitle
Version.getProductString,getSpecificationVersion
AbstractManager.close,stop
AbstractManager.stop,lock
AbstractManager.stop,remove
AbstractManager.stop,debug
AbstractManager.stop,getClass
AbstractManager.stop,getSimpleName
AbstractManager.stop,getName
AbstractManager.stop,releaseSub
AbstractManager.stop,unlock
AbstractManager.getManager,lock
AbstractManager.getManager,get
AbstractManager.getManager,requireNonNull
AbstractManager.getManager,createManager
AbstractManager.getManager,put
AbstractManager.getManager,updateData
AbstractManager.getManager,unlock
AbstractManager.hasManager,lock
AbstractManager.hasManager,containsKey
AbstractManager.hasManager,unlock
AbstractManager.narrow,isAssignableFrom
AbstractManager.narrow,getClass
AbstractManager.narrow,getName
AbstractManager.logger,getLogger
AbstractManager.getManagerCount,size
AbstractManager.release,close
AbstractManager.getStrSubstitutor,getConfiguration
AbstractManager.getStrSubstitutor,getStrSubstitutor
AbstractManager.log,getMessageFactory
AbstractManager.log,newMessage
AbstractManager.log,getClass
AbstractManager.log,getSimpleName
AbstractManager.log,getName
AbstractManager.log,log
AbstractManager.logDebug,log
AbstractManager.logError,log
AbstractManager.logWarn,log
OutputStreamAppender.build,getOrCreateLayout
OutputStreamAppender.build,getName
OutputStreamAppender.build,getFilter
OutputStreamAppender.build,getManager
OutputStreamAppender.build,getPropertyArray
OutputStreamAppender.setFollow,asBuilder
OutputStreamAppender.setTarget,asBuilder
OutputStreamAppender.createAppender,error
OutputStreamAppender.createAppender,createDefaultLayout
OutputStreamAppender.createAppender,getManager
OutputStreamAppender.getManager,getInstance
OutputStreamAppender.getManager,getClass
OutputStreamAppender.getManager,getName
OutputStreamAppender.getManager,toHexString
OutputStreamAppender.getManager,hashCode
OutputStreamAppender.getManager,getManager
OutputStreamAppender.newBuilder,asBuilder
Builder.setFollow,asBuilder
Builder.setTarget,asBuilder
WriterManager.getManager,getManager
WriterManager.closeWriter,close
WriterManager.closeWriter,logError
WriterManager.flush,flush
WriterManager.flush,getName
WriterManager.isOpen,getCount
WriterManager.releaseSub,writeFooter
WriterManager.releaseSub,closeWriter
WriterManager.setWriter,getHeader
WriterManager.setWriter,write
WriterManager.setWriter,getCharset
WriterManager.setWriter,logError
WriterManager.write,write
WriterManager.write,getName
WriterManager.writeFooter,getFooter
WriterManager.writeFooter,write
WriterManager.writeFooter,getCharset
WriterAppender.build,getOrCreateLayout
WriterAppender.build,error
WriterAppender.build,getName
WriterAppender.build,getFilter
WriterAppender.build,getManager
WriterAppender.build,isIgnoreExceptions
WriterAppender.build,getPropertyArray
WriterAppender.setFollow,asBuilder
WriterAppender.setTarget,asBuilder
WriterAppender.createAppender,error
WriterAppender.createAppender,createDefaultLayout
WriterAppender.createAppender,getManager
WriterAppender.getManager,getClass
WriterAppender.getManager,getName
WriterAppender.getManager,toHexString
WriterAppender.getManager,hashCode
WriterAppender.getManager,getManager
WriterAppender.newBuilder,asBuilder
SmtpAppender.build,getLayout
SmtpAppender.build,setLayout
SmtpAppender.build,createDefaultLayout
SmtpAppender.build,getFilter
SmtpAppender.build,setFilter
SmtpAppender.build,createFilter
SmtpAppender.build,isEmpty
SmtpAppender.build,newSerializerBuilder
SmtpAppender.build,setConfiguration
SmtpAppender.build,getConfiguration
SmtpAppender.build,setPattern
SmtpAppender.build,build
SmtpAppender.build,toString
SmtpAppender.build,safeStream
SmtpAppender.build,findAny
SmtpAppender.build,orElseGet
SmtpAppender.build,load
SmtpAppender.build,getClass
SmtpAppender.build,getClassLoader
SmtpAppender.build,getLogger
SmtpAppender.build,getManager
SmtpAppender.build,getManagerName
SmtpAppender.build,error
SmtpAppender.build,getName
SmtpAppender.build,isIgnoreExceptions
SmtpAppender.build,getPropertyArray
SmtpAppender.createAppender,error
SmtpAppender.createAppender,newBuilder
SmtpAppender.createAppender,setIgnoreExceptions
SmtpAppender.createAppender,parseBoolean
SmtpAppender.createAppender,setSmtpPort
SmtpAppender.createAppender,parseInt
SmtpAppender.createAppender,setSmtpDebug
SmtpAppender.createAppender,setBufferSize
SmtpAppender.createAppender,setLayout
SmtpAppender.createAppender,setFilter
SmtpAppender.createAppender,setConfiguration
SmtpAppender.createAppender,build
SmtpAppender.isFiltered,add
SmtpAppender.append,sendEvents
SmtpAppender.append,getLayout
ConsoleAppender.getDefaultCharset,getCharset
ConsoleAppender.getDefaultCharset,defaultCharset
ConsoleAppender.getCharset,getCharsetProperty
ConsoleAppender.getCharset,getSystemProperties
ConsoleAppender.createAppender,newBuilder
ConsoleAppender.createAppender,setLayout
ConsoleAppender.createAppender,setFilter
ConsoleAppender.createAppender,setTarget
ConsoleAppender.createAppender,valueOf
ConsoleAppender.createAppender,setName
ConsoleAppender.createAppender,setFollow
ConsoleAppender.createAppender,parseBoolean
ConsoleAppender.createAppender,setIgnoreExceptions
ConsoleAppender.createAppender,build
ConsoleAppender.createAppender,setDirect
ConsoleAppender.createDefaultAppenderForLayout,incrementAndGet
ConsoleAppender.createDefaultAppenderForLayout,getDefaultManager
ConsoleAppender.newBuilder,asBuilder
ConsoleAppender.setFollow,asBuilder
ConsoleAppender.setDirect,asBuilder
ConsoleAppender.build,isValid
ConsoleAppender.build,error
ConsoleAppender.build,getOrCreateLayout
ConsoleAppender.build,getDefaultCharset
ConsoleAppender.build,getDirectOutputStream
ConsoleAppender.build,getFollowOutputStream
ConsoleAppender.build,getDefaultOutputStream
ConsoleAppender.build,name
ConsoleAppender.build,getManager
ConsoleAppender.build,getName
ConsoleAppender.build,getFilter
ConsoleAppender.build,isIgnoreExceptions
ConsoleAppender.build,getPropertyArray
ConsoleAppender.getDefaultManager,getDefaultOutputStream
ConsoleAppender.getDefaultManager,name
ConsoleAppender.getDefaultManager,get
ConsoleAppender.getDefaultManager,getManager
ConsoleAppender.flush,flush
ConsoleAppender.write,write
Builder.setDirect,asBuilder
SystemErrStream.flush,flush
SystemErrStream.write,write
SystemOutStream.flush,flush
SystemOutStream.write,write
AbstractFileAppender.setAdvertise,asBuilder
AbstractFileAppender.setAdvertiseUri,asBuilder
AbstractFileAppender.setAppend,asBuilder
AbstractFileAppender.setFileName,asBuilder
AbstractFileAppender.setCreateOnDemand,asBuilder
AbstractFileAppender.setLocking,asBuilder
AbstractFileAppender.setFilePermissions,asBuilder
AbstractFileAppender.setFileOwner,asBuilder
AbstractFileAppender.setFileGroup,asBuilder
AbstractFileAppender.withAdvertise,asBuilder
AbstractFileAppender.withAdvertiseUri,asBuilder
AbstractFileAppender.withAppend,asBuilder
AbstractFileAppender.withFileName,asBuilder
AbstractFileAppender.withCreateOnDemand,asBuilder
AbstractFileAppender.withLocking,asBuilder
AbstractFileAppender.withFilePermissions,asBuilder
AbstractFileAppender.withFileOwner,asBuilder
AbstractFileAppender.withFileGroup,asBuilder
AbstractFileAppender.stop,setStopping
AbstractFileAppender.stop,unadvertise
AbstractFileAppender.stop,setStopped
Builder.setAdvertise,asBuilder
Builder.setAdvertiseUri,asBuilder
Builder.setAppend,asBuilder
Builder.setFileName,asBuilder
Builder.setCreateOnDemand,asBuilder
Builder.setLocking,asBuilder
Builder.setFilePermissions,asBuilder
Builder.setFileOwner,asBuilder
Builder.setFileGroup,asBuilder
Builder.withAdvertise,asBuilder
Builder.withAdvertiseUri,asBuilder
Builder.withAppend,asBuilder
Builder.withFileName,asBuilder
Builder.withCreateOnDemand,asBuilder
Builder.withLocking,asBuilder
Builder.withFilePermissions,asBuilder
Builder.withFileOwner,asBuilder
Builder.withFileGroup,asBuilder
OutputStreamManager.getManager,getManager
OutputStreamManager.createOutputStream,getClass
OutputStreamManager.createOutputStream,getCanonicalName
OutputStreamManager.releaseSub,writeFooter
OutputStreamManager.releaseSub,closeOutputStream
OutputStreamManager.writeHeader,getHeader
OutputStreamManager.writeHeader,write
OutputStreamManager.writeHeader,logError
OutputStreamManager.writeFooter,getFooter
OutputStreamManager.writeFooter,write
OutputStreamManager.isOpen,getCount
OutputStreamManager.getOutputStream,createOutputStream
OutputStreamManager.write,write
OutputStreamManager.write,writeBytes
OutputStreamManager.write,position
OutputStreamManager.write,writeToDestination
OutputStreamManager.write,flushDestination
OutputStreamManager.write,capacity
OutputStreamManager.write,flush
OutputStreamManager.write,remaining
OutputStreamManager.write,put
OutputStreamManager.writeBytes,write
OutputStreamManager.writeBytes,remaining
OutputStreamManager.writeBytes,writeToUnsynchronized
OutputStreamManager.writeToDestination,getOutputStream
OutputStreamManager.writeToDestination,write
OutputStreamManager.writeToDestination,getName
OutputStreamManager.flushDestination,flush
OutputStreamManager.flushDestination,getName
OutputStreamManager.flushBuffer,remaining
OutputStreamManager.flushBuffer,writeToDestination
OutputStreamManager.flushBuffer,array
OutputStreamManager.flushBuffer,arrayOffset
OutputStreamManager.flushBuffer,position
OutputStreamManager.flushBuffer,clear
OutputStreamManager.flush,flushBuffer
OutputStreamManager.flush,flushDestination
OutputStreamManager.closeOutputStream,flush
OutputStreamManager.closeOutputStream,close
OutputStreamManager.closeOutputStream,debug
OutputStreamManager.closeOutputStream,logError
OutputStreamManager.drain,flushBuffer
FailoversPlugin.createFailovers,error
FailoversPlugin.createFailovers,getRef
ConfigurationFactoryData.getLoggerContext,getLoggerContext
RollingRandomAccessFileAppender.build,getName
RollingRandomAccessFileAppender.build,error
RollingRandomAccessFileAppender.build,newBuilder
RollingRandomAccessFileAppender.build,setCompressionLevelStr
RollingRandomAccessFileAppender.build,valueOf
RollingRandomAccessFileAppender.build,setConfig
RollingRandomAccessFileAppender.build,getConfiguration
RollingRandomAccessFileAppender.build,build
RollingRandomAccessFileAppender.build,getOrCreateLayout
RollingRandomAccessFileAppender.build,isImmediateFlush
RollingRandomAccessFileAppender.build,getBufferSize
RollingRandomAccessFileAppender.build,getRollingRandomAccessFileManager
RollingRandomAccessFileAppender.build,initialize
RollingRandomAccessFileAppender.build,getFilter
RollingRandomAccessFileAppender.build,isIgnoreExceptions
RollingRandomAccessFileAppender.build,getAdvertiser
RollingRandomAccessFileAppender.build,getPropertyArray
RollingRandomAccessFileAppender.setFileName,asBuilder
RollingRandomAccessFileAppender.setFilePattern,asBuilder
RollingRandomAccessFileAppender.setAppend,asBuilder
RollingRandomAccessFileAppender.setPolicy,asBuilder
RollingRandomAccessFileAppender.setStrategy,asBuilder
RollingRandomAccessFileAppender.setAdvertise,asBuilder
RollingRandomAccessFileAppender.setAdvertiseURI,asBuilder
RollingRandomAccessFileAppender.setFilePermissions,asBuilder
RollingRandomAccessFileAppender.setFileOwner,asBuilder
RollingRandomAccessFileAppender.setFileGroup,asBuilder
RollingRandomAccessFileAppender.withFileName,asBuilder
RollingRandomAccessFileAppender.withFilePattern,asBuilder
RollingRandomAccessFileAppender.withAppend,asBuilder
RollingRandomAccessFileAppender.withPolicy,asBuilder
RollingRandomAccessFileAppender.withStrategy,asBuilder
RollingRandomAccessFileAppender.withAdvertise,asBuilder
RollingRandomAccessFileAppender.withAdvertiseURI,asBuilder
RollingRandomAccessFileAppender.withFilePermissions,asBuilder
RollingRandomAccessFileAppender.withFileOwner,asBuilder
RollingRandomAccessFileAppender.withFileGroup,asBuilder
RollingRandomAccessFileAppender.stop,setStopping
RollingRandomAccessFileAppender.stop,unadvertise
RollingRandomAccessFileAppender.stop,setStopped
RollingRandomAccessFileAppender.append,getManager
RollingRandomAccessFileAppender.append,checkRollover
RollingRandomAccessFileAppender.getBufferSize,getManager
RollingRandomAccessFileAppender.getBufferSize,getBufferSize
RollingRandomAccessFileAppender.createAppender,parseBoolean
RollingRandomAccessFileAppender.createAppender,parseInt
RollingRandomAccessFileAppender.createAppender,RollingRandomAccessFileAppender
RollingRandomAccessFileAppender.createAppender,setAdvertise
RollingRandomAccessFileAppender.createAppender,setAdvertiseURI
RollingRandomAccessFileAppender.createAppender,setAppend
RollingRandomAccessFileAppender.createAppender,setBufferSize
RollingRandomAccessFileAppender.createAppender,setConfiguration
RollingRandomAccessFileAppender.createAppender,setFileName
RollingRandomAccessFileAppender.createAppender,setFilePattern
RollingRandomAccessFileAppender.createAppender,setFilter
RollingRandomAccessFileAppender.createAppender,setIgnoreExceptions
RollingRandomAccessFileAppender.createAppender,setImmediateFlush
RollingRandomAccessFileAppender.createAppender,setLayout
RollingRandomAccessFileAppender.createAppender,setName
RollingRandomAccessFileAppender.createAppender,setPolicy
RollingRandomAccessFileAppender.createAppender,setStrategy
RollingRandomAccessFileAppender.createAppender,build
RollingRandomAccessFileAppender.newBuilder,asBuilder
Builder.setFilePattern,asBuilder
Builder.setPolicy,asBuilder
Builder.setStrategy,asBuilder
Builder.setAdvertiseURI,asBuilder
Builder.withFilePattern,asBuilder
Builder.withPolicy,asBuilder
Builder.withStrategy,asBuilder
Builder.withAdvertiseURI,asBuilder
AbstractOutputStreamAppender.setImmediateFlush,asBuilder
AbstractOutputStreamAppender.setBufferedIo,asBuilder
AbstractOutputStreamAppender.setBufferSize,asBuilder
AbstractOutputStreamAppender.withImmediateFlush,asBuilder
AbstractOutputStreamAppender.withBufferedIo,asBuilder
AbstractOutputStreamAppender.withBufferSize,asBuilder
AbstractOutputStreamAppender.start,getLayout
AbstractOutputStreamAppender.start,error
AbstractOutputStreamAppender.start,getName
AbstractOutputStreamAppender.stop,stop
AbstractOutputStreamAppender.stop,setStopped
AbstractOutputStreamAppender.stop,debug
AbstractOutputStreamAppender.stop,getName
AbstractOutputStreamAppender.append,tryAppend
AbstractOutputStreamAppender.append,error
AbstractOutputStreamAppender.append,getName
AbstractOutputStreamAppender.tryAppend,directEncodeEvent
AbstractOutputStreamAppender.tryAppend,writeByteArrayToManager
AbstractOutputStreamAppender.directEncodeEvent,getLayout
AbstractOutputStreamAppender.directEncodeEvent,encode
AbstractOutputStreamAppender.directEncodeEvent,isEndOfBatch
AbstractOutputStreamAppender.directEncodeEvent,flush
AbstractOutputStreamAppender.writeByteArrayToManager,getLayout
AbstractOutputStreamAppender.writeByteArrayToManager,toByteArray
AbstractOutputStreamAppender.writeByteArrayToManager,write
AbstractOutputStreamAppender.writeByteArrayToManager,isEndOfBatch
Builder.setImmediateFlush,asBuilder
Builder.setBufferedIo,asBuilder
Builder.withImmediateFlush,asBuilder
Builder.withBufferedIo,asBuilder
Builder.withBufferSize,asBuilder
AsyncAppenderEventDispatcher.getAppenders,stream
AsyncAppenderEventDispatcher.getAppenders,map
AsyncAppenderEventDispatcher.getAppenders,collect
AsyncAppenderEventDispatcher.getAppenders,toList
AsyncAppenderEventDispatcher.run,trace
AsyncAppenderEventDispatcher.run,getName
AsyncAppenderEventDispatcher.run,dispatchAll
AsyncAppenderEventDispatcher.run,dispatchRemaining
AsyncAppenderEventDispatcher.dispatchAll,get
AsyncAppenderEventDispatcher.dispatchAll,take
AsyncAppenderEventDispatcher.dispatchAll,interrupt
AsyncAppenderEventDispatcher.dispatchAll,setEndOfBatch
AsyncAppenderEventDispatcher.dispatchAll,isEmpty
AsyncAppenderEventDispatcher.dispatchAll,dispatch
AsyncAppenderEventDispatcher.dispatchAll,trace
AsyncAppenderEventDispatcher.dispatchAll,getName
AsyncAppenderEventDispatcher.dispatchRemaining,poll
AsyncAppenderEventDispatcher.dispatchRemaining,setEndOfBatch
AsyncAppenderEventDispatcher.dispatchRemaining,isEmpty
AsyncAppenderEventDispatcher.dispatchRemaining,dispatch
AsyncAppenderEventDispatcher.dispatchRemaining,trace
AsyncAppenderEventDispatcher.dispatchRemaining,getName
AsyncAppenderEventDispatcher.dispatch,size
AsyncAppenderEventDispatcher.dispatch,get
AsyncAppenderEventDispatcher.dispatch,callAppender
AsyncAppenderEventDispatcher.dispatch,trace
AsyncAppenderEventDispatcher.dispatch,getName
AsyncAppenderEventDispatcher.dispatch,getAppenderName
AsyncAppenderEventDispatcher.stop,compareAndSet
AsyncAppenderEventDispatcher.stop,trace
AsyncAppenderEventDispatcher.stop,getName
AsyncAppenderEventDispatcher.stop,equals
AsyncAppenderEventDispatcher.stop,getState
AsyncAppenderEventDispatcher.stop,offer
AsyncAppenderEventDispatcher.stop,interrupt
AsyncAppenderEventDispatcher.stop,join
AppenderSet.build,error
AppenderSet.build,getChildren
AppenderSet.build,size
AppenderSet.build,getAttributes
AppenderSet.build,get
AppenderSet.build,put
AppenderSet.toString,getClass
AppenderSet.toString,getName
AppenderSet.createAppender,get
AppenderSet.createAppender,error
AppenderSet.createAppender,getAttributes
AppenderSet.createAppender,put
AppenderSet.createAppender,getType
AppenderSet.createAppender,getElementName
AppenderSet.createAppender,equals
AppenderSet.createAppender,createConfiguration
AppenderSet.createAppender,getObject
AppenderSet.createAppender,start
AppenderSet.createAppender,getName
ScriptAppenderSelector.build,error
ScriptAppenderSelector.build,getScriptManager
ScriptAppenderSelector.build,addScript
ScriptAppenderSelector.build,createBindings
ScriptAppenderSelector.build,debug
ScriptAppenderSelector.build,getLanguage
ScriptAppenderSelector.build,getId
ScriptAppenderSelector.build,getScriptText
ScriptAppenderSelector.build,execute
ScriptAppenderSelector.build,toString
ScriptAppenderSelector.build,createAppender
HttpURLConnectionManager.send,openConnection
HttpURLConnectionManager.send,setAllowUserInteraction
HttpURLConnectionManager.send,setDoOutput
HttpURLConnectionManager.send,setDoInput
HttpURLConnectionManager.send,setRequestMethod
HttpURLConnectionManager.send,setConnectTimeout
HttpURLConnectionManager.send,setReadTimeout
HttpURLConnectionManager.send,getContentType
HttpURLConnectionManager.send,setRequestProperty
HttpURLConnectionManager.send,getName
HttpURLConnectionManager.send,evaluate
HttpURLConnectionManager.send,getConfiguration
HttpURLConnectionManager.send,getStrSubstitutor
HttpURLConnectionManager.send,getSslContext
HttpURLConnectionManager.send,toByteArray
HttpURLConnectionManager.send,setFixedLengthStreamingMode
HttpURLConnectionManager.send,connect
HttpURLConnectionManager.send,getOutputStream
HttpURLConnectionManager.send,write
HttpURLConnectionManager.send,getInputStream
HttpURLConnectionManager.send,read
HttpURLConnectionManager.send,getErrorStream
HttpURLConnectionManager.send,append
HttpURLConnectionManager.send,getResponseCode
HttpURLConnectionManager.send,getResponseMessage
HttpURLConnectionManager.send,toString
AbstractAppender.getOrCreateLayout,createDefaultLayout
AbstractAppender.getOrCreateLayout,newBuilder
AbstractAppender.getOrCreateLayout,setCharset
AbstractAppender.getOrCreateLayout,setConfiguration
AbstractAppender.getOrCreateLayout,build
AbstractAppender.setConfiguration,asBuilder
AbstractAppender.setIgnoreExceptions,asBuilder
AbstractAppender.setLayout,asBuilder
AbstractAppender.setName,asBuilder
AbstractAppender.withConfiguration,asBuilder
AbstractAppender.withIgnoreExceptions,setIgnoreExceptions
AbstractAppender.withLayout,setLayout
AbstractAppender.withName,setName
AbstractAppender.getErrorPrefix,getClass
AbstractAppender.getErrorPrefix,getEnclosingClass
AbstractAppender.getErrorPrefix,getName
AbstractAppender.getErrorPrefix,getSimpleName
AbstractAppender.getErrorPrefix,append
AbstractAppender.getErrorPrefix,toString
AbstractAppender.parseInt,parseInt
AbstractAppender.parseInt,error
AbstractAppender.error,error
AbstractAppender.setHandler,error
AbstractAppender.toSerializable,toSerializable
Builder.getOrCreateLayout,createDefaultLayout
Builder.getOrCreateLayout,newBuilder
Builder.getOrCreateLayout,setCharset
Builder.getOrCreateLayout,setConfiguration
Builder.getOrCreateLayout,build
Builder.setConfiguration,asBuilder
Builder.setIgnoreExceptions,asBuilder
Builder.setLayout,asBuilder
Builder.setName,asBuilder
Builder.withConfiguration,asBuilder
Builder.withIgnoreExceptions,setIgnoreExceptions
Builder.withLayout,setLayout
Builder.withName,setName
Builder.getErrorPrefix,getClass
Builder.getErrorPrefix,getEnclosingClass
Builder.getErrorPrefix,getName
Builder.getErrorPrefix,getSimpleName
Builder.getErrorPrefix,append
Builder.getErrorPrefix,toString
MemoryMappedFileAppender.build,getName
MemoryMappedFileAppender.build,determineValidRegionLength
MemoryMappedFileAppender.build,error
MemoryMappedFileAppender.build,getOrCreateLayout
MemoryMappedFileAppender.build,getFileManager
MemoryMappedFileAppender.build,isImmediateFlush
MemoryMappedFileAppender.build,getFilter
MemoryMappedFileAppender.build,isIgnoreExceptions
MemoryMappedFileAppender.build,getConfiguration
MemoryMappedFileAppender.build,getAdvertiser
MemoryMappedFileAppender.build,getPropertyArray
MemoryMappedFileAppender.setFileName,asBuilder
MemoryMappedFileAppender.setAppend,asBuilder
MemoryMappedFileAppender.setRegionLength,asBuilder
MemoryMappedFileAppender.setAdvertise,asBuilder
MemoryMappedFileAppender.setAdvertiseURI,asBuilder
MemoryMappedFileAppender.stop,setStopping
MemoryMappedFileAppender.stop,unadvertise
MemoryMappedFileAppender.stop,setStopped
MemoryMappedFileAppender.getRegionLength,getManager
MemoryMappedFileAppender.getRegionLength,getRegionLength
MemoryMappedFileAppender.createAppender,parseBoolean
MemoryMappedFileAppender.createAppender,parseInt
MemoryMappedFileAppender.createAppender,MemoryMappedFileAppender
MemoryMappedFileAppender.createAppender,setAdvertise
MemoryMappedFileAppender.createAppender,setAdvertiseURI
MemoryMappedFileAppender.createAppender,setAppend
MemoryMappedFileAppender.createAppender,setConfiguration
MemoryMappedFileAppender.createAppender,setFileName
MemoryMappedFileAppender.createAppender,setFilter
MemoryMappedFileAppender.createAppender,setIgnoreExceptions
MemoryMappedFileAppender.createAppender,setImmediateFlush
MemoryMappedFileAppender.createAppender,setLayout
MemoryMappedFileAppender.createAppender,setName
MemoryMappedFileAppender.createAppender,setRegionLength
MemoryMappedFileAppender.createAppender,build
MemoryMappedFileAppender.newBuilder,asBuilder
MemoryMappedFileAppender.determineValidRegionLength,info
MemoryMappedFileAppender.determineValidRegionLength,ceilingNextPowerOfTwo
Builder.setRegionLength,asBuilder
DefaultErrorHandler.error,acquirePermit
DefaultErrorHandler.error,error
DefaultErrorHandler.error,ignoreExceptions
DefaultErrorHandler.acquirePermit,nanoTime
FileAppender.build,isValid
FileAppender.build,isBufferedIo
FileAppender.build,getBufferSize
FileAppender.build,warn
FileAppender.build,getOrCreateLayout
FileAppender.build,getFileManager
FileAppender.build,getConfiguration
FileAppender.build,getName
FileAppender.build,getFilter
FileAppender.build,isIgnoreExceptions
FileAppender.build,isImmediateFlush
FileAppender.build,getAdvertiser
FileAppender.build,getPropertyArray
FileAppender.setAdvertise,asBuilder
FileAppender.setAdvertiseUri,asBuilder
FileAppender.setAppend,asBuilder
FileAppender.setFileName,asBuilder
FileAppender.setCreateOnDemand,asBuilder
FileAppender.setLocking,asBuilder
FileAppender.setFilePermissions,asBuilder
FileAppender.setFileOwner,asBuilder
FileAppender.setFileGroup,asBuilder
FileAppender.withAdvertise,asBuilder
FileAppender.withAdvertiseUri,asBuilder
FileAppender.withAppend,asBuilder
FileAppender.withFileName,asBuilder
FileAppender.withCreateOnDemand,asBuilder
FileAppender.withLocking,asBuilder
FileAppender.withFilePermissions,asBuilder
FileAppender.withFileOwner,asBuilder
FileAppender.withFileGroup,asBuilder
FileAppender.createAppender,FileAppender
FileAppender.createAppender,setAdvertise
FileAppender.createAppender,parseBoolean
FileAppender.createAppender,setAdvertiseUri
FileAppender.createAppender,setAppend
FileAppender.createAppender,setBufferedIo
FileAppender.createAppender,setBufferSize
FileAppender.createAppender,parseInt
FileAppender.createAppender,setConfiguration
FileAppender.createAppender,setFileName
FileAppender.createAppender,setFilter
FileAppender.createAppender,setIgnoreExceptions
FileAppender.createAppender,setImmediateFlush
FileAppender.createAppender,setLayout
FileAppender.createAppender,setLocking
FileAppender.createAppender,setName
FileAppender.createAppender,build
FileAppender.newBuilder,asBuilder
FileAppender.stop,setStopping
FileAppender.stop,unadvertise
FileAppender.stop,setStopped
MemoryMappedFileManager.getFileManager,narrow
MemoryMappedFileManager.getFileManager,getManager
MemoryMappedFileManager.getFileManager,delete
MemoryMappedFileManager.getFileManager,exists
MemoryMappedFileManager.getFileManager,getInstance
MemoryMappedFileManager.getFileManager,makeParentDirs
MemoryMappedFileManager.getFileManager,length
MemoryMappedFileManager.getFileManager,setLength
MemoryMappedFileManager.getFileManager,error
MemoryMappedFileManager.getFileManager,closeSilently
MemoryMappedFileManager.write,remaining
MemoryMappedFileManager.write,put
MemoryMappedFileManager.write,remap
MemoryMappedFileManager.remap,position
MemoryMappedFileManager.remap,remaining
MemoryMappedFileManager.remap,unsafeUnmap
MemoryMappedFileManager.remap,length
MemoryMappedFileManager.remap,debug
MemoryMappedFileManager.remap,getClass
MemoryMappedFileManager.remap,getSimpleName
MemoryMappedFileManager.remap,getName
MemoryMappedFileManager.remap,getFileName
MemoryMappedFileManager.remap,nanoTime
MemoryMappedFileManager.remap,setLength
MemoryMappedFileManager.remap,mmap
MemoryMappedFileManager.remap,getChannel
MemoryMappedFileManager.remap,logError
MemoryMappedFileManager.flush,force
MemoryMappedFileManager.closeOutputStream,position
MemoryMappedFileManager.closeOutputStream,unsafeUnmap
MemoryMappedFileManager.closeOutputStream,logError
MemoryMappedFileManager.closeOutputStream,debug
MemoryMappedFileManager.closeOutputStream,getFileName
MemoryMappedFileManager.closeOutputStream,setLength
MemoryMappedFileManager.closeOutputStream,close
MemoryMappedFileManager.mmap,debug
MemoryMappedFileManager.mmap,nanoTime
MemoryMappedFileManager.mmap,map
MemoryMappedFileManager.mmap,order
MemoryMappedFileManager.mmap,nativeOrder
MemoryMappedFileManager.mmap,getMessage
MemoryMappedFileManager.mmap,endsWith
MemoryMappedFileManager.mmap,yield
MemoryMappedFileManager.mmap,sleep
MemoryMappedFileManager.mmap,currentThread
MemoryMappedFileManager.mmap,interrupt
MemoryMappedFileManager.unsafeUnmap,debug
MemoryMappedFileManager.unsafeUnmap,nanoTime
MemoryMappedFileManager.unsafeUnmap,clean
MemoryMappedFileManager.getFileName,getName
MemoryMappedFileManager.getContentFormat,put
MemoryMappedFileManager.drain,remap
AsyncAppender.start,getAppenders
AsyncAppender.start,get
AsyncAppender.start,getRef
AsyncAppender.start,add
AsyncAppender.start,getLevel
AsyncAppender.start,getFilter
AsyncAppender.start,error
AsyncAppender.start,size
AsyncAppender.start,getName
AsyncAppender.start,create
AsyncAppender.start,start
AsyncAppender.stop,setStopping
AsyncAppender.stop,trace
AsyncAppender.stop,size
AsyncAppender.stop,stop
AsyncAppender.stop,currentThread
AsyncAppender.stop,interrupt
AsyncAppender.stop,warn
AsyncAppender.stop,getName
AsyncAppender.stop,getDiscardCount
AsyncAppender.stop,setStopped
AsyncAppender.append,isStarted
AsyncAppender.append,getName
AsyncAppender.append,createMemento
AsyncAppender.append,makeMessageImmutable
AsyncAppender.append,getMessage
AsyncAppender.append,transfer
AsyncAppender.append,getRecursionDepth
AsyncAppender.append,logWarningToStatusLogger
AsyncAppender.append,logMessageInCurrentThread
AsyncAppender.append,getRoute
AsyncAppender.append,getId
AsyncAppender.append,getLevel
AsyncAppender.append,logMessage
AsyncAppender.append,error
AsyncAppender.append,logToErrorAppenderIfNecessary
AsyncAppender.transfer,offer
AsyncAppender.logMessageInCurrentThread,setEndOfBatch
AsyncAppender.logMessageInCurrentThread,isEmpty
AsyncAppender.logMessageInCurrentThread,dispatch
AsyncAppender.logMessageInBackgroundThread,put
AsyncAppender.logMessageInBackgroundThread,handleInterruptedException
AsyncAppender.logMessageInBackgroundThread,logToErrorAppenderIfNecessary
AsyncAppender.handleInterruptedException,offer
AsyncAppender.handleInterruptedException,warn
AsyncAppender.handleInterruptedException,getName
AsyncAppender.handleInterruptedException,currentThread
AsyncAppender.handleInterruptedException,interrupt
AsyncAppender.logToErrorAppenderIfNecessary,callAppender
AsyncAppender.createAppender,error
AsyncAppender.build,getFilter
AsyncAppender.build,getPropertyArray
AsyncAppender.getAppenderRefStrings,getRef
AsyncAppender.getAppenders,getAppenders
AsyncAppender.getQueueRemainingCapacity,remainingCapacity
AsyncAppender.getQueueSize,size
AsyncAppender.requiresLocation,getAppenders
AsyncAppender.requiresLocation,getAppender
RandomAccessFileAppender.build,getName
RandomAccessFileAppender.build,error
RandomAccessFileAppender.build,getOrCreateLayout
RandomAccessFileAppender.build,isImmediateFlush
RandomAccessFileAppender.build,getFileManager
RandomAccessFileAppender.build,getBufferSize
RandomAccessFileAppender.build,getFilter
RandomAccessFileAppender.build,isIgnoreExceptions
RandomAccessFileAppender.build,getConfiguration
RandomAccessFileAppender.build,getAdvertiser
RandomAccessFileAppender.build,getPropertyArray
RandomAccessFileAppender.setFileName,asBuilder
RandomAccessFileAppender.setAppend,asBuilder
RandomAccessFileAppender.setAdvertise,asBuilder
RandomAccessFileAppender.setAdvertiseURI,asBuilder
RandomAccessFileAppender.stop,setStopping
RandomAccessFileAppender.stop,unadvertise
RandomAccessFileAppender.stop,setStopped
RandomAccessFileAppender.getBufferSize,getManager
RandomAccessFileAppender.getBufferSize,getBufferSize
RandomAccessFileAppender.createAppender,parseBoolean
RandomAccessFileAppender.createAppender,parseInt
RandomAccessFileAppender.createAppender,RandomAccessFileAppender
RandomAccessFileAppender.createAppender,setAdvertise
RandomAccessFileAppender.createAppender,setAdvertiseURI
RandomAccessFileAppender.createAppender,setAppend
RandomAccessFileAppender.createAppender,setBufferSize
RandomAccessFileAppender.createAppender,setConfiguration
RandomAccessFileAppender.createAppender,setFileName
RandomAccessFileAppender.createAppender,setFilter
RandomAccessFileAppender.createAppender,setIgnoreExceptions
RandomAccessFileAppender.createAppender,setImmediateFlush
RandomAccessFileAppender.createAppender,setLayout
RandomAccessFileAppender.createAppender,setName
RandomAccessFileAppender.createAppender,build
RandomAccessFileAppender.newBuilder,asBuilder
SyslogAppender.build,getProtocol
SyslogAppender.build,getSslConfiguration
SyslogAppender.build,getConfiguration
SyslogAppender.build,getLayout
SyslogAppender.build,equalsIgnoreCase
SyslogAppender.build,setFacility
SyslogAppender.build,setId
SyslogAppender.build,setEin
SyslogAppender.build,setIncludeMDC
SyslogAppender.build,setMdcId
SyslogAppender.build,setMdcPrefix
SyslogAppender.build,setEventPrefix
SyslogAppender.build,setIncludeNL
SyslogAppender.build,setEscapeNL
SyslogAppender.build,setAppName
SyslogAppender.build,setMessageId
SyslogAppender.build,setExcludes
SyslogAppender.build,setIncludes
SyslogAppender.build,setRequired
SyslogAppender.build,setExceptionPattern
SyslogAppender.build,setUseTLSMessageFormat
SyslogAppender.build,setLoggerFields
SyslogAppender.build,setConfiguration
SyslogAppender.build,build
SyslogAppender.build,newBuilder
SyslogAppender.build,setIncludeNewLine
SyslogAppender.build,setCharset
SyslogAppender.build,getName
SyslogAppender.build,error
SyslogAppender.build,createSocketManager
SyslogAppender.build,getHost
SyslogAppender.build,getPort
SyslogAppender.build,getConnectTimeoutMillis
SyslogAppender.build,getReconnectDelayMillis
SyslogAppender.build,getImmediateFail
SyslogAppender.build,getSocketOptions
SyslogAppender.build,getFilter
SyslogAppender.build,isIgnoreExceptions
SyslogAppender.build,isImmediateFlush
SyslogAppender.build,getAdvertise
SyslogAppender.build,getAdvertiser
SyslogAppender.setFacility,asBuilder
SyslogAppender.setId,asBuilder
SyslogAppender.setEnterpriseNumber,asBuilder
SyslogAppender.setEnterpriseNumber,valueOf
SyslogAppender.setIncludeMdc,asBuilder
SyslogAppender.setMdcId,asBuilder
SyslogAppender.setMdcPrefix,asBuilder
SyslogAppender.setEventPrefix,asBuilder
SyslogAppender.setNewLine,asBuilder
SyslogAppender.setEscapeNL,asBuilder
SyslogAppender.setAppName,asBuilder
SyslogAppender.setMsgId,asBuilder
SyslogAppender.setExcludes,asBuilder
SyslogAppender.setIncludes,asBuilder
SyslogAppender.setRequired,asBuilder
SyslogAppender.setFormat,asBuilder
SyslogAppender.setCharsetName,asBuilder
SyslogAppender.setExceptionPattern,asBuilder
SyslogAppender.setLoggerFields,asBuilder
SyslogAppender.createAppender,SyslogAppender
SyslogAppender.createAppender,setHost
SyslogAppender.createAppender,setPort
SyslogAppender.createAppender,setProtocol
SyslogAppender.createAppender,valueOf
SyslogAppender.createAppender,setSslConfiguration
SyslogAppender.createAppender,setConnectTimeoutMillis
SyslogAppender.createAppender,setReconnectDelayMillis
SyslogAppender.createAppender,setImmediateFail
SyslogAppender.createAppender,setName
SyslogAppender.createAppender,setImmediateFlush
SyslogAppender.createAppender,setIgnoreExceptions
SyslogAppender.createAppender,setFilter
SyslogAppender.createAppender,setConfiguration
SyslogAppender.createAppender,setAdvertise
SyslogAppender.createAppender,setFacility
SyslogAppender.createAppender,setId
SyslogAppender.createAppender,setEnterpriseNumber
SyslogAppender.createAppender,setIncludeMdc
SyslogAppender.createAppender,setMdcId
SyslogAppender.createAppender,setMdcPrefix
SyslogAppender.createAppender,setEventPrefix
SyslogAppender.createAppender,setNewLine
SyslogAppender.createAppender,setAppName
SyslogAppender.createAppender,setMsgId
SyslogAppender.createAppender,setExcludes
SyslogAppender.createAppender,setRequired
SyslogAppender.createAppender,setFormat
SyslogAppender.createAppender,setCharsetName
SyslogAppender.createAppender,setExceptionPattern
SyslogAppender.createAppender,setLoggerFields
SyslogAppender.createAppender,build
SyslogAppender.newSyslogAppenderBuilder,asBuilder
Builder.setId,asBuilder
Builder.setEnterpriseNumber,asBuilder
Builder.setEnterpriseNumber,valueOf
Builder.setIncludeMdc,asBuilder
Builder.setMdcId,asBuilder
Builder.setMdcPrefix,asBuilder
Builder.setEventPrefix,asBuilder
Builder.setNewLine,asBuilder
Builder.setEscapeNL,asBuilder
Builder.setAppName,asBuilder
Builder.setMsgId,asBuilder
Builder.setExcludes,asBuilder
Builder.setIncludes,asBuilder
Builder.setRequired,asBuilder
Builder.setFormat,asBuilder
Builder.setCharsetName,asBuilder
Builder.setExceptionPattern,asBuilder
Builder.setLoggerFields,asBuilder
AbstractWriterAppender.append,lock
AbstractWriterAppender.append,getStringLayout
AbstractWriterAppender.append,toSerializable
AbstractWriterAppender.append,length
AbstractWriterAppender.append,write
AbstractWriterAppender.append,isEndOfBatch
AbstractWriterAppender.append,flush
AbstractWriterAppender.append,error
AbstractWriterAppender.append,getName
AbstractWriterAppender.append,unlock
AbstractWriterAppender.getStringLayout,getLayout
AbstractWriterAppender.start,getLayout
AbstractWriterAppender.start,error
AbstractWriterAppender.start,getName
AbstractWriterAppender.stop,setStopping
AbstractWriterAppender.stop,stop
AbstractWriterAppender.stop,setStopped
TlsSyslogFrame.toString,toString
TlsSyslogFrame.hashCode,hashCode
TlsSyslogFrame.equals,equals
FileManager.getFileManager,narrow
FileManager.getFileManager,getManager
FileManager.getFileManager,requireNonNull
FileManager.getFileManager,makeParentDirs
FileManager.getFileManager,exists
FileManager.getFileManager,allocate
FileManager.getFileManager,getLoggerContext
FileManager.getFileManager,defineAttributeView
FileManager.getFileManager,toPath
FileManager.getFileManager,error
FileManager.createOutputStream,getFileName
FileManager.createOutputStream,debug
FileManager.createOutputStream,createParentDir
FileManager.createOutputStream,exists
FileManager.createOutputStream,length
FileManager.createOutputStream,fromMillis
FileManager.createOutputStream,currentTimeMillis
FileManager.createOutputStream,setAttribute
FileManager.createOutputStream,toPath
FileManager.createOutputStream,warn
FileManager.createOutputStream,writeHeader
FileManager.createOutputStream,defineAttributeView
FileManager.createOutputStream,get
FileManager.defineAttributeView,toFile
FileManager.defineAttributeView,createNewFile
FileManager.defineAttributeView,defineFilePosixAttributeView
FileManager.defineAttributeView,error
FileManager.defineAttributeView,getMessage
FileManager.write,getOutputStream
FileManager.write,lock
FileManager.write,getName
FileManager.writeToDestination,getOutputStream
FileManager.writeToDestination,lock
FileManager.writeToDestination,getName
FileManager.getFileName,getName
FileManager.getContentFormat,put
FailoverAppender.start,getAppenders
FailoverAppender.start,get
FailoverAppender.start,error
FailoverAppender.start,add
FailoverAppender.start,isEmpty
FailoverAppender.append,isStarted
FailoverAppender.append,error
FailoverAppender.append,getName
FailoverAppender.append,nanoTime
FailoverAppender.append,callAppender
FailoverAppender.append,failover
FailoverAppender.callAppender,callAppender
FailoverAppender.callAppender,nanoTime
FailoverAppender.callAppender,failover
FailoverAppender.failover,callAppender
FailoverAppender.failover,ignoreExceptions
FailoverAppender.toString,getName
FailoverAppender.toString,append
FailoverAppender.toString,toString
FailoverAppender.createAppender,error
FailoverAppender.createAppender,parseInt
FailoverAppender.createAppender,warn
FailoverAppender.createAppender,parseBoolean
FailoverAppender.requiresLocation,getAppender
RollingFileAppender.build,isValid
RollingFileAppender.build,isBufferedIo
RollingFileAppender.build,getBufferSize
RollingFileAppender.build,warn
RollingFileAppender.build,getName
RollingFileAppender.build,newBuilder
RollingFileAppender.build,setCompressionLevelStr
RollingFileAppender.build,valueOf
RollingFileAppender.build,setConfig
RollingFileAppender.build,getConfiguration
RollingFileAppender.build,build
RollingFileAppender.build,error
RollingFileAppender.build,getSimpleName
RollingFileAppender.build,getOrCreateLayout
RollingFileAppender.build,getFileManager
RollingFileAppender.build,isImmediateFlush
RollingFileAppender.build,initialize
RollingFileAppender.build,getFilter
RollingFileAppender.build,isIgnoreExceptions
RollingFileAppender.build,getAdvertiser
RollingFileAppender.build,getPropertyArray
RollingFileAppender.setAdvertise,asBuilder
RollingFileAppender.setAdvertiseUri,asBuilder
RollingFileAppender.setAppend,asBuilder
RollingFileAppender.setFileName,asBuilder
RollingFileAppender.setCreateOnDemand,asBuilder
RollingFileAppender.setLocking,asBuilder
RollingFileAppender.withAdvertise,asBuilder
RollingFileAppender.withAdvertiseUri,asBuilder
RollingFileAppender.withAppend,asBuilder
RollingFileAppender.withFileName,asBuilder
RollingFileAppender.withCreateOnDemand,asBuilder
RollingFileAppender.withLocking,asBuilder
RollingFileAppender.setFilePattern,asBuilder
RollingFileAppender.setPolicy,asBuilder
RollingFileAppender.setStrategy,asBuilder
RollingFileAppender.setFilePermissions,asBuilder
RollingFileAppender.setFileOwner,asBuilder
RollingFileAppender.setFileGroup,asBuilder
RollingFileAppender.withFilePattern,asBuilder
RollingFileAppender.withPolicy,asBuilder
RollingFileAppender.withStrategy,asBuilder
RollingFileAppender.withFilePermissions,asBuilder
RollingFileAppender.withFileOwner,asBuilder
RollingFileAppender.withFileGroup,asBuilder
RollingFileAppender.stop,setStopping
RollingFileAppender.stop,unadvertise
RollingFileAppender.stop,setStopped
RollingFileAppender.append,getManager
RollingFileAppender.append,checkRollover
RollingFileAppender.getTriggeringPolicy,getManager
RollingFileAppender.getTriggeringPolicy,getTriggeringPolicy
RollingFileAppender.createAppender,parseInt
RollingFileAppender.createAppender,RollingFileAppender
RollingFileAppender.createAppender,setAdvertise
RollingFileAppender.createAppender,parseBoolean
RollingFileAppender.createAppender,setAdvertiseUri
RollingFileAppender.createAppender,setAppend
RollingFileAppender.createAppender,setBufferedIo
RollingFileAppender.createAppender,setBufferSize
RollingFileAppender.createAppender,setConfiguration
RollingFileAppender.createAppender,setFileName
RollingFileAppender.createAppender,setFilePattern
RollingFileAppender.createAppender,setFilter
RollingFileAppender.createAppender,setIgnoreExceptions
RollingFileAppender.createAppender,setImmediateFlush
RollingFileAppender.createAppender,setLayout
RollingFileAppender.createAppender,setCreateOnDemand
RollingFileAppender.createAppender,setLocking
RollingFileAppender.createAppender,setName
RollingFileAppender.createAppender,setPolicy
RollingFileAppender.createAppender,setStrategy
RollingFileAppender.createAppender,build
RollingFileAppender.newBuilder,asBuilder
SocketAppender.setAdvertise,asBuilder
SocketAppender.setConnectTimeoutMillis,asBuilder
SocketAppender.setHost,asBuilder
SocketAppender.setImmediateFail,asBuilder
SocketAppender.setPort,asBuilder
SocketAppender.setProtocol,asBuilder
SocketAppender.setReconnectDelayMillis,asBuilder
SocketAppender.setSocketOptions,asBuilder
SocketAppender.setSslConfiguration,asBuilder
SocketAppender.withAdvertise,asBuilder
SocketAppender.withConnectTimeoutMillis,asBuilder
SocketAppender.withHost,asBuilder
SocketAppender.withImmediateFail,asBuilder
SocketAppender.withPort,asBuilder
SocketAppender.withProtocol,asBuilder
SocketAppender.withReconnectDelayMillis,asBuilder
SocketAppender.withSocketOptions,asBuilder
SocketAppender.withSslConfiguration,asBuilder
SocketAppender.build,isImmediateFlush
SocketAppender.build,isBufferedIo
SocketAppender.build,getLayout
SocketAppender.build,error
SocketAppender.build,getName
SocketAppender.build,getProtocol
SocketAppender.build,createSocketManager
SocketAppender.build,getHost
SocketAppender.build,getPort
SocketAppender.build,getConnectTimeoutMillis
SocketAppender.build,getSslConfiguration
SocketAppender.build,getReconnectDelayMillis
SocketAppender.build,getImmediateFail
SocketAppender.build,getBufferSize
SocketAppender.build,getSocketOptions
SocketAppender.build,getFilter
SocketAppender.build,isIgnoreExceptions
SocketAppender.build,getAdvertise
SocketAppender.build,getConfiguration
SocketAppender.build,getAdvertiser
SocketAppender.build,getPropertyArray
SocketAppender.stop,setStopping
SocketAppender.stop,unadvertise
SocketAppender.stop,setStopped
SocketAppender.createAppender,newBuilder
SocketAppender.createAppender,setAdvertise
SocketAppender.createAppender,setConfiguration
SocketAppender.createAppender,setConnectTimeoutMillis
SocketAppender.createAppender,setFilter
SocketAppender.createAppender,setHost
SocketAppender.createAppender,setIgnoreExceptions
SocketAppender.createAppender,setImmediateFail
SocketAppender.createAppender,setLayout
SocketAppender.createAppender,setName
SocketAppender.createAppender,setPort
SocketAppender.createAppender,setProtocol
SocketAppender.createAppender,setReconnectDelayMillis
SocketAppender.createAppender,setSslConfiguration
SocketAppender.createAppender,build
SocketAppender.createAppender,parseBoolean
SocketAppender.createAppender,parseInt
SocketAppender.createAppender,valueOf
SocketAppender.createAppender,createAppender
SocketAppender.createSocketManager,createSocketManager
SocketAppender.createSocketManager,info
SocketAppender.createSocketManager,getSocketManager
SocketAppender.createSocketManager,toString
SocketAppender.directEncodeEvent,writeByteArrayToManager
AbstractBuilder.setAdvertise,asBuilder
AbstractBuilder.setConnectTimeoutMillis,asBuilder
AbstractBuilder.setHost,asBuilder
AbstractBuilder.setImmediateFail,asBuilder
AbstractBuilder.setPort,asBuilder
AbstractBuilder.setProtocol,asBuilder
AbstractBuilder.setReconnectDelayMillis,asBuilder
AbstractBuilder.setSocketOptions,asBuilder
AbstractBuilder.setSslConfiguration,asBuilder
AbstractBuilder.withAdvertise,asBuilder
AbstractBuilder.withConnectTimeoutMillis,asBuilder
AbstractBuilder.withHost,asBuilder
AbstractBuilder.withImmediateFail,asBuilder
AbstractBuilder.withPort,asBuilder
AbstractBuilder.withProtocol,asBuilder
AbstractBuilder.withReconnectDelayMillis,asBuilder
AbstractBuilder.withSocketOptions,asBuilder
AbstractBuilder.withSslConfiguration,asBuilder
RandomAccessFileManager.getFileManager,narrow
RandomAccessFileManager.getFileManager,getManager
RandomAccessFileManager.getFileManager,delete
RandomAccessFileManager.getFileManager,exists
RandomAccessFileManager.getFileManager,getInstance
RandomAccessFileManager.getFileManager,makeParentDirs
RandomAccessFileManager.getFileManager,seek
RandomAccessFileManager.getFileManager,length
RandomAccessFileManager.getFileManager,setLength
RandomAccessFileManager.getFileManager,getLoggerContext
RandomAccessFileManager.getFileManager,error
RandomAccessFileManager.writeToDestination,write
RandomAccessFileManager.writeToDestination,getName
RandomAccessFileManager.flush,flushBuffer
RandomAccessFileManager.closeOutputStream,flush
RandomAccessFileManager.closeOutputStream,close
RandomAccessFileManager.closeOutputStream,logError
RandomAccessFileManager.getFileName,getName
RandomAccessFileManager.getBufferSize,capacity
RandomAccessFileManager.getContentFormat,put
HttpAppender.build,error
HttpAppender.build,getLayout
HttpAppender.build,getConfiguration
HttpAppender.build,getLoggerContext
HttpAppender.build,getName
HttpAppender.build,getFilter
HttpAppender.build,isIgnoreExceptions
HttpAppender.build,getPropertyArray
HttpAppender.setUrl,asBuilder
HttpAppender.setMethod,asBuilder
HttpAppender.setConnectTimeoutMillis,asBuilder
HttpAppender.setReadTimeoutMillis,asBuilder
HttpAppender.setHeaders,asBuilder
HttpAppender.setSslConfiguration,asBuilder
HttpAppender.setVerifyHostname,asBuilder
HttpAppender.newBuilder,asBuilder
HttpAppender.start,startup
HttpAppender.append,send
HttpAppender.append,getLayout
HttpAppender.append,error
HttpAppender.append,getName
HttpAppender.stop,setStopping
HttpAppender.stop,stop
HttpAppender.stop,setStopped
HttpAppender.toString,getName
HttpAppender.toString,getState
Builder.setUrl,asBuilder
Builder.setMethod,asBuilder
Builder.setConnectTimeoutMillis,asBuilder
Builder.setReadTimeoutMillis,asBuilder
Builder.setHeaders,asBuilder
Builder.setSslConfiguration,asBuilder
Builder.setVerifyHostname,asBuilder
CountingNoOpAppender.getCount,get
CountingNoOpAppender.append,incrementAndGet
CountingNoOpAppender.createAppender,requireNonNull
PropertiesRewritePolicy.rewrite,createContextData
PropertiesRewritePolicy.rewrite,getContextData
PropertiesRewritePolicy.rewrite,entrySet
PropertiesRewritePolicy.rewrite,getKey
PropertiesRewritePolicy.rewrite,putValue
PropertiesRewritePolicy.rewrite,getName
PropertiesRewritePolicy.rewrite,getValue
PropertiesRewritePolicy.rewrite,booleanValue
PropertiesRewritePolicy.rewrite,getStrSubstitutor
PropertiesRewritePolicy.rewrite,replace
PropertiesRewritePolicy.rewrite,setContextData
PropertiesRewritePolicy.rewrite,build
PropertiesRewritePolicy.toString,append
PropertiesRewritePolicy.toString,entrySet
PropertiesRewritePolicy.toString,getKey
PropertiesRewritePolicy.toString,getValue
PropertiesRewritePolicy.toString,getName
PropertiesRewritePolicy.toString,toString
PropertiesRewritePolicy.createPolicy,error
PropertiesRewritePolicy.createPolicy,asList
LoggerNameLevelRewritePolicy.createPolicy,put
LoggerNameLevelRewritePolicy.createPolicy,getLevel
LoggerNameLevelRewritePolicy.createPolicy,getKey
LoggerNameLevelRewritePolicy.createPolicy,getValue
LoggerNameLevelRewritePolicy.getLevel,getLevel
LoggerNameLevelRewritePolicy.getLevel,toRootUpperCase
LoggerNameLevelRewritePolicy.rewrite,getLoggerName
LoggerNameLevelRewritePolicy.rewrite,startsWith
LoggerNameLevelRewritePolicy.rewrite,getLevel
LoggerNameLevelRewritePolicy.rewrite,get
LoggerNameLevelRewritePolicy.rewrite,setLevel
LoggerNameLevelRewritePolicy.rewrite,build
MapRewritePolicy.toString,append
MapRewritePolicy.toString,entrySet
MapRewritePolicy.toString,getValue
MapRewritePolicy.toString,getKey
MapRewritePolicy.toString,toString
MapRewritePolicy.createPolicy,valueOf
MapRewritePolicy.createPolicy,error
MapRewritePolicy.createPolicy,getKey
MapRewritePolicy.createPolicy,getValue
MapRewritePolicy.createPolicy,put
MapRewritePolicy.createPolicy,isEmpty
RewriteAppender.start,getRef
RewriteAppender.start,getAppender
RewriteAppender.start,put
RewriteAppender.start,getLevel
RewriteAppender.start,error
RewriteAppender.append,rewrite
RewriteAppender.append,values
RewriteAppender.append,callAppender
RewriteAppender.createAppender,parseBoolean
RewriteAppender.createAppender,error
RewriteAppender.requiresLocation,values
RewriteAppender.requiresLocation,getAppender
RollingRandomAccessFileManager.writeHeader,getHeader
RollingRandomAccessFileManager.writeHeader,length
RollingRandomAccessFileManager.writeHeader,write
RollingRandomAccessFileManager.writeHeader,logError
RollingRandomAccessFileManager.getRollingRandomAccessFileManager,error
RollingRandomAccessFileManager.getRollingRandomAccessFileManager,narrow
RollingRandomAccessFileManager.getRollingRandomAccessFileManager,getManager
RollingRandomAccessFileManager.getRollingRandomAccessFileManager,currentTimeMillis
RollingRandomAccessFileManager.getRollingRandomAccessFileManager,exists
RollingRandomAccessFileManager.getRollingRandomAccessFileManager,delete
RollingRandomAccessFileManager.getRollingRandomAccessFileManager,length
RollingRandomAccessFileManager.getRollingRandomAccessFileManager,lastModified
RollingRandomAccessFileManager.getRollingRandomAccessFileManager,makeParentDirs
RollingRandomAccessFileManager.getRollingRandomAccessFileManager,trace
RollingRandomAccessFileManager.getRollingRandomAccessFileManager,seek
RollingRandomAccessFileManager.getRollingRandomAccessFileManager,setLength
RollingRandomAccessFileManager.getRollingRandomAccessFileManager,close
RollingRandomAccessFileManager.getRollingRandomAccessFileManager,getLoggerContext
RollingRandomAccessFileManager.getRollingRandomAccessFileManager,getPattern
RollingRandomAccessFileManager.getRollingRandomAccessFileManager,getInstance
RollingRandomAccessFileManager.getRollingRandomAccessFileManager,getTriggeringPolicy
RollingRandomAccessFileManager.getRollingRandomAccessFileManager,getRolloverStrategy
RollingRandomAccessFileManager.getRollingRandomAccessFileManager,isAttributeViewEnabled
RollingRandomAccessFileManager.getRollingRandomAccessFileManager,defineAttributeView
RollingRandomAccessFileManager.getRollingRandomAccessFileManager,toPath
RollingRandomAccessFileManager.writeToDestination,createFileAfterRollover
RollingRandomAccessFileManager.writeToDestination,write
RollingRandomAccessFileManager.writeToDestination,getName
RollingRandomAccessFileManager.createFileAfterRollover,getFileName
RollingRandomAccessFileManager.createFileAfterRollover,makeParentDirs
RollingRandomAccessFileManager.createFileAfterRollover,createFileAfterRollover
RollingRandomAccessFileManager.createFileAfterRollover,isAttributeViewEnabled
RollingRandomAccessFileManager.createFileAfterRollover,defineAttributeView
RollingRandomAccessFileManager.createFileAfterRollover,get
RollingRandomAccessFileManager.createFileAfterRollover,isAppend
RollingRandomAccessFileManager.createFileAfterRollover,seek
RollingRandomAccessFileManager.createFileAfterRollover,length
RollingRandomAccessFileManager.createFileAfterRollover,writeHeader
RollingRandomAccessFileManager.flush,flushBuffer
RollingRandomAccessFileManager.closeOutputStream,flush
RollingRandomAccessFileManager.closeOutputStream,close
RollingRandomAccessFileManager.closeOutputStream,logError
RollingRandomAccessFileManager.getBufferSize,capacity
RollingRandomAccessFileManager.updateData,setRolloverStrategy
RollingRandomAccessFileManager.updateData,getRolloverStrategy
RollingRandomAccessFileManager.updateData,setPatternProcessor
RollingRandomAccessFileManager.updateData,getPattern
RollingRandomAccessFileManager.updateData,getPatternProcessor
RollingRandomAccessFileManager.updateData,setTriggeringPolicy
RollingRandomAccessFileManager.updateData,getTriggeringPolicy
FileSize.parse,matcher
FileSize.parse,matches
FileSize.parse,group
FileSize.parse,getNumberInstance
FileSize.parse,parse
FileSize.parse,doubleValue
FileSize.parse,isEmpty
FileSize.parse,equalsIgnoreCase
FileSize.parse,error
DefaultRolloverStrategy.build,equalsIgnoreCase
DefaultRolloverStrategy.build,parseInt
DefaultRolloverStrategy.build,error
DefaultRolloverStrategy.build,trim
DefaultRolloverStrategy.build,getStrSubstitutor
DefaultRolloverStrategy.createStrategy,newBuilder
DefaultRolloverStrategy.createStrategy,setMin
DefaultRolloverStrategy.createStrategy,setMax
DefaultRolloverStrategy.createStrategy,setFileIndex
DefaultRolloverStrategy.createStrategy,setCompressionLevelStr
DefaultRolloverStrategy.createStrategy,setCustomActions
DefaultRolloverStrategy.createStrategy,setStopCustomActionsOnError
DefaultRolloverStrategy.createStrategy,setConfig
DefaultRolloverStrategy.createStrategy,build
DefaultRolloverStrategy.purge,purgeAscending
DefaultRolloverStrategy.purge,purgeDescending
DefaultRolloverStrategy.purgeAscending,getEligibleFiles
DefaultRolloverStrategy.purgeAscending,debug
DefaultRolloverStrategy.purgeAscending,isEmpty
DefaultRolloverStrategy.purgeAscending,lastKey
DefaultRolloverStrategy.purgeAscending,size
DefaultRolloverStrategy.purgeAscending,firstKey
DefaultRolloverStrategy.purgeAscending,get
DefaultRolloverStrategy.purgeAscending,toFile
DefaultRolloverStrategy.purgeAscending,getAbsolutePath
DefaultRolloverStrategy.purgeAscending,delete
DefaultRolloverStrategy.purgeAscending,remove
DefaultRolloverStrategy.purgeAscending,error
DefaultRolloverStrategy.purgeAscending,getMessage
DefaultRolloverStrategy.purgeAscending,entrySet
DefaultRolloverStrategy.purgeAscending,setLength
DefaultRolloverStrategy.purgeAscending,getPatternProcessor
DefaultRolloverStrategy.purgeAscending,formatFileName
DefaultRolloverStrategy.purgeAscending,getKey
DefaultRolloverStrategy.purgeAscending,getValue
DefaultRolloverStrategy.purgeAscending,getName
DefaultRolloverStrategy.purgeAscending,toString
DefaultRolloverStrategy.purgeAscending,suffixLength
DefaultRolloverStrategy.purgeAscending,substring
DefaultRolloverStrategy.purgeAscending,length
DefaultRolloverStrategy.purgeAscending,execute
DefaultRolloverStrategy.purgeAscending,warn
DefaultRolloverStrategy.purgeDescending,getEligibleFiles
DefaultRolloverStrategy.purgeDescending,debug
DefaultRolloverStrategy.purgeDescending,size
DefaultRolloverStrategy.purgeDescending,firstKey
DefaultRolloverStrategy.purgeDescending,get
DefaultRolloverStrategy.purgeDescending,toFile
DefaultRolloverStrategy.purgeDescending,getAbsolutePath
DefaultRolloverStrategy.purgeDescending,delete
DefaultRolloverStrategy.purgeDescending,remove
DefaultRolloverStrategy.purgeDescending,error
DefaultRolloverStrategy.purgeDescending,getMessage
DefaultRolloverStrategy.purgeDescending,entrySet
DefaultRolloverStrategy.purgeDescending,setLength
DefaultRolloverStrategy.purgeDescending,getPatternProcessor
DefaultRolloverStrategy.purgeDescending,formatFileName
DefaultRolloverStrategy.purgeDescending,getKey
DefaultRolloverStrategy.purgeDescending,getValue
DefaultRolloverStrategy.purgeDescending,getName
DefaultRolloverStrategy.purgeDescending,toString
DefaultRolloverStrategy.purgeDescending,suffixLength
DefaultRolloverStrategy.purgeDescending,substring
DefaultRolloverStrategy.purgeDescending,length
DefaultRolloverStrategy.purgeDescending,execute
DefaultRolloverStrategy.purgeDescending,warn
DefaultRolloverStrategy.rollover,getEligibleFiles
DefaultRolloverStrategy.rollover,size
DefaultRolloverStrategy.rollover,lastKey
DefaultRolloverStrategy.rollover,getPatternProcessor
DefaultRolloverStrategy.rollover,formatFileName
DefaultRolloverStrategy.rollover,nanoTime
DefaultRolloverStrategy.rollover,purge
DefaultRolloverStrategy.rollover,isTraceEnabled
DefaultRolloverStrategy.rollover,toMillis
DefaultRolloverStrategy.rollover,trace
DefaultRolloverStrategy.rollover,getFileName
DefaultRolloverStrategy.rollover,toString
DefaultRolloverStrategy.rollover,getFileExtension
DefaultRolloverStrategy.rollover,substring
DefaultRolloverStrategy.rollover,length
DefaultRolloverStrategy.rollover,delete
DefaultRolloverStrategy.rollover,getParentFile
DefaultRolloverStrategy.rollover,mkdirs
DefaultRolloverStrategy.rollover,asList
DefaultRolloverStrategy.rollover,createCompressAction
DefaultRolloverStrategy.rollover,equals
DefaultRolloverStrategy.rollover,warn
DefaultRolloverStrategy.rollover,isAttributeViewEnabled
DefaultRolloverStrategy.rollover,newBuilder
DefaultRolloverStrategy.rollover,setBasePath
DefaultRolloverStrategy.rollover,setFollowLinks
DefaultRolloverStrategy.rollover,setMaxDepth
DefaultRolloverStrategy.rollover,setPathConditions
DefaultRolloverStrategy.rollover,setSubst
DefaultRolloverStrategy.rollover,getStrSubstitutor
DefaultRolloverStrategy.rollover,setFilePermissions
DefaultRolloverStrategy.rollover,getFilePermissions
DefaultRolloverStrategy.rollover,setFileOwner
DefaultRolloverStrategy.rollover,getFileOwner
DefaultRolloverStrategy.rollover,setFileGroup
DefaultRolloverStrategy.rollover,getFileGroup
DefaultRolloverStrategy.rollover,build
DefaultRolloverStrategy.rollover,isRenameEmptyFiles
DefaultRolloverStrategy.rollover,merge
CompositeTriggeringPolicy.initialize,debug
CompositeTriggeringPolicy.initialize,toString
CompositeTriggeringPolicy.initialize,initialize
CompositeTriggeringPolicy.isTriggeringEvent,isTriggeringEvent
CompositeTriggeringPolicy.stop,setStopping
CompositeTriggeringPolicy.stop,setStopped
CompositeTriggeringPolicy.toString,toString
RollingFileManager.initialize,debug
RollingFileManager.initialize,getFileName
RollingFileManager.initialize,exists
RollingFileManager.initialize,length
RollingFileManager.initialize,initialize
RollingFileManager.getFileManager,error
RollingFileManager.getFileManager,narrow
RollingFileManager.getFileManager,getManager
RollingFileManager.getFileManager,makeParentDirs
RollingFileManager.getFileManager,createNewFile
RollingFileManager.getFileManager,trace
RollingFileManager.getFileManager,length
RollingFileManager.getFileManager,allocate
RollingFileManager.getFileManager,exists
RollingFileManager.getFileManager,initialFileTime
RollingFileManager.getFileManager,getLoggerContext
RollingFileManager.getFileManager,getPattern
RollingFileManager.getFileManager,getTriggeringPolicy
RollingFileManager.getFileManager,getRolloverStrategy
RollingFileManager.getFileManager,isAttributeViewEnabled
RollingFileManager.getFileManager,defineAttributeView
RollingFileManager.getFileManager,toPath
RollingFileManager.getFileManager,getMessage
RollingFileManager.addRolloverListener,add
RollingFileManager.removeRolloverListener,remove
RollingFileManager.createParentDir,getParentFile
RollingFileManager.createParentDir,mkdirs
RollingFileManager.getFileExtension,getFileExtension
RollingFileManager.getFileSize,position
RollingFileManager.checkRollover,isTriggeringEvent
RollingFileManager.checkRollover,rollover
RollingFileManager.releaseSub,debug
RollingFileManager.releaseSub,getName
RollingFileManager.releaseSub,shutdown
RollingFileManager.releaseSub,toMillis
RollingFileManager.releaseSub,isTerminated
RollingFileManager.releaseSub,awaitTermination
RollingFileManager.releaseSub,shutdownNow
RollingFileManager.releaseSub,warn
RollingFileManager.releaseSub,currentThread
RollingFileManager.releaseSub,interrupt
RollingFileManager.rollover,debug
RollingFileManager.rollover,getTime
RollingFileManager.rollover,getPatternProcessor
RollingFileManager.rollover,setPrevFileTime
RollingFileManager.rollover,setCurrentFileTime
RollingFileManager.rollover,rollover
RollingFileManager.rollover,hasOutputStream
RollingFileManager.rollover,isCreateOnDemand
RollingFileManager.rollover,isDirectWrite
RollingFileManager.rollover,size
RollingFileManager.rollover,rolloverTriggered
RollingFileManager.rollover,warn
RollingFileManager.rollover,getClass
RollingFileManager.rollover,getSimpleName
RollingFileManager.rollover,getName
RollingFileManager.rollover,getMessage
RollingFileManager.rollover,interrupted
RollingFileManager.rollover,currentTimeMillis
RollingFileManager.rollover,createFileAfterRollover
RollingFileManager.rollover,logError
RollingFileManager.rollover,currentThread
RollingFileManager.rollover,interrupt
RollingFileManager.rollover,rolloverComplete
RollingFileManager.rollover,acquire
RollingFileManager.rollover,writeFooter
RollingFileManager.rollover,closeOutputStream
RollingFileManager.rollover,getSynchronous
RollingFileManager.rollover,execute
RollingFileManager.rollover,getAsynchronous
RollingFileManager.rollover,release
RollingFileManager.createFileAfterRollover,setOutputStream
RollingFileManager.createFileAfterRollover,createOutputStream
RollingFileManager.setTriggeringPolicy,initialize
RollingFileManager.setTriggeringPolicy,compareAndSet
RollingFileManager.setRolloverStrategy,compareAndSet
RollingFileManager.setPatternProcessor,compareAndSet
RollingFileManager.execute,execute
RollingFileManager.execute,release
RollingFileManager.close,close
RollingFileManager.isComplete,isComplete
RollingFileManager.toString,append
RollingFileManager.toString,isComplete
RollingFileManager.toString,isInterrupted
RollingFileManager.toString,toString
RollingFileManager.updateData,setRolloverStrategy
RollingFileManager.updateData,getRolloverStrategy
RollingFileManager.updateData,setPatternProcessor
RollingFileManager.updateData,getPattern
RollingFileManager.updateData,getPatternProcessor
RollingFileManager.updateData,setTriggeringPolicy
RollingFileManager.updateData,getTriggeringPolicy
RollingFileManager.initialFileTime,toPath
RollingFileManager.initialFileTime,exists
RollingFileManager.initialFileTime,readAttributes
RollingFileManager.initialFileTime,creationTime
RollingFileManager.initialFileTime,compareTo
RollingFileManager.initialFileTime,debug
RollingFileManager.initialFileTime,getAbsolutePath
RollingFileManager.initialFileTime,alignMillisToSecond
RollingFileManager.initialFileTime,toMillis
RollingFileManager.initialFileTime,info
RollingFileManager.initialFileTime,getMessage
RollingFileManager.initialFileTime,lastModified
RollingFileManager.alignMillisToSecond,round
RollingFileManager.offer,sleep
RollingFileManager.offer,toMillis
RollingFileManager.addAll,size
AsyncAction.execute,execute
AsyncAction.execute,release
AsyncAction.close,close
AsyncAction.isComplete,isComplete
AsyncAction.toString,append
AsyncAction.toString,isComplete
AsyncAction.toString,isInterrupted
AsyncAction.toString,toString
EmptyQueue.offer,sleep
EmptyQueue.offer,toMillis
EmptyQueue.addAll,size
PatternProcessor.setPrevFileTime,debug
PatternProcessor.getNextTime,getInstance
PatternProcessor.getNextTime,setTimeInMillis
PatternProcessor.getNextTime,setMinimalDaysInFirstWeek
PatternProcessor.getNextTime,set
PatternProcessor.getNextTime,get
PatternProcessor.getNextTime,increment
PatternProcessor.getNextTime,getTimeInMillis
PatternProcessor.getNextTime,add
PatternProcessor.getNextTime,debugGetNextTime
PatternProcessor.getNextTime,getFirstDayOfWeek
PatternProcessor.debugGetNextTime,isTraceEnabled
PatternProcessor.debugGetNextTime,trace
PatternProcessor.debugGetNextTime,format
PatternProcessor.debugGetNextTime,currentTimeMillis
PatternProcessor.format,format
PatternProcessor.increment,get
PatternProcessor.increment,add
PatternProcessor.formatFileName,currentTimeMillis
PatternProcessor.formatFileName,formatFileName
PatternProcessor.formatFileName,debug
PatternProcessor.formatFileName,replace
PatternProcessor.formatFileName,setLength
PatternProcessor.formatFileName,append
PatternProcessor.formatFileName,length
PatternProcessor.formatFileName,format
PatternProcessor.calculateFrequency,patternContains
PatternProcessor.patternContains,patternContains
PatternProcessor.patternContains,indexOf
SizeBasedTriggeringPolicy.isTriggeringEvent,getFileSize
SizeBasedTriggeringPolicy.isTriggeringEvent,getPatternProcessor
SizeBasedTriggeringPolicy.isTriggeringEvent,updateTime
SizeBasedTriggeringPolicy.createPolicy,parse
DirectWriteRolloverStrategy.build,parseInt
DirectWriteRolloverStrategy.build,error
DirectWriteRolloverStrategy.build,getStrSubstitutor
DirectWriteRolloverStrategy.createStrategy,newBuilder
DirectWriteRolloverStrategy.createStrategy,setMaxFiles
DirectWriteRolloverStrategy.createStrategy,setCompressionLevelStr
DirectWriteRolloverStrategy.createStrategy,setCustomActions
DirectWriteRolloverStrategy.createStrategy,setStopCustomActionsOnError
DirectWriteRolloverStrategy.createStrategy,setConfig
DirectWriteRolloverStrategy.createStrategy,build
DirectWriteRolloverStrategy.purge,getEligibleFiles
DirectWriteRolloverStrategy.purge,debug
DirectWriteRolloverStrategy.purge,size
DirectWriteRolloverStrategy.purge,firstKey
DirectWriteRolloverStrategy.purge,delete
DirectWriteRolloverStrategy.purge,get
DirectWriteRolloverStrategy.purge,remove
DirectWriteRolloverStrategy.purge,error
DirectWriteRolloverStrategy.purge,lastKey
DirectWriteRolloverStrategy.getCurrentFileName,getEligibleFiles
DirectWriteRolloverStrategy.getCurrentFileName,size
DirectWriteRolloverStrategy.getCurrentFileName,lastKey
DirectWriteRolloverStrategy.getCurrentFileName,getPatternProcessor
DirectWriteRolloverStrategy.getCurrentFileName,setCurrentFileTime
DirectWriteRolloverStrategy.getCurrentFileName,currentTimeMillis
DirectWriteRolloverStrategy.getCurrentFileName,formatFileName
DirectWriteRolloverStrategy.getCurrentFileName,suffixLength
DirectWriteRolloverStrategy.getCurrentFileName,toString
DirectWriteRolloverStrategy.getCurrentFileName,substring
DirectWriteRolloverStrategy.getCurrentFileName,length
DirectWriteRolloverStrategy.rollover,debug
DirectWriteRolloverStrategy.rollover,nanoTime
DirectWriteRolloverStrategy.rollover,purge
DirectWriteRolloverStrategy.rollover,isTraceEnabled
DirectWriteRolloverStrategy.rollover,toMillis
DirectWriteRolloverStrategy.rollover,trace
DirectWriteRolloverStrategy.rollover,getCurrentFileName
DirectWriteRolloverStrategy.rollover,getFileExtension
DirectWriteRolloverStrategy.rollover,getExtension
DirectWriteRolloverStrategy.rollover,formatFileName
DirectWriteRolloverStrategy.rollover,toString
DirectWriteRolloverStrategy.rollover,getParentFile
DirectWriteRolloverStrategy.rollover,mkdirs
DirectWriteRolloverStrategy.rollover,asList
DirectWriteRolloverStrategy.rollover,createCompressAction
DirectWriteRolloverStrategy.rollover,isAttributeViewEnabled
DirectWriteRolloverStrategy.rollover,newBuilder
DirectWriteRolloverStrategy.rollover,setBasePath
DirectWriteRolloverStrategy.rollover,setFollowLinks
DirectWriteRolloverStrategy.rollover,setMaxDepth
DirectWriteRolloverStrategy.rollover,setPathConditions
DirectWriteRolloverStrategy.rollover,setSubst
DirectWriteRolloverStrategy.rollover,getStrSubstitutor
DirectWriteRolloverStrategy.rollover,setFilePermissions
DirectWriteRolloverStrategy.rollover,getFilePermissions
DirectWriteRolloverStrategy.rollover,setFileOwner
DirectWriteRolloverStrategy.rollover,getFileOwner
DirectWriteRolloverStrategy.rollover,setFileGroup
DirectWriteRolloverStrategy.rollover,getFileGroup
DirectWriteRolloverStrategy.rollover,build
DirectWriteRolloverStrategy.rollover,merge
OnStartupTriggeringPolicy.initStartTime,loadSystemClass
OnStartupTriggeringPolicy.initStartTime,getMethod
OnStartupTriggeringPolicy.initStartTime,invoke
OnStartupTriggeringPolicy.initStartTime,getLogger
OnStartupTriggeringPolicy.initStartTime,error
OnStartupTriggeringPolicy.initStartTime,currentTimeMillis
OnStartupTriggeringPolicy.initialize,getFileTime
OnStartupTriggeringPolicy.initialize,getFileSize
OnStartupTriggeringPolicy.initialize,getLogger
OnStartupTriggeringPolicy.initialize,debug
OnStartupTriggeringPolicy.initialize,setRenameEmptyFiles
OnStartupTriggeringPolicy.initialize,skipFooter
OnStartupTriggeringPolicy.initialize,rollover
CronTriggeringPolicy.initialize,getPrevFireTime
CronTriggeringPolicy.initialize,getFileTime
CronTriggeringPolicy.initialize,getPatternProcessor
CronTriggeringPolicy.initialize,setCurrentFileTime
CronTriggeringPolicy.initialize,getTime
CronTriggeringPolicy.initialize,debug
CronTriggeringPolicy.initialize,setPrevFileTime
CronTriggeringPolicy.initialize,setTimeBased
CronTriggeringPolicy.initialize,before
CronTriggeringPolicy.initialize,rollover
CronTriggeringPolicy.initialize,getScheduler
CronTriggeringPolicy.initialize,isExecutorServiceSet
CronTriggeringPolicy.initialize,incrementScheduledItems
CronTriggeringPolicy.initialize,isStarted
CronTriggeringPolicy.initialize,start
CronTriggeringPolicy.initialize,scheduleWithCron
CronTriggeringPolicy.initialize,toString
CronTriggeringPolicy.createPolicy,parseBoolean
CronTriggeringPolicy.createPolicy,info
CronTriggeringPolicy.createPolicy,getSchedule
CronTriggeringPolicy.createPolicy,error
CronTriggeringPolicy.getSchedule,error
CronTriggeringPolicy.rollover,getFireTime
CronTriggeringPolicy.rollover,rollover
CronTriggeringPolicy.rollover,getPrevFireTime
CronTriggeringPolicy.stop,setStopping
CronTriggeringPolicy.stop,stop
CronTriggeringPolicy.stop,setStopped
CronTriggeringPolicy.toString,getCronExpression
CronTriggeringPolicy.run,rollover
CronTrigger.run,rollover
AbstractRolloverStrategy.merge,isEmpty
AbstractRolloverStrategy.merge,add
AbstractRolloverStrategy.merge,addAll
AbstractRolloverStrategy.suffixLength,values
AbstractRolloverStrategy.suffixLength,isExtensionFor
AbstractRolloverStrategy.suffixLength,length
AbstractRolloverStrategy.getEligibleFiles,getEligibleFiles
AbstractRolloverStrategy.getEligibleFiles,getPatternProcessor
AbstractRolloverStrategy.getEligibleFiles,getPattern
AbstractRolloverStrategy.getEligibleFiles,formatFileName
AbstractRolloverStrategy.getEligibleFiles,isDirectWrite
AbstractRolloverStrategy.getEligibleFiles,getFileName
AbstractRolloverStrategy.getEligibleFiles,toString
AbstractRolloverStrategy.getEligibleFiles,getParentFile
AbstractRolloverStrategy.getEligibleFiles,mkdirs
AbstractRolloverStrategy.getEligibleFiles,matcher
AbstractRolloverStrategy.getEligibleFiles,find
AbstractRolloverStrategy.getEligibleFiles,toPath
AbstractRolloverStrategy.getEligibleFiles,getName
AbstractRolloverStrategy.getEligibleFiles,suffixLength
AbstractRolloverStrategy.getEligibleFiles,quote
AbstractRolloverStrategy.getEligibleFiles,substring
AbstractRolloverStrategy.getEligibleFiles,length
AbstractRolloverStrategy.getEligibleFiles,replaceFirst
AbstractRolloverStrategy.getEligibleFiles,compile
AbstractRolloverStrategy.getEligibleFiles,debug
AbstractRolloverStrategy.getEligibleFiles,newDirectoryStream
AbstractRolloverStrategy.getEligibleFiles,toFile
AbstractRolloverStrategy.getEligibleFiles,matches
AbstractRolloverStrategy.getEligibleFiles,equals
AbstractRolloverStrategy.getEligibleFiles,parseInt
AbstractRolloverStrategy.getEligibleFiles,group
AbstractRolloverStrategy.getEligibleFiles,put
AbstractRolloverStrategy.getEligibleFiles,getMessage
AbstractRolloverStrategy.getEligibleFiles,descendingMap
TimeBasedTriggeringPolicy.build,toMillis
TimeBasedTriggeringPolicy.initialize,getFileTime
TimeBasedTriggeringPolicy.initialize,currentTimeMillis
TimeBasedTriggeringPolicy.initialize,getPatternProcessor
TimeBasedTriggeringPolicy.initialize,getNextTime
TimeBasedTriggeringPolicy.initialize,setTimeBased
TimeBasedTriggeringPolicy.initialize,current
TimeBasedTriggeringPolicy.initialize,nextLong
TimeBasedTriggeringPolicy.isTriggeringEvent,getTimeMillis
TimeBasedTriggeringPolicy.isTriggeringEvent,current
TimeBasedTriggeringPolicy.isTriggeringEvent,nextLong
TimeBasedTriggeringPolicy.isTriggeringEvent,getPatternProcessor
TimeBasedTriggeringPolicy.isTriggeringEvent,getNextTime
TimeBasedTriggeringPolicy.isTriggeringEvent,setCurrentFileTime
TimeBasedTriggeringPolicy.isTriggeringEvent,currentTimeMillis
TimeBasedTriggeringPolicy.createPolicy,newBuilder
TimeBasedTriggeringPolicy.createPolicy,setInterval
TimeBasedTriggeringPolicy.createPolicy,parseInt
TimeBasedTriggeringPolicy.createPolicy,setModulate
TimeBasedTriggeringPolicy.createPolicy,parseBoolean
TimeBasedTriggeringPolicy.createPolicy,build
PosixViewAttributeAction.build,isEmpty
PosixViewAttributeAction.build,error
PosixViewAttributeAction.build,isFilePosixAttributeViewSupported
PosixViewAttributeAction.build,warn
PosixViewAttributeAction.build,getStrSubstitutor
PosixViewAttributeAction.build,fromString
PosixViewAttributeAction.createFileVisitor,relativize
PosixViewAttributeAction.createFileVisitor,accept
PosixViewAttributeAction.createFileVisitor,trace
PosixViewAttributeAction.createFileVisitor,defineFilePosixAttributeView
PosixViewAttributeAction.visitFile,relativize
PosixViewAttributeAction.visitFile,accept
PosixViewAttributeAction.visitFile,trace
PosixViewAttributeAction.visitFile,defineFilePosixAttributeView
PosixViewAttributeAction.toString,getBasePath
PosixViewAttributeAction.toString,getMaxDepth
PosixViewAttributeAction.toString,getPathConditions
Duration.parse,requireNonNull
Duration.parse,matcher
Duration.parse,matches
Duration.parse,equals
Duration.parse,group
Duration.parse,parseNumber
Duration.parse,create
Duration.parseNumber,parseLong
Duration.create,create
Duration.toString,append
Duration.toString,length
Duration.toString,toString
Duration.compareTo,signum
Duration.compareTo,toMillis
CommonsCompressAction.execute,execute
CommonsCompressAction.execute,exists
CommonsCompressAction.execute,debug
CommonsCompressAction.execute,getPath
CommonsCompressAction.execute,createCompressorOutputStream
CommonsCompressAction.execute,copy
CommonsCompressAction.execute,deleteIfExists
CommonsCompressAction.execute,toPath
CommonsCompressAction.execute,toString
CommonsCompressAction.execute,warn
CommonsCompressAction.execute,getMessage
CommonsCompressAction.reportException,warn
CommonsCompressAction.reportException,toString
CommonsCompressAction.toString,getSimpleName
PathSortByModificationTime.compare,getAttributes
PathSortByModificationTime.compare,lastModifiedTime
PathSortByModificationTime.compare,toMillis
PathSortByModificationTime.compare,signum
PathSortByModificationTime.compare,getPath
PathSortByModificationTime.compare,compareTo
PathSortByModificationTime.compare,toString
GzCompressAction.execute,execute
GzCompressAction.execute,exists
GzCompressAction.execute,read
GzCompressAction.execute,write
GzCompressAction.execute,delete
GzCompressAction.execute,warn
GzCompressAction.reportException,warn
GzCompressAction.reportException,toString
GzCompressAction.toString,getSimpleName
AbstractPathAction.execute,execute
AbstractPathAction.execute,createFileVisitor
AbstractPathAction.execute,getBasePath
AbstractPathAction.execute,nanoTime
AbstractPathAction.execute,debug
AbstractPathAction.execute,walkFileTree
AbstractPathAction.execute,getClass
AbstractPathAction.execute,getSimpleName
AbstractPathAction.execute,toNanos
AbstractPathAction.getBasePath,get
AbstractPathAction.getBasePath,replace
AbstractPathAction.getBasePath,getBasePathString
AbstractPathAction.getOptions,unmodifiableSet
AbstractPathAction.isFollowSymbolicLinks,contains
AbstractPathAction.getPathConditions,unmodifiableList
AbstractPathAction.toString,getClass
AbstractPathAction.toString,getSimpleName
AbstractPathAction.toString,getBasePath
DeletingVisitor.visitFile,relativize
DeletingVisitor.visitFile,accept
DeletingVisitor.visitFile,trace
DeletingVisitor.visitFile,isTestMode
DeletingVisitor.visitFile,info
DeletingVisitor.visitFile,delete
DeletingVisitor.visitFileFailed,info
DeletingVisitor.delete,trace
DeletingVisitor.delete,deleteIfExists
IfAny.accept,accept
IfAny.beforeFileTreeWalk,beforeFileTreeWalk
IfAny.toString,toString
CompositeAction.run,execute
CompositeAction.run,warn
CompositeAction.execute,execute
CompositeAction.toString,getSimpleName
CompositeAction.toString,toString
IfAll.accept,accept
IfAll.beforeFileTreeWalk,beforeFileTreeWalk
IfAll.toString,toString
FileRenameAction.execute,execute
FileRenameAction.execute,length
FileRenameAction.execute,getParentFile
FileRenameAction.execute,exists
FileRenameAction.execute,mkdirs
FileRenameAction.execute,error
FileRenameAction.execute,getAbsolutePath
FileRenameAction.execute,moveFile
FileRenameAction.execute,get
FileRenameAction.execute,debug
FileRenameAction.execute,getClass
FileRenameAction.execute,getName
FileRenameAction.execute,getMessage
FileRenameAction.execute,renameTo
FileRenameAction.execute,copy
FileRenameAction.execute,delete
FileRenameAction.execute,trace
FileRenameAction.execute,close
FileRenameAction.moveFile,move
FileRenameAction.moveFile,trace
FileRenameAction.moveFile,toFile
FileRenameAction.moveFile,getAbsolutePath
FileRenameAction.toString,getSimpleName
IfAccumulatedFileSize.getNestedConditions,unmodifiableList
IfAccumulatedFileSize.getNestedConditions,asList
IfAccumulatedFileSize.accept,size
IfAccumulatedFileSize.accept,trace
IfAccumulatedFileSize.accept,accept
IfAccumulatedFileSize.beforeFileTreeWalk,beforeFileTreeWalk
IfAccumulatedFileSize.createFileSizeCondition,error
IfAccumulatedFileSize.createFileSizeCondition,parse
IfAccumulatedFileSize.toString,toString
IfNot.accept,accept
IfNot.beforeFileTreeWalk,beforeFileTreeWalk
IfAccumulatedFileCount.getNestedConditions,unmodifiableList
IfAccumulatedFileCount.getNestedConditions,asList
IfAccumulatedFileCount.accept,trace
IfAccumulatedFileCount.accept,accept
IfAccumulatedFileCount.beforeFileTreeWalk,beforeFileTreeWalk
IfAccumulatedFileCount.createFileCountCondition,error
IfAccumulatedFileCount.toString,toString
AbstractAction.run,execute
AbstractAction.run,reportException
AbstractAction.reportException,warn
AbstractAction.reportException,getClass
ZipCompressAction.execute,execute
ZipCompressAction.execute,exists
ZipCompressAction.execute,setLevel
ZipCompressAction.execute,getName
ZipCompressAction.execute,putNextEntry
ZipCompressAction.execute,read
ZipCompressAction.execute,write
ZipCompressAction.execute,delete
ZipCompressAction.execute,warn
ZipCompressAction.execute,toString
ZipCompressAction.reportException,warn
ZipCompressAction.reportException,toString
ZipCompressAction.toString,getSimpleName
IfFileName.createSyntaxAndPatternString,startsWith
IfFileName.getNestedConditions,unmodifiableList
IfFileName.getNestedConditions,asList
IfFileName.accept,matches
IfFileName.accept,trace
IfFileName.accept,accept
IfFileName.beforeFileTreeWalk,beforeFileTreeWalk
IfFileName.toString,toString
DeleteAction.execute,executeScript
DeleteAction.execute,getSortedPaths
DeleteAction.execute,trace
DeleteAction.execute,visitFile
DeleteAction.execute,getPath
DeleteAction.execute,getAttributes
DeleteAction.execute,error
DeleteAction.execute,visitFileFailed
DeleteAction.executeScript,callScript
DeleteAction.executeScript,trace
DeleteAction.executeScript,deleteSelectedFiles
DeleteAction.callScript,getSortedPaths
DeleteAction.callScript,trace
DeleteAction.callScript,selectFilesToDelete
DeleteAction.callScript,getBasePath
DeleteAction.deleteSelectedFiles,trace
DeleteAction.deleteSelectedFiles,getPath
DeleteAction.deleteSelectedFiles,isTestMode
DeleteAction.deleteSelectedFiles,info
DeleteAction.deleteSelectedFiles,delete
DeleteAction.delete,trace
DeleteAction.delete,deleteIfExists
DeleteAction.trace,trace
DeleteAction.getSortedPaths,getSortedPaths
DeleteAction.createDeleteAction,getStrSubstitutor
SortingVisitor.visitFile,add
SortingVisitor.visitFileFailed,info
SortingVisitor.getSortedPaths,sort
ScriptCondition.selectFilesToDelete,put
ScriptCondition.selectFilesToDelete,putAll
ScriptCondition.selectFilesToDelete,getProperties
ScriptCondition.selectFilesToDelete,getStrSubstitutor
ScriptCondition.selectFilesToDelete,getScriptManager
ScriptCondition.selectFilesToDelete,execute
ScriptCondition.selectFilesToDelete,getId
ScriptCondition.createCondition,error
ScriptCondition.createCondition,getScriptManager
ScriptCondition.createCondition,getScript
ScriptCondition.createCondition,getId
ScriptCondition.createCondition,addScript
IfLastModified.getAge,ofMillis
IfLastModified.getAge,toMillis
IfLastModified.getNestedConditions,unmodifiableList
IfLastModified.getNestedConditions,asList
IfLastModified.accept,lastModifiedTime
IfLastModified.accept,toMillis
IfLastModified.accept,currentTimeMillis
IfLastModified.accept,trace
IfLastModified.accept,accept
IfLastModified.beforeFileTreeWalk,beforeFileTreeWalk
IfLastModified.createAgeCondition,newBuilder
IfLastModified.createAgeCondition,setAge
IfLastModified.createAgeCondition,ofMillis
IfLastModified.createAgeCondition,toMillis
IfLastModified.createAgeCondition,setNestedConditions
IfLastModified.createAgeCondition,build
IfLastModified.toString,toString
IfLastModified.setAge,ofMillis
IfLastModified.setAge,toMillis
IfLastModified.build,isValid
IfLastModified.build,ofMillis
IfLastModified.build,toMillis
Builder.setAge,ofMillis
Builder.setAge,toMillis
PathWithAttributes.toString,lastModifiedTime
ColumnMapping.build,newBuilder
ColumnMapping.build,setPattern
ColumnMapping.build,setConfiguration
ColumnMapping.build,setAlwaysWriteExceptions
ColumnMapping.build,build
ColumnMapping.build,isAssignableFrom
ColumnMapping.build,error
ColumnMapping.toKey,toRootUpperCase
ColumnMapping.equals,getClass
ColumnMapping.equals,equals
ColumnMapping.hashCode,hash
AbstractDatabaseManager.getManager,getManager
AbstractDatabaseManager.buffer,add
AbstractDatabaseManager.buffer,toImmutable
AbstractDatabaseManager.buffer,size
AbstractDatabaseManager.buffer,isEndOfBatch
AbstractDatabaseManager.buffer,flush
AbstractDatabaseManager.flush,isRunning
AbstractDatabaseManager.flush,isBuffered
AbstractDatabaseManager.flush,connectAndStart
AbstractDatabaseManager.flush,writeInternal
AbstractDatabaseManager.flush,toSerializable
AbstractDatabaseManager.flush,commitAndClose
AbstractDatabaseManager.flush,clear
AbstractDatabaseManager.releaseSub,shutdown
AbstractDatabaseManager.shutdown,flush
AbstractDatabaseManager.shutdown,isRunning
AbstractDatabaseManager.shutdown,shutdownInternal
AbstractDatabaseManager.shutdown,logWarn
AbstractDatabaseManager.startup,isRunning
AbstractDatabaseManager.startup,startupInternal
AbstractDatabaseManager.startup,logError
AbstractDatabaseManager.toString,getName
AbstractDatabaseManager.write,write
AbstractDatabaseManager.write,isBuffered
AbstractDatabaseManager.write,buffer
AbstractDatabaseManager.write,writeThrough
AbstractDatabaseManager.writeInternal,writeInternal
AbstractDatabaseManager.writeThrough,connectAndStart
AbstractDatabaseManager.writeThrough,writeInternal
AbstractDatabaseManager.writeThrough,commitAndClose
AbstractDatabaseAppender.append,lock
AbstractDatabaseAppender.append,getManager
AbstractDatabaseAppender.append,write
AbstractDatabaseAppender.append,toSerializable
AbstractDatabaseAppender.append,error
AbstractDatabaseAppender.append,getName
AbstractDatabaseAppender.append,getMessage
AbstractDatabaseAppender.append,unlock
AbstractDatabaseAppender.replaceManager,lock
AbstractDatabaseAppender.replaceManager,getManager
AbstractDatabaseAppender.replaceManager,isRunning
AbstractDatabaseAppender.replaceManager,startup
AbstractDatabaseAppender.replaceManager,close
AbstractDatabaseAppender.replaceManager,unlock
AbstractDatabaseAppender.start,getManager
AbstractDatabaseAppender.start,error
AbstractDatabaseAppender.start,getName
AbstractDatabaseAppender.start,startup
AbstractDatabaseAppender.stop,setStopping
AbstractDatabaseAppender.stop,getManager
AbstractDatabaseAppender.stop,stop
AbstractDatabaseAppender.stop,setStopped
DataSourceConnectionSource.getConnection,getConnection
DataSourceConnectionSource.createConnectionSource,isJndiJdbcEnabled
DataSourceConnectionSource.createConnectionSource,error
DataSourceConnectionSource.createConnectionSource,isEmpty
DataSourceConnectionSource.createConnectionSource,getDefaultManager
DataSourceConnectionSource.createConnectionSource,lookup
DataSourceConnectionSource.createConnectionSource,getCanonicalName
DataSourceConnectionSource.createConnectionSource,getMessage
FactoryMethodConnectionSource.getConnection,getConnection
FactoryMethodConnectionSource.getConnection,invoke
FactoryMethodConnectionSource.createConnectionSource,isEmpty
FactoryMethodConnectionSource.createConnectionSource,error
FactoryMethodConnectionSource.createConnectionSource,loadClass
FactoryMethodConnectionSource.createConnectionSource,getMethod
FactoryMethodConnectionSource.createConnectionSource,toString
FactoryMethodConnectionSource.createConnectionSource,getReturnType
FactoryMethodConnectionSource.createConnectionSource,getName
FactoryMethodConnectionSource.createConnectionSource,invoke
JdbcDatabaseManager.toString,format
JdbcDatabaseManager.toString,toString
JdbcDatabaseManager.createManager,append
JdbcDatabaseManager.createManager,appendColumnNames
JdbcDatabaseManager.createManager,getName
JdbcDatabaseManager.createManager,isNotEmpty
JdbcDatabaseManager.createManager,getLiteralValue
JdbcDatabaseManager.createManager,logger
JdbcDatabaseManager.createManager,trace
JdbcDatabaseManager.createManager,getParameter
JdbcDatabaseManager.createManager,add
JdbcDatabaseManager.createManager,setCharAt
JdbcDatabaseManager.createManager,length
JdbcDatabaseManager.createManager,toString
JdbcDatabaseManager.latch,await
JdbcDatabaseManager.reconnect,closeResources
JdbcDatabaseManager.reconnect,connectAndPrepare
JdbcDatabaseManager.reconnect,logger
JdbcDatabaseManager.reconnect,debug
JdbcDatabaseManager.run,sleep
JdbcDatabaseManager.run,reconnect
JdbcDatabaseManager.run,logger
JdbcDatabaseManager.run,debug
JdbcDatabaseManager.run,getLocalizedMessage
JdbcDatabaseManager.run,countDown
JdbcDatabaseManager.truncate,left
JdbcDatabaseManager.truncate,get
JdbcDatabaseManager.truncate,isStringType
JdbcDatabaseManager.truncate,truncate
JdbcDatabaseManager.truncate,toString
JdbcDatabaseManager.truncate,logger
JdbcDatabaseManager.truncate,error
JdbcDatabaseManager.appendColumnName,append
JdbcDatabaseManager.appendColumnNames,getName
JdbcDatabaseManager.appendColumnNames,appendColumnName
JdbcDatabaseManager.appendColumnNames,logger
JdbcDatabaseManager.appendColumnNames,trace
JdbcDatabaseManager.appendColumnNames,getClass
JdbcDatabaseManager.appendColumnNames,getSimpleName
JdbcDatabaseManager.appendColumnNames,getColumnName
JdbcDatabaseManager.getJDBCDatabaseManager,getManager
JdbcDatabaseManager.getJDBCDatabaseManager,getFactory
JdbcDatabaseManager.getManager,getManager
JdbcDatabaseManager.getManager,getFactory
JdbcDatabaseManager.checkConnection,isClosed
JdbcDatabaseManager.checkConnection,isRunning
JdbcDatabaseManager.checkConnection,closeResources
JdbcDatabaseManager.checkConnection,latch
JdbcDatabaseManager.checkConnection,getName
JdbcDatabaseManager.checkConnection,fieldsToString
JdbcDatabaseManager.closeResources,close
JdbcDatabaseManager.closeResources,logWarn
JdbcDatabaseManager.commitAndClose,isClosed
JdbcDatabaseManager.commitAndClose,isBuffered
JdbcDatabaseManager.commitAndClose,logger
JdbcDatabaseManager.commitAndClose,debug
JdbcDatabaseManager.commitAndClose,executeBatch
JdbcDatabaseManager.commitAndClose,toString
JdbcDatabaseManager.commitAndClose,commit
JdbcDatabaseManager.commitAndClose,fieldsToString
JdbcDatabaseManager.commitAndClose,closeResources
JdbcDatabaseManager.commitAndCloseAll,commitAndClose
JdbcDatabaseManager.commitAndCloseAll,getCause
JdbcDatabaseManager.commitAndCloseAll,logger
JdbcDatabaseManager.commitAndCloseAll,debug
JdbcDatabaseManager.commitAndCloseAll,getClass
JdbcDatabaseManager.commitAndCloseAll,getSimpleName
JdbcDatabaseManager.commitAndCloseAll,toString
JdbcDatabaseManager.commitAndCloseAll,stop
JdbcDatabaseManager.connectAndPrepare,logger
JdbcDatabaseManager.connectAndPrepare,debug
JdbcDatabaseManager.connectAndPrepare,getConnectionSource
JdbcDatabaseManager.connectAndPrepare,getConnection
JdbcDatabaseManager.connectAndPrepare,getMetaData
JdbcDatabaseManager.connectAndPrepare,supportsBatchUpdates
JdbcDatabaseManager.connectAndPrepare,setAutoCommit
JdbcDatabaseManager.connectAndPrepare,prepareStatement
JdbcDatabaseManager.connectAndPrepare,initColumnMetaData
JdbcDatabaseManager.connectAndStart,checkConnection
JdbcDatabaseManager.connectAndStart,connectAndPrepare
JdbcDatabaseManager.connectAndStart,reconnectOn
JdbcDatabaseManager.createReconnector,setDaemon
JdbcDatabaseManager.createReconnector,setPriority
JdbcDatabaseManager.createSqlSelect,appendColumnNames
JdbcDatabaseManager.createSqlSelect,append
JdbcDatabaseManager.createSqlSelect,toString
JdbcDatabaseManager.fieldsToString,format
JdbcDatabaseManager.initColumnMetaData,createSqlSelect
JdbcDatabaseManager.initColumnMetaData,logger
JdbcDatabaseManager.initColumnMetaData,debug
JdbcDatabaseManager.initColumnMetaData,prepareStatement
JdbcDatabaseManager.initColumnMetaData,getMetaData
JdbcDatabaseManager.initColumnMetaData,getColumnCount
JdbcDatabaseManager.initColumnMetaData,put
JdbcDatabaseManager.initColumnMetaData,getNameKey
JdbcDatabaseManager.initColumnMetaData,warn
JdbcDatabaseManager.initColumnMetaData,getClass
JdbcDatabaseManager.initColumnMetaData,getSimpleName
JdbcDatabaseManager.isClosed,isClosed
JdbcDatabaseManager.reconnectOn,createReconnector
JdbcDatabaseManager.reconnectOn,reconnect
JdbcDatabaseManager.reconnectOn,logger
JdbcDatabaseManager.reconnectOn,debug
JdbcDatabaseManager.reconnectOn,getName
JdbcDatabaseManager.reconnectOn,start
JdbcDatabaseManager.reconnectOn,latch
JdbcDatabaseManager.reconnectOn,fieldsToString
JdbcDatabaseManager.setFields,getIndexedReadOnlyStringMap
JdbcDatabaseManager.setFields,getClass
JdbcDatabaseManager.setFields,getName
JdbcDatabaseManager.setFields,getLiteralValue
JdbcDatabaseManager.setFields,getSource
JdbcDatabaseManager.setFields,isEmpty
JdbcDatabaseManager.setFields,getValue
JdbcDatabaseManager.setFields,logger
JdbcDatabaseManager.setFields,isTraceEnabled
JdbcDatabaseManager.setFields,toString
JdbcDatabaseManager.setFields,trace
JdbcDatabaseManager.setFields,setStatementObject
JdbcDatabaseManager.setFields,getNameKey
JdbcDatabaseManager.setStatementObject,setNull
JdbcDatabaseManager.setStatementObject,get
JdbcDatabaseManager.setStatementObject,getType
JdbcDatabaseManager.setStatementObject,setObject
JdbcDatabaseManager.setStatementObject,truncate
JdbcDatabaseManager.shutdownInternal,shutdown
JdbcDatabaseManager.shutdownInternal,interrupt
JdbcDatabaseManager.shutdownInternal,commitAndCloseAll
JdbcDatabaseManager.writeInternal,isRunning
JdbcDatabaseManager.writeInternal,isClosed
JdbcDatabaseManager.writeInternal,fieldsToString
JdbcDatabaseManager.writeInternal,clearParameters
JdbcDatabaseManager.writeInternal,setFields
JdbcDatabaseManager.writeInternal,isAssignableFrom
JdbcDatabaseManager.writeInternal,getType
JdbcDatabaseManager.writeInternal,setObject
JdbcDatabaseManager.writeInternal,getContextData
JdbcDatabaseManager.writeInternal,toMap
JdbcDatabaseManager.writeInternal,getContextStack
JdbcDatabaseManager.writeInternal,asList
JdbcDatabaseManager.writeInternal,fromMillis
JdbcDatabaseManager.writeInternal,getTimeMillis
JdbcDatabaseManager.writeInternal,asSubclass
JdbcDatabaseManager.writeInternal,getLayout
JdbcDatabaseManager.writeInternal,setClob
JdbcDatabaseManager.writeInternal,toSerializable
JdbcDatabaseManager.writeInternal,setNClob
JdbcDatabaseManager.writeInternal,convert
JdbcDatabaseManager.writeInternal,setStatementObject
JdbcDatabaseManager.writeInternal,getNameKey
JdbcDatabaseManager.writeInternal,isEventTimestamp
JdbcDatabaseManager.writeInternal,setTimestamp
JdbcDatabaseManager.writeInternal,isClob
JdbcDatabaseManager.writeInternal,isUnicode
JdbcDatabaseManager.writeInternal,setNString
JdbcDatabaseManager.writeInternal,toString
JdbcDatabaseManager.writeInternal,truncate
JdbcDatabaseManager.writeInternal,getColumnNameKey
JdbcDatabaseManager.writeInternal,setString
JdbcDatabaseManager.writeInternal,isBuffered
JdbcDatabaseManager.writeInternal,logger
JdbcDatabaseManager.writeInternal,debug
JdbcDatabaseManager.writeInternal,addBatch
JdbcDatabaseManager.writeInternal,executeUpdate
JdbcDatabaseManager.writeThrough,connectAndStart
JdbcDatabaseManager.writeThrough,writeInternal
JdbcDatabaseManager.writeThrough,commitAndClose
JdbcDatabaseManager.writeThrough,reconnectOn
FactoryData.toString,format
FactoryData.toString,toString
JdbcDatabaseManagerFactory.createManager,append
JdbcDatabaseManagerFactory.createManager,appendColumnNames
JdbcDatabaseManagerFactory.createManager,getName
JdbcDatabaseManagerFactory.createManager,isNotEmpty
JdbcDatabaseManagerFactory.createManager,getLiteralValue
JdbcDatabaseManagerFactory.createManager,logger
JdbcDatabaseManagerFactory.createManager,trace
JdbcDatabaseManagerFactory.createManager,getParameter
JdbcDatabaseManagerFactory.createManager,add
JdbcDatabaseManagerFactory.createManager,setCharAt
JdbcDatabaseManagerFactory.createManager,length
JdbcDatabaseManagerFactory.createManager,toString
Reconnector.toString,format
ResultSetColumnMetaData.toString,format
ResultSetColumnMetaData.truncate,left
AbstractDriverManagerConnectionSource.setConnectionString,asBuilder
AbstractDriverManagerConnectionSource.setDriverClassName,asBuilder
AbstractDriverManagerConnectionSource.setPassword,asBuilder
AbstractDriverManagerConnectionSource.setProperties,asBuilder
AbstractDriverManagerConnectionSource.setUserName,asBuilder
AbstractDriverManagerConnectionSource.getConnection,loadDriver
AbstractDriverManagerConnectionSource.getConnection,getActualConnectionString
AbstractDriverManagerConnectionSource.getConnection,debug
AbstractDriverManagerConnectionSource.getConnection,getClass
AbstractDriverManagerConnectionSource.getConnection,getSimpleName
AbstractDriverManagerConnectionSource.getConnection,getConnection
AbstractDriverManagerConnectionSource.getConnection,toProperties
AbstractDriverManagerConnectionSource.getConnection,toString
AbstractDriverManagerConnectionSource.getConnection,getName
AbstractDriverManagerConnectionSource.getConnection,toHexString
AbstractDriverManagerConnectionSource.getConnection,hashCode
AbstractDriverManagerConnectionSource.loadDriver,loadDriver
AbstractDriverManagerConnectionSource.loadDriver,debug
AbstractDriverManagerConnectionSource.loadDriver,forName
AbstractDriverManagerConnectionSource.loadDriver,format
AbstractDriverManagerConnectionSource.loadDriver,getClass
AbstractDriverManagerConnectionSource.loadDriver,getSimpleName
AbstractDriverManagerConnectionSource.loadDriver,toString
AbstractDriverManagerConnectionSource.toProperties,setProperty
AbstractDriverManagerConnectionSource.toProperties,getName
AbstractDriverManagerConnectionSource.toProperties,getValue
AbstractDriverManagerConnectionSource.toString,valueOf
Builder.setConnectionString,asBuilder
Builder.setDriverClassName,asBuilder
Builder.setProperties,asBuilder
Builder.setUserName,asBuilder
DriverManagerConnectionSource.build,getDriverClassName
DriverManagerConnectionSource.build,getConnectionString
DriverManagerConnectionSource.build,getUserName
DriverManagerConnectionSource.build,getPassword
DriverManagerConnectionSource.build,getProperties
DriverManagerConnectionSource.newBuilder,asBuilder
ColumnConfig.build,isEmpty
ColumnConfig.build,error
ColumnConfig.build,isNotEmpty
ColumnConfig.build,newBuilder
ColumnConfig.build,setPattern
ColumnConfig.build,setConfiguration
ColumnConfig.build,setAlwaysWriteExceptions
ColumnConfig.build,build
ColumnConfig.createColumnConfig,isEmpty
ColumnConfig.createColumnConfig,error
ColumnConfig.createColumnConfig,parseBoolean
ColumnConfig.createColumnConfig,newBuilder
ColumnConfig.createColumnConfig,setConfiguration
ColumnConfig.createColumnConfig,setName
ColumnConfig.createColumnConfig,setPattern
ColumnConfig.createColumnConfig,setLiteral
ColumnConfig.createColumnConfig,setEventTimestamp
ColumnConfig.createColumnConfig,setUnicode
ColumnConfig.createColumnConfig,setClob
ColumnConfig.createColumnConfig,build
JdbcAppender.build,isEmpty
JdbcAppender.build,error
JdbcAppender.build,getName
JdbcAppender.build,toString
JdbcAppender.build,getManager
JdbcAppender.build,getLayout
JdbcAppender.build,getFilter
JdbcAppender.build,isIgnoreExceptions
JdbcAppender.build,getPropertyArray
JdbcAppender.setBufferSize,asBuilder
JdbcAppender.setColumnConfigs,asBuilder
JdbcAppender.setColumnMappings,asBuilder
JdbcAppender.setConnectionSource,asBuilder
JdbcAppender.setTableName,asBuilder
JdbcAppender.setTruncateStrings,asBuilder
JdbcAppender.createAppender,requireNonEmpty
JdbcAppender.createAppender,requireNonNull
JdbcAppender.createAppender,parseInt
JdbcAppender.createAppender,parseBoolean
JdbcAppender.createAppender,JdbcAppender
JdbcAppender.createAppender,setBufferSize
JdbcAppender.createAppender,setColumnConfigs
JdbcAppender.createAppender,setConnectionSource
JdbcAppender.createAppender,setTableName
JdbcAppender.createAppender,setName
JdbcAppender.createAppender,setIgnoreExceptions
JdbcAppender.createAppender,setFilter
JdbcAppender.createAppender,build
JdbcAppender.newBuilder,asBuilder
Builder.setColumnConfigs,asBuilder
Builder.setColumnMappings,asBuilder
Builder.setConnectionSource,asBuilder
Builder.setTableName,asBuilder
Builder.setTruncateStrings,asBuilder
Routes.build,error
Routes.build,warn
Routes.build,getScriptManager
Routes.build,addScript
Routes.build,getConfiguration
Routes.createRoutes,error
Routes.getPattern,getScriptManager
Routes.getPattern,createBindings
Routes.getPattern,put
Routes.getPattern,execute
Routes.getPattern,getId
Routes.getPattern,remove
Routes.getPattern,toString
Routes.getRoute,equals
Routes.getRoute,getKey
Routes.toString,append
Routes.toString,toString
RoutingAppender.build,getName
RoutingAppender.build,error
RoutingAppender.build,getConfiguration
RoutingAppender.build,getScriptManager
RoutingAppender.build,addScript
RoutingAppender.build,getFilter
RoutingAppender.build,isIgnoreExceptions
RoutingAppender.build,getPropertyArray
RoutingAppender.setRoutes,asBuilder
RoutingAppender.setDefaultRouteScript,asBuilder
RoutingAppender.setRewritePolicy,asBuilder
RoutingAppender.withRoutes,asBuilder
RoutingAppender.withDefaultRouteScript,asBuilder
RoutingAppender.withRewritePolicy,asBuilder
RoutingAppender.newBuilder,asBuilder
RoutingAppender.start,error
RoutingAppender.start,getScriptManager
RoutingAppender.start,createBindings
RoutingAppender.start,put
RoutingAppender.start,execute
RoutingAppender.start,getId
RoutingAppender.start,getRoute
RoutingAppender.start,toString
RoutingAppender.start,getRoutes
RoutingAppender.start,getAppenderRef
RoutingAppender.start,getAppender
RoutingAppender.start,getKey
RoutingAppender.stop,setStopping
RoutingAppender.stop,entrySet
RoutingAppender.stop,getValue
RoutingAppender.stop,getAppender
RoutingAppender.stop,stop
RoutingAppender.stop,setStopped
RoutingAppender.append,rewrite
RoutingAppender.append,getPattern
RoutingAppender.append,getStrSubstitutor
RoutingAppender.append,replace
RoutingAppender.append,getKey
RoutingAppender.append,getControl
RoutingAppender.append,callAppender
RoutingAppender.append,release
RoutingAppender.append,updatePurgePolicy
RoutingAppender.updatePurgePolicy,containsKey
RoutingAppender.updatePurgePolicy,update
RoutingAppender.getControl,getAppender
RoutingAppender.getControl,checkout
RoutingAppender.getControl,getRoutes
RoutingAppender.getControl,getAppenderRef
RoutingAppender.getControl,equals
RoutingAppender.getControl,getKey
RoutingAppender.getControl,createAppender
RoutingAppender.getControl,put
RoutingAppender.getAppender,get
RoutingAppender.createAppender,getNode
RoutingAppender.createAppender,getChildren
RoutingAppender.createAppender,getType
RoutingAppender.createAppender,getElementName
RoutingAppender.createAppender,equals
RoutingAppender.createAppender,createConfiguration
RoutingAppender.createAppender,getObject
RoutingAppender.createAppender,start
RoutingAppender.createAppender,error
RoutingAppender.createAppender,getName
RoutingAppender.createAppender,getKey
RoutingAppender.createAppender,parseBoolean
RoutingAppender.deleteAppender,debug
RoutingAppender.deleteAppender,remove
RoutingAppender.deleteAppender,tryStopAppender
RoutingAppender.deleteAppender,containsKey
RoutingAppender.checkout,warn
RoutingAppender.checkout,incrementAndGet
RoutingAppender.release,decrementAndGet
RoutingAppender.release,tryStopAppender
RoutingAppender.tryStopAppender,compareAndSet
RoutingAppender.tryStopAppender,getAppender
RoutingAppender.tryStopAppender,debug
RoutingAppender.tryStopAppender,stop
Builder.setRoutes,asBuilder
Builder.setDefaultRouteScript,asBuilder
Builder.setRewritePolicy,asBuilder
Builder.withRoutes,asBuilder
Builder.withDefaultRouteScript,asBuilder
Builder.withRewritePolicy,asBuilder
CreatedRouteAppenderControl.checkout,warn
CreatedRouteAppenderControl.checkout,incrementAndGet
CreatedRouteAppenderControl.release,decrementAndGet
CreatedRouteAppenderControl.release,tryStopAppender
CreatedRouteAppenderControl.tryStopAppender,compareAndSet
CreatedRouteAppenderControl.tryStopAppender,getAppender
CreatedRouteAppenderControl.tryStopAppender,debug
CreatedRouteAppenderControl.tryStopAppender,stop
Route.toString,append
Route.toString,getName
Route.toString,toString
Route.createRoute,hasChildren
Route.createRoute,error
IdlePurgePolicy.stop,setStopping
IdlePurgePolicy.stop,stop
IdlePurgePolicy.stop,setStopped
IdlePurgePolicy.purge,currentTimeMillis
IdlePurgePolicy.purge,entrySet
IdlePurgePolicy.purge,getValue
IdlePurgePolicy.purge,remove
IdlePurgePolicy.purge,getKey
IdlePurgePolicy.purge,debug
IdlePurgePolicy.purge,deleteAppender
IdlePurgePolicy.update,currentTimeMillis
IdlePurgePolicy.update,put
IdlePurgePolicy.update,scheduleNext
IdlePurgePolicy.run,purge
IdlePurgePolicy.run,scheduleNext
IdlePurgePolicy.scheduleNext,entrySet
IdlePurgePolicy.scheduleNext,getValue
IdlePurgePolicy.scheduleNext,currentTimeMillis
IdlePurgePolicy.scheduleNext,schedule
IdlePurgePolicy.createPurgePolicy,error
IdlePurgePolicy.createPurgePolicy,valueOf
IdlePurgePolicy.createPurgePolicy,toRootUpperCase
IdlePurgePolicy.createPurgePolicy,toMillis
IdlePurgePolicy.createPurgePolicy,parseLong
IdlePurgePolicy.createPurgePolicy,getScheduler
NoSqlDatabaseManager.createManager,requireNonNull
NoSqlDatabaseManager.createManager,getBufferSize
NoSqlDatabaseManager.createManager,getConfiguration
NoSqlDatabaseManager.getNoSqlDatabaseManager,getManager
NoSqlDatabaseManager.buildMarkerEntity,createObject
NoSqlDatabaseManager.buildMarkerEntity,set
NoSqlDatabaseManager.buildMarkerEntity,getName
NoSqlDatabaseManager.buildMarkerEntity,getParents
NoSqlDatabaseManager.buildMarkerEntity,buildMarkerEntity
NoSqlDatabaseManager.connectAndStart,getConnection
NoSqlDatabaseManager.convertStackTrace,createList
NoSqlDatabaseManager.convertStackTrace,convertStackTraceElement
NoSqlDatabaseManager.convertStackTraceElement,createObject
NoSqlDatabaseManager.convertStackTraceElement,set
NoSqlDatabaseManager.convertStackTraceElement,getClassName
NoSqlDatabaseManager.convertStackTraceElement,getMethodName
NoSqlDatabaseManager.convertStackTraceElement,getFileName
NoSqlDatabaseManager.convertStackTraceElement,getLineNumber
NoSqlDatabaseManager.setAdditionalFields,createObject
NoSqlDatabaseManager.setAdditionalFields,getStrSubstitutor
NoSqlDatabaseManager.setAdditionalFields,of
NoSqlDatabaseManager.setAdditionalFields,forEach
NoSqlDatabaseManager.setAdditionalFields,set
NoSqlDatabaseManager.setAdditionalFields,getKey
NoSqlDatabaseManager.setAdditionalFields,replace
NoSqlDatabaseManager.setAdditionalFields,getValue
NoSqlDatabaseManager.setFields,set
NoSqlDatabaseManager.setFields,getLevel
NoSqlDatabaseManager.setFields,getLoggerName
NoSqlDatabaseManager.setFields,getMessage
NoSqlDatabaseManager.setFields,getFormattedMessage
NoSqlDatabaseManager.setFields,getSource
NoSqlDatabaseManager.setFields,convertStackTraceElement
NoSqlDatabaseManager.setFields,getMarker
NoSqlDatabaseManager.setFields,buildMarkerEntity
NoSqlDatabaseManager.setFields,getThreadId
NoSqlDatabaseManager.setFields,getThreadName
NoSqlDatabaseManager.setFields,getThreadPriority
NoSqlDatabaseManager.setFields,getTimeMillis
NoSqlDatabaseManager.setFields,getThrown
NoSqlDatabaseManager.setFields,createObject
NoSqlDatabaseManager.setFields,getClass
NoSqlDatabaseManager.setFields,getName
NoSqlDatabaseManager.setFields,convertStackTrace
NoSqlDatabaseManager.setFields,getStackTrace
NoSqlDatabaseManager.setFields,getCause
NoSqlDatabaseManager.setFields,getContextData
NoSqlDatabaseManager.setFields,forEach
NoSqlDatabaseManager.setFields,getContextStack
NoSqlDatabaseManager.setFields,asList
NoSqlDatabaseManager.setFields,toArray
NoSqlDatabaseManager.shutdownInternal,closeSilently
NoSqlDatabaseManager.writeInternal,isRunning
NoSqlDatabaseManager.writeInternal,isClosed
NoSqlDatabaseManager.writeInternal,createObject
NoSqlDatabaseManager.writeInternal,setFields
NoSqlDatabaseManager.writeInternal,setAdditionalFields
NoSqlDatabaseManager.writeInternal,insertObject
NoSQLDatabaseManagerFactory.createManager,requireNonNull
NoSQLDatabaseManagerFactory.createManager,getBufferSize
NoSQLDatabaseManagerFactory.createManager,getConfiguration
DefaultNoSqlObject.set,put
DefaultNoSqlObject.set,unwrap
DefaultNoSqlObject.set,asList
DefaultNoSqlObject.set,add
AbstractNoSqlConnection.close,compareAndSet
AbstractNoSqlConnection.close,closeImpl
AbstractNoSqlConnection.isClosed,get
NoSqlAppender.build,getName
NoSqlAppender.build,error
NoSqlAppender.build,getNoSqlDatabaseManager
NoSqlAppender.build,getConfiguration
NoSqlAppender.build,getFilter
NoSqlAppender.build,getLayout
NoSqlAppender.build,isIgnoreExceptions
NoSqlAppender.build,getPropertyArray
NoSqlAppender.setBufferSize,asBuilder
NoSqlAppender.setProvider,asBuilder
NoSqlAppender.createAppender,error
NoSqlAppender.createAppender,parseInt
NoSqlAppender.createAppender,parseBoolean
NoSqlAppender.createAppender,getNoSqlDatabaseManager
NoSqlAppender.newBuilder,asBuilder
Builder.setProvider,asBuilder
JmsAppender.setPassword,toCharArray
JmsManager.createMessageConsumer,createConsumer
KafkaManager.releaseSub,closeProducer
KafkaManager.closeProducer,close
KafkaManager.closeProducer,setDaemon
KafkaManager.closeProducer,start
KafkaManager.closeProducer,join
KafkaManager.closeProducer,toMillis
KafkaManager.closeProducer,currentThread
KafkaManager.closeProducer,interrupt
KafkaManager.send,send
KafkaManager.send,contains
KafkaManager.send,getLoggerContext
KafkaManager.send,getConfiguration
KafkaManager.send,getStrSubstitutor
KafkaManager.send,replace
KafkaManager.send,getBytes
KafkaManager.send,get
KafkaManager.send,error
KafkaManager.send,getName
KafkaManager.startup,newKafkaProducer
KafkaManager.getManager,getManager
KafkaManager.getManager,append
KafkaManager.getManager,getName
KafkaManager.getManager,getValue
KafkaManager.getManager,toString
KafkaAppender.build,getLayout
KafkaAppender.build,error
KafkaAppender.build,getManager
KafkaAppender.build,getConfiguration
KafkaAppender.build,getLoggerContext
KafkaAppender.build,getName
KafkaAppender.build,getPropertyArray
KafkaAppender.build,getFilter
KafkaAppender.build,isIgnoreExceptions
KafkaAppender.build,getRetryCount
KafkaAppender.getRetryCount,valueOf
KafkaAppender.setKey,asBuilder
KafkaAppender.setRetryCount,parseInt
KafkaAppender.setRetryCount,asBuilder
KafkaAppender.setSendEventTimestamp,asBuilder
KafkaAppender.setSyncSend,asBuilder
KafkaAppender.setTopic,asBuilder
KafkaAppender.createAppender,error
KafkaAppender.createAppender,getManager
KafkaAppender.createAppender,getLoggerContext
KafkaAppender.isRecursive,of
KafkaAppender.isRecursive,anyMatch
KafkaAppender.isRecursive,getLoggerName
KafkaAppender.isRecursive,startsWith
KafkaAppender.newBuilder,asBuilder
KafkaAppender.append,getLoggerName
KafkaAppender.append,isRecursive
KafkaAppender.append,warn
KafkaAppender.append,getName
KafkaAppender.append,tryAppend
KafkaAppender.append,error
KafkaAppender.start,startup
KafkaAppender.stop,setStopping
KafkaAppender.stop,stop
KafkaAppender.stop,setStopped
KafkaAppender.toString,getName
KafkaAppender.toString,getState
KafkaAppender.toString,getTopic
KafkaAppender.tryAppend,getLayout
KafkaAppender.tryAppend,getHeader
KafkaAppender.tryAppend,toByteArray
KafkaAppender.tryAppend,arraycopy
KafkaAppender.tryAppend,send
KafkaAppender.tryAppend,getTimeMillis
Builder.getRetryCount,valueOf
Builder.setKey,asBuilder
Builder.setRetryCount,parseInt
Builder.setRetryCount,asBuilder
Builder.setSendEventTimestamp,asBuilder
Builder.setSyncSend,asBuilder
Builder.setTopic,asBuilder
JeroMqManager.send,send
JeroMqManager.releaseSub,close
JeroMqManager.getJeroMqManager,getManager
JeroMqManager.getContext,getContext
JeroMqManager.toString,toString
JeroMqConfiguration.toString,toString
JeroMqAppender.createAppender,createDefaultLayout
JeroMqAppender.createAppender,equalsIgnoreCase
JeroMqAppender.createAppender,getName
JeroMqAppender.createAppender,getValue
JeroMqAppender.createAppender,isNotEmpty
JeroMqAppender.createAppender,add
JeroMqAppender.createAppender,debug
JeroMqAppender.append,getLayout
JeroMqAppender.append,toByteArray
JeroMqAppender.append,send
JeroMqAppender.append,error
JeroMqAppender.append,getName
JeroMqAppender.stop,setStopping
JeroMqAppender.stop,stop
JeroMqAppender.stop,setStopped
JeroMqAppender.toString,getName
JeroMqAppender.toString,getState
ThreadContextDataProvider.supplyContextData,getImmutableContext
ThreadContextDataProvider.supplyStringMap,getThreadContextMap
ThreadContextDataProvider.supplyStringMap,getReadOnlyContextData
ThrowableProxyHelper.toExtendedStackTrace,equals
ThrowableProxyHelper.toExtendedStackTrace,setCommonElementCount
ThrowableProxyHelper.toExtendedStackTrace,isEmpty
ThrowableProxyHelper.toExtendedStackTrace,peekLast
ThrowableProxyHelper.toExtendedStackTrace,getClassName
ThrowableProxyHelper.toExtendedStackTrace,getName
ThrowableProxyHelper.toExtendedStackTrace,toCacheEntry
ThrowableProxyHelper.toExtendedStackTrace,pollLast
ThrowableProxyHelper.toExtendedStackTrace,get
ThrowableProxyHelper.toExtendedStackTrace,loadClass
ThrowableProxyHelper.toExtendedStackTrace,put
ThrowableProxyHelper.toSuppressedProxies,getSuppressed
ThrowableProxyHelper.toSuppressedProxies,add
ThrowableProxyHelper.toSuppressedProxies,toArray
ThrowableProxyHelper.toSuppressedProxies,getLogger
ThrowableProxyHelper.toSuppressedProxies,error
ThrowableProxyHelper.toCacheEntry,getProtectionDomain
ThrowableProxyHelper.toCacheEntry,getCodeSource
ThrowableProxyHelper.toCacheEntry,getLocation
ThrowableProxyHelper.toCacheEntry,toString
ThrowableProxyHelper.toCacheEntry,replace
ThrowableProxyHelper.toCacheEntry,lastIndexOf
ThrowableProxyHelper.toCacheEntry,length
ThrowableProxyHelper.toCacheEntry,substring
ThrowableProxyHelper.toCacheEntry,getPackage
ThrowableProxyHelper.toCacheEntry,getImplementationVersion
ThrowableProxyHelper.toCacheEntry,getClassLoader
ThrowableProxyHelper.loadClass,loadClass
ThrowableProxyHelper.loadClass,getClassLoader
MutableLogEvent.toImmutable,createMemento
MutableLogEvent.initFrom,getLoggerFqcn
MutableLogEvent.initFrom,getMarker
MutableLogEvent.initFrom,getLevel
MutableLogEvent.initFrom,getLoggerName
MutableLogEvent.initFrom,getThrown
MutableLogEvent.initFrom,initFrom
MutableLogEvent.initFrom,getInstant
MutableLogEvent.initFrom,putAll
MutableLogEvent.initFrom,getContextData
MutableLogEvent.initFrom,getContextStack
MutableLogEvent.initFrom,isIncludeLocation
MutableLogEvent.initFrom,getSource
MutableLogEvent.initFrom,getThreadId
MutableLogEvent.initFrom,getThreadName
MutableLogEvent.initFrom,getThreadPriority
MutableLogEvent.initFrom,isEndOfBatch
MutableLogEvent.initFrom,getNanoTime
MutableLogEvent.initFrom,setMessage
MutableLogEvent.initFrom,getMessage
MutableLogEvent.clear,isFrozen
MutableLogEvent.clear,clear
MutableLogEvent.clear,trimToMaxSize
MutableLogEvent.clear,fill
MutableLogEvent.setMessage,formatTo
MutableLogEvent.setMessage,getMessageTextForWriting
MutableLogEvent.setMessage,getFormat
MutableLogEvent.setMessage,swapParameters
MutableLogEvent.setMessage,getParameterCount
MutableLogEvent.setMessage,makeMessageImmutable
MutableLogEvent.getMessageTextForWriting,setLength
MutableLogEvent.getFormattedMessage,toString
MutableLogEvent.getParameters,copyOf
MutableLogEvent.forEachParameter,accept
MutableLogEvent.getThrowable,getThrown
MutableLogEvent.formatTo,append
MutableLogEvent.memento,valueOf
MutableLogEvent.memento,getParameters
MutableLogEvent.initTime,initFromEpochMilli
MutableLogEvent.initTime,initFrom
MutableLogEvent.initTime,nanoTime
MutableLogEvent.getTimeMillis,getEpochMillisecond
MutableLogEvent.setTimeMillis,initFromEpochMilli
MutableLogEvent.getSource,calcLocation
MutableLogEvent.getContextMap,toMap
MutableLogEvent.writeReplace,serialize
MutableLogEvent.createMemento,toImmutable
MutableLogEvent.initializeBuilder,setContextData
MutableLogEvent.initializeBuilder,setContextStack
MutableLogEvent.initializeBuilder,setEndOfBatch
MutableLogEvent.initializeBuilder,setIncludeLocation
MutableLogEvent.initializeBuilder,setLevel
MutableLogEvent.initializeBuilder,getLevel
MutableLogEvent.initializeBuilder,setLoggerFqcn
MutableLogEvent.initializeBuilder,setLoggerName
MutableLogEvent.initializeBuilder,setMarker
MutableLogEvent.initializeBuilder,setMessage
MutableLogEvent.initializeBuilder,memento
MutableLogEvent.initializeBuilder,setNanoTime
MutableLogEvent.initializeBuilder,setSource
MutableLogEvent.initializeBuilder,setThreadId
MutableLogEvent.initializeBuilder,setThreadName
MutableLogEvent.initializeBuilder,setThreadPriority
MutableLogEvent.initializeBuilder,setThrown
MutableLogEvent.initializeBuilder,getThrown
MutableLogEvent.initializeBuilder,setInstant
ThrowableFormatOptions.minLines,min
ThrowableFormatOptions.hasPackages,isEmpty
ThrowableFormatOptions.toString,append
ThrowableFormatOptions.toString,allLines
ThrowableFormatOptions.toString,anyLines
ThrowableFormatOptions.toString,valueOf
ThrowableFormatOptions.toString,hasPackages
ThrowableFormatOptions.toString,deleteCharAt
ThrowableFormatOptions.toString,length
ThrowableFormatOptions.toString,toString
ThrowableFormatOptions.newInstance,isNotEmpty
ThrowableFormatOptions.newInstance,split
ThrowableFormatOptions.newInstance,trim
ThrowableFormatOptions.newInstance,equalsIgnoreCase
ThrowableFormatOptions.newInstance,hasNextInt
ThrowableFormatOptions.newInstance,getSuffix
ThrowableFormatOptions.newInstance,isEmpty
ThrowableFormatOptions.newInstance,startsWith
ThrowableFormatOptions.newInstance,endsWith
ThrowableFormatOptions.newInstance,substring
ThrowableFormatOptions.newInstance,length
ThrowableFormatOptions.newInstance,add
ThrowableFormatOptions.newInstance,equals
ThrowableFormatOptions.newInstance,parseInt
ThreadContextDataInjector.getServiceProviders,safeStream
ThreadContextDataInjector.getServiceProviders,forEach
ThreadContextDataInjector.getServiceProviders,load
ThreadContextDataInjector.getServiceProviders,getClassLoader
ThreadContextDataInjector.getServiceProviders,unmodifiableList
ThreadContextDataInjector.getValue,getValue
ThreadContextDataInjector.injectContextData,size
ThreadContextDataInjector.injectContextData,get
ThreadContextDataInjector.injectContextData,supplyContextData
ThreadContextDataInjector.injectContextData,putAll
ThreadContextDataInjector.injectContextData,isEmpty
ThreadContextDataInjector.injectContextData,emptyFrozenContextData
ThreadContextDataInjector.injectContextData,frozenStringMap
ThreadContextDataInjector.injectContextData,containsKey
ThreadContextDataInjector.injectContextData,getName
ThreadContextDataInjector.injectContextData,putValue
ThreadContextDataInjector.injectContextData,getValue
ThreadContextDataInjector.injectContextData,freeze
ThreadContextDataInjector.injectContextData,copyProperties
ThreadContextDataInjector.injectContextData,supplyStringMap
ThreadContextDataInjector.injectContextData,createContextData
ThreadContextDataInjector.rawContextData,getThreadContextMap
ThreadContextDataInjector.rawContextData,getReadOnlyContextData
ThreadContextDataInjector.rawContextData,getImmutableContext
ThreadContextDataInjector.rawContextData,isEmpty
ThreadContextDataInjector.rawContextData,emptyFrozenContextData
ThreadContextDataInjector.copyProperties,size
ThreadContextDataInjector.copyProperties,get
ThreadContextDataInjector.copyProperties,putValue
ThreadContextDataInjector.copyProperties,getName
ThreadContextDataInjector.copyProperties,getValue
ThreadContextDataInjector.getProviders,size
ThreadContextDataInjector.getProviders,addAll
AbstractContextDataInjector.getValue,getValue
ForDefaultThreadContextMap.injectContextData,size
ForDefaultThreadContextMap.injectContextData,get
ForDefaultThreadContextMap.injectContextData,supplyContextData
ForDefaultThreadContextMap.injectContextData,putAll
ForDefaultThreadContextMap.injectContextData,isEmpty
ForDefaultThreadContextMap.injectContextData,emptyFrozenContextData
ForDefaultThreadContextMap.injectContextData,frozenStringMap
ForDefaultThreadContextMap.injectContextData,containsKey
ForDefaultThreadContextMap.injectContextData,getName
ForDefaultThreadContextMap.injectContextData,putValue
ForDefaultThreadContextMap.injectContextData,getValue
ForDefaultThreadContextMap.injectContextData,freeze
ForDefaultThreadContextMap.rawContextData,getThreadContextMap
ForDefaultThreadContextMap.rawContextData,getReadOnlyContextData
ForDefaultThreadContextMap.rawContextData,getImmutableContext
ForDefaultThreadContextMap.rawContextData,isEmpty
ForDefaultThreadContextMap.rawContextData,emptyFrozenContextData
ForGarbageFreeThreadContextMap.injectContextData,copyProperties
ForGarbageFreeThreadContextMap.injectContextData,size
ForGarbageFreeThreadContextMap.injectContextData,putAll
ForGarbageFreeThreadContextMap.injectContextData,get
ForGarbageFreeThreadContextMap.injectContextData,supplyStringMap
ForGarbageFreeThreadContextMap.rawContextData,getThreadContextMap
ForGarbageFreeThreadContextMap.rawContextData,getReadOnlyContextData
ForCopyOnWriteThreadContextMap.injectContextData,size
ForCopyOnWriteThreadContextMap.injectContextData,isEmpty
ForCopyOnWriteThreadContextMap.injectContextData,get
ForCopyOnWriteThreadContextMap.injectContextData,supplyStringMap
ForCopyOnWriteThreadContextMap.injectContextData,createContextData
ForCopyOnWriteThreadContextMap.injectContextData,copyProperties
ForCopyOnWriteThreadContextMap.injectContextData,putAll
ForCopyOnWriteThreadContextMap.rawContextData,getThreadContextMap
ForCopyOnWriteThreadContextMap.rawContextData,getReadOnlyContextData
ThrowableProxyRenderer.formatWrapper,getCauseProxy
ThrowableProxyRenderer.formatWrapper,getThrowable
ThrowableProxyRenderer.formatWrapper,formatWrapper
ThrowableProxyRenderer.formatWrapper,append
ThrowableProxyRenderer.formatWrapper,renderSuffix
ThrowableProxyRenderer.formatWrapper,renderOn
ThrowableProxyRenderer.formatWrapper,render
ThrowableProxyRenderer.formatWrapper,formatElements
ThrowableProxyRenderer.formatWrapper,getCommonElementCount
ThrowableProxyRenderer.formatWrapper,getStackTrace
ThrowableProxyRenderer.formatWrapper,getExtendedStackTrace
ThrowableProxyRenderer.formatCause,formatThrowableProxy
ThrowableProxyRenderer.formatThrowableProxy,render
ThrowableProxyRenderer.formatThrowableProxy,renderOn
ThrowableProxyRenderer.formatThrowableProxy,renderSuffix
ThrowableProxyRenderer.formatThrowableProxy,formatElements
ThrowableProxyRenderer.formatThrowableProxy,getCommonElementCount
ThrowableProxyRenderer.formatThrowableProxy,getStackTrace
ThrowableProxyRenderer.formatThrowableProxy,getExtendedStackTrace
ThrowableProxyRenderer.formatThrowableProxy,formatSuppressed
ThrowableProxyRenderer.formatThrowableProxy,getSuppressedProxies
ThrowableProxyRenderer.formatThrowableProxy,formatCause
ThrowableProxyRenderer.formatThrowableProxy,getCauseProxy
ThrowableProxyRenderer.formatSuppressed,formatThrowableProxy
ThrowableProxyRenderer.formatElements,isEmpty
ThrowableProxyRenderer.formatElements,formatEntry
ThrowableProxyRenderer.formatElements,ignoreElement
ThrowableProxyRenderer.formatElements,appendSuppressedCount
ThrowableProxyRenderer.formatElements,render
ThrowableProxyRenderer.formatElements,toString
ThrowableProxyRenderer.formatElements,renderSuffix
ThrowableProxyRenderer.renderSuffix,isEmpty
ThrowableProxyRenderer.renderSuffix,render
ThrowableProxyRenderer.appendSuppressedCount,render
ThrowableProxyRenderer.appendSuppressedCount,toString
ThrowableProxyRenderer.appendSuppressedCount,renderSuffix
ThrowableProxyRenderer.formatEntry,render
ThrowableProxyRenderer.formatEntry,renderOn
ThrowableProxyRenderer.formatEntry,renderSuffix
ThrowableProxyRenderer.ignoreElement,getClassName
ThrowableProxyRenderer.ignoreElement,startsWith
ThrowableProxyRenderer.formatExtendedStackTraceTo,render
ThrowableProxyRenderer.formatExtendedStackTraceTo,getName
ThrowableProxyRenderer.formatExtendedStackTraceTo,getMessage
ThrowableProxyRenderer.formatExtendedStackTraceTo,renderSuffix
ThrowableProxyRenderer.formatExtendedStackTraceTo,getThrowable
ThrowableProxyRenderer.formatExtendedStackTraceTo,getStackTrace
ThrowableProxyRenderer.formatExtendedStackTraceTo,formatElements
ThrowableProxyRenderer.formatExtendedStackTraceTo,getExtendedStackTrace
ThrowableProxyRenderer.formatExtendedStackTraceTo,formatSuppressed
ThrowableProxyRenderer.formatExtendedStackTraceTo,getSuppressedProxies
ThrowableProxyRenderer.formatExtendedStackTraceTo,formatCause
ThrowableProxyRenderer.formatExtendedStackTraceTo,getCauseProxy
ThrowableProxyRenderer.formatCauseStackTrace,getCauseProxy
ThrowableProxyRenderer.formatCauseStackTrace,formatWrapper
ThrowableProxyRenderer.formatCauseStackTrace,append
ThrowableProxyRenderer.formatCauseStackTrace,renderSuffix
ThrowableProxyRenderer.formatCauseStackTrace,renderOn
ThrowableProxyRenderer.formatCauseStackTrace,render
ThrowableProxyRenderer.formatCauseStackTrace,formatElements
ThrowableProxyRenderer.formatCauseStackTrace,getStackTrace
ThrowableProxyRenderer.formatCauseStackTrace,getExtendedStackTrace
ThrowableProxyRenderer.renderOn,getMessage
ThrowableProxyRenderer.renderOn,render
ThrowableProxyRenderer.renderOn,getName
ThrowableProxy.equals,getClass
ThrowableProxy.equals,equals
ThrowableProxy.formatWrapper,formatWrapper
ThrowableProxy.formatWrapper,getInstance
ThrowableProxy.getCauseStackTraceAsString,getCauseStackTraceAsString
ThrowableProxy.getCauseStackTraceAsString,getInstance
ThrowableProxy.getCauseStackTraceAsString,formatCauseStackTrace
ThrowableProxy.getCauseStackTraceAsString,toString
ThrowableProxy.getExtendedStackTraceAsString,getExtendedStackTraceAsString
ThrowableProxy.getExtendedStackTraceAsString,getInstance
ThrowableProxy.getExtendedStackTraceAsString,formatExtendedStackTraceTo
ThrowableProxy.getExtendedStackTraceAsString,toString
ThrowableProxy.formatExtendedStackTraceTo,formatExtendedStackTraceTo
ThrowableProxy.getStackTrace,getStackTrace
ThrowableProxy.getSuppressedStackTrace,getSuppressedProxies
ThrowableProxy.getSuppressedStackTrace,append
ThrowableProxy.getSuppressedStackTrace,getExtendedStackTraceAsString
ThrowableProxy.getSuppressedStackTrace,toString
ThrowableProxy.hashCode,hashCode
JdkMapAdapterStringMap.containsKey,containsKey
JdkMapAdapterStringMap.forEach,getSortedKeys
JdkMapAdapterStringMap.forEach,accept
JdkMapAdapterStringMap.forEach,get
JdkMapAdapterStringMap.getSortedKeys,keySet
JdkMapAdapterStringMap.getSortedKeys,toArray
JdkMapAdapterStringMap.getSortedKeys,sort
JdkMapAdapterStringMap.getValue,get
JdkMapAdapterStringMap.isEmpty,isEmpty
JdkMapAdapterStringMap.size,size
JdkMapAdapterStringMap.clear,isEmpty
JdkMapAdapterStringMap.clear,assertNotFrozen
JdkMapAdapterStringMap.clear,clear
JdkMapAdapterStringMap.putAll,assertNotFrozen
JdkMapAdapterStringMap.putAll,forEach
JdkMapAdapterStringMap.putValue,assertNotFrozen
JdkMapAdapterStringMap.putValue,put
JdkMapAdapterStringMap.putValue,valueOf
JdkMapAdapterStringMap.remove,containsKey
JdkMapAdapterStringMap.remove,assertNotFrozen
JdkMapAdapterStringMap.remove,remove
JdkMapAdapterStringMap.toString,size
JdkMapAdapterStringMap.toString,append
JdkMapAdapterStringMap.toString,getSortedKeys
JdkMapAdapterStringMap.toString,get
JdkMapAdapterStringMap.toString,toString
JdkMapAdapterStringMap.equals,size
JdkMapAdapterStringMap.equals,toMap
JdkMapAdapterStringMap.equals,equals
JdkMapAdapterStringMap.hashCode,toMap
JdkMapAdapterStringMap.hashCode,hashCode
Log4jProvider.getLoggerContextFactory,get
Log4jProvider.getThreadContextMapInstance,get
Log4jProvider.createThreadContextMap,getProperties
Log4jProvider.createThreadContextMap,getBooleanProperty
Log4jProvider.createThreadContextMap,getStringProperty
Log4jProvider.createThreadContextMap,newCheckedInstanceOf
Log4jProvider.createThreadContextMap,error
Log4jProvider.createThreadContextMap,warn
Log4jProvider.createThreadContextMap,getName
Log4jProvider.resetThreadContextMap,set
Log4jContextFactory.createContextSelector,newCheckedInstanceOfProperty
Log4jContextFactory.createContextSelector,error
Log4jContextFactory.createContextSelector,isOsAndroid
Log4jContextFactory.createShutdownCallbackRegistry,newCheckedInstanceOfProperty
Log4jContextFactory.createShutdownCallbackRegistry,error
Log4jContextFactory.initializeShutdownCallbackRegistry,isShutdownHookEnabled
Log4jContextFactory.initializeShutdownCallbackRegistry,error
Log4jContextFactory.getContext,getContext
Log4jContextFactory.getContext,getExternalContext
Log4jContextFactory.getContext,setExternalContext
Log4jContextFactory.getContext,getState
Log4jContextFactory.getContext,start
Log4jContextFactory.getContext,set
Log4jContextFactory.getContext,getInstance
Log4jContextFactory.getContext,getConfiguration
Log4jContextFactory.getContext,debug
Log4jContextFactory.getContext,getName
Log4jContextFactory.getContext,remove
Log4jContextFactory.getContext,setName
Log4jContextFactory.getContext,isEmpty
Log4jContextFactory.getContext,size
Log4jContextFactory.getContext,warn
Log4jContextFactory.getContext,toString
Log4jContextFactory.getContext,add
Log4jContextFactory.getContext,error
Log4jContextFactory.getContext,info
Log4jContextFactory.getContext,get
Log4jContextFactory.getContext,getConfigurationSource
Log4jContextFactory.getContext,getLocation
Log4jContextFactory.shutdown,hasContext
Log4jContextFactory.shutdown,shutdown
Log4jContextFactory.hasContext,hasContext
Log4jContextFactory.removeContext,removeContext
Log4jContextFactory.isClassLoaderDependent,isClassLoaderDependent
Log4jContextFactory.addShutdownCallback,isShutdownHookEnabled
Log4jContextFactory.addShutdownCallback,addShutdownCallback
Log4jLogEvent.setTimeMillis,initFromEpochMilli
Log4jLogEvent.setInstant,initFrom
Log4jLogEvent.setContextMap,createContextData
Log4jLogEvent.setContextMap,entrySet
Log4jLogEvent.setContextMap,putValue
Log4jLogEvent.setContextMap,getKey
Log4jLogEvent.setContextMap,getValue
Log4jLogEvent.build,initTimeFields
Log4jLogEvent.build,getEpochMillisecond
Log4jLogEvent.build,getNanoOfMillisecond
Log4jLogEvent.build,setIncludeLocation
Log4jLogEvent.build,setEndOfBatch
Log4jLogEvent.initTimeFields,getEpochMillisecond
Log4jLogEvent.initTimeFields,initFrom
Log4jLogEvent.createEvent,createContextData
Log4jLogEvent.createEvent,nanoTime
Log4jLogEvent.createContextData,createContextData
Log4jLogEvent.createContextData,entrySet
Log4jLogEvent.createContextData,putValue
Log4jLogEvent.createContextData,getKey
Log4jLogEvent.createContextData,getValue
Log4jLogEvent.createContextData,injectContextData
Log4jLogEvent.setNanoClock,requireNonNull
Log4jLogEvent.setNanoClock,getLogger
Log4jLogEvent.setNanoClock,trace
Log4jLogEvent.setNanoClock,getClass
Log4jLogEvent.setNanoClock,getSimpleName
Log4jLogEvent.toImmutable,getMessage
Log4jLogEvent.toImmutable,makeMessageImmutable
Log4jLogEvent.toImmutable,populateLazilyInitializedFields
Log4jLogEvent.populateLazilyInitializedFields,getSource
Log4jLogEvent.populateLazilyInitializedFields,getThreadId
Log4jLogEvent.populateLazilyInitializedFields,getThreadPriority
Log4jLogEvent.populateLazilyInitializedFields,getThreadName
Log4jLogEvent.makeMessageImmutable,makeMessageImmutable
Log4jLogEvent.getThreadId,currentThread
Log4jLogEvent.getThreadId,getId
Log4jLogEvent.getThreadName,currentThread
Log4jLogEvent.getThreadName,getName
Log4jLogEvent.getThreadPriority,currentThread
Log4jLogEvent.getThreadPriority,getPriority
Log4jLogEvent.getTimeMillis,getEpochMillisecond
Log4jLogEvent.getContextMap,toMap
Log4jLogEvent.getSource,calcLocation
Log4jLogEvent.deserialize,requireNonNull
Log4jLogEvent.deserialize,setEndOfBatch
Log4jLogEvent.deserialize,setIncludeLocation
Log4jLogEvent.deserialize,toString
Log4jLogEvent.createMemento,build
Log4jLogEvent.createMemento,isIncludeLocation
Log4jLogEvent.createMemento,setIncludeLocation
Log4jLogEvent.createMemento,createMemento
Log4jLogEvent.toString,isEmpty
Log4jLogEvent.toString,append
Log4jLogEvent.toString,name
Log4jLogEvent.toString,getFormattedMessage
Log4jLogEvent.toString,toString
Log4jLogEvent.equals,getClass
Log4jLogEvent.equals,equals
Log4jLogEvent.hashCode,hashCode
Log4jLogEvent.memento,memento
Log4jLogEvent.memento,createContextData
Log4jLogEvent.memento,putAll
Log4jLogEvent.writeObject,getFormattedMessage
Log4jLogEvent.writeObject,marshall
Log4jLogEvent.writeObject,defaultWriteObject
Log4jLogEvent.readResolve,message
Log4jLogEvent.readResolve,getThrowable
Log4jLogEvent.readResolve,setEndOfBatch
Log4jLogEvent.readResolve,setIncludeLocation
Log4jLogEvent.message,get
Builder.setTimeMillis,initFromEpochMilli
Builder.setInstant,initFrom
Builder.setContextMap,createContextData
Builder.setContextMap,entrySet
Builder.setContextMap,putValue
Builder.setContextMap,getKey
Builder.setContextMap,getValue
Builder.initTimeFields,getEpochMillisecond
Builder.initTimeFields,initFrom
LogEventProxy.memento,memento
LogEventProxy.memento,createContextData
LogEventProxy.memento,putAll
LogEventProxy.writeObject,getFormattedMessage
LogEventProxy.writeObject,marshall
LogEventProxy.writeObject,defaultWriteObject
LogEventProxy.readResolve,message
LogEventProxy.readResolve,getThrowable
LogEventProxy.readResolve,setEndOfBatch
LogEventProxy.readResolve,setIncludeLocation
LogEventProxy.message,get
ContextDataFactory.createCachedClass,loadClass
ContextDataFactory.createCachedClass,asSubclass
ContextDataFactory.createDefaultConstructor,getConstructor
ContextDataFactory.createInitialCapacityConstructor,getConstructor
ContextDataFactory.createContextData,newInstance
ContextDataFactory.createContextData,createContextData
ContextDataFactory.createContextData,size
ContextDataFactory.createContextData,entrySet
ContextDataFactory.createContextData,putValue
ContextDataFactory.createContextData,getKey
ContextDataFactory.createContextData,getValue
ContextDataFactory.createContextData,putAll
ContextDataInjectorFactory.createInjector,newCheckedInstanceOfProperty
ContextDataInjectorFactory.createInjector,getLogger
ContextDataInjectorFactory.createInjector,warn
ContextDataInjectorFactory.createInjector,getMessage
ContextDataInjectorFactory.createInjector,createDefaultInjector
ContextDataInjectorFactory.createDefaultInjector,getThreadContextMap
MementoMessage.formatTo,append
MementoMessage.toString,toString
ExtendedClassInfo.equals,equals
ExtendedClassInfo.hashCode,hash
ExtendedClassInfo.renderOn,render
ExtendedClassInfo.toString,renderOn
ExtendedClassInfo.toString,getInstance
ExtendedClassInfo.toString,toString
ReusableLogEventFactory.createEvent,createEvent
ReusableLogEventFactory.createEvent,getOrCreateMutableLogEvent
ReusableLogEventFactory.createEvent,setLoggerName
ReusableLogEventFactory.createEvent,setMarker
ReusableLogEventFactory.createEvent,setLoggerFqcn
ReusableLogEventFactory.createEvent,setLevel
ReusableLogEventFactory.createEvent,setMessage
ReusableLogEventFactory.createEvent,initTime
ReusableLogEventFactory.createEvent,getNanoClock
ReusableLogEventFactory.createEvent,setThrown
ReusableLogEventFactory.createEvent,setSource
ReusableLogEventFactory.createEvent,setContextData
ReusableLogEventFactory.createEvent,injectContextData
ReusableLogEventFactory.createEvent,getContextData
ReusableLogEventFactory.createEvent,setContextStack
ReusableLogEventFactory.createEvent,getDepth
ReusableLogEventFactory.createEvent,cloneStack
ReusableLogEventFactory.createEvent,currentThread
ReusableLogEventFactory.createEvent,setThreadId
ReusableLogEventFactory.createEvent,getId
ReusableLogEventFactory.createEvent,setThreadName
ReusableLogEventFactory.createEvent,getName
ReusableLogEventFactory.createEvent,setThreadPriority
ReusableLogEventFactory.createEvent,getPriority
ReusableLogEventFactory.getOrCreateMutableLogEvent,get
ReusableLogEventFactory.getOrCreateMutableLogEvent,createInstance
ReusableLogEventFactory.createInstance,setThreadId
ReusableLogEventFactory.createInstance,currentThread
ReusableLogEventFactory.createInstance,getId
ReusableLogEventFactory.createInstance,setThreadName
ReusableLogEventFactory.createInstance,getName
ReusableLogEventFactory.createInstance,setThreadPriority
ReusableLogEventFactory.createInstance,getPriority
ReusableLogEventFactory.createInstance,set
ReusableLogEventFactory.release,clear
ClassLoaderContextSelector.shutdown,get
ClassLoaderContextSelector.shutdown,findContext
ClassLoaderContextSelector.shutdown,getCallerClass
ClassLoaderContextSelector.shutdown,getClassLoader
ClassLoaderContextSelector.shutdown,stop
ClassLoaderContextSelector.contextShutdown,removeContext
ClassLoaderContextSelector.hasContext,get
ClassLoaderContextSelector.hasContext,findContext
ClassLoaderContextSelector.hasContext,getCallerClass
ClassLoaderContextSelector.hasContext,getClassLoader
ClassLoaderContextSelector.hasContext,isStarted
ClassLoaderContextSelector.findContext,getSystemClassLoader
ClassLoaderContextSelector.findContext,toContextMapKey
ClassLoaderContextSelector.findContext,get
ClassLoaderContextSelector.getContext,getContext
ClassLoaderContextSelector.getContext,get
ClassLoaderContextSelector.getContext,getDefault
ClassLoaderContextSelector.getContext,locateContext
ClassLoaderContextSelector.getContext,getCallerClass
ClassLoaderContextSelector.getContext,getClassLoader
ClassLoaderContextSelector.removeContext,entrySet
ClassLoaderContextSelector.removeContext,getValue
ClassLoaderContextSelector.removeContext,get
ClassLoaderContextSelector.removeContext,remove
ClassLoaderContextSelector.removeContext,getKey
ClassLoaderContextSelector.getLoggerContexts,values
ClassLoaderContextSelector.getLoggerContexts,get
ClassLoaderContextSelector.getLoggerContexts,add
ClassLoaderContextSelector.getLoggerContexts,unmodifiableList
ClassLoaderContextSelector.locateContext,getSystemClassLoader
ClassLoaderContextSelector.locateContext,toContextMapKey
ClassLoaderContextSelector.locateContext,get
ClassLoaderContextSelector.locateContext,getParent
ClassLoaderContextSelector.locateContext,createContext
ClassLoaderContextSelector.locateContext,putObject
ClassLoaderContextSelector.locateContext,getKey
ClassLoaderContextSelector.locateContext,getValue
ClassLoaderContextSelector.locateContext,computeIfAbsent
ClassLoaderContextSelector.locateContext,addShutdownListener
ClassLoaderContextSelector.locateContext,getObject
ClassLoaderContextSelector.locateContext,getConfigLocation
ClassLoaderContextSelector.locateContext,debug
ClassLoaderContextSelector.locateContext,setConfigLocation
ClassLoaderContextSelector.locateContext,equals
ClassLoaderContextSelector.locateContext,warn
ClassLoaderContextSelector.locateContext,compareAndSet
ClassLoaderContextSelector.toContextMapKey,toHexString
ClassLoaderContextSelector.toContextMapKey,identityHashCode
ClassLoaderContextSelector.getDefault,get
BasicContextSelector.shutdown,getContext
BasicContextSelector.shutdown,isStarted
BasicContextSelector.shutdown,stop
BasicContextSelector.hasContext,getContext
BasicContextSelector.hasContext,isStarted
BasicContextSelector.getContext,get
BasicContextSelector.locateContext,get
BasicContextSelector.getLoggerContexts,singletonList
BasicContextSelector.getLoggerContexts,get
JndiContextSelector.shutdown,get
JndiContextSelector.shutdown,getContextName
JndiContextSelector.shutdown,stop
JndiContextSelector.hasContext,get
JndiContextSelector.hasContext,getContextName
JndiContextSelector.hasContext,isStarted
JndiContextSelector.getContext,getContext
JndiContextSelector.getContext,get
JndiContextSelector.getContext,getContextName
JndiContextSelector.getContext,locateContext
JndiContextSelector.getContextName,getDefaultManager
JndiContextSelector.getContextName,lookup
JndiContextSelector.getContextName,error
JndiContextSelector.locateContext,error
JndiContextSelector.locateContext,containsKey
JndiContextSelector.locateContext,putIfAbsent
JndiContextSelector.locateContext,get
JndiContextSelector.removeContext,entrySet
JndiContextSelector.removeContext,getValue
JndiContextSelector.removeContext,equals
JndiContextSelector.removeContext,remove
JndiContextSelector.removeContext,getKey
JndiContextSelector.getLoggerContexts,unmodifiableList
JndiContextSelector.getLoggerContexts,values
Generate.declaration,nanoTime
Generate.main,generate
Generate.parse,size
Generate.parse,add
Generate.parse,get
Generate.parse,println
Generate.parse,toString
Generate.parse,usage
Generate.parse,exit
Generate.generate,generate
Generate.generate,validate
Generate.generate,usage
Generate.generate,generator
Generate.generate,exit
Generate.generate,asList
Generate.generate,remove
Generate.generate,parse
Generate.generate,println
Generate.generate,generateSource
Generate.generateExtend,generate
Generate.generateCustom,generate
Generate.usage,println
Generate.usage,getName
Generate.generateSource,size
Generate.generateSource,lastIndexOf
Generate.generateSource,substring
Generate.generateSource,isEmpty
Generate.generateSource,append
Generate.generateSource,format
Generate.generateSource,imports
Generate.generateSource,javadocDescription
Generate.generateSource,declaration
Generate.generateSource,constructor
Generate.generateSource,replaceAll
Generate.generateSource,camelCase
Generate.generateSource,getProperty
Generate.generateSource,toString
Generate.javadocDescription,size
Generate.javadocDescription,get
Generate.javadocDescription,append
Generate.javadocDescription,toString
Generate.camelCase,length
Generate.camelCase,toCharArray
Generate.camelCase,append
Generate.camelCase,toLowerCase
Generate.camelCase,toUpperCase
Generate.camelCase,toString
CustomLogger.main,generate
ExtendedLogger.main,generate
LevelInfo.parse,size
LevelInfo.parse,add
LevelInfo.parse,get
LevelInfo.parse,println
LevelInfo.parse,toString
LevelInfo.parse,usage
LevelInfo.parse,exit
CustomLoggerGenerator.main,main
ExtendedLoggerGenerator.main,main
CommandLine.addSubcommand,toCommandLine
CommandLine.addSubcommand,put
CommandLine.setOverwrittenOptionsAllowed,values
CommandLine.setOverwrittenOptionsAllowed,setOverwrittenOptionsAllowed
CommandLine.setUnmatchedArgumentsAllowed,values
CommandLine.setUnmatchedArgumentsAllowed,setUnmatchedArgumentsAllowed
CommandLine.populateCommand,toCommandLine
CommandLine.populateCommand,parse
CommandLine.parse,parse
CommandLine.parse,notNull
CommandLine.parse,isInfo
CommandLine.parse,info
CommandLine.parse,toString
CommandLine.parse,push
CommandLine.parse,getClass
CommandLine.parse,isDebug
CommandLine.parse,debug
CommandLine.parse,getName
CommandLine.parse,size
CommandLine.parse,values
CommandLine.parse,add
CommandLine.parse,sort
CommandLine.parse,processArguments
CommandLine.parse,create
CommandLine.parse,isAnyHelpRequested
CommandLine.parse,isEmpty
CommandLine.parse,isAnnotationPresent
CommandLine.parse,assertNoMissingParameters
CommandLine.parse,parameterArity
CommandLine.parse,isUnmatchedArgumentsAllowed
CommandLine.parse,isWarn
CommandLine.parse,warn
CommandLine.parse,split
CommandLine.parse,toRootLowerCase
CommandLine.parse,startsWith
CommandLine.parse,indexOf
CommandLine.parse,fg
CommandLine.parse,substring
CommandLine.parse,length
CommandLine.parse,bg
CommandLine.handleException,println
CommandLine.handleException,getMessage
CommandLine.handleException,getCommandLine
CommandLine.handleException,usage
CommandLine.handleException,emptyList
CommandLine.printHelpIfRequested,isUsageHelpRequested
CommandLine.printHelpIfRequested,usage
CommandLine.printHelpIfRequested,isVersionHelpRequested
CommandLine.printHelpIfRequested,printVersionHelp
CommandLine.execute,getCommand
CommandLine.handleParseResult,printHelpIfRequested
CommandLine.handleParseResult,emptyList
CommandLine.handleParseResult,asList
CommandLine.handleParseResult,execute
CommandLine.handleParseResult,get
CommandLine.handleParseResult,size
CommandLine.handleParseResult,add
CommandLine.parseWithHandler,parseWithHandlers
CommandLine.parseWithHandlers,parse
CommandLine.parseWithHandlers,handleParseResult
CommandLine.parseWithHandlers,handleException
CommandLine.usage,toCommandLine
CommandLine.usage,usage
CommandLine.usage,defaultColorScheme
CommandLine.usage,addAllSubcommands
CommandLine.usage,getSubcommands
CommandLine.usage,equals
CommandLine.usage,getSeparator
CommandLine.usage,createDefaultParamLabelRenderer
CommandLine.usage,getCommandName
CommandLine.usage,append
CommandLine.usage,headerHeading
CommandLine.usage,header
CommandLine.usage,synopsisHeading
CommandLine.usage,synopsis
CommandLine.usage,synopsisHeadingLength
CommandLine.usage,descriptionHeading
CommandLine.usage,description
CommandLine.usage,parameterListHeading
CommandLine.usage,parameterList
CommandLine.usage,optionListHeading
CommandLine.usage,optionList
CommandLine.usage,commandListHeading
CommandLine.usage,commandList
CommandLine.usage,footerHeading
CommandLine.usage,footer
CommandLine.usage,print
CommandLine.printVersionHelp,printVersionHelp
CommandLine.printVersionHelp,println
CommandLine.printVersionHelp,format
CommandLine.call,call
CommandLine.call,parseWithHandlers
CommandLine.call,isEmpty
CommandLine.call,get
CommandLine.run,run
CommandLine.run,parseWithHandlers
CommandLine.registerConverter,put
CommandLine.registerConverter,notNull
CommandLine.registerConverter,values
CommandLine.registerConverter,registerConverter
CommandLine.setSeparator,notNull
CommandLine.setCommandName,notNull
CommandLine.empty,trim
CommandLine.empty,length
CommandLine.empty,toString
CommandLine.isMultiValue,isMultiValue
CommandLine.isMultiValue,getType
CommandLine.isMultiValue,isArray
CommandLine.isMultiValue,isAssignableFrom
CommandLine.getTypeAttribute,isAnnotationPresent
CommandLine.getTypeAttribute,getAnnotation
CommandLine.getTypeAttribute,type
CommandLine.getTypeAttribute,getType
CommandLine.getTypeAttribute,isArray
CommandLine.getTypeAttribute,getComponentType
CommandLine.getTypeAttribute,isMultiValue
CommandLine.getTypeAttribute,getGenericType
CommandLine.getTypeAttribute,getActualTypeArguments
CommandLine.getTypeAttribute,getLowerBounds
CommandLine.getTypeAttribute,getUpperBounds
CommandLine.getTypeAttribute,fill
CommandLine.optionArity,isAnnotationPresent
CommandLine.optionArity,adjustForType
CommandLine.optionArity,valueOf
CommandLine.optionArity,getAnnotation
CommandLine.optionArity,arity
CommandLine.parameterArity,isAnnotationPresent
CommandLine.parameterArity,adjustForType
CommandLine.parameterArity,valueOf
CommandLine.parameterArity,getAnnotation
CommandLine.parameterArity,arity
CommandLine.parameterIndex,isAnnotationPresent
CommandLine.parameterIndex,valueOf
CommandLine.parameterIndex,getAnnotation
CommandLine.parameterIndex,index
CommandLine.adjustForType,defaultArity
CommandLine.defaultArity,getType
CommandLine.defaultArity,isAnnotationPresent
CommandLine.defaultArity,defaultArity
CommandLine.defaultArity,isMultiValue
CommandLine.defaultArity,valueOf
CommandLine.defaultArity,isBoolean
CommandLine.parameterCapacity,parameterArity
CommandLine.parameterCapacity,isMultiValue
CommandLine.parameterCapacity,parameterIndex
CommandLine.parameterCapacity,size
CommandLine.parameterCapacity,valueOf
CommandLine.valueOf,trim
CommandLine.valueOf,length
CommandLine.valueOf,startsWith
CommandLine.valueOf,indexOf
CommandLine.valueOf,parseInt
CommandLine.valueOf,substring
CommandLine.parseInt,parseInt
CommandLine.min,max
CommandLine.max,min
CommandLine.toString,valueOf
CommandLine.toString,toString
CommandLine.toString,size
CommandLine.toString,get
CommandLine.toString,append
CommandLine.toString,spaces
CommandLine.toString,length
CommandLine.toString,charAt
CommandLine.toString,setLength
CommandLine.toString,getProperty
CommandLine.toString,enabled
CommandLine.toString,substring
CommandLine.toString,min
CommandLine.toString,findSectionContaining
CommandLine.init,getDeclaredFields
CommandLine.init,setAccessible
CommandLine.init,isAnnotationPresent
CommandLine.init,getAnnotation
CommandLine.init,required
CommandLine.init,add
CommandLine.init,names
CommandLine.init,put
CommandLine.init,create
CommandLine.init,length
CommandLine.init,startsWith
CommandLine.init,charAt
CommandLine.init,getName
CommandLine.init,parameterArity
CommandLine.validatePositionalParameters,parameterIndex
CommandLine.validatePositionalParameters,getName
CommandLine.validatePositionalParameters,max
CommandLine.reverse,reverse
CommandLine.processArguments,isEmpty
CommandLine.processArguments,pop
CommandLine.processArguments,isDebug
CommandLine.processArguments,debug
CommandLine.processArguments,reverse
CommandLine.processArguments,clone
CommandLine.processArguments,equals
CommandLine.processArguments,info
CommandLine.processArguments,processRemainderAsPositionalParameters
CommandLine.processArguments,containsKey
CommandLine.processArguments,create
CommandLine.processArguments,get
CommandLine.processArguments,getClass
CommandLine.processArguments,getName
CommandLine.processArguments,parse
CommandLine.processArguments,indexOf
CommandLine.processArguments,substring
CommandLine.processArguments,length
CommandLine.processArguments,push
CommandLine.processArguments,processStandaloneOption
CommandLine.processArguments,startsWith
CommandLine.processArguments,processClusteredShortOptions
CommandLine.processArguments,resemblesOption
CommandLine.processArguments,handleUnmatchedArguments
CommandLine.processArguments,processPositionalParameter
CommandLine.resemblesOption,keySet
CommandLine.resemblesOption,length
CommandLine.resemblesOption,charAt
CommandLine.resemblesOption,size
CommandLine.resemblesOption,isDebug
CommandLine.resemblesOption,debug
CommandLine.handleUnmatchedArguments,add
CommandLine.handleUnmatchedArguments,handleUnmatchedArguments
CommandLine.handleUnmatchedArguments,isEmpty
CommandLine.handleUnmatchedArguments,pop
CommandLine.processRemainderAsPositionalParameters,empty
CommandLine.processRemainderAsPositionalParameters,processPositionalParameter
CommandLine.processPositionalParameter,isDebug
CommandLine.processPositionalParameter,debug
CommandLine.processPositionalParameter,reverse
CommandLine.processPositionalParameter,clone
CommandLine.processPositionalParameter,parameterIndex
CommandLine.processPositionalParameter,contains
CommandLine.processPositionalParameter,parameterArity
CommandLine.processPositionalParameter,assertNoMissingParameters
CommandLine.processPositionalParameter,size
CommandLine.processPositionalParameter,applyOption
CommandLine.processPositionalParameter,remove
CommandLine.processPositionalParameter,max
CommandLine.processPositionalParameter,pop
CommandLine.processPositionalParameter,isEmpty
CommandLine.processPositionalParameter,handleUnmatchedArguments
CommandLine.processStandaloneOption,get
CommandLine.processStandaloneOption,remove
CommandLine.processStandaloneOption,optionArity
CommandLine.processStandaloneOption,min
CommandLine.processStandaloneOption,max
CommandLine.processStandaloneOption,isDebug
CommandLine.processStandaloneOption,debug
CommandLine.processStandaloneOption,applyOption
CommandLine.processClusteredShortOptions,substring
CommandLine.processClusteredShortOptions,length
CommandLine.processClusteredShortOptions,containsKey
CommandLine.processClusteredShortOptions,charAt
CommandLine.processClusteredShortOptions,get
CommandLine.processClusteredShortOptions,optionArity
CommandLine.processClusteredShortOptions,isDebug
CommandLine.processClusteredShortOptions,debug
CommandLine.processClusteredShortOptions,remove
CommandLine.processClusteredShortOptions,startsWith
CommandLine.processClusteredShortOptions,min
CommandLine.processClusteredShortOptions,max
CommandLine.processClusteredShortOptions,empty
CommandLine.processClusteredShortOptions,push
CommandLine.processClusteredShortOptions,applyOption
CommandLine.processClusteredShortOptions,isEmpty
CommandLine.processClusteredShortOptions,pop
CommandLine.processClusteredShortOptions,endsWith
CommandLine.processClusteredShortOptions,peek
CommandLine.processClusteredShortOptions,equals
CommandLine.processClusteredShortOptions,resemblesOption
CommandLine.processClusteredShortOptions,handleUnmatchedArguments
CommandLine.processClusteredShortOptions,processPositionalParameter
CommandLine.applyOption,updateHelpRequested
CommandLine.applyOption,size
CommandLine.applyOption,assertNoMissingParameters
CommandLine.applyOption,getType
CommandLine.applyOption,isArray
CommandLine.applyOption,applyValuesToArrayField
CommandLine.applyOption,isAssignableFrom
CommandLine.applyOption,applyValuesToCollectionField
CommandLine.applyOption,applyValuesToMapField
CommandLine.applyOption,getTypeAttribute
CommandLine.applyOption,applyValueToSingleValuedField
CommandLine.applyValueToSingleValuedField,isEmpty
CommandLine.applyValueToSingleValuedField,trim
CommandLine.applyValueToSingleValuedField,pop
CommandLine.applyValueToSingleValuedField,equalsIgnoreCase
CommandLine.applyValueToSingleValuedField,push
CommandLine.applyValueToSingleValuedField,get
CommandLine.applyValueToSingleValuedField,valueOf
CommandLine.applyValueToSingleValuedField,getTypeConverter
CommandLine.applyValueToSingleValuedField,tryConvert
CommandLine.applyValueToSingleValuedField,contains
CommandLine.applyValueToSingleValuedField,isOverwrittenOptionsAllowed
CommandLine.applyValueToSingleValuedField,optionDescription
CommandLine.applyValueToSingleValuedField,add
CommandLine.applyValueToSingleValuedField,isEnabled
CommandLine.applyValueToSingleValuedField,print
CommandLine.applyValueToSingleValuedField,getType
CommandLine.applyValueToSingleValuedField,getSimpleName
CommandLine.applyValueToSingleValuedField,getDeclaringClass
CommandLine.applyValueToSingleValuedField,getName
CommandLine.applyValueToSingleValuedField,set
CommandLine.applyValuesToMapField,getTypeAttribute
CommandLine.applyValuesToMapField,getTypeConverter
CommandLine.applyValuesToMapField,get
CommandLine.applyValuesToMapField,createMap
CommandLine.applyValuesToMapField,set
CommandLine.applyValuesToMapField,size
CommandLine.applyValuesToMapField,consumeMapArguments
CommandLine.consumeMapArguments,consumeOneMapArgument
CommandLine.consumeMapArguments,isEmpty
CommandLine.consumeMapArguments,isAnnotationPresent
CommandLine.consumeMapArguments,containsKey
CommandLine.consumeMapArguments,peek
CommandLine.consumeMapArguments,isOption
CommandLine.consumeOneMapArgument,split
CommandLine.consumeOneMapArgument,trim
CommandLine.consumeOneMapArgument,pop
CommandLine.consumeOneMapArgument,splitRegex
CommandLine.consumeOneMapArgument,length
CommandLine.consumeOneMapArgument,optionDescription
CommandLine.consumeOneMapArgument,tryConvert
CommandLine.consumeOneMapArgument,put
CommandLine.consumeOneMapArgument,isInfo
CommandLine.consumeOneMapArgument,info
CommandLine.consumeOneMapArgument,valueOf
CommandLine.consumeOneMapArgument,getClass
CommandLine.consumeOneMapArgument,getSimpleName
CommandLine.consumeOneMapArgument,getDeclaringClass
CommandLine.consumeOneMapArgument,getName
CommandLine.checkMaxArityExceeded,optionDescription
CommandLine.checkMaxArityExceeded,toString
CommandLine.applyValuesToArrayField,get
CommandLine.applyValuesToArrayField,getLength
CommandLine.applyValuesToArrayField,getTypeAttribute
CommandLine.applyValuesToArrayField,consumeArguments
CommandLine.applyValuesToArrayField,add
CommandLine.applyValuesToArrayField,addAll
CommandLine.applyValuesToArrayField,newInstance
CommandLine.applyValuesToArrayField,size
CommandLine.applyValuesToArrayField,set
CommandLine.applyValuesToCollectionField,get
CommandLine.applyValuesToCollectionField,getTypeAttribute
CommandLine.applyValuesToCollectionField,size
CommandLine.applyValuesToCollectionField,consumeArguments
CommandLine.applyValuesToCollectionField,createCollection
CommandLine.applyValuesToCollectionField,set
CommandLine.applyValuesToCollectionField,addAll
CommandLine.applyValuesToCollectionField,add
CommandLine.consumeArguments,consumeOneArgument
CommandLine.consumeArguments,isEmpty
CommandLine.consumeArguments,containsKey
CommandLine.consumeArguments,peek
CommandLine.consumeArguments,isOption
CommandLine.consumeOneArgument,split
CommandLine.consumeOneArgument,trim
CommandLine.consumeOneArgument,pop
CommandLine.consumeOneArgument,getTypeConverter
CommandLine.consumeOneArgument,add
CommandLine.consumeOneArgument,tryConvert
CommandLine.consumeOneArgument,isInfo
CommandLine.consumeOneArgument,getType
CommandLine.consumeOneArgument,isArray
CommandLine.consumeOneArgument,info
CommandLine.consumeOneArgument,valueOf
CommandLine.consumeOneArgument,get
CommandLine.consumeOneArgument,size
CommandLine.consumeOneArgument,getSimpleName
CommandLine.consumeOneArgument,getDeclaringClass
CommandLine.consumeOneArgument,getName
CommandLine.splitRegex,isAnnotationPresent
CommandLine.splitRegex,getAnnotation
CommandLine.splitRegex,split
CommandLine.split,splitRegex
CommandLine.split,length
CommandLine.split,split
CommandLine.isOption,equals
CommandLine.isOption,containsKey
CommandLine.isOption,indexOf
CommandLine.isOption,substring
CommandLine.isOption,length
CommandLine.isOption,startsWith
CommandLine.isOption,charAt
CommandLine.tryConvert,convert
CommandLine.tryConvert,getMessage
CommandLine.tryConvert,optionDescription
CommandLine.tryConvert,getSimpleName
CommandLine.optionDescription,createMinimalParamLabelRenderer
CommandLine.optionDescription,isAnnotationPresent
CommandLine.optionDescription,getAnnotation
CommandLine.optionDescription,names
CommandLine.optionDescription,optionArity
CommandLine.optionDescription,renderParameterLabel
CommandLine.optionDescription,Collections
CommandLine.optionDescription,parameterIndex
CommandLine.updateHelpRequested,isAnnotationPresent
CommandLine.updateHelpRequested,is
CommandLine.updateHelpRequested,getAnnotation
CommandLine.updateHelpRequested,help
CommandLine.updateHelpRequested,versionHelp
CommandLine.updateHelpRequested,usageHelp
CommandLine.is,isInfo
CommandLine.is,info
CommandLine.is,getDeclaringClass
CommandLine.is,getSimpleName
CommandLine.is,getName
CommandLine.createCollection,isInterface
CommandLine.createCollection,isAssignableFrom
CommandLine.createCollection,newInstance
CommandLine.createMap,newInstance
CommandLine.getTypeConverter,get
CommandLine.getTypeConverter,isEnum
CommandLine.getTypeConverter,valueOf
CommandLine.getTypeConverter,getName
CommandLine.convert,valueOf
CommandLine.convert,get
CommandLine.convert,equalsIgnoreCase
CommandLine.convert,parseBoolean
CommandLine.convert,length
CommandLine.convert,charAt
CommandLine.convert,parse
CommandLine.convert,getTime
CommandLine.convert,forName
CommandLine.convert,getByName
CommandLine.convert,compile
CommandLine.convert,fromString
CommandLine.assertNoMissingParameters,size
CommandLine.assertNoMissingParameters,isAnnotationPresent
CommandLine.assertNoMissingParameters,optionDescription
CommandLine.assertNoMissingParameters,parameterIndex
CommandLine.assertNoMissingParameters,createMinimalParamLabelRenderer
CommandLine.assertNoMissingParameters,parameterArity
CommandLine.assertNoMissingParameters,get
CommandLine.assertNoMissingParameters,renderParameterLabel
CommandLine.assertNoMissingParameters,Collections
CommandLine.assertNoMissingParameters,isEmpty
CommandLine.assertNoMissingParameters,reverse
CommandLine.trim,unquote
CommandLine.unquote,length
CommandLine.unquote,startsWith
CommandLine.unquote,endsWith
CommandLine.unquote,substring
CommandLine.compare,parameterIndex
CommandLine.compare,compareTo
CommandLine.compare,parameterArity
CommandLine.compare,length
CommandLine.compare,getAnnotation
CommandLine.compare,sort
CommandLine.compare,names
CommandLine.compare,toRootUpperCase
CommandLine.compare,help
CommandLine.compare,optionArity
CommandLine.compare,isMultiValue
CommandLine.addAllSubcommands,entrySet
CommandLine.addAllSubcommands,addSubcommand
CommandLine.addAllSubcommands,getKey
CommandLine.addAllSubcommands,getValue
CommandLine.addAllSubcommands,getCommand
CommandLine.synopsis,synopsis
CommandLine.synopsis,empty
CommandLine.synopsis,customSynopsis
CommandLine.synopsis,abbreviatedSynopsis
CommandLine.synopsis,detailedSynopsis
CommandLine.synopsis,createShortOptionArityAndNameComparator
CommandLine.abbreviatedSynopsis,isEmpty
CommandLine.abbreviatedSynopsis,append
CommandLine.abbreviatedSynopsis,getAnnotation
CommandLine.abbreviatedSynopsis,hidden
CommandLine.abbreviatedSynopsis,renderParameterLabel
CommandLine.abbreviatedSynopsis,ansi
CommandLine.abbreviatedSynopsis,commandText
CommandLine.abbreviatedSynopsis,toString
CommandLine.abbreviatedSynopsis,getProperty
CommandLine.detailedSynopsis,detailedSynopsis
CommandLine.detailedSynopsis,ansi
CommandLine.detailedSynopsis,sort
CommandLine.detailedSynopsis,getType
CommandLine.detailedSynopsis,getAnnotation
CommandLine.detailedSynopsis,names
CommandLine.detailedSynopsis,length
CommandLine.detailedSynopsis,startsWith
CommandLine.detailedSynopsis,add
CommandLine.detailedSynopsis,required
CommandLine.detailedSynopsis,append
CommandLine.detailedSynopsis,substring
CommandLine.detailedSynopsis,removeAll
CommandLine.detailedSynopsis,optionText
CommandLine.detailedSynopsis,toString
CommandLine.detailedSynopsis,hidden
CommandLine.detailedSynopsis,appendOptionSynopsis
CommandLine.detailedSynopsis,isMultiValue
CommandLine.detailedSynopsis,renderParameterLabel
CommandLine.detailedSynopsis,stringOf
CommandLine.detailedSynopsis,addRowValues
CommandLine.detailedSynopsis,commandText
CommandLine.appendOptionSynopsis,renderParameterLabel
CommandLine.appendOptionSynopsis,ansi
CommandLine.appendOptionSynopsis,append
CommandLine.appendOptionSynopsis,optionText
CommandLine.synopsisHeadingLength,toString
CommandLine.synopsisHeadingLength,split
CommandLine.synopsisHeadingLength,length
CommandLine.optionList,booleanValue
CommandLine.optionList,createShortOptionNameComparator
CommandLine.optionList,optionList
CommandLine.optionList,createDefaultLayout
CommandLine.optionList,sort
CommandLine.optionList,addOptions
CommandLine.optionList,toString
CommandLine.parameterList,parameterList
CommandLine.parameterList,createDefaultLayout
CommandLine.parameterList,addPositionalParameters
CommandLine.parameterList,toString
CommandLine.heading,join
CommandLine.heading,toString
CommandLine.heading,endsWith
CommandLine.heading,getProperty
CommandLine.heading,substring
CommandLine.heading,length
CommandLine.heading,spaces
CommandLine.heading,countTrailingSpaces
CommandLine.spaces,fill
CommandLine.countTrailingSpaces,length
CommandLine.countTrailingSpaces,charAt
CommandLine.join,splitLines
CommandLine.join,format
CommandLine.join,addRowValues
CommandLine.join,toString
CommandLine.join,append
CommandLine.format,format
CommandLine.customSynopsis,join
CommandLine.customSynopsis,toString
CommandLine.customSynopsis,ansi
CommandLine.description,join
CommandLine.description,toString
CommandLine.description,ansi
CommandLine.header,join
CommandLine.header,toString
CommandLine.header,ansi
CommandLine.footer,join
CommandLine.footer,toString
CommandLine.footer,ansi
CommandLine.headerHeading,heading
CommandLine.headerHeading,ansi
CommandLine.synopsisHeading,heading
CommandLine.synopsisHeading,ansi
CommandLine.descriptionHeading,empty
CommandLine.descriptionHeading,heading
CommandLine.descriptionHeading,ansi
CommandLine.parameterListHeading,isEmpty
CommandLine.parameterListHeading,heading
CommandLine.parameterListHeading,ansi
CommandLine.optionListHeading,isEmpty
CommandLine.optionListHeading,heading
CommandLine.optionListHeading,ansi
CommandLine.commandListHeading,isEmpty
CommandLine.commandListHeading,heading
CommandLine.commandListHeading,ansi
CommandLine.footerHeading,heading
CommandLine.footerHeading,ansi
CommandLine.commandList,isEmpty
CommandLine.commandList,maxLength
CommandLine.commandList,keySet
CommandLine.commandList,ansi
CommandLine.commandList,entrySet
CommandLine.commandList,getValue
CommandLine.commandList,addRowValues
CommandLine.commandList,commandText
CommandLine.commandList,getKey
CommandLine.commandList,toString
CommandLine.maxLength,sort
CommandLine.maxLength,reverseOrder
CommandLine.maxLength,shortestFirst
CommandLine.maxLength,get
CommandLine.maxLength,length
CommandLine.stringOf,fill
CommandLine.createDefaultLayout,ansi
CommandLine.createDefaultLayout,createDefaultOptionRenderer
CommandLine.createDefaultLayout,createDefaultParameterRenderer
CommandLine.createDefaultOptionRenderer,valueOf
CommandLine.createDefaultOptionRenderer,booleanValue
CommandLine.createDefaultParameterRenderer,valueOf
CommandLine.createMinimalParamLabelRenderer,renderParameterName
CommandLine.createMinimalParamLabelRenderer,apply
CommandLine.renderParameterLabel,renderParameterName
CommandLine.renderParameterLabel,apply
CommandLine.renderParameterLabel,isAnnotationPresent
CommandLine.renderParameterLabel,optionArity
CommandLine.renderParameterLabel,parameterCapacity
CommandLine.renderParameterLabel,getAnnotation
CommandLine.renderParameterLabel,split
CommandLine.renderParameterLabel,empty
CommandLine.renderParameterLabel,append
CommandLine.renderParameterLabel,plainString
CommandLine.renderParameterLabel,endsWith
CommandLine.renderParameterLabel,trim
CommandLine.renderParameterLabel,length
CommandLine.render,sort
CommandLine.render,names
CommandLine.render,length
CommandLine.render,join
CommandLine.render,createLongOptionText
CommandLine.render,help
CommandLine.render,isBoolean
CommandLine.render,getType
CommandLine.render,createDefaultValue
CommandLine.render,required
CommandLine.render,renderDescriptionLines
CommandLine.render,optionText
CommandLine.render,renderParameterLabel
CommandLine.render,ansi
CommandLine.render,append
CommandLine.render,description
CommandLine.render,parameterText
CommandLine.render,parameterArity
CommandLine.render,str
CommandLine.render,splitLines
CommandLine.render,add
CommandLine.render,toArray
CommandLine.render,size
CommandLine.createDefaultValue,get
CommandLine.createDefaultValue,getType
CommandLine.createDefaultValue,isArray
CommandLine.createDefaultValue,getLength
CommandLine.createDefaultValue,append
CommandLine.createDefaultValue,insert
CommandLine.createDefaultValue,toString
CommandLine.createLongOptionText,renderParameterLabel
CommandLine.createLongOptionText,ansi
CommandLine.createLongOptionText,length
CommandLine.createLongOptionText,separator
CommandLine.createLongOptionText,plainString
CommandLine.createLongOptionText,indexOf
CommandLine.createLongOptionText,substring
CommandLine.createLongOptionText,append
CommandLine.createLongOptionText,optionText
CommandLine.renderDescriptionLines,ansi
CommandLine.renderDescriptionLines,str
CommandLine.renderDescriptionLines,description
CommandLine.renderDescriptionLines,splitLines
CommandLine.renderDescriptionLines,add
CommandLine.renderDescriptionLines,optionText
CommandLine.renderDescriptionLines,toArray
CommandLine.renderDescriptionLines,size
CommandLine.renderParameterName,isAnnotationPresent
CommandLine.renderParameterName,getAnnotation
CommandLine.renderParameterName,paramLabel
CommandLine.renderParameterName,trim
CommandLine.renderParameterName,length
CommandLine.renderParameterName,getName
CommandLine.renderParameterName,isAssignableFrom
CommandLine.renderParameterName,getType
CommandLine.renderParameterName,getTypeAttribute
CommandLine.renderParameterName,getSimpleName
CommandLine.layout,addRowValues
CommandLine.addOptions,getAnnotation
CommandLine.addOptions,hidden
CommandLine.addOptions,addOption
CommandLine.addOption,getAnnotation
CommandLine.addOption,render
CommandLine.addOption,layout
CommandLine.addPositionalParameters,getAnnotation
CommandLine.addPositionalParameters,hidden
CommandLine.addPositionalParameters,addPositionalParameter
CommandLine.addPositionalParameter,getAnnotation
CommandLine.addPositionalParameter,render
CommandLine.addPositionalParameter,layout
CommandLine.sort,sort
CommandLine.textAt,get
CommandLine.cellAt,textAt
CommandLine.rowCount,size
CommandLine.addEmptyRow,add
CommandLine.addRowValues,addRowValues
CommandLine.addRowValues,addEmptyRow
CommandLine.addRowValues,rowCount
CommandLine.addRowValues,putValue
CommandLine.putValue,rowCount
CommandLine.putValue,length
CommandLine.putValue,copy
CommandLine.putValue,textAt
CommandLine.putValue,getLineInstance
CommandLine.putValue,substring
CommandLine.putValue,addEmptyRow
CommandLine.putValue,toString
CommandLine.copy,setText
CommandLine.copy,plainString
CommandLine.copy,replace
CommandLine.copy,first
CommandLine.copy,next
CommandLine.copy,substring
CommandLine.copy,length
CommandLine.copy,copy
CommandLine.copy,min
CommandLine.copy,getStyledChars
CommandLine.commands,addAll
CommandLine.options,addAll
CommandLine.parameters,addAll
CommandLine.optionParams,addAll
CommandLine.commandText,ansi
CommandLine.commandText,apply
CommandLine.optionText,ansi
CommandLine.optionText,apply
CommandLine.parameterText,ansi
CommandLine.parameterText,apply
CommandLine.optionParamText,ansi
CommandLine.optionParamText,apply
CommandLine.applySystemProperties,replace
CommandLine.applySystemProperties,getProperty
CommandLine.replace,clear
CommandLine.replace,addAll
CommandLine.replace,parse
CommandLine.addAll,addAll
CommandLine.addAll,asList
CommandLine.defaultColorScheme,commands
CommandLine.defaultColorScheme,options
CommandLine.defaultColorScheme,parameters
CommandLine.defaultColorScheme,optionParams
CommandLine.calcTTY,getDeclaredMethod
CommandLine.calcTTY,invoke
CommandLine.enabled,getProperty
CommandLine.enabled,ansiPossible
CommandLine.enabled,getBoolean
CommandLine.on,append
CommandLine.on,on
CommandLine.on,toString
CommandLine.on,format
CommandLine.off,append
CommandLine.off,off
CommandLine.off,toString
CommandLine.fg,valueOf
CommandLine.fg,toRootLowerCase
CommandLine.bg,valueOf
CommandLine.bg,toRootLowerCase
CommandLine.apply,length
CommandLine.apply,toArray
CommandLine.apply,size
CommandLine.apply,add
CommandLine.apply,on
CommandLine.apply,off
CommandLine.apply,reverse
CommandLine.apply,append
CommandLine.addStyledSection,add
CommandLine.splitLines,length
CommandLine.splitLines,charAt
CommandLine.splitLines,add
CommandLine.splitLines,substring
CommandLine.splitLines,toArray
CommandLine.splitLines,size
CommandLine.substring,substring
CommandLine.substring,clone
CommandLine.append,append
CommandLine.append,clone
CommandLine.append,toString
CommandLine.append,substring
CommandLine.append,add
CommandLine.append,withStartIndex
CommandLine.append,length
CommandLine.getStyledChars,append
CommandLine.getStyledChars,add
CommandLine.getStyledChars,withStartIndex
CommandLine.getStyledChars,toString
CommandLine.getStyledChars,substring
CommandLine.getStyledChars,length
CommandLine.plainString,toString
CommandLine.plainString,substring
CommandLine.equals,toString
CommandLine.equals,equals
CommandLine.equals,valueOf
CommandLine.hashCode,toString
CommandLine.hashCode,hashCode
CommandLine.isEnabled,ordinal
CommandLine.print,isEnabled
CommandLine.print,printf
CommandLine.print,prefix
CommandLine.lookup,empty
CommandLine.lookup,equalsIgnoreCase
CommandLine.lookup,valueOf
CommandLine.warn,print
CommandLine.info,print
CommandLine.debug,print
CommandLine.isWarn,isEnabled
CommandLine.isInfo,isEnabled
CommandLine.isDebug,isEnabled
CommandLine.create,getClass
CommandLine.create,getSimpleName
CommandLine.create,getLocalizedMessage
CommandLine.create,toString
CommandLine.create,size
CommandLine.create,describe
CommandLine.create,iterator
CommandLine.create,next
CommandLine.create,add
CommandLine.create,getDeclaringClass
CommandLine.create,getName
CommandLine.describe,isAnnotationPresent
CommandLine.describe,getAnnotation
CommandLine.describe,names
CommandLine.describe,index
CommandLine.describe,renderParameterName
DefaultExceptionHandler.handleException,println
DefaultExceptionHandler.handleException,getMessage
DefaultExceptionHandler.handleException,getCommandLine
DefaultExceptionHandler.handleException,usage
DefaultExceptionHandler.handleException,emptyList
RunFirst.handleParseResult,printHelpIfRequested
RunFirst.handleParseResult,emptyList
RunFirst.handleParseResult,asList
RunFirst.handleParseResult,execute
RunFirst.handleParseResult,get
RunLast.handleParseResult,printHelpIfRequested
RunLast.handleParseResult,emptyList
RunLast.handleParseResult,get
RunLast.handleParseResult,size
RunLast.handleParseResult,asList
RunLast.handleParseResult,execute
RunAll.handleParseResult,printHelpIfRequested
RunAll.handleParseResult,add
RunAll.handleParseResult,execute
Range.optionArity,isAnnotationPresent
Range.optionArity,adjustForType
Range.optionArity,valueOf
Range.optionArity,getAnnotation
Range.optionArity,arity
Range.parameterArity,isAnnotationPresent
Range.parameterArity,adjustForType
Range.parameterArity,valueOf
Range.parameterArity,getAnnotation
Range.parameterArity,arity
Range.parameterIndex,isAnnotationPresent
Range.parameterIndex,valueOf
Range.parameterIndex,getAnnotation
Range.parameterIndex,index
Range.adjustForType,defaultArity
Range.defaultArity,getType
Range.defaultArity,isAnnotationPresent
Range.defaultArity,defaultArity
Range.defaultArity,isMultiValue
Range.defaultArity,valueOf
Range.defaultArity,isBoolean
Range.parameterCapacity,parameterArity
Range.parameterCapacity,isMultiValue
Range.parameterCapacity,parameterIndex
Range.parameterCapacity,size
Range.parameterCapacity,valueOf
Range.valueOf,trim
Range.valueOf,length
Range.valueOf,startsWith
Range.valueOf,indexOf
Range.valueOf,parseInt
Range.valueOf,substring
Range.parseInt,parseInt
Range.min,max
Range.max,min
Range.toString,valueOf
Interpreter.parse,notNull
Interpreter.parse,isInfo
Interpreter.parse,info
Interpreter.parse,toString
Interpreter.parse,push
Interpreter.parse,parse
Interpreter.parse,getClass
Interpreter.parse,isDebug
Interpreter.parse,debug
Interpreter.parse,getName
Interpreter.parse,size
Interpreter.parse,values
Interpreter.parse,add
Interpreter.parse,sort
Interpreter.parse,processArguments
Interpreter.parse,create
Interpreter.parse,isAnyHelpRequested
Interpreter.parse,isEmpty
Interpreter.parse,isAnnotationPresent
Interpreter.parse,assertNoMissingParameters
Interpreter.parse,parameterArity
Interpreter.parse,isUnmatchedArgumentsAllowed
Interpreter.parse,isWarn
Interpreter.parse,warn
Interpreter.processArguments,isEmpty
Interpreter.processArguments,pop
Interpreter.processArguments,isDebug
Interpreter.processArguments,debug
Interpreter.processArguments,reverse
Interpreter.processArguments,clone
Interpreter.processArguments,equals
Interpreter.processArguments,info
Interpreter.processArguments,processRemainderAsPositionalParameters
Interpreter.processArguments,containsKey
Interpreter.processArguments,create
Interpreter.processArguments,get
Interpreter.processArguments,getClass
Interpreter.processArguments,getName
Interpreter.processArguments,parse
Interpreter.processArguments,indexOf
Interpreter.processArguments,substring
Interpreter.processArguments,length
Interpreter.processArguments,push
Interpreter.processArguments,processStandaloneOption
Interpreter.processArguments,startsWith
Interpreter.processArguments,processClusteredShortOptions
Interpreter.processArguments,resemblesOption
Interpreter.processArguments,handleUnmatchedArguments
Interpreter.processArguments,processPositionalParameter
Interpreter.resemblesOption,keySet
Interpreter.resemblesOption,length
Interpreter.resemblesOption,charAt
Interpreter.resemblesOption,size
Interpreter.resemblesOption,isDebug
Interpreter.resemblesOption,debug
Interpreter.handleUnmatchedArguments,add
Interpreter.handleUnmatchedArguments,handleUnmatchedArguments
Interpreter.handleUnmatchedArguments,isEmpty
Interpreter.handleUnmatchedArguments,pop
Interpreter.processRemainderAsPositionalParameters,empty
Interpreter.processRemainderAsPositionalParameters,processPositionalParameter
Interpreter.processPositionalParameter,isDebug
Interpreter.processPositionalParameter,debug
Interpreter.processPositionalParameter,reverse
Interpreter.processPositionalParameter,clone
Interpreter.processPositionalParameter,parameterIndex
Interpreter.processPositionalParameter,contains
Interpreter.processPositionalParameter,parameterArity
Interpreter.processPositionalParameter,assertNoMissingParameters
Interpreter.processPositionalParameter,size
Interpreter.processPositionalParameter,applyOption
Interpreter.processPositionalParameter,remove
Interpreter.processPositionalParameter,max
Interpreter.processPositionalParameter,pop
Interpreter.processPositionalParameter,isEmpty
Interpreter.processPositionalParameter,handleUnmatchedArguments
Interpreter.processStandaloneOption,get
Interpreter.processStandaloneOption,remove
Interpreter.processStandaloneOption,optionArity
Interpreter.processStandaloneOption,min
Interpreter.processStandaloneOption,max
Interpreter.processStandaloneOption,isDebug
Interpreter.processStandaloneOption,debug
Interpreter.processStandaloneOption,applyOption
Interpreter.processClusteredShortOptions,substring
Interpreter.processClusteredShortOptions,length
Interpreter.processClusteredShortOptions,containsKey
Interpreter.processClusteredShortOptions,charAt
Interpreter.processClusteredShortOptions,get
Interpreter.processClusteredShortOptions,optionArity
Interpreter.processClusteredShortOptions,isDebug
Interpreter.processClusteredShortOptions,debug
Interpreter.processClusteredShortOptions,remove
Interpreter.processClusteredShortOptions,startsWith
Interpreter.processClusteredShortOptions,min
Interpreter.processClusteredShortOptions,max
Interpreter.processClusteredShortOptions,empty
Interpreter.processClusteredShortOptions,push
Interpreter.processClusteredShortOptions,applyOption
Interpreter.processClusteredShortOptions,isEmpty
Interpreter.processClusteredShortOptions,pop
Interpreter.processClusteredShortOptions,endsWith
Interpreter.processClusteredShortOptions,peek
Interpreter.processClusteredShortOptions,equals
Interpreter.processClusteredShortOptions,resemblesOption
Interpreter.processClusteredShortOptions,handleUnmatchedArguments
Interpreter.processClusteredShortOptions,processPositionalParameter
Interpreter.applyOption,updateHelpRequested
Interpreter.applyOption,size
Interpreter.applyOption,assertNoMissingParameters
Interpreter.applyOption,getType
Interpreter.applyOption,isArray
Interpreter.applyOption,applyValuesToArrayField
Interpreter.applyOption,isAssignableFrom
Interpreter.applyOption,applyValuesToCollectionField
Interpreter.applyOption,applyValuesToMapField
Interpreter.applyOption,getTypeAttribute
Interpreter.applyOption,applyValueToSingleValuedField
Interpreter.applyValueToSingleValuedField,isEmpty
Interpreter.applyValueToSingleValuedField,trim
Interpreter.applyValueToSingleValuedField,pop
Interpreter.applyValueToSingleValuedField,equalsIgnoreCase
Interpreter.applyValueToSingleValuedField,push
Interpreter.applyValueToSingleValuedField,get
Interpreter.applyValueToSingleValuedField,valueOf
Interpreter.applyValueToSingleValuedField,getTypeConverter
Interpreter.applyValueToSingleValuedField,tryConvert
Interpreter.applyValueToSingleValuedField,contains
Interpreter.applyValueToSingleValuedField,isOverwrittenOptionsAllowed
Interpreter.applyValueToSingleValuedField,optionDescription
Interpreter.applyValueToSingleValuedField,add
Interpreter.applyValueToSingleValuedField,isEnabled
Interpreter.applyValueToSingleValuedField,print
Interpreter.applyValueToSingleValuedField,getType
Interpreter.applyValueToSingleValuedField,getSimpleName
Interpreter.applyValueToSingleValuedField,getDeclaringClass
Interpreter.applyValueToSingleValuedField,getName
Interpreter.applyValueToSingleValuedField,set
Interpreter.applyValuesToMapField,getTypeAttribute
Interpreter.applyValuesToMapField,getTypeConverter
Interpreter.applyValuesToMapField,get
Interpreter.applyValuesToMapField,createMap
Interpreter.applyValuesToMapField,set
Interpreter.applyValuesToMapField,size
Interpreter.applyValuesToMapField,consumeMapArguments
Interpreter.consumeMapArguments,consumeOneMapArgument
Interpreter.consumeMapArguments,isEmpty
Interpreter.consumeMapArguments,isAnnotationPresent
Interpreter.consumeMapArguments,containsKey
Interpreter.consumeMapArguments,peek
Interpreter.consumeMapArguments,isOption
Interpreter.consumeOneMapArgument,split
Interpreter.consumeOneMapArgument,trim
Interpreter.consumeOneMapArgument,pop
Interpreter.consumeOneMapArgument,splitRegex
Interpreter.consumeOneMapArgument,length
Interpreter.consumeOneMapArgument,optionDescription
Interpreter.consumeOneMapArgument,tryConvert
Interpreter.consumeOneMapArgument,put
Interpreter.consumeOneMapArgument,isInfo
Interpreter.consumeOneMapArgument,info
Interpreter.consumeOneMapArgument,valueOf
Interpreter.consumeOneMapArgument,getClass
Interpreter.consumeOneMapArgument,getSimpleName
Interpreter.consumeOneMapArgument,getDeclaringClass
Interpreter.consumeOneMapArgument,getName
Interpreter.checkMaxArityExceeded,optionDescription
Interpreter.checkMaxArityExceeded,toString
Interpreter.applyValuesToArrayField,get
Interpreter.applyValuesToArrayField,getLength
Interpreter.applyValuesToArrayField,getTypeAttribute
Interpreter.applyValuesToArrayField,consumeArguments
Interpreter.applyValuesToArrayField,add
Interpreter.applyValuesToArrayField,addAll
Interpreter.applyValuesToArrayField,newInstance
Interpreter.applyValuesToArrayField,size
Interpreter.applyValuesToArrayField,set
Interpreter.applyValuesToCollectionField,get
Interpreter.applyValuesToCollectionField,getTypeAttribute
Interpreter.applyValuesToCollectionField,size
Interpreter.applyValuesToCollectionField,consumeArguments
Interpreter.applyValuesToCollectionField,createCollection
Interpreter.applyValuesToCollectionField,set
Interpreter.applyValuesToCollectionField,addAll
Interpreter.applyValuesToCollectionField,add
Interpreter.consumeArguments,consumeOneArgument
Interpreter.consumeArguments,isEmpty
Interpreter.consumeArguments,containsKey
Interpreter.consumeArguments,peek
Interpreter.consumeArguments,isOption
Interpreter.consumeOneArgument,split
Interpreter.consumeOneArgument,trim
Interpreter.consumeOneArgument,pop
Interpreter.consumeOneArgument,getTypeConverter
Interpreter.consumeOneArgument,add
Interpreter.consumeOneArgument,tryConvert
Interpreter.consumeOneArgument,isInfo
Interpreter.consumeOneArgument,getType
Interpreter.consumeOneArgument,isArray
Interpreter.consumeOneArgument,info
Interpreter.consumeOneArgument,valueOf
Interpreter.consumeOneArgument,get
Interpreter.consumeOneArgument,size
Interpreter.consumeOneArgument,getSimpleName
Interpreter.consumeOneArgument,getDeclaringClass
Interpreter.consumeOneArgument,getName
Interpreter.splitRegex,isAnnotationPresent
Interpreter.splitRegex,getAnnotation
Interpreter.splitRegex,split
Interpreter.split,splitRegex
Interpreter.split,length
Interpreter.split,split
Interpreter.isOption,equals
Interpreter.isOption,containsKey
Interpreter.isOption,indexOf
Interpreter.isOption,substring
Interpreter.isOption,length
Interpreter.isOption,startsWith
Interpreter.isOption,charAt
Interpreter.tryConvert,convert
Interpreter.tryConvert,getMessage
Interpreter.tryConvert,optionDescription
Interpreter.tryConvert,getSimpleName
Interpreter.optionDescription,createMinimalParamLabelRenderer
Interpreter.optionDescription,isAnnotationPresent
Interpreter.optionDescription,getAnnotation
Interpreter.optionDescription,names
Interpreter.optionDescription,optionArity
Interpreter.optionDescription,renderParameterLabel
Interpreter.optionDescription,Collections
Interpreter.optionDescription,parameterIndex
Interpreter.updateHelpRequested,isAnnotationPresent
Interpreter.updateHelpRequested,is
Interpreter.updateHelpRequested,getAnnotation
Interpreter.updateHelpRequested,help
Interpreter.updateHelpRequested,versionHelp
Interpreter.updateHelpRequested,usageHelp
Interpreter.is,isInfo
Interpreter.is,info
Interpreter.is,getDeclaringClass
Interpreter.is,getSimpleName
Interpreter.is,getName
Interpreter.createCollection,isInterface
Interpreter.createCollection,isAssignableFrom
Interpreter.createCollection,newInstance
Interpreter.createMap,newInstance
Interpreter.getTypeConverter,get
Interpreter.getTypeConverter,isEnum
Interpreter.getTypeConverter,valueOf
Interpreter.getTypeConverter,getName
Interpreter.convert,valueOf
Interpreter.assertNoMissingParameters,size
Interpreter.assertNoMissingParameters,isAnnotationPresent
Interpreter.assertNoMissingParameters,optionDescription
Interpreter.assertNoMissingParameters,parameterIndex
Interpreter.assertNoMissingParameters,createMinimalParamLabelRenderer
Interpreter.assertNoMissingParameters,parameterArity
Interpreter.assertNoMissingParameters,get
Interpreter.assertNoMissingParameters,renderParameterLabel
Interpreter.assertNoMissingParameters,Collections
Interpreter.assertNoMissingParameters,isEmpty
Interpreter.assertNoMissingParameters,reverse
Interpreter.trim,unquote
Interpreter.unquote,length
Interpreter.unquote,startsWith
Interpreter.unquote,endsWith
Interpreter.unquote,substring
PositionalParametersSorter.compare,parameterIndex
PositionalParametersSorter.compare,compareTo
PositionalParametersSorter.compare,parameterArity
BuiltIn.convert,get
BuiltIn.convert,valueOf
BuiltIn.convert,equalsIgnoreCase
BuiltIn.convert,parseBoolean
BuiltIn.convert,length
BuiltIn.convert,charAt
BuiltIn.convert,parse
BuiltIn.convert,getTime
BuiltIn.convert,forName
BuiltIn.convert,getByName
BuiltIn.convert,compile
BuiltIn.convert,fromString
PathConverter.convert,get
ByteConverter.convert,valueOf
BooleanConverter.convert,equalsIgnoreCase
BooleanConverter.convert,parseBoolean
BooleanConverter.convert,valueOf
CharacterConverter.convert,length
CharacterConverter.convert,charAt
CharacterConverter.convert,valueOf
CharacterConverter.convert,toCharArray
ShortConverter.convert,valueOf
IntegerConverter.convert,valueOf
LongConverter.convert,valueOf
FloatConverter.convert,valueOf
DoubleConverter.convert,valueOf
ISO8601DateConverter.convert,parse
ISO8601TimeConverter.convert,length
ISO8601TimeConverter.convert,parse
ISO8601TimeConverter.convert,getTime
CharsetConverter.convert,forName
InetAddressConverter.convert,getByName
PatternConverter.convert,compile
UUIDConverter.convert,fromString
Help.addAllSubcommands,entrySet
Help.addAllSubcommands,addSubcommand
Help.addAllSubcommands,getKey
Help.addAllSubcommands,getValue
Help.addAllSubcommands,getCommand
Help.addSubcommand,put
Help.synopsis,synopsis
Help.synopsis,empty
Help.synopsis,customSynopsis
Help.synopsis,abbreviatedSynopsis
Help.synopsis,detailedSynopsis
Help.synopsis,createShortOptionArityAndNameComparator
Help.abbreviatedSynopsis,isEmpty
Help.abbreviatedSynopsis,append
Help.abbreviatedSynopsis,getAnnotation
Help.abbreviatedSynopsis,hidden
Help.abbreviatedSynopsis,renderParameterLabel
Help.abbreviatedSynopsis,ansi
Help.abbreviatedSynopsis,commandText
Help.abbreviatedSynopsis,toString
Help.abbreviatedSynopsis,getProperty
Help.detailedSynopsis,detailedSynopsis
Help.detailedSynopsis,ansi
Help.detailedSynopsis,sort
Help.detailedSynopsis,getType
Help.detailedSynopsis,getAnnotation
Help.detailedSynopsis,names
Help.detailedSynopsis,length
Help.detailedSynopsis,startsWith
Help.detailedSynopsis,add
Help.detailedSynopsis,required
Help.detailedSynopsis,append
Help.detailedSynopsis,substring
Help.detailedSynopsis,removeAll
Help.detailedSynopsis,optionText
Help.detailedSynopsis,toString
Help.detailedSynopsis,hidden
Help.detailedSynopsis,appendOptionSynopsis
Help.detailedSynopsis,isMultiValue
Help.detailedSynopsis,renderParameterLabel
Help.detailedSynopsis,stringOf
Help.detailedSynopsis,addRowValues
Help.detailedSynopsis,commandText
Help.appendOptionSynopsis,renderParameterLabel
Help.appendOptionSynopsis,ansi
Help.appendOptionSynopsis,append
Help.appendOptionSynopsis,optionText
Help.synopsisHeadingLength,toString
Help.synopsisHeadingLength,split
Help.synopsisHeadingLength,length
Help.optionList,booleanValue
Help.optionList,createShortOptionNameComparator
Help.optionList,optionList
Help.optionList,createDefaultLayout
Help.optionList,sort
Help.optionList,addOptions
Help.optionList,toString
Help.parameterList,parameterList
Help.parameterList,createDefaultLayout
Help.parameterList,addPositionalParameters
Help.parameterList,toString
Help.heading,join
Help.heading,toString
Help.heading,endsWith
Help.heading,getProperty
Help.heading,substring
Help.heading,length
Help.heading,spaces
Help.heading,countTrailingSpaces
Help.spaces,fill
Help.countTrailingSpaces,length
Help.countTrailingSpaces,charAt
Help.join,splitLines
Help.join,format
Help.join,addRowValues
Help.join,toString
Help.join,append
Help.format,format
Help.customSynopsis,join
Help.customSynopsis,toString
Help.customSynopsis,ansi
Help.description,join
Help.description,toString
Help.description,ansi
Help.header,join
Help.header,toString
Help.header,ansi
Help.footer,join
Help.footer,toString
Help.footer,ansi
Help.headerHeading,heading
Help.headerHeading,ansi
Help.synopsisHeading,heading
Help.synopsisHeading,ansi
Help.descriptionHeading,empty
Help.descriptionHeading,heading
Help.descriptionHeading,ansi
Help.parameterListHeading,isEmpty
Help.parameterListHeading,heading
Help.parameterListHeading,ansi
Help.optionListHeading,isEmpty
Help.optionListHeading,heading
Help.optionListHeading,ansi
Help.commandListHeading,isEmpty
Help.commandListHeading,heading
Help.commandListHeading,ansi
Help.footerHeading,heading
Help.footerHeading,ansi
Help.commandList,isEmpty
Help.commandList,maxLength
Help.commandList,keySet
Help.commandList,ansi
Help.commandList,entrySet
Help.commandList,getValue
Help.commandList,addRowValues
Help.commandList,commandText
Help.commandList,getKey
Help.commandList,toString
Help.maxLength,sort
Help.maxLength,reverseOrder
Help.maxLength,shortestFirst
Help.maxLength,get
Help.maxLength,length
Help.stringOf,fill
Help.createDefaultLayout,ansi
Help.createDefaultLayout,createDefaultOptionRenderer
Help.createDefaultLayout,createDefaultParameterRenderer
Help.createDefaultOptionRenderer,valueOf
Help.createDefaultOptionRenderer,booleanValue
Help.createDefaultParameterRenderer,valueOf
Help.createMinimalParamLabelRenderer,renderParameterName
Help.createMinimalParamLabelRenderer,apply
Help.renderParameterLabel,renderParameterName
Help.renderParameterLabel,apply
Help.renderParameterLabel,isAnnotationPresent
Help.renderParameterLabel,optionArity
Help.renderParameterLabel,parameterCapacity
Help.renderParameterLabel,getAnnotation
Help.renderParameterLabel,split
Help.renderParameterLabel,empty
Help.renderParameterLabel,append
Help.renderParameterLabel,plainString
Help.renderParameterLabel,endsWith
Help.renderParameterLabel,trim
Help.renderParameterLabel,length
Help.render,sort
Help.render,names
Help.render,length
Help.render,join
Help.render,createLongOptionText
Help.render,help
Help.render,isBoolean
Help.render,getType
Help.render,createDefaultValue
Help.render,required
Help.render,renderDescriptionLines
Help.render,optionText
Help.render,renderParameterLabel
Help.render,ansi
Help.render,append
Help.render,description
Help.render,parameterText
Help.render,parameterArity
Help.render,str
Help.render,splitLines
Help.render,add
Help.render,toArray
Help.render,size
Help.createDefaultValue,get
Help.createDefaultValue,getType
Help.createDefaultValue,isArray
Help.createDefaultValue,getLength
Help.createDefaultValue,append
Help.createDefaultValue,insert
Help.createDefaultValue,toString
Help.createLongOptionText,renderParameterLabel
Help.createLongOptionText,ansi
Help.createLongOptionText,length
Help.createLongOptionText,separator
Help.createLongOptionText,plainString
Help.createLongOptionText,indexOf
Help.createLongOptionText,substring
Help.createLongOptionText,append
Help.createLongOptionText,optionText
Help.renderDescriptionLines,ansi
Help.renderDescriptionLines,str
Help.renderDescriptionLines,description
Help.renderDescriptionLines,splitLines
Help.renderDescriptionLines,add
Help.renderDescriptionLines,optionText
Help.renderDescriptionLines,toArray
Help.renderDescriptionLines,size
Help.renderParameterName,isAnnotationPresent
Help.renderParameterName,getAnnotation
Help.renderParameterName,paramLabel
Help.renderParameterName,trim
Help.renderParameterName,length
Help.renderParameterName,getName
Help.renderParameterName,isAssignableFrom
Help.renderParameterName,getType
Help.renderParameterName,getTypeAttribute
Help.renderParameterName,getSimpleName
Help.layout,addRowValues
Help.addOptions,getAnnotation
Help.addOptions,hidden
Help.addOptions,addOption
Help.addOption,getAnnotation
Help.addOption,render
Help.addOption,layout
Help.addPositionalParameters,getAnnotation
Help.addPositionalParameters,hidden
Help.addPositionalParameters,addPositionalParameter
Help.addPositionalParameter,getAnnotation
Help.addPositionalParameter,render
Help.addPositionalParameter,layout
Help.toString,toString
Help.toString,size
Help.toString,get
Help.toString,append
Help.toString,spaces
Help.toString,length
Help.toString,charAt
Help.toString,setLength
Help.toString,getProperty
Help.toString,enabled
Help.toString,substring
Help.toString,min
Help.toString,findSectionContaining
Help.compare,length
Help.compare,getAnnotation
Help.compare,sort
Help.compare,names
Help.compare,toRootUpperCase
Help.compare,compareTo
Help.compare,help
Help.compare,optionArity
Help.compare,isMultiValue
Help.sort,sort
Help.textAt,get
Help.cellAt,textAt
Help.rowCount,size
Help.addEmptyRow,add
Help.addRowValues,addRowValues
Help.addRowValues,addEmptyRow
Help.addRowValues,rowCount
Help.addRowValues,putValue
Help.putValue,rowCount
Help.putValue,length
Help.putValue,copy
Help.putValue,textAt
Help.putValue,getLineInstance
Help.putValue,substring
Help.putValue,addEmptyRow
Help.putValue,toString
Help.copy,setText
Help.copy,plainString
Help.copy,replace
Help.copy,first
Help.copy,next
Help.copy,substring
Help.copy,length
Help.copy,copy
Help.copy,min
Help.copy,getStyledChars
Help.commands,addAll
Help.options,addAll
Help.parameters,addAll
Help.optionParams,addAll
Help.commandText,ansi
Help.commandText,apply
Help.optionText,ansi
Help.optionText,apply
Help.parameterText,ansi
Help.parameterText,apply
Help.optionParamText,ansi
Help.optionParamText,apply
Help.applySystemProperties,replace
Help.applySystemProperties,getProperty
Help.replace,clear
Help.replace,addAll
Help.replace,parse
Help.addAll,addAll
Help.addAll,asList
Help.defaultColorScheme,commands
Help.defaultColorScheme,options
Help.defaultColorScheme,parameters
Help.defaultColorScheme,optionParams
Help.calcTTY,getDeclaredMethod
Help.calcTTY,invoke
Help.enabled,getProperty
Help.enabled,ansiPossible
Help.enabled,getBoolean
Help.on,append
Help.on,on
Help.on,toString
Help.on,format
Help.off,append
Help.off,off
Help.off,toString
Help.fg,valueOf
Help.fg,toRootLowerCase
Help.bg,valueOf
Help.bg,toRootLowerCase
Help.parse,split
Help.parse,toRootLowerCase
Help.parse,startsWith
Help.parse,indexOf
Help.parse,fg
Help.parse,substring
Help.parse,length
Help.parse,bg
Help.apply,length
Help.apply,toArray
Help.apply,size
Help.apply,add
Help.apply,on
Help.apply,off
Help.apply,reverse
Help.apply,append
Help.addStyledSection,add
Help.splitLines,length
Help.splitLines,charAt
Help.splitLines,add
Help.splitLines,substring
Help.splitLines,toArray
Help.splitLines,size
Help.substring,substring
Help.substring,clone
Help.append,append
Help.append,clone
Help.append,toString
Help.append,substring
Help.append,add
Help.append,withStartIndex
Help.append,length
Help.getStyledChars,append
Help.getStyledChars,add
Help.getStyledChars,withStartIndex
Help.getStyledChars,toString
Help.getStyledChars,substring
Help.getStyledChars,length
Help.plainString,toString
Help.plainString,substring
Help.equals,toString
Help.equals,equals
Help.equals,valueOf
Help.hashCode,toString
Help.hashCode,hashCode
DefaultOptionRenderer.render,sort
DefaultOptionRenderer.render,names
DefaultOptionRenderer.render,length
DefaultOptionRenderer.render,join
DefaultOptionRenderer.render,createLongOptionText
DefaultOptionRenderer.render,help
DefaultOptionRenderer.render,isBoolean
DefaultOptionRenderer.render,getType
DefaultOptionRenderer.render,createDefaultValue
DefaultOptionRenderer.render,required
DefaultOptionRenderer.render,renderDescriptionLines
DefaultOptionRenderer.createDefaultValue,get
DefaultOptionRenderer.createDefaultValue,getType
DefaultOptionRenderer.createDefaultValue,isArray
DefaultOptionRenderer.createDefaultValue,getLength
DefaultOptionRenderer.createDefaultValue,append
DefaultOptionRenderer.createDefaultValue,insert
DefaultOptionRenderer.createDefaultValue,toString
DefaultOptionRenderer.createLongOptionText,renderParameterLabel
DefaultOptionRenderer.createLongOptionText,ansi
DefaultOptionRenderer.createLongOptionText,length
DefaultOptionRenderer.createLongOptionText,separator
DefaultOptionRenderer.createLongOptionText,plainString
DefaultOptionRenderer.createLongOptionText,indexOf
DefaultOptionRenderer.createLongOptionText,substring
DefaultOptionRenderer.createLongOptionText,append
DefaultOptionRenderer.createLongOptionText,optionText
DefaultOptionRenderer.renderDescriptionLines,ansi
DefaultOptionRenderer.renderDescriptionLines,str
DefaultOptionRenderer.renderDescriptionLines,description
DefaultOptionRenderer.renderDescriptionLines,splitLines
DefaultOptionRenderer.renderDescriptionLines,add
DefaultOptionRenderer.renderDescriptionLines,optionText
DefaultOptionRenderer.renderDescriptionLines,toArray
DefaultOptionRenderer.renderDescriptionLines,size
MinimalOptionRenderer.render,optionText
MinimalOptionRenderer.render,names
MinimalOptionRenderer.render,renderParameterLabel
MinimalOptionRenderer.render,ansi
MinimalOptionRenderer.render,append
MinimalOptionRenderer.render,description
MinimalParameterRenderer.render,renderParameterLabel
MinimalParameterRenderer.render,ansi
MinimalParameterRenderer.render,description
DefaultParameterRenderer.render,renderParameterLabel
DefaultParameterRenderer.render,ansi
DefaultParameterRenderer.render,parameterText
DefaultParameterRenderer.render,parameterArity
DefaultParameterRenderer.render,str
DefaultParameterRenderer.render,description
DefaultParameterRenderer.render,splitLines
DefaultParameterRenderer.render,add
DefaultParameterRenderer.render,toArray
DefaultParameterRenderer.render,size
DefaultParamLabelRenderer.renderParameterLabel,isAnnotationPresent
DefaultParamLabelRenderer.renderParameterLabel,optionArity
DefaultParamLabelRenderer.renderParameterLabel,parameterCapacity
DefaultParamLabelRenderer.renderParameterLabel,getAnnotation
DefaultParamLabelRenderer.renderParameterLabel,split
DefaultParamLabelRenderer.renderParameterLabel,apply
DefaultParamLabelRenderer.renderParameterLabel,renderParameterName
DefaultParamLabelRenderer.renderParameterLabel,empty
DefaultParamLabelRenderer.renderParameterLabel,append
DefaultParamLabelRenderer.renderParameterLabel,plainString
DefaultParamLabelRenderer.renderParameterLabel,endsWith
DefaultParamLabelRenderer.renderParameterLabel,trim
DefaultParamLabelRenderer.renderParameterLabel,length
DefaultParamLabelRenderer.renderParameterName,isAnnotationPresent
DefaultParamLabelRenderer.renderParameterName,getAnnotation
DefaultParamLabelRenderer.renderParameterName,paramLabel
DefaultParamLabelRenderer.renderParameterName,trim
DefaultParamLabelRenderer.renderParameterName,length
DefaultParamLabelRenderer.renderParameterName,getName
DefaultParamLabelRenderer.renderParameterName,isAssignableFrom
DefaultParamLabelRenderer.renderParameterName,getType
DefaultParamLabelRenderer.renderParameterName,getTypeAttribute
DefaultParamLabelRenderer.renderParameterName,getSimpleName
Layout.layout,addRowValues
Layout.addOptions,getAnnotation
Layout.addOptions,hidden
Layout.addOptions,addOption
Layout.addOption,getAnnotation
Layout.addOption,render
Layout.addOption,layout
Layout.addPositionalParameters,getAnnotation
Layout.addPositionalParameters,hidden
Layout.addPositionalParameters,addPositionalParameter
Layout.addPositionalParameter,getAnnotation
Layout.addPositionalParameter,render
Layout.addPositionalParameter,layout
Layout.toString,toString
ShortestFirst.compare,length
ShortestFirst.sort,sort
SortByShortestOptionNameAlphabetically.compare,getAnnotation
SortByShortestOptionNameAlphabetically.compare,sort
SortByShortestOptionNameAlphabetically.compare,names
SortByShortestOptionNameAlphabetically.compare,toRootUpperCase
SortByShortestOptionNameAlphabetically.compare,compareTo
SortByShortestOptionNameAlphabetically.compare,help
SortByOptionArityAndNameAlphabetically.compare,getAnnotation
SortByOptionArityAndNameAlphabetically.compare,optionArity
SortByOptionArityAndNameAlphabetically.compare,isMultiValue
TextTable.textAt,get
TextTable.cellAt,textAt
TextTable.rowCount,size
TextTable.addEmptyRow,add
TextTable.addRowValues,addRowValues
TextTable.addRowValues,addEmptyRow
TextTable.addRowValues,rowCount
TextTable.addRowValues,putValue
TextTable.putValue,rowCount
TextTable.putValue,length
TextTable.putValue,copy
TextTable.putValue,textAt
TextTable.putValue,getLineInstance
TextTable.putValue,substring
TextTable.putValue,addEmptyRow
TextTable.putValue,toString
TextTable.copy,setText
TextTable.copy,plainString
TextTable.copy,replace
TextTable.copy,first
TextTable.copy,next
TextTable.copy,substring
TextTable.copy,length
TextTable.copy,copy
TextTable.copy,min
TextTable.copy,getStyledChars
TextTable.toString,size
TextTable.toString,get
TextTable.toString,append
TextTable.toString,toString
TextTable.toString,spaces
TextTable.toString,length
TextTable.toString,charAt
TextTable.toString,setLength
TextTable.toString,getProperty
ColorScheme.commands,addAll
ColorScheme.options,addAll
ColorScheme.parameters,addAll
ColorScheme.optionParams,addAll
ColorScheme.commandText,ansi
ColorScheme.commandText,apply
ColorScheme.optionText,ansi
ColorScheme.optionText,apply
ColorScheme.parameterText,ansi
ColorScheme.parameterText,apply
ColorScheme.optionParamText,ansi
ColorScheme.optionParamText,apply
ColorScheme.applySystemProperties,replace
ColorScheme.applySystemProperties,getProperty
ColorScheme.replace,clear
ColorScheme.replace,addAll
ColorScheme.replace,parse
ColorScheme.addAll,addAll
ColorScheme.addAll,asList
Palette256Color.on,format
Text.addStyledSection,add
Text.splitLines,length
Text.splitLines,charAt
Text.splitLines,add
Text.splitLines,substring
Text.splitLines,toArray
Text.splitLines,size
Text.substring,substring
Text.substring,clone
Text.append,append
Text.append,clone
Text.append,toString
Text.append,substring
Text.append,add
Text.append,withStartIndex
Text.append,length
Text.getStyledChars,append
Text.getStyledChars,add
Text.getStyledChars,withStartIndex
Text.getStyledChars,toString
Text.getStyledChars,substring
Text.getStyledChars,length
Text.plainString,toString
Text.plainString,substring
Text.equals,toString
Text.equals,equals
Text.equals,valueOf
Text.hashCode,toString
Text.hashCode,hashCode
Text.toString,enabled
Text.toString,toString
Text.toString,substring
Text.toString,length
Text.toString,size
Text.toString,min
Text.toString,findSectionContaining
Text.toString,append
Text.toString,charAt
Tracer.warn,print
Tracer.info,print
Tracer.debug,print
Tracer.isWarn,isEnabled
Tracer.isInfo,isEnabled
Tracer.isDebug,isEnabled
ParameterException.create,getClass
ParameterException.create,getSimpleName
ParameterException.create,getLocalizedMessage
ParameterException.create,toString
MissingParameterException.create,size
MissingParameterException.create,describe
MissingParameterException.create,iterator
MissingParameterException.create,next
MissingParameterException.create,add
MissingParameterException.create,toString
MissingParameterException.describe,isAnnotationPresent
MissingParameterException.describe,getAnnotation
MissingParameterException.describe,names
MissingParameterException.describe,index
MissingParameterException.describe,renderParameterName
DuplicateOptionAnnotationsException.create,getDeclaringClass
DuplicateOptionAnnotationsException.create,getName
JndiManager.isJndiEnabled,getProperties
JndiManager.isJndiEnabled,getBooleanProperty
JndiManager.isJndiEnabled,isJndiContextSelectorEnabled
JndiManager.isJndiEnabled,isJndiJdbcEnabled
JndiManager.isJndiEnabled,isJndiJmsEnabled
JndiManager.isJndiEnabled,isJndiLookupEnabled
JndiManager.isJndiContextSelectorEnabled,isJndiEnabled
JndiManager.isJndiJdbcEnabled,isJndiEnabled
JndiManager.isJndiJmsEnabled,isJndiEnabled
JndiManager.isJndiLookupEnabled,isJndiEnabled
JndiManager.getDefaultManager,getManager
JndiManager.getDefaultManager,getName
JndiManager.getJndiManager,createProperties
JndiManager.getJndiManager,getManager
JndiManager.getJndiManager,createManagerName
JndiManager.createManagerName,getName
JndiManager.createManagerName,hashCode
JndiManager.createProperties,setProperty
JndiManager.createProperties,warn
JndiManager.createProperties,putAll
JndiManager.releaseSub,closeSilently
JndiManager.lookup,getScheme
JndiManager.lookup,equals
JndiManager.lookup,lookup
JndiManager.lookup,warn
JndiManager.createManager,isJndiEnabled
JndiManager.createManager,format
JndiManager.createManager,error
JndiManagerFactory.createManager,isJndiEnabled
JndiManagerFactory.createManager,format
JndiManagerFactory.createManager,error
MimeMessageBuilder.getMimeMessage,build
SocketAddress.getLoopback,getLoopbackAddress
SocketAddress.getPort,getPort
SocketAddress.getAddress,getAddress
SocketAddress.getHostName,getHostName
SocketAddress.toString,toString
MulticastDnsAdvertiser.advertise,entrySet
MulticastDnsAdvertiser.advertise,getKey
MulticastDnsAdvertiser.advertise,length
MulticastDnsAdvertiser.advertise,getValue
MulticastDnsAdvertiser.advertise,put
MulticastDnsAdvertiser.advertise,get
MulticastDnsAdvertiser.advertise,parseInt
MulticastDnsAdvertiser.advertise,getMethod
MulticastDnsAdvertiser.advertise,buildServiceInfoVersion3
MulticastDnsAdvertiser.advertise,buildServiceInfoVersion1
MulticastDnsAdvertiser.advertise,invoke
MulticastDnsAdvertiser.advertise,warn
MulticastDnsAdvertiser.unadvertise,getMethod
MulticastDnsAdvertiser.unadvertise,invoke
MulticastDnsAdvertiser.unadvertise,warn
MulticastDnsAdvertiser.createJmDnsVersion1,newInstanceOf
MulticastDnsAdvertiser.createJmDnsVersion1,warn
MulticastDnsAdvertiser.createJmDnsVersion3,getMethod
MulticastDnsAdvertiser.createJmDnsVersion3,invoke
MulticastDnsAdvertiser.createJmDnsVersion3,warn
MulticastDnsAdvertiser.buildServiceInfoVersion1,getConstructor
MulticastDnsAdvertiser.buildServiceInfoVersion1,newInstance
MulticastDnsAdvertiser.buildServiceInfoVersion1,warn
MulticastDnsAdvertiser.buildServiceInfoVersion3,getMethod
MulticastDnsAdvertiser.buildServiceInfoVersion3,invoke
MulticastDnsAdvertiser.buildServiceInfoVersion3,warn
MulticastDnsAdvertiser.initializeJmDns,loadClass
MulticastDnsAdvertiser.initializeJmDns,getMethod
MulticastDnsAdvertiser.initializeJmDns,createJmDnsVersion3
MulticastDnsAdvertiser.initializeJmDns,createJmDnsVersion1
MulticastDnsAdvertiser.initializeJmDns,warn
TcpSocketManager.getSocketManager,getSocketManager
TcpSocketManager.getSocketManager,isEmpty
TcpSocketManager.getSocketManager,getManager
TcpSocketManager.write,latch
TcpSocketManager.write,getName
TcpSocketManager.write,writeAndFlush
TcpSocketManager.write,createReconnector
TcpSocketManager.write,reconnect
TcpSocketManager.write,debug
TcpSocketManager.write,getLocalizedMessage
TcpSocketManager.write,start
TcpSocketManager.write,format
TcpSocketManager.writeAndFlush,getOutputStream
TcpSocketManager.writeAndFlush,write
TcpSocketManager.writeAndFlush,flush
TcpSocketManager.closeOutputStream,shutdown
TcpSocketManager.closeOutputStream,interrupt
TcpSocketManager.closeOutputStream,close
TcpSocketManager.closeOutputStream,error
TcpSocketManager.getContentFormat,put
TcpSocketManager.latch,await
TcpSocketManager.run,sleep
TcpSocketManager.run,reconnect
TcpSocketManager.run,debug
TcpSocketManager.run,countDown
TcpSocketManager.reconnect,resolveHost
TcpSocketManager.reconnect,size
TcpSocketManager.reconnect,debug
TcpSocketManager.reconnect,get
TcpSocketManager.reconnect,connect
TcpSocketManager.connect,createSocket
TcpSocketManager.connect,getOutputStream
TcpSocketManager.connect,getInetAddress
TcpSocketManager.connect,closeSilently
TcpSocketManager.connect,setOutputStream
TcpSocketManager.connect,getHostAddress
TcpSocketManager.connect,equals
TcpSocketManager.connect,getAddress
TcpSocketManager.connect,debug
TcpSocketManager.createReconnector,setDaemon
TcpSocketManager.createReconnector,setPriority
TcpSocketManager.createSocket,createSocket
TcpSocketManager.createSocket,debug
TcpSocketManager.createSocket,toString
TcpSocketManager.createSocket,apply
TcpSocketManager.createSocket,connect
TcpSocketManager.createSocket,resolveHost
TcpSocketManager.createSocket,errorMessage
TcpSocketManager.createManager,getByName
TcpSocketManager.createManager,error
TcpSocketManager.createManager,createSocket
TcpSocketManager.createManager,getOutputStream
TcpSocketManager.createManager,createManager
TcpSocketManager.createManager,getInstance
TcpSocketManager.createManager,closeSilently
TcpSocketManager.errorMessage,append
TcpSocketManager.errorMessage,size
TcpSocketManager.errorMessage,get
TcpSocketManager.errorMessage,getAddress
TcpSocketManager.errorMessage,getHostAddress
TcpSocketManager.errorMessage,equals
TcpSocketManager.errorMessage,getPort
TcpSocketManager.errorMessage,toString
TcpSocketManager.resolveHost,getAllByName
TcpSocketManager.resolveHost,add
Reconnector.connect,createSocket
Reconnector.connect,getOutputStream
Reconnector.connect,getInetAddress
Reconnector.connect,closeSilently
Reconnector.connect,setOutputStream
Reconnector.connect,getHostAddress
Reconnector.connect,equals
Reconnector.connect,getAddress
Reconnector.connect,debug
TcpSocketManagerFactory.createManager,getByName
TcpSocketManagerFactory.createManager,error
TcpSocketManagerFactory.createManager,createSocket
TcpSocketManagerFactory.createManager,getOutputStream
TcpSocketManagerFactory.createManager,createManager
TcpSocketManagerFactory.createManager,getInstance
TcpSocketManagerFactory.createManager,closeSilently
TcpSocketManagerFactory.createSocket,resolveHost
TcpSocketManagerFactory.createSocket,createSocket
TcpSocketManagerFactory.createSocket,errorMessage
TcpSocketManagerFactory.errorMessage,append
TcpSocketManagerFactory.errorMessage,size
TcpSocketManagerFactory.errorMessage,get
TcpSocketManagerFactory.errorMessage,getAddress
TcpSocketManagerFactory.errorMessage,getHostAddress
TcpSocketManagerFactory.errorMessage,equals
TcpSocketManagerFactory.errorMessage,getPort
TcpSocketManagerFactory.errorMessage,toString
HostResolver.resolveHost,getAllByName
HostResolver.resolveHost,add
UrlConnectionFactory.createConnection,getProperties
UrlConnectionFactory.createConnection,asList
UrlConnectionFactory.createConnection,splitList
UrlConnectionFactory.createConnection,toRootLowerCase
UrlConnectionFactory.createConnection,getStringProperty
UrlConnectionFactory.createConnection,size
UrlConnectionFactory.createConnection,equals
UrlConnectionFactory.createConnection,get
UrlConnectionFactory.createConnection,getProtocol
UrlConnectionFactory.createConnection,toString
UrlConnectionFactory.createConnection,contains
UrlConnectionFactory.createConnection,openConnection
UrlConnectionFactory.createConnection,addAuthorization
UrlConnectionFactory.createConnection,setAllowUserInteraction
UrlConnectionFactory.createConnection,setDoOutput
UrlConnectionFactory.createConnection,setDoInput
UrlConnectionFactory.createConnection,setRequestMethod
UrlConnectionFactory.createConnection,setConnectTimeout
UrlConnectionFactory.createConnection,setReadTimeout
UrlConnectionFactory.createConnection,getFile
UrlConnectionFactory.createConnection,split
UrlConnectionFactory.createConnection,trim
UrlConnectionFactory.createConnection,isXml
UrlConnectionFactory.createConnection,isJson
UrlConnectionFactory.createConnection,isProperties
UrlConnectionFactory.createConnection,setRequestProperty
UrlConnectionFactory.createConnection,setIfModifiedSince
UrlConnectionFactory.createConnection,getSslContext
UrlConnectionFactory.createConnection,setSSLSocketFactory
UrlConnectionFactory.createConnection,getSocketFactory
UrlConnectionFactory.createConnection,isVerifyHostName
UrlConnectionFactory.createConnection,setHostnameVerifier
UrlConnectionFactory.createConnection,setUseCaches
UrlConnectionFactory.createConnection,authorizationProvider
UrlConnectionFactory.createConnection,createConnection
UrlConnectionFactory.createConnection,getSslConfiguration
UrlConnectionFactory.isXml,equalsIgnoreCase
UrlConnectionFactory.isJson,equalsIgnoreCase
UrlConnectionFactory.isProperties,equalsIgnoreCase
DatagramSocketManager.getSocketManager,isEmpty
DatagramSocketManager.getSocketManager,getManager
DatagramSocketManager.getContentFormat,put
DatagramSocketManager.createManager,getByName
DatagramSocketManager.createManager,error
DatagramSocketManager.createManager,getHeader
DatagramSocketManager.createManager,getFooter
DatagramSocketManagerFactory.createManager,getByName
DatagramSocketManagerFactory.createManager,error
DatagramSocketManagerFactory.createManager,getHeader
DatagramSocketManagerFactory.createManager,getFooter
SmtpManager.getSmtpManager,newSerializerBuilder
SmtpManager.getSmtpManager,setConfiguration
SmtpManager.getSmtpManager,setPattern
SmtpManager.getSmtpManager,build
SmtpManager.getSmtpManager,getManager
SmtpManager.getSmtpManager,getManagerName
DatagramOutputStream.write,copy
DatagramOutputStream.flush,copy
DatagramOutputStream.flush,send
DatagramOutputStream.close,flush
DatagramOutputStream.close,close
DatagramOutputStream.copy,arraycopy
SocketOptions.apply,setKeepAlive
SocketOptions.apply,booleanValue
SocketOptions.apply,setOOBInline
SocketOptions.apply,setReuseAddress
SocketOptions.apply,apply
SocketOptions.apply,setReceiveBufferSize
SocketOptions.apply,intValue
SocketOptions.apply,setSoLinger
SocketOptions.apply,setSoTimeout
SocketOptions.apply,setTcpNoDelay
SocketOptions.apply,getActualTrafficClass
SocketOptions.apply,setTrafficClass
SocketOptions.build,clone
SocketOptions.getActualTrafficClass,valueOf
SocketOptions.getActualTrafficClass,value
SocketOptions.setKeepAlive,valueOf
SocketOptions.setOobInline,valueOf
SocketOptions.setReuseAddress,valueOf
SocketOptions.setTcpNoDelay,valueOf
SslSocketManager.getSocketManager,getSocketManager
SslSocketManager.getSocketManager,isEmpty
SslSocketManager.getSocketManager,createSslConfigurationId
SslSocketManager.getSocketManager,format
SslSocketManager.getSocketManager,getProtocol
SslSocketManager.getSocketManager,getManager
SslSocketManager.createSslConfigurationId,valueOf
SslSocketManager.createSslConfigurationId,of
SslSocketManager.createSslConfigurationId,filter
SslSocketManager.createSslConfigurationId,flatMap
SslSocketManager.createSslConfigurationId,getKeyStore
SslSocketManager.createSslConfigurationId,aliases
SslSocketManager.createSslConfigurationId,error
SslSocketManager.createSslConfigurationId,getLocation
SslSocketManager.createSslConfigurationId,empty
SslSocketManager.createSslConfigurationId,list
SslSocketManager.createSslConfigurationId,stream
SslSocketManager.createSslConfigurationId,sorted
SslSocketManager.createSslConfigurationId,getCertificate
SslSocketManager.createSslConfigurationId,getIssuerX500Principal
SslSocketManager.createSslConfigurationId,getName
SslSocketManager.createSslConfigurationId,getSerialNumber
SslSocketManager.createSslConfigurationId,toString
SslSocketManager.createSslConfigurationId,collect
SslSocketManager.createSslConfigurationId,toList
SslSocketManager.createSslConfigurationId,hashCode
SslSocketManager.createSslConfigurationId,getKeyStoreConfig
SslSocketManager.createSslConfigurationId,getTrustStoreConfig
SslSocketManager.createSocket,createSocket
SslSocketManager.createSocket,getHost
SslSocketManager.createSocket,getConnectTimeoutMillis
SslSocketManager.createSocket,getSocketOptions
SslSocketManager.createSocket,resolveHost
SslSocketManager.createSocket,format
SslSocketManager.createSocket,addSuppressed
SslSocketManager.createSocket,errorMessage
SslSocketManager.createSocket,createSslSocketFactory
SslSocketManager.createSocket,apply
SslSocketManager.createSocket,connect
SslSocketManager.createSocket,isVerifyHostName
SslSocketManager.createSocket,getSSLParameters
SslSocketManager.createSocket,setEndpointIdentificationAlgorithm
SslSocketManager.createSocket,createSniHostName
SslSocketManager.createSocket,setServerNames
SslSocketManager.createSocket,singletonList
SslSocketManager.createSocket,setSSLParameters
SslSocketManager.createSocket,startHandshake
SslSocketManager.createSslSocketFactory,getSslContext
SslSocketManager.createSslSocketFactory,getSocketFactory
SslSocketManager.createSslSocketFactory,getDefault
SslSocketManager.createSniHostName,matches
SslSocketManagerFactory.createSocket,resolveHost
SslSocketManagerFactory.createSocket,createSocket
SslSocketManagerFactory.createSocket,format
SslSocketManagerFactory.createSocket,addSuppressed
SslSocketManagerFactory.createSocket,errorMessage
MailManager.createManagerName,append
MailManager.createManagerName,toString
AbstractSocketManager.getContentFormat,put
AbstractSocketManager.getContentFormat,toString
AbstractSocketManager.getContentFormat,getHostAddress
SocketPerformancePreferences.apply,setPerformancePreferences
SocketPerformancePreferences.build,clone
Priority.getPriority,toPriority
Priority.getPriority,getSeverity
Priority.getValue,toPriority
Priority.toString,toString
Priority.toString,getValue
TrustStoreConfiguration.createKeyStoreConfiguration,fill
TrustStoreConfiguration.createKeyStoreConfiguration,createKeyStoreConfiguration
TrustStoreConfiguration.createKeyStoreConfiguration,toCharArray
TrustStoreConfiguration.initTrustManagerFactory,getInstance
TrustStoreConfiguration.initTrustManagerFactory,init
TrustStoreConfiguration.initTrustManagerFactory,getKeyStore
TrustStoreConfiguration.hashCode,hashCode
TrustStoreConfiguration.equals,getClass
TrustStoreConfiguration.equals,equals
FilePasswordProvider.getPassword,readAllBytes
FilePasswordProvider.getPassword,wrap
FilePasswordProvider.getPassword,defaultCharset
FilePasswordProvider.getPassword,decode
FilePasswordProvider.getPassword,limit
FilePasswordProvider.getPassword,get
FilePasswordProvider.getPassword,rewind
FilePasswordProvider.getPassword,put
FilePasswordProvider.getPassword,fill
EnvironmentPasswordProvider.getPassword,getenv
EnvironmentPasswordProvider.getPassword,toCharArray
MemoryPasswordProvider.getPassword,clone
MemoryPasswordProvider.clearSecrets,fill
AbstractKeyStoreConfiguration.load,getLocation
AbstractKeyStoreConfiguration.load,getPasswordAsCharArray
AbstractKeyStoreConfiguration.load,debug
AbstractKeyStoreConfiguration.load,getInstance
AbstractKeyStoreConfiguration.load,equalsIgnoreCase
AbstractKeyStoreConfiguration.load,load
AbstractKeyStoreConfiguration.load,openInputStream
AbstractKeyStoreConfiguration.load,error
AbstractKeyStoreConfiguration.load,fill
AbstractKeyStoreConfiguration.openInputStream,fromUri
AbstractKeyStoreConfiguration.openInputStream,getInputStream
AbstractKeyStoreConfiguration.openInputStream,toURI
AbstractKeyStoreConfiguration.hashCode,hashCode
AbstractKeyStoreConfiguration.equals,getClass
AbstractKeyStoreConfiguration.equals,equals
SslConfigurationFactory.createSslConfiguration,getStringProperty
SslConfigurationFactory.createSslConfiguration,isNotEmpty
SslConfigurationFactory.createSslConfiguration,getPassword
SslConfigurationFactory.createSslConfiguration,createKeyStoreConfiguration
SslConfigurationFactory.createSslConfiguration,trimToNull
SslConfigurationFactory.createSslConfiguration,warn
SslConfigurationFactory.createSslConfiguration,getClass
SslConfigurationFactory.createSslConfiguration,getName
SslConfigurationFactory.createSslConfiguration,getMessage
SslConfigurationFactory.createSslConfiguration,getBooleanProperty
SslConfigurationFactory.createSslConfiguration,createSSLConfiguration
SslConfigurationFactory.getPassword,equals
SslConfigurationFactory.getPassword,toCharArray
SslConfigurationFactory.getPassword,isEmpty
SslConfigurationFactory.getSslConfiguration,createSslConfiguration
SslConfigurationFactory.getSslConfiguration,getProperties
SslConfiguration.clearSecrets,clearSecrets
SslConfiguration.getSslSocketFactory,getSocketFactory
SslConfiguration.getSslServerSocketFactory,getServerSocketFactory
SslConfiguration.createDefaultSslContext,getDefault
SslConfiguration.createDefaultSslContext,error
SslConfiguration.createDefaultSslContext,getInstance
SslConfiguration.createDefaultSslContext,init
SslConfiguration.createSslContext,getInstance
SslConfiguration.createSslContext,loadKeyManagers
SslConfiguration.createSslContext,loadTrustManagers
SslConfiguration.createSslContext,init
SslConfiguration.createSslContext,error
SslConfiguration.createSslContext,createDefaultSslContext
SslConfiguration.loadKeyManagers,getInstance
SslConfiguration.loadKeyManagers,getKeyManagerFactoryAlgorithm
SslConfiguration.loadKeyManagers,getPasswordAsCharArray
SslConfiguration.loadKeyManagers,init
SslConfiguration.loadKeyManagers,getKeyStore
SslConfiguration.loadKeyManagers,clearSecrets
SslConfiguration.loadKeyManagers,getKeyManagers
SslConfiguration.loadTrustManagers,getInstance
SslConfiguration.loadTrustManagers,getTrustManagerFactoryAlgorithm
SslConfiguration.loadTrustManagers,init
SslConfiguration.loadTrustManagers,getKeyStore
SslConfiguration.loadTrustManagers,getTrustManagers
SslConfiguration.hashCode,hash
SslConfiguration.equals,getClass
SslConfiguration.equals,equals
KeyStoreConfiguration.createKeyStoreConfiguration,fill
KeyStoreConfiguration.createKeyStoreConfiguration,createKeyStoreConfiguration
KeyStoreConfiguration.createKeyStoreConfiguration,toCharArray
KeyStoreConfiguration.initKeyManagerFactory,getInstance
KeyStoreConfiguration.initKeyManagerFactory,getPasswordAsCharArray
KeyStoreConfiguration.initKeyManagerFactory,init
KeyStoreConfiguration.initKeyManagerFactory,getKeyStore
KeyStoreConfiguration.initKeyManagerFactory,fill
KeyStoreConfiguration.hashCode,hashCode
KeyStoreConfiguration.equals,getClass
KeyStoreConfiguration.equals,equals
StoreConfiguration.getPassword,valueOf
StoreConfiguration.getPassword,getPassword
StoreConfiguration.getPasswordAsCharArray,getPassword
StoreConfiguration.setPassword,toCharArray
StoreConfiguration.hashCode,hashCode
StoreConfiguration.hashCode,getPassword
StoreConfiguration.equals,getClass
StoreConfiguration.equals,equals
StoreConfiguration.equals,getPassword
GarbageFreeSortedArrayThreadContextMap.childValue,createStringMap
GarbageFreeSortedArrayThreadContextMap.getThreadLocalMap,get
GarbageFreeSortedArrayThreadContextMap.getThreadLocalMap,createStringMap
GarbageFreeSortedArrayThreadContextMap.getThreadLocalMap,set
GarbageFreeSortedArrayThreadContextMap.put,getThreadLocalMap
GarbageFreeSortedArrayThreadContextMap.put,putValue
GarbageFreeSortedArrayThreadContextMap.putValue,getThreadLocalMap
GarbageFreeSortedArrayThreadContextMap.putValue,putValue
GarbageFreeSortedArrayThreadContextMap.putAll,isEmpty
GarbageFreeSortedArrayThreadContextMap.putAll,getThreadLocalMap
GarbageFreeSortedArrayThreadContextMap.putAll,entrySet
GarbageFreeSortedArrayThreadContextMap.putAll,putValue
GarbageFreeSortedArrayThreadContextMap.putAll,getKey
GarbageFreeSortedArrayThreadContextMap.putAll,getValue
GarbageFreeSortedArrayThreadContextMap.putAllValues,isEmpty
GarbageFreeSortedArrayThreadContextMap.putAllValues,getThreadLocalMap
GarbageFreeSortedArrayThreadContextMap.putAllValues,entrySet
GarbageFreeSortedArrayThreadContextMap.putAllValues,putValue
GarbageFreeSortedArrayThreadContextMap.putAllValues,getKey
GarbageFreeSortedArrayThreadContextMap.putAllValues,getValue
GarbageFreeSortedArrayThreadContextMap.get,getValue
GarbageFreeSortedArrayThreadContextMap.getValue,get
GarbageFreeSortedArrayThreadContextMap.getValue,map
GarbageFreeSortedArrayThreadContextMap.remove,get
GarbageFreeSortedArrayThreadContextMap.remove,remove
GarbageFreeSortedArrayThreadContextMap.removeAll,get
GarbageFreeSortedArrayThreadContextMap.removeAll,remove
GarbageFreeSortedArrayThreadContextMap.clear,get
GarbageFreeSortedArrayThreadContextMap.clear,clear
GarbageFreeSortedArrayThreadContextMap.containsKey,get
GarbageFreeSortedArrayThreadContextMap.containsKey,containsKey
GarbageFreeSortedArrayThreadContextMap.getCopy,get
GarbageFreeSortedArrayThreadContextMap.getCopy,toMap
GarbageFreeSortedArrayThreadContextMap.getReadOnlyContextData,get
GarbageFreeSortedArrayThreadContextMap.getReadOnlyContextData,createStringMap
GarbageFreeSortedArrayThreadContextMap.getReadOnlyContextData,set
GarbageFreeSortedArrayThreadContextMap.getImmutableMapOrNull,get
GarbageFreeSortedArrayThreadContextMap.getImmutableMapOrNull,unmodifiableMap
GarbageFreeSortedArrayThreadContextMap.getImmutableMapOrNull,toMap
GarbageFreeSortedArrayThreadContextMap.isEmpty,get
GarbageFreeSortedArrayThreadContextMap.isEmpty,isEmpty
GarbageFreeSortedArrayThreadContextMap.toString,get
GarbageFreeSortedArrayThreadContextMap.toString,toString
GarbageFreeSortedArrayThreadContextMap.hashCode,get
GarbageFreeSortedArrayThreadContextMap.hashCode,hashCode
GarbageFreeSortedArrayThreadContextMap.equals,getImmutableMapOrNull
GarbageFreeSortedArrayThreadContextMap.equals,equals
WrappedFileWatcher.fileModified,fileModified
WrappedFileWatcher.isModified,getSource
WrappedFileWatcher.isModified,getFile
WrappedFileWatcher.isModified,lastModified
WrappedFileWatcher.getListeners,unmodifiableList
WrappedFileWatcher.modified,getListeners
WrappedFileWatcher.modified,fileModified
WrappedFileWatcher.modified,getSource
WrappedFileWatcher.modified,getFile
WrappedFileWatcher.modified,lastModified
WrappedFileWatcher.watching,getFile
WrappedFileWatcher.watching,lastModified
WrappedFileWatcher.newWatcher,getConfiguration
WrappedFileWatcher.newWatcher,getSource
WrappedFileWatcher.newWatcher,watching
Booleans.parseBoolean,equalsIgnoreCase
IOUtils.copy,copyLarge
IOUtils.copyLarge,copyLarge
IOUtils.copyLarge,read
IOUtils.copyLarge,write
IOUtils.toString,copy
IOUtils.toString,toString
Transform.escapeHtmlTags,isEmpty
Transform.escapeHtmlTags,length
Transform.escapeHtmlTags,codePointAt
Transform.escapeHtmlTags,isValidXml10
Transform.escapeHtmlTags,isHtmlTagCharacter
Transform.escapeHtmlTags,append
Transform.escapeHtmlTags,appendEscapingHtmlTags
Transform.escapeHtmlTags,toString
Transform.escapeHtmlTags,charCount
Transform.appendEscapingCData,indexOf
Transform.appendEscapingCData,appendSanitizedXml10
Transform.appendEscapingCData,length
Transform.appendEscapingCData,append
Transform.escapeJsonControlCharacters,isEmpty
Transform.escapeJsonControlCharacters,indexOf
Transform.escapeJsonControlCharacters,length
Transform.escapeJsonControlCharacters,charAt
Transform.escapeJsonControlCharacters,append
Transform.escapeJsonControlCharacters,toString
Transform.appendEscapingHtmlTags,codePointAt
Transform.appendEscapingHtmlTags,append
Transform.appendEscapingHtmlTags,appendCodePoint
Transform.appendEscapingHtmlTags,isValidXml10
Transform.appendEscapingHtmlTags,charCount
Transform.appendSanitizedXml10,codePointAt
Transform.appendSanitizedXml10,appendCodePoint
Transform.appendSanitizedXml10,isValidXml10
Transform.appendSanitizedXml10,charCount
StringBuilderWriter.append,append
StringBuilderWriter.write,append
StringBuilderWriter.toString,toString
CachedClock.currentTimeMillis,currentTimeMillis
CyclicBuffer.makeArray,newInstance
CyclicBuffer.removeAll,makeArray
DefaultShutdownCallbackRegistry.run,compareAndSet
DefaultShutdownCallbackRegistry.run,get
DefaultShutdownCallbackRegistry.run,run
DefaultShutdownCallbackRegistry.run,error
DefaultShutdownCallbackRegistry.run,println
DefaultShutdownCallbackRegistry.run,getClass
DefaultShutdownCallbackRegistry.run,printStackTrace
DefaultShutdownCallbackRegistry.run,set
DefaultShutdownCallbackRegistry.cancel,removeIf
DefaultShutdownCallbackRegistry.cancel,get
DefaultShutdownCallbackRegistry.toString,valueOf
DefaultShutdownCallbackRegistry.addShutdownCallback,isStarted
DefaultShutdownCallbackRegistry.addShutdownCallback,add
DefaultShutdownCallbackRegistry.addShutdownCallback,get
DefaultShutdownCallbackRegistry.addShutdownCallback,name
DefaultShutdownCallbackRegistry.start,compareAndSet
DefaultShutdownCallbackRegistry.start,addShutdownHook
DefaultShutdownCallbackRegistry.start,newThread
DefaultShutdownCallbackRegistry.start,set
DefaultShutdownCallbackRegistry.start,catching
DefaultShutdownCallbackRegistry.addShutdownHook,getRuntime
DefaultShutdownCallbackRegistry.addShutdownHook,addShutdownHook
DefaultShutdownCallbackRegistry.stop,stop
DefaultShutdownCallbackRegistry.stop,compareAndSet
DefaultShutdownCallbackRegistry.stop,removeShutdownHook
DefaultShutdownCallbackRegistry.stop,set
DefaultShutdownCallbackRegistry.removeShutdownHook,get
DefaultShutdownCallbackRegistry.removeShutdownHook,getRuntime
DefaultShutdownCallbackRegistry.removeShutdownHook,removeShutdownHook
DefaultShutdownCallbackRegistry.removeShutdownHook,enqueue
DefaultShutdownCallbackRegistry.getState,get
DefaultShutdownCallbackRegistry.isStarted,get
DefaultShutdownCallbackRegistry.isStopped,get
RegisteredCancellable.cancel,removeIf
RegisteredCancellable.cancel,get
RegisteredCancellable.run,run
RegisteredCancellable.toString,valueOf
FileUtils.fileFromUri,isAbsolute
FileUtils.fileFromUri,equals
FileUtils.fileFromUri,getScheme
FileUtils.fileFromUri,getSchemeSpecificPart
FileUtils.fileFromUri,getFragment
FileUtils.fileFromUri,warn
FileUtils.fileFromUri,toString
FileUtils.fileFromUri,exists
FileUtils.fileFromUri,getPath
FileUtils.isFile,getProtocol
FileUtils.isFile,equals
FileUtils.getFileExtension,getName
FileUtils.getFileExtension,lastIndexOf
FileUtils.getFileExtension,substring
FileUtils.mkdir,exists
FileUtils.mkdir,getAbsolutePath
FileUtils.mkdir,createDirectories
FileUtils.mkdir,toPath
FileUtils.mkdir,isDirectory
FileUtils.makeParentDirs,requireNonNull
FileUtils.makeParentDirs,getCanonicalFile
FileUtils.makeParentDirs,getParentFile
FileUtils.makeParentDirs,mkdir
FileUtils.defineFilePosixAttributeView,getFileAttributeView
FileUtils.defineFilePosixAttributeView,getDefault
FileUtils.defineFilePosixAttributeView,getUserPrincipalLookupService
FileUtils.defineFilePosixAttributeView,lookupPrincipalByName
FileUtils.defineFilePosixAttributeView,setOwner
FileUtils.defineFilePosixAttributeView,lookupPrincipalByGroupName
FileUtils.defineFilePosixAttributeView,setGroup
FileUtils.defineFilePosixAttributeView,setPermissions
FileUtils.isFilePosixAttributeViewSupported,getDefault
FileUtils.isFilePosixAttributeViewSupported,supportedFileAttributeViews
FileUtils.isFilePosixAttributeViewSupported,contains
Loader.getClassLoader,getClassLoader
Loader.getClassLoader,getThreadContextClassLoader
Loader.getClassLoader,isChild
Loader.getThreadContextClassLoader,getThreadContextClassLoader
Loader.getResourceAsStream,getThreadContextClassLoader
Loader.getResourceAsStream,trace
Loader.getResourceAsStream,getResourceAsStream
Loader.getResourceAsStream,debug
Loader.getResourceAsStream,getClassLoader
Loader.getResourceAsStream,warn
Loader.getResourceAsStream,getSystemResourceAsStream
Loader.isChild,getParent
Loader.initializeClass,forName
Loader.loadSystemClass,forName
Loader.loadSystemClass,getSystemClassLoader
Loader.loadSystemClass,trace
Loader.newInstanceOf,currentThread
Loader.newInstanceOf,getContextClassLoader
Loader.newInstanceOf,setContextClassLoader
Loader.newInstanceOf,getClassLoader
Loader.newInstanceOf,newInstanceOf
Loader.newCheckedInstanceOf,currentThread
Loader.newCheckedInstanceOf,getContextClassLoader
Loader.newCheckedInstanceOf,setContextClassLoader
Loader.newCheckedInstanceOf,getClassLoader
Loader.newCheckedInstanceOf,newCheckedInstanceOf
Loader.newCheckedInstanceOfProperty,getProperties
Loader.newCheckedInstanceOfProperty,getStringProperty
Loader.newCheckedInstanceOfProperty,currentThread
Loader.newCheckedInstanceOfProperty,getContextClassLoader
Loader.newCheckedInstanceOfProperty,setContextClassLoader
Loader.newCheckedInstanceOfProperty,getClassLoader
Loader.newCheckedInstanceOfProperty,newCheckedInstanceOfProperty
Loader.isClassAvailable,currentThread
Loader.isClassAvailable,getContextClassLoader
Loader.isClassAvailable,setContextClassLoader
Loader.isClassAvailable,getClassLoader
Loader.isClassAvailable,isClassAvailable
Loader.isJansiAvailable,isClassAvailable
Closer.close,getLogger
Closer.close,debug
Closer.close,getClass
Closer.close,getSimpleName
Closer.close,close
Closer.closeSilently,close
ArrayUtils.isEmpty,getLength
ArrayUtils.getLength,getLength
ArrayUtils.remove,getLength
ArrayUtils.remove,newInstance
ArrayUtils.remove,getClass
ArrayUtils.remove,getComponentType
ArrayUtils.remove,arraycopy
ArrayUtils.remove,remove
Log4jThread.nextThreadNum,getAndIncrement
Assert.isEmpty,getClass
Assert.isEmpty,isArray
Assert.isNonEmpty,isEmpty
Assert.requireNonEmpty,requireNonEmpty
Assert.requireNonEmpty,isEmpty
NetUtils.getLocalHostname,getHostname
NetUtils.getCanonicalLocalHostname,getHostname
NetUtils.getHostname,getLocalHost
NetUtils.getHostname,apply
NetUtils.getHostname,getNetworkInterfaces
NetUtils.getHostname,hasMoreElements
NetUtils.getHostname,nextElement
NetUtils.getHostname,getInetAddresses
NetUtils.getHostname,isLoopbackAddress
NetUtils.getHostname,error
NetUtils.getMacAddress,getLocalHost
NetUtils.getMacAddress,getByInetAddress
NetUtils.getMacAddress,isUpAndNotLoopback
NetUtils.getMacAddress,getHardwareAddress
NetUtils.getMacAddress,getNetworkInterfaces
NetUtils.getMacAddress,hasMoreElements
NetUtils.getMacAddress,nextElement
NetUtils.getMacAddress,catching
NetUtils.getMacAddress,isEmpty
NetUtils.getMacAddress,getAddress
NetUtils.getMacAddress,copyOf
NetUtils.getMacAddressString,getMacAddress
NetUtils.getMacAddressString,isEmpty
NetUtils.getMacAddressString,format
NetUtils.getMacAddressString,append
NetUtils.getMacAddressString,toString
NetUtils.isUpAndNotLoopback,isLoopback
NetUtils.isUpAndNotLoopback,isUp
NetUtils.toURI,getProtocol
NetUtils.toURI,getHost
NetUtils.toURI,getPath
NetUtils.toURI,toURI
NetUtils.toURIs,split
NetUtils.toURIs,toURI
NetUtils.toURIs,trim
NetUtils.toURIs,getScheme
NetUtils.toURIs,add
Integers.parseInt,isEmpty
Integers.parseInt,parseInt
Integers.parseInt,trim
Integers.ceilingNextPowerOfTwo,numberOfLeadingZeros
KeyValuePair.hashCode,hash
KeyValuePair.equals,getClass
KeyValuePair.equals,equals
CloseShieldWriter.flush,flush
CloseShieldWriter.write,write
ClockFactory.getClock,createClock
ClockFactory.aliases,put
ClockFactory.createClock,getProperties
ClockFactory.createClock,getStringProperty
ClockFactory.createClock,trace
ClockFactory.createClock,logSupportedPrecision
ClockFactory.createClock,aliases
ClockFactory.createClock,get
ClockFactory.createClock,newCheckedInstanceOf
ClockFactory.createClock,getClass
ClockFactory.createClock,getName
ClockFactory.createClock,error
ClockFactory.logSupportedPrecision,debug
ClockFactory.logSupportedPrecision,getClass
ClockFactory.logSupportedPrecision,getName
SystemClock.currentTimeMillis,currentTimeMillis
SystemClock.init,systemUTC
SystemClock.init,instant
SystemClock.init,initFromEpochSecond
SystemClock.init,getEpochSecond
SystemClock.init,getNano
SystemMillisClock.currentTimeMillis,currentTimeMillis
Throwables.getRootCause,requireNonNull
Throwables.getRootCause,add
Throwables.getRootCause,getCause
Throwables.toStringList,printStackTrace
Throwables.toStringList,flush
Throwables.toStringList,toString
Throwables.toStringList,readLine
Throwables.toStringList,add
Throwables.toStringList,currentThread
Throwables.toStringList,interrupt
Throwables.toStringList,closeSilently
Throwables.rethrow,Throwables
SystemNanoClock.nanoTime,nanoTime
BasicAuthorizationProvider.addAuthorization,setRequestProperty
CronExpression.isSatisfiedBy,getInstance
CronExpression.isSatisfiedBy,getTimeZone
CronExpression.isSatisfiedBy,setTime
CronExpression.isSatisfiedBy,set
CronExpression.isSatisfiedBy,getTime
CronExpression.isSatisfiedBy,add
CronExpression.isSatisfiedBy,getTimeAfter
CronExpression.isSatisfiedBy,equals
CronExpression.getNextValidTimeAfter,getTimeAfter
CronExpression.getNextInvalidTimeAfter,getInstance
CronExpression.getNextInvalidTimeAfter,getTimeZone
CronExpression.getNextInvalidTimeAfter,setTime
CronExpression.getNextInvalidTimeAfter,set
CronExpression.getNextInvalidTimeAfter,getTime
CronExpression.getNextInvalidTimeAfter,getTimeAfter
CronExpression.getTimeZone,getDefault
CronExpression.buildExpression,hasMoreTokens
CronExpression.buildExpression,nextToken
CronExpression.buildExpression,trim
CronExpression.buildExpression,indexOf
CronExpression.buildExpression,length
CronExpression.buildExpression,contains
CronExpression.buildExpression,storeExpressionVals
CronExpression.buildExpression,getSet
CronExpression.buildExpression,toString
CronExpression.storeExpressionVals,skipWhiteSpace
CronExpression.storeExpressionVals,length
CronExpression.storeExpressionVals,charAt
CronExpression.storeExpressionVals,equals
CronExpression.storeExpressionVals,matches
CronExpression.storeExpressionVals,substring
CronExpression.storeExpressionVals,getMonthNumber
CronExpression.storeExpressionVals,getDayOfWeekNumber
CronExpression.storeExpressionVals,parseInt
CronExpression.storeExpressionVals,addToSet
CronExpression.storeExpressionVals,last
CronExpression.storeExpressionVals,getNumericValue
CronExpression.storeExpressionVals,getValue
CronExpression.storeExpressionVals,valueOf
CronExpression.storeExpressionVals,checkNext
CronExpression.checkNext,length
CronExpression.checkNext,addToSet
CronExpression.checkNext,charAt
CronExpression.checkNext,getSet
CronExpression.checkNext,add
CronExpression.checkNext,parseInt
CronExpression.checkNext,substring
CronExpression.checkNext,valueOf
CronExpression.checkNext,getValue
CronExpression.getExpressionSummary,append
CronExpression.getExpressionSummary,getExpressionSetSummary
CronExpression.getExpressionSummary,toString
CronExpression.getExpressionSetSummary,contains
CronExpression.getExpressionSetSummary,iterator
CronExpression.getExpressionSetSummary,hasNext
CronExpression.getExpressionSetSummary,next
CronExpression.getExpressionSetSummary,toString
CronExpression.getExpressionSetSummary,append
CronExpression.skipWhiteSpace,length
CronExpression.skipWhiteSpace,charAt
CronExpression.findNextWhiteSpace,length
CronExpression.findNextWhiteSpace,charAt
CronExpression.addToSet,getSet
CronExpression.addToSet,add
CronExpression.getValue,charAt
CronExpression.getValue,valueOf
CronExpression.getValue,append
CronExpression.getValue,length
CronExpression.getValue,parseInt
CronExpression.getValue,toString
CronExpression.getNumericValue,findNextWhiteSpace
CronExpression.getNumericValue,substring
CronExpression.getNumericValue,parseInt
CronExpression.getMonthNumber,get
CronExpression.getDayOfWeekNumber,get
CronExpression.getTimeAfter,getTimeZone
CronExpression.getTimeAfter,getTime
CronExpression.getTimeAfter,setTime
CronExpression.getTimeAfter,set
CronExpression.getTimeAfter,get
CronExpression.getTimeAfter,tailSet
CronExpression.getTimeAfter,size
CronExpression.getTimeAfter,first
CronExpression.getTimeAfter,setCalendarHour
CronExpression.getTimeAfter,contains
CronExpression.getTimeAfter,getLastDayOfMonth
CronExpression.getTimeAfter,add
CronExpression.getTimeAfter,getInstance
CronExpression.getTimeAfter,before
CronExpression.setCalendarHour,set
CronExpression.setCalendarHour,get
CronExpression.getTimeBefore,getInstance
CronExpression.getTimeBefore,getTimeZone
CronExpression.getTimeBefore,setTime
CronExpression.getTimeBefore,set
CronExpression.getTimeBefore,getTime
CronExpression.getTimeBefore,findMinIncrement
CronExpression.getTimeBefore,compareTo
CronExpression.getTimeBefore,getTimeAfter
CronExpression.getTimeBefore,before
CronExpression.getPrevFireTime,getTimeBefore
CronExpression.findMinIncrement,size
CronExpression.findMinIncrement,minInSet
CronExpression.findMinIncrement,first
CronExpression.getLastDayOfMonth,isLeapYear
WatcherFactory.newWatcher,getFile
WatcherFactory.newWatcher,getURI
WatcherFactory.newWatcher,getScheme
WatcherFactory.newWatcher,get
WatcherFactory.newWatcher,instantiate
WatcherFactory.newWatcher,getPluginClass
WatcherFactory.newWatcher,info
WatcherFactory.instantiate,requireNonNull
WatcherFactory.instantiate,getConstructor
WatcherFactory.instantiate,newInstance
WatcherFactory.instantiate,rethrow
WatcherFactory.instantiate,getCause
ObjectArrayIterator.next,hasNext
NameUtil.getSubName,isEmpty
NameUtil.getSubName,lastIndexOf
NameUtil.getSubName,substring
NameUtil.md5,requireNonNull
NameUtil.md5,getBytes
NameUtil.md5,getInstance
NameUtil.md5,digest
NameUtil.md5,append
NameUtil.md5,forDigit
NameUtil.md5,toString
AbstractWatcher.modified,newThread
AbstractWatcher.modified,start
AbstractWatcher.run,onChange
ReconfigurationRunnable.run,onChange
TypeUtil.getAllDeclaredFields,addAll
TypeUtil.getAllDeclaredFields,getDeclaredFields
TypeUtil.getAllDeclaredFields,getSuperclass
TypeUtil.isAssignable,requireNonNull
TypeUtil.isAssignable,equals
TypeUtil.isAssignable,isAssignableFrom
TypeUtil.isAssignable,isArray
TypeUtil.isAssignable,isAssignable
TypeUtil.isAssignable,getComponentType
TypeUtil.isAssignable,getRawType
TypeUtil.isAssignable,isParameterizedAssignable
TypeUtil.isAssignable,isWildcardAssignable
TypeUtil.isParameterizedAssignable,equals
TypeUtil.isParameterizedAssignable,getActualTypeArguments
TypeUtil.isParameterizedAssignable,isWildcardAssignable
TypeUtil.isWildcardAssignable,getEffectiveUpperBounds
TypeUtil.isWildcardAssignable,getEffectiveLowerBounds
TypeUtil.isWildcardAssignable,isBoundAssignable
TypeUtil.getEffectiveUpperBounds,getUpperBounds
TypeUtil.getEffectiveLowerBounds,getLowerBounds
TypeUtil.isBoundAssignable,isAssignable
WatchManager.get,currentTimeMillis
WatchManager.get,incrementAndGet
WatchManager.run,trace
WatchManager.run,entrySet
WatchManager.run,getKey
WatchManager.run,getValue
WatchManager.run,getWatcher
WatchManager.run,isModified
WatchManager.run,getLastModified
WatchManager.run,info
WatchManager.run,ofEpochMilli
WatchManager.run,modified
WatchManager.checkFiles,run
WatchManager.getConfigurationWatchers,size
WatchManager.getConfigurationWatchers,entrySet
WatchManager.getConfigurationWatchers,put
WatchManager.getConfigurationWatchers,getKey
WatchManager.getConfigurationWatchers,getValue
WatchManager.getConfigurationWatchers,getWatcher
WatchManager.getWatchers,size
WatchManager.getWatchers,entrySet
WatchManager.getWatchers,getValue
WatchManager.getWatchers,getWatcher
WatchManager.getWatchers,put
WatchManager.getWatchers,getKey
WatchManager.getWatchers,getFile
WatchManager.hasEventListeners,isEmpty
WatchManager.millisToString,toString
WatchManager.reset,debug
WatchManager.reset,keySet
WatchManager.reset,reset
WatchManager.reset,get
WatchManager.reset,getWatcher
WatchManager.reset,isModified
WatchManager.reset,getLastModified
WatchManager.reset,isDebugEnabled
WatchManager.reset,getLocation
WatchManager.reset,millisToString
WatchManager.reset,setLastModifiedMillis
WatchManager.setIntervalSeconds,isStarted
WatchManager.setIntervalSeconds,decrementScheduledItems
WatchManager.setIntervalSeconds,incrementScheduledItems
WatchManager.start,scheduleWithFixedDelay
WatchManager.start,subscribe
WatchManager.stop,setStopping
WatchManager.stop,unsubscribe
WatchManager.stop,stop
WatchManager.stop,setStopped
WatchManager.unwatch,debug
WatchManager.unwatch,remove
WatchManager.unwatchFile,unwatch
WatchManager.watch,watching
WatchManager.watch,getLastModified
WatchManager.watch,isDebugEnabled
WatchManager.watch,debug
WatchManager.watch,millisToString
WatchManager.watch,put
WatchManager.watchFile,watch
LocalUUID.get,currentTimeMillis
LocalUUID.get,incrementAndGet
WatchRunnable.run,trace
WatchRunnable.run,entrySet
WatchRunnable.run,getKey
WatchRunnable.run,getValue
WatchRunnable.run,getWatcher
WatchRunnable.run,isModified
WatchRunnable.run,getLastModified
WatchRunnable.run,info
WatchRunnable.run,ofEpochMilli
WatchRunnable.run,modified
CloseShieldOutputStream.flush,flush
CloseShieldOutputStream.write,write
Source.normalize,getCanonicalFile
Source.normalize,getAbsolutePath
Source.toFile,requireNonNull
Source.toFile,toFile
Source.toFile,getScheme
Source.toFile,isBlank
Source.toFile,equals
Source.toFile,getPath
Source.toFile,debug
Source.toURI,requireNonNull
Source.toURI,toURI
Source.equals,equals
Source.getPath,toPath
Source.getPath,get
Source.getURL,toURL
Source.hashCode,hash
ExecutorServices.shutdown,isTerminated
ExecutorServices.shutdown,shutdown
ExecutorServices.shutdown,format
ExecutorServices.shutdown,awaitTermination
ExecutorServices.shutdown,shutdownNow
ExecutorServices.shutdown,error
ExecutorServices.shutdown,currentThread
ExecutorServices.shutdown,interrupt
OptionConverter.concatenateArrays,arraycopy
ReflectionUtil.isAccessible,requireNonNull
ReflectionUtil.isAccessible,isPublic
ReflectionUtil.isAccessible,getModifiers
ReflectionUtil.isAccessible,getDeclaringClass
ReflectionUtil.makeAccessible,isAccessible
ReflectionUtil.makeAccessible,setAccessible
ReflectionUtil.makeAccessible,requireNonNull
ReflectionUtil.makeAccessible,isFinal
ReflectionUtil.makeAccessible,getModifiers
ReflectionUtil.getFieldValue,makeAccessible
ReflectionUtil.getFieldValue,isStatic
ReflectionUtil.getFieldValue,getModifiers
ReflectionUtil.getFieldValue,requireNonNull
ReflectionUtil.getFieldValue,get
ReflectionUtil.getStaticFieldValue,getFieldValue
ReflectionUtil.setFieldValue,makeAccessible
ReflectionUtil.setFieldValue,isStatic
ReflectionUtil.setFieldValue,getModifiers
ReflectionUtil.setFieldValue,requireNonNull
ReflectionUtil.setFieldValue,set
ReflectionUtil.setStaticFieldValue,setFieldValue
ReflectionUtil.getDefaultConstructor,requireNonNull
ReflectionUtil.getDefaultConstructor,getDeclaredConstructor
ReflectionUtil.getDefaultConstructor,makeAccessible
ReflectionUtil.getDefaultConstructor,getConstructor
ReflectionUtil.instantiate,requireNonNull
ReflectionUtil.instantiate,getDefaultConstructor
ReflectionUtil.instantiate,newInstance
ReflectionUtil.instantiate,rethrow
ReflectionUtil.instantiate,getCause
CoarseCachedClock.run,currentTimeMillis
CoarseCachedClock.run,parkNanos
JsonUtils.getQBuf,get
JsonUtils.getQBuf,set
JsonUtils.quoteAsString,getQBuf
JsonUtils.quoteAsString,length
JsonUtils.quoteAsString,charAt
JsonUtils.quoteAsString,append
JsonUtils.quoteAsString,_appendNumeric
JsonUtils.quoteAsString,_appendNamed
UuidUtil.initialize,nextBytes
UuidUtil.initialize,arraycopy
UuidUtil.initialize,wrap
UuidUtil.initialize,getProperties
UuidUtil.initialize,getStringProperty
UuidUtil.initialize,split
UuidUtil.initialize,parseLong
UuidUtil.initialize,nextLong
UuidUtil.initialize,toString
UuidUtil.initialize,setProperty
UuidUtil.initialize,getLong
UuidUtil.getTimeBasedUuid,currentTimeMillis
UuidUtil.getTimeBasedUuid,incrementAndGet
Log4jThreadFactory.newThread,getAndIncrement
Log4jThreadFactory.newThread,isDaemon
Log4jThreadFactory.newThread,setDaemon
Log4jThreadFactory.newThread,getPriority
Log4jThreadFactory.newThread,setPriority
StringEncoder.toBytes,getBytes
StringEncoder.toBytes,defaultCharset
StringEncoder.encodeSingleByteChars,length
StringEncoder.encodeSingleByteChars,encodeString
StringEncoder.encodeIsoChars,charAt
StringEncoder.encodeString,min
StringEncoder.encodeString,encodeIsoChars
StringEncoder.encodeString,charAt
StringEncoder.encodeString,isHighSurrogate
StringEncoder.encodeString,isLowSurrogate
JndiCloser.close,close
JndiCloser.closeSilently,close
Format.format,format
Format.format,toString
FastDateFormat.getInstance,getInstance
FastDateFormat.getDateInstance,getDateInstance
FastDateFormat.getTimeInstance,getTimeInstance
FastDateFormat.getDateTimeInstance,getDateTimeInstance
FastDateFormat.format,append
FastDateFormat.format,format
FastDateFormat.getPattern,getPattern
FastDateFormat.getTimeZone,getTimeZone
FastDateFormat.getLocale,getLocale
FastDateFormat.getMaxLengthEstimate,getMaxLengthEstimate
FastDateFormat.equals,equals
FastDateFormat.hashCode,hashCode
FastDateFormat.toString,getPattern
FastDateFormat.toString,getLocale
FastDateFormat.toString,getTimeZone
FastDateFormat.toString,getID
FormatCache.getInstance,getDateTimeInstance
FormatCache.getInstance,getDefault
FormatCache.getInstance,get
FormatCache.getInstance,createInstance
FormatCache.getInstance,putIfAbsent
FormatCache.getDateTimeInstance,getDefault
FormatCache.getDateTimeInstance,getPatternForStyle
FormatCache.getDateTimeInstance,getInstance
FormatCache.getDateTimeInstance,getDateTimeInstance
FormatCache.getDateTimeInstance,valueOf
FormatCache.getDateInstance,getDateTimeInstance
FormatCache.getDateInstance,valueOf
FormatCache.getTimeInstance,getDateTimeInstance
FormatCache.getTimeInstance,valueOf
FormatCache.getPatternForStyle,get
FormatCache.getPatternForStyle,getTimeInstance
FormatCache.getPatternForStyle,intValue
FormatCache.getPatternForStyle,getDateInstance
FormatCache.getPatternForStyle,getDateTimeInstance
FormatCache.getPatternForStyle,putIfAbsent
FormatCache.equals,equals
FormatCache.hashCode,hashCode
MultipartKey.equals,equals
MultipartKey.hashCode,hashCode
FastDatePrinter.init,parsePattern
FastDatePrinter.init,toArray
FastDatePrinter.init,estimateLength
FastDatePrinter.parsePattern,getEras
FastDatePrinter.parsePattern,getMonths
FastDatePrinter.parsePattern,getShortMonths
FastDatePrinter.parsePattern,getWeekdays
FastDatePrinter.parsePattern,getShortWeekdays
FastDatePrinter.parsePattern,getAmPmStrings
FastDatePrinter.parsePattern,length
FastDatePrinter.parsePattern,parseToken
FastDatePrinter.parsePattern,charAt
FastDatePrinter.parsePattern,selectNumberRule
FastDatePrinter.parsePattern,getRule
FastDatePrinter.parsePattern,substring
FastDatePrinter.parsePattern,add
FastDatePrinter.parseToken,length
FastDatePrinter.parseToken,charAt
FastDatePrinter.parseToken,append
FastDatePrinter.parseToken,toString
FastDatePrinter.format,format
FastDatePrinter.format,getClass
FastDatePrinter.format,getName
FastDatePrinter.format,newCalendar
FastDatePrinter.format,setTimeInMillis
FastDatePrinter.format,applyRulesToString
FastDatePrinter.format,setTime
FastDatePrinter.format,toString
FastDatePrinter.format,applyRules
FastDatePrinter.format,getTimeZone
FastDatePrinter.format,equals
FastDatePrinter.format,clone
FastDatePrinter.format,setTimeZone
FastDatePrinter.applyRulesToString,applyRules
FastDatePrinter.applyRulesToString,toString
FastDatePrinter.newCalendar,getInstance
FastDatePrinter.applyRules,applyRules
FastDatePrinter.applyRules,appendTo
FastDatePrinter.applyRules,rethrow
FastDatePrinter.equals,equals
FastDatePrinter.hashCode,hashCode
FastDatePrinter.toString,getID
FastDatePrinter.readObject,defaultReadObject
FastDatePrinter.readObject,init
FastDatePrinter.appendDigits,append
FastDatePrinter.appendFullDigits,append
FastDatePrinter.appendTo,append
FastDatePrinter.appendTo,get
FastDatePrinter.appendTo,appendTo
FastDatePrinter.appendTo,appendDigits
FastDatePrinter.appendTo,appendFullDigits
FastDatePrinter.appendTo,getLeastMaximum
FastDatePrinter.appendTo,getMaximum
FastDatePrinter.appendTo,getWeekYear
FastDatePrinter.appendTo,getTimeZone
FastDatePrinter.appendTo,getTimeZoneDisplay
FastDatePrinter.estimateLength,length
FastDatePrinter.estimateLength,estimateLength
FastDatePrinter.estimateLength,max
FastDatePrinter.getTimeZoneDisplay,get
FastDatePrinter.getTimeZoneDisplay,getDisplayName
FastDatePrinter.getTimeZoneDisplay,putIfAbsent
CharacterLiteral.appendTo,append
StringLiteral.estimateLength,length
StringLiteral.appendTo,append
TextField.estimateLength,length
TextField.appendTo,append
TextField.appendTo,get
UnpaddedNumberField.appendTo,appendTo
UnpaddedNumberField.appendTo,get
UnpaddedNumberField.appendTo,append
UnpaddedNumberField.appendTo,appendDigits
UnpaddedNumberField.appendTo,appendFullDigits
UnpaddedMonthField.appendTo,appendTo
UnpaddedMonthField.appendTo,get
UnpaddedMonthField.appendTo,append
UnpaddedMonthField.appendTo,appendDigits
PaddedNumberField.appendTo,appendTo
PaddedNumberField.appendTo,get
PaddedNumberField.appendTo,appendFullDigits
TwoDigitNumberField.appendTo,appendTo
TwoDigitNumberField.appendTo,get
TwoDigitNumberField.appendTo,appendDigits
TwoDigitNumberField.appendTo,appendFullDigits
TwoDigitYearField.appendTo,appendTo
TwoDigitYearField.appendTo,get
TwoDigitYearField.appendTo,appendDigits
TwoDigitMonthField.appendTo,appendTo
TwoDigitMonthField.appendTo,get
TwoDigitMonthField.appendTo,appendDigits
TwelveHourField.estimateLength,estimateLength
TwelveHourField.appendTo,get
TwelveHourField.appendTo,getLeastMaximum
TwelveHourField.appendTo,appendTo
TwentyFourHourField.estimateLength,estimateLength
TwentyFourHourField.appendTo,get
TwentyFourHourField.appendTo,getMaximum
TwentyFourHourField.appendTo,appendTo
DayInWeekField.estimateLength,estimateLength
DayInWeekField.appendTo,get
DayInWeekField.appendTo,appendTo
WeekYear.estimateLength,estimateLength
WeekYear.appendTo,appendTo
WeekYear.appendTo,getWeekYear
TimeZoneNameRule.estimateLength,max
TimeZoneNameRule.estimateLength,length
TimeZoneNameRule.appendTo,getTimeZone
TimeZoneNameRule.appendTo,get
TimeZoneNameRule.appendTo,append
TimeZoneNameRule.appendTo,getTimeZoneDisplay
TimeZoneNumberRule.appendTo,get
TimeZoneNumberRule.appendTo,append
TimeZoneNumberRule.appendTo,appendDigits
Iso8601_Rule.appendTo,get
Iso8601_Rule.appendTo,append
Iso8601_Rule.appendTo,appendDigits
TimeZoneDisplayKey.hashCode,hashCode
TimeZoneDisplayKey.equals,equals
FixedDateFormat.lookup,values
FixedDateFormat.lookup,name
FixedDateFormat.lookup,equals
FixedDateFormat.lookup,getPattern
FixedDateFormat.lookupIgnoringNanos,nanoRange
FixedDateFormat.lookupIgnoringNanos,substring
FixedDateFormat.lookupIgnoringNanos,length
FixedDateFormat.lookupIgnoringNanos,values
FixedDateFormat.lookupIgnoringNanos,getPattern
FixedDateFormat.lookupIgnoringNanos,equals
FixedDateFormat.nanoRange,indexOf
FixedDateFormat.nanoRange,length
FixedDateFormat.nanoRange,charAt
FixedDateFormat.getLength,length
FixedDateFormat.getDatePatternLength,getDatePattern
FixedDateFormat.getDatePatternLength,length
FixedDateFormat.getFastDateFormat,getFastDateFormat
FixedDateFormat.getFastDateFormat,getDatePattern
FixedDateFormat.getFastDateFormat,getInstance
FixedDateFormat.write,abs
FixedDateFormat.createIfSupported,getDefault
FixedDateFormat.createIfSupported,getTimeZone
FixedDateFormat.createIfSupported,lookupIgnoringNanos
FixedDateFormat.createIfSupported,nanoRange
FixedDateFormat.createIfSupported,lookup
FixedDateFormat.create,getDefault
FixedDateFormat.getFormat,getPattern
FixedDateFormat.millisSinceMidnight,updateMidnightMillis
FixedDateFormat.updateMidnightMillis,updateCachedDate
FixedDateFormat.updateMidnightMillis,calcMidnightMillis
FixedDateFormat.updateMidnightMillis,updateDaylightSavingTime
FixedDateFormat.calcMidnightMillis,getInstance
FixedDateFormat.calcMidnightMillis,setTimeInMillis
FixedDateFormat.calcMidnightMillis,set
FixedDateFormat.calcMidnightMillis,add
FixedDateFormat.calcMidnightMillis,getTimeInMillis
FixedDateFormat.updateDaylightSavingTime,fill
FixedDateFormat.updateDaylightSavingTime,toMillis
FixedDateFormat.updateDaylightSavingTime,getOffset
FixedDateFormat.updateDaylightSavingTime,getRawOffset
FixedDateFormat.updateCachedDate,format
FixedDateFormat.updateCachedDate,toString
FixedDateFormat.updateCachedDate,toCharArray
FixedDateFormat.updateCachedDate,length
FixedDateFormat.formatInstant,formatInstant
FixedDateFormat.formatInstant,getEpochMillisecond
FixedDateFormat.formatInstant,format
FixedDateFormat.formatInstant,digitsLessThanThree
FixedDateFormat.formatInstant,formatNanoOfMillisecond
FixedDateFormat.formatInstant,getNanoOfMillisecond
FixedDateFormat.formatInstant,writeTimeZone
FixedDateFormat.digitsLessThanThree,max
FixedDateFormat.format,format
FixedDateFormat.format,millisSinceMidnight
FixedDateFormat.format,writeDate
FixedDateFormat.format,writeTime
FixedDateFormat.writeDate,arraycopy
FixedDateFormat.writeTime,daylightSavingTime
FixedDateFormat.writeTimeZone,write
FixedDateFormat.writeTimeZone,getOffset
SystemUtils.getJavaVendor,getProperty
SystemUtils.getJavaVendor,warn
SystemUtils.isOsAndroid,getJavaVendor
SystemUtils.isOsAndroid,contains
SystemUtils.isGraalVm,getProperty
SystemUtils.isGraalVm,debug
InternalLoggerRegistry.expungeStaleEntries,poll
InternalLoggerRegistry.expungeStaleEntries,lock
InternalLoggerRegistry.expungeStaleEntries,entrySet
InternalLoggerRegistry.expungeStaleEntries,iterator
InternalLoggerRegistry.expungeStaleEntries,hasNext
InternalLoggerRegistry.expungeStaleEntries,next
InternalLoggerRegistry.expungeStaleEntries,getValue
InternalLoggerRegistry.expungeStaleEntries,values
InternalLoggerRegistry.expungeStaleEntries,removeIf
InternalLoggerRegistry.expungeStaleEntries,get
InternalLoggerRegistry.expungeStaleEntries,isEmpty
InternalLoggerRegistry.expungeStaleEntries,remove
InternalLoggerRegistry.expungeStaleEntries,unlock
InternalLoggerRegistry.getLogger,requireNonNull
InternalLoggerRegistry.getLogger,expungeStaleEntries
InternalLoggerRegistry.getLogger,lock
InternalLoggerRegistry.getLogger,get
InternalLoggerRegistry.getLogger,unlock
InternalLoggerRegistry.getLoggers,expungeStaleEntries
InternalLoggerRegistry.getLoggers,lock
InternalLoggerRegistry.getLoggers,values
InternalLoggerRegistry.getLoggers,stream
InternalLoggerRegistry.getLoggers,flatMap
InternalLoggerRegistry.getLoggers,get
InternalLoggerRegistry.getLoggers,of
InternalLoggerRegistry.getLoggers,empty
InternalLoggerRegistry.getLoggers,collect
InternalLoggerRegistry.getLoggers,toList
InternalLoggerRegistry.getLoggers,unlock
InternalLoggerRegistry.hasLogger,requireNonNull
InternalLoggerRegistry.hasLogger,getLogger
InternalLoggerRegistry.hasLogger,expungeStaleEntries
InternalLoggerRegistry.hasLogger,lock
InternalLoggerRegistry.hasLogger,entrySet
InternalLoggerRegistry.hasLogger,stream
InternalLoggerRegistry.hasLogger,filter
InternalLoggerRegistry.hasLogger,equals
InternalLoggerRegistry.hasLogger,getKey
InternalLoggerRegistry.hasLogger,getClass
InternalLoggerRegistry.hasLogger,anyMatch
InternalLoggerRegistry.hasLogger,getValue
InternalLoggerRegistry.hasLogger,containsKey
InternalLoggerRegistry.hasLogger,unlock
InternalLoggerRegistry.computeIfAbsent,requireNonNull
InternalLoggerRegistry.computeIfAbsent,getLogger
InternalLoggerRegistry.computeIfAbsent,apply
InternalLoggerRegistry.computeIfAbsent,getName
InternalLoggerRegistry.computeIfAbsent,getMessageFactory
InternalLoggerRegistry.computeIfAbsent,equals
InternalLoggerRegistry.computeIfAbsent,error
InternalLoggerRegistry.computeIfAbsent,lock
InternalLoggerRegistry.computeIfAbsent,get
InternalLoggerRegistry.computeIfAbsent,put
InternalLoggerRegistry.computeIfAbsent,unlock
InstantPatternThreadLocalCachedFormatter.ofMilliPrecision,effectivePrecision
InstantPatternThreadLocalCachedFormatter.ofSecondPrecision,effectivePrecision
InstantPatternThreadLocalCachedFormatter.effectivePrecision,getPrecision
InstantPatternThreadLocalCachedFormatter.effectivePrecision,compareTo
InstantPatternThreadLocalCachedFormatter.effectivePrecision,format
InstantPatternThreadLocalCachedFormatter.formatTo,requireNonNull
InstantPatternThreadLocalCachedFormatter.formatTo,get
InstantPatternThreadLocalCachedFormatter.formatTo,apply
InstantPatternThreadLocalCachedFormatter.formatTo,setLength
InstantPatternThreadLocalCachedFormatter.formatTo,formatTo
InstantPatternThreadLocalCachedFormatter.formatTo,append
InstantPatternThreadLocalCachedFormatter.getPattern,getPattern
InstantPatternThreadLocalCachedFormatter.getLocale,getLocale
InstantPatternThreadLocalCachedFormatter.getTimeZone,getTimeZone
InstantPatternLegacyFormatter.createFormatter,createIfSupported
InstantPatternLegacyFormatter.createFormatter,getID
InstantPatternLegacyFormatter.createFormatter,adaptFixedFormatter
InstantPatternLegacyFormatter.createFormatter,createFastFormatter
InstantPatternLegacyFormatter.adaptFixedFormatter,memoryEfficientInstanceSupplier
InstantPatternLegacyFormatter.adaptFixedFormatter,getLength
InstantPatternLegacyFormatter.adaptFixedFormatter,get
InstantPatternLegacyFormatter.adaptFixedFormatter,formatInstant
InstantPatternLegacyFormatter.adaptFixedFormatter,append
InstantPatternLegacyFormatter.createFastFormatter,getInstance
InstantPatternLegacyFormatter.createFastFormatter,memoryEfficientInstanceSupplier
InstantPatternLegacyFormatter.createFastFormatter,get
InstantPatternLegacyFormatter.createFastFormatter,setTimeInMillis
InstantPatternLegacyFormatter.createFastFormatter,getEpochMillisecond
InstantPatternLegacyFormatter.createFastFormatter,format
InstantPatternLegacyFormatter.memoryEfficientInstanceSupplier,withInitial
InstantPatternLegacyFormatter.formatTo,requireNonNull
InstantPatternLegacyFormatter.formatTo,accept
Builder.createLiteralFormatter,append
Builder.formatTo,append
DefaultReliabilityStrategy.log,log
CronScheduledFuture.getDelay,getDelay
CronScheduledFuture.compareTo,compareTo
CronScheduledFuture.cancel,cancel
CronScheduledFuture.isCancelled,isCancelled
CronScheduledFuture.isDone,isDone
CronScheduledFuture.get,get
ConfigurationFactory.getInstance,lock
ConfigurationFactory.getInstance,getProperties
ConfigurationFactory.getInstance,getStringProperty
ConfigurationFactory.getInstance,addFactory
ConfigurationFactory.getInstance,collectPlugins
ConfigurationFactory.getInstance,getPlugins
ConfigurationFactory.getInstance,size
ConfigurationFactory.getInstance,values
ConfigurationFactory.getInstance,add
ConfigurationFactory.getInstance,getPluginClass
ConfigurationFactory.getInstance,asSubclass
ConfigurationFactory.getInstance,warn
ConfigurationFactory.getInstance,sort
ConfigurationFactory.getInstance,getInstance
ConfigurationFactory.getInstance,unmodifiableList
ConfigurationFactory.getInstance,authorizationProvider
ConfigurationFactory.getInstance,unlock
ConfigurationFactory.getInstance,debug
ConfigurationFactory.authorizationProvider,getStringProperty
ConfigurationFactory.authorizationProvider,newInstanceOf
ConfigurationFactory.authorizationProvider,warn
ConfigurationFactory.authorizationProvider,getClass
ConfigurationFactory.authorizationProvider,getName
ConfigurationFactory.authorizationProvider,getMessage
ConfigurationFactory.addFactory,addFactory
ConfigurationFactory.addFactory,loadClass
ConfigurationFactory.addFactory,asSubclass
ConfigurationFactory.addFactory,error
ConfigurationFactory.addFactory,add
ConfigurationFactory.addFactory,instantiate
ConfigurationFactory.addFactory,getName
ConfigurationFactory.getConfiguration,isActive
ConfigurationFactory.getConfiguration,fromUri
ConfigurationFactory.getConfiguration,getConfiguration
ConfigurationFactory.getConfiguration,isClassLoaderUri
ConfigurationFactory.getConfiguration,extractClassLoaderUriPath
ConfigurationFactory.getConfiguration,fromResource
ConfigurationFactory.getConfiguration,requireNonNull
ConfigurationFactory.getConfiguration,stream
ConfigurationFactory.getConfiguration,peek
ConfigurationFactory.getConfiguration,format
ConfigurationFactory.getConfiguration,distinct
ConfigurationFactory.getConfiguration,collect
ConfigurationFactory.getConfiguration,toList
ConfigurationFactory.getConfiguration,isEmpty
ConfigurationFactory.getConfiguration,size
ConfigurationFactory.getConfiguration,get
ConfigurationFactory.getConfiguration,map
ConfigurationFactory.getConfiguration,getCanonicalName
ConfigurationFactory.getConfiguration,getClass
ConfigurationFactory.getConfiguration,replace
ConfigurationFactory.getConfiguration,getProperties
ConfigurationFactory.getConfiguration,getStringProperty
ConfigurationFactory.getConfiguration,parseConfigLocations
ConfigurationFactory.getConfiguration,trim
ConfigurationFactory.getConfiguration,add
ConfigurationFactory.getConfiguration,error
ConfigurationFactory.getConfiguration,warn
ConfigurationFactory.getConfiguration,setProperty
ConfigurationFactory.getConfiguration,getFactories
ConfigurationFactory.getConfiguration,getSupportedTypes
ConfigurationFactory.getConfiguration,equals
ConfigurationFactory.getConfiguration,toString
ConfigurationFactory.getConfiguration,endsWith
ConfigurationFactory.getConfiguration,toURI
ConfigurationFactory.getConfiguration,catching
ConfigurationFactory.getConfiguration,getThreadContextClassLoader
ConfigurationFactory.getConfiguration,getInputFromString
ConfigurationFactory.getConfiguration,getVersion
ConfigurationFactory.getConfiguration,isNotEmpty
ConfigurationFactory.getConfiguration,getTestPrefix
ConfigurationFactory.getConfiguration,getDefaultPrefix
ConfigurationFactory.getConfiguration,getName
ConfigurationFactory.getConfiguration,getLocation
ConfigurationFactory.getConfiguration,debug
ConfigurationFactory.isClassLoaderUri,getScheme
ConfigurationFactory.isClassLoaderUri,equals
ConfigurationFactory.extractClassLoaderUriPath,getScheme
ConfigurationFactory.extractClassLoaderUriPath,getPath
ConfigurationFactory.extractClassLoaderUriPath,getSchemeSpecificPart
ConfigurationFactory.getInputFromString,fromUri
ConfigurationFactory.getInputFromString,toURI
ConfigurationFactory.parseConfigLocations,toString
ConfigurationFactory.parseConfigLocations,split
ConfigurationFactory.parseConfigLocations,add
ConfigurationFactory.parseConfigLocations,getQuery
ConfigurationFactory.parseConfigLocations,indexOf
ConfigurationFactory.parseConfigLocations,decode
ConfigurationFactory.parseConfigLocations,substring
ConfigurationFactory.parseConfigLocations,equalsIgnoreCase
ConfigurationFactory.parseConfigLocations,warn
ConfigurationFactory.parseConfigLocations,toArray
ConfigurationFactory.parseConfigLocations,parseConfigLocations
Factory.getConfiguration,replace
Factory.getConfiguration,getProperties
Factory.getConfiguration,getStringProperty
Factory.getConfiguration,parseConfigLocations
Factory.getConfiguration,getConfiguration
Factory.getConfiguration,trim
Factory.getConfiguration,add
Factory.getConfiguration,error
Factory.getConfiguration,warn
Factory.getConfiguration,size
Factory.getConfiguration,get
Factory.getConfiguration,setProperty
Factory.getConfiguration,getFactories
Factory.getConfiguration,getSupportedTypes
Factory.getConfiguration,equals
Factory.getConfiguration,toString
Factory.getConfiguration,endsWith
Factory.getConfiguration,fromUri
Factory.getConfiguration,toURI
Factory.getConfiguration,catching
Factory.getConfiguration,getThreadContextClassLoader
Factory.getConfiguration,getInputFromString
Factory.getConfiguration,getVersion
Factory.getConfiguration,isNotEmpty
Factory.getConfiguration,getTestPrefix
Factory.getConfiguration,getDefaultPrefix
Factory.getConfiguration,fromResource
Factory.getConfiguration,isActive
Factory.getConfiguration,getClass
Factory.getConfiguration,getName
Factory.getConfiguration,getLocation
Factory.getConfiguration,debug
Factory.parseConfigLocations,toString
Factory.parseConfigLocations,split
Factory.parseConfigLocations,add
Factory.parseConfigLocations,getQuery
Factory.parseConfigLocations,indexOf
Factory.parseConfigLocations,decode
Factory.parseConfigLocations,substring
Factory.parseConfigLocations,equalsIgnoreCase
Factory.parseConfigLocations,warn
Factory.parseConfigLocations,toArray
Factory.parseConfigLocations,parseConfigLocations
Node.hasChildren,isEmpty
Node.getObject,cast
Node.isInstanceOf,isInstance
Node.toString,isObjectPrintable
Node.toString,toString
Node.toString,getPluginClass
Node.toString,getName
AwaitCompletionReliabilityStrategy.log,getActiveLoggerConfig
AwaitCompletionReliabilityStrategy.log,log
AwaitCompletionReliabilityStrategy.log,getReliabilityStrategy
AwaitCompletionReliabilityStrategy.log,afterLogEvent
AwaitCompletionReliabilityStrategy.getActiveLoggerConfig,beforeLogEvent
AwaitCompletionReliabilityStrategy.getActiveLoggerConfig,get
AwaitCompletionReliabilityStrategy.getActiveLoggerConfig,getReliabilityStrategy
AwaitCompletionReliabilityStrategy.getActiveLoggerConfig,getActiveLoggerConfig
AwaitCompletionReliabilityStrategy.beforeLogEvent,incrementAndGet
AwaitCompletionReliabilityStrategy.afterLogEvent,decrementAndGet
AwaitCompletionReliabilityStrategy.afterLogEvent,get
AwaitCompletionReliabilityStrategy.afterLogEvent,signalCompletionIfShutdown
AwaitCompletionReliabilityStrategy.signalCompletionIfShutdown,lock
AwaitCompletionReliabilityStrategy.signalCompletionIfShutdown,signalAll
AwaitCompletionReliabilityStrategy.signalCompletionIfShutdown,unlock
AwaitCompletionReliabilityStrategy.beforeStopAppenders,waitForCompletion
AwaitCompletionReliabilityStrategy.waitForCompletion,lock
AwaitCompletionReliabilityStrategy.waitForCompletion,compareAndSet
AwaitCompletionReliabilityStrategy.waitForCompletion,get
AwaitCompletionReliabilityStrategy.waitForCompletion,await
AwaitCompletionReliabilityStrategy.waitForCompletion,unlock
Property.getRawValue,toString
Property.getValue,toString
Property.evaluate,replace
Property.evaluate,unescape
Property.evaluate,getRawValue
Property.evaluate,getValue
Property.createProperty,createProperty
Property.createProperty,getStrSubstitutor
Property.createProperty,replace
Property.toString,getValue
PropertiesPlugin.configureSubstitutor,unescape
PropertiesPlugin.configureSubstitutor,getProperties
PropertiesPlugin.configureSubstitutor,getPluginPackages
PropertiesPlugin.configureSubstitutor,setConfiguration
PropertiesPlugin.configureSubstitutor,setLoggerContext
PropertiesPlugin.configureSubstitutor,getLoggerContext
PropertiesPlugin.unescape,createProperty
PropertiesPlugin.unescape,getName
PropertiesPlugin.unescape,unescape
PropertiesPlugin.unescape,getRawValue
PropertiesPlugin.unescape,getValue
PropertiesPlugin.unescape,replace
PropertiesPlugin.createUnescapingSubstitutor,setValueDelimiter
PropertiesPlugin.createUnescapingSubstitutor,setValueDelimiterMatcher
MonitorResource.hashCode,hashCode
MonitorResource.toString,format
CustomLevelConfig.createLevel,getLogger
CustomLevelConfig.createLevel,debug
CustomLevelConfig.createLevel,forName
CustomLevelConfig.hashCode,hashCode
CustomLevelConfig.equals,equals
OrderComparator.compare,requireNonNull
OrderComparator.compare,getAnnotation
OrderComparator.compare,signum
OrderComparator.compare,value
ConfigurationScheduler.stop,setStopping
ConfigurationScheduler.stop,isExecutorServiceSet
ConfigurationScheduler.stop,debug
ConfigurationScheduler.stop,getExecutorService
ConfigurationScheduler.stop,shutdown
ConfigurationScheduler.stop,awaitTermination
ConfigurationScheduler.stop,shutdownNow
ConfigurationScheduler.stop,warn
ConfigurationScheduler.stop,currentThread
ConfigurationScheduler.stop,interrupt
ConfigurationScheduler.stop,setStopped
ConfigurationScheduler.incrementScheduledItems,isExecutorServiceSet
ConfigurationScheduler.incrementScheduledItems,error
ConfigurationScheduler.decrementScheduledItems,isStarted
ConfigurationScheduler.schedule,getExecutorService
ConfigurationScheduler.schedule,schedule
ConfigurationScheduler.scheduleWithCron,scheduleWithCron
ConfigurationScheduler.scheduleWithCron,getNextValidTimeAfter
ConfigurationScheduler.scheduleWithCron,schedule
ConfigurationScheduler.scheduleWithCron,nextFireInterval
ConfigurationScheduler.scheduleWithCron,setScheduledFuture
ConfigurationScheduler.scheduleWithCron,debug
ConfigurationScheduler.scheduleWithCron,getCronExpression
ConfigurationScheduler.scheduleAtFixedRate,getExecutorService
ConfigurationScheduler.scheduleAtFixedRate,scheduleAtFixedRate
ConfigurationScheduler.scheduleWithFixedDelay,getExecutorService
ConfigurationScheduler.scheduleWithFixedDelay,scheduleWithFixedDelay
ConfigurationScheduler.nextFireInterval,getTime
ConfigurationScheduler.getExecutorService,debug
ConfigurationScheduler.getExecutorService,min
ConfigurationScheduler.getExecutorService,createDaemonThreadFactory
ConfigurationScheduler.getExecutorService,setContinueExistingPeriodicTasksAfterShutdownPolicy
ConfigurationScheduler.getExecutorService,setExecuteExistingDelayedTasksAfterShutdownPolicy
ConfigurationScheduler.run,getFireTime
ConfigurationScheduler.run,getTime
ConfigurationScheduler.run,currentTimeMillis
ConfigurationScheduler.run,debug
ConfigurationScheduler.run,sleep
ConfigurationScheduler.run,run
ConfigurationScheduler.run,error
ConfigurationScheduler.run,getNextValidTimeAfter
ConfigurationScheduler.run,schedule
ConfigurationScheduler.run,nextFireInterval
ConfigurationScheduler.run,getCronExpression
ConfigurationScheduler.run,reset
ConfigurationScheduler.toString,getCronExpression
ConfigurationScheduler.toString,getFireTime
ConfigurationScheduler.toString,append
ConfigurationScheduler.toString,toString
CronRunnable.run,getFireTime
CronRunnable.run,getTime
CronRunnable.run,currentTimeMillis
CronRunnable.run,debug
CronRunnable.run,sleep
CronRunnable.run,run
CronRunnable.run,error
CronRunnable.run,getNextValidTimeAfter
CronRunnable.run,schedule
CronRunnable.run,nextFireInterval
CronRunnable.run,getCronExpression
CronRunnable.run,reset
CronRunnable.toString,getCronExpression
CronRunnable.toString,getFireTime
AppenderControlArraySet.add,equals
AppenderControlArraySet.add,copyOf
AppenderControlArraySet.add,compareAndSet
AppenderControlArraySet.remove,equals
AppenderControlArraySet.remove,getAppenderName
AppenderControlArraySet.remove,removeElementAt
AppenderControlArraySet.remove,compareAndSet
AppenderControlArraySet.removeElementAt,copyOf
AppenderControlArraySet.removeElementAt,arraycopy
AppenderControlArraySet.asMap,put
AppenderControlArraySet.asMap,getAppenderName
AppenderControlArraySet.asMap,getAppender
AppenderControlArraySet.clear,getAndSet
AppenderControlArraySet.toString,toString
ConfigurationSource.toByteArray,max
ConfigurationSource.toByteArray,available
ConfigurationSource.toByteArray,read
ConfigurationSource.toByteArray,write
ConfigurationSource.toByteArray,toByteArray
ConfigurationSource.getFile,getFile
ConfigurationSource.isLocation,getLocation
ConfigurationSource.getURL,getURL
ConfigurationSource.setSource,warn
ConfigurationSource.getURI,getURI
ConfigurationSource.getLocation,getLocation
ConfigurationSource.resetInputStream,getFile
ConfigurationSource.resetInputStream,newInputStream
ConfigurationSource.resetInputStream,toPath
ConfigurationSource.resetInputStream,getURL
ConfigurationSource.resetInputStream,getURI
ConfigurationSource.resetInputStream,fromUri
ConfigurationSource.toString,getLocation
ConfigurationSource.fromUri,fileFromUri
ConfigurationSource.fromUri,exists
ConfigurationSource.fromUri,canRead
ConfigurationSource.fromUri,error
ConfigurationSource.fromUri,getPath
ConfigurationSource.fromUri,isClassLoaderUri
ConfigurationSource.fromUri,getThreadContextClassLoader
ConfigurationSource.fromUri,extractClassLoaderUriPath
ConfigurationSource.fromUri,fromResource
ConfigurationSource.fromUri,isAbsolute
ConfigurationSource.fromUri,toString
ConfigurationSource.fromUri,getConfigurationSource
ConfigurationSource.fromUri,toURL
ConfigurationSource.fromResource,getResource
ConfigurationSource.fromResource,getConfigurationSource
ConfigurationSource.getConfigurationSource,fileFromUri
ConfigurationSource.getConfigurationSource,toURI
ConfigurationSource.getConfigurationSource,createConnection
ConfigurationSource.getConfigurationSource,getInputStream
ConfigurationSource.getConfigurationSource,getFile
ConfigurationSource.getConfigurationSource,lastModified
ConfigurationSource.getConfigurationSource,getLastModified
ConfigurationSource.getConfigurationSource,info
ConfigurationSource.getConfigurationSource,toString
ConfigurationSource.getConfigurationSource,warn
ConfigurationSource.getConfigurationSource,getMessage
HttpWatcher.isModified,refreshConfiguration
HttpWatcher.watching,getURI
HttpWatcher.watching,getScheme
HttpWatcher.watching,equals
HttpWatcher.watching,toURL
HttpWatcher.watching,authorizationProvider
HttpWatcher.watching,getProperties
HttpWatcher.newWatcher,getConfiguration
HttpWatcher.newWatcher,getSource
HttpWatcher.newWatcher,watching
HttpWatcher.refreshConfiguration,toURI
HttpWatcher.refreshConfiguration,getInputStream
HttpWatcher.refreshConfiguration,getLastModified
HttpWatcher.refreshConfiguration,getStatus
HttpWatcher.refreshConfiguration,getConfiguration
HttpWatcher.refreshConfiguration,getConfigurationSource
HttpWatcher.refreshConfiguration,setData
HttpWatcher.refreshConfiguration,readStream
HttpWatcher.refreshConfiguration,requireNonNull
HttpWatcher.refreshConfiguration,setModifiedMillis
HttpWatcher.refreshConfiguration,info
HttpWatcher.refreshConfiguration,toRootUpperCase
HttpWatcher.refreshConfiguration,getProtocol
HttpWatcher.refreshConfiguration,toExternalForm
HttpWatcher.refreshConfiguration,ofEpochMilli
HttpWatcher.refreshConfiguration,error
HttpWatcher.refreshConfiguration,warn
LoggersPlugin.createLoggers,getName
LoggersPlugin.createLoggers,isEmpty
LoggersPlugin.createLoggers,put
AppenderRef.createAppenderRef,error
ScriptsPlugin.createScripts,requireNonNull
ScriptsPlugin.createScripts,isBlank
ScriptsPlugin.createScripts,getName
ScriptsPlugin.createScripts,add
ScriptsPlugin.createScripts,toArray
AppendersPlugin.createAppenders,put
AppendersPlugin.createAppenders,getName
MonitorResources.createMonitorResources,requireNonNull
MonitorResources.createMonitorResources,stream
MonitorResources.createMonitorResources,collect
MonitorResources.createMonitorResources,toCollection
AppenderControl.callAppender,shouldSkip
AppenderControl.callAppender,callAppenderPreventRecursion
AppenderControl.shouldSkip,isFilteredByAppenderControl
AppenderControl.shouldSkip,isFilteredByLevel
AppenderControl.shouldSkip,isRecursiveCall
AppenderControl.isFilteredByAppenderControl,getFilter
AppenderControl.isFilteredByAppenderControl,filter
AppenderControl.isFilteredByLevel,getLevel
AppenderControl.isFilteredByLevel,intLevel
AppenderControl.isRecursiveCall,get
AppenderControl.isRecursiveCall,appenderErrorHandlerMessage
AppenderControl.appenderErrorHandlerMessage,createErrorMsg
AppenderControl.appenderErrorHandlerMessage,getHandler
AppenderControl.appenderErrorHandlerMessage,error
AppenderControl.callAppenderPreventRecursion,set
AppenderControl.callAppenderPreventRecursion,callAppender0
AppenderControl.callAppender0,ensureAppenderStarted
AppenderControl.callAppender0,isFilteredByAppender
AppenderControl.callAppender0,tryCallAppender
AppenderControl.ensureAppenderStarted,isStarted
AppenderControl.ensureAppenderStarted,handleError
AppenderControl.handleError,appenderErrorHandlerMessage
AppenderControl.handleError,ignoreExceptions
AppenderControl.createErrorMsg,getName
AppenderControl.tryCallAppender,append
AppenderControl.tryCallAppender,handleAppenderError
AppenderControl.handleAppenderError,getHandler
AppenderControl.handleAppenderError,error
AppenderControl.handleAppenderError,createErrorMsg
AppenderControl.handleAppenderError,ignoreExceptions
AppenderControl.equals,equals
AppenderControl.hashCode,hashCode
AppenderControl.toString,getFilter
DefaultLayout.toSerializable,getFormattedStatus
DefaultLayout.toSerializable,getSource
DefaultLayout.toSerializable,getLevel
DefaultLayout.toSerializable,getMessage
DefaultLayout.toSerializable,getThrown
DefaultLayout.toSerializable,getThreadName
DefaultLayout.toSerializable,lineSeparator
DefaultLayout.toByteArray,toSerializable
DefaultLayout.toByteArray,getBytes
DefaultLayout.toByteArray,defaultCharset
DefaultLayout.encode,toByteArray
DefaultLayout.encode,writeBytes
DefaultLayout.getCharset,defaultCharset
DefaultLayout.getContentFormat,emptyMap
AwaitUnconditionallyReliabilityStrategy.sleepMillis,getProperties
AwaitUnconditionallyReliabilityStrategy.sleepMillis,getLongProperty
AwaitUnconditionallyReliabilityStrategy.log,log
AwaitUnconditionallyReliabilityStrategy.beforeStopConfiguration,getRootLogger
AwaitUnconditionallyReliabilityStrategy.beforeStopConfiguration,sleep
AwaitUnconditionallyReliabilityStrategy.beforeStopConfiguration,getLogger
AwaitUnconditionallyReliabilityStrategy.beforeStopConfiguration,warn
AbstractConfiguration.initialize,debug
AbstractConfiguration.initialize,getProductString
AbstractConfiguration.initialize,setConfiguration
AbstractConfiguration.initialize,getProperties
AbstractConfiguration.initialize,getStringProperty
AbstractConfiguration.initialize,info
AbstractConfiguration.initialize,isEmpty
AbstractConfiguration.initialize,warn
AbstractConfiguration.initialize,collectPlugins
AbstractConfiguration.initialize,getPlugins
AbstractConfiguration.initialize,values
AbstractConfiguration.initialize,initializeClass
AbstractConfiguration.initialize,getPluginClass
AbstractConfiguration.initialize,getName
AbstractConfiguration.initialize,getClassLoader
AbstractConfiguration.initialize,error
AbstractConfiguration.initialize,getClass
AbstractConfiguration.initialize,getSimpleName
AbstractConfiguration.initialize,setup
AbstractConfiguration.initialize,setupAdvertisement
AbstractConfiguration.initialize,doConfigure
AbstractConfiguration.initialize,watchMonitorResources
AbstractConfiguration.initialize,setState
AbstractConfiguration.initializeWatchers,getFile
AbstractConfiguration.initializeWatchers,getURL
AbstractConfiguration.initializeWatchers,setIntervalSeconds
AbstractConfiguration.initializeWatchers,lastModified
AbstractConfiguration.initializeWatchers,watch
AbstractConfiguration.initializeWatchers,monitorSource
AbstractConfiguration.initializeWatchers,hasEventListeners
AbstractConfiguration.monitorSource,getURI
AbstractConfiguration.monitorSource,getLastModified
AbstractConfiguration.monitorSource,getFile
AbstractConfiguration.monitorSource,getInstance
AbstractConfiguration.monitorSource,newWatcher
AbstractConfiguration.monitorSource,watch
AbstractConfiguration.monitorSource,info
AbstractConfiguration.start,getState
AbstractConfiguration.start,initialize
AbstractConfiguration.start,info
AbstractConfiguration.start,setStarting
AbstractConfiguration.start,isConfigurationMonitoringEnabled
AbstractConfiguration.start,getConfigurationWatchers
AbstractConfiguration.start,keySet
AbstractConfiguration.start,getIntervalSeconds
AbstractConfiguration.start,start
AbstractConfiguration.start,hasAsyncLoggers
AbstractConfiguration.start,values
AbstractConfiguration.start,add
AbstractConfiguration.start,contains
AbstractConfiguration.isConfigurationMonitoringEnabled,getIntervalSeconds
AbstractConfiguration.watchMonitorResources,isConfigurationMonitoringEnabled
AbstractConfiguration.watchMonitorResources,forEach
AbstractConfiguration.watchMonitorResources,getUri
AbstractConfiguration.watchMonitorResources,getFile
AbstractConfiguration.watchMonitorResources,lastModified
AbstractConfiguration.watchMonitorResources,watch
AbstractConfiguration.hasAsyncLoggers,values
AbstractConfiguration.stop,info
AbstractConfiguration.stop,setStopping
AbstractConfiguration.stop,values
AbstractConfiguration.stop,getReliabilityStrategy
AbstractConfiguration.stop,beforeStopConfiguration
AbstractConfiguration.stop,getClass
AbstractConfiguration.stop,getSimpleName
AbstractConfiguration.stop,trace
AbstractConfiguration.stop,size
AbstractConfiguration.stop,isEmpty
AbstractConfiguration.stop,stop
AbstractConfiguration.stop,isStopped
AbstractConfiguration.stop,hasAsyncLoggers
AbstractConfiguration.stop,beforeStopAppenders
AbstractConfiguration.stop,toArray
AbstractConfiguration.stop,getAsyncAppenders
AbstractConfiguration.stop,isStarted
AbstractConfiguration.stop,clearAppenders
AbstractConfiguration.stop,unadvertise
AbstractConfiguration.stop,setStopped
AbstractConfiguration.getAsyncAppenders,add
AbstractConfiguration.getDefaultStatus,getProperties
AbstractConfiguration.getDefaultStatus,getStringProperty
AbstractConfiguration.getDefaultStatus,name
AbstractConfiguration.getDefaultStatus,toLevel
AbstractConfiguration.createAdvertiser,getAttributes
AbstractConfiguration.createAdvertiser,put
AbstractConfiguration.createAdvertiser,getLocation
AbstractConfiguration.setupAdvertisement,getName
AbstractConfiguration.setupAdvertisement,getPluginType
AbstractConfiguration.setupAdvertisement,getPluginClass
AbstractConfiguration.setupAdvertisement,asSubclass
AbstractConfiguration.setupAdvertisement,newInstanceOf
AbstractConfiguration.setupAdvertisement,advertise
AbstractConfiguration.setupAdvertisement,getAttributes
AbstractConfiguration.setupAdvertisement,error
AbstractConfiguration.setupAdvertisement,getClass
AbstractConfiguration.setupAdvertisement,getSimpleName
AbstractConfiguration.getComponent,get
AbstractConfiguration.addComponent,putIfAbsent
AbstractConfiguration.preConfigure,getChildren
AbstractConfiguration.preConfigure,getType
AbstractConfiguration.preConfigure,error
AbstractConfiguration.preConfigure,getName
AbstractConfiguration.preConfigure,getPluginClass
AbstractConfiguration.preConfigure,isAnnotationPresent
AbstractConfiguration.preConfigure,incrementScheduledItems
AbstractConfiguration.preConfigure,preConfigure
AbstractConfiguration.processConditionals,getChildren
AbstractConfiguration.processConditionals,getType
AbstractConfiguration.processConditionals,equals
AbstractConfiguration.processConditionals,getElementName
AbstractConfiguration.processConditionals,getPluginClass
AbstractConfiguration.processConditionals,isAssignableFrom
AbstractConfiguration.processConditionals,add
AbstractConfiguration.processConditionals,addAll
AbstractConfiguration.processConditionals,processSelect
AbstractConfiguration.processConditionals,createPluginObject
AbstractConfiguration.processConditionals,isCondition
AbstractConfiguration.processConditionals,processConditionals
AbstractConfiguration.processConditionals,error
AbstractConfiguration.processConditionals,getName
AbstractConfiguration.processConditionals,isEmpty
AbstractConfiguration.processConditionals,removeAll
AbstractConfiguration.processConditionals,setParent
AbstractConfiguration.processSelect,createPluginObject
AbstractConfiguration.processSelect,getChildren
AbstractConfiguration.processSelect,getType
AbstractConfiguration.processSelect,isAssignableFrom
AbstractConfiguration.processSelect,getPluginClass
AbstractConfiguration.processSelect,add
AbstractConfiguration.processSelect,setObject
AbstractConfiguration.processSelect,error
AbstractConfiguration.processSelect,getName
AbstractConfiguration.processSelect,evaluateConditions
AbstractConfiguration.processSelect,getObject
AbstractConfiguration.processSelect,addAll
AbstractConfiguration.processSelect,processConditionals
AbstractConfiguration.doConfigure,processConditionals
AbstractConfiguration.doConfigure,preConfigure
AbstractConfiguration.doConfigure,start
AbstractConfiguration.doConfigure,getChildren
AbstractConfiguration.doConfigure,equalsIgnoreCase
AbstractConfiguration.doConfigure,getName
AbstractConfiguration.doConfigure,createConfiguration
AbstractConfiguration.doConfigure,getObject
AbstractConfiguration.doConfigure,setVariableResolver
AbstractConfiguration.doConfigure,getComponent
AbstractConfiguration.doConfigure,setConfiguration
AbstractConfiguration.doConfigure,setLoggerContext
AbstractConfiguration.doConfigure,get
AbstractConfiguration.doConfigure,error
AbstractConfiguration.doConfigure,addScript
AbstractConfiguration.doConfigure,isInstanceOf
AbstractConfiguration.doConfigure,addFilter
AbstractConfiguration.doConfigure,getMap
AbstractConfiguration.doConfigure,getRoot
AbstractConfiguration.doConfigure,getCustomLevels
AbstractConfiguration.doConfigure,add
AbstractConfiguration.doConfigure,createWaitStrategyFactory
AbstractConfiguration.doConfigure,getResources
AbstractConfiguration.doConfigure,asList
AbstractConfiguration.doConfigure,getClass
AbstractConfiguration.doConfigure,warn
AbstractConfiguration.doConfigure,setToDefault
AbstractConfiguration.doConfigure,entrySet
AbstractConfiguration.doConfigure,getValue
AbstractConfiguration.doConfigure,getAppenderRefs
AbstractConfiguration.doConfigure,getRef
AbstractConfiguration.doConfigure,addAppender
AbstractConfiguration.doConfigure,getLevel
AbstractConfiguration.doConfigure,getFilter
AbstractConfiguration.doConfigure,setParents
AbstractConfiguration.getDefaultLevel,getProperties
AbstractConfiguration.getDefaultLevel,getStringProperty
AbstractConfiguration.getDefaultLevel,name
AbstractConfiguration.getDefaultLevel,valueOf
AbstractConfiguration.setToDefault,isBlank
AbstractConfiguration.setToDefault,getName
AbstractConfiguration.setToDefault,setName
AbstractConfiguration.setToDefault,toHexString
AbstractConfiguration.setToDefault,hashCode
AbstractConfiguration.setToDefault,createDefaultAppenderForLayout
AbstractConfiguration.setToDefault,start
AbstractConfiguration.setToDefault,addAppender
AbstractConfiguration.setToDefault,getRootLogger
AbstractConfiguration.setToDefault,setLevel
AbstractConfiguration.setToDefault,getDefaultLevel
AbstractConfiguration.addListener,add
AbstractConfiguration.removeListener,remove
AbstractConfiguration.getAppender,get
AbstractConfiguration.addAppender,putIfAbsent
AbstractConfiguration.addAppender,getName
AbstractConfiguration.getReliabilityStrategy,getReliabilityStrategy
AbstractConfiguration.addLoggerAppender,getName
AbstractConfiguration.addLoggerAppender,putIfAbsent
AbstractConfiguration.addLoggerAppender,getLoggerConfig
AbstractConfiguration.addLoggerAppender,equals
AbstractConfiguration.addLoggerAppender,addAppender
AbstractConfiguration.addLoggerAppender,getLevel
AbstractConfiguration.addLoggerAppender,isAdditive
AbstractConfiguration.addLoggerAppender,setParent
AbstractConfiguration.addLoggerAppender,setParents
AbstractConfiguration.addLoggerAppender,getContext
AbstractConfiguration.addLoggerAppender,updateLoggers
AbstractConfiguration.addLoggerFilter,getName
AbstractConfiguration.addLoggerFilter,getLoggerConfig
AbstractConfiguration.addLoggerFilter,equals
AbstractConfiguration.addLoggerFilter,addFilter
AbstractConfiguration.addLoggerFilter,getLevel
AbstractConfiguration.addLoggerFilter,isAdditive
AbstractConfiguration.addLoggerFilter,setParent
AbstractConfiguration.addLoggerFilter,putIfAbsent
AbstractConfiguration.addLoggerFilter,setParents
AbstractConfiguration.addLoggerFilter,getContext
AbstractConfiguration.addLoggerFilter,updateLoggers
AbstractConfiguration.setLoggerAdditive,getName
AbstractConfiguration.setLoggerAdditive,getLoggerConfig
AbstractConfiguration.setLoggerAdditive,equals
AbstractConfiguration.setLoggerAdditive,setAdditive
AbstractConfiguration.setLoggerAdditive,getLevel
AbstractConfiguration.setLoggerAdditive,setParent
AbstractConfiguration.setLoggerAdditive,putIfAbsent
AbstractConfiguration.setLoggerAdditive,setParents
AbstractConfiguration.setLoggerAdditive,getContext
AbstractConfiguration.setLoggerAdditive,updateLoggers
AbstractConfiguration.removeAppender,values
AbstractConfiguration.removeAppender,removeAppender
AbstractConfiguration.removeAppender,remove
AbstractConfiguration.removeAppender,stop
AbstractConfiguration.getCustomLevels,unmodifiableList
AbstractConfiguration.getLoggerConfig,get
AbstractConfiguration.getLoggerConfig,getSubName
AbstractConfiguration.getLoggerContext,get
AbstractConfiguration.getLoggers,unmodifiableMap
AbstractConfiguration.getLogger,get
AbstractConfiguration.addLogger,putIfAbsent
AbstractConfiguration.addLogger,setParents
AbstractConfiguration.removeLogger,remove
AbstractConfiguration.removeLogger,setParents
AbstractConfiguration.createConfiguration,getType
AbstractConfiguration.createConfiguration,isDeferChildren
AbstractConfiguration.createConfiguration,setObject
AbstractConfiguration.createConfiguration,createPluginObject
AbstractConfiguration.createConfiguration,getChildren
AbstractConfiguration.createConfiguration,createConfiguration
AbstractConfiguration.createConfiguration,getParent
AbstractConfiguration.createConfiguration,error
AbstractConfiguration.createConfiguration,getName
AbstractConfiguration.createPluginObject,getState
AbstractConfiguration.createPluginObject,createPluginObject
AbstractConfiguration.createPluginObject,warn
AbstractConfiguration.createPluginObject,getPluginClass
AbstractConfiguration.createPluginObject,isAssignableFrom
AbstractConfiguration.createPluginObject,createPluginMap
AbstractConfiguration.createPluginObject,getElementName
AbstractConfiguration.createPluginObject,createPluginCollection
AbstractConfiguration.createPluginObject,withConfiguration
AbstractConfiguration.createPluginObject,withConfigurationNode
AbstractConfiguration.createPluginObject,forLogEvent
AbstractConfiguration.createPluginObject,build
AbstractConfiguration.createPluginMap,getChildren
AbstractConfiguration.createPluginMap,getObject
AbstractConfiguration.createPluginMap,put
AbstractConfiguration.createPluginMap,getName
AbstractConfiguration.createPluginCollection,getChildren
AbstractConfiguration.createPluginCollection,size
AbstractConfiguration.createPluginCollection,getObject
AbstractConfiguration.createPluginCollection,add
AbstractConfiguration.setParents,entrySet
AbstractConfiguration.setParents,getValue
AbstractConfiguration.setParents,getKey
AbstractConfiguration.setParents,isEmpty
AbstractConfiguration.setParents,lastIndexOf
AbstractConfiguration.setParents,substring
AbstractConfiguration.setParents,getLoggerConfig
AbstractConfiguration.setParents,setParent
AbstractConfiguration.toByteArray,read
AbstractConfiguration.toByteArray,write
AbstractConfiguration.toByteArray,toByteArray
AbstractConfiguration.setNanoClock,requireNonNull
ReliabilityStrategyFactory.getReliabilityStrategy,getProperties
ReliabilityStrategyFactory.getReliabilityStrategy,getStringProperty
ReliabilityStrategyFactory.getReliabilityStrategy,equals
ReliabilityStrategyFactory.getReliabilityStrategy,loadClass
ReliabilityStrategyFactory.getReliabilityStrategy,asSubclass
ReliabilityStrategyFactory.getReliabilityStrategy,getConstructor
ReliabilityStrategyFactory.getReliabilityStrategy,newInstance
ReliabilityStrategyFactory.getReliabilityStrategy,getLogger
ReliabilityStrategyFactory.getReliabilityStrategy,warn
LockingReliabilityStrategy.log,getActiveLoggerConfig
LockingReliabilityStrategy.log,log
LockingReliabilityStrategy.log,getReliabilityStrategy
LockingReliabilityStrategy.log,afterLogEvent
LockingReliabilityStrategy.getActiveLoggerConfig,beforeLogEvent
LockingReliabilityStrategy.getActiveLoggerConfig,get
LockingReliabilityStrategy.getActiveLoggerConfig,getReliabilityStrategy
LockingReliabilityStrategy.getActiveLoggerConfig,getActiveLoggerConfig
LockingReliabilityStrategy.beforeLogEvent,readLock
LockingReliabilityStrategy.beforeLogEvent,lock
LockingReliabilityStrategy.beforeLogEvent,unlock
LockingReliabilityStrategy.afterLogEvent,readLock
LockingReliabilityStrategy.afterLogEvent,unlock
LockingReliabilityStrategy.beforeStopAppenders,writeLock
LockingReliabilityStrategy.beforeStopAppenders,lock
LockingReliabilityStrategy.beforeStopAppenders,unlock
Configurator.getFactory,getFactory
Configurator.getFactory,error
Configurator.getFactory,getClass
Configurator.getFactory,getName
Configurator.getFactory,fatal
Configurator.initialize,initialize
Configurator.initialize,getFactory
Configurator.initialize,getContext
Configurator.initialize,error
Configurator.initialize,isBlank
Configurator.initialize,contains
Configurator.initialize,toURIs
Configurator.initialize,toURI
Configurator.initialize,getName
Configurator.reconfigure,getFactory
Configurator.reconfigure,getContext
Configurator.reconfigure,reconfigure
Configurator.reconfigure,error
Configurator.reconfigure,getName
Configurator.reconfigure,getSelector
Configurator.reconfigure,warn
Configurator.reconfigure,setConfigLocation
Configurator.setAllLevels,getContext
Configurator.setAllLevels,getCallerClassLoader
Configurator.setAllLevels,getConfiguration
Configurator.setAllLevels,setLevel
Configurator.setAllLevels,getLoggers
Configurator.setAllLevels,entrySet
Configurator.setAllLevels,getKey
Configurator.setAllLevels,startsWith
Configurator.setAllLevels,getValue
Configurator.setAllLevels,updateLoggers
Configurator.setLevel,setLevel
Configurator.setLevel,getContext
Configurator.setLevel,getCallerClassLoader
Configurator.setLevel,getName
Configurator.setLevel,getCanonicalName
Configurator.setLevel,getLevel
Configurator.setLevel,equals
Configurator.setLevel,isEmpty
Configurator.setLevel,setRootLevel
Configurator.setLevel,getConfiguration
Configurator.setLevel,updateLoggers
Configurator.setLevel,entrySet
Configurator.setLevel,getKey
Configurator.setLevel,getValue
Configurator.setLevel,toLevel
Configurator.setLevel,getLoggerConfig
Configurator.setLevel,addLogger
Configurator.setRootLevel,setRootLevel
Configurator.setRootLevel,getContext
Configurator.setRootLevel,getCallerClassLoader
Configurator.setRootLevel,getConfiguration
Configurator.setRootLevel,getRootLogger
Configurator.setRootLevel,getLevel
Configurator.setRootLevel,equals
Configurator.setRootLevel,setLevel
Configurator.setRootLevel,updateLoggers
Configurator.shutdown,stop
ConfigurationFileWatcher.getLastModified,lastModified
ConfigurationFileWatcher.fileModified,lastModified
ConfigurationFileWatcher.watching,getFile
ConfigurationFileWatcher.watching,lastModified
ConfigurationFileWatcher.isModified,lastModified
ConfigurationFileWatcher.newWatcher,getConfiguration
ConfigurationFileWatcher.newWatcher,getSource
ConfigurationFileWatcher.newWatcher,watching
LoggerConfig.newBuilder,asBuilder
LoggerConfig.setAdditivity,asBuilder
LoggerConfig.setLevel,asBuilder
LoggerConfig.setLevelAndRefs,asBuilder
LoggerConfig.setLoggerName,asBuilder
LoggerConfig.setIncludeLocation,asBuilder
LoggerConfig.setRefs,asBuilder
LoggerConfig.setProperties,asBuilder
LoggerConfig.setConfig,asBuilder
LoggerConfig.setFilter,asBuilder
LoggerConfig.withAdditivity,asBuilder
LoggerConfig.withLevel,asBuilder
LoggerConfig.withLevelAndRefs,asBuilder
LoggerConfig.withLoggerName,asBuilder
LoggerConfig.withIncludeLocation,asBuilder
LoggerConfig.withRefs,asBuilder
LoggerConfig.withProperties,asBuilder
LoggerConfig.withConfig,asBuilder
LoggerConfig.withtFilter,setFilter
LoggerConfig.withFilter,setFilter
LoggerConfig.build,equals
LoggerConfig.build,getLevelAndRefs
LoggerConfig.build,includeLocation
LoggerConfig.build,isAdditivity
LoggerConfig.containsPropertyRequiringLookup,isValueNeedsLookup
LoggerConfig.addAppender,add
LoggerConfig.removeAppender,remove
LoggerConfig.removeAppender,cleanupFilter
LoggerConfig.getAppenders,asMap
LoggerConfig.clearAppenders,isEmpty
LoggerConfig.clearAppenders,clear
LoggerConfig.clearAppenders,cleanupFilter
LoggerConfig.cleanupFilter,getFilter
LoggerConfig.cleanupFilter,removeFilter
LoggerConfig.cleanupFilter,stop
LoggerConfig.getLevel,getLevel
LoggerConfig.getProperties,size
LoggerConfig.getProperties,put
LoggerConfig.getProperties,get
LoggerConfig.getProperties,valueOf
LoggerConfig.getProperties,isValueNeedsLookup
LoggerConfig.getProperties,unmodifiableMap
LoggerConfig.getProperties,getPropertiesWithLookups
LoggerConfig.log,getProperties
LoggerConfig.log,createEvent
LoggerConfig.log,location
LoggerConfig.log,log
LoggerConfig.log,release
LoggerConfig.log,isFiltered
LoggerConfig.log,processLogEvent
LoggerConfig.location,requiresLocation
LoggerConfig.location,calcLocation
LoggerConfig.getPropertiesWithLookups,size
LoggerConfig.getPropertiesWithLookups,get
LoggerConfig.getPropertiesWithLookups,evaluate
LoggerConfig.getPropertiesWithLookups,getStrSubstitutor
LoggerConfig.getPropertiesWithLookups,add
LoggerConfig.getPropertiesWithLookups,createProperty
LoggerConfig.getPropertiesWithLookups,getName
LoggerConfig.getPropertiesWithLookups,getRawValue
LoggerConfig.processLogEvent,setIncludeLocation
LoggerConfig.processLogEvent,isIncludeLocation
LoggerConfig.processLogEvent,allow
LoggerConfig.processLogEvent,callAppenders
LoggerConfig.processLogEvent,logParent
LoggerConfig.requiresLocation,get
LoggerConfig.requiresLocation,getAppender
LoggerConfig.logParent,log
LoggerConfig.callAppenders,get
LoggerConfig.callAppenders,callAppender
LoggerConfig.toString,isEmpty
LoggerConfig.createLogger,error
LoggerConfig.createLogger,asList
LoggerConfig.createLogger,equals
LoggerConfig.createLogger,parseBoolean
LoggerConfig.createLogger,includeLocation
LoggerConfig.includeLocation,includeLocation
LoggerConfig.includeLocation,getLoggerContext
LoggerConfig.includeLocation,isSelected
LoggerConfig.includeLocation,parseBoolean
LoggerConfig.hasAppenders,isEmpty
LoggerConfig.newRootBuilder,asBuilder
LoggerConfig.getLevelAndRefs,warn
LoggerConfig.getLevelAndRefs,splitList
LoggerConfig.getLevelAndRefs,getLevel
LoggerConfig.getLevelAndRefs,stream
LoggerConfig.getLevelAndRefs,skip
LoggerConfig.getLevelAndRefs,forEach
LoggerConfig.getLevelAndRefs,add
LoggerConfig.getLevelAndRefs,createAppenderRef
LoggerConfig.getLevelAndRefs,asList
LoggerConfig.allow,allow
Builder.setAdditivity,asBuilder
Builder.setLevel,asBuilder
Builder.setLevelAndRefs,asBuilder
Builder.setLoggerName,asBuilder
Builder.setIncludeLocation,asBuilder
Builder.setRefs,asBuilder
Builder.setConfig,asBuilder
Builder.setFilter,asBuilder
Builder.withAdditivity,asBuilder
Builder.withLevel,asBuilder
Builder.withLevelAndRefs,asBuilder
Builder.withLoggerName,asBuilder
Builder.withIncludeLocation,asBuilder
Builder.withRefs,asBuilder
Builder.withProperties,asBuilder
Builder.withConfig,asBuilder
Builder.withtFilter,setFilter
Builder.withFilter,setFilter
RootLogger.newRootBuilder,asBuilder
RootLogger.setAdditivity,asBuilder
RootLogger.setLevelAndRefs,asBuilder
RootLogger.setIncludeLocation,asBuilder
RootLogger.setRefs,asBuilder
RootLogger.setProperties,asBuilder
RootLogger.setConfig,asBuilder
RootLogger.setFilter,asBuilder
RootLogger.withAdditivity,asBuilder
RootLogger.withLevel,asBuilder
RootLogger.withLevelAndRefs,asBuilder
RootLogger.withIncludeLocation,asBuilder
RootLogger.withRefs,asBuilder
RootLogger.withProperties,asBuilder
RootLogger.withConfig,asBuilder
RootLogger.withtFilter,setFilter
RootLogger.build,getLevelAndRefs
RootLogger.build,includeLocation
RootLogger.build,getLevel
RootLogger.build,getRefs
RootLogger.build,getConfig
RootLogger.build,getFilter
RootLogger.build,isAdditivity
RootLogger.build,getProperties
RootLogger.build,shouldIncludeLocation
RootLogger.build,getIncludeLocation
RootLogger.createLogger,asList
RootLogger.createLogger,parseBoolean
RootLogger.createLogger,includeLocation
RootLogger.createLogger,toLevel
RootLogger.createLogger,error
RootLogger.createLogger,shouldIncludeLocation
SystemPropertyArbiter.isCondition,getProperty
SystemPropertyArbiter.isCondition,equals
SystemPropertyArbiter.setPropertyName,asBuilder
SystemPropertyArbiter.setPropertyValue,asBuilder
Builder.setPropertyName,asBuilder
Builder.setPropertyValue,asBuilder
EnvironmentArbiter.isCondition,getenv
EnvironmentArbiter.isCondition,equals
EnvironmentArbiter.setPropertyName,asBuilder
EnvironmentArbiter.setPropertyValue,asBuilder
ScriptArbiter.isCondition,putAll
ScriptArbiter.isCondition,getProperties
ScriptArbiter.isCondition,put
ScriptArbiter.isCondition,getStrSubstitutor
ScriptArbiter.isCondition,getScriptManager
ScriptArbiter.isCondition,execute
ScriptArbiter.isCondition,getId
ScriptArbiter.isCondition,parseBoolean
ScriptArbiter.isCondition,toString
ScriptArbiter.setConfiguration,asBuilder
ScriptArbiter.setNode,asBuilder
ScriptArbiter.build,getChildren
ScriptArbiter.build,getType
ScriptArbiter.build,error
ScriptArbiter.build,getName
ScriptArbiter.build,isAssignableFrom
ScriptArbiter.build,getPluginClass
ScriptArbiter.build,createPluginObject
ScriptArbiter.build,remove
ScriptArbiter.build,getScriptManager
ScriptArbiter.build,getScript
ScriptArbiter.build,getId
ScriptArbiter.build,addScript
Builder.setNode,asBuilder
ClassArbiter.isCondition,isClassAvailable
ClassArbiter.setClassName,asBuilder
Builder.setClassName,asBuilder
SelectArbiter.evaluateConditions,stream
SelectArbiter.evaluateConditions,filter
SelectArbiter.evaluateConditions,reduce
SelectArbiter.evaluateConditions,isCondition
SelectArbiter.evaluateConditions,orElse
PluginBuilderAttributeVisitor.visit,value
PluginBuilderAttributeVisitor.visit,isEmpty
PluginBuilderAttributeVisitor.visit,getName
PluginBuilderAttributeVisitor.visit,getAttributes
PluginBuilderAttributeVisitor.visit,removeAttributeValue
PluginBuilderAttributeVisitor.visit,replace
PluginBuilderAttributeVisitor.visit,convert
PluginBuilderAttributeVisitor.visit,sensitive
PluginBuilderAttributeVisitor.visit,appendKeyDqValue
PluginVisitors.findVisitor,getAnnotation
PluginVisitors.findVisitor,newInstanceOf
PluginVisitors.findVisitor,value
PluginVisitors.findVisitor,error
PluginLoggerContextVisitor.visit,isAssignableFrom
PluginLoggerContextVisitor.visit,getLoggerContext
PluginLoggerContextVisitor.visit,warn
PluginLoggerContextVisitor.visit,getName
PluginElementVisitor.visit,value
PluginElementVisitor.visit,isArray
PluginElementVisitor.visit,setConversionType
PluginElementVisitor.visit,getComponentType
PluginElementVisitor.visit,append
PluginElementVisitor.visit,getChildren
PluginElementVisitor.visit,getType
PluginElementVisitor.visit,equalsIgnoreCase
PluginElementVisitor.visit,getElementName
PluginElementVisitor.visit,isAssignableFrom
PluginElementVisitor.visit,getPluginClass
PluginElementVisitor.visit,add
PluginElementVisitor.visit,getObject
PluginElementVisitor.visit,error
PluginElementVisitor.visit,getName
PluginElementVisitor.visit,getClass
PluginElementVisitor.visit,toString
PluginElementVisitor.visit,removeAll
PluginElementVisitor.visit,isEmpty
PluginElementVisitor.visit,get
PluginElementVisitor.visit,newInstance
PluginElementVisitor.visit,size
PluginElementVisitor.visit,findNamedNode
PluginElementVisitor.visit,remove
PluginElementVisitor.findNamedNode,getType
PluginElementVisitor.findNamedNode,equalsIgnoreCase
PluginElementVisitor.findNamedNode,getElementName
PluginElementVisitor.findNamedNode,isAssignableFrom
PluginElementVisitor.findNamedNode,getPluginClass
PluginConfigurationVisitor.visit,isInstance
PluginConfigurationVisitor.visit,append
PluginConfigurationVisitor.visit,getName
PluginConfigurationVisitor.visit,warn
PluginConfigurationVisitor.visit,getClass
PluginValueVisitor.visit,value
PluginValueVisitor.visit,getValue
PluginValueVisitor.visit,getAttributes
PluginValueVisitor.visit,get
PluginValueVisitor.visit,isNotEmpty
PluginValueVisitor.visit,error
PluginValueVisitor.visit,getName
PluginValueVisitor.visit,removeAttributeValue
PluginValueVisitor.visit,substitute
PluginValueVisitor.visit,replace
PluginValueVisitor.visit,appendKeyDqValue
AbstractPluginVisitor.setAnnotation,requireNonNull
AbstractPluginVisitor.setAnnotation,isInstance
AbstractPluginVisitor.setConversionType,requireNonNull
AbstractPluginVisitor.setStrSubstitutor,requireNonNull
AbstractPluginVisitor.removeAttributeValue,entrySet
AbstractPluginVisitor.removeAttributeValue,getKey
AbstractPluginVisitor.removeAttributeValue,getValue
AbstractPluginVisitor.removeAttributeValue,equalsIgnoreCase
AbstractPluginVisitor.removeAttributeValue,remove
AbstractPluginVisitor.convert,convert
AbstractPluginVisitor.convert,trimToNull
PluginAttributeVisitor.visit,value
PluginAttributeVisitor.visit,getAttributes
PluginAttributeVisitor.visit,removeAttributeValue
PluginAttributeVisitor.visit,replace
PluginAttributeVisitor.visit,findDefaultValue
PluginAttributeVisitor.visit,convert
PluginAttributeVisitor.visit,sensitive
PluginAttributeVisitor.visit,appendKeyDqValue
PluginAttributeVisitor.findDefaultValue,defaultInt
PluginAttributeVisitor.findDefaultValue,defaultLong
PluginAttributeVisitor.findDefaultValue,defaultBoolean
PluginAttributeVisitor.findDefaultValue,defaultFloat
PluginAttributeVisitor.findDefaultValue,defaultDouble
PluginAttributeVisitor.findDefaultValue,defaultByte
PluginAttributeVisitor.findDefaultValue,defaultChar
PluginAttributeVisitor.findDefaultValue,defaultShort
PluginAttributeVisitor.findDefaultValue,defaultClass
PluginAttributeVisitor.findDefaultValue,replace
PluginAttributeVisitor.findDefaultValue,defaultString
PluginNodeVisitor.visit,isInstance
PluginNodeVisitor.visit,append
PluginNodeVisitor.visit,getName
PluginNodeVisitor.visit,warn
PluginNodeVisitor.visit,getClass
PluginRegistry.clear,set
PluginRegistry.clear,clear
PluginRegistry.loadFromMainClassLoader,get
PluginRegistry.loadFromMainClassLoader,decodeCacheFiles
PluginRegistry.loadFromMainClassLoader,getClassLoader
PluginRegistry.loadFromMainClassLoader,compareAndSet
PluginRegistry.clearBundlePlugins,remove
PluginRegistry.loadFromBundle,get
PluginRegistry.loadFromBundle,decodeCacheFiles
PluginRegistry.loadFromBundle,putIfAbsent
PluginRegistry.decodeCacheFiles,nanoTime
PluginRegistry.decodeCacheFiles,getResources
PluginRegistry.decodeCacheFiles,hasMoreElements
PluginRegistry.decodeCacheFiles,debug
PluginRegistry.decodeCacheFiles,loadCacheFiles
PluginRegistry.decodeCacheFiles,warn
PluginRegistry.decodeCacheFiles,getAllCategories
PluginRegistry.decodeCacheFiles,entrySet
PluginRegistry.decodeCacheFiles,getKey
PluginRegistry.decodeCacheFiles,getValue
PluginRegistry.decodeCacheFiles,size
PluginRegistry.decodeCacheFiles,put
PluginRegistry.decodeCacheFiles,getClassName
PluginRegistry.decodeCacheFiles,loadClass
PluginRegistry.decodeCacheFiles,getName
PluginRegistry.decodeCacheFiles,add
PluginRegistry.decodeCacheFiles,info
PluginRegistry.decodeCacheFiles,format
PluginRegistry.loadFromPackage,isBlank
PluginRegistry.loadFromPackage,emptyMap
PluginRegistry.loadFromPackage,get
PluginRegistry.loadFromPackage,nanoTime
PluginRegistry.loadFromPackage,getClassLoader
PluginRegistry.loadFromPackage,setClassLoader
PluginRegistry.loadFromPackage,findInPackage
PluginRegistry.loadFromPackage,getClasses
PluginRegistry.loadFromPackage,getAnnotation
PluginRegistry.loadFromPackage,toRootLowerCase
PluginRegistry.loadFromPackage,category
PluginRegistry.loadFromPackage,put
PluginRegistry.loadFromPackage,elementType
PluginRegistry.loadFromPackage,equals
PluginRegistry.loadFromPackage,name
PluginRegistry.loadFromPackage,setKey
PluginRegistry.loadFromPackage,setName
PluginRegistry.loadFromPackage,setCategory
PluginRegistry.loadFromPackage,setClassName
PluginRegistry.loadFromPackage,getName
PluginRegistry.loadFromPackage,setPrintable
PluginRegistry.loadFromPackage,printObject
PluginRegistry.loadFromPackage,setDefer
PluginRegistry.loadFromPackage,deferChildren
PluginRegistry.loadFromPackage,add
PluginRegistry.loadFromPackage,value
PluginRegistry.loadFromPackage,trim
PluginRegistry.loadFromPackage,debug
PluginRegistry.loadFromPackage,append
PluginRegistry.loadFromPackage,format
PluginRegistry.loadFromPackage,size
PluginRegistry.loadFromPackage,toString
PluginRegistry.loadFromPackage,putIfAbsent
PluginRegistry.matches,isAnnotationPresent
PluginRegistry.toString,getSimpleName
PluginTest.matches,isAnnotationPresent
PluginTest.toString,getSimpleName
PluginManager.main,println
PluginManager.main,exit
PluginManager.addPackage,warn
PluginManager.addPackage,getStackTraceElement
PluginManager.addPackage,isBlank
PluginManager.addPackage,addIfAbsent
PluginManager.addPackages,warn
PluginManager.addPackages,getStackTraceElement
PluginManager.addPackages,isNotBlank
PluginManager.addPackages,addIfAbsent
PluginManager.clearPackages,clear
PluginManager.getPluginType,get
PluginManager.getPluginType,toRootLowerCase
PluginManager.collectPlugins,collectPlugins
PluginManager.collectPlugins,toRootLowerCase
PluginManager.collectPlugins,getInstance
PluginManager.collectPlugins,loadFromMainClassLoader
PluginManager.collectPlugins,isEmpty
PluginManager.collectPlugins,warn
PluginManager.collectPlugins,loadFromPackage
PluginManager.collectPlugins,mergeByName
PluginManager.collectPlugins,get
PluginManager.collectPlugins,getPluginsByCategoryByBundleId
PluginManager.collectPlugins,values
PluginManager.collectPlugins,stream
PluginManager.collectPlugins,filter
PluginManager.collectPlugins,negate
PluginManager.collectPlugins,collect
PluginManager.collectPlugins,joining
PluginManager.collectPlugins,debug
PluginManager.collectPlugins,size
PluginManager.isCustomPlugin,startsWith
PluginManager.mergeByName,getKey
PluginManager.mergeByName,get
PluginManager.mergeByName,put
PluginManager.mergeByName,add
PluginManager.mergeByName,getPluginClass
PluginManager.mergeByName,getName
PluginManager.mergeByName,equals
PluginManager.mergeByName,warn
PluginBuilder.build,verify
PluginBuilder.build,debug
PluginBuilder.build,getElementName
PluginBuilder.build,getPluginClass
PluginBuilder.build,getName
PluginBuilder.build,createBuilder
PluginBuilder.build,injectFields
PluginBuilder.build,build
PluginBuilder.build,error
PluginBuilder.build,findFactoryMethod
PluginBuilder.build,generateParameters
PluginBuilder.build,invoke
PluginBuilder.verify,requireNonNull
PluginBuilder.createBuilder,getDeclaredMethods
PluginBuilder.createBuilder,isAnnotationPresent
PluginBuilder.createBuilder,isStatic
PluginBuilder.createBuilder,getModifiers
PluginBuilder.createBuilder,isAssignable
PluginBuilder.createBuilder,getReturnType
PluginBuilder.createBuilder,makeAccessible
PluginBuilder.createBuilder,invoke
PluginBuilder.injectFields,getAllDeclaredFields
PluginBuilder.injectFields,getClass
PluginBuilder.injectFields,setAccessible
PluginBuilder.injectFields,toArray
PluginBuilder.injectFields,append
PluginBuilder.injectFields,length
PluginBuilder.injectFields,simpleName
PluginBuilder.injectFields,getDeclaredAnnotations
PluginBuilder.injectFields,extractPluginAliases
PluginBuilder.injectFields,findVisitor
PluginBuilder.injectFields,annotationType
PluginBuilder.injectFields,setAliases
PluginBuilder.injectFields,setAnnotation
PluginBuilder.injectFields,setConversionType
PluginBuilder.injectFields,getType
PluginBuilder.injectFields,setStrSubstitutor
PluginBuilder.injectFields,getConfigurationStrSubstitutor
PluginBuilder.injectFields,getStrSubstitutor
PluginBuilder.injectFields,setMember
PluginBuilder.injectFields,visit
PluginBuilder.injectFields,set
PluginBuilder.injectFields,validateFields
PluginBuilder.injectFields,getSimpleName
PluginBuilder.injectFields,debug
PluginBuilder.injectFields,toString
PluginBuilder.injectFields,isEmpty
PluginBuilder.injectFields,getName
PluginBuilder.injectFields,checkForRemainingAttributes
PluginBuilder.injectFields,verifyNodeChildrenUsed
PluginBuilder.validateFields,getDeclaredAnnotations
PluginBuilder.validateFields,findValidators
PluginBuilder.validateFields,get
PluginBuilder.validateFields,isValid
PluginBuilder.validateFields,getName
PluginBuilder.validateFields,isEmpty
PluginBuilder.validateFields,getAllDeclaredFields
PluginBuilder.validateFields,getClass
PluginBuilder.validateFields,setAccessible
PluginBuilder.validateFields,toArray
PluginBuilder.validateFields,validateFields
PluginBuilder.validateFields,error
PluginBuilder.validateFields,getMessage
PluginBuilder.simpleName,getClass
PluginBuilder.simpleName,getName
PluginBuilder.simpleName,lastIndexOf
PluginBuilder.simpleName,substring
PluginBuilder.findFactoryMethod,getDeclaredMethods
PluginBuilder.findFactoryMethod,isAnnotationPresent
PluginBuilder.findFactoryMethod,isStatic
PluginBuilder.findFactoryMethod,getModifiers
PluginBuilder.findFactoryMethod,makeAccessible
PluginBuilder.findFactoryMethod,getName
PluginBuilder.generateParameters,getParameterTypes
PluginBuilder.generateParameters,getParameterAnnotations
PluginBuilder.generateParameters,append
PluginBuilder.generateParameters,length
PluginBuilder.generateParameters,getName
PluginBuilder.generateParameters,extractPluginAliases
PluginBuilder.generateParameters,findVisitor
PluginBuilder.generateParameters,annotationType
PluginBuilder.generateParameters,setAliases
PluginBuilder.generateParameters,setAnnotation
PluginBuilder.generateParameters,setConversionType
PluginBuilder.generateParameters,setStrSubstitutor
PluginBuilder.generateParameters,getConfigurationStrSubstitutor
PluginBuilder.generateParameters,getStrSubstitutor
PluginBuilder.generateParameters,setMember
PluginBuilder.generateParameters,visit
PluginBuilder.generateParameters,findValidators
PluginBuilder.generateParameters,simpleName
PluginBuilder.generateParameters,isValid
PluginBuilder.generateParameters,checkForRemainingAttributes
PluginBuilder.generateParameters,verifyNodeChildrenUsed
PluginBuilder.generateParameters,debug
PluginBuilder.generateParameters,toString
PluginBuilder.checkForRemainingAttributes,getAttributes
PluginBuilder.checkForRemainingAttributes,isEmpty
PluginBuilder.checkForRemainingAttributes,keySet
PluginBuilder.checkForRemainingAttributes,length
PluginBuilder.checkForRemainingAttributes,append
PluginBuilder.checkForRemainingAttributes,getName
PluginBuilder.checkForRemainingAttributes,size
PluginBuilder.checkForRemainingAttributes,appendDqValue
PluginBuilder.checkForRemainingAttributes,error
PluginBuilder.checkForRemainingAttributes,toString
PluginBuilder.verifyNodeChildrenUsed,getChildren
PluginBuilder.verifyNodeChildrenUsed,isDeferChildren
PluginBuilder.verifyNodeChildrenUsed,isEmpty
PluginBuilder.verifyNodeChildrenUsed,getType
PluginBuilder.verifyNodeChildrenUsed,getElementName
PluginBuilder.verifyNodeChildrenUsed,equals
PluginBuilder.verifyNodeChildrenUsed,getName
PluginBuilder.verifyNodeChildrenUsed,error
PluginUtil.collectPluginsByCategory,requireNonNull
PluginUtil.collectPluginsByCategory,collectPluginsByCategoryAndPackage
PluginUtil.collectPluginsByCategory,emptyList
PluginUtil.collectPluginsByCategoryAndPackage,requireNonNull
PluginUtil.collectPluginsByCategoryAndPackage,collectPlugins
PluginUtil.collectPluginsByCategoryAndPackage,getPlugins
PluginUtil.instantiatePlugin,requireNonNull
PluginUtil.instantiatePlugin,findPluginFactoryMethod
PluginUtil.instantiatePlugin,invoke
PluginUtil.instantiatePlugin,format
PluginUtil.findPluginFactoryMethod,requireNonNull
PluginUtil.findPluginFactoryMethod,getDeclaredMethods
PluginUtil.findPluginFactoryMethod,isAnnotationPresent
PluginUtil.findPluginFactoryMethod,isStatic
PluginUtil.findPluginFactoryMethod,getModifiers
PluginType.getKey,getKey
PluginType.isObjectPrintable,isPrintable
PluginType.isDeferChildren,isDefer
PluginType.getCategory,getCategory
PluginType.toString,getKey
PluginType.toString,getName
PluginType.toString,isPrintable
PluginType.toString,isDefer
PluginType.toString,getCategory
ResolverUtil.getClassLoader,getClassLoader
ResolverUtil.find,findInPackage
ResolverUtil.findInPackage,replace
ResolverUtil.findInPackage,getClassLoader
ResolverUtil.findInPackage,getResources
ResolverUtil.findInPackage,warn
ResolverUtil.findInPackage,hasMoreElements
ResolverUtil.findInPackage,nextElement
ResolverUtil.findInPackage,extractPath
ResolverUtil.findInPackage,debug
ResolverUtil.findInPackage,equals
ResolverUtil.findInPackage,getProtocol
ResolverUtil.findInPackage,substring
ResolverUtil.findInPackage,length
ResolverUtil.findInPackage,getHost
ResolverUtil.findInPackage,openStream
ResolverUtil.findInPackage,loadImplementationsInJar
ResolverUtil.findInPackage,close
ResolverUtil.findInPackage,exists
ResolverUtil.findInPackage,isDirectory
ResolverUtil.findInPackage,loadImplementationsInDirectory
ResolverUtil.findInPackage,loadImplementationsInBundle
ResolverUtil.extractPath,getPath
ResolverUtil.extractPath,startsWith
ResolverUtil.extractPath,substring
ResolverUtil.extractPath,indexOf
ResolverUtil.extractPath,getProtocol
ResolverUtil.extractPath,asList
ResolverUtil.extractPath,contains
ResolverUtil.extractPath,exists
ResolverUtil.extractPath,decode
ResolverUtil.extractPath,name
ResolverUtil.loadImplementationsInBundle,getBundle
ResolverUtil.loadImplementationsInBundle,adapt
ResolverUtil.loadImplementationsInBundle,listResources
ResolverUtil.loadImplementationsInBundle,addIfMatching
ResolverUtil.loadImplementationsInDirectory,listFiles
ResolverUtil.loadImplementationsInDirectory,append
ResolverUtil.loadImplementationsInDirectory,getName
ResolverUtil.loadImplementationsInDirectory,toString
ResolverUtil.loadImplementationsInDirectory,isDirectory
ResolverUtil.loadImplementationsInDirectory,loadImplementationsInDirectory
ResolverUtil.loadImplementationsInDirectory,isTestApplicable
ResolverUtil.loadImplementationsInDirectory,addIfMatching
ResolverUtil.isTestApplicable,doesMatchResource
ResolverUtil.isTestApplicable,endsWith
ResolverUtil.isTestApplicable,doesMatchClass
ResolverUtil.loadImplementationsInJar,openConnection
ResolverUtil.loadImplementationsInJar,setUseCaches
ResolverUtil.loadImplementationsInJar,getJarFile
ResolverUtil.loadImplementationsInJar,entries
ResolverUtil.loadImplementationsInJar,hasMoreElements
ResolverUtil.loadImplementationsInJar,nextElement
ResolverUtil.loadImplementationsInJar,getName
ResolverUtil.loadImplementationsInJar,isDirectory
ResolverUtil.loadImplementationsInJar,startsWith
ResolverUtil.loadImplementationsInJar,isTestApplicable
ResolverUtil.loadImplementationsInJar,addIfMatching
ResolverUtil.loadImplementationsInJar,error
ResolverUtil.loadImplementationsInJar,toString
ResolverUtil.loadImplementationsInJar,loadImplementationsInJar
ResolverUtil.loadImplementationsInJar,getPath
ResolverUtil.loadImplementationsInJar,close
ResolverUtil.loadImplementationsInJar,getNextJarEntry
ResolverUtil.close,close
ResolverUtil.close,error
ResolverUtil.addIfMatching,getClassLoader
ResolverUtil.addIfMatching,doesMatchClass
ResolverUtil.addIfMatching,substring
ResolverUtil.addIfMatching,replace
ResolverUtil.addIfMatching,indexOf
ResolverUtil.addIfMatching,debug
ResolverUtil.addIfMatching,loadClass
ResolverUtil.addIfMatching,matches
ResolverUtil.addIfMatching,add
ResolverUtil.addIfMatching,doesMatchResource
ResolverUtil.addIfMatching,getResource
ResolverUtil.addIfMatching,toURI
PluginCache.getCategory,toRootLowerCase
PluginCache.getCategory,computeIfAbsent
PluginCache.writeCache,writeInt
PluginCache.writeCache,size
PluginCache.writeCache,entrySet
PluginCache.writeCache,writeUTF
PluginCache.writeCache,getKey
PluginCache.writeCache,getValue
PluginCache.writeCache,getClassName
PluginCache.writeCache,getName
PluginCache.writeCache,writeBoolean
PluginCache.writeCache,isPrintable
PluginCache.writeCache,isDefer
PluginCache.loadCacheFiles,clear
PluginCache.loadCacheFiles,hasMoreElements
PluginCache.loadCacheFiles,nextElement
PluginCache.loadCacheFiles,openStream
PluginCache.loadCacheFiles,readInt
PluginCache.loadCacheFiles,readUTF
PluginCache.loadCacheFiles,getCategory
PluginCache.loadCacheFiles,readBoolean
PluginCache.loadCacheFiles,computeIfAbsent
PluginCache.loadCacheFiles,setKey
PluginCache.loadCacheFiles,setClassName
PluginCache.loadCacheFiles,setName
PluginCache.loadCacheFiles,setPrintable
PluginCache.loadCacheFiles,setDefer
PluginCache.loadCacheFiles,setCategory
PluginCache.size,size
PluginProcessor.init,getOptions
PluginProcessor.init,get
PluginProcessor.init,valueOf
PluginProcessor.init,toUpperCase
PluginProcessor.init,getMessager
PluginProcessor.init,printMessage
PluginProcessor.init,format
PluginProcessor.init,getName
PluginProcessor.init,toString
PluginProcessor.init,values
PluginProcessor.getSupportedSourceVersion,latest
PluginProcessor.printMessage,ordinal
PluginProcessor.printMessage,getMessager
PluginProcessor.printMessage,printMessage
PluginProcessor.process,getElementUtils
PluginProcessor.process,isEmpty
PluginProcessor.process,getElementsAnnotatedWith
PluginProcessor.process,collectPlugins
PluginProcessor.process,addAll
PluginProcessor.process,getTypeElement
PluginProcessor.process,processBuilderAttribute
PluginProcessor.process,processingOver
PluginProcessor.process,printMessage
PluginProcessor.process,format
PluginProcessor.process,getSimpleName
PluginProcessor.process,size
PluginProcessor.process,writeCacheFile
PluginProcessor.process,toArray
PluginProcessor.process,append
PluginProcessor.process,printStackTrace
PluginProcessor.process,toString
PluginProcessor.processBuilderAttribute,processBuilderAttribute
PluginProcessor.processBuilderAttribute,getSimpleName
PluginProcessor.processBuilderAttribute,toString
PluginProcessor.processBuilderAttribute,getAnnotation
PluginProcessor.processBuilderAttribute,asList
PluginProcessor.processBuilderAttribute,contains
PluginProcessor.processBuilderAttribute,value
PluginProcessor.processBuilderAttribute,getEnclosingElement
PluginProcessor.processBuilderAttribute,getEnclosedElements
PluginProcessor.processBuilderAttribute,toLowerCase
PluginProcessor.processBuilderAttribute,startsWith
PluginProcessor.processBuilderAttribute,getParameters
PluginProcessor.processBuilderAttribute,size
PluginProcessor.processBuilderAttribute,getTypeUtils
PluginProcessor.processBuilderAttribute,equals
PluginProcessor.processBuilderAttribute,format
PluginProcessor.processBuilderAttribute,expectedFieldNameInASetter
PluginProcessor.processBuilderAttribute,getModifiers
PluginProcessor.processBuilderAttribute,isAssignable
PluginProcessor.processBuilderAttribute,getReturnType
PluginProcessor.processBuilderAttribute,asType
PluginProcessor.processBuilderAttribute,printMessage
PluginProcessor.expectedFieldNameInASetter,startsWith
PluginProcessor.expectedFieldNameInASetter,substring
PluginProcessor.expectedFieldNameInASetter,isEmpty
PluginProcessor.expectedFieldNameInASetter,toUpperCase
PluginProcessor.expectedFieldNameInASetter,charAt
PluginProcessor.collectPlugins,getElementUtils
PluginProcessor.collectPlugins,getAnnotation
PluginProcessor.collectPlugins,accept
PluginProcessor.collectPlugins,getCategory
PluginProcessor.collectPlugins,put
PluginProcessor.collectPlugins,getKey
PluginProcessor.writeCacheFile,getFiler
PluginProcessor.writeCacheFile,createResource
PluginProcessor.writeCacheFile,openOutputStream
PluginProcessor.writeCacheFile,writeCache
PluginProcessor.visitType,requireNonNull
PluginProcessor.visitType,setKey
PluginProcessor.visitType,toRootLowerCase
PluginProcessor.visitType,name
PluginProcessor.visitType,setClassName
PluginProcessor.visitType,getBinaryName
PluginProcessor.visitType,toString
PluginProcessor.visitType,setName
PluginProcessor.visitType,equals
PluginProcessor.visitType,elementType
PluginProcessor.visitType,setPrintable
PluginProcessor.visitType,printObject
PluginProcessor.visitType,setDefer
PluginProcessor.visitType,deferChildren
PluginProcessor.visitType,setCategory
PluginProcessor.visitType,category
PluginProcessor.visitType,getAnnotation
PluginProcessor.visitType,value
PluginProcessor.visitType,add
PluginElementVisitor.visitType,requireNonNull
PluginElementVisitor.visitType,setKey
PluginElementVisitor.visitType,toRootLowerCase
PluginElementVisitor.visitType,name
PluginElementVisitor.visitType,setClassName
PluginElementVisitor.visitType,getBinaryName
PluginElementVisitor.visitType,toString
PluginElementVisitor.visitType,setName
PluginElementVisitor.visitType,equals
PluginElementVisitor.visitType,elementType
PluginElementVisitor.visitType,setPrintable
PluginElementVisitor.visitType,printObject
PluginElementVisitor.visitType,setDefer
PluginElementVisitor.visitType,deferChildren
PluginElementVisitor.visitType,setCategory
PluginElementVisitor.visitType,category
PluginAliasesElementVisitor.visitType,getAnnotation
PluginAliasesElementVisitor.visitType,value
PluginAliasesElementVisitor.visitType,setKey
PluginAliasesElementVisitor.visitType,toRootLowerCase
PluginAliasesElementVisitor.visitType,setClassName
PluginAliasesElementVisitor.visitType,getBinaryName
PluginAliasesElementVisitor.visitType,toString
PluginAliasesElementVisitor.visitType,setName
PluginAliasesElementVisitor.visitType,equals
PluginAliasesElementVisitor.visitType,elementType
PluginAliasesElementVisitor.visitType,setPrintable
PluginAliasesElementVisitor.visitType,printObject
PluginAliasesElementVisitor.visitType,setDefer
PluginAliasesElementVisitor.visitType,deferChildren
PluginAliasesElementVisitor.visitType,setCategory
PluginAliasesElementVisitor.visitType,category
PluginAliasesElementVisitor.visitType,add
Annotations.addTypeElementIfExists,getTypeElement
Annotations.addTypeElementIfExists,put
Annotations.classifyAnnotation,getOrDefault
Annotations.getAnnotationClassValue,getAnnotationMirrors
Annotations.getAnnotationClassValue,stream
Annotations.getAnnotationClassValue,filter
Annotations.getAnnotationClassValue,getAnnotationType
Annotations.getAnnotationClassValue,asElement
Annotations.getAnnotationClassValue,equals
Annotations.getAnnotationClassValue,findFirst
Annotations.getAnnotationClassValue,orElseThrow
Annotations.getAnnotationClassValue,getElementValues
Annotations.getAnnotationClassValue,entrySet
Annotations.getAnnotationClassValue,getKey
Annotations.getAnnotationClassValue,getSimpleName
Annotations.getAnnotationClassValue,toString
Annotations.getAnnotationClassValue,map
Annotations.getAnnotationClassValue,getValue
ReachabilityMetadata.writeString,append
ReachabilityMetadata.writeString,quoteAsString
ReachabilityMetadata.writeObjectStart,append
ReachabilityMetadata.writeObjectEnd,append
ReachabilityMetadata.writeObjectKey,writeString
ReachabilityMetadata.writeObjectKey,append
ReachabilityMetadata.writeArrayStart,append
ReachabilityMetadata.writeSeparator,append
ReachabilityMetadata.writeArrayEnd,append
ReachabilityMetadata.toJson,writeObjectStart
ReachabilityMetadata.toJson,writeObjectKey
ReachabilityMetadata.toJson,writeString
ReachabilityMetadata.toJson,writeObjectEnd
ReachabilityMetadata.toJson,writeSeparator
ReachabilityMetadata.toJson,writeArrayStart
ReachabilityMetadata.toJson,writeArrayEnd
ReachabilityMetadata.toJson,toJson
ReachabilityMetadata.compareTo,compareTo
ReachabilityMetadata.compareTo,size
ReachabilityMetadata.compareTo,range
ReachabilityMetadata.compareTo,map
ReachabilityMetadata.compareTo,get
ReachabilityMetadata.compareTo,filter
ReachabilityMetadata.compareTo,findFirst
ReachabilityMetadata.compareTo,orElse
ReachabilityMetadata.addParameterType,add
ReachabilityMetadata.addMethod,add
ReachabilityMetadata.addField,add
ReachabilityMetadata.writeReflectConfig,toJson
MinimalJsonWriter.writeString,append
MinimalJsonWriter.writeString,quoteAsString
MinimalJsonWriter.writeObjectStart,append
MinimalJsonWriter.writeObjectEnd,append
MinimalJsonWriter.writeObjectKey,writeString
MinimalJsonWriter.writeObjectKey,append
MinimalJsonWriter.writeArrayStart,append
MinimalJsonWriter.writeSeparator,append
MinimalJsonWriter.writeArrayEnd,append
Field.toJson,writeObjectStart
Field.toJson,writeObjectKey
Field.toJson,writeString
Field.toJson,writeObjectEnd
Field.compareTo,compareTo
Method.addParameterType,add
Method.toJson,writeObjectStart
Method.toJson,writeObjectKey
Method.toJson,writeString
Method.toJson,writeSeparator
Method.toJson,writeArrayStart
Method.toJson,writeArrayEnd
Method.toJson,writeObjectEnd
Method.compareTo,compareTo
Method.compareTo,size
Method.compareTo,range
Method.compareTo,map
Method.compareTo,get
Method.compareTo,filter
Method.compareTo,findFirst
Method.compareTo,orElse
Type.addMethod,add
Type.addField,add
Type.toJson,writeObjectStart
Type.toJson,writeObjectKey
Type.toJson,writeString
Type.toJson,writeSeparator
Type.toJson,writeArrayStart
Type.toJson,toJson
Type.toJson,writeArrayEnd
Type.toJson,writeObjectEnd
Reflection.toJson,writeArrayStart
Reflection.toJson,writeSeparator
Reflection.toJson,toJson
Reflection.toJson,writeArrayEnd
ConstraintValidators.findValidators,annotationType
ConstraintValidators.findValidators,isAnnotationPresent
ConstraintValidators.findValidators,getValidator
ConstraintValidators.findValidators,add
ConstraintValidators.getValidator,getAnnotation
ConstraintValidators.getValidator,value
ConstraintValidators.getValidator,equals
ConstraintValidators.getValidator,getConstraintValidatorAnnotationType
ConstraintValidators.getValidator,instantiate
ConstraintValidators.getValidator,initialize
ConstraintValidators.getConstraintValidatorAnnotationType,getGenericInterfaces
ConstraintValidators.getConstraintValidatorAnnotationType,equals
ConstraintValidators.getConstraintValidatorAnnotationType,getRawType
ConstraintValidators.getConstraintValidatorAnnotationType,getActualTypeArguments
ValidHostValidator.isValid,error
ValidHostValidator.isValid,message
ValidHostValidator.isValid,getByName
ValidHostValidator.isValid,toString
RequiredValidator.isValid,isNonEmpty
RequiredValidator.isValid,err
RequiredValidator.err,error
RequiredValidator.err,message
NotBlankValidator.isValid,isNotBlank
NotBlankValidator.isValid,err
NotBlankValidator.err,error
NotBlankValidator.err,message
ValidPortValidator.isValid,isValid
ValidPortValidator.isValid,convert
ValidPortValidator.isValid,toString
ValidPortValidator.isValid,isInstance
ValidPortValidator.isValid,error
ValidPortValidator.isValid,message
TypeConverterRegistry.findCompatibleConverter,requireNonNull
TypeConverterRegistry.findCompatibleConverter,get
TypeConverterRegistry.findCompatibleConverter,isEnum
TypeConverterRegistry.findCompatibleConverter,asSubclass
TypeConverterRegistry.findCompatibleConverter,registerConverter
TypeConverterRegistry.findCompatibleConverter,entrySet
TypeConverterRegistry.findCompatibleConverter,getKey
TypeConverterRegistry.findCompatibleConverter,isAssignable
TypeConverterRegistry.findCompatibleConverter,debug
TypeConverterRegistry.findCompatibleConverter,getValue
TypeConverterRegistry.findCompatibleConverter,toString
TypeConverterRegistry.loadKnownTypeConverters,getPluginClass
TypeConverterRegistry.loadKnownTypeConverters,isAssignableFrom
TypeConverterRegistry.loadKnownTypeConverters,asSubclass
TypeConverterRegistry.loadKnownTypeConverters,getTypeConverterSupportedType
TypeConverterRegistry.loadKnownTypeConverters,instantiate
TypeConverterRegistry.loadKnownTypeConverters,registerConverter
TypeConverterRegistry.registerConverter,get
TypeConverterRegistry.registerConverter,compareTo
TypeConverterRegistry.registerConverter,debug
TypeConverterRegistry.registerConverter,put
TypeConverterRegistry.registerConverter,warn
TypeConverterRegistry.getTypeConverterSupportedType,getGenericInterfaces
TypeConverterRegistry.getTypeConverterSupportedType,equals
TypeConverterRegistry.getTypeConverterSupportedType,getRawType
TypeConverterRegistry.getTypeConverterSupportedType,getActualTypeArguments
TypeConverterRegistry.registerPrimitiveTypes,registerTypeAlias
TypeConverterRegistry.registerTypeAlias,putIfAbsent
TypeConverterRegistry.registerTypeAlias,get
HexConverter.parseHexBinary,length
HexConverter.parseHexBinary,digit
HexConverter.parseHexBinary,charAt
EnumConverter.convert,valueOf
Base64Converter.parseBase64Binary,error
Base64Converter.parseBase64Binary,invoke
Base64Converter.parseBase64Binary,getMessage
DateTypeConverter.fromMillis,get
DateTypeConverter.fromMillis,invoke
TypeConverters.convert,valueOf
TypeConverters.convert,isEmpty
TypeConverters.convert,startsWith
TypeConverters.convert,substring
TypeConverters.convert,length
TypeConverters.convert,parseBase64Binary
TypeConverters.convert,parseHexBinary
TypeConverters.convert,getBytes
TypeConverters.convert,defaultCharset
TypeConverters.convert,toCharArray
TypeConverters.convert,forName
TypeConverters.convert,toRootLowerCase
TypeConverters.convert,loadClass
TypeConverters.convert,parse
TypeConverters.convert,getByName
TypeConverters.convert,get
TypeConverters.convert,compile
TypeConverters.convert,getProvider
TypeConverters.convert,fromString
TypeConverters.convert,getInstance
TypeConverters.convert,findCompatibleConverter
TypeConverters.convert,parseDefaultValue
TypeConverters.convert,convert
TypeConverters.convert,warn
TypeConverters.parseDefaultValue,convert
TypeConverters.parseDefaultValue,debug
TypeConverters.parseDefaultValue,getClass
ByteArrayConverter.convert,isEmpty
ByteArrayConverter.convert,startsWith
ByteArrayConverter.convert,substring
ByteArrayConverter.convert,length
ByteArrayConverter.convert,parseBase64Binary
ByteArrayConverter.convert,parseHexBinary
ByteArrayConverter.convert,getBytes
ByteArrayConverter.convert,defaultCharset
CharArrayConverter.convert,toCharArray
ClassConverter.convert,toRootLowerCase
ClassConverter.convert,loadClass
DurationConverter.convert,parse
LevelConverter.convert,valueOf
SecurityProviderConverter.convert,getProvider
UuidConverter.convert,fromString
StatusConfiguration.toVerbosity,parseBoolean
StatusConfiguration.error,error
StatusConfiguration.withDestination,parseStreamName
StatusConfiguration.withDestination,error
StatusConfiguration.parseStreamName,equalsIgnoreCase
StatusConfiguration.parseStreamName,toURI
StatusConfiguration.parseStreamName,fileFromUri
StatusConfiguration.withStatus,toLevel
StatusConfiguration.withStatus,error
StatusConfiguration.initialize,lock
StatusConfiguration.initialize,getFallbackListener
StatusConfiguration.initialize,setStream
StatusConfiguration.initialize,setLevel
StatusConfiguration.initialize,unlock
XmlConfiguration.newDocumentBuilder,newInstance
XmlConfiguration.newDocumentBuilder,setNamespaceAware
XmlConfiguration.newDocumentBuilder,disableDtdProcessing
XmlConfiguration.newDocumentBuilder,enableXInclude
XmlConfiguration.newDocumentBuilder,newDocumentBuilder
XmlConfiguration.disableDtdProcessing,setValidating
XmlConfiguration.disableDtdProcessing,setExpandEntityReferences
XmlConfiguration.disableDtdProcessing,setFeature
XmlConfiguration.setFeature,setFeature
XmlConfiguration.setFeature,warn
XmlConfiguration.enableXInclude,setXIncludeAware
XmlConfiguration.enableXInclude,newDocumentBuilder
XmlConfiguration.enableXInclude,warn
XmlConfiguration.enableXInclude,setFeature
XmlConfiguration.setup,error
XmlConfiguration.setup,constructHierarchy
XmlConfiguration.setup,isEmpty
XmlConfiguration.constructHierarchy,processAttributes
XmlConfiguration.constructHierarchy,getChildNodes
XmlConfiguration.constructHierarchy,getChildren
XmlConfiguration.constructHierarchy,getLength
XmlConfiguration.constructHierarchy,item
XmlConfiguration.constructHierarchy,getType
XmlConfiguration.constructHierarchy,getPluginType
XmlConfiguration.constructHierarchy,constructHierarchy
XmlConfiguration.constructHierarchy,getValue
XmlConfiguration.constructHierarchy,hasChildren
XmlConfiguration.constructHierarchy,getAttributes
XmlConfiguration.constructHierarchy,put
XmlConfiguration.constructHierarchy,add
XmlConfiguration.constructHierarchy,append
XmlConfiguration.constructHierarchy,getData
XmlConfiguration.constructHierarchy,toString
XmlConfiguration.constructHierarchy,trim
XmlConfiguration.constructHierarchy,isEmpty
XmlConfiguration.constructHierarchy,isRoot
XmlConfiguration.constructHierarchy,setValue
XmlConfiguration.getType,getAttributes
XmlConfiguration.getType,getLength
XmlConfiguration.getType,item
XmlConfiguration.getType,getName
XmlConfiguration.getType,equalsIgnoreCase
XmlConfiguration.getType,getValue
XmlConfiguration.getType,removeNamedItem
XmlConfiguration.getType,getTagName
XmlConfiguration.processAttributes,getAttributes
XmlConfiguration.processAttributes,getLength
XmlConfiguration.processAttributes,item
XmlConfiguration.processAttributes,getName
XmlConfiguration.processAttributes,equals
XmlConfiguration.processAttributes,put
XmlConfiguration.processAttributes,getValue
DefaultMergeStrategy.mergeRootProperties,getRootNode
DefaultMergeStrategy.mergeRootProperties,getAttributes
DefaultMergeStrategy.mergeRootProperties,entrySet
DefaultMergeStrategy.mergeRootProperties,getKey
DefaultMergeStrategy.mergeRootProperties,equalsIgnoreCase
DefaultMergeStrategy.mergeRootProperties,getLevel
DefaultMergeStrategy.mergeRootProperties,toRootUpperCase
DefaultMergeStrategy.mergeRootProperties,getValue
DefaultMergeStrategy.mergeRootProperties,isLessSpecificThan
DefaultMergeStrategy.mergeRootProperties,setValue
DefaultMergeStrategy.mergeRootProperties,parseInt
DefaultMergeStrategy.mergeRootProperties,put
DefaultMergeStrategy.mergConfigurations,getChildren
DefaultMergeStrategy.mergConfigurations,isFilterNode
DefaultMergeStrategy.mergConfigurations,updateFilterNode
DefaultMergeStrategy.mergConfigurations,getName
DefaultMergeStrategy.mergConfigurations,equalsIgnoreCase
DefaultMergeStrategy.mergConfigurations,toRootLowerCase
DefaultMergeStrategy.mergConfigurations,equals
DefaultMergeStrategy.mergConfigurations,getAttributes
DefaultMergeStrategy.mergConfigurations,get
DefaultMergeStrategy.mergConfigurations,remove
DefaultMergeStrategy.mergConfigurations,add
DefaultMergeStrategy.mergConfigurations,put
DefaultMergeStrategy.mergConfigurations,getLoggerNode
DefaultMergeStrategy.mergConfigurations,getType
DefaultMergeStrategy.mergConfigurations,putAll
DefaultMergeStrategy.mergConfigurations,addAll
DefaultMergeStrategy.mergConfigurations,isSameReference
DefaultMergeStrategy.mergConfigurations,isSameName
DefaultMergeStrategy.getLoggerNode,getChildren
DefaultMergeStrategy.getLoggerNode,getAttributes
DefaultMergeStrategy.getLoggerNode,get
DefaultMergeStrategy.getLoggerNode,equals
DefaultMergeStrategy.updateFilterNode,isAssignableFrom
DefaultMergeStrategy.updateFilterNode,getType
DefaultMergeStrategy.updateFilterNode,getPluginClass
DefaultMergeStrategy.updateFilterNode,getName
DefaultMergeStrategy.updateFilterNode,getChildren
DefaultMergeStrategy.updateFilterNode,addAll
DefaultMergeStrategy.updateFilterNode,getAttributes
DefaultMergeStrategy.updateFilterNode,putAll
DefaultMergeStrategy.updateFilterNode,add
DefaultMergeStrategy.updateFilterNode,getPluginType
DefaultMergeStrategy.updateFilterNode,remove
DefaultMergeStrategy.isFilterNode,isAssignableFrom
DefaultMergeStrategy.isFilterNode,getType
DefaultMergeStrategy.isFilterNode,getPluginClass
DefaultMergeStrategy.isSameName,getAttributes
DefaultMergeStrategy.isSameName,get
DefaultMergeStrategy.isSameName,toRootLowerCase
DefaultMergeStrategy.isSameName,equals
DefaultMergeStrategy.isSameReference,getAttributes
DefaultMergeStrategy.isSameReference,get
DefaultMergeStrategy.isSameReference,toRootLowerCase
DefaultMergeStrategy.isSameReference,equals
CompositeConfiguration.setup,get
CompositeConfiguration.setup,staffChildConfiguration
CompositeConfiguration.setup,getWatchManager
CompositeConfiguration.setup,getIntervalSeconds
CompositeConfiguration.setup,setIntervalSeconds
CompositeConfiguration.setup,getConfigurationWatchers
CompositeConfiguration.setup,entrySet
CompositeConfiguration.setup,watch
CompositeConfiguration.setup,getKey
CompositeConfiguration.setup,getValue
CompositeConfiguration.setup,newWatcher
CompositeConfiguration.setup,getLastModified
CompositeConfiguration.setup,subList
CompositeConfiguration.setup,size
CompositeConfiguration.setup,getRootNode
CompositeConfiguration.setup,mergConfigurations
CompositeConfiguration.setup,getPluginManager
CompositeConfiguration.setup,isEnabled
CompositeConfiguration.setup,printNodes
CompositeConfiguration.setup,println
CompositeConfiguration.setup,toString
CompositeConfiguration.reconfigure,debug
CompositeConfiguration.reconfigure,getInstance
CompositeConfiguration.reconfigure,getConfigurationSource
CompositeConfiguration.reconfigure,getURI
CompositeConfiguration.reconfigure,warn
CompositeConfiguration.reconfigure,getName
CompositeConfiguration.reconfigure,getConfiguration
CompositeConfiguration.reconfigure,getLoggerContext
CompositeConfiguration.reconfigure,add
CompositeConfiguration.staffChildConfiguration,setPluginManager
CompositeConfiguration.staffChildConfiguration,setScriptManager
CompositeConfiguration.staffChildConfiguration,setup
CompositeConfiguration.printNodes,append
CompositeConfiguration.printNodes,getName
CompositeConfiguration.printNodes,getType
CompositeConfiguration.printNodes,getAttributes
CompositeConfiguration.printNodes,toString
CompositeConfiguration.printNodes,getChildren
CompositeConfiguration.printNodes,printNodes
CompositeConfiguration.toString,getClass
CompositeConfiguration.toString,getName
CompositeConfiguration.toString,toHexString
CompositeConfiguration.toString,hashCode
JsonConfiguration.getObjectMapper,configure
JsonConfiguration.setup,fields
JsonConfiguration.setup,getChildren
JsonConfiguration.setup,hasNext
JsonConfiguration.setup,next
JsonConfiguration.setup,getValue
JsonConfiguration.setup,isObject
JsonConfiguration.setup,debug
JsonConfiguration.setup,getKey
JsonConfiguration.setup,add
JsonConfiguration.setup,constructNode
JsonConfiguration.setup,isArray
JsonConfiguration.setup,error
JsonConfiguration.setup,size
JsonConfiguration.reconfigure,getConfigurationSource
JsonConfiguration.reconfigure,resetInputStream
JsonConfiguration.reconfigure,getLoggerContext
JsonConfiguration.reconfigure,error
JsonConfiguration.constructNode,getPluginType
JsonConfiguration.constructNode,processAttributes
JsonConfiguration.constructNode,fields
JsonConfiguration.constructNode,getChildren
JsonConfiguration.constructNode,hasNext
JsonConfiguration.constructNode,next
JsonConfiguration.constructNode,getValue
JsonConfiguration.constructNode,isArray
JsonConfiguration.constructNode,isObject
JsonConfiguration.constructNode,add
JsonConfiguration.constructNode,debug
JsonConfiguration.constructNode,getKey
JsonConfiguration.constructNode,size
JsonConfiguration.constructNode,getType
JsonConfiguration.constructNode,get
JsonConfiguration.constructNode,equals
JsonConfiguration.constructNode,constructNode
JsonConfiguration.constructNode,getNodeType
JsonConfiguration.constructNode,getElementName
JsonConfiguration.constructNode,getPluginClass
JsonConfiguration.constructNode,getParent
JsonConfiguration.constructNode,getName
JsonConfiguration.getType,fields
JsonConfiguration.getType,hasNext
JsonConfiguration.getType,next
JsonConfiguration.getType,getKey
JsonConfiguration.getType,equalsIgnoreCase
JsonConfiguration.getType,getValue
JsonConfiguration.getType,isValueNode
JsonConfiguration.getType,asText
JsonConfiguration.processAttributes,getAttributes
JsonConfiguration.processAttributes,fields
JsonConfiguration.processAttributes,hasNext
JsonConfiguration.processAttributes,next
JsonConfiguration.processAttributes,getKey
JsonConfiguration.processAttributes,equalsIgnoreCase
JsonConfiguration.processAttributes,getValue
JsonConfiguration.processAttributes,isValueNode
JsonConfiguration.processAttributes,put
JsonConfiguration.processAttributes,asText
JsonConfiguration.toString,getClass
JsonConfiguration.toString,getSimpleName
JsonConfiguration.toString,getConfigurationSource
PropertiesConfigurationBuilder.setConfigurationSource,setConfigurationSource
PropertiesConfigurationBuilder.build,stringPropertyNames
PropertiesConfigurationBuilder.build,contains
PropertiesConfigurationBuilder.build,addRootProperty
PropertiesConfigurationBuilder.build,getProperty
PropertiesConfigurationBuilder.build,setStatusLevel
PropertiesConfigurationBuilder.build,setShutdownHook
PropertiesConfigurationBuilder.build,setShutdownTimeout
PropertiesConfigurationBuilder.build,parseLong
PropertiesConfigurationBuilder.build,setDestination
PropertiesConfigurationBuilder.build,setPackages
PropertiesConfigurationBuilder.build,setConfigurationName
PropertiesConfigurationBuilder.build,setMonitorInterval
PropertiesConfigurationBuilder.build,setAdvertiser
PropertiesConfigurationBuilder.build,toLevel
PropertiesConfigurationBuilder.build,extractSubset
PropertiesConfigurationBuilder.build,addProperty
PropertiesConfigurationBuilder.build,partitionOnCommonPrefixes
PropertiesConfigurationBuilder.build,entrySet
PropertiesConfigurationBuilder.build,getValue
PropertiesConfigurationBuilder.build,remove
PropertiesConfigurationBuilder.build,equalsIgnoreCase
PropertiesConfigurationBuilder.build,add
PropertiesConfigurationBuilder.build,createScript
PropertiesConfigurationBuilder.build,createScriptFile
PropertiesConfigurationBuilder.build,size
PropertiesConfigurationBuilder.build,newCustomLevel
PropertiesConfigurationBuilder.build,parseInt
PropertiesConfigurationBuilder.build,split
PropertiesConfigurationBuilder.build,trim
PropertiesConfigurationBuilder.build,createFilter
PropertiesConfigurationBuilder.build,removeDefinedButUnusedProperties
PropertiesConfigurationBuilder.build,getKey
PropertiesConfigurationBuilder.build,createAppender
PropertiesConfigurationBuilder.build,equals
PropertiesConfigurationBuilder.build,createLogger
PropertiesConfigurationBuilder.build,setProperty
PropertiesConfigurationBuilder.build,createRootLogger
PropertiesConfigurationBuilder.build,processRemainingProperties
PropertiesConfigurationBuilder.build,setLoggerContext
PropertiesConfigurationBuilder.build,build
PropertiesConfigurationBuilder.removeDefinedButUnusedProperties,extractSubset
PropertiesConfigurationBuilder.processRemainingProperties,size
PropertiesConfigurationBuilder.processRemainingProperties,stringPropertyNames
PropertiesConfigurationBuilder.processRemainingProperties,iterator
PropertiesConfigurationBuilder.processRemainingProperties,next
PropertiesConfigurationBuilder.processRemainingProperties,indexOf
PropertiesConfigurationBuilder.processRemainingProperties,substring
PropertiesConfigurationBuilder.processRemainingProperties,extractSubset
PropertiesConfigurationBuilder.processRemainingProperties,createComponent
PropertiesConfigurationBuilder.processRemainingProperties,addComponent
PropertiesConfigurationBuilder.processRemainingProperties,remove
PropertiesConfigurationBuilder.processRemainingProperties,addAttribute
PropertiesConfigurationBuilder.processRemainingProperties,getProperty
PropertiesConfigurationBuilder.createScript,remove
PropertiesConfigurationBuilder.createScript,newScript
PropertiesConfigurationBuilder.createScript,processRemainingProperties
PropertiesConfigurationBuilder.createScriptFile,remove
PropertiesConfigurationBuilder.createScriptFile,newScriptFile
PropertiesConfigurationBuilder.createScriptFile,processRemainingProperties
PropertiesConfigurationBuilder.createAppender,remove
PropertiesConfigurationBuilder.createAppender,isEmpty
PropertiesConfigurationBuilder.createAppender,newAppender
PropertiesConfigurationBuilder.createAppender,addFiltersToComponent
PropertiesConfigurationBuilder.createAppender,extractSubset
PropertiesConfigurationBuilder.createAppender,size
PropertiesConfigurationBuilder.createAppender,add
PropertiesConfigurationBuilder.createAppender,createLayout
PropertiesConfigurationBuilder.createAppender,processRemainingProperties
PropertiesConfigurationBuilder.createFilter,remove
PropertiesConfigurationBuilder.createFilter,isEmpty
PropertiesConfigurationBuilder.createFilter,newFilter
PropertiesConfigurationBuilder.createFilter,processRemainingProperties
PropertiesConfigurationBuilder.createAppenderRef,remove
PropertiesConfigurationBuilder.createAppenderRef,isEmpty
PropertiesConfigurationBuilder.createAppenderRef,newAppenderRef
PropertiesConfigurationBuilder.createAppenderRef,trimToNull
PropertiesConfigurationBuilder.createAppenderRef,addAttribute
PropertiesConfigurationBuilder.createAppenderRef,addFiltersToComponent
PropertiesConfigurationBuilder.createLogger,getProperty
PropertiesConfigurationBuilder.createLogger,remove
PropertiesConfigurationBuilder.createLogger,isEmpty
PropertiesConfigurationBuilder.createLogger,trimToNull
PropertiesConfigurationBuilder.createLogger,equalsIgnoreCase
PropertiesConfigurationBuilder.createLogger,parseBoolean
PropertiesConfigurationBuilder.createLogger,newAsyncLogger
PropertiesConfigurationBuilder.createLogger,newLogger
PropertiesConfigurationBuilder.createLogger,addLoggersToComponent
PropertiesConfigurationBuilder.createLogger,addFiltersToComponent
PropertiesConfigurationBuilder.createLogger,addAttribute
PropertiesConfigurationBuilder.createRootLogger,getProperty
PropertiesConfigurationBuilder.createRootLogger,trimToNull
PropertiesConfigurationBuilder.createRootLogger,remove
PropertiesConfigurationBuilder.createRootLogger,equalsIgnoreCase
PropertiesConfigurationBuilder.createRootLogger,parseBoolean
PropertiesConfigurationBuilder.createRootLogger,newAsyncRootLogger
PropertiesConfigurationBuilder.createRootLogger,newRootLogger
PropertiesConfigurationBuilder.createRootLogger,addLoggersToComponent
PropertiesConfigurationBuilder.createRootLogger,addAttribute
PropertiesConfigurationBuilder.createRootLogger,addFiltersToComponent
PropertiesConfigurationBuilder.createLayout,remove
PropertiesConfigurationBuilder.createLayout,isEmpty
PropertiesConfigurationBuilder.createLayout,newLayout
PropertiesConfigurationBuilder.createLayout,processRemainingProperties
PropertiesConfigurationBuilder.createComponent,createComponent
PropertiesConfigurationBuilder.createComponent,getBuilder
PropertiesConfigurationBuilder.createComponent,remove
PropertiesConfigurationBuilder.createComponent,isEmpty
PropertiesConfigurationBuilder.createComponent,newComponent
PropertiesConfigurationBuilder.createComponent,processRemainingProperties
PropertiesConfigurationBuilder.addFiltersToComponent,partitionOnCommonPrefixes
PropertiesConfigurationBuilder.addFiltersToComponent,extractSubset
PropertiesConfigurationBuilder.addFiltersToComponent,entrySet
PropertiesConfigurationBuilder.addFiltersToComponent,add
PropertiesConfigurationBuilder.addFiltersToComponent,createFilter
PropertiesConfigurationBuilder.addFiltersToComponent,getKey
PropertiesConfigurationBuilder.addFiltersToComponent,trim
PropertiesConfigurationBuilder.addFiltersToComponent,getValue
PropertiesConfigurationBuilder.addLoggersToComponent,partitionOnCommonPrefixes
PropertiesConfigurationBuilder.addLoggersToComponent,extractSubset
PropertiesConfigurationBuilder.addLoggersToComponent,entrySet
PropertiesConfigurationBuilder.addLoggersToComponent,add
PropertiesConfigurationBuilder.addLoggersToComponent,createAppenderRef
PropertiesConfigurationBuilder.addLoggersToComponent,getKey
PropertiesConfigurationBuilder.addLoggersToComponent,trim
PropertiesConfigurationBuilder.addLoggersToComponent,getValue
YamlConfiguration.getObjectMapper,configure
YamlConfiguration.reconfigure,getConfigurationSource
YamlConfiguration.reconfigure,resetInputStream
YamlConfiguration.reconfigure,getLoggerContext
YamlConfiguration.reconfigure,error
DefaultScriptFileComponentBuilder.addLanguage,addAttribute
DefaultScriptFileComponentBuilder.addIsWatched,addAttribute
DefaultScriptFileComponentBuilder.addIsWatched,toString
DefaultScriptFileComponentBuilder.addCharset,addAttribute
DefaultRootLoggerComponentBuilder.add,addComponent
BuiltConfiguration.setup,getChildren
BuiltConfiguration.setup,getComponents
BuiltConfiguration.setup,size
BuiltConfiguration.setup,add
BuiltConfiguration.setup,convertToNode
BuiltConfiguration.setup,get
BuiltConfiguration.createAdvertiser,getInputStream
BuiltConfiguration.createAdvertiser,toByteArray
BuiltConfiguration.createAdvertiser,warn
BuiltConfiguration.createAdvertiser,toString
BuiltConfiguration.setPluginPackages,addAll
BuiltConfiguration.setPluginPackages,asList
BuiltConfiguration.setPluginPackages,split
BuiltConfiguration.setShutdownHook,equalsIgnoreCase
BuiltConfiguration.setMonitorInterval,initializeWatchers
BuiltConfiguration.setMonitorInterval,getConfigurationSource
BuiltConfiguration.convertToNode,getPluginType
BuiltConfiguration.convertToNode,getAttributes
BuiltConfiguration.convertToNode,putAll
BuiltConfiguration.convertToNode,setValue
BuiltConfiguration.convertToNode,getValue
BuiltConfiguration.convertToNode,getChildren
BuiltConfiguration.convertToNode,getComponents
BuiltConfiguration.convertToNode,add
BuiltConfiguration.convertToNode,convertToNode
DefaultAppenderComponentBuilder.add,addComponent
DefaultConfigurationBuilder.formatXml,newInstance
DefaultConfigurationBuilder.formatXml,newTransformer
DefaultConfigurationBuilder.formatXml,setOutputProperty
DefaultConfigurationBuilder.formatXml,toString
DefaultConfigurationBuilder.formatXml,length
DefaultConfigurationBuilder.formatXml,transform
DefaultConfigurationBuilder.formatXml,formatXml
DefaultConfigurationBuilder.add,getComponents
DefaultConfigurationBuilder.add,add
DefaultConfigurationBuilder.add,build
DefaultConfigurationBuilder.add,getPluginType
DefaultConfigurationBuilder.add,equals
DefaultConfigurationBuilder.addComponent,add
DefaultConfigurationBuilder.getTopLevelComponent,getComponents
DefaultConfigurationBuilder.getTopLevelComponent,stream
DefaultConfigurationBuilder.getTopLevelComponent,filter
DefaultConfigurationBuilder.getTopLevelComponent,getPluginType
DefaultConfigurationBuilder.getTopLevelComponent,equals
DefaultConfigurationBuilder.getTopLevelComponent,findAny
DefaultConfigurationBuilder.addProperty,addComponent
DefaultConfigurationBuilder.addProperty,newComponent
DefaultConfigurationBuilder.addProperty,build
DefaultConfigurationBuilder.build,build
DefaultConfigurationBuilder.build,getConstructor
DefaultConfigurationBuilder.build,newInstance
DefaultConfigurationBuilder.build,getRootNode
DefaultConfigurationBuilder.build,getAttributes
DefaultConfigurationBuilder.build,putAll
DefaultConfigurationBuilder.build,setName
DefaultConfigurationBuilder.build,getStatusConfiguration
DefaultConfigurationBuilder.build,withStatus
DefaultConfigurationBuilder.build,withDestination
DefaultConfigurationBuilder.build,setPluginPackages
DefaultConfigurationBuilder.build,setShutdownHook
DefaultConfigurationBuilder.build,setShutdownTimeoutMillis
DefaultConfigurationBuilder.build,createAdvertiser
DefaultConfigurationBuilder.build,setMonitorInterval
DefaultConfigurationBuilder.build,initialize
DefaultConfigurationBuilder.writeXmlConfiguration,newInstance
DefaultConfigurationBuilder.writeXmlConfiguration,createXMLStreamWriter
DefaultConfigurationBuilder.writeXmlConfiguration,writeXmlConfiguration
DefaultConfigurationBuilder.writeXmlConfiguration,close
DefaultConfigurationBuilder.writeXmlConfiguration,getNestedException
DefaultConfigurationBuilder.writeXmlConfiguration,rethrow
DefaultConfigurationBuilder.writeXmlConfiguration,writeStartDocument
DefaultConfigurationBuilder.writeXmlConfiguration,writeStartElement
DefaultConfigurationBuilder.writeXmlConfiguration,writeAttribute
DefaultConfigurationBuilder.writeXmlConfiguration,name
DefaultConfigurationBuilder.writeXmlConfiguration,valueOf
DefaultConfigurationBuilder.writeXmlConfiguration,writeXmlSection
DefaultConfigurationBuilder.writeXmlConfiguration,getTopLevelComponent
DefaultConfigurationBuilder.writeXmlConfiguration,isPresent
DefaultConfigurationBuilder.writeXmlConfiguration,get
DefaultConfigurationBuilder.writeXmlConfiguration,getComponents
DefaultConfigurationBuilder.writeXmlConfiguration,isEmpty
DefaultConfigurationBuilder.writeXmlConfiguration,writeXmlComponent
DefaultConfigurationBuilder.writeXmlConfiguration,size
DefaultConfigurationBuilder.writeXmlConfiguration,writeEndElement
DefaultConfigurationBuilder.writeXmlConfiguration,writeEndDocument
DefaultConfigurationBuilder.toXmlConfiguration,newInstance
DefaultConfigurationBuilder.toXmlConfiguration,createXMLStreamWriter
DefaultConfigurationBuilder.toXmlConfiguration,writeXmlConfiguration
DefaultConfigurationBuilder.toXmlConfiguration,close
DefaultConfigurationBuilder.toXmlConfiguration,formatXml
DefaultConfigurationBuilder.toXmlConfiguration,toString
DefaultConfigurationBuilder.toXmlConfiguration,rethrow
DefaultConfigurationBuilder.writeXmlSection,getAttributes
DefaultConfigurationBuilder.writeXmlSection,isEmpty
DefaultConfigurationBuilder.writeXmlSection,getComponents
DefaultConfigurationBuilder.writeXmlSection,getValue
DefaultConfigurationBuilder.writeXmlSection,writeXmlComponent
DefaultConfigurationBuilder.writeXmlComponent,getComponents
DefaultConfigurationBuilder.writeXmlComponent,isEmpty
DefaultConfigurationBuilder.writeXmlComponent,getValue
DefaultConfigurationBuilder.writeXmlComponent,writeStartElement
DefaultConfigurationBuilder.writeXmlComponent,getPluginType
DefaultConfigurationBuilder.writeXmlComponent,writeXmlAttributes
DefaultConfigurationBuilder.writeXmlComponent,writeXmlComponent
DefaultConfigurationBuilder.writeXmlComponent,writeCharacters
DefaultConfigurationBuilder.writeXmlComponent,writeEndElement
DefaultConfigurationBuilder.writeXmlComponent,writeEmptyElement
DefaultConfigurationBuilder.writeXmlAttributes,getAttributes
DefaultConfigurationBuilder.writeXmlAttributes,entrySet
DefaultConfigurationBuilder.writeXmlAttributes,writeAttribute
DefaultConfigurationBuilder.writeXmlAttributes,getKey
DefaultConfigurationBuilder.writeXmlAttributes,getValue
DefaultConfigurationBuilder.newAsyncLogger,toString
DefaultConfigurationBuilder.newAsyncRootLogger,toString
DefaultConfigurationBuilder.newFilter,name
DefaultConfigurationBuilder.newLogger,toString
DefaultConfigurationBuilder.newRootLogger,toString
DefaultConfigurationBuilder.setMonitorInterval,parseInt
DefaultConfigurationBuilder.setShutdownTimeout,toMillis
DefaultConfigurationBuilder.addRootProperty,getAttributes
DefaultConfigurationBuilder.addRootProperty,put
DefaultAppenderRefComponentBuilder.add,addComponent
DefaultCompositeFilterComponentBuilder.add,addComponent
DefaultLoggerComponentBuilder.add,addComponent
DefaultComponentBuilder.addAttribute,put
DefaultComponentBuilder.addAttribute,toString
DefaultComponentBuilder.addAttribute,name
DefaultComponentBuilder.addComponent,add
DefaultComponentBuilder.addComponent,build
DefaultComponentBuilder.build,getAttributes
DefaultComponentBuilder.build,putAll
DefaultComponentBuilder.build,getComponents
DefaultComponentBuilder.build,addAll
DefaultComponentBuilder.put,put
Component.addAttribute,put
Component.addComponent,add
LoggerConfigAdmin.getName,getName
LoggerConfigAdmin.getLevel,getLevel
LoggerConfigAdmin.getLevel,name
LoggerConfigAdmin.setLevel,setLevel
LoggerConfigAdmin.setLevel,getLevel
LoggerConfigAdmin.setLevel,updateLoggers
LoggerConfigAdmin.isAdditive,isAdditive
LoggerConfigAdmin.setAdditive,setAdditive
LoggerConfigAdmin.setAdditive,updateLoggers
LoggerConfigAdmin.isIncludeLocation,isIncludeLocation
LoggerConfigAdmin.getFilter,valueOf
LoggerConfigAdmin.getFilter,getFilter
LoggerConfigAdmin.getAppenderRefs,getAppenderRefs
LoggerConfigAdmin.getAppenderRefs,size
LoggerConfigAdmin.getAppenderRefs,get
LoggerConfigAdmin.getAppenderRefs,getRef
AsyncAppenderAdmin.getName,getName
AsyncAppenderAdmin.getLayout,valueOf
AsyncAppenderAdmin.getLayout,getLayout
AsyncAppenderAdmin.isIgnoreExceptions,ignoreExceptions
AsyncAppenderAdmin.getErrorHandler,valueOf
AsyncAppenderAdmin.getErrorHandler,getHandler
AsyncAppenderAdmin.getFilter,valueOf
AsyncAppenderAdmin.getFilter,getFilter
AsyncAppenderAdmin.getAppenderRefs,getAppenderRefStrings
AsyncAppenderAdmin.isIncludeLocation,isIncludeLocation
AsyncAppenderAdmin.isBlocking,isBlocking
AsyncAppenderAdmin.getErrorRef,getErrorRef
AsyncAppenderAdmin.getQueueCapacity,getQueueCapacity
AsyncAppenderAdmin.getQueueRemainingCapacity,getQueueRemainingCapacity
StatusLoggerAdmin.createNotificationInfo,getName
StatusLoggerAdmin.addNotificationListener,lock
StatusLoggerAdmin.addNotificationListener,getLogger
StatusLoggerAdmin.addNotificationListener,registerListener
StatusLoggerAdmin.addNotificationListener,unlock
StatusLoggerAdmin.postDeregister,lock
StatusLoggerAdmin.postDeregister,getLogger
StatusLoggerAdmin.postDeregister,removeListener
StatusLoggerAdmin.postDeregister,unlock
StatusLoggerAdmin.getStatusDataHistory,getStatusData
StatusLoggerAdmin.getStatusDataHistory,size
StatusLoggerAdmin.getStatusDataHistory,get
StatusLoggerAdmin.getStatusDataHistory,getFormattedStatus
StatusLoggerAdmin.getStatusData,getLogger
StatusLoggerAdmin.getStatusData,getStatusData
StatusLoggerAdmin.getLevel,name
StatusLoggerAdmin.setLevel,toLevel
StatusLoggerAdmin.log,getObjectName
StatusLoggerAdmin.log,nextSeqNo
StatusLoggerAdmin.log,nowMillis
StatusLoggerAdmin.log,getFormattedStatus
StatusLoggerAdmin.log,sendNotification
StatusLoggerAdmin.log,setUserData
StatusLoggerAdmin.nextSeqNo,getAndIncrement
StatusLoggerAdmin.nowMillis,currentTimeMillis
ContextSelectorAdmin.getImplementationClassName,getClass
ContextSelectorAdmin.getImplementationClassName,getName
AppenderAdmin.getName,getName
AppenderAdmin.getLayout,valueOf
AppenderAdmin.getLayout,getLayout
AppenderAdmin.isIgnoreExceptions,ignoreExceptions
AppenderAdmin.getErrorHandler,valueOf
AppenderAdmin.getErrorHandler,getHandler
AppenderAdmin.getFilter,valueOf
RingBufferAdmin.forAsyncLogger,escape
RingBufferAdmin.forAsyncLogger,format
RingBufferAdmin.forAsyncLoggerConfig,escape
RingBufferAdmin.forAsyncLoggerConfig,format
RingBufferAdmin.getBufferSize,getBufferSize
RingBufferAdmin.getRemainingCapacity,remainingCapacity
Server.createExecutor,getProperties
Server.createExecutor,getBooleanProperty
Server.createExecutor,newFixedThreadPool
Server.createExecutor,createDaemonThreadFactory
Server.escape,length
Server.escape,charAt
Server.escape,append
Server.escape,insert
Server.escape,toString
Server.reregisterMBeansAfterReconfigure,isJmxDisabled
Server.reregisterMBeansAfterReconfigure,debug
Server.reregisterMBeansAfterReconfigure,getPlatformMBeanServer
Server.reregisterMBeansAfterReconfigure,reregisterMBeansAfterReconfigure
Server.reregisterMBeansAfterReconfigure,getContextSelector
Server.reregisterMBeansAfterReconfigure,trace
Server.reregisterMBeansAfterReconfigure,getLoggerContexts
Server.reregisterMBeansAfterReconfigure,size
Server.reregisterMBeansAfterReconfigure,getName
Server.reregisterMBeansAfterReconfigure,unregisterLoggerContext
Server.reregisterMBeansAfterReconfigure,register
Server.reregisterMBeansAfterReconfigure,getObjectName
Server.reregisterMBeansAfterReconfigure,getBufferSize
Server.reregisterMBeansAfterReconfigure,registerStatusLogger
Server.reregisterMBeansAfterReconfigure,registerContextSelector
Server.reregisterMBeansAfterReconfigure,registerLoggerConfigs
Server.reregisterMBeansAfterReconfigure,registerAppenders
Server.reregisterMBeansAfterReconfigure,error
Server.unregisterMBeans,isJmxDisabled
Server.unregisterMBeans,debug
Server.unregisterMBeans,unregisterMBeans
Server.unregisterMBeans,getPlatformMBeanServer
Server.unregisterMBeans,unregisterStatusLogger
Server.unregisterMBeans,unregisterContextSelector
Server.unregisterMBeans,unregisterContexts
Server.unregisterMBeans,unregisterLoggerConfigs
Server.unregisterMBeans,unregisterAsyncLoggerRingBufferAdmins
Server.unregisterMBeans,unregisterAsyncLoggerConfigRingBufferAdmins
Server.unregisterMBeans,unregisterAppenders
Server.unregisterMBeans,unregisterAsyncAppenders
Server.getContextSelector,getFactory
Server.unregisterLoggerContext,isJmxDisabled
Server.unregisterLoggerContext,debug
Server.unregisterLoggerContext,getPlatformMBeanServer
Server.unregisterLoggerContext,unregisterLoggerContext
Server.unregisterLoggerContext,format
Server.unregisterLoggerContext,escape
Server.unregisterLoggerContext,unregisterAllMatching
Server.unregisterLoggerContext,unregisterStatusLogger
Server.unregisterLoggerContext,unregisterContextSelector
Server.unregisterLoggerContext,unregisterLoggerConfigs
Server.unregisterLoggerContext,unregisterAppenders
Server.unregisterLoggerContext,unregisterAsyncAppenders
Server.unregisterLoggerContext,unregisterAsyncLoggerRingBufferAdmins
Server.unregisterLoggerContext,unregisterAsyncLoggerConfigRingBufferAdmins
Server.registerStatusLogger,register
Server.registerStatusLogger,getObjectName
Server.registerContextSelector,register
Server.registerContextSelector,getObjectName
Server.unregisterStatusLogger,format
Server.unregisterStatusLogger,escape
Server.unregisterStatusLogger,unregisterAllMatching
Server.unregisterContextSelector,format
Server.unregisterContextSelector,escape
Server.unregisterContextSelector,unregisterAllMatching
Server.unregisterLoggerConfigs,format
Server.unregisterLoggerConfigs,escape
Server.unregisterLoggerConfigs,unregisterAllMatching
Server.unregisterContexts,format
Server.unregisterContexts,unregisterAllMatching
Server.unregisterAppenders,format
Server.unregisterAppenders,escape
Server.unregisterAppenders,unregisterAllMatching
Server.unregisterAsyncAppenders,format
Server.unregisterAsyncAppenders,escape
Server.unregisterAsyncAppenders,unregisterAllMatching
Server.unregisterAsyncLoggerRingBufferAdmins,format
Server.unregisterAsyncLoggerRingBufferAdmins,escape
Server.unregisterAsyncLoggerRingBufferAdmins,unregisterAllMatching
Server.unregisterAsyncLoggerConfigRingBufferAdmins,format
Server.unregisterAsyncLoggerConfigRingBufferAdmins,escape
Server.unregisterAsyncLoggerConfigRingBufferAdmins,unregisterAllMatching
Server.unregisterAllMatching,queryNames
Server.unregisterAllMatching,isEmpty
Server.unregisterAllMatching,trace
Server.unregisterAllMatching,size
Server.unregisterAllMatching,unregisterMBean
Server.unregisterAllMatching,debug
Server.unregisterAllMatching,error
Server.registerLoggerConfigs,getConfiguration
Server.registerLoggerConfigs,getLoggers
Server.registerLoggerConfigs,keySet
Server.registerLoggerConfigs,get
Server.registerLoggerConfigs,register
Server.registerLoggerConfigs,getObjectName
Server.registerLoggerConfigs,createRingBufferAdmin
Server.registerLoggerConfigs,getName
Server.registerAppenders,getConfiguration
Server.registerAppenders,getAppenders
Server.registerAppenders,keySet
Server.registerAppenders,get
Server.registerAppenders,getName
Server.registerAppenders,register
Server.registerAppenders,getObjectName
Server.register,isRegistered
Server.register,unregisterMBean
Server.register,trace
Server.register,debug
Server.register,registerMBean
LoggerContextAdmin.createNotificationInfo,getName
LoggerContextAdmin.getStatus,getState
LoggerContextAdmin.getStatus,toString
LoggerContextAdmin.getName,getName
LoggerContextAdmin.getConfig,getConfiguration
LoggerContextAdmin.getConfigLocationUri,getConfigLocation
LoggerContextAdmin.getConfigLocationUri,valueOf
LoggerContextAdmin.getConfigLocationUri,getConfigName
LoggerContextAdmin.getConfigLocationUri,toURI
LoggerContextAdmin.setConfigLocationUri,isEmpty
LoggerContextAdmin.setConfigLocationUri,debug
LoggerContextAdmin.setConfigLocationUri,exists
LoggerContextAdmin.setConfigLocationUri,getAbsolutePath
LoggerContextAdmin.setConfigLocationUri,openStream
LoggerContextAdmin.setConfigLocationUri,getInstance
LoggerContextAdmin.setConfigLocationUri,getConfiguration
LoggerContextAdmin.setConfigLocationUri,start
LoggerContextAdmin.propertyChange,equals
LoggerContextAdmin.propertyChange,getPropertyName
LoggerContextAdmin.propertyChange,getObjectName
LoggerContextAdmin.propertyChange,nextSeqNo
LoggerContextAdmin.propertyChange,now
LoggerContextAdmin.propertyChange,sendNotification
LoggerContextAdmin.getConfigText,getConfigText
LoggerContextAdmin.getConfigText,name
LoggerContextAdmin.getConfigText,getConfiguration
LoggerContextAdmin.getConfigText,getConfigurationSource
LoggerContextAdmin.getConfigText,resetInputStream
LoggerContextAdmin.getConfigText,forName
LoggerContextAdmin.getConfigText,readContents
LoggerContextAdmin.getConfigText,getInputStream
LoggerContextAdmin.getConfigText,printStackTrace
LoggerContextAdmin.getConfigText,toString
LoggerContextAdmin.readContents,read
LoggerContextAdmin.readContents,append
LoggerContextAdmin.readContents,toString
LoggerContextAdmin.readContents,closeSilently
LoggerContextAdmin.setConfigText,debug
LoggerContextAdmin.setConfigText,getBytes
LoggerContextAdmin.setConfigText,getInstance
LoggerContextAdmin.setConfigText,getConfiguration
LoggerContextAdmin.setConfigText,start
LoggerContextAdmin.setConfigText,error
LoggerContextAdmin.getConfigName,getConfig
LoggerContextAdmin.getConfigName,getName
LoggerContextAdmin.getConfigClassName,getConfig
LoggerContextAdmin.getConfigClassName,getClass
LoggerContextAdmin.getConfigClassName,getName
LoggerContextAdmin.getConfigFilter,valueOf
LoggerContextAdmin.getConfigFilter,getConfig
LoggerContextAdmin.getConfigFilter,getFilter
LoggerContextAdmin.getConfigProperties,getConfig
LoggerContextAdmin.getConfigProperties,getProperties
LoggerContextAdmin.nextSeqNo,getAndIncrement
LoggerContextAdmin.now,currentTimeMillis
JmxUtil.isJmxDisabled,getProperties
JmxUtil.isJmxDisabled,getBooleanProperty
GelfLayout.build,createChecker
GelfLayout.build,error
GelfLayout.build,newBuilder
GelfLayout.build,setPattern
GelfLayout.build,setAlwaysWriteExceptions
GelfLayout.build,setConfiguration
GelfLayout.build,getConfiguration
GelfLayout.build,build
GelfLayout.build,setPatternSelector
GelfLayout.createChecker,split
GelfLayout.createChecker,add
GelfLayout.createChecker,trim
GelfLayout.setHost,asBuilder
GelfLayout.setCompressionType,asBuilder
GelfLayout.setCompressionThreshold,asBuilder
GelfLayout.setIncludeStacktrace,asBuilder
GelfLayout.setIncludeThreadContext,asBuilder
GelfLayout.setIncludeNullDelimiter,asBuilder
GelfLayout.setIncludeNewLineDelimiter,asBuilder
GelfLayout.setAdditionalFields,asBuilder
GelfLayout.setMessagePattern,asBuilder
GelfLayout.setPatternSelector,asBuilder
GelfLayout.setMdcIncludes,asBuilder
GelfLayout.setMdcExcludes,asBuilder
GelfLayout.setIncludeMapMessage,asBuilder
GelfLayout.setMapMessageIncludes,asBuilder
GelfLayout.setMapMessageExcludes,asBuilder
GelfLayout.setThreadContextPrefix,asBuilder
GelfLayout.setMapPrefix,asBuilder
GelfLayout.setThreadContextIncludes,asBuilder
GelfLayout.setThreadContextExcludes,asBuilder
GelfLayout.setOmitEmptyFields,asBuilder
GelfLayout.toString,append
GelfLayout.toString,toString
GelfLayout.toString,getChecker
GelfLayout.toString,length
GelfLayout.newBuilder,asBuilder
GelfLayout.getContentFormat,emptyMap
GelfLayout.getContentType,getCharset
GelfLayout.toByteArray,toText
GelfLayout.toByteArray,getStringBuilder
GelfLayout.toByteArray,getBytes
GelfLayout.toByteArray,toString
GelfLayout.toByteArray,compress
GelfLayout.encode,toText
GelfLayout.encode,getStringBuilder
GelfLayout.encode,getStringBuilderEncoder
GelfLayout.encode,encode
GelfLayout.requiresLocation,nonNull
GelfLayout.requiresLocation,requiresLocation
GelfLayout.compress,createDeflaterOutputStream
GelfLayout.compress,write
GelfLayout.compress,finish
GelfLayout.compress,toByteArray
GelfLayout.compress,getLogger
GelfLayout.compress,error
GelfLayout.toSerializable,toText
GelfLayout.toSerializable,getStringBuilder
GelfLayout.toSerializable,toString
GelfLayout.toText,append
GelfLayout.toText,quoteAsString
GelfLayout.toText,toNullSafeString
GelfLayout.toText,formatTimestamp
GelfLayout.toText,getTimeMillis
GelfLayout.toText,formatLevel
GelfLayout.toText,getLevel
GelfLayout.toText,getThreadName
GelfLayout.toText,getLoggerName
GelfLayout.toText,getConfiguration
GelfLayout.toText,getStrSubstitutor
GelfLayout.toText,valueNeedsLookup
GelfLayout.toText,getValue
GelfLayout.toText,replace
GelfLayout.toText,isNotEmpty
GelfLayout.toText,getKey
GelfLayout.toText,getContextData
GelfLayout.toText,forEach
GelfLayout.toText,getMessage
GelfLayout.toText,getThrown
GelfLayout.toText,getMessageStringBuilder
GelfLayout.toText,serialize
GelfLayout.toText,formatThrowable
GelfLayout.toText,toString
GelfLayout.toText,trimToMaxSize
GelfLayout.toText,getFormattedMessage
GelfLayout.valueNeedsLookup,contains
GelfLayout.accept,valueOf
GelfLayout.accept,check
GelfLayout.accept,isNotEmpty
GelfLayout.accept,append
GelfLayout.accept,quoteAsString
GelfLayout.accept,concat
GelfLayout.accept,toNullSafeString
GelfLayout.getMessageStringBuilder,get
GelfLayout.getMessageStringBuilder,set
GelfLayout.getMessageStringBuilder,setLength
GelfLayout.formatTimestamp,getTimestampStringBuilder
GelfLayout.formatTimestamp,append
GelfLayout.formatTimestamp,insert
GelfLayout.formatTimestamp,length
GelfLayout.getTimestampStringBuilder,get
GelfLayout.getTimestampStringBuilder,set
GelfLayout.getTimestampStringBuilder,setLength
GelfLayout.formatLevel,getSeverity
GelfLayout.formatLevel,getCode
GelfLayout.formatThrowable,printStackTrace
GelfLayout.formatThrowable,flush
GelfLayout.formatThrowable,getBuffer
Builder.createChecker,split
Builder.createChecker,add
Builder.createChecker,trim
Builder.setHost,asBuilder
Builder.setCompressionType,asBuilder
Builder.setCompressionThreshold,asBuilder
Builder.setIncludeStacktrace,asBuilder
Builder.setIncludeThreadContext,asBuilder
Builder.setIncludeNullDelimiter,asBuilder
Builder.setIncludeNewLineDelimiter,asBuilder
Builder.setAdditionalFields,asBuilder
Builder.setMessagePattern,asBuilder
Builder.setPatternSelector,asBuilder
Builder.setMdcIncludes,asBuilder
Builder.setMdcExcludes,asBuilder
Builder.setIncludeMapMessage,asBuilder
Builder.setMapMessageIncludes,asBuilder
Builder.setMapMessageExcludes,asBuilder
Builder.setThreadContextPrefix,asBuilder
Builder.setMapPrefix,asBuilder
Builder.setThreadContextIncludes,asBuilder
Builder.setThreadContextExcludes,asBuilder
Builder.setOmitEmptyFields,asBuilder
FieldWriter.accept,valueOf
FieldWriter.accept,check
FieldWriter.accept,isNotEmpty
FieldWriter.accept,append
FieldWriter.accept,quoteAsString
FieldWriter.accept,concat
FieldWriter.accept,toNullSafeString
ByteBufferDestinationHelper.writeToUnsynchronized,getByteBuffer
ByteBufferDestinationHelper.writeToUnsynchronized,remaining
ByteBufferDestinationHelper.writeToUnsynchronized,limit
ByteBufferDestinationHelper.writeToUnsynchronized,min
ByteBufferDestinationHelper.writeToUnsynchronized,position
ByteBufferDestinationHelper.writeToUnsynchronized,put
ByteBufferDestinationHelper.writeToUnsynchronized,drain
AbstractLayout.setConfiguration,asBuilder
AbstractLayout.setFooter,asBuilder
AbstractLayout.setHeader,asBuilder
AbstractLayout.encode,toByteArray
AbstractLayout.encode,writeBytes
Builder.setFooter,asBuilder
PatternLayout.createSerializer,newSerializerBuilder
PatternLayout.createSerializer,setAlwaysWriteExceptions
PatternLayout.createSerializer,setConfiguration
PatternLayout.createSerializer,setDefaultPattern
PatternLayout.createSerializer,setNoConsoleNoAnsi
PatternLayout.createSerializer,setPattern
PatternLayout.createSerializer,setPatternSelector
PatternLayout.createSerializer,setReplace
PatternLayout.createSerializer,build
PatternLayout.getContentFormat,put
PatternLayout.toSerializable,toSerializable
PatternLayout.toSerializable,getStringBuilder
PatternLayout.toSerializable,toString
PatternLayout.toSerializable,trimToMaxSize
PatternLayout.toSerializable,format
PatternLayout.toSerializable,setLength
PatternLayout.toSerializable,append
PatternLayout.toSerializable,getFormatters
PatternLayout.serialize,toSerializable
PatternLayout.encode,toText
PatternLayout.encode,getStringBuilder
PatternLayout.encode,getStringBuilderEncoder
PatternLayout.encode,encode
PatternLayout.encode,trimToMaxSize
PatternLayout.toText,toSerializable
PatternLayout.createPatternParser,getComponent
PatternLayout.createPatternParser,addComponent
PatternLayout.toString,toString
PatternLayout.toString,append
PatternLayout.createLayout,newBuilder
PatternLayout.createLayout,setPattern
PatternLayout.createLayout,setPatternSelector
PatternLayout.createLayout,setConfiguration
PatternLayout.createLayout,setRegexReplacement
PatternLayout.createLayout,setCharset
PatternLayout.createLayout,setAlwaysWriteExceptions
PatternLayout.createLayout,setNoConsoleNoAnsi
PatternLayout.createLayout,setHeader
PatternLayout.createLayout,setFooter
PatternLayout.createLayout,build
PatternLayout.requiresLocation,requiresLocation
PatternLayout.build,isEmpty
PatternLayout.build,createPatternParser
PatternLayout.build,parse
PatternLayout.build,toArray
PatternLayout.build,getFormattingInfo
PatternLayout.build,getDefault
PatternLayout.createDefaultLayout,newBuilder
PatternLayout.createDefaultLayout,build
PatternLayout.createDefaultLayout,setConfiguration
NoFormatPatternSerializer.toSerializable,getStringBuilder
NoFormatPatternSerializer.toSerializable,toSerializable
NoFormatPatternSerializer.toSerializable,toString
NoFormatPatternSerializer.toSerializable,trimToMaxSize
NoFormatPatternSerializer.toSerializable,format
NoFormatPatternSerializer.toString,toString
PatternFormatterPatternSerializer.toSerializable,getStringBuilder
PatternFormatterPatternSerializer.toSerializable,toSerializable
PatternFormatterPatternSerializer.toSerializable,toString
PatternFormatterPatternSerializer.toSerializable,trimToMaxSize
PatternFormatterPatternSerializer.toSerializable,format
PatternFormatterPatternSerializer.requiresLocation,requiresLocation
PatternFormatterPatternSerializer.toString,toString
PatternSerializerWithReplacement.toSerializable,getStringBuilder
PatternSerializerWithReplacement.toSerializable,toSerializable
PatternSerializerWithReplacement.toSerializable,toString
PatternSerializerWithReplacement.toSerializable,trimToMaxSize
PatternSerializerWithReplacement.toSerializable,format
PatternSerializerWithReplacement.toSerializable,setLength
PatternSerializerWithReplacement.toSerializable,append
PatternSerializerWithReplacement.requiresLocation,requiresLocation
SerializerBuilder.build,isEmpty
SerializerBuilder.build,createPatternParser
SerializerBuilder.build,parse
SerializerBuilder.build,toArray
SerializerBuilder.build,getFormattingInfo
SerializerBuilder.build,getDefault
PatternSelectorSerializer.toSerializable,getStringBuilder
PatternSelectorSerializer.toSerializable,toSerializable
PatternSelectorSerializer.toSerializable,toString
PatternSelectorSerializer.toSerializable,trimToMaxSize
PatternSelectorSerializer.toSerializable,getFormatters
PatternSelectorSerializer.toSerializable,format
PatternSelectorSerializer.toSerializable,setLength
PatternSelectorSerializer.toSerializable,append
PatternSelectorSerializer.toString,append
PatternSelectorSerializer.toString,toString
SerializedLayout.toByteArray,writeObject
SerializedLayout.toByteArray,reset
SerializedLayout.toByteArray,error
SerializedLayout.toByteArray,toByteArray
CsvParameterLayout.createDefaultLayout,forName
CsvParameterLayout.createDefaultLayout,valueOf
CsvParameterLayout.createLayout,forName
CsvParameterLayout.createLayout,createFormat
CsvParameterLayout.toSerializable,getMessage
CsvParameterLayout.toSerializable,getParameters
CsvParameterLayout.toSerializable,getStringBuilder
CsvParameterLayout.toSerializable,getFormat
CsvParameterLayout.toSerializable,printRecord
CsvParameterLayout.toSerializable,toString
CsvParameterLayout.toSerializable,getLogger
CsvParameterLayout.toSerializable,error
CsvParameterLayout.toSerializable,getCommentMarker
JacksonFactory.newWriter,newWriter
JacksonFactory.newWriter,add
JacksonFactory.newWriter,getPropertNameForSource
JacksonFactory.newWriter,getPropertNameForContextMap
JacksonFactory.newWriter,getPropertyNameForInstant
JacksonFactory.newWriter,getPropertyNameForTimeMillis
JacksonFactory.newWriter,getPropertNameForNanoTime
JacksonFactory.newWriter,addFilter
JacksonFactory.newWriter,getName
JacksonFactory.newWriter,serializeAllExcept
JacksonFactory.newWriter,newObjectMapper
JacksonFactory.newWriter,writer
JacksonFactory.newWriter,newCompactPrinter
JacksonFactory.newWriter,newPrettyPrinter
JacksonFactory.newWriter,with
AbstractJacksonLayout.toStringOrNull,defaultCharset
AbstractJacksonLayout.setEventEol,asBuilder
AbstractJacksonLayout.setEndOfLine,asBuilder
AbstractJacksonLayout.setCompact,asBuilder
AbstractJacksonLayout.setComplete,asBuilder
AbstractJacksonLayout.setLocationInfo,asBuilder
AbstractJacksonLayout.setProperties,asBuilder
AbstractJacksonLayout.setIncludeStacktrace,asBuilder
AbstractJacksonLayout.setStacktraceAsString,asBuilder
AbstractJacksonLayout.setIncludeNullDelimiter,asBuilder
AbstractJacksonLayout.setIncludeTimeMillis,asBuilder
AbstractJacksonLayout.setAdditionalFields,asBuilder
AbstractJacksonLayout.valueNeedsLookup,contains
AbstractJacksonLayout.toSerializable,toSerializable
AbstractJacksonLayout.toSerializable,toString
AbstractJacksonLayout.toSerializable,error
AbstractJacksonLayout.toSerializable,writeValue
AbstractJacksonLayout.toSerializable,wrapLogEvent
AbstractJacksonLayout.toSerializable,convertMutableToLog4jEvent
AbstractJacksonLayout.toSerializable,write
AbstractJacksonLayout.toSerializable,markEvent
AbstractJacksonLayout.convertMutableToLog4jEvent,toImmutable
AbstractJacksonLayout.wrapLogEvent,resolveAdditionalFields
AbstractJacksonLayout.resolveAdditionalFields,getStrSubstitutor
AbstractJacksonLayout.resolveAdditionalFields,put
AbstractJacksonLayout.resolveAdditionalFields,replace
AbstractJacksonLayout.toImmutable,toImmutable
AbstractJacksonLayout.getContextMap,getContextMap
AbstractJacksonLayout.getContextData,getContextData
AbstractJacksonLayout.getContextStack,getContextStack
AbstractJacksonLayout.getLoggerFqcn,getLoggerFqcn
AbstractJacksonLayout.getLevel,getLevel
AbstractJacksonLayout.getLoggerName,getLoggerName
AbstractJacksonLayout.getMarker,getMarker
AbstractJacksonLayout.getMessage,getMessage
AbstractJacksonLayout.getTimeMillis,getTimeMillis
AbstractJacksonLayout.getInstant,getInstant
AbstractJacksonLayout.getSource,getSource
AbstractJacksonLayout.getThreadName,getThreadName
AbstractJacksonLayout.getThreadId,getThreadId
AbstractJacksonLayout.getThreadPriority,getThreadPriority
AbstractJacksonLayout.getThrown,getThrown
AbstractJacksonLayout.getThrownProxy,getThrownProxy
AbstractJacksonLayout.isEndOfBatch,isEndOfBatch
AbstractJacksonLayout.isIncludeLocation,isIncludeLocation
AbstractJacksonLayout.getNanoTime,getNanoTime
Builder.toStringOrNull,defaultCharset
Builder.setEventEol,asBuilder
Builder.setEndOfLine,asBuilder
Builder.setCompact,asBuilder
Builder.setComplete,asBuilder
Builder.setLocationInfo,asBuilder
Builder.setStacktraceAsString,asBuilder
Builder.setIncludeTimeMillis,asBuilder
ReadOnlyLogEventWrapper.toImmutable,toImmutable
ReadOnlyLogEventWrapper.getContextMap,getContextMap
ReadOnlyLogEventWrapper.getContextData,getContextData
ReadOnlyLogEventWrapper.getContextStack,getContextStack
ReadOnlyLogEventWrapper.getLoggerFqcn,getLoggerFqcn
ReadOnlyLogEventWrapper.getLevel,getLevel
ReadOnlyLogEventWrapper.getLoggerName,getLoggerName
ReadOnlyLogEventWrapper.getMarker,getMarker
ReadOnlyLogEventWrapper.getMessage,getMessage
ReadOnlyLogEventWrapper.getTimeMillis,getTimeMillis
ReadOnlyLogEventWrapper.getInstant,getInstant
ReadOnlyLogEventWrapper.getSource,getSource
ReadOnlyLogEventWrapper.getThreadName,getThreadName
ReadOnlyLogEventWrapper.getThreadId,getThreadId
ReadOnlyLogEventWrapper.getThreadPriority,getThreadPriority
ReadOnlyLogEventWrapper.getThrown,getThrown
ReadOnlyLogEventWrapper.getThrownProxy,getThrownProxy
ReadOnlyLogEventWrapper.isEndOfBatch,isEndOfBatch
ReadOnlyLogEventWrapper.isIncludeLocation,isIncludeLocation
ReadOnlyLogEventWrapper.getNanoTime,getNanoTime
LevelPatternSelector.build,warn
LevelPatternSelector.getFormatters,getLevel
LevelPatternSelector.getFormatters,keySet
LevelPatternSelector.getFormatters,name
LevelPatternSelector.getFormatters,equalsIgnoreCase
LevelPatternSelector.getFormatters,get
LevelPatternSelector.createSelector,newBuilder
LevelPatternSelector.createSelector,setProperties
LevelPatternSelector.createSelector,setDefaultPattern
LevelPatternSelector.createSelector,setAlwaysWriteExceptions
LevelPatternSelector.createSelector,setNoConsoleNoAnsi
LevelPatternSelector.createSelector,setConfiguration
LevelPatternSelector.createSelector,build
LevelPatternSelector.toString,entrySet
LevelPatternSelector.toString,append
LevelPatternSelector.toString,getKey
LevelPatternSelector.toString,getValue
LevelPatternSelector.toString,toString
MessageLayout.toSerializable,getMessage
PatternMatch.hashCode,hash
PatternMatch.equals,getClass
PatternMatch.equals,equals
SyslogLayout.build,getCharset
SyslogLayout.setFacility,asBuilder
SyslogLayout.setIncludeNewLine,asBuilder
SyslogLayout.setEscapeNL,asBuilder
SyslogLayout.newBuilder,asBuilder
SyslogLayout.toSerializable,getStringBuilder
SyslogLayout.toSerializable,append
SyslogLayout.toSerializable,getPriority
SyslogLayout.toSerializable,getLevel
SyslogLayout.toSerializable,addDate
SyslogLayout.toSerializable,getTimeMillis
SyslogLayout.toSerializable,getMessage
SyslogLayout.toSerializable,getFormattedMessage
SyslogLayout.toSerializable,matcher
SyslogLayout.toSerializable,replaceAll
SyslogLayout.toSerializable,toString
SyslogLayout.addDate,length
SyslogLayout.addDate,append
SyslogLayout.addDate,format
SyslogLayout.addDate,charAt
SyslogLayout.addDate,setCharAt
SyslogLayout.getContentFormat,put
SyslogLayout.getContentFormat,toPattern
Builder.setIncludeNewLine,asBuilder
TextEncoderHelper.encodeTextFallBack,toString
TextEncoderHelper.encodeTextFallBack,getBytes
TextEncoderHelper.encodeTextFallBack,writeBytes
TextEncoderHelper.encodeText,reset
TextEncoderHelper.encodeText,length
TextEncoderHelper.encodeText,capacity
TextEncoderHelper.encodeText,encodeChunkedText
TextEncoderHelper.encodeText,clear
TextEncoderHelper.encodeText,getChars
TextEncoderHelper.encodeText,array
TextEncoderHelper.encodeText,arrayOffset
TextEncoderHelper.encodeText,limit
TextEncoderHelper.encodeText,encode
TextEncoderHelper.encodeText,writeEncodedText
TextEncoderHelper.encodeText,getByteBuffer
TextEncoderHelper.encodeText,encodeAsMuchAsPossible
TextEncoderHelper.encodeText,flushRemainingBytes
TextEncoderHelper.writeEncodedText,isUnderflow
TextEncoderHelper.writeEncodedText,writeChunkedEncodedText
TextEncoderHelper.writeEncodedText,flush
TextEncoderHelper.writeEncodedText,flushRemainingBytes
TextEncoderHelper.writeEncodedText,getByteBuffer
TextEncoderHelper.writeEncodedText,flip
TextEncoderHelper.writeEncodedText,writeBytes
TextEncoderHelper.writeEncodedText,clear
TextEncoderHelper.writeChunkedEncodedText,writeAndEncodeAsMuchAsPossible
TextEncoderHelper.writeChunkedEncodedText,flushRemainingBytes
TextEncoderHelper.encodeChunkedText,isUnderflow
TextEncoderHelper.encodeChunkedText,clear
TextEncoderHelper.encodeChunkedText,copy
TextEncoderHelper.encodeChunkedText,length
TextEncoderHelper.encodeChunkedText,flip
TextEncoderHelper.encodeChunkedText,encode
TextEncoderHelper.encodeChunkedText,writeEncodedText
TextEncoderHelper.encodeChunkedText,writeAndEncodeAsMuchAsPossible
TextEncoderHelper.encodeChunkedText,flushRemainingBytes
TextEncoderHelper.writeAndEncodeAsMuchAsPossible,drainIfByteBufferFull
TextEncoderHelper.writeAndEncodeAsMuchAsPossible,isOverflow
TextEncoderHelper.writeAndEncodeAsMuchAsPossible,encode
TextEncoderHelper.writeAndEncodeAsMuchAsPossible,isUnderflow
TextEncoderHelper.writeAndEncodeAsMuchAsPossible,throwException
TextEncoderHelper.throwException,throwException
TextEncoderHelper.encodeAsMuchAsPossible,isOverflow
TextEncoderHelper.encodeAsMuchAsPossible,encode
TextEncoderHelper.encodeAsMuchAsPossible,drainIfByteBufferFull
TextEncoderHelper.encodeAsMuchAsPossible,isUnderflow
TextEncoderHelper.encodeAsMuchAsPossible,throwException
TextEncoderHelper.drainIfByteBufferFull,isOverflow
TextEncoderHelper.drainIfByteBufferFull,getByteBuffer
TextEncoderHelper.drainIfByteBufferFull,flip
TextEncoderHelper.drainIfByteBufferFull,writeToUnsynchronized
TextEncoderHelper.drainIfByteBufferFull,clear
TextEncoderHelper.drainIfByteBufferFull,drain
TextEncoderHelper.flushRemainingBytes,isOverflow
TextEncoderHelper.flushRemainingBytes,flush
TextEncoderHelper.flushRemainingBytes,drainIfByteBufferFull
TextEncoderHelper.flushRemainingBytes,isUnderflow
TextEncoderHelper.flushRemainingBytes,throwException
TextEncoderHelper.flushRemainingBytes,remaining
TextEncoderHelper.flushRemainingBytes,getByteBuffer
TextEncoderHelper.flushRemainingBytes,flip
TextEncoderHelper.flushRemainingBytes,writeToUnsynchronized
TextEncoderHelper.flushRemainingBytes,clear
TextEncoderHelper.copy,min
TextEncoderHelper.copy,length
TextEncoderHelper.copy,remaining
TextEncoderHelper.copy,array
TextEncoderHelper.copy,position
TextEncoderHelper.copy,getChars
TextEncoderHelper.copy,arrayOffset
YamlLayout.build,toStringOrNull
YamlLayout.build,getHeader
YamlLayout.build,getFooter
YamlLayout.build,getConfiguration
YamlLayout.build,isLocationInfo
YamlLayout.build,isProperties
YamlLayout.build,isComplete
YamlLayout.build,isCompact
YamlLayout.build,getEventEol
YamlLayout.build,getEndOfLine
YamlLayout.build,getCharset
YamlLayout.build,isIncludeStacktrace
YamlLayout.build,isStacktraceAsString
YamlLayout.build,isIncludeNullDelimiter
YamlLayout.build,isIncludeTimeMillis
YamlLayout.build,getAdditionalFields
YamlLayout.getHeader,serializeToString
YamlLayout.getHeader,getHeaderSerializer
YamlLayout.getHeader,append
YamlLayout.getHeader,getBytes
YamlLayout.getHeader,toString
YamlLayout.getFooter,append
YamlLayout.getFooter,serializeToString
YamlLayout.getFooter,getFooterSerializer
YamlLayout.getFooter,getBytes
YamlLayout.getFooter,toString
YamlLayout.getContentFormat,put
YamlLayout.getContentType,getCharset
YamlLayout.newBuilder,asBuilder
XmlLayout.build,getConfiguration
XmlLayout.build,isLocationInfo
XmlLayout.build,isProperties
XmlLayout.build,isComplete
XmlLayout.build,isCompact
XmlLayout.build,getEndOfLine
XmlLayout.build,getCharset
XmlLayout.build,isIncludeStacktrace
XmlLayout.build,isStacktraceAsString
XmlLayout.build,isIncludeNullDelimiter
XmlLayout.build,isIncludeTimeMillis
XmlLayout.build,getAdditionalFields
XmlLayout.getHeader,append
XmlLayout.getHeader,getCharset
XmlLayout.getHeader,name
XmlLayout.getHeader,toString
XmlLayout.getHeader,getBytes
XmlLayout.getFooter,getBytes
XmlLayout.getContentFormat,put
XmlLayout.getContentType,getCharset
XmlLayout.newBuilder,asBuilder
MarkerPatternSelector.build,warn
MarkerPatternSelector.getFormatters,getMarker
MarkerPatternSelector.getFormatters,keySet
MarkerPatternSelector.getFormatters,isInstanceOf
MarkerPatternSelector.getFormatters,get
MarkerPatternSelector.createSelector,newBuilder
MarkerPatternSelector.createSelector,setProperties
MarkerPatternSelector.createSelector,setDefaultPattern
MarkerPatternSelector.createSelector,setAlwaysWriteExceptions
MarkerPatternSelector.createSelector,setNoConsoleNoAnsi
MarkerPatternSelector.createSelector,setConfiguration
MarkerPatternSelector.createSelector,build
MarkerPatternSelector.toString,entrySet
MarkerPatternSelector.toString,append
MarkerPatternSelector.toString,getKey
MarkerPatternSelector.toString,getValue
MarkerPatternSelector.toString,toString
LockingStringBuilderEncoder.encode,encodeText
LockingStringBuilderEncoder.encode,getByteBuffer
LockingStringBuilderEncoder.encode,logEncodeTextException
LockingStringBuilderEncoder.encode,encodeTextFallBack
LockingStringBuilderEncoder.logEncodeTextException,getLogger
LockingStringBuilderEncoder.logEncodeTextException,error
JsonLayout.build,isProperties
JsonLayout.build,toStringOrNull
JsonLayout.build,getHeader
JsonLayout.build,getFooter
JsonLayout.build,getConfiguration
JsonLayout.build,isLocationInfo
JsonLayout.build,isComplete
JsonLayout.build,isCompact
JsonLayout.build,getEventEol
JsonLayout.build,getEndOfLine
JsonLayout.build,getCharset
JsonLayout.build,isIncludeStacktrace
JsonLayout.build,isStacktraceAsString
JsonLayout.build,isIncludeNullDelimiter
JsonLayout.build,isIncludeTimeMillis
JsonLayout.build,getAdditionalFields
JsonLayout.build,getObjectMessageAsJsonObject
JsonLayout.setPropertiesAsList,asBuilder
JsonLayout.setObjectMessageAsJsonObject,asBuilder
JsonLayout.setAdditionalFields,asBuilder
JsonLayout.getHeader,serializeToString
JsonLayout.getHeader,getHeaderSerializer
JsonLayout.getHeader,append
JsonLayout.getHeader,getBytes
JsonLayout.getHeader,toString
JsonLayout.getFooter,append
JsonLayout.getFooter,serializeToString
JsonLayout.getFooter,getFooterSerializer
JsonLayout.getFooter,getBytes
JsonLayout.getFooter,toString
JsonLayout.getContentFormat,put
JsonLayout.getContentType,getCharset
JsonLayout.newBuilder,asBuilder
JsonLayout.toSerializable,append
Builder.setPropertiesAsList,asBuilder
Builder.setObjectMessageAsJsonObject,asBuilder
Rfc5424Layout.createFieldFormatters,getSdId
Rfc5424Layout.createFieldFormatters,getMap
Rfc5424Layout.createFieldFormatters,isEmpty
Rfc5424Layout.createFieldFormatters,createPatternParser
Rfc5424Layout.createFieldFormatters,entrySet
Rfc5424Layout.createFieldFormatters,parse
Rfc5424Layout.createFieldFormatters,getValue
Rfc5424Layout.createFieldFormatters,put
Rfc5424Layout.createFieldFormatters,getKey
Rfc5424Layout.createFieldFormatters,getDiscardIfAllFieldsAreEmpty
Rfc5424Layout.createFieldFormatters,toString
Rfc5424Layout.createFieldFormatters,size
Rfc5424Layout.createPatternParser,getComponent
Rfc5424Layout.createPatternParser,addComponent
Rfc5424Layout.getContentFormat,put
Rfc5424Layout.toSerializable,getStringBuilder
Rfc5424Layout.toSerializable,appendPriority
Rfc5424Layout.toSerializable,getLevel
Rfc5424Layout.toSerializable,appendTimestamp
Rfc5424Layout.toSerializable,getTimeMillis
Rfc5424Layout.toSerializable,appendSpace
Rfc5424Layout.toSerializable,appendHostName
Rfc5424Layout.toSerializable,appendAppName
Rfc5424Layout.toSerializable,appendProcessId
Rfc5424Layout.toSerializable,appendMessageId
Rfc5424Layout.toSerializable,getMessage
Rfc5424Layout.toSerializable,appendStructuredElements
Rfc5424Layout.toSerializable,appendMessage
Rfc5424Layout.toSerializable,toString
Rfc5424Layout.appendPriority,append
Rfc5424Layout.appendPriority,getPriority
Rfc5424Layout.appendTimestamp,append
Rfc5424Layout.appendTimestamp,computeTimeStampString
Rfc5424Layout.appendSpace,append
Rfc5424Layout.appendHostName,append
Rfc5424Layout.appendAppName,append
Rfc5424Layout.appendProcessId,append
Rfc5424Layout.appendProcessId,getProcId
Rfc5424Layout.appendMessageId,append
Rfc5424Layout.appendMessage,getMessage
Rfc5424Layout.appendMessage,getFormat
Rfc5424Layout.appendMessage,getFormattedMessage
Rfc5424Layout.appendMessage,length
Rfc5424Layout.appendMessage,append
Rfc5424Layout.appendMessage,escapeNewlines
Rfc5424Layout.appendMessage,getThrown
Rfc5424Layout.appendMessage,format
Rfc5424Layout.appendMessage,toString
Rfc5424Layout.appendStructuredElements,getMessage
Rfc5424Layout.appendStructuredElements,isEmpty
Rfc5424Layout.appendStructuredElements,append
Rfc5424Layout.appendStructuredElements,getContextData
Rfc5424Layout.appendStructuredElements,toMap
Rfc5424Layout.appendStructuredElements,checkRequired
Rfc5424Layout.appendStructuredElements,entrySet
Rfc5424Layout.appendStructuredElements,getKey
Rfc5424Layout.appendStructuredElements,getValue
Rfc5424Layout.appendStructuredElements,format
Rfc5424Layout.appendStructuredElements,put
Rfc5424Layout.appendStructuredElements,size
Rfc5424Layout.appendStructuredElements,toString
Rfc5424Layout.appendStructuredElements,get
Rfc5424Layout.appendStructuredElements,union
Rfc5424Layout.appendStructuredElements,addStructuredData
Rfc5424Layout.appendStructuredElements,formatStructuredElement
Rfc5424Layout.addStructuredData,getData
Rfc5424Layout.addStructuredData,getId
Rfc5424Layout.addStructuredData,containsKey
Rfc5424Layout.addStructuredData,get
Rfc5424Layout.addStructuredData,toString
Rfc5424Layout.addStructuredData,union
Rfc5424Layout.addStructuredData,put
Rfc5424Layout.escapeNewlines,matcher
Rfc5424Layout.escapeNewlines,replaceAll
Rfc5424Layout.computeTimeStampString,setTimeInMillis
Rfc5424Layout.computeTimeStampString,append
Rfc5424Layout.computeTimeStampString,toString
Rfc5424Layout.computeTimeStampString,get
Rfc5424Layout.computeTimeStampString,pad
Rfc5424Layout.pad,append
Rfc5424Layout.pad,toString
Rfc5424Layout.formatStructuredElement,discard
Rfc5424Layout.formatStructuredElement,append
Rfc5424Layout.formatStructuredElement,toString
Rfc5424Layout.formatStructuredElement,equals
Rfc5424Layout.formatStructuredElement,appendMap
Rfc5424Layout.formatStructuredElement,getPrefix
Rfc5424Layout.formatStructuredElement,getFields
Rfc5424Layout.getId,getName
Rfc5424Layout.getId,append
Rfc5424Layout.getId,getEnterpriseNumber
Rfc5424Layout.getId,equals
Rfc5424Layout.getId,toString
Rfc5424Layout.checkRequired,get
Rfc5424Layout.appendMap,entrySet
Rfc5424Layout.appendMap,check
Rfc5424Layout.appendMap,getKey
Rfc5424Layout.appendMap,getValue
Rfc5424Layout.appendMap,append
Rfc5424Layout.appendMap,sanitizeParamName
Rfc5424Layout.appendMap,escapeNewlines
Rfc5424Layout.appendMap,escapeParamValue
Rfc5424Layout.appendMap,appendKeyDqValue
Rfc5424Layout.sanitizeParamName,length
Rfc5424Layout.sanitizeParamName,sanitizeParamNameSlowPath
Rfc5424Layout.sanitizeParamName,isParamNameCharacterValid
Rfc5424Layout.sanitizeParamName,charAt
Rfc5424Layout.sanitizeParamNameSlowPath,min
Rfc5424Layout.sanitizeParamNameSlowPath,length
Rfc5424Layout.sanitizeParamNameSlowPath,charAt
Rfc5424Layout.sanitizeParamNameSlowPath,append
Rfc5424Layout.sanitizeParamNameSlowPath,isParamNameCharacterValid
Rfc5424Layout.sanitizeParamNameSlowPath,toString
Rfc5424Layout.escapeParamValue,length
Rfc5424Layout.escapeParamValue,charAt
Rfc5424Layout.escapeParamValue,substring
Rfc5424Layout.escapeParamValue,append
Rfc5424Layout.escapeParamValue,toString
Rfc5424Layout.toString,append
Rfc5424Layout.toString,name
Rfc5424Layout.toString,toString
Rfc5424Layout.createLayout,error
Rfc5424Layout.createLayout,newBuilder
Rfc5424Layout.createLayout,setConfiguration
Rfc5424Layout.createLayout,setFacility
Rfc5424Layout.createLayout,setId
Rfc5424Layout.createLayout,setEin
Rfc5424Layout.createLayout,valueOf
Rfc5424Layout.createLayout,setIncludeMDC
Rfc5424Layout.createLayout,setIncludeNL
Rfc5424Layout.createLayout,setEscapeNL
Rfc5424Layout.createLayout,setMdcId
Rfc5424Layout.createLayout,setMdcPrefix
Rfc5424Layout.createLayout,setEventPrefix
Rfc5424Layout.createLayout,setAppName
Rfc5424Layout.createLayout,setMessageId
Rfc5424Layout.createLayout,setExcludes
Rfc5424Layout.createLayout,setIncludes
Rfc5424Layout.createLayout,setRequired
Rfc5424Layout.createLayout,setCharset
Rfc5424Layout.createLayout,setExceptionPattern
Rfc5424Layout.createLayout,setUseTLSMessageFormat
Rfc5424Layout.createLayout,setLoggerFields
Rfc5424Layout.createLayout,build
Rfc5424Layout.setConfig,setConfiguration
Rfc5424Layout.build,toString
Rfc5424Layout.build,error
Rfc5424Layout.build,valueOf
Rfc5424Layout.build,matcher
Rfc5424Layout.build,matches
Rfc5424Layout.build,warn
Rfc5424Layout.build,format
Rfc5424Layout.build,getCharset
Rfc5424Layout.build,getConfiguration
Rfc5424Layout.format,size
Rfc5424Layout.format,entrySet
Rfc5424Layout.format,getValue
Rfc5424Layout.format,format
Rfc5424Layout.format,put
Rfc5424Layout.format,getKey
Rfc5424Layout.format,toString
Rfc5424Layout.discard,entrySet
Rfc5424Layout.discard,isNotEmpty
Rfc5424Layout.discard,getValue
Rfc5424Layout.union,putAll
Rfc5424LayoutBuilder.setConfig,setConfiguration
Rfc5424LayoutBuilder.build,toString
Rfc5424LayoutBuilder.build,error
Rfc5424LayoutBuilder.build,valueOf
Rfc5424LayoutBuilder.build,matcher
Rfc5424LayoutBuilder.build,matches
Rfc5424LayoutBuilder.build,warn
Rfc5424LayoutBuilder.build,format
Rfc5424LayoutBuilder.build,getCharset
Rfc5424LayoutBuilder.build,getConfiguration
FieldFormatter.format,size
FieldFormatter.format,entrySet
FieldFormatter.format,getValue
FieldFormatter.format,format
FieldFormatter.format,put
FieldFormatter.format,getKey
FieldFormatter.format,toString
StructuredDataElement.discard,entrySet
StructuredDataElement.discard,isNotEmpty
StructuredDataElement.discard,getValue
StructuredDataElement.union,putAll
ScriptPatternSelector.build,error
ScriptPatternSelector.build,getScriptManager
ScriptPatternSelector.build,getScript
ScriptPatternSelector.build,getId
ScriptPatternSelector.build,addScript
ScriptPatternSelector.build,warn
ScriptPatternSelector.getFormatters,putAll
ScriptPatternSelector.getFormatters,getProperties
ScriptPatternSelector.getFormatters,put
ScriptPatternSelector.getFormatters,getStrSubstitutor
ScriptPatternSelector.getFormatters,getScriptManager
ScriptPatternSelector.getFormatters,execute
ScriptPatternSelector.getFormatters,getId
ScriptPatternSelector.getFormatters,get
ScriptPatternSelector.getFormatters,toString
ScriptPatternSelector.createSelector,newBuilder
ScriptPatternSelector.createSelector,setScript
ScriptPatternSelector.createSelector,setProperties
ScriptPatternSelector.createSelector,setDefaultPattern
ScriptPatternSelector.createSelector,setAlwaysWriteExceptions
ScriptPatternSelector.createSelector,setNoConsoleNoAnsi
ScriptPatternSelector.createSelector,setConfiguration
ScriptPatternSelector.createSelector,build
ScriptPatternSelector.toString,entrySet
ScriptPatternSelector.toString,append
ScriptPatternSelector.toString,getKey
ScriptPatternSelector.toString,getValue
ScriptPatternSelector.toString,toString
StringBuilderEncoder.getThreadLocalState,get
StringBuilderEncoder.getThreadLocalState,newEncoder
StringBuilderEncoder.getThreadLocalState,onMalformedInput
StringBuilderEncoder.getThreadLocalState,onUnmappableCharacter
StringBuilderEncoder.getThreadLocalState,allocate
StringBuilderEncoder.getThreadLocalState,set
StringBuilderEncoder.logEncodeTextException,getLogger
StringBuilderEncoder.logEncodeTextException,error
LoggerFields.toString,toString
LoggerFields.createLoggerFields,put
LoggerFields.createLoggerFields,getKey
LoggerFields.createLoggerFields,getValue
AbstractStringLayout.setCharset,asBuilder
AbstractStringLayout.setFooterSerializer,asBuilder
AbstractStringLayout.setHeaderSerializer,asBuilder
AbstractStringLayout.toSerializable,append
AbstractStringLayout.toSerializable,toSerializable
AbstractStringLayout.getStringBuilder,getRecursionDepth
AbstractStringLayout.getStringBuilder,get
AbstractStringLayout.getStringBuilder,set
AbstractStringLayout.getStringBuilder,trimToMaxSize
AbstractStringLayout.getStringBuilder,setLength
AbstractStringLayout.size,getProperties
AbstractStringLayout.size,getIntegerProperty
AbstractStringLayout.trimToMaxSize,trimToMaxSize
AbstractStringLayout.getBytes,getBytes
AbstractStringLayout.getFooter,serializeToBytes
AbstractStringLayout.getHeader,serializeToBytes
AbstractStringLayout.getLogEventFactory,getInstance
AbstractStringLayout.getStringBuilderEncoder,getCharset
AbstractStringLayout.serializeToBytes,serializeToString
AbstractStringLayout.serializeToBytes,toBytes
AbstractStringLayout.serializeToBytes,getCharset
AbstractStringLayout.serializeToString,getRootLogger
AbstractStringLayout.serializeToString,getName
AbstractStringLayout.serializeToString,getLevel
AbstractStringLayout.serializeToString,getDefaultLevel
AbstractStringLayout.serializeToString,getLogEventFactory
AbstractStringLayout.serializeToString,createEvent
AbstractStringLayout.serializeToString,toSerializable
AbstractStringLayout.toByteArray,getBytes
AbstractStringLayout.toByteArray,toSerializable
Builder.setCharset,asBuilder
Builder.setFooterSerializer,asBuilder
Builder.setHeaderSerializer,asBuilder
CsvLogEventLayout.createDefaultLayout,forName
CsvLogEventLayout.createDefaultLayout,valueOf
CsvLogEventLayout.createLayout,forName
CsvLogEventLayout.createLayout,createFormat
CsvLogEventLayout.toSerializable,getStringBuilder
CsvLogEventLayout.toSerializable,getFormat
CsvLogEventLayout.toSerializable,print
CsvLogEventLayout.toSerializable,getNanoTime
CsvLogEventLayout.toSerializable,getTimeMillis
CsvLogEventLayout.toSerializable,getLevel
CsvLogEventLayout.toSerializable,getThreadId
CsvLogEventLayout.toSerializable,getThreadName
CsvLogEventLayout.toSerializable,getThreadPriority
CsvLogEventLayout.toSerializable,getMessage
CsvLogEventLayout.toSerializable,getFormattedMessage
CsvLogEventLayout.toSerializable,getLoggerFqcn
CsvLogEventLayout.toSerializable,getLoggerName
CsvLogEventLayout.toSerializable,getMarker
CsvLogEventLayout.toSerializable,getThrown
CsvLogEventLayout.toSerializable,getSource
CsvLogEventLayout.toSerializable,getContextData
CsvLogEventLayout.toSerializable,getContextStack
CsvLogEventLayout.toSerializable,println
CsvLogEventLayout.toSerializable,toString
CsvLogEventLayout.toSerializable,getLogger
CsvLogEventLayout.toSerializable,error
CsvLogEventLayout.toSerializable,getCommentMarker
AbstractCsvLayout.createFormat,valueOf
AbstractCsvLayout.createFormat,isNotNul
AbstractCsvLayout.createFormat,withDelimiter
AbstractCsvLayout.createFormat,withEscape
AbstractCsvLayout.createFormat,withQuote
AbstractCsvLayout.createFormat,withQuoteMode
AbstractCsvLayout.createFormat,withNullString
AbstractCsvLayout.createFormat,withRecordSeparator
AbstractCsvLayout.isNotNul,charValue
AbstractCsvLayout.getContentType,getCharset
HtmlLayout.getFontSize,values
HtmlLayout.getFontSize,equals
HtmlLayout.larger,ordinal
HtmlLayout.larger,values
HtmlLayout.addCharsetToContentType,getCharset
HtmlLayout.addCharsetToContentType,contains
HtmlLayout.toSerializable,getStringBuilder
HtmlLayout.toSerializable,append
HtmlLayout.toSerializable,getTimeMillis
HtmlLayout.toSerializable,format
HtmlLayout.toSerializable,escapeHtmlTags
HtmlLayout.toSerializable,getThreadName
HtmlLayout.toSerializable,getLevel
HtmlLayout.toSerializable,equals
HtmlLayout.toSerializable,valueOf
HtmlLayout.toSerializable,isMoreSpecificThan
HtmlLayout.toSerializable,getLoggerName
HtmlLayout.toSerializable,isEmpty
HtmlLayout.toSerializable,getSource
HtmlLayout.toSerializable,getFileName
HtmlLayout.toSerializable,getLineNumber
HtmlLayout.toSerializable,replaceAll
HtmlLayout.toSerializable,getMessage
HtmlLayout.toSerializable,getFormattedMessage
HtmlLayout.toSerializable,getContextStack
HtmlLayout.toSerializable,toString
HtmlLayout.toSerializable,getContextData
HtmlLayout.toSerializable,toMap
HtmlLayout.toSerializable,getThrown
HtmlLayout.toSerializable,appendThrowableAsHtml
HtmlLayout.appendThrowableAsHtml,printStackTrace
HtmlLayout.appendThrowableAsHtml,flush
HtmlLayout.appendThrowableAsHtml,toString
HtmlLayout.appendThrowableAsHtml,readLine
HtmlLayout.appendThrowableAsHtml,add
HtmlLayout.appendThrowableAsHtml,currentThread
HtmlLayout.appendThrowableAsHtml,interrupt
HtmlLayout.appendThrowableAsHtml,append
HtmlLayout.appendThrowableAsHtml,escapeHtmlTags
HtmlLayout.appendLs,append
HtmlLayout.append,append
HtmlLayout.getHeader,append
HtmlLayout.getHeader,appendLs
HtmlLayout.getHeader,getCharset
HtmlLayout.getHeader,toString
HtmlLayout.getHeader,getBytes
HtmlLayout.getFooter,appendLs
HtmlLayout.getFooter,getBytes
HtmlLayout.getFooter,toString
HtmlLayout.createLayout,getFontSize
HtmlLayout.createLayout,larger
HtmlLayout.createDefaultLayout,newBuilder
HtmlLayout.createDefaultLayout,build
HtmlLayout.build,getFontSize
HtmlLayout.build,larger
IncludeChecker.check,contains
IncludeChecker.toString,toString
ExcludeChecker.check,contains
ExcludeChecker.toString,toString
Activator.scanInstalledBundlesForPlugins,getBundles
Activator.scanInstalledBundlesForPlugins,scanBundleForPlugins
Activator.scanBundleForPlugins,getBundleId
Activator.scanBundleForPlugins,getState
Activator.scanBundleForPlugins,trace
Activator.scanBundleForPlugins,getSymbolicName
Activator.scanBundleForPlugins,getInstance
Activator.scanBundleForPlugins,loadFromBundle
Activator.scanBundleForPlugins,adapt
Activator.scanBundleForPlugins,getClassLoader
Activator.loadContextProviders,getServiceReferences
Activator.loadContextProviders,getService
Activator.loadContextProviders,add
Activator.loadContextProviders,error
Activator.stopBundlePlugins,trace
Activator.stopBundlePlugins,getSymbolicName
Activator.stopBundlePlugins,getInstance
Activator.stopBundlePlugins,clearBundlePlugins
Activator.stopBundlePlugins,getBundleId
BundleContextSelector.shutdown,get
BundleContextSelector.shutdown,remove
BundleContextSelector.shutdown,getLoggerContext
BundleContextSelector.shutdown,removeLoggerContext
BundleContextSelector.shutdown,getCallerClass
BundleContextSelector.shutdown,getBundle
BundleContextSelector.shutdown,stop
BundleContextSelector.shutdown,getBundleContext
BundleContextSelector.shutdown,getBundles
BundleContextSelector.getLoggerContext,requireNonNull
BundleContextSelector.getLoggerContext,getSymbolicName
BundleContextSelector.getLoggerContext,get
BundleContextSelector.removeLoggerContext,remove
BundleContextSelector.removeLoggerContext,getName
BundleContextSelector.hasContext,get
BundleContextSelector.hasContext,isStarted
BundleContextSelector.hasContext,hasContext
BundleContextSelector.hasContext,getCallerClass
BundleContextSelector.hasContext,getBundle
BundleContextSelector.hasContext,requireNonNull
BundleContextSelector.hasContext,getSymbolicName
BundleContextSelector.getContext,get
BundleContextSelector.getContext,getDefault
BundleContextSelector.getContext,locateContext
BundleContextSelector.getContext,getCallerClass
BundleContextSelector.getContext,getBundle
BundleContextSelector.locateContext,requireNonNull
BundleContextSelector.locateContext,getSymbolicName
BundleContextSelector.locateContext,get
BundleContextSelector.locateContext,putIfAbsent
BundleContextSelector.locateContext,compareAndSet
BundleContextSelector.locateContext,getConfigLocation
BundleContextSelector.locateContext,debug
BundleContextSelector.locateContext,setConfigLocation
BundleContextSelector.locateContext,equals
BundleContextSelector.locateContext,warn
AsyncLoggerContext.setName,setContextName
AsyncLoggerContext.start,start
AsyncLoggerContext.start,maybeStartHelper
AsyncLoggerContext.maybeStartHelper,getLogger
AsyncLoggerContext.maybeStartHelper,debug
AsyncLoggerContext.maybeStartHelper,getName
AsyncLoggerContext.maybeStartHelper,start
AsyncLoggerContext.stop,setStopping
AsyncLoggerContext.stop,stop
AsyncLoggerContext.createRingBufferAdmin,createRingBufferAdmin
AsyncLoggerContext.createRingBufferAdmin,getName
AsyncLoggerContext.setUseThreadLocals,setUseThreadLocals
DefaultAsyncWaitStrategyFactory.createWaitStrategy,getProperties
DefaultAsyncWaitStrategyFactory.createWaitStrategy,getStringProperty
DefaultAsyncWaitStrategyFactory.createWaitStrategy,trace
DefaultAsyncWaitStrategyFactory.createWaitStrategy,toRootUpperCase
DefaultAsyncWaitStrategyFactory.createWaitStrategy,parseAdditionalLongProperty
DefaultAsyncWaitStrategyFactory.createWaitStrategy,getFullPropertyKey
DefaultAsyncWaitStrategyFactory.createWaitStrategy,getIntegerProperty
DefaultAsyncWaitStrategyFactory.createWaitStrategy,createDefaultWaitStrategy
DefaultAsyncWaitStrategyFactory.createDefaultWaitStrategy,parseAdditionalLongProperty
DefaultAsyncWaitStrategyFactory.createDefaultWaitStrategy,trace
DefaultAsyncWaitStrategyFactory.createDefaultWaitStrategy,forName
DefaultAsyncWaitStrategyFactory.createDefaultWaitStrategy,getConstructor
DefaultAsyncWaitStrategyFactory.createDefaultWaitStrategy,newInstance
DefaultAsyncWaitStrategyFactory.createDefaultWaitStrategy,debug
DefaultAsyncWaitStrategyFactory.createDefaultWaitStrategy,getName
DefaultAsyncWaitStrategyFactory.getFullPropertyKey,startsWith
DefaultAsyncWaitStrategyFactory.parseAdditionalLongProperty,getFullPropertyKey
DefaultAsyncWaitStrategyFactory.parseAdditionalLongProperty,getProperties
DefaultAsyncWaitStrategyFactory.parseAdditionalLongProperty,getLongProperty
RingBufferLogEventHandler4.onEvent,isPopulated
RingBufferLogEventHandler4.onEvent,execute
RingBufferLogEventHandler4.onEvent,clear
RingBufferLogEventHandler4.onEvent,notifyCallback
RingBufferLogEventHandler4.notifyCallback,set
RingBufferLogEventHandler4.onStart,currentThread
RingBufferLogEventHandler4.onStart,getId
RingBufferLogEvent.setValues,setMessage
RingBufferLogEvent.setValues,initTime
RingBufferLogEvent.setValues,nanoTime
RingBufferLogEvent.initTime,initFromEpochMilli
RingBufferLogEvent.initTime,initFrom
RingBufferLogEvent.toImmutable,createMemento
RingBufferLogEvent.setMessage,formatTo
RingBufferLogEvent.setMessage,getMessageTextForWriting
RingBufferLogEvent.setMessage,getFormat
RingBufferLogEvent.setMessage,swapParameters
RingBufferLogEvent.setMessage,getParameterCount
RingBufferLogEvent.setMessage,makeMessageImmutable
RingBufferLogEvent.getMessageTextForWriting,setLength
RingBufferLogEvent.execute,actualAsyncLog
RingBufferLogEvent.getFormattedMessage,toString
RingBufferLogEvent.getFormattedMessage,getFormattedMessage
RingBufferLogEvent.getParameters,copyOf
RingBufferLogEvent.getThrowable,getThrown
RingBufferLogEvent.formatTo,append
RingBufferLogEvent.forEachParameter,accept
RingBufferLogEvent.memento,valueOf
RingBufferLogEvent.memento,getParameters
RingBufferLogEvent.length,length
RingBufferLogEvent.charAt,charAt
RingBufferLogEvent.subSequence,subSequence
RingBufferLogEvent.getContextMap,toMap
RingBufferLogEvent.getTimeMillis,getEpochMillisecond
RingBufferLogEvent.clear,clearMessage
RingBufferLogEvent.clear,clearContextData
RingBufferLogEvent.clearMessage,trimToMaxSize
RingBufferLogEvent.clearMessage,fill
RingBufferLogEvent.clearContextData,isFrozen
RingBufferLogEvent.clearContextData,clear
RingBufferLogEvent.writeReplace,serialize
RingBufferLogEvent.createMemento,toImmutable
RingBufferLogEvent.initializeBuilder,isFrozen
RingBufferLogEvent.initializeBuilder,createContextData
RingBufferLogEvent.initializeBuilder,putAll
RingBufferLogEvent.initializeBuilder,setContextData
RingBufferLogEvent.initializeBuilder,setContextStack
RingBufferLogEvent.initializeBuilder,setEndOfBatch
RingBufferLogEvent.initializeBuilder,setIncludeLocation
RingBufferLogEvent.initializeBuilder,setLevel
RingBufferLogEvent.initializeBuilder,getLevel
RingBufferLogEvent.initializeBuilder,setLoggerFqcn
RingBufferLogEvent.initializeBuilder,setLoggerName
RingBufferLogEvent.initializeBuilder,setMarker
RingBufferLogEvent.initializeBuilder,setMessage
RingBufferLogEvent.initializeBuilder,memento
RingBufferLogEvent.initializeBuilder,setNanoTime
RingBufferLogEvent.initializeBuilder,setSource
RingBufferLogEvent.initializeBuilder,setThreadId
RingBufferLogEvent.initializeBuilder,setThreadName
RingBufferLogEvent.initializeBuilder,setThreadPriority
RingBufferLogEvent.initializeBuilder,setThrown
RingBufferLogEvent.initializeBuilder,getThrown
RingBufferLogEvent.initializeBuilder,setInstant
BasicAsyncLoggerContextSelector.shutdown,getContext
BasicAsyncLoggerContextSelector.shutdown,isStarted
BasicAsyncLoggerContextSelector.shutdown,stop
BasicAsyncLoggerContextSelector.hasContext,getContext
BasicAsyncLoggerContextSelector.hasContext,isStarted
BasicAsyncLoggerContextSelector.getContext,get
BasicAsyncLoggerContextSelector.getLoggerContexts,singletonList
AsyncWaitStrategyFactoryConfig.newBuilder,asBuilder
AsyncWaitStrategyFactoryConfig.setFactoryClassName,requireNonEmpty
AsyncWaitStrategyFactoryConfig.setFactoryClassName,asBuilder
AsyncWaitStrategyFactoryConfig.withFactoryClassName,requireNonEmpty
AsyncWaitStrategyFactoryConfig.withFactoryClassName,asBuilder
AsyncWaitStrategyFactoryConfig.build,isValid
AsyncWaitStrategyFactoryConfig.createWaitStrategyFactory,newCheckedInstanceOf
AsyncWaitStrategyFactoryConfig.createWaitStrategyFactory,error
AsyncWaitStrategyFactoryConfig.createWaitStrategyFactory,info
AsyncWaitStrategyFactoryConfig.createWaitStrategyFactory,getMessage
Builder.setFactoryClassName,requireNonEmpty
Builder.setFactoryClassName,asBuilder
Builder.withFactoryClassName,requireNonEmpty
Builder.withFactoryClassName,asBuilder
DiscardingAsyncQueueFullPolicy.getRoute,isLessSpecificThan
DiscardingAsyncQueueFullPolicy.getRoute,getAndIncrement
DiscardingAsyncQueueFullPolicy.getRoute,warn
AsyncQueueFullPolicyFactory.create,getProperties
AsyncQueueFullPolicyFactory.create,getStringProperty
AsyncQueueFullPolicyFactory.create,isRouterSelected
AsyncQueueFullPolicyFactory.create,createDiscardingAsyncQueueFullPolicy
AsyncQueueFullPolicyFactory.create,createCustomRouter
AsyncQueueFullPolicyFactory.isRouterSelected,equalsIgnoreCase
AsyncQueueFullPolicyFactory.isRouterSelected,getName
AsyncQueueFullPolicyFactory.isRouterSelected,equals
AsyncQueueFullPolicyFactory.isRouterSelected,getSimpleName
AsyncQueueFullPolicyFactory.createCustomRouter,debug
AsyncQueueFullPolicyFactory.createCustomRouter,newCheckedInstanceOf
AsyncQueueFullPolicyFactory.createCustomRouter,getMessage
AsyncQueueFullPolicyFactory.createDiscardingAsyncQueueFullPolicy,getProperties
AsyncQueueFullPolicyFactory.createDiscardingAsyncQueueFullPolicy,getStringProperty
AsyncQueueFullPolicyFactory.createDiscardingAsyncQueueFullPolicy,name
AsyncQueueFullPolicyFactory.createDiscardingAsyncQueueFullPolicy,toLevel
AsyncQueueFullPolicyFactory.createDiscardingAsyncQueueFullPolicy,debug
AsyncLoggerConfigDisruptor.toString,valueOf
AsyncLoggerConfigDisruptor.onEvent,setEndOfBatch
AsyncLoggerConfigDisruptor.onEvent,logToAsyncLoggerConfigsOnCurrentThread
AsyncLoggerConfigDisruptor.onEvent,clear
AsyncLoggerConfigDisruptor.onEvent,notifyIntermediateProgress
AsyncLoggerConfigDisruptor.notifyIntermediateProgress,set
AsyncLoggerConfigDisruptor.createEventHandler,forName
AsyncLoggerConfigDisruptor.createEventHandler,getConstructor
AsyncLoggerConfigDisruptor.createEventHandler,newInstance
AsyncLoggerConfigDisruptor.createEventHandler,warn
AsyncLoggerConfigDisruptor.start,trace
AsyncLoggerConfigDisruptor.start,calculateRingBufferSize
AsyncLoggerConfigDisruptor.start,createWaitStrategy
AsyncLoggerConfigDisruptor.start,getId
AsyncLoggerConfigDisruptor.start,create
AsyncLoggerConfigDisruptor.start,getAsyncLoggerConfigExceptionHandler
AsyncLoggerConfigDisruptor.start,setDefaultExceptionHandler
AsyncLoggerConfigDisruptor.start,createEventHandler
AsyncLoggerConfigDisruptor.start,handleEventsWith
AsyncLoggerConfigDisruptor.start,debug
AsyncLoggerConfigDisruptor.start,getRingBuffer
AsyncLoggerConfigDisruptor.start,getBufferSize
AsyncLoggerConfigDisruptor.start,getClass
AsyncLoggerConfigDisruptor.start,getSimpleName
AsyncLoggerConfigDisruptor.start,start
AsyncLoggerConfigDisruptor.newThread,getId
AsyncLoggerConfigDisruptor.stop,trace
AsyncLoggerConfigDisruptor.stop,setStopping
AsyncLoggerConfigDisruptor.stop,hasBacklog
AsyncLoggerConfigDisruptor.stop,sleep
AsyncLoggerConfigDisruptor.stop,shutdown
AsyncLoggerConfigDisruptor.stop,warn
AsyncLoggerConfigDisruptor.stop,halt
AsyncLoggerConfigDisruptor.stop,getDiscardCount
AsyncLoggerConfigDisruptor.stop,setStopped
AsyncLoggerConfigDisruptor.hasBacklog,getRingBuffer
AsyncLoggerConfigDisruptor.hasBacklog,hasAvailableCapacity
AsyncLoggerConfigDisruptor.hasBacklog,getBufferSize
AsyncLoggerConfigDisruptor.getEventRoute,remainingDisruptorCapacity
AsyncLoggerConfigDisruptor.getEventRoute,getRoute
AsyncLoggerConfigDisruptor.remainingDisruptorCapacity,hasLog4jBeenShutDown
AsyncLoggerConfigDisruptor.remainingDisruptorCapacity,getRingBuffer
AsyncLoggerConfigDisruptor.remainingDisruptorCapacity,remainingCapacity
AsyncLoggerConfigDisruptor.hasLog4jBeenShutDown,warn
AsyncLoggerConfigDisruptor.enqueueEvent,prepareEvent
AsyncLoggerConfigDisruptor.enqueueEvent,enqueue
AsyncLoggerConfigDisruptor.enqueueEvent,warn
AsyncLoggerConfigDisruptor.enqueueEvent,getLevel
AsyncLoggerConfigDisruptor.enqueueEvent,getLoggerName
AsyncLoggerConfigDisruptor.enqueueEvent,getMessage
AsyncLoggerConfigDisruptor.enqueueEvent,getFormattedMessage
AsyncLoggerConfigDisruptor.enqueueEvent,getThrown
AsyncLoggerConfigDisruptor.enqueueEvent,toStringList
AsyncLoggerConfigDisruptor.prepareEvent,ensureImmutable
AsyncLoggerConfigDisruptor.prepareEvent,getMessage
AsyncLoggerConfigDisruptor.prepareEvent,toImmutable
AsyncLoggerConfigDisruptor.prepareEvent,showWarningAboutCustomLogEventWithReusableMessage
AsyncLoggerConfigDisruptor.prepareEvent,makeMessageImmutable
AsyncLoggerConfigDisruptor.showWarningAboutCustomLogEventWithReusableMessage,warn
AsyncLoggerConfigDisruptor.showWarningAboutCustomLogEventWithReusableMessage,getClass
AsyncLoggerConfigDisruptor.showWarningAboutCustomLogEventWithReusableMessage,getName
AsyncLoggerConfigDisruptor.showWarningAboutCustomLogEventWithReusableMessage,getMessage
AsyncLoggerConfigDisruptor.enqueue,synchronizeEnqueueWhenQueueFull
AsyncLoggerConfigDisruptor.enqueue,getRingBuffer
AsyncLoggerConfigDisruptor.enqueue,publishEvent
AsyncLoggerConfigDisruptor.synchronizeEnqueueWhenQueueFull,currentThread
AsyncLoggerConfigDisruptor.synchronizeEnqueueWhenQueueFull,getId
AsyncLoggerConfigDisruptor.tryEnqueue,prepareEvent
AsyncLoggerConfigDisruptor.tryEnqueue,getRingBuffer
AsyncLoggerConfigDisruptor.tryEnqueue,tryPublishEvent
AsyncLoggerConfigDisruptor.ensureImmutable,toImmutable
AsyncLoggerConfigDisruptor.createRingBufferAdmin,forAsyncLoggerConfig
AsyncLoggerConfigDisruptor.createRingBufferAdmin,getRingBuffer
Log4jEventWrapper.toString,valueOf
Log4jEventWrapperHandler.onEvent,setEndOfBatch
Log4jEventWrapperHandler.onEvent,logToAsyncLoggerConfigsOnCurrentThread
Log4jEventWrapperHandler.onEvent,clear
Log4jEventWrapperHandler.onEvent,notifyIntermediateProgress
Log4jEventWrapperHandler.notifyIntermediateProgress,set
InternalAsyncUtil.makeMessageImmutable,canFormatMessageInBackground
InternalAsyncUtil.makeMessageImmutable,getFormattedMessage
InternalAsyncUtil.canFormatMessageInBackground,getClass
InternalAsyncUtil.canFormatMessageInBackground,isAnnotationPresent
AsyncLoggerContextSelector.isSelected,getName
AsyncLoggerContextSelector.isSelected,equals
AsyncLoggerContextSelector.isSelected,getProperties
AsyncLoggerContextSelector.isSelected,getStringProperty
AsyncLoggerContextSelector.toContextMapKey,toHexString
AsyncLoggerContextSelector.toContextMapKey,identityHashCode
AsyncLoggerContextSelector.defaultContextName,currentThread
AsyncLoggerContextSelector.defaultContextName,getName
JCToolsBlockingQueueFactory.drainTo,drainTo
JCToolsBlockingQueueFactory.drainTo,capacity
JCToolsBlockingQueueFactory.drainTo,drain
JCToolsBlockingQueueFactory.drainTo,add
JCToolsBlockingQueueFactory.offer,nanoTime
JCToolsBlockingQueueFactory.offer,toNanos
JCToolsBlockingQueueFactory.offer,interrupted
JCToolsBlockingQueueFactory.offer,offer
JCToolsBlockingQueueFactory.offer,idle
JCToolsBlockingQueueFactory.offer,offerIfBelowThreshold
JCToolsBlockingQueueFactory.offer,capacity
JCToolsBlockingQueueFactory.poll,nanoTime
JCToolsBlockingQueueFactory.poll,toNanos
JCToolsBlockingQueueFactory.poll,interrupted
JCToolsBlockingQueueFactory.poll,poll
JCToolsBlockingQueueFactory.poll,idle
JCToolsBlockingQueueFactory.put,interrupted
JCToolsBlockingQueueFactory.put,offer
JCToolsBlockingQueueFactory.put,idle
JCToolsBlockingQueueFactory.remainingCapacity,capacity
JCToolsBlockingQueueFactory.remainingCapacity,size
JCToolsBlockingQueueFactory.take,interrupted
JCToolsBlockingQueueFactory.take,relaxedPoll
JCToolsBlockingQueueFactory.take,idle
JCToolsBlockingQueueFactory.idle,idle
MpscBlockingQueue.drainTo,drainTo
MpscBlockingQueue.drainTo,capacity
MpscBlockingQueue.drainTo,drain
MpscBlockingQueue.drainTo,add
MpscBlockingQueue.offer,nanoTime
MpscBlockingQueue.offer,toNanos
MpscBlockingQueue.offer,interrupted
MpscBlockingQueue.offer,offer
MpscBlockingQueue.offer,idle
MpscBlockingQueue.offer,offerIfBelowThreshold
MpscBlockingQueue.offer,capacity
MpscBlockingQueue.poll,nanoTime
MpscBlockingQueue.poll,toNanos
MpscBlockingQueue.poll,interrupted
MpscBlockingQueue.poll,poll
MpscBlockingQueue.poll,idle
MpscBlockingQueue.put,interrupted
MpscBlockingQueue.put,offer
MpscBlockingQueue.put,idle
MpscBlockingQueue.remainingCapacity,capacity
MpscBlockingQueue.remainingCapacity,size
MpscBlockingQueue.take,interrupted
MpscBlockingQueue.take,relaxedPoll
MpscBlockingQueue.take,idle
DisruptorUtil.detectDisruptorMajorVersion,forName
DisruptorUtil.detectDisruptorMajorVersion,getClassLoader
DisruptorUtil.createWaitStrategy,debug
DisruptorUtil.createWaitStrategy,createWaitStrategy
DisruptorUtil.createWaitStrategy,getClass
DisruptorUtil.createWaitStrategy,getName
DisruptorUtil.calculateRingBufferSize,getProperties
DisruptorUtil.calculateRingBufferSize,getStringProperty
DisruptorUtil.calculateRingBufferSize,valueOf
DisruptorUtil.calculateRingBufferSize,parseInt
DisruptorUtil.calculateRingBufferSize,warn
DisruptorUtil.calculateRingBufferSize,ceilingNextPowerOfTwo
DisruptorUtil.getAsyncLoggerExceptionHandler,newCheckedInstanceOfProperty
DisruptorUtil.getAsyncLoggerExceptionHandler,debug
DisruptorUtil.getAsyncLoggerExceptionHandler,getMessage
DisruptorUtil.getAsyncLoggerConfigExceptionHandler,newCheckedInstanceOfProperty
DisruptorUtil.getAsyncLoggerConfigExceptionHandler,debug
DisruptorUtil.getAsyncLoggerConfigExceptionHandler,getMessage
DisruptorUtil.getExecutorThreadId,submit
DisruptorUtil.getExecutorThreadId,currentThread
DisruptorUtil.getExecutorThreadId,getId
DisruptorUtil.getExecutorThreadId,get
AsyncLogger.updateConfiguration,getNanoClock
AsyncLogger.updateConfiguration,getLoggerConfig
AsyncLogger.updateConfiguration,isIncludeLocation
AsyncLogger.getCachedTranslator,get
AsyncLogger.getCachedTranslator,set
AsyncLogger.logMessage,getTranslatorType
AsyncLogger.logMessage,log
AsyncLogger.log,getTranslatorType
AsyncLogger.log,log
AsyncLogger.log,logWithThreadLocalTranslator
AsyncLogger.log,logWithVarargTranslator
AsyncLogger.getTranslatorType,isUseThreadLocals
AsyncLogger.logWithThreadLocalTranslator,getCachedTranslator
AsyncLogger.logWithThreadLocalTranslator,initTranslator
AsyncLogger.logWithThreadLocalTranslator,publish
AsyncLogger.publish,tryPublish
AsyncLogger.publish,handleRingBufferFull
AsyncLogger.handleRingBufferFull,getRecursionDepth
AsyncLogger.handleRingBufferFull,logWarningToStatusLogger
AsyncLogger.handleRingBufferFull,logMessageInCurrentThread
AsyncLogger.handleRingBufferFull,clear
AsyncLogger.handleRingBufferFull,getEventRoute
AsyncLogger.handleRingBufferFull,enqueueLogMessageWhenQueueFull
AsyncLogger.initTranslator,setBasicValues
AsyncLogger.initTranslator,getImmutableStack
AsyncLogger.initTranslator,calcLocationIfRequested
AsyncLogger.calcLocationIfRequested,calcLocation
AsyncLogger.logWithVarargTranslator,getDisruptor
AsyncLogger.logWithVarargTranslator,error
AsyncLogger.logWithVarargTranslator,isReused
AsyncLogger.logWithVarargTranslator,makeMessageImmutable
AsyncLogger.logWithVarargTranslator,getRingBuffer
AsyncLogger.logWithVarargTranslator,tryPublishEvent
AsyncLogger.logWithVarargTranslator,calcLocationIfRequested
AsyncLogger.logWithVarargTranslator,handleRingBufferFull
AsyncLogger.translateTo,getImmutableStack
AsyncLogger.translateTo,currentThread
AsyncLogger.translateTo,getThreadName
AsyncLogger.translateTo,setValues
AsyncLogger.translateTo,getName
AsyncLogger.translateTo,injectContextData
AsyncLogger.translateTo,getContextData
AsyncLogger.translateTo,getId
AsyncLogger.translateTo,getPriority
AsyncLogger.logMessageInCurrentThread,getReliabilityStrategy
AsyncLogger.logMessageInCurrentThread,log
AsyncLogger.logMessageInCurrentThread,getName
AsyncLogger.actualAsyncLog,getPropertyList
AsyncLogger.actualAsyncLog,onPropertiesPresent
AsyncLogger.actualAsyncLog,getReliabilityStrategy
AsyncLogger.actualAsyncLog,log
AsyncLogger.onPropertiesPresent,getContextData
AsyncLogger.onPropertiesPresent,size
AsyncLogger.onPropertiesPresent,get
AsyncLogger.onPropertiesPresent,getValue
AsyncLogger.onPropertiesPresent,getName
AsyncLogger.onPropertiesPresent,evaluate
AsyncLogger.onPropertiesPresent,getStrSubstitutor
AsyncLogger.onPropertiesPresent,putValue
AsyncLogger.onPropertiesPresent,setContextData
AsyncLogger.getContextData,getContextData
AsyncLogger.getContextData,isFrozen
AsyncLogger.getContextData,createContextData
AsyncLogger.getContextData,putAll
TimeoutBlockingWaitStrategy.waitFor,get
TimeoutBlockingWaitStrategy.waitFor,checkAlert
TimeoutBlockingWaitStrategy.waitFor,awaitNanos
TimeoutBlockingWaitStrategy.signalAllWhenBlocking,notifyAll
TimeoutBlockingWaitStrategy.awaitNanos,nanoTime
TimeoutBlockingWaitStrategy.awaitNanos,wait
DefaultAsyncQueueFullPolicy.getRoute,currentThread
DefaultAsyncQueueFullPolicy.getRoute,getId
AsyncLoggerConfig.newAsyncBuilder,asBuilder
AsyncLoggerConfig.build,getLoggerName
AsyncLoggerConfig.build,equals
AsyncLoggerConfig.build,getLevelAndRefs
AsyncLoggerConfig.build,getLevel
AsyncLoggerConfig.build,getRefs
AsyncLoggerConfig.build,getConfig
AsyncLoggerConfig.build,getFilter
AsyncLoggerConfig.build,isAdditivity
AsyncLoggerConfig.build,getProperties
AsyncLoggerConfig.build,shouldIncludeLocation
AsyncLoggerConfig.build,getIncludeLocation
AsyncLoggerConfig.log,get
AsyncLoggerConfig.log,hasAppenders
AsyncLoggerConfig.log,set
AsyncLoggerConfig.log,isFiltered
AsyncLoggerConfig.log,processLogEvent
AsyncLoggerConfig.log,logToAsyncDelegate
AsyncLoggerConfig.logToAsyncDelegate,populateLazilyInitializedFields
AsyncLoggerConfig.logToAsyncDelegate,tryEnqueue
AsyncLoggerConfig.logToAsyncDelegate,handleQueueFull
AsyncLoggerConfig.handleQueueFull,getRecursionDepth
AsyncLoggerConfig.handleQueueFull,logWarningToStatusLogger
AsyncLoggerConfig.handleQueueFull,logToAsyncLoggerConfigsOnCurrentThread
AsyncLoggerConfig.handleQueueFull,getEventRoute
AsyncLoggerConfig.handleQueueFull,getLevel
AsyncLoggerConfig.handleQueueFull,logMessage
AsyncLoggerConfig.populateLazilyInitializedFields,getSource
AsyncLoggerConfig.populateLazilyInitializedFields,getThreadId
AsyncLoggerConfig.populateLazilyInitializedFields,getThreadName
AsyncLoggerConfig.populateLazilyInitializedFields,getThreadPriority
AsyncLoggerConfig.logInBackgroundThread,enqueueEvent
AsyncLoggerConfig.logToAsyncLoggerConfigsOnCurrentThread,processLogEvent
AsyncLoggerConfig.displayName,equals
AsyncLoggerConfig.displayName,getName
AsyncLoggerConfig.start,trace
AsyncLoggerConfig.start,displayName
AsyncLoggerConfig.stop,setStopping
AsyncLoggerConfig.stop,trace
AsyncLoggerConfig.stop,displayName
AsyncLoggerConfig.stop,setStopped
AsyncLoggerConfig.createRingBufferAdmin,createRingBufferAdmin
AsyncLoggerConfig.createRingBufferAdmin,getName
AsyncLoggerConfig.createLogger,error
AsyncLoggerConfig.createLogger,asList
AsyncLoggerConfig.createLogger,toLevel
AsyncLoggerConfig.createLogger,equals
AsyncLoggerConfig.createLogger,parseBoolean
AsyncLoggerConfig.createLogger,shouldIncludeLocation
AsyncLoggerConfig.includeLocation,shouldIncludeLocation
AsyncLoggerConfig.shouldIncludeLocation,parseBoolean
AsyncLoggerConfig.newAsyncRootBuilder,asBuilder
RootLogger.newAsyncRootBuilder,asBuilder
AbstractAsyncExceptionHandler.handleEventException,print
AbstractAsyncExceptionHandler.handleEventException,getClass
AbstractAsyncExceptionHandler.handleEventException,getName
AbstractAsyncExceptionHandler.handleEventException,getMessage
AbstractAsyncExceptionHandler.handleEventException,println
AbstractAsyncExceptionHandler.handleEventException,printStackTrace
AbstractAsyncExceptionHandler.handleOnStartException,println
AbstractAsyncExceptionHandler.handleOnStartException,printStackTrace
AbstractAsyncExceptionHandler.handleOnShutdownException,println
AbstractAsyncExceptionHandler.handleOnShutdownException,printStackTrace
AsyncLoggerDisruptor.createEventHandler,forName
AsyncLoggerDisruptor.createEventHandler,getConstructor
AsyncLoggerDisruptor.createEventHandler,newInstance
AsyncLoggerDisruptor.createEventHandler,warn
AsyncLoggerDisruptor.start,trace
AsyncLoggerDisruptor.start,isStarting
AsyncLoggerDisruptor.start,setStarting
AsyncLoggerDisruptor.start,calculateRingBufferSize
AsyncLoggerDisruptor.start,get
AsyncLoggerDisruptor.start,createWaitStrategy
AsyncLoggerDisruptor.start,getId
AsyncLoggerDisruptor.start,create
AsyncLoggerDisruptor.start,getAsyncLoggerExceptionHandler
AsyncLoggerDisruptor.start,setDefaultExceptionHandler
AsyncLoggerDisruptor.start,createEventHandler
AsyncLoggerDisruptor.start,handleEventsWith
AsyncLoggerDisruptor.start,debug
AsyncLoggerDisruptor.start,getRingBuffer
AsyncLoggerDisruptor.start,getBufferSize
AsyncLoggerDisruptor.start,getClass
AsyncLoggerDisruptor.start,getSimpleName
AsyncLoggerDisruptor.start,start
AsyncLoggerDisruptor.newThread,getId
AsyncLoggerDisruptor.stop,getDisruptor
AsyncLoggerDisruptor.stop,trace
AsyncLoggerDisruptor.stop,setStopping
AsyncLoggerDisruptor.stop,debug
AsyncLoggerDisruptor.stop,hasBacklog
AsyncLoggerDisruptor.stop,sleep
AsyncLoggerDisruptor.stop,shutdown
AsyncLoggerDisruptor.stop,warn
AsyncLoggerDisruptor.stop,halt
AsyncLoggerDisruptor.stop,getDiscardCount
AsyncLoggerDisruptor.stop,setStopped
AsyncLoggerDisruptor.hasBacklog,getRingBuffer
AsyncLoggerDisruptor.hasBacklog,hasAvailableCapacity
AsyncLoggerDisruptor.hasBacklog,getBufferSize
AsyncLoggerDisruptor.createRingBufferAdmin,getRingBuffer
AsyncLoggerDisruptor.createRingBufferAdmin,forAsyncLogger
AsyncLoggerDisruptor.getEventRoute,remainingDisruptorCapacity
AsyncLoggerDisruptor.getEventRoute,getRoute
AsyncLoggerDisruptor.remainingDisruptorCapacity,hasLog4jBeenShutDown
AsyncLoggerDisruptor.remainingDisruptorCapacity,getRingBuffer
AsyncLoggerDisruptor.remainingDisruptorCapacity,remainingCapacity
AsyncLoggerDisruptor.hasLog4jBeenShutDown,warn
AsyncLoggerDisruptor.tryPublish,getRingBuffer
AsyncLoggerDisruptor.tryPublish,tryPublishEvent
AsyncLoggerDisruptor.tryPublish,logWarningOnNpeFromDisruptorPublish
AsyncLoggerDisruptor.enqueueLogMessageWhenQueueFull,synchronizeEnqueueWhenQueueFull
AsyncLoggerDisruptor.enqueueLogMessageWhenQueueFull,publishEvent
AsyncLoggerDisruptor.enqueueLogMessageWhenQueueFull,logWarningOnNpeFromDisruptorPublish
AsyncLoggerDisruptor.enqueueLogMessageWhenQueueFull,getRingBuffer
AsyncLoggerDisruptor.synchronizeEnqueueWhenQueueFull,currentThread
AsyncLoggerDisruptor.synchronizeEnqueueWhenQueueFull,getId
AsyncLoggerDisruptor.logWarningOnNpeFromDisruptorPublish,logWarningOnNpeFromDisruptorPublish
AsyncLoggerDisruptor.logWarningOnNpeFromDisruptorPublish,warn
AsyncLoggerDisruptor.logWarningOnNpeFromDisruptorPublish,getFormattedMessage
AsyncLoggerDisruptor.logWarningOnNpeFromDisruptorPublish,toStringList
AsyncLoggerDisruptor.setUseThreadLocals,trace
RingBufferLogEventTranslator.translateTo,getContextData
RingBufferLogEventTranslator.translateTo,setValues
RingBufferLogEventTranslator.translateTo,injectContextData
RingBufferLogEventTranslator.translateTo,clear
RingBufferLogEventTranslator.clear,setBasicValues
RingBufferLogEventTranslator.updateThreadValues,currentThread
RingBufferLogEventTranslator.updateThreadValues,getId
RingBufferLogEventTranslator.updateThreadValues,getName
RingBufferLogEventTranslator.updateThreadValues,getPriority
AsyncQueueFullMessageUtil.logWarningToStatusLogger,getLogger
AsyncQueueFullMessageUtil.logWarningToStatusLogger,warn
StrSubstitutor.replace,replace
StrSubstitutor.replace,toString
StrSubstitutor.replace,propertyNames
StrSubstitutor.replace,hasMoreElements
StrSubstitutor.replace,nextElement
StrSubstitutor.replace,getProperty
StrSubstitutor.replace,put
StrSubstitutor.replace,substitute
StrSubstitutor.replace,length
StrSubstitutor.replace,handleFailedReplacement
StrSubstitutor.replace,append
StrSubstitutor.replace,substring
StrSubstitutor.replace,valueOf
StrSubstitutor.toTypeSafeMap,size
StrSubstitutor.toTypeSafeMap,stringPropertyNames
StrSubstitutor.toTypeSafeMap,put
StrSubstitutor.toTypeSafeMap,getProperty
StrSubstitutor.handleFailedReplacement,getLogger
StrSubstitutor.handleFailedReplacement,error
StrSubstitutor.replaceIn,replaceIn
StrSubstitutor.replaceIn,length
StrSubstitutor.replaceIn,append
StrSubstitutor.replaceIn,substitute
StrSubstitutor.replaceIn,getLogger
StrSubstitutor.replaceIn,error
StrSubstitutor.replaceIn,replace
StrSubstitutor.replaceIn,toString
StrSubstitutor.substitute,substitute
StrSubstitutor.substitute,getVariablePrefixMatcher
StrSubstitutor.substitute,getVariableSuffixMatcher
StrSubstitutor.substitute,getEscapeChar
StrSubstitutor.substitute,getValueDelimiterMatcher
StrSubstitutor.substitute,isEnableSubstitutionInVariables
StrSubstitutor.substitute,getChars
StrSubstitutor.substitute,isMatch
StrSubstitutor.substitute,deleteCharAt
StrSubstitutor.substitute,length
StrSubstitutor.substitute,toString
StrSubstitutor.substitute,toCharArray
StrSubstitutor.substitute,substring
StrSubstitutor.substitute,add
StrSubstitutor.substitute,isCyclicSubstitution
StrSubstitutor.substitute,resolveVariable
StrSubstitutor.substitute,value
StrSubstitutor.substitute,replace
StrSubstitutor.substitute,isLookupEvaluationAllowedInValue
StrSubstitutor.substitute,remove
StrSubstitutor.substitute,size
StrSubstitutor.isCyclicSubstitution,contains
StrSubstitutor.isCyclicSubstitution,add
StrSubstitutor.isCyclicSubstitution,append
StrSubstitutor.isCyclicSubstitution,appendWithSeparators
StrSubstitutor.isCyclicSubstitution,getLogger
StrSubstitutor.isCyclicSubstitution,warn
StrSubstitutor.resolveVariable,getVariableResolver
StrSubstitutor.resolveVariable,evaluate
StrSubstitutor.resolveVariable,getLogger
StrSubstitutor.resolveVariable,error
StrSubstitutor.setVariablePrefix,setVariablePrefixMatcher
StrSubstitutor.setVariablePrefix,charMatcher
StrSubstitutor.setVariablePrefix,stringMatcher
StrSubstitutor.setVariableSuffix,setVariableSuffixMatcher
StrSubstitutor.setVariableSuffix,charMatcher
StrSubstitutor.setVariableSuffix,stringMatcher
StrSubstitutor.setValueDelimiter,setValueDelimiterMatcher
StrSubstitutor.setValueDelimiter,charMatcher
StrSubstitutor.setValueDelimiter,isEmpty
StrSubstitutor.setValueDelimiter,substring
StrSubstitutor.setValueDelimiter,length
StrSubstitutor.setValueDelimiter,stringMatcher
StrSubstitutor.getChars,length
StrSubstitutor.getChars,getChars
StrSubstitutor.appendWithSeparators,iterator
StrSubstitutor.appendWithSeparators,hasNext
StrSubstitutor.appendWithSeparators,append
StrSubstitutor.appendWithSeparators,next
StrSubstitutor.toString,toString
EventLookup.lookup,getMarker
EventLookup.lookup,getName
EventLookup.lookup,getThreadName
EventLookup.lookup,getLevel
EventLookup.lookup,toString
EventLookup.lookup,getThreadId
EventLookup.lookup,getTimeMillis
EventLookup.lookup,getThrown
EventLookup.lookup,getClass
EventLookup.lookup,getSimpleName
EventLookup.lookup,getThrownProxy
EventLookup.lookup,getLoggerName
EventLookup.lookup,getMessage
EventLookup.lookup,getFormattedMessage
StructuredDataLookup.lookup,getMessage
StructuredDataLookup.lookup,equalsIgnoreCase
StructuredDataLookup.lookup,getId
StructuredDataLookup.lookup,getName
StructuredDataLookup.lookup,getType
StructuredDataLookup.lookup,get
MainMapLookup.setMainArguments,initMap
MainMapLookup.setMainArguments,getMap
MainMapLookup.lookup,getMap
MainMapLookup.lookup,get
UpperLookup.lookup,toRootUpperCase
UpperLookup.lookup,lookup
AbstractLookup.lookup,lookup
AbstractLookup.evaluate,evaluate
MarkerLookup.lookup,getMarker
MarkerLookup.lookup,getName
MarkerLookup.lookup,exists
PropertiesLookup.lookup,lookup
PropertiesLookup.lookup,evaluate
PropertiesLookup.lookup,value
PropertiesLookup.evaluate,get
PropertiesLookup.evaluate,evaluate
PropertiesLookup.createConfigurationPropertyMap,put
PropertiesLookup.createConfigurationPropertyMap,getName
PropertiesLookup.createConfigurationPropertyMap,getRawValue
Log4jLookup.asPath,getScheme
Log4jLookup.asPath,equals
Log4jLookup.asPath,getPath
Log4jLookup.asPath,toString
Log4jLookup.getParent,toString
Log4jLookup.getParent,lastIndexOf
Log4jLookup.getParent,substring
Log4jLookup.lookup,getConfigurationSource
Log4jLookup.lookup,getFile
Log4jLookup.lookup,getAbsolutePath
Log4jLookup.lookup,getParentFile
Log4jLookup.lookup,getURL
Log4jLookup.lookup,asPath
Log4jLookup.lookup,toURI
Log4jLookup.lookup,getParent
Log4jLookup.lookup,error
EnvironmentLookup.lookup,getenv
DateLookup.lookup,formatDate
DateLookup.lookup,currentTimeMillis
DateLookup.lookup,lookup
DateLookup.lookup,getTimeMillis
DateLookup.formatDate,error
DateLookup.formatDate,getInstance
DateLookup.formatDate,format
JndiLookup.lookup,convertJndiName
JndiLookup.lookup,getDefaultManager
JndiLookup.lookup,toString
JndiLookup.lookup,lookup
JndiLookup.lookup,warn
JndiLookup.convertJndiName,startsWith
JndiLookup.convertJndiName,indexOf
ResourceBundleLookup.lookup,split
ResourceBundleLookup.lookup,warn
ResourceBundleLookup.lookup,getBundle
ResourceBundleLookup.lookup,getString
SystemPropertiesLookup.lookup,getProperty
SystemPropertiesLookup.lookup,warn
StrMatcher.charSetMatcher,isEmpty
StrMatcher.charSetMatcher,length
StrMatcher.charSetMatcher,charAt
StrMatcher.charSetMatcher,toCharArray
StrMatcher.stringMatcher,isEmpty
StrMatcher.isMatch,isMatch
StrMatcher.isMatch,binarySearch
StrMatcher.toString,toString
CharSetMatcher.isMatch,binarySearch
StringMatcher.toString,toString
JavaLookup.getHardware,getRuntime
JavaLookup.getHardware,availableProcessors
JavaLookup.getHardware,getSystemProperty
JavaLookup.getLocale,getDefault
JavaLookup.getLocale,getSystemProperty
JavaLookup.getOperatingSystem,getSystemProperty
JavaLookup.getRuntime,getSystemProperty
JavaLookup.getSystemProperty,lookup
JavaLookup.getSystemProperty,getSystemProperty
JavaLookup.getSystemProperty,isEmpty
JavaLookup.getVirtualMachine,getSystemProperty
JavaLookup.lookup,getSystemProperty
JavaLookup.lookup,getRuntime
JavaLookup.lookup,getVirtualMachine
JavaLookup.lookup,getOperatingSystem
JavaLookup.lookup,getHardware
JavaLookup.lookup,getLocale
ContextMapLookup.lookup,toString
ContextMapLookup.lookup,getValue
ContextMapLookup.lookup,getContextData
LowerLookup.lookup,toRootLowerCase
Interpolator.handleError,warn
Interpolator.handleError,info
Interpolator.handleError,getMessage
Interpolator.handleError,error
Interpolator.lookup,evaluate
Interpolator.lookup,value
Interpolator.evaluate,indexOf
Interpolator.evaluate,toRootLowerCase
Interpolator.evaluate,substring
Interpolator.evaluate,get
Interpolator.evaluate,evaluate
Interpolator.setConfiguration,values
Interpolator.setLoggerContext,values
Interpolator.toString,keySet
Interpolator.toString,length
Interpolator.toString,append
Interpolator.toString,toString
MapLookup.initMap,put
MapLookup.initMap,toString
MapLookup.setMainArguments,setMainArguments
MapLookup.toMap,size
MapLookup.toMap,initMap
MapLookup.toMap,toArray
MapLookup.toMap,newMap
MapLookup.lookup,getMessage
MapLookup.lookup,get
ExtendedThreadInformation.printThreadInfo,appendDqValue
ExtendedThreadInformation.printThreadInfo,getThreadName
ExtendedThreadInformation.printThreadInfo,append
ExtendedThreadInformation.printThreadInfo,getThreadId
ExtendedThreadInformation.printThreadInfo,formatState
ExtendedThreadInformation.printThreadInfo,isSuspended
ExtendedThreadInformation.printThreadInfo,isInNative
ExtendedThreadInformation.printStack,append
ExtendedThreadInformation.printStack,toString
ExtendedThreadInformation.printStack,getLockInfo
ExtendedThreadInformation.printStack,getThreadState
ExtendedThreadInformation.printStack,formatLock
ExtendedThreadInformation.printStack,getLockedMonitors
ExtendedThreadInformation.printStack,getLockedStackDepth
ExtendedThreadInformation.printStack,getLockedSynchronizers
ExtendedThreadInformation.formatLock,append
ExtendedThreadInformation.formatLock,getIdentityHashCode
ExtendedThreadInformation.formatLock,getClassName
ExtendedThreadInformation.formatState,getThreadState
ExtendedThreadInformation.formatState,append
ExtendedThreadInformation.formatState,getLockOwnerId
ExtendedThreadInformation.formatState,getLockOwnerName
ExtendedThreadInformation.formatState,getFirstStackTraceElement
ExtendedThreadInformation.formatState,getClassName
ExtendedThreadInformation.formatState,getMethodName
ExtendedThreadInformation.formatState,equals
ExtendedThreadInformation.getFirstStackTraceElement,getStackTrace
ExtendedThreadInfoFactory.createThreadInfo,getThreadMXBean
ExtendedThreadInfoFactory.createThreadInfo,dumpAllThreads
ExtendedThreadInfoFactory.createThreadInfo,put
ExtendedThreadInfoFactory.createThreadInfo,getStackTrace
AbstractJacksonLogEventParser.parseFrom,readValue
ScriptFile.createScript,error
ScriptFile.createScript,toURI
ScriptFile.createScript,fileFromUri
ScriptFile.createScript,getFileExtension
ScriptFile.createScript,getByExtension
ScriptFile.createScript,getLanguage
ScriptFile.createScript,info
ScriptFile.createScript,defaultCharset
ScriptFile.createScript,toURL
ScriptFile.createScript,openStream
ScriptFile.createScript,toString
ScriptFile.createScript,getClass
ScriptFile.createScript,getSimpleName
ScriptFile.createScript,get
ScriptFile.toString,getId
ScriptFile.toString,append
ScriptFile.toString,getLanguage
ScriptFile.toString,toString
ScriptManager.createBindings,put
ScriptManager.createBindings,getScriptRunner
ScriptManager.createBindings,createBindings
ScriptManager.addScript,contains
ScriptManager.addScript,toRootLowerCase
ScriptManager.addScript,getLanguage
ScriptManager.addScript,getEngineByName
ScriptManager.addScript,error
ScriptManager.addScript,getFactory
ScriptManager.addScript,getParameter
ScriptManager.addScript,put
ScriptManager.addScript,getId
ScriptManager.addScript,getPath
ScriptManager.addScript,isWatched
ScriptManager.addScript,watchFile
ScriptManager.addScript,toFile
ScriptManager.getScript,get
ScriptManager.getScript,getScript
ScriptManager.fileModified,get
ScriptManager.fileModified,toString
ScriptManager.fileModified,info
ScriptManager.fileModified,getName
ScriptManager.fileModified,getScriptEngine
ScriptManager.fileModified,getScript
ScriptManager.fileModified,getFactory
ScriptManager.fileModified,getParameter
ScriptManager.fileModified,put
ScriptManager.fileModified,getId
ScriptManager.execute,get
ScriptManager.execute,warn
ScriptManager.execute,doPrivileged
ScriptManager.execute,execute
ScriptManager.execute,eval
ScriptManager.execute,error
ScriptManager.execute,getId
ScriptManager.execute,getScriptText
ScriptManager.initialValue,getEngineByName
ScriptManager.initialValue,getLanguage
ScriptManager.getScriptEngine,get
ScriptManager.getScriptEngine,getScriptEngine
ScriptManager.getScriptRunner,get
ScriptManager.getScriptRunner,getId
AbstractScriptRunner.createBindings,put
MainScriptRunner.execute,eval
MainScriptRunner.execute,error
MainScriptRunner.execute,getId
MainScriptRunner.execute,getScriptText
ThreadLocalScriptRunner.initialValue,getEngineByName
ThreadLocalScriptRunner.initialValue,getLanguage
ThreadLocalScriptRunner.execute,get
ThreadLocalScriptRunner.execute,execute
ThreadLocalScriptRunner.getScriptEngine,get
ThreadLocalScriptRunner.getScriptEngine,getScriptEngine
Script.createScript,error
Script.toString,getName
ScriptRef.getLanguage,getScript
ScriptRef.getLanguage,getId
ScriptRef.getLanguage,getLanguage
ScriptRef.getScriptText,getScript
ScriptRef.getScriptText,getId
ScriptRef.getScriptText,getScriptText
ScriptRef.createReference,error
ScriptRef.createReference,getScriptManager
ScriptRef.toString,getId
MutableInstant.initFrom,getEpochSecond
MutableInstant.initFrom,getNanoOfSecond
MutableInstant.initFrom,initFromEpochMilli
MutableInstant.initFrom,currentTimeMillis
MutableInstant.initFromEpochMilli,validateNanoOfMillisecond
MutableInstant.initFromEpochSecond,validateNanoOfSecond
MutableInstant.isSupported,isSupportedBy
MutableInstant.getLong,getFrom
MutableInstant.get,checkValidIntValue
MutableInstant.get,range
MutableInstant.get,getFrom
MutableInstant.query,precision
MutableInstant.query,chronology
MutableInstant.query,zoneId
MutableInstant.query,zone
MutableInstant.query,offset
MutableInstant.query,localDate
MutableInstant.query,localTime
MutableInstant.query,queryFrom
MutableInstant.toString,formatTo
MutableInstant.toString,toString
MutableInstant.formatTo,append
FixedPreciseClock.init,initFromEpochMilli
NoMarkerFilter.filter,filter
NoMarkerFilter.filter,getMarker
NoMarkerFilter.build,getOnMatch
NoMarkerFilter.build,getOnMismatch
RegexFilter.filter,filter
RegexFilter.filter,format
RegexFilter.filter,toString
RegexFilter.filter,targetMessageTest
RegexFilter.filter,getMessage
RegexFilter.filter,matcher
RegexFilter.filter,matches
RegexFilter.targetMessageTest,getFormat
RegexFilter.targetMessageTest,getFormattedMessage
RegexFilter.toString,append
RegexFilter.toString,toString
RegexFilter.createFilter,error
RegexFilter.createFilter,equals
RegexFilter.createFilter,compile
RegexFilter.createFilter,toPatternFlags
RegexFilter.toPatternFlags,getDeclaredFields
RegexFilter.toPatternFlags,getName
RegexFilter.toPatternFlags,compareTo
RegexFilter.toPatternFlags,sort
RegexFilter.toPatternFlags,binarySearch
RegexFilter.toPatternFlags,getInt
ScriptFilter.filter,put
ScriptFilter.filter,putAll
ScriptFilter.filter,getProperties
ScriptFilter.filter,getStrSubstitutor
ScriptFilter.filter,getScriptManager
ScriptFilter.filter,execute
ScriptFilter.filter,getId
ScriptFilter.filter,equals
ScriptFilter.toString,getId
ScriptFilter.createFilter,error
ScriptFilter.createFilter,getScriptManager
ScriptFilter.createFilter,getScript
ScriptFilter.createFilter,getId
ScriptFilter.createFilter,addScript
MapFilter.filter,filter
MapFilter.filter,getMessage
MapFilter.filter,size
MapFilter.filter,get
MapFilter.filter,getKeyAt
MapFilter.filter,getValueAt
MapFilter.filter,getValue
MapFilter.toString,append
MapFilter.toString,size
MapFilter.toString,getValueAt
MapFilter.toString,get
MapFilter.toString,toString
MapFilter.toString,getKeyAt
MapFilter.getMap,size
MapFilter.getMap,forEach
MapFilter.getMap,put
MapFilter.createFilter,error
MapFilter.createFilter,getKey
MapFilter.createFilter,getValue
MapFilter.createFilter,get
MapFilter.createFilter,add
MapFilter.createFilter,put
MapFilter.createFilter,isEmpty
MapFilter.createFilter,equalsIgnoreCase
LevelMatchFilter.filter,filter
LevelMatchFilter.filter,getLevel
LevelMatchFilter.toString,toString
LevelMatchFilter.build,getOnMatch
LevelMatchFilter.build,getOnMismatch
StringMatchFilter.filter,filter
StringMatchFilter.filter,getMessageFactory
StringMatchFilter.filter,newMessage
StringMatchFilter.filter,getFormattedMessage
StringMatchFilter.filter,getMessage
StringMatchFilter.filter,contains
StringMatchFilter.setMatchString,requireNonEmpty
StringMatchFilter.setText,requireNonEmpty
StringMatchFilter.build,isValid
StringMatchFilter.build,getOnMatch
StringMatchFilter.build,getOnMismatch
Builder.setMatchString,requireNonEmpty
Builder.setText,requireNonEmpty
MutableThreadContextMapFilter.start,scheduleWithFixedDelay
MutableThreadContextMapFilter.start,debug
MutableThreadContextMapFilter.start,toString
MutableThreadContextMapFilter.stop,cancel
MutableThreadContextMapFilter.registerListener,add
MutableThreadContextMapFilter.filter,filter
MutableThreadContextMapFilter.build,getSource
MutableThreadContextMapFilter.build,getOnMatch
MutableThreadContextMapFilter.build,getOnMismatch
MutableThreadContextMapFilter.build,authorizationProvider
MutableThreadContextMapFilter.build,getProperties
MutableThreadContextMapFilter.build,getConfig
MutableThreadContextMapFilter.build,createFilter
MutableThreadContextMapFilter.build,warn
MutableThreadContextMapFilter.build,getScheduler
MutableThreadContextMapFilter.build,incrementScheduledItems
MutableThreadContextMapFilter.run,getConfig
MutableThreadContextMapFilter.run,createFilter
MutableThreadContextMapFilter.run,getOnMatch
MutableThreadContextMapFilter.run,getOnMismatch
MutableThreadContextMapFilter.run,info
MutableThreadContextMapFilter.run,toString
MutableThreadContextMapFilter.run,debug
MutableThreadContextMapFilter.run,onEvent
MutableThreadContextMapFilter.getSource,getScheme
MutableThreadContextMapFilter.getConfig,getFile
MutableThreadContextMapFilter.getConfig,getLastModified
MutableThreadContextMapFilter.getConfig,getURI
MutableThreadContextMapFilter.getConfig,exists
MutableThreadContextMapFilter.getConfig,lastModified
MutableThreadContextMapFilter.getConfig,setLastModified
MutableThreadContextMapFilter.getConfig,newInputStream
MutableThreadContextMapFilter.getConfig,toPath
MutableThreadContextMapFilter.getConfig,equalsIgnoreCase
MutableThreadContextMapFilter.getConfig,getScheme
MutableThreadContextMapFilter.getConfig,getInputStream
MutableThreadContextMapFilter.getConfig,getStatus
MutableThreadContextMapFilter.getConfig,debug
MutableThreadContextMapFilter.getConfig,toString
MutableThreadContextMapFilter.getConfig,readValue
MutableThreadContextMapFilter.getConfig,getConfigs
MutableThreadContextMapFilter.getConfig,isEmpty
MutableThreadContextMapFilter.getConfig,entrySet
MutableThreadContextMapFilter.getConfig,getKey
MutableThreadContextMapFilter.getConfig,getValue
MutableThreadContextMapFilter.getConfig,add
MutableThreadContextMapFilter.getConfig,warn
MutableThreadContextMapFilter.getConfig,toArray
MutableThreadContextMapFilter.getConfig,getMessage
FileMonitor.run,getConfig
FileMonitor.run,createFilter
FileMonitor.run,getOnMatch
FileMonitor.run,getOnMismatch
FileMonitor.run,info
FileMonitor.run,toString
FileMonitor.run,debug
FileMonitor.run,onEvent
DynamicThresholdFilter.createFilter,put
DynamicThresholdFilter.createFilter,getKey
DynamicThresholdFilter.createFilter,toLevel
DynamicThresholdFilter.createFilter,getValue
DynamicThresholdFilter.equals,getClass
DynamicThresholdFilter.equals,equals
DynamicThresholdFilter.filter,get
DynamicThresholdFilter.filter,toString
DynamicThresholdFilter.filter,isMoreSpecificThan
DynamicThresholdFilter.filter,filter
DynamicThresholdFilter.filter,getLevel
DynamicThresholdFilter.filter,getContextData
DynamicThresholdFilter.filter,getValue
DynamicThresholdFilter.hashCode,hashCode
DynamicThresholdFilter.toString,append
DynamicThresholdFilter.toString,size
DynamicThresholdFilter.toString,entrySet
DynamicThresholdFilter.toString,getValue
DynamicThresholdFilter.toString,getKey
DynamicThresholdFilter.toString,toString
TimeFilter.adjustTimes,ofEpochMilli
TimeFilter.adjustTimes,atZone
TimeFilter.adjustTimes,toLocalDate
TimeFilter.adjustTimes,of
TimeFilter.adjustTimes,withEarlierOffsetAtOverlap
TimeFilter.adjustTimes,toInstant
TimeFilter.adjustTimes,toEpochMilli
TimeFilter.adjustTimes,isBefore
TimeFilter.filter,adjustTimes
TimeFilter.filter,filter
TimeFilter.filter,getTimeMillis
TimeFilter.filter,currentTimeMillis
TimeFilter.toString,append
TimeFilter.toString,toString
TimeFilter.createFilter,parseTimestamp
TimeFilter.createFilter,systemDefault
TimeFilter.createFilter,of
TimeFilter.parseTimestamp,parse
TimeFilter.parseTimestamp,warn
CompositeFilter.addFilter,copyOf
CompositeFilter.addFilter,size
CompositeFilter.addFilter,arraycopy
CompositeFilter.removeFilter,asList
CompositeFilter.removeFilter,remove
CompositeFilter.removeFilter,toArray
CompositeFilter.getFilters,asList
CompositeFilter.start,setStarting
CompositeFilter.start,start
CompositeFilter.start,setStarted
CompositeFilter.stop,setStopping
CompositeFilter.stop,stop
CompositeFilter.stop,setStopped
CompositeFilter.filter,filter
CompositeFilter.toString,length
CompositeFilter.toString,append
CompositeFilter.toString,toString
ThreadContextMapFilter.filter,filter
ThreadContextMapFilter.filter,getStringMap
ThreadContextMapFilter.filter,size
ThreadContextMapFilter.filter,getContextValue
ThreadContextMapFilter.filter,getKeyAt
ThreadContextMapFilter.filter,map
ThreadContextMapFilter.filter,contains
ThreadContextMapFilter.filter,isAnd
ThreadContextMapFilter.filter,equals
ThreadContextMapFilter.filter,getContextData
ThreadContextMapFilter.getContextValue,toString
ThreadContextMapFilter.getContextValue,getValue
ThreadContextMapFilter.createFilter,error
ThreadContextMapFilter.createFilter,getKey
ThreadContextMapFilter.createFilter,getValue
ThreadContextMapFilter.createFilter,get
ThreadContextMapFilter.createFilter,add
ThreadContextMapFilter.createFilter,put
ThreadContextMapFilter.createFilter,isEmpty
ThreadContextMapFilter.createFilter,equalsIgnoreCase
BurstFilter.filter,filter
BurstFilter.filter,getLevel
BurstFilter.filter,isMoreSpecificThan
BurstFilter.filter,poll
BurstFilter.filter,add
BurstFilter.filter,setDelay
BurstFilter.getAvailable,size
BurstFilter.clear,remove
BurstFilter.clear,add
BurstFilter.toString,toString
BurstFilter.toString,size
BurstFilter.setDelay,nanoTime
BurstFilter.getDelay,convert
BurstFilter.getDelay,nanoTime
BurstFilter.compareTo,signum
BurstFilter.equals,getClass
BurstFilter.build,getOnMatch
BurstFilter.build,getOnMismatch
LogDelay.setDelay,nanoTime
LogDelay.getDelay,convert
LogDelay.getDelay,nanoTime
LogDelay.compareTo,signum
LogDelay.equals,getClass
AbstractFilter.setOnMatch,asBuilder
AbstractFilter.setOnMismatch,asBuilder
AbstractFilter.equalsImpl,getClass
AbstractFilter.filter,filter
AbstractFilter.hashCodeImpl,hashCode
AbstractFilter.toString,getClass
AbstractFilter.toString,getSimpleName
AbstractFilterBuilder.setOnMatch,asBuilder
AbstractFilterBuilder.setOnMismatch,asBuilder
AbstractFilterable.setFilter,asBuilder
AbstractFilterable.setPropertyArray,asBuilder
AbstractFilterable.withFilter,setFilter
AbstractFilterable.addFilter,createFilters
AbstractFilterable.isFiltered,filter
AbstractFilterable.removeFilter,equals
AbstractFilterable.removeFilter,removeFilter
AbstractFilterable.removeFilter,size
AbstractFilterable.removeFilter,iterator
AbstractFilterable.removeFilter,next
AbstractFilterable.start,setStarting
AbstractFilterable.start,start
AbstractFilterable.start,setStarted
AbstractFilterable.stop,stop
AbstractFilterable.stop,setStopping
AbstractFilterable.stop,setStopped
Builder.setPropertyArray,asBuilder
LevelRangeFilter.filter,isInRange
LevelRangeFilter.filter,filter
LevelRangeFilter.filter,getLevel
LevelRangeFilter.toString,format
DenyAllFilter.filter,filter
DenyAllFilter.build,getOnMatch
DenyAllFilter.build,getOnMismatch
MarkerFilter.filter,filter
MarkerFilter.filter,getMarker
MarkerFilter.filter,isInstanceOf
MarkerFilter.createFilter,error
ThresholdFilter.filter,filter
ThresholdFilter.filter,getLevel
ThresholdFilter.filter,isMoreSpecificThan
ThresholdFilter.toString,toString
StructuredDataFilter.filter,filter
StructuredDataFilter.filter,getMessage
StructuredDataFilter.filter,getStringMap
StructuredDataFilter.filter,size
StructuredDataFilter.filter,getValue
StructuredDataFilter.filter,getKeyAt
StructuredDataFilter.filter,listContainsValue
StructuredDataFilter.filter,getValueAt
StructuredDataFilter.filter,isAnd
StructuredDataFilter.getValue,getStringBuilder
StructuredDataFilter.getValue,equalsIgnoreCase
StructuredDataFilter.getValue,getId
StructuredDataFilter.getValue,formatTo
StructuredDataFilter.getValue,appendOrNull
StructuredDataFilter.getValue,getName
StructuredDataFilter.getValue,getType
StructuredDataFilter.getValue,get
StructuredDataFilter.getStringBuilder,get
StructuredDataFilter.getStringBuilder,set
StructuredDataFilter.getStringBuilder,trimToMaxSize
StructuredDataFilter.getStringBuilder,setLength
StructuredDataFilter.appendOrNull,append
StructuredDataFilter.listContainsValue,size
StructuredDataFilter.listContainsValue,get
StructuredDataFilter.listContainsValue,equals
StructuredDataFilter.listContainsValue,length
StructuredDataFilter.createFilter,error
StructuredDataFilter.createFilter,getKey
StructuredDataFilter.createFilter,getValue
StructuredDataFilter.createFilter,get
StructuredDataFilter.createFilter,add
StructuredDataFilter.createFilter,put
StructuredDataFilter.createFilter,isEmpty
StructuredDataFilter.createFilter,equalsIgnoreCase
MapPatternConverter.newInstance,toString
MapPatternConverter.format,getMessage
MapPatternConverter.format,formatTo
MapPatternConverter.format,get
MapPatternConverter.format,append
UuidPatternConverter.newInstance,equalsIgnoreCase
UuidPatternConverter.newInstance,error
UuidPatternConverter.format,randomUUID
UuidPatternConverter.format,getTimeBasedUuid
UuidPatternConverter.format,append
UuidPatternConverter.format,toString
MarkerPatternConverter.format,getMarker
MarkerPatternConverter.format,appendValue
LiteralPatternConverter.containsSubstitutionSequence,contains
MarkerSimpleNamePatternConverter.format,getMarker
MarkerSimpleNamePatternConverter.format,append
MarkerSimpleNamePatternConverter.format,getName
NameAbbreviator.toString,format
NameAbbreviator.toString,getClass
NameAbbreviator.toString,getSimpleName
NameAbbreviator.toString,toHexString
NameAbbreviator.toString,toString
NameAbbreviator.fragment,min
NOPAbbreviator.abbreviate,append
PatternAbbreviatorFragment.toString,format
PatternAbbreviatorFragment.toString,getClass
PatternAbbreviatorFragment.toString,getSimpleName
PatternAbbreviatorFragment.toString,toHexString
PatternAbbreviator.fragment,min
PatternAbbreviator.toString,format
PatternAbbreviator.toString,getClass
PatternAbbreviator.toString,getSimpleName
PatternAbbreviator.toString,toString
ThrowableInvertedStackTraceRenderer.renderThrowable,renderThrowable
ThrowableInvertedStackTraceRenderer.renderThrowable,add
ThrowableInvertedStackTraceRenderer.renderThrowable,acquireLineCapacity
ThrowableInvertedStackTraceRenderer.renderThrowable,append
ThrowableInvertedStackTraceRenderer.renderThrowable,renderThrowableMessage
ThrowableInvertedStackTraceRenderer.renderThrowable,get
ThrowableInvertedStackTraceRenderer.renderThrowable,renderCause
ThrowableInvertedStackTraceRenderer.renderThrowable,getCause
ThrowableInvertedStackTraceRenderer.renderThrowable,renderStackTraceElements
ThrowableInvertedStackTraceRenderer.renderThrowable,renderSuppressed
ThrowableInvertedStackTraceRenderer.renderCause,renderThrowable
ThrowableInvertedStackTraceRenderer.renderCause,acquireLineCapacity
ThrowableInvertedStackTraceRenderer.renderCause,append
ThrowableInvertedStackTraceRenderer.renderSuppressed,acquireLineCapacity
ThrowableInvertedStackTraceRenderer.renderSuppressed,append
ThrowableInvertedStackTraceRenderer.renderSuppressed,renderThrowable
LineLocationPatternConverter.format,getSource
LineLocationPatternConverter.format,append
LineLocationPatternConverter.format,getLineNumber
ExtendedThrowablePatternConverter.createRenderer,getIgnorePackages
ExtendedThrowablePatternConverter.createRenderer,getLines
LineSeparatorPatternConverter.format,append
FileDatePatternConverter.newInstance,newInstance
CachedDateFormat.findMillisecondStart,format
CachedDateFormat.findMillisecondStart,length
CachedDateFormat.findMillisecondStart,charAt
CachedDateFormat.findMillisecondStart,millisecondFormat
CachedDateFormat.findMillisecondStart,regionMatches
CachedDateFormat.findMillisecondStart,toString
CachedDateFormat.format,format
CachedDateFormat.format,getTime
CachedDateFormat.format,append
CachedDateFormat.format,millisecondFormat
CachedDateFormat.format,setLength
CachedDateFormat.format,setTime
CachedDateFormat.format,findMillisecondStart
CachedDateFormat.format,toString
CachedDateFormat.millisecondFormat,setCharAt
CachedDateFormat.millisecondFormat,charAt
CachedDateFormat.setTimeZone,setTimeZone
CachedDateFormat.parse,parse
CachedDateFormat.getNumberFormat,getNumberFormat
CachedDateFormat.getMaximumCacheValidity,indexOf
CachedDateFormat.getMaximumCacheValidity,lastIndexOf
LogEventPatternConverter.format,format
MessagePatternConverter.loadMessageRenderer,toRootUpperCase
MessagePatternConverter.newInstance,withoutLookupOptions
MessagePatternConverter.newInstance,loadMessageRenderer
MessagePatternConverter.withoutLookupOptions,equalsIgnoreCase
MessagePatternConverter.withoutLookupOptions,info
MessagePatternConverter.withoutLookupOptions,add
MessagePatternConverter.withoutLookupOptions,toArray
MessagePatternConverter.format,getMessage
MessagePatternConverter.format,append
MessagePatternConverter.format,getFormattedMessage
MessagePatternConverter.format,format
MessagePatternConverter.format,render
SimpleMessagePatternConverter.format,getMessage
SimpleMessagePatternConverter.format,append
SimpleMessagePatternConverter.format,getFormattedMessage
FormattedMessagePatternConverter.format,getMessage
FormattedMessagePatternConverter.format,append
FormattedMessagePatternConverter.format,getFormattedMessage
RenderingPatternConverter.format,format
RenderingPatternConverter.format,render
LoggerFqcnPatternConverter.format,append
LoggerFqcnPatternConverter.format,getLoggerFqcn
NamePatternConverter.abbreviate,abbreviate
ThrowableStackTraceRendererFactory.createStackTraceRenderer,getIgnorePackages
ThrowableStackTraceRendererFactory.createStackTraceRenderer,getLines
RegexReplacementConverter.newInstance,error
RegexReplacementConverter.newInstance,compile
RegexReplacementConverter.newInstance,createPatternParser
RegexReplacementConverter.newInstance,parse
RegexReplacementConverter.format,format
RegexReplacementConverter.format,append
RegexReplacementConverter.format,matcher
RegexReplacementConverter.format,replaceAll
RegexReplacementConverter.format,toString
RegexReplacementConverter.handlesThrowable,stream
RegexReplacementConverter.handlesThrowable,map
RegexReplacementConverter.handlesThrowable,anyMatch
FileLocationPatternConverter.format,getSource
FileLocationPatternConverter.format,append
FileLocationPatternConverter.format,getFileName
ThrowableInvertedPropertyRendererFactory.extractThrowingMethod,getRootCause
ThrowableInvertedPropertyRendererFactory.extractThrowingMethod,getStackTrace
ThreadPriorityPatternConverter.format,append
ThreadPriorityPatternConverter.format,getThreadPriority
MdcPatternConverter.format,getContextData
MdcPatternConverter.format,isEmpty
MdcPatternConverter.format,append
MdcPatternConverter.format,appendFully
MdcPatternConverter.format,appendSelectedKeys
MdcPatternConverter.format,getValue
MdcPatternConverter.format,appendValue
MdcPatternConverter.appendFully,append
MdcPatternConverter.appendFully,length
MdcPatternConverter.appendFully,forEach
MdcPatternConverter.appendFully,setCharAt
MdcPatternConverter.appendFully,deleteCharAt
MdcPatternConverter.appendSelectedKeys,length
MdcPatternConverter.appendSelectedKeys,append
MdcPatternConverter.appendSelectedKeys,getValue
MdcPatternConverter.appendSelectedKeys,appendValue
FormattingInfo.toString,append
FormattingInfo.toString,toString
NanoTimePatternConverter.format,append
NanoTimePatternConverter.format,getNanoTime
PatternParser.extractConverter,setLength
PatternParser.extractConverter,isUnicodeIdentifierStart
PatternParser.extractConverter,append
PatternParser.extractConverter,length
PatternParser.extractConverter,isUnicodeIdentifierPart
PatternParser.extractConverter,charAt
PatternParser.extractOptions,length
PatternParser.extractOptions,charAt
PatternParser.extractOptions,lastIndexOf
PatternParser.extractOptions,add
PatternParser.extractOptions,substring
PatternParser.createConverter,error
PatternParser.createConverter,length
PatternParser.createConverter,substring
PatternParser.createConverter,get
PatternParser.createConverter,isAssignableFrom
PatternParser.createConverter,add
PatternParser.createConverter,getDeclaredMethods
PatternParser.createConverter,isStatic
PatternParser.createConverter,getModifiers
PatternParser.createConverter,getDeclaringClass
PatternParser.createConverter,equals
PatternParser.createConverter,getName
PatternParser.createConverter,areValidNewInstanceParameters
PatternParser.createConverter,getParameterTypes
PatternParser.createConverter,getReturnType
PatternParser.createConverter,isArray
PatternParser.createConverter,toArray
PatternParser.createConverter,invoke
PatternParser.createConverter,delete
PatternParser.createConverter,warn
PatternParser.areValidNewInstanceParameters,isAssignableFrom
PatternParser.areValidNewInstanceParameters,isArray
PatternParser.areValidNewInstanceParameters,equals
PatternParser.areValidNewInstanceParameters,getName
PatternParser.literalPattern,containsSubstitutionSequence
PatternParser.literalPattern,of
EncodingPatternConverter.handlesThrowable,stream
EncodingPatternConverter.handlesThrowable,map
EncodingPatternConverter.handlesThrowable,anyMatch
EncodingPatternConverter.newInstance,error
EncodingPatternConverter.newInstance,valueOf
EncodingPatternConverter.newInstance,createPatternParser
EncodingPatternConverter.newInstance,parse
EncodingPatternConverter.format,length
EncodingPatternConverter.format,size
EncodingPatternConverter.format,get
EncodingPatternConverter.format,format
EncodingPatternConverter.format,escape
EncodingPatternConverter.escape,length
EncodingPatternConverter.escape,charAt
EncodingPatternConverter.escape,escapeChar
EncodingPatternConverter.escape,append
EncodingPatternConverter.escape,setCharAt
EncodingPatternConverter.escape,replace
EncodingPatternConverter.escape,escapeJson
EncodingPatternConverter.escape,escapeXml
ThrowableInvertedStackTraceRendererFactory.createStackTraceRenderer,getIgnorePackages
ThrowableInvertedStackTraceRendererFactory.createStackTraceRenderer,getLines
PatternFormatter.format,format
PatternFormatter.format,formatWithInfo
PatternFormatter.formatWithInfo,length
PatternFormatter.formatWithInfo,format
PatternFormatter.handlesThrowable,handlesThrowable
PatternFormatter.toString,append
PatternFormatter.toString,toString
SequenceNumberPatternConverter.format,append
SequenceNumberPatternConverter.format,incrementAndGet
EqualsReplacementConverter.newInstance,error
EqualsReplacementConverter.newInstance,createPatternParser
EqualsReplacementConverter.newInstance,parse
EqualsReplacementConverter.equals,equals
EqualsReplacementConverter.equals,length
LoggerPatternConverter.format,abbreviate
LoggerPatternConverter.format,getLoggerName
SimpleLiteralPatternConverter.of,convertSpecialChars
SimpleLiteralPatternConverter.of,of
SimpleLiteralPatternConverter.of,isEmpty
SimpleLiteralPatternConverter.of,equals
SimpleLiteralPatternConverter.format,format
SimpleLiteralPatternConverter.format,append
Space.format,append
StringValue.format,append
MaxLengthConverter.newInstance,error
MaxLengthConverter.newInstance,createPatternParser
MaxLengthConverter.newInstance,parse
MaxLengthConverter.newInstance,parseInt
MaxLengthConverter.format,length
MaxLengthConverter.format,size
MaxLengthConverter.format,get
MaxLengthConverter.format,format
MaxLengthConverter.format,setLength
MaxLengthConverter.format,append
MaxLengthConverter.handlesThrowable,stream
MaxLengthConverter.handlesThrowable,map
MaxLengthConverter.handlesThrowable,anyMatch
IntegerPatternConverter.format,format
IntegerPatternConverter.format,append
EqualsBaseReplacementConverter.format,length
EqualsBaseReplacementConverter.format,size
EqualsBaseReplacementConverter.format,get
EqualsBaseReplacementConverter.format,format
EqualsBaseReplacementConverter.format,equals
EqualsBaseReplacementConverter.format,setLength
EqualsBaseReplacementConverter.format,parseSubstitution
EqualsBaseReplacementConverter.parseSubstitution,size
EqualsBaseReplacementConverter.parseSubstitution,get
EqualsBaseReplacementConverter.parseSubstitution,format
EqualsBaseReplacementConverter.parseSubstitution,append
EqualsBaseReplacementConverter.handlesThrowable,stream
EqualsBaseReplacementConverter.handlesThrowable,map
EqualsBaseReplacementConverter.handlesThrowable,anyMatch
HighlightConverter.createLevelStyleMap,createMap
HighlightConverter.createLevelStyleMap,entrySet
HighlightConverter.createLevelStyleMap,toRootUpperCase
HighlightConverter.createLevelStyleMap,getKey
HighlightConverter.createLevelStyleMap,getValue
HighlightConverter.createLevelStyleMap,equalsIgnoreCase
HighlightConverter.createLevelStyleMap,get
HighlightConverter.createLevelStyleMap,error
HighlightConverter.createLevelStyleMap,toString
HighlightConverter.createLevelStyleMap,keySet
HighlightConverter.createLevelStyleMap,toArray
HighlightConverter.createLevelStyleMap,putAll
HighlightConverter.createLevelStyleMap,toLevel
HighlightConverter.createLevelStyleMap,warn
HighlightConverter.createLevelStyleMap,put
HighlightConverter.createLevelStyleMap,name
HighlightConverter.newInstance,error
HighlightConverter.newInstance,createPatternParser
HighlightConverter.newInstance,parse
HighlightConverter.newInstance,toString
HighlightConverter.newInstance,contains
HighlightConverter.newInstance,console
HighlightConverter.newInstance,createLevelStyleMap
HighlightConverter.format,get
HighlightConverter.format,getLevel
HighlightConverter.format,name
HighlightConverter.format,length
HighlightConverter.format,append
HighlightConverter.format,size
HighlightConverter.format,format
HighlightConverter.format,setLength
HighlightConverter.getLevelStyle,get
HighlightConverter.getLevelStyle,name
HighlightConverter.handlesThrowable,stream
HighlightConverter.handlesThrowable,map
HighlightConverter.handlesThrowable,anyMatch
DynamicWordAbbreviator.create,compile
DynamicWordAbbreviator.create,matcher
DynamicWordAbbreviator.create,matches
DynamicWordAbbreviator.create,parseInt
DynamicWordAbbreviator.create,group
DynamicWordAbbreviator.abbreviate,split
DynamicWordAbbreviator.abbreviate,append
DynamicWordAbbreviator.abbreviate,length
DynamicWordAbbreviator.abbreviate,charAt
DynamicWordAbbreviator.split,isEmpty
DynamicWordAbbreviator.split,chars
DynamicWordAbbreviator.split,filter
DynamicWordAbbreviator.split,map
DynamicWordAbbreviator.split,sum
DynamicWordAbbreviator.split,indexOf
DynamicWordAbbreviator.split,substring
DynamicWordAbbreviator.split,length
DynamicWordAbbreviator.split,copyOf
ThrowableExtendedStackTraceRendererFactory.createStackTraceRenderer,getIgnorePackages
ThrowableExtendedStackTraceRendererFactory.createStackTraceRenderer,getLines
NdcPatternConverter.format,append
NdcPatternConverter.format,getContextStack
JAnsiTextRenderer.entry,getCode
JAnsiTextRenderer.entry,append
JAnsiTextRenderer.entry,toString
JAnsiTextRenderer.ofEntries,put
JAnsiTextRenderer.ofEntries,getKey
JAnsiTextRenderer.ofEntries,getValue
JAnsiTextRenderer.ofEntries,unmodifiableMap
JAnsiTextRenderer.render,get
JAnsiTextRenderer.render,toRootUpperCase
JAnsiTextRenderer.render,merge
JAnsiTextRenderer.render,createSequence
JAnsiTextRenderer.render,append
JAnsiTextRenderer.render,getDefaultStyle
JAnsiTextRenderer.render,render
JAnsiTextRenderer.render,split
JAnsiTextRenderer.render,indexOf
JAnsiTextRenderer.render,substring
JAnsiTextRenderer.render,length
JAnsiTextRenderer.render,warn
JAnsiTextRenderer.merge,append
JAnsiTextRenderer.merge,setLength
JAnsiTextRenderer.merge,length
JAnsiTextRenderer.merge,getCode
JAnsiTextRenderer.merge,substring
LevelPatternConverter.newInstance,split
LevelPatternConverter.newInstance,error
LevelPatternConverter.newInstance,trim
LevelPatternConverter.newInstance,equalsIgnoreCase
LevelPatternConverter.newInstance,parseInt
LevelPatternConverter.newInstance,parseBoolean
LevelPatternConverter.newInstance,toLevel
LevelPatternConverter.newInstance,put
LevelPatternConverter.newInstance,isEmpty
LevelPatternConverter.newInstance,values
LevelPatternConverter.newInstance,containsKey
LevelPatternConverter.newInstance,left
LevelPatternConverter.newInstance,toRootLowerCase
LevelPatternConverter.left,toString
LevelPatternConverter.left,length
LevelPatternConverter.left,substring
LevelPatternConverter.getStyleClass,toRootLowerCase
LevelPatternConverter.format,append
LevelPatternConverter.format,getLevel
LevelPatternConverter.format,get
SimpleLevelPatternConverter.format,append
SimpleLevelPatternConverter.format,getLevel
LevelMapLevelPatternConverter.format,append
LevelMapLevelPatternConverter.format,get
LevelMapLevelPatternConverter.format,getLevel
ClassNamePatternConverter.format,getSource
ClassNamePatternConverter.format,append
ClassNamePatternConverter.format,abbreviate
ClassNamePatternConverter.format,getClassName
ProcessIdPatternConverter.main,println
ProcessIdPatternConverter.format,append
ThrowableStackTraceRenderer.renderThrowable,createContext
ThrowableStackTraceRenderer.renderThrowable,renderThrowable
ThrowableStackTraceRenderer.renderThrowable,acquireLineCapacity
ThrowableStackTraceRenderer.renderThrowable,add
ThrowableStackTraceRenderer.renderThrowable,append
ThrowableStackTraceRenderer.renderThrowable,renderThrowableMessage
ThrowableStackTraceRenderer.renderThrowable,get
ThrowableStackTraceRenderer.renderThrowable,renderStackTraceElements
ThrowableStackTraceRenderer.renderThrowable,renderSuppressed
ThrowableStackTraceRenderer.renderThrowable,renderCause
ThrowableStackTraceRenderer.renderThrowable,getCause
ThrowableStackTraceRenderer.createContext,ofThrowable
ThrowableStackTraceRenderer.renderSuppressed,renderThrowable
ThrowableStackTraceRenderer.renderCause,renderThrowable
ThrowableStackTraceRenderer.renderThrowableMessage,append
ThrowableStackTraceRenderer.renderStackTraceElements,renderStackTraceElement
ThrowableStackTraceRenderer.renderStackTraceElements,renderSuppressedCount
ThrowableStackTraceRenderer.renderStackTraceElements,acquireLineCapacity
ThrowableStackTraceRenderer.renderStackTraceElements,append
ThrowableStackTraceRenderer.renderStackTraceElement,isStackTraceElementIgnored
ThrowableStackTraceRenderer.renderStackTraceElement,renderSuppressedCount
ThrowableStackTraceRenderer.renderStackTraceElement,acquireLineCapacity
ThrowableStackTraceRenderer.renderStackTraceElement,append
ThrowableStackTraceRenderer.isStackTraceElementIgnored,getClassName
ThrowableStackTraceRenderer.isStackTraceElementIgnored,startsWith
ThrowableStackTraceRenderer.renderSuppressedCount,acquireLineCapacity
ThrowableStackTraceRenderer.renderSuppressedCount,append
ThrowableStackTraceRenderer.ofThrowable,populateMetadata
ThrowableStackTraceRenderer.populateMetadata,getStackTrace
ThrowableStackTraceRenderer.populateMetadata,populateMetadata
ThrowableStackTraceRenderer.populateMetadata,getSuppressed
ThrowableStackTraceRenderer.populateMetadata,put
ThrowableStackTraceRenderer.populateMetadata,contains
ThrowableStackTraceRenderer.populateMetadata,add
ThrowableStackTraceRenderer.populateMetadata,getCause
ThrowableStackTraceRenderer.populateMetadata,equals
Context.ofThrowable,populateMetadata
Context.populateMetadata,getStackTrace
Context.populateMetadata,populateMetadata
Context.populateMetadata,getSuppressed
Context.populateMetadata,put
Context.populateMetadata,contains
Context.populateMetadata,add
Context.populateMetadata,getCause
Context.populateMetadata,equals
Metadata.ofThrowable,populateMetadata
Metadata.populateMetadata,getStackTrace
Metadata.populateMetadata,populateMetadata
Metadata.populateMetadata,getSuppressed
Metadata.populateMetadata,put
Metadata.populateMetadata,contains
Metadata.populateMetadata,add
Metadata.populateMetadata,getCause
Metadata.populateMetadata,equals
PlainTextRenderer.render,append
ThrowablePatternConverter.format,requireNonNull
ThrowablePatternConverter.format,getThrown
ThrowablePatternConverter.format,apply
ThrowablePatternConverter.format,renderThrowable
ThrowablePatternConverter.createEffectiveLineSeparator,requireNonNull
ThrowablePatternConverter.createEffectiveLineSeparator,createPatternParser
ThrowablePatternConverter.createEffectiveLineSeparator,parse
ThrowablePatternConverter.createEffectiveLineSeparator,handlesThrowable
ThrowablePatternConverter.createEffectiveLineSeparator,add
ThrowablePatternConverter.createEffectiveLineSeparator,append
ThrowablePatternConverter.createEffectiveLineSeparator,format
ThrowablePatternConverter.createEffectiveLineSeparator,length
ThrowablePatternConverter.createEffectiveLineSeparator,toString
ThrowablePatternConverter.createEffectiveRenderer,createPropertyRenderer
ThrowablePatternConverter.createEffectiveRenderer,createStackTraceRenderer
ThrowablePatternConverter.getSuffix,requireNonNull
ThrowablePatternConverter.getSuffix,apply
ThrowablePatternConverter.getSuffix,getSeparator
ThrowablePatternConverter.getSuffix,equals
ThrowablePatternConverter.getSuffix,substring
ThrowablePatternConverter.getSuffix,length
ClassResourceInfo.getLocation,getProtectionDomain
ClassResourceInfo.getLocation,getCodeSource
ClassResourceInfo.getLocation,getLocation
ClassResourceInfo.getLocation,toString
ClassResourceInfo.getLocation,replace
ClassResourceInfo.getLocation,lastIndexOf
ClassResourceInfo.getLocation,length
ClassResourceInfo.getLocation,substring
ClassResourceInfo.getVersion,getPackage
ClassResourceInfo.getVersion,getImplementationVersion
ClassResourceInfo.render,accept
DatePatternConverter.createFormatter,createFormatterUnsafely
DatePatternConverter.createFormatter,logOptionReadFailure
DatePatternConverter.createFormatter,newBuilder
DatePatternConverter.createFormatter,setPattern
DatePatternConverter.createFormatter,getPattern
DatePatternConverter.createFormatter,build
DatePatternConverter.createFormatterUnsafely,readPattern
DatePatternConverter.createFormatterUnsafely,readTimeZone
DatePatternConverter.createFormatterUnsafely,readLocale
DatePatternConverter.createFormatterUnsafely,equals
DatePatternConverter.createFormatterUnsafely,newBuilder
DatePatternConverter.createFormatterUnsafely,setPattern
DatePatternConverter.createFormatterUnsafely,setTimeZone
DatePatternConverter.createFormatterUnsafely,setLocale
DatePatternConverter.createFormatterUnsafely,build
DatePatternConverter.readPattern,decodeNamedPattern
DatePatternConverter.readPattern,getPattern
DatePatternConverter.decodeNamedPattern,valueOf
DatePatternConverter.decodeNamedPattern,getLegacyPattern
DatePatternConverter.decodeNamedPattern,getPattern
DatePatternConverter.readTimeZone,getTimeZone
DatePatternConverter.readTimeZone,logOptionReadFailure
DatePatternConverter.readTimeZone,getDefault
DatePatternConverter.readLocale,forLanguageTag
DatePatternConverter.readLocale,logOptionReadFailure
DatePatternConverter.readLocale,getDefault
DatePatternConverter.logOptionReadFailure,isWarnEnabled
DatePatternConverter.logOptionReadFailure,stream
DatePatternConverter.logOptionReadFailure,map
DatePatternConverter.logOptionReadFailure,collect
DatePatternConverter.logOptionReadFailure,joining
DatePatternConverter.logOptionReadFailure,warn
DatePatternConverter.format,format
DatePatternConverter.format,getTime
DatePatternConverter.format,getInstant
DatePatternConverter.format,initFromEpochMilli
DatePatternConverter.format,formatTo
DatePatternConverter.format,requireNonNull
DatePatternConverter.format,warn
DatePatternConverter.format,getClass
DatePatternConverter.format,getCanonicalName
ThreadNamePatternConverter.format,append
ThreadNamePatternConverter.format,getThreadName
FullLocationPatternConverter.format,getSource
FullLocationPatternConverter.format,append
FullLocationPatternConverter.format,toString
EndOfBatchPatternConverter.format,append
EndOfBatchPatternConverter.format,isEndOfBatch
StyleConverter.newInstance,error
StyleConverter.newInstance,createPatternParser
StyleConverter.newInstance,parse
StyleConverter.newInstance,createSequence
StyleConverter.newInstance,split
StyleConverter.newInstance,toString
StyleConverter.newInstance,contains
StyleConverter.newInstance,console
StyleConverter.format,length
StyleConverter.format,append
StyleConverter.format,size
StyleConverter.format,get
StyleConverter.format,format
StyleConverter.format,setLength
StyleConverter.handlesThrowable,stream
StyleConverter.handlesThrowable,map
StyleConverter.handlesThrowable,anyMatch
StyleConverter.toString,append
StyleConverter.toString,toString
RepeatPatternConverter.newInstance,error
RepeatPatternConverter.newInstance,parseInt
RepeatPatternConverter.newInstance,repeat
RepeatPatternConverter.newInstance,trim
RepeatPatternConverter.format,format
RepeatPatternConverter.format,append
RelativeTimePatternConverter.format,getTimeMillis
RelativeTimePatternConverter.format,append
MethodLocationPatternConverter.format,getSource
MethodLocationPatternConverter.format,append
MethodLocationPatternConverter.format,getMethodName
VariablesNotEmptyReplacementConverter.newInstance,error
VariablesNotEmptyReplacementConverter.newInstance,createPatternParser
VariablesNotEmptyReplacementConverter.newInstance,parse
VariablesNotEmptyReplacementConverter.format,length
VariablesNotEmptyReplacementConverter.format,size
VariablesNotEmptyReplacementConverter.format,get
VariablesNotEmptyReplacementConverter.format,format
VariablesNotEmptyReplacementConverter.format,getConverter
VariablesNotEmptyReplacementConverter.format,isVariable
VariablesNotEmptyReplacementConverter.format,sequenceRegionMatches
VariablesNotEmptyReplacementConverter.format,emptyVariableOutput
VariablesNotEmptyReplacementConverter.format,setLength
VariablesNotEmptyReplacementConverter.sequenceRegionMatches,length
VariablesNotEmptyReplacementConverter.sequenceRegionMatches,charAt
VariablesNotEmptyReplacementConverter.handlesThrowable,stream
VariablesNotEmptyReplacementConverter.handlesThrowable,map
VariablesNotEmptyReplacementConverter.handlesThrowable,anyMatch
RegexReplacement.format,matcher
RegexReplacement.format,replaceAll
RegexReplacement.toString,pattern
RegexReplacement.createRegexReplacement,error
ThreadIdPatternConverter.format,append
ThreadIdPatternConverter.format,getThreadId
EqualsIgnoreCaseReplacementConverter.newInstance,error
EqualsIgnoreCaseReplacementConverter.newInstance,createPatternParser
EqualsIgnoreCaseReplacementConverter.newInstance,parse
EqualsIgnoreCaseReplacementConverter.equals,equalsIgnoreCase
EqualsIgnoreCaseReplacementConverter.equals,length
AbstractStyleNameConverter.newInstance,newInstance
AbstractStyleNameConverter.newInstance,toPatternFormatterList
AbstractStyleNameConverter.newInstance,getConstructor
AbstractStyleNameConverter.newInstance,createSequence
AbstractStyleNameConverter.newInstance,error
AbstractStyleNameConverter.newInstance,toString
AbstractStyleNameConverter.toPatternFormatterList,error
AbstractStyleNameConverter.toPatternFormatterList,createPatternParser
AbstractStyleNameConverter.toPatternFormatterList,toString
AbstractStyleNameConverter.toPatternFormatterList,parse
AbstractStyleNameConverter.format,length
AbstractStyleNameConverter.format,size
AbstractStyleNameConverter.format,get
AbstractStyleNameConverter.format,format
AbstractStyleNameConverter.format,insert
AbstractStyleNameConverter.format,append
AbstractStyleNameConverter.format,getDefaultStyle
AbstractStyleNameConverter.handlesThrowable,stream
AbstractStyleNameConverter.handlesThrowable,map
AbstractStyleNameConverter.handlesThrowable,anyMatch
Black.newInstance,newInstance
Blue.newInstance,newInstance
Cyan.newInstance,newInstance
Green.newInstance,newInstance
Magenta.newInstance,newInstance
Red.newInstance,newInstance
White.newInstance,newInstance
Yellow.newInstance,newInstance
ThrowableExtendedStackTraceRenderer.createContext,ofThrowable
ThrowableExtendedStackTraceRenderer.renderStackTraceElement,isStackTraceElementIgnored
ThrowableExtendedStackTraceRenderer.renderStackTraceElement,renderSuppressedCount
ThrowableExtendedStackTraceRenderer.renderStackTraceElement,acquireLineCapacity
ThrowableExtendedStackTraceRenderer.renderStackTraceElement,append
ThrowableExtendedStackTraceRenderer.renderStackTraceElement,get
ThrowableExtendedStackTraceRenderer.renderStackTraceElement,getClassName
ThrowableExtendedStackTraceRenderer.renderStackTraceElement,render
ThrowableExtendedStackTraceRenderer.ofThrowable,ofThrowable
ThrowableExtendedStackTraceRenderer.ofThrowable,createClassResourceInfoByName
ThrowableExtendedStackTraceRenderer.createClassResourceInfoByName,getCurrentStackTrace
ThrowableExtendedStackTraceRenderer.createClassResourceInfoByName,singleton
ThrowableExtendedStackTraceRenderer.createClassResourceInfoByName,poll
ThrowableExtendedStackTraceRenderer.createClassResourceInfoByName,add
ThrowableExtendedStackTraceRenderer.createClassResourceInfoByName,getCause
ThrowableExtendedStackTraceRenderer.createClassResourceInfoByName,offer
ThrowableExtendedStackTraceRenderer.createClassResourceInfoByName,get
ThrowableExtendedStackTraceRenderer.createClassResourceInfoByName,isEmpty
ThrowableExtendedStackTraceRenderer.createClassResourceInfoByName,peekLast
ThrowableExtendedStackTraceRenderer.createClassResourceInfoByName,getClassName
ThrowableExtendedStackTraceRenderer.createClassResourceInfoByName,getClassLoader
ThrowableExtendedStackTraceRenderer.createClassResourceInfoByName,equals
ThrowableExtendedStackTraceRenderer.createClassResourceInfoByName,getName
ThrowableExtendedStackTraceRenderer.createClassResourceInfoByName,put
ThrowableExtendedStackTraceRenderer.createClassResourceInfoByName,pollLast
ThrowableExtendedStackTraceRenderer.createClassResourceInfoByName,loadClass
ThrowableExtendedStackTraceRenderer.loadClass,run
ExtendedContext.ofThrowable,ofThrowable
ExtendedContext.ofThrowable,createClassResourceInfoByName
ExtendedContext.createClassResourceInfoByName,getCurrentStackTrace
ExtendedContext.createClassResourceInfoByName,singleton
ExtendedContext.createClassResourceInfoByName,poll
ExtendedContext.createClassResourceInfoByName,add
ExtendedContext.createClassResourceInfoByName,getCause
ExtendedContext.createClassResourceInfoByName,offer
ExtendedContext.createClassResourceInfoByName,get
ExtendedContext.createClassResourceInfoByName,isEmpty
ExtendedContext.createClassResourceInfoByName,peekLast
ExtendedContext.createClassResourceInfoByName,getClassName
ExtendedContext.createClassResourceInfoByName,getClassLoader
ExtendedContext.createClassResourceInfoByName,equals
ExtendedContext.createClassResourceInfoByName,getName
ExtendedContext.createClassResourceInfoByName,put
ExtendedContext.createClassResourceInfoByName,pollLast
ExtendedContext.createClassResourceInfoByName,loadClass
ExtendedContext.loadClass,run
ListOfMapEntrySerializer.serialize,entrySet
ListOfMapEntrySerializer.serialize,size
ListOfMapEntrySerializer.serialize,getKey
ListOfMapEntrySerializer.serialize,getValue
ListOfMapEntrySerializer.serialize,writeObject
MutableThreadContextStackDeserializer.deserialize,readValueAs
ContextDataSerializer.serialize,writeStartObject
ContextDataSerializer.serialize,forEach
ContextDataSerializer.serialize,writeEndObject
MessageSerializer.serialize,writeString
MessageSerializer.serialize,getFormattedMessage
SimpleMessageDeserializer.deserialize,getValueAsString
Initializers.setupModule,setMixInAnnotations
Initializers.setupModule,addSerializers
Initializers.setupModule,singletonList
Initializers.setupModule,addDeserializers
Initializers.setupModule,singletonMap
Initializers.initialize,addDeserializer
Initializers.initialize,addSerializer
AbstractInitializer.setupModule,setMixInAnnotations
SetupContextAsEntryListInitializer.setupModule,addSerializers
SetupContextAsEntryListInitializer.setupModule,singletonList
SetupContextAsEntryListInitializer.setupModule,addDeserializers
SetupContextAsEntryListInitializer.setupModule,singletonMap
SetupContextInitializer.setupModule,addSerializers
SetupContextInitializer.setupModule,singletonList
SetupContextInitializer.setupModule,addDeserializers
SetupContextInitializer.setupModule,singletonMap
SimpleModuleInitializer.initialize,addDeserializer
SimpleModuleInitializer.initialize,addSerializer
Log4jXmlModule.setupModule,setupModule
Log4jJsonModule.setupModule,setupModule
ListOfMapEntryDeserializer.deserialize,readValueAs
ListOfMapEntryDeserializer.deserialize,size
ListOfMapEntryDeserializer.deserialize,put
ListOfMapEntryDeserializer.deserialize,getKey
ListOfMapEntryDeserializer.deserialize,getValue
ContextDataAsEntryListDeserializer.deserialize,readValueAs
ContextDataAsEntryListDeserializer.deserialize,createContextData
ContextDataAsEntryListDeserializer.deserialize,putValue
ContextDataAsEntryListDeserializer.deserialize,getKey
ContextDataAsEntryListDeserializer.deserialize,getValue
Log4jYamlModule.setupModule,setupModule
ObjectMessageSerializer.serialize,writeObject
ObjectMessageSerializer.serialize,getParameter
MapEntry.equals,getKey
MapEntry.equals,equals
MapEntry.equals,getValue
MapEntry.hashCode,getKey
MapEntry.hashCode,hashCode
MapEntry.hashCode,getValue
MapEntry.toString,getKey
MapEntry.toString,getValue
Log4jXmlObjectMapper.writeAttribute,sanitizeXml10
Log4jXmlObjectMapper.writeCData,sanitizeXml10
Log4jXmlObjectMapper.writeCharacters,sanitizeXml10
Log4jXmlObjectMapper.writeComment,sanitizeXml10
Log4jXmlObjectMapper.sanitizeXml10,length
Log4jXmlObjectMapper.sanitizeXml10,codePointAt
Log4jXmlObjectMapper.sanitizeXml10,isValidXml10
Log4jXmlObjectMapper.sanitizeXml10,append
Log4jXmlObjectMapper.sanitizeXml10,appendSanitized
Log4jXmlObjectMapper.sanitizeXml10,toString
Log4jXmlObjectMapper.sanitizeXml10,charCount
Log4jXmlObjectMapper.sanitizeXml10,sanitizeXml10
Log4jXmlObjectMapper.appendSanitized,codePointAt
Log4jXmlObjectMapper.appendSanitized,appendCodePoint
Log4jXmlObjectMapper.appendSanitized,isValidXml10
Log4jXmlObjectMapper.appendSanitized,charCount
Log4jXmlObjectMapper._createXmlWriter,wrapIfNecessary
Log4jXmlObjectMapper.copy,_checkInvalidCopy
SanitizingWriter.writeAttribute,sanitizeXml10
SanitizingWriter.writeCData,sanitizeXml10
SanitizingWriter.writeCharacters,sanitizeXml10
SanitizingWriter.writeComment,sanitizeXml10
SanitizingWriter.sanitizeXml10,length
SanitizingWriter.sanitizeXml10,codePointAt
SanitizingWriter.sanitizeXml10,isValidXml10
SanitizingWriter.sanitizeXml10,append
SanitizingWriter.sanitizeXml10,appendSanitized
SanitizingWriter.sanitizeXml10,toString
SanitizingWriter.sanitizeXml10,charCount
SanitizingWriter.sanitizeXml10,sanitizeXml10
SanitizingWriter.appendSanitized,codePointAt
SanitizingWriter.appendSanitized,appendCodePoint
SanitizingWriter.appendSanitized,isValidXml10
SanitizingWriter.appendSanitized,charCount
SanitizingXmlFactory._createXmlWriter,wrapIfNecessary
SanitizingXmlFactory.copy,_checkInvalidCopy
ContextDataDeserializer.deserialize,createContextData
ContextDataDeserializer.deserialize,nextToken
ContextDataDeserializer.deserialize,currentName
ContextDataDeserializer.deserialize,putValue
ContextDataDeserializer.deserialize,getText
ContextDataAsEntryListSerializer.serialize,size
ContextDataAsEntryListSerializer.serialize,forEach
ContextDataAsEntryListSerializer.serialize,valueOf
ContextDataAsEntryListSerializer.serialize,writeObject
ContextDataAsEntryListSerializer.accept,valueOf
Log4jLog.isDebugEnabled,isEnabled
Log4jLog.isErrorEnabled,isEnabled
Log4jLog.isFatalEnabled,isEnabled
Log4jLog.isInfoEnabled,isEnabled
Log4jLog.isTraceEnabled,isEnabled
Log4jLog.isWarnEnabled,isEnabled
Log4jLog.trace,logIfEnabled
Log4jLog.debug,logIfEnabled
Log4jLog.info,logIfEnabled
Log4jLog.warn,logIfEnabled
Log4jLog.error,logIfEnabled
Log4jLog.fatal,logIfEnabled
LogFactoryImpl.getInstance,getLogger
LogFactoryImpl.getInstance,getInstance
LogFactoryImpl.getInstance,getName
LogFactoryImpl.getAttribute,get
LogFactoryImpl.getAttributeNames,keySet
LogFactoryImpl.getAttributeNames,toArray
LogFactoryImpl.release,close
LogFactoryImpl.removeAttribute,remove
LogFactoryImpl.setAttribute,put
LogFactoryImpl.setAttribute,removeAttribute
LogAdapter.newLogger,getLogger
LogAdapter.getContext,getContext
LogAdapter.getContext,getFactory
LogAdapter.getContext,isClassLoaderDependent
LogAdapter.getContext,getCallerClass
StaticMarkerBinder.getMarkerFactoryClassStr,getName
StaticMDCBinder.getMDCAdapterClassStr,getName
JsonTemplateLayoutCodecFuzzer.fuzzerTestOneInput,consumeBoolean
JsonTemplateLayoutCodecFuzzer.fuzzerTestOneInput,encodeThenDecode
JsonTemplateLayoutCodecFuzzer.fuzzerTestOneInput,decodeThenEncode
JsonTemplateLayoutCodecFuzzer.encodeThenDecode,consumeString
JsonTemplateLayoutCodecFuzzer.encodeThenDecode,encodeJson
JsonTemplateLayoutCodecFuzzer.encodeThenDecode,read
JsonTemplateLayoutCodecFuzzer.encodeThenDecode,assertThat
JsonTemplateLayoutCodecFuzzer.encodeThenDecode,isEqualTo
JsonTemplateLayoutCodecFuzzer.decodeThenEncode,decodeJson
JsonTemplateLayoutCodecFuzzer.decodeThenEncode,encodeJson
JsonTemplateLayoutCodecFuzzer.decodeThenEncode,assertValidJson
JsonTemplateLayoutCodecFuzzer.decodeJson,consumeString
JsonTemplateLayoutCodecFuzzer.decodeJson,read
JsonTemplateLayoutCodecFuzzer.encodeJson,newBuilder
JsonTemplateLayoutCodecFuzzer.encodeJson,setMaxStringLength
JsonTemplateLayoutCodecFuzzer.encodeJson,setTruncatedStringSuffix
JsonTemplateLayoutCodecFuzzer.encodeJson,getTruncatedStringSuffix
JsonTemplateLayoutCodecFuzzer.encodeJson,build
JsonTemplateLayoutCodecFuzzer.encodeJson,writeValue
JsonTemplateLayoutCodecFuzzer.encodeJson,getStringBuilder
JsonTemplateLayoutCodecFuzzer.encodeJson,toString
JsonTemplateLayoutFuzzer.fuzzerTestOneInput,getSimpleName
JsonTemplateLayoutFuzzer.fuzzerTestOneInput,createLoggerContext
JsonTemplateLayoutFuzzer.fuzzerTestOneInput,newLayout
JsonTemplateLayoutFuzzer.fuzzerTestOneInput,getLogger
JsonTemplateLayoutFuzzer.fuzzerTestOneInput,fuzzLogger
JULLogger.logMessage,convertLevel
JULLogger.logMessage,isLoggable
JULLogger.logMessage,getFormattedMessage
JULLogger.logMessage,setLoggerName
JULLogger.logMessage,getName
JULLogger.logMessage,setThrown
JULLogger.logMessage,getThrowable
JULLogger.logMessage,log
JULLogger.convertLevel,getStandardLevel
JULLogger.getLevel,getEffectiveJULLevel
JULLogger.getLevel,intValue
JULLogger.getEffectiveJULLevel,getLevel
JULLogger.getEffectiveJULLevel,getParent
JULLogger.isEnabledFor,getLevel
JULLogger.isEnabledFor,isLessSpecificThan
JULLogger.isEnabled,isEnabledFor
JULLoggerContext.getLogger,getLogger
JULLoggerContext.getLogger,createLogger
JULLoggerContext.getLogger,putIfAbsent
JULLoggerContext.createLogger,getLogger
JULLoggerContext.hasLogger,hasLogger
LazyLog4jLogRecord.getSourceClassName,inferCaller
LazyLog4jLogRecord.getSourceMethodName,inferCaller
LazyLog4jLogRecord.inferCaller,calcLocation
LazyLog4jLogRecord.inferCaller,setSourceClassName
LazyLog4jLogRecord.inferCaller,getClassName
LazyLog4jLogRecord.inferCaller,setSourceMethodName
LazyLog4jLogRecord.inferCaller,getMethodName
DockerLookup.lookup,getId
DockerLookup.lookup,substring
DockerLookup.lookup,getNames
DockerLookup.lookup,size
DockerLookup.lookup,toString
DockerLookup.lookup,get
DockerLookup.lookup,getImageId
DockerLookup.lookup,getImage
Log4j2SpringBootLoggingSystem.initialize,getEnvironment
Log4j2SpringBootLoggingSystem.initialize,getProperties
Log4j2SpringBootLoggingSystem.initialize,addPropertySource
Log4j2SpringBootLoggingSystem.initialize,getLoggerContext
Log4j2SpringBootLoggingSystem.initialize,putObjectIfAbsent
Log4j2SpringBootLoggingSystem.getStandardConfigLocations,getStringProperty
Log4j2SpringBootLoggingSystem.getStandardConfigLocations,asList
Log4j2SpringBootLoggingSystem.getStandardConfigLocations,add
Log4j2SpringBootLoggingSystem.getStandardConfigLocations,toArray
Log4j2SpringBootLoggingSystem.loadDefaults,loadConfiguration
Log4j2SpringBootLoggingSystem.loadDefaults,getBootPackagedConfigFile
Log4j2SpringBootLoggingSystem.getBootPackagedConfigFile,getPackageName
Log4j2SpringBootLoggingSystem.getBootPackagedConfigFile,replace
Log4j2SpringBootLoggingSystem.loadConfiguration,loadConfiguration
Log4j2SpringBootLoggingSystem.loadConfiguration,emptyList
Log4j2SpringBootLoggingSystem.loadConfiguration,notNull
Log4j2SpringBootLoggingSystem.loadConfiguration,getLoggerContext
Log4j2SpringBootLoggingSystem.loadConfiguration,parseConfigLocations
Log4j2SpringBootLoggingSystem.loadConfiguration,addAll
Log4j2SpringBootLoggingSystem.loadConfiguration,size
Log4j2SpringBootLoggingSystem.loadConfiguration,getURL
Log4j2SpringBootLoggingSystem.loadConfiguration,getConfigurationSource
Log4j2SpringBootLoggingSystem.loadConfiguration,reconfigure
Log4j2SpringBootLoggingSystem.loadConfiguration,getInstance
Log4j2SpringBootLoggingSystem.loadConfiguration,getConfiguration
Log4j2SpringBootLoggingSystem.loadConfiguration,add
Log4j2SpringBootLoggingSystem.loadConfiguration,warn
Log4j2SpringBootLoggingSystem.loadConfiguration,getMessage
Log4j2SpringBootLoggingSystem.loadConfiguration,get
Log4j2SpringBootLoggingSystem.cleanUp,getLoggerContext
Log4j2SpringBootLoggingSystem.cleanUp,removeObject
Log4j2SpringBootLoggingSystem.parseConfigLocations,split
Log4j2SpringBootLoggingSystem.parseConfigLocations,add
Log4j2SpringBootLoggingSystem.parseConfigLocations,getQuery
Log4j2SpringBootLoggingSystem.parseConfigLocations,indexOf
Log4j2SpringBootLoggingSystem.parseConfigLocations,decode
Log4j2SpringBootLoggingSystem.parseConfigLocations,substring
Log4j2SpringBootLoggingSystem.parseConfigLocations,equalsIgnoreCase
Log4j2SpringBootLoggingSystem.parseConfigLocations,warn
Log4j2SpringBootLoggingSystem.getConfigurationSource,authorizationProvider
Log4j2SpringBootLoggingSystem.getConfigurationSource,getProperties
Log4j2SpringBootLoggingSystem.getConfigurationSource,getProtocol
Log4j2SpringBootLoggingSystem.getConfigurationSource,equals
Log4j2SpringBootLoggingSystem.getConfigurationSource,getSslConfiguration
Log4j2SpringBootLoggingSystem.getConfigurationSource,createConnection
Log4j2SpringBootLoggingSystem.getConfigurationSource,fileFromUri
Log4j2SpringBootLoggingSystem.getConfigurationSource,toURI
Log4j2SpringBootLoggingSystem.getConfigurationSource,getInputStream
Log4j2SpringBootLoggingSystem.getConfigurationSource,getLastModified
Log4j2SpringBootLoggingSystem.getConfigurationSource,info
Log4j2SpringBootLoggingSystem.getConfigurationSource,toString
Log4j2SpringBootLoggingSystem.getLoggerContext,getContext
Log4j2SpringBootLoggingSystem.getLoggingSystem,getProperties
Log4j2SpringBootLoggingSystem.getLoggingSystem,getBooleanProperty
Factory.getLoggingSystem,getProperties
Factory.getLoggingSystem,getBooleanProperty
SpringProfileArbiter.isCondition,acceptsProfiles
SpringProfileArbiter.isCondition,of
SpringProfileArbiter.setName,asBuilder
SpringProfileArbiter.setConfiguration,asBuilder
SpringProfileArbiter.setLoggerContext,asBuilder
SpringProfileArbiter.build,trimArrayElements
SpringProfileArbiter.build,commaDelimitedListToStringArray
SpringProfileArbiter.build,getStrSubstitutor
SpringProfileArbiter.build,replace
SpringProfileArbiter.build,getObject
SpringProfileArbiter.build,debug
SpringProfileArbiter.build,warn
Builder.setLoggerContext,asBuilder
SpringLookup.lookup,toRootLowerCase
SpringLookup.lookup,startsWith
SpringLookup.lookup,getActiveProfiles
SpringLookup.lookup,matcher
SpringLookup.lookup,matches
SpringLookup.lookup,parseInt
SpringLookup.lookup,group
SpringLookup.lookup,warn
SpringLookup.lookup,join
SpringLookup.lookup,getDefaultProfiles
SpringLookup.lookup,getProperty
SpringLookup.lookup,lookup
SpringLookup.setLoggerContext,getObject
SpringLookup.setLoggerContext,warn
SpringPropertySource.getProperty,getProperty
SpringPropertySource.containsProperty,containsProperty
SystemPropertyTestRule.apply,getProperty
SystemPropertyTestRule.apply,get
SystemPropertyTestRule.apply,setProperty
SystemPropertyTestRule.apply,evaluate
SystemPropertyTestRule.evaluate,getProperty
SystemPropertyTestRule.evaluate,get
SystemPropertyTestRule.evaluate,setProperty
SystemPropertyTestRule.evaluate,evaluate
Compiler.compile,compile
Compiler.compile,singletonList
Compiler.compile,getSystemJavaCompiler
Compiler.compile,getStandardFileManager
Compiler.compile,getJavaFileObjectsFromFiles
Compiler.compile,asList
Compiler.compile,getTask
Compiler.compile,call
Compiler.compile,getDiagnostics
Compiler.compile,getKind
Compiler.compile,add
Compiler.compile,toString
Compiler.compile,assertThat
Compiler.compile,isEmpty
MyCharSeq.length,length
MyCharSeq.charAt,charAt
MyCharSeq.subSequence,subSequence
MyCharSeq.toString,println
AvailablePortFinder.run,closeSilently
AvailablePortFinder.getNextAvailable,getNextAvailable
AvailablePortFinder.getNextAvailable,get
AvailablePortFinder.getNextAvailable,set
AvailablePortFinder.getNextAvailable,available
AvailablePortFinder.getNextAvailable,debug
AvailablePortFinder.available,get
AvailablePortFinder.available,setReuseAddress
AvailablePortFinder.available,closeSilently
RuleChainFactory.create,emptyRuleChain
RuleChainFactory.create,outerRule
RuleChainFactory.create,around
CoreLoggerContexts.sleepAndCheck,sleep
CoreLoggerContexts.sleepAndCheck,length
CoreLoggerContexts.stopLoggerContext,getContext
CoreLoggerContexts.stopLoggerContext,stopLoggerContext
CoreLoggerContexts.stopLoggerContext,sleepAndCheck
InMemoryAppender.toString,getManager
InMemoryAppender.toString,toString
InMemoryAppender.toString,getOutputStream
InMemoryManager.toString,getOutputStream
InMemoryManager.toString,toString
FailOnceAppender.append,get
FailOnceAppender.append,rethrow
FailOnceAppender.append,add
FailOnceAppender.createAppender,createThrowableSupplier
FailOnceAppender.createThrowableSupplier,format
FailOnceAppender.createThrowableSupplier,equals
FailOnceAppender.createThrowableSupplier,stopCurrentThread
FailOnceAppender.stopCurrentThread,currentThread
FailOnceAppender.stopCurrentThread,stop
ListAppender.append,getLayout
ListAppender.append,add
ListAppender.append,toImmutable
ListAppender.append,getHeader
ListAppender.append,toByteArray
ListAppender.append,arraycopy
ListAppender.append,write
ListAppender.append,countDown
ListAppender.write,add
ListAppender.write,length
ListAppender.write,indexOf
ListAppender.write,get
ListAppender.write,isEmpty
ListAppender.write,size
ListAppender.write,substring
ListAppender.stop,setStopping
ListAppender.stop,getLayout
ListAppender.stop,getFooter
ListAppender.stop,write
ListAppender.stop,setStopped
ListAppender.clear,clear
ListAppender.getEvents,Collections
ListAppender.getMessages,Collections
ListAppender.getMessages,waitAtMost
ListAppender.getMessages,until
ListAppender.getMessages,size
ListAppender.getMessages,getMessages
ListAppender.getData,Collections
ListAppender.getListAppender,getContext
ListAppender.getListAppender,getConfiguration
ListAppender.getListAppender,getAppender
ListAppender.toString,getHandler
ListAppender.toString,getLayout
ListAppender.toString,getName
ListAppender.toString,ignoreExceptions
ListAppender.toString,getFilter
ListAppender.toString,getState
BlockingAppender.append,sleep
BlockingAppender.append,currentThread
BlockingAppender.append,interrupt
BlockingAppender.stop,setStopping
BlockingAppender.stop,setStopped
EncodingListAppender.writeBytes,put
EncodingListAppender.append,getLayout
EncodingListAppender.append,add
EncodingListAppender.append,put
EncodingListAppender.append,getHeader
EncodingListAppender.append,encode
EncodingListAppender.append,getByteBuffer
EncodingListAppender.append,flip
EncodingListAppender.append,remaining
EncodingListAppender.append,get
EncodingListAppender.append,write
Destination.writeBytes,put
Destination.writeBytes,writeToUnsynchronized
JdbcH2TestHelper.getConnection,getConnectionInMemory
JdbcH2TestHelper.getConnection,getConnectionTempDir
JdbcH2TestHelper.getConnectionInMemory,getConnection
JdbcH2TestHelper.getConnectionTempDir,getConnection
FileMatchers.exists,is
FileMatchers.exists,exists
FileMatchers.featureValueOf,exists
FileMatchers.featureValueOf,length
FileMatchers.featureValueOf,lastModified
FileMatchers.featureValueOf,listFiles
FileMatchers.featureValueOf,getName
FileMatchers.hasLength,length
FileMatchers.hasLength,hasLength
FileMatchers.hasLength,equalTo
FileMatchers.hasLength,longValue
FileMatchers.isEmpty,hasLength
FileMatchers.lastModified,lastModified
FileMatchers.beforeNow,lessThanOrEqualTo
FileMatchers.beforeNow,currentTimeMillis
FileMatchers.hasNumberOfFiles,listFiles
FileMatchers.hasFiles,hasNumberOfFiles
FileMatchers.hasFiles,greaterThan
FileMatchers.hasName,getName
MapMatchers.hasSize,size
MapMatchers.hasSize,hasSize
MapMatchers.hasSize,equalTo
MapMatchers.featureValueOf,size
Descriptors.that,appendText
Descriptors.that,appendDescriptionOf
Descriptors.describeTo,appendText
Descriptors.describeTo,appendDescriptionOf
LegacyBsdTlsSyslogInputStreamReader.read,read
LegacyBsdTlsSyslogInputStreamReader.read,write
LegacyBsdTlsSyslogInputStreamReader.read,size
LegacyBsdTlsSyslogInputStreamReader.read,toString
LegacyBsdTlsSyslogInputStreamReader.read,reset
TlsSyslogTestUtil.generateMessages,generateMessages
TlsSyslogTestUtil.generateMessages,createRandomMessage
TlsSyslogTestUtil.generateMessages,add
TlsSyslogTestUtil.createRandomMessage,toCharArray
TlsSyslogTestUtil.createRandomMessage,nextInt
TlsSyslogTestUtil.createRandomMessage,append
TlsSyslogTestUtil.createRandomMessage,toString
TlsSyslogTestUtil.getRandomInt,nextInt
TlsSyslogInputStreamReader.read,readMessageLength
TlsSyslogInputStreamReader.read,readMessage
TlsSyslogInputStreamReader.read,buildMessage
TlsSyslogInputStreamReader.readMessageLength,readBytesUntilNextSpace
TlsSyslogInputStreamReader.readMessageLength,calculateNextMessageLength
TlsSyslogInputStreamReader.readMessage,min
TlsSyslogInputStreamReader.readMessage,read
TlsSyslogInputStreamReader.readMessage,write
TlsSyslogInputStreamReader.buildMessage,toString
TlsSyslogInputStreamReader.buildMessage,reset
TlsSyslogInputStreamReader.readBytesUntilNextSpace,read
TlsSyslogInputStreamReader.calculateNextMessageLength,copyOfRange
TlsSyslogInputStreamReader.calculateNextMessageLength,parseInt
MockTcpSyslogServer.getLocalPort,getLocalPort
MockTcpSyslogServer.shutdown,close
MockTcpSyslogServer.shutdown,error
MockTcpSyslogServer.shutdown,getName
MockTcpSyslogServer.shutdown,interrupt
MockTcpSyslogServer.shutdown,join
MockTcpSyslogServer.run,info
MockTcpSyslogServer.run,getName
MockTcpSyslogServer.run,getLocalPort
MockTcpSyslogServer.run,currentThread
MockTcpSyslogServer.run,accept
MockTcpSyslogServer.run,setSoLinger
MockTcpSyslogServer.run,getInputStream
MockTcpSyslogServer.run,read
MockTcpSyslogServer.run,add
MockTcpSyslogServer.run,warn
MockTcpSyslogServer.run,error
MockSyslogServer.getNumberOfReceivedMessages,size
MockTlsSyslogServer.getLocalPort,getLocalPort
MockTlsSyslogServer.shutdown,close
MockTlsSyslogServer.shutdown,error
MockTlsSyslogServer.shutdown,getName
MockTlsSyslogServer.shutdown,interrupt
MockTlsSyslogServer.shutdown,join
MockTlsSyslogServer.run,info
MockTlsSyslogServer.run,getName
MockTlsSyslogServer.run,getLocalPort
MockTlsSyslogServer.run,currentThread
MockTlsSyslogServer.run,waitForConnection
MockTlsSyslogServer.run,processFrames
MockTlsSyslogServer.run,printStackTrace
MockTlsSyslogServer.run,closeSockets
MockTlsSyslogServer.waitForConnection,accept
MockTlsSyslogServer.waitForConnection,getInputStream
MockTlsSyslogServer.waitForConnection,createTLSSyslogReader
MockTlsSyslogServer.closeSockets,close
MockTlsSyslogServer.closeSockets,printStackTrace
MockTlsSyslogServer.processFrames,read
MockTlsSyslogServer.processFrames,debug
MockTlsSyslogServer.processFrames,getName
MockTlsSyslogServer.processFrames,add
MockTlsSyslogServer.processFrames,isEndOfMessages
MockTlsSyslogServer.processFrames,notify
MockUdpSyslogServer.getLocalPort,getLocalPort
MockUdpSyslogServer.shutdown,close
MockUdpSyslogServer.shutdown,interrupt
MockUdpSyslogServer.shutdown,join
MockUdpSyslogServer.shutdown,error
MockUdpSyslogServer.shutdown,getName
MockUdpSyslogServer.run,info
MockUdpSyslogServer.run,getName
MockUdpSyslogServer.run,getLocalPort
MockUdpSyslogServer.run,currentThread
MockUdpSyslogServer.run,receive
MockUdpSyslogServer.run,getData
MockUdpSyslogServer.run,getLength
MockUdpSyslogServer.run,debug
MockUdpSyslogServer.run,add
MockUdpSyslogServer.run,rethrow
Profiler.cpuSampling,getDeclaredField
Profiler.cpuSampling,getLong
Profiler.snapshotWithoutHeap,getDeclaredField
Profiler.snapshotWithoutHeap,getLong
Profiler.start,getMethod
Profiler.start,invoke
Profiler.start,cpuSampling
Profiler.start,error
Profiler.stop,getMethod
Profiler.stop,invoke
Profiler.stop,snapshotWithoutHeap
Profiler.stop,error
LoggerContextRule.apply,getProperties
LoggerContextRule.apply,containsKey
LoggerContextRule.apply,getLogger
LoggerContextRule.apply,setLevel
LoggerContextRule.apply,getClassName
LoggerContextRule.apply,setProperty
LoggerContextRule.apply,getName
LoggerContextRule.apply,getDisplayName
LoggerContextRule.apply,initialize
LoggerContextRule.apply,getTestClass
LoggerContextRule.apply,getClassLoader
LoggerContextRule.apply,evaluate
LoggerContextRule.apply,shutdown
LoggerContextRule.apply,error
LoggerContextRule.apply,reset
LoggerContextRule.apply,clearProperty
LoggerContextRule.evaluate,setProperty
LoggerContextRule.evaluate,getName
LoggerContextRule.evaluate,getClassName
LoggerContextRule.evaluate,getDisplayName
LoggerContextRule.evaluate,initialize
LoggerContextRule.evaluate,getTestClass
LoggerContextRule.evaluate,getClassLoader
LoggerContextRule.evaluate,evaluate
LoggerContextRule.evaluate,shutdown
LoggerContextRule.evaluate,getLogger
LoggerContextRule.evaluate,error
LoggerContextRule.evaluate,reset
LoggerContextRule.evaluate,clearProperty
LoggerContextRule.getAppender,getConfiguration
LoggerContextRule.getAppender,getAppenders
LoggerContextRule.getAppender,get
LoggerContextRule.getAppender,cast
LoggerContextRule.getConfiguration,getConfiguration
LoggerContextRule.getListAppender,getAppender
LoggerContextRule.getLogger,getLogger
LoggerContextRule.getLogger,getName
LoggerContextRule.getRequiredAppender,getAppender
LoggerContextRule.getRequiredAppender,assertNotNull
LoggerContextRule.getRootLogger,getRootLogger
LoggerContextRule.reconfigure,reconfigure
LoggerContextRule.toString,append
LoggerContextRule.toString,toString
LoggerContextRule.withCleanFilesRule,outerRule
LoggerContextRule.withCleanFilesRule,around
LoggerContextRule.withCleanFoldersRule,outerRule
LoggerContextRule.withCleanFoldersRule,around
JdbcRule.apply,getConnection
JdbcRule.apply,createStatement
JdbcRule.apply,isNotEmpty
JdbcRule.apply,executeUpdate
JdbcRule.apply,evaluate
JdbcRule.apply,execute
JdbcRule.evaluate,getConnection
JdbcRule.evaluate,createStatement
JdbcRule.evaluate,isNotEmpty
JdbcRule.evaluate,executeUpdate
JdbcRule.evaluate,evaluate
JdbcRule.evaluate,execute
JdbcRule.getConnection,getConnection
AbstractExternalFileCleaner.after,cleanAfter
AbstractExternalFileCleaner.after,clean
AbstractExternalFileCleaner.before,cleanBefore
AbstractExternalFileCleaner.before,clean
AbstractExternalFileCleaner.clean,getPaths
AbstractExternalFileCleaner.clean,exists
AbstractExternalFileCleaner.clean,getMaxTries
AbstractExternalFileCleaner.clean,clean
AbstractExternalFileCleaner.clean,containsKey
AbstractExternalFileCleaner.clean,remove
AbstractExternalFileCleaner.clean,println
AbstractExternalFileCleaner.clean,printStackTrace
AbstractExternalFileCleaner.clean,put
AbstractExternalFileCleaner.clean,sleep
AbstractExternalFileCleaner.clean,size
AbstractExternalFileCleaner.clean,entrySet
AbstractExternalFileCleaner.clean,getValue
AbstractExternalFileCleaner.clean,append
AbstractExternalFileCleaner.clean,getKey
AbstractExternalFileCleaner.clean,fail
AbstractExternalFileCleaner.clean,toString
AbstractExternalFileCleaner.printf,printf
AbstractExternalFileCleaner.println,println
AbstractExternalFileCleaner.printStackTrace,printStackTrace
AbstractExternalFileCleaner.toString,getClass
AbstractExternalFileCleaner.toString,getSimpleName
URLStreamHandlerFactoryRule.clearURLHandlers,getDeclaredField
URLStreamHandlerFactoryRule.clearURLHandlers,isAccessible
URLStreamHandlerFactoryRule.clearURLHandlers,setAccessible
URLStreamHandlerFactoryRule.clearURLHandlers,get
URLStreamHandlerFactoryRule.clearURLHandlers,clear
URLStreamHandlerFactoryRule.apply,getDeclaredFields
URLStreamHandlerFactoryRule.apply,equals
URLStreamHandlerFactoryRule.apply,getType
URLStreamHandlerFactoryRule.apply,setAccessible
URLStreamHandlerFactoryRule.apply,get
URLStreamHandlerFactoryRule.apply,assertNotNull
URLStreamHandlerFactoryRule.apply,assertEquals
URLStreamHandlerFactoryRule.apply,setURLStreamHandlerFactory
URLStreamHandlerFactoryRule.apply,evaluate
URLStreamHandlerFactoryRule.apply,clearURLHandlers
URLStreamHandlerFactoryRule.apply,set
URLStreamHandlerFactoryRule.evaluate,getDeclaredFields
URLStreamHandlerFactoryRule.evaluate,equals
URLStreamHandlerFactoryRule.evaluate,getType
URLStreamHandlerFactoryRule.evaluate,setAccessible
URLStreamHandlerFactoryRule.evaluate,get
URLStreamHandlerFactoryRule.evaluate,assertNotNull
URLStreamHandlerFactoryRule.evaluate,assertEquals
URLStreamHandlerFactoryRule.evaluate,setURLStreamHandlerFactory
URLStreamHandlerFactoryRule.evaluate,evaluate
URLStreamHandlerFactoryRule.evaluate,clearURLHandlers
URLStreamHandlerFactoryRule.evaluate,set
JndiRule.apply,emptyActivatedContextBuilder
JndiRule.apply,entrySet
JndiRule.apply,bind
JndiRule.apply,getKey
JndiRule.apply,getValue
JndiRule.apply,evaluate
JndiRule.evaluate,emptyActivatedContextBuilder
JndiRule.evaluate,entrySet
JndiRule.evaluate,bind
JndiRule.evaluate,getKey
JndiRule.evaluate,getValue
JndiRule.evaluate,evaluate
TestPropertyLookup.lookup,getProperties
TestPropertyLookup.lookup,getProperty
CleanFiles.clean,deleteIfExists
ConfigurationResolver.resolveParameter,getParameterLoggerContext
ConfigurationResolver.resolveParameter,getConfiguration
LoggerContextResolver.beforeAll,getRequiredTestClass
LoggerContextResolver.beforeAll,findAnnotation
LoggerContextResolver.beforeAll,ifPresent
LoggerContextResolver.beforeAll,getTestClassStore
LoggerContextResolver.beforeAll,put
LoggerContextResolver.afterAll,getTestClassStore
LoggerContextResolver.afterAll,get
LoggerContextResolver.afterAll,close
LoggerContextResolver.beforeEach,getRequiredTestClass
LoggerContextResolver.beforeEach,isAnnotated
LoggerContextResolver.beforeEach,getTestClassStore
LoggerContextResolver.beforeEach,get
LoggerContextResolver.beforeEach,getCanonicalName
LoggerContextResolver.beforeEach,reconfigure
LoggerContextResolver.beforeEach,findAnnotation
LoggerContextResolver.beforeEach,ifPresent
LoggerContextResolver.beforeEach,getTestInstanceStore
LoggerContextResolver.beforeEach,put
LoggerContextResolver.beforeEach,getRequiredTestMethod
LoggerContextResolver.afterEach,getTestInstanceStore
LoggerContextResolver.afterEach,get
LoggerContextResolver.afterEach,close
LoggerContextResolver.afterEach,getRequiredTestClass
LoggerContextResolver.afterEach,isAnnotated
LoggerContextResolver.afterEach,getTestClassStore
LoggerContextResolver.afterEach,getCanonicalName
LoggerContextResolver.afterEach,reconfigure
LoggerContextResolver.resolveParameter,getParameterLoggerContext
LoggerContextResolver.getTestClassStore,getStore
LoggerContextResolver.getTestClassStore,create
LoggerContextResolver.getTestClassStore,getRequiredTestClass
LoggerContextResolver.getTestInstanceStore,getStore
LoggerContextResolver.getTestInstanceStore,create
LoggerContextResolver.getTestInstanceStore,getRequiredTestInstance
LoggerContextResolver.getParameterLoggerContext,getDeclaringExecutable
LoggerContextResolver.getParameterLoggerContext,getTestInstanceStore
LoggerContextResolver.getParameterLoggerContext,get
LoggerContextResolver.getParameterLoggerContext,getLoggerContext
LoggerContextResolver.getParameterLoggerContext,getTestClassStore
LoggerContextResolver.getConfigLocation,value
LoggerContextResolver.getConfigLocation,isEmpty
LoggerContextResolver.getConfigLocation,getRequiredTestClass
LoggerContextResolver.getConfigLocation,getResource
LoggerContextResolver.getConfigLocation,getSimpleName
LoggerContextResolver.getConfigLocation,toURI
LoggerContextResolver.getConfigLocation,toString
LoggerContextResolver.getConfigLocation,getSuperclass
LoggerContextResolver.getConfigLocation,getName
LoggerContextResolver.getConfigLocation,replaceAll
LoggerContextResolver.reconfigure,reconfigure
LoggerContextResolver.close,stop
LoggerContextConfig.getConfigLocation,value
LoggerContextConfig.getConfigLocation,isEmpty
LoggerContextConfig.getConfigLocation,getRequiredTestClass
LoggerContextConfig.getConfigLocation,getResource
LoggerContextConfig.getConfigLocation,getSimpleName
LoggerContextConfig.getConfigLocation,toURI
LoggerContextConfig.getConfigLocation,toString
LoggerContextConfig.getConfigLocation,getSuperclass
LoggerContextConfig.getConfigLocation,getName
LoggerContextConfig.getConfigLocation,replaceAll
LoggerContextConfig.reconfigure,reconfigure
LoggerContextConfig.close,stop
CleanFolders.postVisitDirectory,printf
CleanFolders.postVisitDirectory,deleteIfExists
CleanFolders.printf,printf
CleanFolders.visitFile,printf
CleanFolders.visitFile,deleteIfExists
CleanFolders.clean,cleanFolder
CleanFolders.cleanFolder,exists
CleanFolders.cleanFolder,isDirectory
CleanFolders.cleanFolder,walkFileTree
CleanFolders.cleanFolder,getPrintStream
DeleteAllFileVisitor.postVisitDirectory,printf
DeleteAllFileVisitor.postVisitDirectory,deleteIfExists
DeleteAllFileVisitor.printf,printf
DeleteAllFileVisitor.visitFile,printf
DeleteAllFileVisitor.visitFile,deleteIfExists
AppenderResolver.supportsParameter,isAssignableFrom
AppenderResolver.supportsParameter,getParameter
AppenderResolver.supportsParameter,getType
AppenderResolver.supportsParameter,isAnnotated
AppenderResolver.resolveParameter,getParameterLoggerContext
AppenderResolver.resolveParameter,findAnnotation
AppenderResolver.resolveParameter,map
AppenderResolver.resolveParameter,isEmpty
AppenderResolver.resolveParameter,getParameter
AppenderResolver.resolveParameter,getName
AppenderResolver.resolveParameter,orElseThrow
AppenderResolver.resolveParameter,getConfiguration
AppenderResolver.resolveParameter,getAppender
Log4j2_1482_Test.assertFileContents,get
Log4j2_1482_Test.assertFileContents,readAllLines
Log4j2_1482_Test.assertFileContents,defaultCharset
Log4j2_1482_Test.assertFileContents,size
Log4j2_1482_Test.assertFileContents,startsWith
Log4j2_1482_Test.assertFileContents,toFile
Log4j2_1482_Test.assertFileContents,listFiles
Log4j2_1482_Test.assertFileContents,sort
Log4j2_1482_Test.assertFileContents,println
Log4j2_1482_Test.assertFileContents,toString
Log4j2_1482_Test.assertFileContents,fail
Log4j2_1482_Test.assertFileContents,format
Log4j2_1482_Test.loopingRun,initialize
Log4j2_1482_Test.loopingRun,getClass
Log4j2_1482_Test.loopingRun,getName
Log4j2_1482_Test.loopingRun,log
Log4j2_1482_Test.loopingRun,assertFileContents
Log4j2_1482_Test.testLoopingRun,loopingRun
Log4j2_1482_Test.testSingleRun,loopingRun
SmtpMessage.store,equals
SmtpMessage.store,getNextState
SmtpMessage.store,indexOf
SmtpMessage.store,substring
SmtpMessage.store,trim
SmtpMessage.store,addHeader
SmtpMessage.store,append
SmtpMessage.getHeaderNames,keySet
SmtpMessage.getHeaderNames,iterator
SmtpMessage.getHeaderValues,get
SmtpMessage.getHeaderValues,toArray
SmtpMessage.getHeaderValue,get
SmtpMessage.getHeaderValue,iterator
SmtpMessage.getHeaderValue,hasNext
SmtpMessage.getHeaderValue,next
SmtpMessage.getBody,toString
SmtpMessage.addHeader,get
SmtpMessage.addHeader,put
SmtpMessage.addHeader,add
SmtpMessage.toString,entrySet
SmtpMessage.toString,getKey
SmtpMessage.toString,getValue
SmtpMessage.toString,append
SmtpMessage.toString,toString
SmtpRequest.execute,isStateless
SmtpRequest.createRequest,equals
SmtpRequest.createRequest,length
SmtpRequest.createRequest,toRootUpperCase
SmtpRequest.createRequest,startsWith
SmtpRequest.createRequest,substring
SimpleSmtpServer.run,setSoTimeout
SimpleSmtpServer.run,notifyAll
SimpleSmtpServer.run,isStopped
SimpleSmtpServer.run,accept
SimpleSmtpServer.run,close
SimpleSmtpServer.run,getInputStream
SimpleSmtpServer.run,getOutputStream
SimpleSmtpServer.run,handleTransaction
SimpleSmtpServer.run,addAll
SimpleSmtpServer.run,printStackTrace
SimpleSmtpServer.stop,close
SimpleSmtpServer.handleTransaction,execute
SimpleSmtpServer.handleTransaction,sendResponse
SimpleSmtpServer.handleTransaction,getNextState
SimpleSmtpServer.handleTransaction,readLine
SimpleSmtpServer.handleTransaction,createRequest
SimpleSmtpServer.handleTransaction,getParams
SimpleSmtpServer.handleTransaction,store
SimpleSmtpServer.handleTransaction,add
SimpleSmtpServer.sendResponse,getCode
SimpleSmtpServer.sendResponse,getMessage
SimpleSmtpServer.sendResponse,print
SimpleSmtpServer.sendResponse,flush
SimpleSmtpServer.getReceivedEmail,iterator
SimpleSmtpServer.getReceivedEmailSize,size
SimpleSmtpServer.start,start
SimpleSmtpServer.start,wait
ThrowVsReturnBenchmark.withReturn,withReturn
ThrowVsReturnBenchmark.withReturn,doWork
ThrowVsReturnBenchmark.withThrow,withThrow
ThrowVsReturnBenchmark.withThrow,doWork
ThrowVsReturnBenchmark.doWork,consume
ThreadContextBenchmarkAccess.init,init
CliArgs.parseArgs,isFile
CliArgs.parseArgs,canRead
CliArgs.parseArgs,touch
CliArgs.touch,requireNonNull
CliArgs.touch,toPath
CliArgs.touch,exists
CliArgs.touch,setLastModifiedTime
CliArgs.touch,from
CliArgs.touch,now
CliArgs.touch,createFile
JmhSetup.ofJmhResult,readObject
JmhSetup.ofJmhResult,ofJmhResult
JmhSetup.ofJmhResult,stream
JmhSetup.ofJmhResult,findFirst
JmhSetup.ofJmhResult,get
JmhSetup.ofJmhResult,readObjectAtPath
JmhSummary.ofJmhResult,readObject
JmhSummary.ofJmhResult,ofJmhResult
JmhSummary.ofJmhResult,stream
JmhSummary.ofJmhResult,map
JmhSummary.ofJmhResult,readBigDecimalAtPath
JmhSummary.ofJmhResult,max
JmhSummary.ofJmhResult,get
JmhSummary.ofJmhResult,readObjectAtPath
JmhSummary.ofJmhResult,collect
JmhSummary.ofJmhResult,toList
JsonTemplateLayoutBenchmarkState.createJtl4JsonLayout,newBuilder
JsonTemplateLayoutBenchmarkState.createJtl4JsonLayout,setConfiguration
JsonTemplateLayoutBenchmarkState.createJtl4JsonLayout,setCharset
JsonTemplateLayoutBenchmarkState.createJtl4JsonLayout,setEventTemplateUri
JsonTemplateLayoutBenchmarkState.createJtl4JsonLayout,setRecyclerFactory
JsonTemplateLayoutBenchmarkState.createJtl4JsonLayout,getInstance
JsonTemplateLayoutBenchmarkState.createJtl4JsonLayout,build
JsonTemplateLayoutBenchmarkState.createJtl4EcsLayout,newBuilder
JsonTemplateLayoutBenchmarkState.createJtl4EcsLayout,setKey
JsonTemplateLayoutBenchmarkState.createJtl4EcsLayout,setValue
JsonTemplateLayoutBenchmarkState.createJtl4EcsLayout,build
JsonTemplateLayoutBenchmarkState.createJtl4EcsLayout,setConfiguration
JsonTemplateLayoutBenchmarkState.createJtl4EcsLayout,setCharset
JsonTemplateLayoutBenchmarkState.createJtl4EcsLayout,setEventTemplateUri
JsonTemplateLayoutBenchmarkState.createJtl4EcsLayout,setRecyclerFactory
JsonTemplateLayoutBenchmarkState.createJtl4EcsLayout,getInstance
JsonTemplateLayoutBenchmarkState.createJtl4EcsLayout,setEventTemplateAdditionalFields
JsonTemplateLayoutBenchmarkState.createJtl4GelfLayout,newBuilder
JsonTemplateLayoutBenchmarkState.createJtl4GelfLayout,setConfiguration
JsonTemplateLayoutBenchmarkState.createJtl4GelfLayout,setCharset
JsonTemplateLayoutBenchmarkState.createJtl4GelfLayout,setEventTemplateUri
JsonTemplateLayoutBenchmarkState.createJtl4GelfLayout,setRecyclerFactory
JsonTemplateLayoutBenchmarkState.createJtl4GelfLayout,getInstance
JsonTemplateLayoutBenchmarkState.createJtl4GelfLayout,setEventTemplateAdditionalFields
JsonTemplateLayoutBenchmarkState.createJtl4GelfLayout,setKey
JsonTemplateLayoutBenchmarkState.createJtl4GelfLayout,setValue
JsonTemplateLayoutBenchmarkState.createJtl4GelfLayout,getLocalHostname
JsonTemplateLayoutBenchmarkState.createJtl4GelfLayout,build
JsonTemplateLayoutBenchmarkState.createDefaultJsonLayout,newBuilder
JsonTemplateLayoutBenchmarkState.createDefaultJsonLayout,setConfiguration
JsonTemplateLayoutBenchmarkState.createDefaultJsonLayout,setCharset
JsonTemplateLayoutBenchmarkState.createDefaultJsonLayout,build
JsonTemplateLayoutBenchmarkState.createCustomJsonLayout,newBuilder
JsonTemplateLayoutBenchmarkState.createCustomJsonLayout,setConfiguration
JsonTemplateLayoutBenchmarkState.createCustomJsonLayout,setCharset
JsonTemplateLayoutBenchmarkState.createCustomJsonLayout,setAdditionalFields
JsonTemplateLayoutBenchmarkState.createCustomJsonLayout,build
JsonTemplateLayoutBenchmarkState.createEcsLayout,newBuilder
JsonTemplateLayoutBenchmarkState.createEcsLayout,setConfiguration
JsonTemplateLayoutBenchmarkState.createEcsLayout,setServiceName
JsonTemplateLayoutBenchmarkState.createEcsLayout,build
JsonTemplateLayoutBenchmarkState.createEcsLayout,getCharset
JsonTemplateLayoutBenchmarkState.createEcsLayout,equals
JsonTemplateLayoutBenchmarkState.createGelfLayout,newBuilder
JsonTemplateLayoutBenchmarkState.createGelfLayout,setConfiguration
JsonTemplateLayoutBenchmarkState.createGelfLayout,setCharset
JsonTemplateLayoutBenchmarkState.createGelfLayout,setCompressionType
JsonTemplateLayoutBenchmarkState.createGelfLayout,build
JsonTemplateLayoutBenchmark.fullJtl4JsonLayout,benchmark
JsonTemplateLayoutBenchmark.fullJtl4JsonLayout,getJtl4JsonLayout
JsonTemplateLayoutBenchmark.fullJtl4JsonLayout,getFullLogEvents
JsonTemplateLayoutBenchmark.liteJtl4JsonLayout,benchmark
JsonTemplateLayoutBenchmark.liteJtl4JsonLayout,getJtl4JsonLayout
JsonTemplateLayoutBenchmark.liteJtl4JsonLayout,getLiteLogEvents
JsonTemplateLayoutBenchmark.fullJtl4EcsLayout,benchmark
JsonTemplateLayoutBenchmark.fullJtl4EcsLayout,getJtl4EcsLayout
JsonTemplateLayoutBenchmark.fullJtl4EcsLayout,getFullLogEvents
JsonTemplateLayoutBenchmark.liteJtl4EcsLayout,benchmark
JsonTemplateLayoutBenchmark.liteJtl4EcsLayout,getJtl4EcsLayout
JsonTemplateLayoutBenchmark.liteJtl4EcsLayout,getLiteLogEvents
JsonTemplateLayoutBenchmark.fullJtl4GelfLayout,benchmark
JsonTemplateLayoutBenchmark.fullJtl4GelfLayout,getJtl4GelfLayout
JsonTemplateLayoutBenchmark.fullJtl4GelfLayout,getFullLogEvents
JsonTemplateLayoutBenchmark.liteJtl4GelfLayout,benchmark
JsonTemplateLayoutBenchmark.liteJtl4GelfLayout,getJtl4GelfLayout
JsonTemplateLayoutBenchmark.liteJtl4GelfLayout,getLiteLogEvents
JsonTemplateLayoutBenchmark.fullDefaultJsonLayout,benchmark
JsonTemplateLayoutBenchmark.fullDefaultJsonLayout,getDefaultJsonLayout
JsonTemplateLayoutBenchmark.fullDefaultJsonLayout,getFullLogEvents
JsonTemplateLayoutBenchmark.liteDefaultJsonLayout,benchmark
JsonTemplateLayoutBenchmark.liteDefaultJsonLayout,getDefaultJsonLayout
JsonTemplateLayoutBenchmark.liteDefaultJsonLayout,getLiteLogEvents
JsonTemplateLayoutBenchmark.fullCustomJsonLayout,benchmark
JsonTemplateLayoutBenchmark.fullCustomJsonLayout,getCustomJsonLayout
JsonTemplateLayoutBenchmark.fullCustomJsonLayout,getFullLogEvents
JsonTemplateLayoutBenchmark.liteCustomJsonLayout,benchmark
JsonTemplateLayoutBenchmark.liteCustomJsonLayout,getCustomJsonLayout
JsonTemplateLayoutBenchmark.liteCustomJsonLayout,getLiteLogEvents
JsonTemplateLayoutBenchmark.fullEcsLayout,benchmark
JsonTemplateLayoutBenchmark.fullEcsLayout,getEcsLayout
JsonTemplateLayoutBenchmark.fullEcsLayout,getFullLogEvents
JsonTemplateLayoutBenchmark.liteEcsLayout,benchmark
JsonTemplateLayoutBenchmark.liteEcsLayout,getEcsLayout
JsonTemplateLayoutBenchmark.liteEcsLayout,getLiteLogEvents
JsonTemplateLayoutBenchmark.fullGelfLayout,benchmark
JsonTemplateLayoutBenchmark.fullGelfLayout,getGelfLayout
JsonTemplateLayoutBenchmark.fullGelfLayout,getFullLogEvents
JsonTemplateLayoutBenchmark.liteGelfLayout,benchmark
JsonTemplateLayoutBenchmark.liteGelfLayout,getGelfLayout
JsonTemplateLayoutBenchmark.liteGelfLayout,getLiteLogEvents
JsonTemplateLayoutBenchmark.benchmark,nextLogEventIndex
JsonTemplateLayoutBenchmark.benchmark,get
JsonTemplateLayoutBenchmark.benchmark,benchmark
JsonTemplateLayoutBenchmark.benchmark,getByteBufferDestination
JsonTemplateLayoutBenchmark.benchmark,getByteBuffer
JsonTemplateLayoutBenchmark.benchmark,encode
JsonTemplateLayoutBenchmark.benchmark,position
ParameterFormatterBenchmark.latency3Params,latencyParams
ParameterFormatterBenchmark.latency5Params,latencyParams
ParameterFormatterBenchmark.latency7Params,latencyParams
ParameterFormatterBenchmark.latency9Params,latencyParams
ParameterFormatterBenchmark.latencyParams,setLength
ParameterFormatterBenchmark.latencyParams,analyzePattern
ParameterFormatterBenchmark.latencyParams,formatMessage
ParameterFormatterBenchmark.latencyParams,length
ParameterFormatterBenchmark.appendArrayToString,setLength
ParameterFormatterBenchmark.appendArrayToString,append
ParameterFormatterBenchmark.appendArrayToString,toString
ParameterFormatterBenchmark.appendArrayToString,length
ParameterFormatterBenchmark.appendArrayStringBuilder,setLength
ParameterFormatterBenchmark.appendArrayStringBuilder,appendArray
ParameterFormatterBenchmark.appendArrayStringBuilder,length
GarbageFreeOpenHashMapThreadContextMap.createStringMap,getProperties
GarbageFreeOpenHashMapThreadContextMap.createStringMap,getIntegerProperty
StringAppender.append,getLayout
StringAppender.append,getHeader
StringAppender.append,toByteArray
StringAppender.append,arraycopy
StringAppender.stop,setStopped
StringAppender.getStringAppender,getContext
StringAppender.getStringAppender,getConfiguration
StringAppender.getStringAppender,getAppender
NoOpLog4jAppender.append,incrementAndGet
NoOpLogbackAppender.append,incrementAndGet
DemoAppender.append,getLayout
DemoAppender.append,encode
DemoAppender.append,drain
DemoAppender.append,toByteArray
DemoAppender.append,consume
DemoAppender.drain,flip
DemoAppender.drain,consume
DemoAppender.drain,array
DemoAppender.drain,position
DemoAppender.drain,limit
DemoAppender.drain,clear
DemoAppender.drain,arrayOffset
DemoAppender.writeBytes,writeToUnsynchronized
NoOpJULHandler.publish,incrementAndGet
StackDriver.deepCall,apply
StackDriver.deepCall,deepCall
StackDriver.apply,apply
Processor.apply,apply
AbstractLogger.callAppenders,append
AbstractLogger.createLogEvent,setMessage
NoGcMessage.getParamsCopy,copyOf
NoGcMessage.getState,get
NoGcMessage.getState,set
NoGcMessage.get,getState
NoGcMessage.set,getState
NoGcMessage.set,setLength
NoGcMessage.set,length
NoGcMessage.set,charAt
NoGcMessage.set,append
NoGcMessage.append,append
NoGcMessage.getFormattedMessage,getState
NoGcMessage.getFormattedMessage,toString
NoGcMessage.getParameters,getState
NoGcMessage.getParameters,getParamsCopy
InternalState.getParamsCopy,copyOf
OpenHashStringMap.initFrom0,copyOf
OpenHashStringMap.ensureCapacity,arraySize
OpenHashStringMap.ensureCapacity,rehash
OpenHashStringMap.tryCapacity,min
OpenHashStringMap.tryCapacity,max
OpenHashStringMap.tryCapacity,nextPowerOfTwo
OpenHashStringMap.tryCapacity,ceil
OpenHashStringMap.tryCapacity,rehash
OpenHashStringMap.toMap,forEach
OpenHashStringMap.clear,assertNotFrozen
OpenHashStringMap.clear,assertNoConcurrentModification
OpenHashStringMap.clear,fill
OpenHashStringMap.containsKey,containsObjectKey
OpenHashStringMap.containsObjectKey,mix
OpenHashStringMap.containsObjectKey,hashCode
OpenHashStringMap.containsObjectKey,equals
OpenHashStringMap.equals,size
OpenHashStringMap.equals,toMap
OpenHashStringMap.equals,equals
OpenHashStringMap.forEach,accept
OpenHashStringMap.get,getObjectValue
OpenHashStringMap.getObjectValue,mix
OpenHashStringMap.getObjectValue,hashCode
OpenHashStringMap.getObjectValue,equals
OpenHashStringMap.getCopy,toMap
OpenHashStringMap.getImmutableMapOrNull,isEmpty
OpenHashStringMap.getImmutableMapOrNull,unmodifiableMap
OpenHashStringMap.getImmutableMapOrNull,toMap
OpenHashStringMap.getValue,getObjectValue
OpenHashStringMap.put,putObjectValue
OpenHashStringMap.insert,mix
OpenHashStringMap.insert,hashCode
OpenHashStringMap.insert,equals
OpenHashStringMap.insert,rehash
OpenHashStringMap.insert,arraySize
OpenHashStringMap.putAll,assertNotFrozen
OpenHashStringMap.putAll,assertNoConcurrentModification
OpenHashStringMap.putAll,isEmpty
OpenHashStringMap.putAll,initFrom0
OpenHashStringMap.putAll,forEach
OpenHashStringMap.putAll,ensureCapacity
OpenHashStringMap.putAll,size
OpenHashStringMap.putAll,tryCapacity
OpenHashStringMap.putAll,entrySet
OpenHashStringMap.putAll,putObjectValue
OpenHashStringMap.putAll,getKey
OpenHashStringMap.putAll,getValue
OpenHashStringMap.putObjectValue,assertNotFrozen
OpenHashStringMap.putObjectValue,assertNoConcurrentModification
OpenHashStringMap.putObjectValue,insert
OpenHashStringMap.putValue,putObjectValue
OpenHashStringMap.remove,removeObjectKey
OpenHashStringMap.removeObjectKey,assertNotFrozen
OpenHashStringMap.removeObjectKey,assertNoConcurrentModification
OpenHashStringMap.removeObjectKey,removeNullEntry
OpenHashStringMap.removeObjectKey,mix
OpenHashStringMap.removeObjectKey,hashCode
OpenHashStringMap.removeObjectKey,equals
OpenHashStringMap.removeObjectKey,removeEntry
OpenHashStringMap.removeEntry,shiftKeys
OpenHashStringMap.removeEntry,rehash
OpenHashStringMap.removeNullEntry,rehash
OpenHashStringMap.shiftKeys,mix
OpenHashStringMap.shiftKeys,hashCode
OpenHashStringMap.trim,nextPowerOfTwo
OpenHashStringMap.trim,ceil
OpenHashStringMap.trim,maxFill
OpenHashStringMap.trim,rehash
OpenHashStringMap.rehash,realSize
OpenHashStringMap.rehash,mix
OpenHashStringMap.rehash,hashCode
OpenHashStringMap.rehash,maxFill
OpenHashStringMap.hashCode,toMap
OpenHashStringMap.hashCode,hashCode
OpenHashStringMap.readObject,defaultReadObject
OpenHashStringMap.readObject,arraySize
OpenHashStringMap.readObject,maxFill
OpenHashStringMap.readObject,readObject
OpenHashStringMap.readObject,mix
OpenHashStringMap.readObject,hashCode
OpenHashStringMap.writeObject,defaultWriteObject
OpenHashStringMap.writeObject,forEach
OpenHashStringMap.writeObject,getCause
OpenHashStringMap.toString,append
OpenHashStringMap.toString,toString
OpenHashStringMap.maxFill,min
OpenHashStringMap.maxFill,ceil
OpenHashStringMap.arraySize,max
OpenHashStringMap.arraySize,nextPowerOfTwo
OpenHashStringMap.arraySize,ceil
HashCommon.maxFill,min
HashCommon.maxFill,ceil
HashCommon.arraySize,max
HashCommon.arraySize,nextPowerOfTwo
HashCommon.arraySize,ceil
NoGcMessagePatternConverter.format,getMessage
NoGcMessagePatternConverter.format,append
NoGcMessagePatternConverter.format,getFormattedMessage
NoGcMessagePatternConverter.format,contains
NoGcMessagePatternConverter.format,getStrSubstitutor
NoGcMessagePatternConverter.format,replace
ParameterizedMessage.argumentsToStrings,countArgumentPlaceholders
ParameterizedMessage.argumentsToStrings,arraycopy
ParameterizedMessage.argumentsToStrings,deepToString
ParameterizedMessage.getFormattedMessage,formatMessage
ParameterizedMessage.formatMessage,formatStringArgs
ParameterizedMessage.equals,getClass
ParameterizedMessage.equals,equals
ParameterizedMessage.hashCode,hashCode
ParameterizedMessage.format,formatStringArgs
ParameterizedMessage.format,valueOf
ParameterizedMessage.formatStringArgs,length
ParameterizedMessage.formatStringArgs,formatStringArgs0
ParameterizedMessage.formatStringArgs0,sumStringLengths
ParameterizedMessage.formatStringArgs0,charAt
ParameterizedMessage.formatStringArgs0,isDelimPair
ParameterizedMessage.formatStringArgs0,writeEscapedEscapeChars
ParameterizedMessage.formatStringArgs0,isOdd
ParameterizedMessage.formatStringArgs0,writeDelimPair
ParameterizedMessage.formatStringArgs0,writeArgOrDelimPair
ParameterizedMessage.formatStringArgs0,handleLiteralChar
ParameterizedMessage.formatStringArgs0,handleRemainingCharIfAny
ParameterizedMessage.sumStringLengths,valueOf
ParameterizedMessage.sumStringLengths,length
ParameterizedMessage.isDelimPair,charAt
ParameterizedMessage.handleRemainingCharIfAny,charAt
ParameterizedMessage.handleRemainingCharIfAny,handleLastChar
ParameterizedMessage.handleLastChar,writeUnescapedEscapeChars
ParameterizedMessage.handleLastChar,handleLiteralChar
ParameterizedMessage.handleLiteralChar,writeUnescapedEscapeChars
ParameterizedMessage.writeEscapedEscapeChars,writeUnescapedEscapeChars
ParameterizedMessage.writeArgOrDelimPair,writeArgAt0
ParameterizedMessage.writeArgOrDelimPair,writeDelimPair
ParameterizedMessage.writeArgAt0,valueOf
ParameterizedMessage.writeArgAt0,length
ParameterizedMessage.writeArgAt0,getChars
ParameterizedMessage.countArgumentPlaceholders,indexOf
ParameterizedMessage.countArgumentPlaceholders,length
ParameterizedMessage.countArgumentPlaceholders,charAt
ParameterizedMessage.deepToString,recursiveDeepToString
ParameterizedMessage.deepToString,toString
ParameterizedMessage.recursiveDeepToString,appendStringDateOrNull
ParameterizedMessage.recursiveDeepToString,isMaybeRecursive
ParameterizedMessage.recursiveDeepToString,appendPotentiallyRecursiveValue
ParameterizedMessage.recursiveDeepToString,tryObjectToString
ParameterizedMessage.appendStringDateOrNull,append
ParameterizedMessage.appendStringDateOrNull,valueOf
ParameterizedMessage.appendStringDateOrNull,appendDate
ParameterizedMessage.appendDate,getSimpleDateFormat
ParameterizedMessage.appendDate,append
ParameterizedMessage.appendDate,format
ParameterizedMessage.isMaybeRecursive,getClass
ParameterizedMessage.isMaybeRecursive,isArray
ParameterizedMessage.appendPotentiallyRecursiveValue,getClass
ParameterizedMessage.appendPotentiallyRecursiveValue,isArray
ParameterizedMessage.appendPotentiallyRecursiveValue,appendArray
ParameterizedMessage.appendPotentiallyRecursiveValue,appendMap
ParameterizedMessage.appendPotentiallyRecursiveValue,appendCollection
ParameterizedMessage.appendArray,append
ParameterizedMessage.appendArray,toString
ParameterizedMessage.appendArray,identityToString
ParameterizedMessage.appendArray,contains
ParameterizedMessage.appendArray,add
ParameterizedMessage.appendArray,recursiveDeepToString
ParameterizedMessage.appendMap,identityToString
ParameterizedMessage.appendMap,contains
ParameterizedMessage.appendMap,append
ParameterizedMessage.appendMap,add
ParameterizedMessage.appendMap,entrySet
ParameterizedMessage.appendMap,getKey
ParameterizedMessage.appendMap,getValue
ParameterizedMessage.appendMap,recursiveDeepToString
ParameterizedMessage.appendCollection,identityToString
ParameterizedMessage.appendCollection,contains
ParameterizedMessage.appendCollection,append
ParameterizedMessage.appendCollection,add
ParameterizedMessage.appendCollection,recursiveDeepToString
ParameterizedMessage.tryObjectToString,append
ParameterizedMessage.tryObjectToString,toString
ParameterizedMessage.tryObjectToString,handleErrorInObjectToString
ParameterizedMessage.handleErrorInObjectToString,append
ParameterizedMessage.handleErrorInObjectToString,identityToString
ParameterizedMessage.handleErrorInObjectToString,getMessage
ParameterizedMessage.handleErrorInObjectToString,getClass
ParameterizedMessage.handleErrorInObjectToString,getName
ParameterizedMessage.handleErrorInObjectToString,equals
ParameterizedMessage.identityToString,getClass
ParameterizedMessage.identityToString,getName
ParameterizedMessage.identityToString,toHexString
ParameterizedMessage.identityToString,identityHashCode
ParameterizedMessage.toString,getFormattedMessage
ClassicLogger.createLayout,newBuilder
ClassicLogger.createLayout,setCharset
ClassicLogger.createLayout,setPattern
ClassicLogger.createLayout,build
ClassicLogger.log,log
NoGcLayout.encode,toText
NoGcLayout.encode,getCachedStringBuilder
NoGcLayout.encode,getCachedHelper
NoGcLayout.encode,encode
NoGcLayout.toText,toSerializable
NoGcLayout.getCachedStringBuilder,setLength
NoGcLayout.toSerializable,format
PatternSerializer2.toSerializable,format
NoGcLogger.log,set
NoGcLogger.log,log
MemoryHandlerJULBenchmark.up,getLogger
MemoryHandlerJULBenchmark.up,getClass
MemoryHandlerJULBenchmark.up,getName
MemoryHandlerJULBenchmark.up,setUseParentHandlers
MemoryHandlerJULBenchmark.up,addHandler
MemoryHandlerJULBenchmark.up,setLevel
MemoryHandlerJULBenchmark.throughputSimple,logp
MemoryHandlerJULBenchmark.throughputSimple,getClass
MemoryHandlerJULBenchmark.throughputSimple,getName
MemoryHandlerJULBenchmark.throughput1Param,logp
MemoryHandlerJULBenchmark.throughput1Param,getClass
MemoryHandlerJULBenchmark.throughput1Param,getName
MemoryHandlerJULBenchmark.throughput2Params,logp
MemoryHandlerJULBenchmark.throughput2Params,getClass
MemoryHandlerJULBenchmark.throughput2Params,getName
MemoryHandlerJULBenchmark.throughput3Params,logp
MemoryHandlerJULBenchmark.throughput3Params,getClass
MemoryHandlerJULBenchmark.throughput3Params,getName
MemoryHandlerJULBenchmark.throughput4Params,logp
MemoryHandlerJULBenchmark.throughput4Params,getClass
MemoryHandlerJULBenchmark.throughput4Params,getName
MemoryHandlerJULBenchmark.throughput5Params,logp
MemoryHandlerJULBenchmark.throughput5Params,getClass
MemoryHandlerJULBenchmark.throughput5Params,getName
MemoryHandlerJULBenchmark.throughput6Params,logp
MemoryHandlerJULBenchmark.throughput6Params,getClass
MemoryHandlerJULBenchmark.throughput6Params,getName
MemoryHandlerJULBenchmark.throughput7Params,logp
MemoryHandlerJULBenchmark.throughput7Params,getClass
MemoryHandlerJULBenchmark.throughput7Params,getName
MemoryHandlerJULBenchmark.throughput8Params,logp
MemoryHandlerJULBenchmark.throughput8Params,getClass
MemoryHandlerJULBenchmark.throughput8Params,getName
MemoryHandlerJULBenchmark.throughput9Params,logp
MemoryHandlerJULBenchmark.throughput9Params,getClass
MemoryHandlerJULBenchmark.throughput9Params,getName
MemoryHandlerJULBenchmark.throughput10Params,logp
MemoryHandlerJULBenchmark.throughput10Params,getClass
MemoryHandlerJULBenchmark.throughput10Params,getName
MemoryHandlerJULBenchmark.throughput11Params,logp
MemoryHandlerJULBenchmark.throughput11Params,getClass
MemoryHandlerJULBenchmark.throughput11Params,getName
AsyncAppenderLog4j1Benchmark.up,setProperty
AsyncAppenderLog4j1Benchmark.up,getLogger
AsyncAppenderLog4j1Benchmark.up,getClass
AsyncAppenderLog4j1Benchmark.down,shutdown
AsyncAppenderLog4j1Benchmark.down,delete
AsyncAppenderLog4j1Benchmark.throughputSimple,info
AsyncAppenderLog4j1Benchmark.throughput1Param,info
AsyncAppenderLog4j1Benchmark.throughput2Params,info
AsyncAppenderLog4j1Benchmark.throughput3Params,info
AsyncAppenderLog4j1Benchmark.throughput4Params,info
AsyncAppenderLog4j1Benchmark.throughput5Params,info
AsyncAppenderLog4j1Benchmark.throughput6Params,info
AsyncAppenderLog4j1Benchmark.throughput7Params,info
AsyncAppenderLog4j1Benchmark.throughput8Params,info
AsyncAppenderLog4j1Benchmark.throughput9Params,info
AsyncAppenderLog4j1Benchmark.throughput10Params,info
AsyncAppenderLog4j1Benchmark.throughput11Params,info
FileAppenderBenchmark.setUp,setProperty
FileAppenderBenchmark.setUp,deleteLogFiles
FileAppenderBenchmark.setUp,getLogger
FileAppenderBenchmark.setUp,getClass
FileAppenderBenchmark.setUp,getName
FileAppenderBenchmark.setUp,setUseParentHandlers
FileAppenderBenchmark.setUp,addHandler
FileAppenderBenchmark.setUp,setLevel
FileAppenderBenchmark.tearDown,clearProperty
FileAppenderBenchmark.tearDown,deleteLogFiles
FileAppenderBenchmark.deleteLogFiles,delete
FileAppenderBenchmark.log4j2RAF,debug
FileAppenderBenchmark.log4j2AsyncAppender,debug
FileAppenderBenchmark.log4j2AsyncDisruptor,debug
FileAppenderBenchmark.log4j2AsyncLogger,debug
FileAppenderBenchmark.log4j2File,debug
FileAppenderBenchmark.log4j2Builder,atDebug
FileAppenderBenchmark.log4j2Builder,withLocation
FileAppenderBenchmark.log4j2Builder,log
FileAppenderBenchmark.logbackFile,debug
FileAppenderBenchmark.logbackAsyncFile,debug
FileAppenderBenchmark.log4j1File,debug
FileAppenderBenchmark.julFile,logp
FileAppenderBenchmark.julFile,getClass
FileAppenderBenchmark.julFile,getName
MarkerFilterBenchmark.setUp,setProperty
MarkerFilterBenchmark.setUp,getMarker
MarkerFilterBenchmark.setUp,add
MarkerFilterBenchmark.setUp,addParents
MarkerFilterBenchmark.setUp,getLogger
MarkerFilterBenchmark.tearDown,clearProperty
MarkerFilterBenchmark.log4jParentMarker,info
MarkerFilterBenchmark.log4jSimpleMarker,info
MarkerFilterBenchmark.log4jTooFine,trace
MarkerFilterBenchmark.logbackParentMarker,info
MarkerFilterBenchmark.logbackSimpleMarker,info
MarkerFilterBenchmark.logbackTooFine,trace
StringEncodingBenchmark.defaultStringGetBytes,getBytes
StringEncodingBenchmark.iso8859_1StringGetBytesString,getBytes
StringEncodingBenchmark.iso8859_1StringGetBytesCharSet,getBytes
StringEncodingBenchmark.usAsciiStringGetBytesString,getBytes
StringEncodingBenchmark.usAsciiStringGetBytesCharSet,getBytes
StringEncodingBenchmark.defaultStringGetBytesString,getBytes
StringEncodingBenchmark.defaultStringGetBytesCharSet,getBytes
StringEncodingBenchmark.shiftJisStringGetBytesString,getBytes
StringEncodingBenchmark.shiftJisStringGetBytesCharSet,getBytes
StringEncodingBenchmark.shiftJisEncoder,encode
StringEncodingBenchmark.shiftJisEncoder,wrap
StringEncodingBenchmark.shiftJisEncoder,array
StringEncodingBenchmark.iso8859_1Encoder,encode
StringEncodingBenchmark.iso8859_1Encoder,wrap
StringEncodingBenchmark.iso8859_1Encoder,array
StringEncodingBenchmark.iso8859_1CustomCastToByte,length
StringEncodingBenchmark.iso8859_1CustomCastToByte,charAt
StringEncodingBenchmark.iso8859_1CustomVerifyAndCast,length
StringEncodingBenchmark.iso8859_1CustomVerifyAndCast,charAt
StringEncodingBenchmark.iso8859_1CustomVerifyAndCast,nonIsoChar
StringEncodingBenchmark.nonIsoChar,charAt
StringEncodingBenchmark.nonIsoChar,isHighSurrogate
StringEncodingBenchmark.nonIsoChar,length
StringEncodingBenchmark.nonIsoChar,isLowSurrogate
StringEncodingBenchmark.iso8859_1CustomPortedJDK8,length
StringEncodingBenchmark.iso8859_1CustomPortedJDK8,encode
StringEncodingBenchmark.encodeISOArray,charAt
StringEncodingBenchmark.encode,min
StringEncodingBenchmark.encode,encodeISOArray
StringEncodingBenchmark.encode,charAt
StringEncodingBenchmark.encode,isHighSurrogate
StringEncodingBenchmark.encode,isLowSurrogate
StringEncodingBenchmark.iso8859_1CustomPortedJDK8CopyArray,toCharArray
StringEncodingBenchmark.iso8859_1CustomPortedJDK8CopyArray,encode0
StringEncodingBenchmark.encode0,min
StringEncodingBenchmark.encode0,encodeISOArray0
StringEncodingBenchmark.encode0,isHighSurrogate
StringEncodingBenchmark.encode0,isLowSurrogate
ParameterizedMessageBenchmark.classicGetFormattedMsg,getFormattedMessage
ParameterizedMessageBenchmark.refactoredGetFormattedMsg,getFormattedMessage
ParameterizedMessageBenchmark.refactoredFormatTo,setLength
ParameterizedMessageBenchmark.refactoredFormatTo,formatTo
ParameterizedMessageBenchmark.refactoredFormatTo,length
AsyncLoggersLocationBenchmark.up,setProperty
AsyncLoggersLocationBenchmark.up,getLogger
AsyncLoggersLocationBenchmark.up,getClass
AsyncLoggersLocationBenchmark.up,delete
AsyncLoggersLocationBenchmark.down,getContext
AsyncLoggersLocationBenchmark.down,delete
AsyncLoggersLocationBenchmark.throughputSimple,info
FileAppenderThrowableBenchmark.getComplexThrowable,newProxyInstance
FileAppenderThrowableBenchmark.getComplexThrowable,getClassLoader
FileAppenderThrowableBenchmark.getComplexThrowable,forName
FileAppenderThrowableBenchmark.getComplexThrowable,getName
FileAppenderThrowableBenchmark.getComplexThrowable,invoke
FileAppenderThrowableBenchmark.getComplexThrowable,getCause
FileAppenderThrowableBenchmark.getComplexThrowable,action
FileAppenderThrowableBenchmark.setUp,deleteLogFiles
FileAppenderThrowableBenchmark.setUp,setUp
FileAppenderThrowableBenchmark.setUp,getLogger
FileAppenderThrowableBenchmark.setUp,setProperty
FileAppenderThrowableBenchmark.setUp,getName
FileAppenderThrowableBenchmark.setUp,equals
FileAppenderThrowableBenchmark.setUp,getContext
FileAppenderThrowableBenchmark.setUp,getClass
FileAppenderThrowableBenchmark.setUp,setUseParentHandlers
FileAppenderThrowableBenchmark.setUp,addHandler
FileAppenderThrowableBenchmark.setUp,setLevel
FileAppenderThrowableBenchmark.tearDown,tearDown
FileAppenderThrowableBenchmark.tearDown,deleteLogFiles
FileAppenderThrowableBenchmark.tearDown,close
FileAppenderThrowableBenchmark.deleteLogFiles,delete
FileAppenderThrowableBenchmark.log,error
FileAppenderThrowableBenchmark.log,logp
FileAppenderThrowableBenchmark.log,getName
FileAppenderThrowableBenchmark.simpleThrowable,log
FileAppenderThrowableBenchmark.complexThrowable,log
StringBuilderEscapeBenchmark.escapeJsonLargeString,setLength
StringBuilderEscapeBenchmark.escapeJsonLargeString,append
StringBuilderEscapeBenchmark.escapeJsonLargeString,escapeJson
StringBuilderEscapeBenchmark.escapeJsonLargeString,length
StringBuilderEscapeBenchmark.escapeXmlLargeString,setLength
StringBuilderEscapeBenchmark.escapeXmlLargeString,append
StringBuilderEscapeBenchmark.escapeXmlLargeString,escapeXml
StringBuilderEscapeBenchmark.escapeXmlLargeString,length
StringBuilderEscapeBenchmark.repeat,length
StringBuilderEscapeBenchmark.repeat,append
StringBuilderEscapeBenchmark.repeat,toString
NanotimeBenchmark.latency_nanotime,nanoTime
NanotimeBenchmark.granularity_nanotime,nanoTime
SimpleBenchmark.setup,getContext
SimpleBenchmark.setup,getConfiguration
SimpleBenchmark.setup,equals
SimpleBenchmark.setup,getName
SimpleBenchmark.setup,println
SimpleBenchmark.setup,start
SimpleBenchmark.setup,getLogger
SimpleBenchmark.testIsDebugEnabledThroughput,consume
SimpleBenchmark.testIsDebugEnabledThroughput,isDebugEnabled
SimpleBenchmark.testIsEnabledLevelThroughput,consume
SimpleBenchmark.testIsEnabledLevelThroughput,isEnabled
SimpleBenchmark.testDebugDisabledThroughput,debug
SimpleBenchmark.testDebugMessageDisabledThroughput,debug
SimpleBenchmark.testIsDebugEnabledResponseTime,consume
SimpleBenchmark.testIsDebugEnabledResponseTime,isDebugEnabled
SimpleBenchmark.testIsEnabledLevelResponseTime,consume
SimpleBenchmark.testIsEnabledLevelResponseTime,isEnabled
SimpleBenchmark.testDebugDisabledResponseTime,debug
SimpleBenchmark.testDebugDisabledMessageResponseTime,debug
OutputBenchmark.setUp,setOut
OutputBenchmark.setUp,setProperty
OutputBenchmark.setUp,deleteLogFiles
OutputBenchmark.setUp,getLogger
OutputBenchmark.tearDown,setOut
OutputBenchmark.tearDown,close
OutputBenchmark.tearDown,clearProperty
OutputBenchmark.tearDown,deleteLogFiles
OutputBenchmark.deleteLogFiles,delete
OutputBenchmark.console,println
OutputBenchmark.log4j2File,debug
OutputBenchmark.redirect,println
Redirect.setUp,setOut
Redirect.tearDown,setOut
Redirect.tearDown,close
PatternLayoutComparisonBenchmark.createLog4j2Event,newBuilder
PatternLayoutComparisonBenchmark.createLog4j2Event,setLoggerName
PatternLayoutComparisonBenchmark.createLog4j2Event,setMarker
PatternLayoutComparisonBenchmark.createLog4j2Event,setLoggerFqcn
PatternLayoutComparisonBenchmark.createLog4j2Event,setLevel
PatternLayoutComparisonBenchmark.createLog4j2Event,setMessage
PatternLayoutComparisonBenchmark.createLog4j2Event,setThrown
PatternLayoutComparisonBenchmark.createLog4j2Event,setContextData
PatternLayoutComparisonBenchmark.createLog4j2Event,setContextStack
PatternLayoutComparisonBenchmark.createLog4j2Event,setThreadName
PatternLayoutComparisonBenchmark.createLog4j2Event,setSource
PatternLayoutComparisonBenchmark.createLog4j2Event,setTimeMillis
PatternLayoutComparisonBenchmark.createLog4j2Event,build
PatternLayoutComparisonBenchmark.setUp,setPattern
PatternLayoutComparisonBenchmark.setUp,setContext
PatternLayoutComparisonBenchmark.setUp,start
PatternLayoutComparisonBenchmark.setUp,getLayout
PatternLayoutComparisonBenchmark.makeLoggingEvent,getName
PatternLayoutComparisonBenchmark.logback,reset
PatternLayoutComparisonBenchmark.logback,encode
PatternLayoutComparisonBenchmark.log4j2,toByteArray
AsyncAppenderLog4j2Benchmark.up,setProperty
AsyncAppenderLog4j2Benchmark.up,getLogger
AsyncAppenderLog4j2Benchmark.up,getClass
AsyncAppenderLog4j2Benchmark.down,getContext
AsyncAppenderLog4j2Benchmark.down,delete
AsyncAppenderLog4j2Benchmark.throughputSimple,info
AsyncAppenderLog4j2Benchmark.throughput1Param,info
AsyncAppenderLog4j2Benchmark.throughput2Params,info
AsyncAppenderLog4j2Benchmark.throughput3Params,info
AsyncAppenderLog4j2Benchmark.throughput4Params,info
AsyncAppenderLog4j2Benchmark.throughput5Params,info
AsyncAppenderLog4j2Benchmark.throughput6Params,info
AsyncAppenderLog4j2Benchmark.throughput7Params,info
AsyncAppenderLog4j2Benchmark.throughput8Params,info
AsyncAppenderLog4j2Benchmark.throughput9Params,info
AsyncAppenderLog4j2Benchmark.throughput10Params,info
AsyncAppenderLog4j2Benchmark.throughput11Params,info
MemoryHandlerJULLocationBenchmark.up,getLogger
MemoryHandlerJULLocationBenchmark.up,getClass
MemoryHandlerJULLocationBenchmark.up,getName
MemoryHandlerJULLocationBenchmark.up,setUseParentHandlers
MemoryHandlerJULLocationBenchmark.up,addHandler
MemoryHandlerJULLocationBenchmark.up,setLevel
MemoryHandlerJULLocationBenchmark.throughputSimple,getSourceClassName
MemoryHandlerJULLocationBenchmark.throughputSimple,log
ThreadsafeDateFormatBenchmark.format,format
ThreadsafeDateFormatBenchmark.format,get
ThreadsafeDateFormatBenchmark.synchronizedSimpleDateFmt,currentTimeMillis
ThreadsafeDateFormatBenchmark.synchronizedSimpleDateFmt,format
ThreadsafeDateFormatBenchmark.dateTimeFormatter,now
ThreadsafeDateFormatBenchmark.dateTimeFormatter,format
ThreadsafeDateFormatBenchmark.threadLocalSimpleDateFmt,currentTimeMillis
ThreadsafeDateFormatBenchmark.threadLocalSimpleDateFmt,get
ThreadsafeDateFormatBenchmark.threadLocalSimpleDateFmt,format
ThreadsafeDateFormatBenchmark.cachedThrdLocalSimpleDateFmt,currentTimeMillis
ThreadsafeDateFormatBenchmark.cachedThrdLocalSimpleDateFmt,get
ThreadsafeDateFormatBenchmark.cachedThrdLocalSimpleDateFmt,format
ThreadsafeDateFormatBenchmark.cachedThrdLocalCustomFormat,currentTimeMillis
ThreadsafeDateFormatBenchmark.cachedThrdLocalCustomFormat,format
ThreadsafeDateFormatBenchmark.fastDateFormat,format
ThreadsafeDateFormatBenchmark.fastDateFormat,currentTimeMillis
ThreadsafeDateFormatBenchmark.fixedDateFormat,format
ThreadsafeDateFormatBenchmark.fixedDateFormat,currentTimeMillis
ThreadsafeDateFormatBenchmark.atomicFastFormat,currentTimeMillis
ThreadsafeDateFormatBenchmark.atomicFastFormat,get
ThreadsafeDateFormatBenchmark.atomicFastFormat,compareAndSet
ThreadsafeDateFormatBenchmark.atomicFixedFormat,currentTimeMillis
ThreadsafeDateFormatBenchmark.atomicFixedFormat,get
ThreadsafeDateFormatBenchmark.atomicFixedFormat,compareAndSet
FormatterSimple.format,format
FormatterFixedReuseBuffer.format,get
FormatterFixedReuseBuffer.format,format
AsyncAppenderLog4j2LocationBenchmark.up,setProperty
AsyncAppenderLog4j2LocationBenchmark.up,getLogger
AsyncAppenderLog4j2LocationBenchmark.up,getClass
AsyncAppenderLog4j2LocationBenchmark.down,getContext
AsyncAppenderLog4j2LocationBenchmark.down,delete
AsyncAppenderLog4j2LocationBenchmark.throughputSimple,info
ThreadContextBenchmark.setup,setProperty
ThreadContextBenchmark.setup,get
ThreadContextBenchmark.setup,getName
ThreadContextBenchmark.setup,init
ThreadContextBenchmark.setup,createInjector
ThreadContextBenchmark.setup,println
ThreadContextBenchmark.setup,contains
ThreadContextBenchmark.setup,nextInt
ThreadContextBenchmark.setup,add
ThreadContextBenchmark.setup,createProperty
ThreadContextBenchmark.setup,clearAndPut
ThreadContextBenchmark.tearDown,clearProperty
ThreadContextBenchmark.tearDown,init
ThreadContextBenchmark.clearAndPut,clearMap
ThreadContextBenchmark.clearAndPut,put
ThreadContextBenchmark.get,get
ThreadContextBenchmark.putAndRemove,put
ThreadContextBenchmark.putAndRemove,remove
ThreadContextBenchmark.injectWithoutProperties,clear
ThreadContextBenchmark.injectWithoutProperties,injectContextData
ThreadContextBenchmark.injectWithProperties,clear
ThreadContextBenchmark.injectWithProperties,injectContextData
ThreadContextBenchmark.legacyInjectWithoutProperties,createMap
ThreadContextBenchmark.legacyInjectWithProperties,createMap
ThreadContextBenchmark.getCopy,getContext
ThreadContextBenchmark.createMap,getImmutableContext
ThreadContextBenchmark.createMap,isEmpty
ThreadContextBenchmark.createMap,containsKey
ThreadContextBenchmark.createMap,getName
ThreadContextBenchmark.createMap,put
ThreadContextBenchmark.createMap,getValue
ThreadContextBenchmark.createMap,unmodifiableMap
ReflectionBenchmark.setup,nextInt
ReflectionBenchmark.test01_getCallerClassNameFromStackTrace,getStackTrace
ReflectionBenchmark.test01_getCallerClassNameFromStackTrace,getClassName
ReflectionBenchmark.test02_getCallerClassNameFromThreadStackTrace,currentThread
ReflectionBenchmark.test02_getCallerClassNameFromThreadStackTrace,getStackTrace
ReflectionBenchmark.test02_getCallerClassNameFromThreadStackTrace,getClassName
ReflectionBenchmark.test03_getCallerClassNameReflectively,getCallerClass
ReflectionBenchmark.test03_getCallerClassNameReflectively,getName
ReflectionBenchmark.test05_getStackTraceClassForClassName,forName
ReflectionBenchmark.test05_getStackTraceClassForClassName,getStackTrace
ReflectionBenchmark.test05_getStackTraceClassForClassName,getClassName
ReflectionBenchmark.test06_getThreadStackTraceClassForClassName,forName
ReflectionBenchmark.test06_getThreadStackTraceClassForClassName,currentThread
ReflectionBenchmark.test06_getThreadStackTraceClassForClassName,getStackTrace
ReflectionBenchmark.test06_getThreadStackTraceClassForClassName,getClassName
ReflectionBenchmark.test07_getReflectiveCallerClassUtility,getCallerClass
ReflectionBenchmark.test10_getMessageUsingReflection,getConstructor
ReflectionBenchmark.test10_getMessageUsingReflection,newInstance
ReflectionBenchmark.test11_getClassContextViaCallerClass,getCallerClass
ReflectionBenchmark.test12_getClassContextViaSecurityManager,getClassContext
ReflectionBenchmark.reflectionUtilGetClass,findClass
ReflectionBenchmark.locationLocatorGetMethod,findMethodName
ReflectionBenchmark.findClass,locateCaller
ReflectionBenchmark.findClass,findClass
ReflectionBenchmark.locateCaller,getCallerClass
ReflectionBenchmark.locateCaller,getName
ReflectionBenchmark.findMethodName,locateMethodName
ReflectionBenchmark.findMethodName,findMethodName
ReflectionBenchmark.locateMethodName,calcLocation
ReflectionBenchmark.locateMethodName,getMethodName
ReflectionBenchmark.locateMethodName,getName
RandomInteger.setup,nextInt
ClassLocator.findClass,locateCaller
ClassLocator.findClass,findClass
ClassLocator.locateCaller,getCallerClass
ClassLocator.locateCaller,getName
MethodLocator.findMethodName,locateMethodName
MethodLocator.findMethodName,findMethodName
MethodLocator.locateMethodName,calcLocation
MethodLocator.locateMethodName,getMethodName
MethodLocator.locateMethodName,getName
ThreadContextBenchmark2.setup,setProperty
ThreadContextBenchmark2.setup,get
ThreadContextBenchmark2.setup,getName
ThreadContextBenchmark2.setup,put
ThreadContextBenchmark2.setup,getContext
ThreadContextBenchmark2.setup,getConfiguration
ThreadContextBenchmark2.setup,newBuilder
ThreadContextBenchmark2.setup,setConfiguration
ThreadContextBenchmark2.setup,setPattern
ThreadContextBenchmark2.setup,build
ThreadContextBenchmark2.setup,createAppender
ThreadContextBenchmark2.setup,start
ThreadContextBenchmark2.setup,getAppenders
ThreadContextBenchmark2.setup,forEach
ThreadContextBenchmark2.setup,stop
ThreadContextBenchmark2.setup,clear
ThreadContextBenchmark2.setup,addAppender
ThreadContextBenchmark2.setup,getRootLogger
ThreadContextBenchmark2.setup,removeAppender
ThreadContextBenchmark2.setup,setLevel
ThreadContextBenchmark2.setup,updateLoggers
ThreadContextBenchmark2.teardown,clearMap
ThreadContextBenchmark2.teardown,println
ThreadContextBenchmark2.teardown,getMessage
ThreadContextBenchmark2.teardown,stop
ThreadContextBenchmark2.populateThreadContext,put
ThreadContextBenchmark2.threadContextMap,consume
ThreadContextBenchmark2.threadContextMap,get
ThreadContextBenchmark2.logThreadContextMap,info
ThreadContextBenchmark2.nestedThreadContextMap,info
ThreadContextBenchmark2.nestedThreadContextMap,put
ThreadContextBenchmark2.logBaseline,info
ReadThreadContextState.setup,setProperty
ReadThreadContextState.setup,get
ReadThreadContextState.setup,getName
ReadThreadContextState.setup,put
ReadThreadContextState.teardown,clearMap
ThreadContextState.setup,setProperty
ThreadContextState.setup,get
ThreadContextState.setup,getName
ThreadContextState.teardown,clearMap
LogThreadContextState.setup,getContext
LogThreadContextState.setup,getConfiguration
LogThreadContextState.setup,newBuilder
LogThreadContextState.setup,setConfiguration
LogThreadContextState.setup,setPattern
LogThreadContextState.setup,build
LogThreadContextState.setup,createAppender
LogThreadContextState.setup,start
LogThreadContextState.setup,getAppenders
LogThreadContextState.setup,forEach
LogThreadContextState.setup,stop
LogThreadContextState.setup,clear
LogThreadContextState.setup,addAppender
LogThreadContextState.setup,getRootLogger
LogThreadContextState.setup,removeAppender
LogThreadContextState.setup,setLevel
LogThreadContextState.setup,updateLoggers
LogThreadContextState.teardown,println
LogThreadContextState.teardown,getMessage
LogThreadContextState.teardown,stop
LogBaselineState.setup,getContext
LogBaselineState.setup,getConfiguration
LogBaselineState.setup,newBuilder
LogBaselineState.setup,setConfiguration
LogBaselineState.setup,setPattern
LogBaselineState.setup,build
LogBaselineState.setup,createAppender
LogBaselineState.setup,start
LogBaselineState.setup,getAppenders
LogBaselineState.setup,forEach
LogBaselineState.setup,stop
LogBaselineState.setup,clear
LogBaselineState.setup,addAppender
LogBaselineState.setup,getRootLogger
LogBaselineState.setup,removeAppender
LogBaselineState.setup,setLevel
LogBaselineState.setup,updateLoggers
LogBaselineState.teardown,println
LogBaselineState.teardown,getMessage
LogBaselineState.teardown,stop
AnnotationVsMarkerInterface.annotationMissing,getClass
AnnotationVsMarkerInterface.annotationMissing,isAnnotationPresent
AnnotationVsMarkerInterface.annotationPresent,getClass
AnnotationVsMarkerInterface.annotationPresent,isAnnotationPresent
ClocksBenchmark.up,instance
ClocksBenchmark.up,nanoTime
ClocksBenchmark.systemCurrentTimeMillis,currentTimeMillis
ClocksBenchmark.systemClock,currentTimeMillis
ClocksBenchmark.cachedClock,currentTimeMillis
ClocksBenchmark.oldCachedClock,currentTimeMillis
ClocksBenchmark.coarseCachedClock,currentTimeMillis
ClocksBenchmark.fixedClock,currentTimeMillis
ClocksBenchmark.fixedFinalClock,currentTimeMillis
ClocksBenchmark.currentTimeMillis,currentTimeMillis
OldCachedClock.currentTimeMillis,currentTimeMillis
UuidGeneratorBenchmark.randomUUID,randomUUID
UuidGeneratorBenchmark.timeBasedUUID,getTimeBasedUuid
FileAppenderWithLocationBenchmark.setUp,setProperty
FileAppenderWithLocationBenchmark.setUp,deleteLogFiles
FileAppenderWithLocationBenchmark.setUp,getLogger
FileAppenderWithLocationBenchmark.tearDown,clearProperty
FileAppenderWithLocationBenchmark.tearDown,deleteLogFiles
FileAppenderWithLocationBenchmark.deleteLogFiles,delete
FileAppenderWithLocationBenchmark.log4j2RAF,debug
FileAppenderWithLocationBenchmark.log4j2File,debug
FileAppenderWithLocationBenchmark.log4j2FluentFile,atDebug
FileAppenderWithLocationBenchmark.log4j2FluentFile,withLocation
FileAppenderWithLocationBenchmark.log4j2FluentFile,log
FileAppenderWithLocationBenchmark.logbackFile,debug
FileAppenderWithLocationBenchmark.log4j1File,debug
UnboxBenchmark.boxBoolean,box
UnboxBenchmark.boxInt,box
UnboxBenchmark.boxLong,box
UnboxBenchmark.boxDouble,box
UnboxBenchmark.boxFloat,box
UnboxBenchmark.boxShort,box
NamePatternConverterBenchmark.destination,get
NamePatternConverterBenchmark.destination,setLength
NamePatternConverterBenchmark.benchNamePatternConverter,format
NamePatternConverterBenchmark.benchNamePatternConverter,destination
ExecutionPlan.destination,get
ExecutionPlan.destination,setLength
ThreadLocalVsConcurrentHashMapBenchmark.newInstance,getNew
ThreadLocalVsConcurrentHashMapBenchmark.newInstance,append
ThreadLocalVsConcurrentHashMapBenchmark.newInstance,toString
ThreadLocalVsConcurrentHashMapBenchmark.threadLocal,getThreadLocal
ThreadLocalVsConcurrentHashMapBenchmark.threadLocal,append
ThreadLocalVsConcurrentHashMapBenchmark.threadLocal,toString
ThreadLocalVsConcurrentHashMapBenchmark.concurrentHashMap,getConcurrentMap
ThreadLocalVsConcurrentHashMapBenchmark.concurrentHashMap,append
ThreadLocalVsConcurrentHashMapBenchmark.concurrentHashMap,toString
ThreadLocalVsConcurrentHashMapBenchmark.getThreadLocal,get
ThreadLocalVsConcurrentHashMapBenchmark.getThreadLocal,set
ThreadLocalVsConcurrentHashMapBenchmark.getThreadLocal,setLength
ThreadLocalVsConcurrentHashMapBenchmark.getConcurrentMap,get
ThreadLocalVsConcurrentHashMapBenchmark.getConcurrentMap,currentThread
ThreadLocalVsConcurrentHashMapBenchmark.getConcurrentMap,put
ThreadLocalVsConcurrentHashMapBenchmark.getConcurrentMap,setLength
LoggingDisabledBenchmark.setUp,setProperty
LoggingDisabledBenchmark.setUp,deleteLogFiles
LoggingDisabledBenchmark.setUp,getLogger
LoggingDisabledBenchmark.tearDown,clearProperty
LoggingDisabledBenchmark.tearDown,deleteLogFiles
LoggingDisabledBenchmark.deleteLogFiles,delete
LoggingDisabledBenchmark.log4j2,debug
LoggingDisabledBenchmark.slf4j,debug
LoggingDisabledBenchmark.log4j2IsDebugEnabled,isDebugEnabled
LoggingDisabledBenchmark.log4j2IsDebugEnabled,debug
LoggingDisabledBenchmark.slf4jIsDebugEnabled,isDebugEnabled
LoggingDisabledBenchmark.slf4jIsDebugEnabled,debug
LoggingDisabledBenchmark.log4j1IsDebugEnabled,isDebugEnabled
LoggingDisabledBenchmark.log4j1IsDebugEnabled,debug
ParameterizedMessageInliningBenchmark.format,format
ParameterizedMessageInliningBenchmark.format,length
ParameterizedMessageInliningBenchmark.format,charAt
ParameterizedMessageInliningBenchmark.format,append
ParameterizedMessageInliningBenchmark.format,toString
ParameterizedMessageInliningBenchmark.format0,format0
ParameterizedMessageInliningBenchmark.format0,length
ParameterizedMessageInliningBenchmark.format0,sumStringLengths
ParameterizedMessageInliningBenchmark.format0,charAt
ParameterizedMessageInliningBenchmark.format0,getChars
ParameterizedMessageInliningBenchmark.format0,toString
ParameterizedMessageInliningBenchmark.formatStringArgs,format
ParameterizedMessageInliningBenchmark.format0_inlined2,format0_inlined2
ParameterizedMessageInliningBenchmark.format0_inlined2,length
ParameterizedMessageInliningBenchmark.format0_inlined2,format0_inlined22
ParameterizedMessageInliningBenchmark.format0_inlined22,sumStringLengths
ParameterizedMessageInliningBenchmark.format0_inlined22,charAt
ParameterizedMessageInliningBenchmark.format0_inlined22,isDelimPair
ParameterizedMessageInliningBenchmark.format0_inlined22,format0_writeEscapedEscapeChars
ParameterizedMessageInliningBenchmark.format0_inlined22,isOdd
ParameterizedMessageInliningBenchmark.format0_inlined22,format0_writeDelimPair
ParameterizedMessageInliningBenchmark.format0_inlined22,format0_appendArg
ParameterizedMessageInliningBenchmark.format0_inlined22,format0_handleLiteralChar
ParameterizedMessageInliningBenchmark.format0_inlined22,format0_handleMaybeLastChar
ParameterizedMessageInliningBenchmark.sumStringLengths,length
ParameterizedMessageInliningBenchmark.isDelimPair,charAt
ParameterizedMessageInliningBenchmark.format0_handleMaybeLastChar,charAt
ParameterizedMessageInliningBenchmark.format0_handleMaybeLastChar,format0_handleLastChar
ParameterizedMessageInliningBenchmark.format0_handleLastChar,format0_writeUnescapedEscapeChars
ParameterizedMessageInliningBenchmark.format0_handleLastChar,format0_handleLiteralChar
ParameterizedMessageInliningBenchmark.format0_handleLiteralChar,format0_writeUnescapedEscapeChars
ParameterizedMessageInliningBenchmark.format0_writeEscapedEscapeChars,format0_writeUnescapedEscapeChars
ParameterizedMessageInliningBenchmark.format0_appendArg,format0_appendArg0
ParameterizedMessageInliningBenchmark.format0_appendArg,format0_writeDelimPair
ParameterizedMessageInliningBenchmark.format0_appendArg0,length
ParameterizedMessageInliningBenchmark.format0_appendArg0,getChars
CollectionsBenchmark.setup,put
CollectionsBenchmark.setup,valueOf
CollectionsBenchmark.setup,add
CollectionsBenchmark.iterMap1Element,values
CollectionsBenchmark.iterMap3Elements,values
Log4j2AppenderComparisonBenchmark.createLogEvent,currentTimeMillis
Log4j2AppenderComparisonBenchmark.createLogEvent,newBuilder
Log4j2AppenderComparisonBenchmark.createLogEvent,setLoggerName
Log4j2AppenderComparisonBenchmark.createLogEvent,setMarker
Log4j2AppenderComparisonBenchmark.createLogEvent,setLoggerFqcn
Log4j2AppenderComparisonBenchmark.createLogEvent,setLevel
Log4j2AppenderComparisonBenchmark.createLogEvent,setMessage
Log4j2AppenderComparisonBenchmark.createLogEvent,setThrown
Log4j2AppenderComparisonBenchmark.createLogEvent,setContextData
Log4j2AppenderComparisonBenchmark.createLogEvent,setContextStack
Log4j2AppenderComparisonBenchmark.createLogEvent,setThreadName
Log4j2AppenderComparisonBenchmark.createLogEvent,setSource
Log4j2AppenderComparisonBenchmark.createLogEvent,setTimeMillis
Log4j2AppenderComparisonBenchmark.createLogEvent,build
Log4j2AppenderComparisonBenchmark.setUp,setProperty
Log4j2AppenderComparisonBenchmark.setUp,deleteLogFiles
Log4j2AppenderComparisonBenchmark.setUp,getLogger
Log4j2AppenderComparisonBenchmark.tearDown,clearProperty
Log4j2AppenderComparisonBenchmark.tearDown,deleteLogFiles
Log4j2AppenderComparisonBenchmark.deleteLogFiles,delete
Log4j2AppenderComparisonBenchmark.end2endRAF,debug
Log4j2AppenderComparisonBenchmark.appenderRAF,append
Log4j2AppenderComparisonBenchmark.end2endFile,debug
Log4j2AppenderComparisonBenchmark.appenderFile,append
Log4j2AppenderComparisonBenchmark.end2endMMap,debug
Log4j2AppenderComparisonBenchmark.appenderMMap,append
Log4j2AppenderComparisonBenchmark.end2endNoop,debug
Log4j2AppenderComparisonBenchmark.appenderNoop,append
Log4j2AppenderComparisonBenchmark.end2endRewrite,debug
Log4j2AppenderComparisonBenchmark.appenderRewrite,append
Log4j2AppenderComparisonBenchmark.end2endConsole,debug
Log4j2AppenderComparisonBenchmark.appenderConsole,append
Log4j2AppenderComparisonBenchmark.end2endDirectConsole,debug
Log4j2AppenderComparisonBenchmark.appenderDirectConsole,append
ConcurrentAsyncLoggerToFileBenchmark.concurrentLoggingThreads,info
ConcurrentAsyncLoggerToFileBenchmark.singleLoggingThread,info
ConcurrentAsyncLoggerToFileBenchmark.before,delete
ConcurrentAsyncLoggerToFileBenchmark.before,setProperty
ConcurrentAsyncLoggerToFileBenchmark.before,setProperties
ConcurrentAsyncLoggerToFileBenchmark.before,getLogger
ConcurrentAsyncLoggerToFileBenchmark.after,getContext
ConcurrentAsyncLoggerToFileBenchmark.after,delete
ConcurrentAsyncLoggerToFileBenchmark.setProperties,entrySet
ConcurrentAsyncLoggerToFileBenchmark.setProperties,setProperty
ConcurrentAsyncLoggerToFileBenchmark.setProperties,getKey
ConcurrentAsyncLoggerToFileBenchmark.setProperties,getValue
BenchmarkState.before,delete
BenchmarkState.before,setProperty
BenchmarkState.before,setProperties
BenchmarkState.before,getLogger
BenchmarkState.after,getContext
BenchmarkState.after,delete
BenchmarkState.setProperties,entrySet
BenchmarkState.setProperties,setProperty
BenchmarkState.setProperties,getKey
BenchmarkState.setProperties,getValue
JdbcAppenderBenchmark.setup,getConnectionHSQLDB
JdbcAppenderBenchmark.setup,getConnectionH2
JdbcAppenderBenchmark.setup,createTable
JdbcAppenderBenchmark.setup,toCreateTableSqlStringHQLDB
JdbcAppenderBenchmark.setup,toCreateTableSqlStringH2
JdbcAppenderBenchmark.setup,setProperty
JdbcAppenderBenchmark.setup,getContext
JdbcAppenderBenchmark.setup,getConfiguration
JdbcAppenderBenchmark.setup,reconfigure
JdbcAppenderBenchmark.setup,getLogger
JdbcAppenderBenchmark.setup,reset
JdbcAppenderBenchmark.testThroughputH2Message,info
JdbcAppenderBenchmark.testThroughputH2Exception,warn
JdbcAppenderBenchmark.testResponseTimeH2Message,info
JdbcAppenderBenchmark.testResponseTimeH2Exception,warn
JdbcAppenderBenchmark.testThroughputHSQLDBMessage,info
JdbcAppenderBenchmark.testThroughputHSQLDBException,warn
JdbcAppenderBenchmark.testResponseTimeHSQLDBMessage,info
JdbcAppenderBenchmark.testResponseTimeHSQLDBException,warn
JdbcAppenderBenchmark.tearDown,getContext
JdbcAppenderBenchmark.tearDown,getConfiguration
JdbcAppenderBenchmark.tearDown,getAppender
JdbcAppenderBenchmark.tearDown,clearProperty
JdbcAppenderBenchmark.tearDown,createStatement
JdbcAppenderBenchmark.tearDown,execute
JdbcAppenderBenchmark.tearDown,closeSilently
JdbcAppenderBenchmark.createTable,createStatement
JdbcAppenderBenchmark.createTable,executeUpdate
JdbcAppenderBenchmark.getConnectionH2,forName
JdbcAppenderBenchmark.getConnectionH2,getConnection
JdbcAppenderBenchmark.getConnectionHSQLDB,forName
JdbcAppenderBenchmark.getConnectionHSQLDB,getConnection
AsyncAppenderLog4j1LocationBenchmark.up,setProperty
AsyncAppenderLog4j1LocationBenchmark.up,getLogger
AsyncAppenderLog4j1LocationBenchmark.up,getClass
AsyncAppenderLog4j1LocationBenchmark.down,shutdown
AsyncAppenderLog4j1LocationBenchmark.down,delete
AsyncAppenderLog4j1LocationBenchmark.throughputSimple,info
GelfLayoutBenchmark.createLogEvent,newBuilder
GelfLayoutBenchmark.createLogEvent,setLoggerName
GelfLayoutBenchmark.createLogEvent,setMarker
GelfLayoutBenchmark.createLogEvent,setLoggerFqcn
GelfLayoutBenchmark.createLogEvent,setLevel
GelfLayoutBenchmark.createLogEvent,setMessage
GelfLayoutBenchmark.createLogEvent,setThrown
GelfLayoutBenchmark.createLogEvent,setContextData
GelfLayoutBenchmark.createLogEvent,setContextStack
GelfLayoutBenchmark.createLogEvent,setThreadName
GelfLayoutBenchmark.createLogEvent,setSource
GelfLayoutBenchmark.createLogEvent,setTimeMillis
GelfLayoutBenchmark.createLogEvent,build
GelfLayoutBenchmark.setUp,setProperty
GelfLayoutBenchmark.setUp,newBuilder
GelfLayoutBenchmark.setUp,setConfiguration
GelfLayoutBenchmark.setUp,setHost
GelfLayoutBenchmark.setUp,setAdditionalFields
GelfLayoutBenchmark.setUp,setCompressionType
GelfLayoutBenchmark.setUp,setCompressionThreshold
GelfLayoutBenchmark.setUp,setIncludeStacktrace
GelfLayoutBenchmark.setUp,setIncludeThreadContext
GelfLayoutBenchmark.setUp,build
GelfLayoutBenchmark.tearDown,clearProperty
GelfLayoutBenchmark.log4j2Gelf,append
LoggerConfigBenchmark.append,incrementAndGet
LoggerConfigBenchmark.size,get
LoggerConfigBenchmark.setup,start
LoggerConfigBenchmark.setup,add
LoggerConfigBenchmark.logWithCountersAndLock,log
LoggerConfigBenchmark.logWithCountersAndLock,size
LoggerConfigBenchmark.logWithCountersNoLocks,log2
LoggerConfigBenchmark.logWithCountersNoLocks,size
LoggerConfigBenchmark.logWithoutCountersOrLocks,log3
LoggerConfigBenchmark.logWithoutCountersOrLocks,size
LoggerConfigBenchmark.logWithCountersRetryAfterReconfig,log4WithCounterAndFlag
LoggerConfigBenchmark.logWithCountersRetryAfterReconfig,size
LoggerConfigBenchmark.log,beforeLogEvent
LoggerConfigBenchmark.log,isFiltered
LoggerConfigBenchmark.log,processLogEvent
LoggerConfigBenchmark.log,afterLogEvent
LoggerConfigBenchmark.log2,beforeLogEvent
LoggerConfigBenchmark.log2,isFiltered
LoggerConfigBenchmark.log2,processLogEvent
LoggerConfigBenchmark.log2,afterLogEvent2
LoggerConfigBenchmark.log3,isFiltered
LoggerConfigBenchmark.log3,processLogEvent
LoggerConfigBenchmark.log4WithCounterAndFlag,beforeLogEventCheckCounterPositive
LoggerConfigBenchmark.log4WithCounterAndFlag,log3
LoggerConfigBenchmark.log4WithCounterAndFlag,afterLogEvent2
LoggerConfigBenchmark.isFiltered,filter
LoggerConfigBenchmark.beforeLogEvent,incrementAndGet
LoggerConfigBenchmark.beforeLogEventCheckCounterPositive,incrementAndGet
LoggerConfigBenchmark.afterLogEvent,decrementAndGet
LoggerConfigBenchmark.afterLogEvent,signalCompletionIfShutdown
LoggerConfigBenchmark.signalCompletionIfShutdown,lock
LoggerConfigBenchmark.signalCompletionIfShutdown,get
LoggerConfigBenchmark.signalCompletionIfShutdown,signalAll
LoggerConfigBenchmark.signalCompletionIfShutdown,unlock
LoggerConfigBenchmark.afterLogEvent2,decrementAndGet
LoggerConfigBenchmark.afterLogEvent2,get
LoggerConfigBenchmark.afterLogEvent2,signalCompletionIfShutdown
LoggerConfigBenchmark.processLogEvent,setIncludeLocation
LoggerConfigBenchmark.processLogEvent,isIncludeLocation
LoggerConfigBenchmark.processLogEvent,callAppenders
LoggerConfigBenchmark.processLogEvent,logParent
LoggerConfigBenchmark.logParent,log
LoggerConfigBenchmark.callAppenders,callAppender
SimpleListAppender.append,incrementAndGet
SimpleListAppender.size,get
AsyncLoggersBenchmark.up,setProperty
AsyncLoggersBenchmark.up,getLogger
AsyncLoggersBenchmark.up,getClass
AsyncLoggersBenchmark.up,delete
AsyncLoggersBenchmark.down,getContext
AsyncLoggersBenchmark.down,delete
AsyncLoggersBenchmark.throughputSimple,info
AsyncLoggersBenchmark.throughput1Param,info
AsyncLoggersBenchmark.throughput2Params,info
AsyncLoggersBenchmark.throughput3Params,info
AsyncLoggersBenchmark.throughput4Params,info
AsyncLoggersBenchmark.throughput5Params,info
AsyncLoggersBenchmark.throughput6Params,info
AsyncLoggersBenchmark.throughput7Params,info
AsyncLoggersBenchmark.throughput8Params,info
AsyncLoggersBenchmark.throughput9Params,info
AsyncLoggersBenchmark.throughput10Params,info
AsyncLoggersBenchmark.throughput11Params,info
AbstractStringLayoutStringEncodingBenchmark.setUp,forName
AbstractStringLayoutStringEncodingBenchmark.setUp,append
AbstractStringLayoutStringEncodingBenchmark.setUp,createLogEvent
AbstractStringLayoutStringEncodingBenchmark.createLogEvent,newBuilder
AbstractStringLayoutStringEncodingBenchmark.createLogEvent,setLoggerName
AbstractStringLayoutStringEncodingBenchmark.createLogEvent,setMarker
AbstractStringLayoutStringEncodingBenchmark.createLogEvent,setLoggerFqcn
AbstractStringLayoutStringEncodingBenchmark.createLogEvent,setLevel
AbstractStringLayoutStringEncodingBenchmark.createLogEvent,setMessage
AbstractStringLayoutStringEncodingBenchmark.createLogEvent,setThrown
AbstractStringLayoutStringEncodingBenchmark.createLogEvent,setContextData
AbstractStringLayoutStringEncodingBenchmark.createLogEvent,setContextStack
AbstractStringLayoutStringEncodingBenchmark.createLogEvent,setThreadName
AbstractStringLayoutStringEncodingBenchmark.createLogEvent,setSource
AbstractStringLayoutStringEncodingBenchmark.createLogEvent,setTimeMillis
AbstractStringLayoutStringEncodingBenchmark.createLogEvent,build
AbstractStringLayoutStringEncodingBenchmark.baseline,consume
AbstractStringLayoutStringEncodingBenchmark.usAsciiGetBytes,consume
AbstractStringLayoutStringEncodingBenchmark.usAsciiGetBytes,toByteArray
AbstractStringLayoutStringEncodingBenchmark.usAsciiEncode,reset
AbstractStringLayoutStringEncodingBenchmark.usAsciiEncode,encode
AbstractStringLayoutStringEncodingBenchmark.iso8859_1GetBytes,consume
AbstractStringLayoutStringEncodingBenchmark.iso8859_1GetBytes,toByteArray
AbstractStringLayoutStringEncodingBenchmark.iso8859_1Encode,reset
AbstractStringLayoutStringEncodingBenchmark.iso8859_1Encode,encode
AbstractStringLayoutStringEncodingBenchmark.utf8GetBytes,consume
AbstractStringLayoutStringEncodingBenchmark.utf8GetBytes,toByteArray
AbstractStringLayoutStringEncodingBenchmark.utf8Encode,reset
AbstractStringLayoutStringEncodingBenchmark.utf8Encode,encode
AbstractStringLayoutStringEncodingBenchmark.utf16GetBytes,consume
AbstractStringLayoutStringEncodingBenchmark.utf16GetBytes,toByteArray
AbstractStringLayoutStringEncodingBenchmark.utf16Encode,reset
AbstractStringLayoutStringEncodingBenchmark.utf16Encode,encode
AbstractStringLayoutStringEncodingBenchmark.toByteArray,getStringBuilder
AbstractStringLayoutStringEncodingBenchmark.toByteArray,getMessage
AbstractStringLayoutStringEncodingBenchmark.toByteArray,getBytes
AbstractStringLayoutStringEncodingBenchmark.toByteArray,toString
AbstractStringLayoutStringEncodingBenchmark.encode,getStringBuilder
AbstractStringLayoutStringEncodingBenchmark.encode,getMessage
AbstractStringLayoutStringEncodingBenchmark.encode,getStringBuilderEncoder
AbstractStringLayoutStringEncodingBenchmark.encode,encode
AbstractStringLayoutStringEncodingBenchmark.drain,flip
AbstractStringLayoutStringEncodingBenchmark.drain,consume
AbstractStringLayoutStringEncodingBenchmark.drain,array
AbstractStringLayoutStringEncodingBenchmark.drain,arrayOffset
AbstractStringLayoutStringEncodingBenchmark.drain,position
AbstractStringLayoutStringEncodingBenchmark.drain,limit
AbstractStringLayoutStringEncodingBenchmark.drain,clear
AbstractStringLayoutStringEncodingBenchmark.writeBytes,writeToUnsynchronized
AbstractStringLayoutStringEncodingBenchmark.reset,clear
GetBytesLayout.toByteArray,getStringBuilder
GetBytesLayout.toByteArray,getMessage
GetBytesLayout.toByteArray,getBytes
GetBytesLayout.toByteArray,toString
EncodeLayout.encode,getStringBuilder
EncodeLayout.encode,getMessage
EncodeLayout.encode,getStringBuilderEncoder
EncodeLayout.encode,encode
Destination.drain,flip
Destination.drain,consume
Destination.drain,array
Destination.drain,arrayOffset
Destination.drain,position
Destination.drain,limit
Destination.drain,clear
Destination.reset,clear
MDCFilterBenchmark.setUp,setProperty
MDCFilterBenchmark.setUp,getLogger
MDCFilterBenchmark.tearDown,clearProperty
MDCFilterBenchmark.log4jThreadContextFilter,info
MDCFilterBenchmark.log4jThreadContextFilter,message
MDCFilterBenchmark.slf4jMDCFilter,info
MDCFilterBenchmark.slf4jMDCFilter,message
ThreadLocalVsPoolBenchmark.createLogEvent,newBuilder
ThreadLocalVsPoolBenchmark.createLogEvent,setLoggerName
ThreadLocalVsPoolBenchmark.createLogEvent,setLoggerFqcn
ThreadLocalVsPoolBenchmark.createLogEvent,setLevel
ThreadLocalVsPoolBenchmark.createLogEvent,setMessage
ThreadLocalVsPoolBenchmark.createLogEvent,setTimeMillis
ThreadLocalVsPoolBenchmark.createLogEvent,build
ThreadLocalVsPoolBenchmark.createFormatters,parse
ThreadLocalVsPoolBenchmark.acquire,createStringBuilder
ThreadLocalVsPoolBenchmark.acquire,get
ThreadLocalVsPoolBenchmark.acquire,poll
ThreadLocalVsPoolBenchmark.release,setLength
ThreadLocalVsPoolBenchmark.release,offer
ThreadLocalVsPoolBenchmark.allocate,findSerializedLength
ThreadLocalVsPoolBenchmark.threadLocal,findSerializedLength
ThreadLocalVsPoolBenchmark.rightProvedJc,findSerializedLength
ThreadLocalVsPoolBenchmark.underProvedJc,findSerializedLength
ThreadLocalVsPoolBenchmark.findSerializedLength,acquire
ThreadLocalVsPoolBenchmark.findSerializedLength,serialize
ThreadLocalVsPoolBenchmark.findSerializedLength,length
ThreadLocalVsPoolBenchmark.findSerializedLength,release
ThreadLocalVsPoolBenchmark.serialize,size
ThreadLocalVsPoolBenchmark.serialize,get
ThreadLocalVsPoolBenchmark.serialize,format
AllocatePool.acquire,createStringBuilder
ThreadLocalPool.acquire,get
ThreadLocalPool.release,setLength
JcPool.acquire,poll
JcPool.acquire,createStringBuilder
JcPool.release,setLength
JcPool.release,offer
FormatterLoggerBenchmark.up,delete
FormatterLoggerBenchmark.up,setProperty
FormatterLoggerBenchmark.up,getLogger
FormatterLoggerBenchmark.up,getClass
FormatterLoggerBenchmark.down,getContext
FormatterLoggerBenchmark.down,delete
FormatterLoggerBenchmark.throughputBaseline,isInfoEnabled
FormatterLoggerBenchmark.throughputParameterizedString,info
FormatterLoggerBenchmark.throughputParameterizedDouble,info
FormatterLoggerBenchmark.throughputStringFormatString,info
FormatterLoggerBenchmark.throughputStringFormatDouble,info
FormatterLoggerBenchmark.latencyBaseline,isInfoEnabled
FormatterLoggerBenchmark.latencyParameterizedString,info
FormatterLoggerBenchmark.latencyParameterizedDouble,info
FormatterLoggerBenchmark.latencyStringFormatString,info
FormatterLoggerBenchmark.latencyStringFormatDouble,info
LogBuilderMarkerFilterBenchmark.setUp,setProperty
LogBuilderMarkerFilterBenchmark.setUp,getLogger
LogBuilderMarkerFilterBenchmark.setUp,getClass
LogBuilderMarkerFilterBenchmark.setUp,getMarker
LogBuilderMarkerFilterBenchmark.tearDown,clearProperty
LogBuilderMarkerFilterBenchmark.tearDown,shutdown
LogBuilderMarkerFilterBenchmark.tearDown,get
LogBuilderMarkerFilterBenchmark.tearDown,isRegularFile
LogBuilderMarkerFilterBenchmark.tearDown,deleteIfExists
LogBuilderMarkerFilterBenchmark.loggerTraceMarker,trace
LogBuilderMarkerFilterBenchmark.loggerInfoNoMarker,info
LogBuilderMarkerFilterBenchmark.loggerTraceNoMarker,trace
LogBuilderMarkerFilterBenchmark.logBuilderTraceMarker,atTrace
LogBuilderMarkerFilterBenchmark.logBuilderTraceMarker,withMarker
LogBuilderMarkerFilterBenchmark.logBuilderTraceMarker,log
LogBuilderMarkerFilterBenchmark.logBuilderInfoNoMarker,atInfo
LogBuilderMarkerFilterBenchmark.logBuilderInfoNoMarker,log
LogBuilderMarkerFilterBenchmark.logBuilderTraceNoMarker,atTrace
LogBuilderMarkerFilterBenchmark.logBuilderTraceNoMarker,log
Log4jLogEventBenchmark.createLogEventWithoutExceptionUsingBuilder,newBuilder
Log4jLogEventBenchmark.createLogEventWithoutExceptionUsingBuilder,setLoggerName
Log4jLogEventBenchmark.createLogEventWithoutExceptionUsingBuilder,setLoggerFqcn
Log4jLogEventBenchmark.createLogEventWithoutExceptionUsingBuilder,setLevel
Log4jLogEventBenchmark.createLogEventWithoutExceptionUsingBuilder,setMessage
Log4jLogEventBenchmark.createLogEventWithoutExceptionUsingBuilder,build
Log4jLogEventBenchmark.createLogEventWithExceptionUsingBuilder,newBuilder
Log4jLogEventBenchmark.createLogEventWithExceptionUsingBuilder,setLoggerName
Log4jLogEventBenchmark.createLogEventWithExceptionUsingBuilder,setLoggerFqcn
Log4jLogEventBenchmark.createLogEventWithExceptionUsingBuilder,setLevel
Log4jLogEventBenchmark.createLogEventWithExceptionUsingBuilder,setMessage
Log4jLogEventBenchmark.createLogEventWithExceptionUsingBuilder,setThrown
Log4jLogEventBenchmark.createLogEventWithExceptionUsingBuilder,build
Log4jLogEventBenchmark.getSourceLocationOfLogEvent,getEventSource
Log4jLogEventBenchmark.getSourceLocationOfLogEvent,getClass
Log4jLogEventBenchmark.getSourceLocationOfLogEvent,getName
Log4jLogEventBenchmark.createSerializableLogEventProxyWithoutException,serialize
Log4jLogEventBenchmark.createSerializableLogEventProxyWithoutException,consume
Log4jLogEventBenchmark.createSerializableLogEventProxyWithoutExceptionWithLocation,serialize
Log4jLogEventBenchmark.createSerializableLogEventProxyWithoutExceptionWithLocation,consume
Log4jLogEventBenchmark.createSerializableLogEventProxyWithException,serialize
Log4jLogEventBenchmark.createSerializableLogEventProxyWithException,consume
Log4jLogEventBenchmark.getEventSource,newBuilder
Log4jLogEventBenchmark.getEventSource,setLoggerName
Log4jLogEventBenchmark.getEventSource,setLoggerFqcn
Log4jLogEventBenchmark.getEventSource,setLevel
Log4jLogEventBenchmark.getEventSource,setMessage
Log4jLogEventBenchmark.getEventSource,build
Log4jLogEventBenchmark.getEventSource,setIncludeLocation
Log4jLogEventBenchmark.getEventSource,getSource
TestClass.getEventSource,newBuilder
TestClass.getEventSource,setLoggerName
TestClass.getEventSource,setLoggerFqcn
TestClass.getEventSource,setLevel
TestClass.getEventSource,setMessage
TestClass.getEventSource,build
TestClass.getEventSource,setIncludeLocation
TestClass.getEventSource,getSource
StackWalkBenchmark.throwableSearch,deepCall
StackWalkBenchmark.throwableSearch,getStackTrace
StackWalkBenchmark.throwableSearch,getClassName
StackWalkBenchmark.throwableSearch,equals
StackWalkBenchmark.stackWalkerWalk,deepCall
StackWalkBenchmark.stackWalkerWalk,walk
StackWalkBenchmark.stackWalkerWalk,get
StackWalkBenchmark.stackWalkerWalk,toStackTraceElement
StackWalkBenchmark.stackWalkerWalk,dropWhile
StackWalkBenchmark.stackWalkerWalk,getClassName
StackWalkBenchmark.stackWalkerWalk,equals
StackWalkBenchmark.stackWalkerWalk,findFirst
StackWalkBenchmark.stackWalkerArray,deepCall
StackWalkBenchmark.stackWalkerArray,set
StackWalkBenchmark.stackWalkerArray,walk
StackWalkBenchmark.stackWalkerArray,toStackTraceElement
StackWalkBenchmark.baseline,deepCall
StackWalkBenchmark.apply,get
StackWalkBenchmark.apply,toArray
StackWalkBenchmark.apply,equals
FqcnCallerLocator.apply,get
FqcnCallerLocator.apply,toArray
FqcnCallerLocator.apply,equals
SortedArrayVsHashMapBenchmark.setup,nextInt
SortedArrayVsHashMapBenchmark.setup,put
SortedArrayVsHashMapBenchmark.setup,putValue
SortedArrayVsHashMapBenchmark.putAllArrayContextData,clear
SortedArrayVsHashMapBenchmark.putAllArrayContextData,putAll
SortedArrayVsHashMapBenchmark.putAllHashContextData,clear
SortedArrayVsHashMapBenchmark.putAllHashContextData,putAll
SortedArrayVsHashMapBenchmark.putAllMap,clear
SortedArrayVsHashMapBenchmark.putAllMap,putAll
SortedArrayVsHashMapBenchmark.iterateArrayContextDataTriConsumer,forEach
SortedArrayVsHashMapBenchmark.iterateHashContextDataTriConsumer,forEach
SortedArrayVsHashMapBenchmark.iterateArrayContextDataBiConsumer,forEach
SortedArrayVsHashMapBenchmark.iterateArrayContextDataBiConsumer,hashCode
SortedArrayVsHashMapBenchmark.iterateHashContextDataBiConsumer,forEach
SortedArrayVsHashMapBenchmark.iterateHashContextDataBiConsumer,hashCode
SortedArrayVsHashMapBenchmark.iterateMap,entrySet
SortedArrayVsHashMapBenchmark.iterateMap,getKey
SortedArrayVsHashMapBenchmark.iterateMap,hashCode
SortedArrayVsHashMapBenchmark.iterateMap,getValue
SortedArrayVsHashMapBenchmark.getValueArrayContextData,getValue
SortedArrayVsHashMapBenchmark.getValueHashContextData,getValue
SortedArrayVsHashMapBenchmark.getValueMap,get
SortedArrayVsHashMapBenchmark.putArrayContextData,putValue
SortedArrayVsHashMapBenchmark.putArrayContextData,size
SortedArrayVsHashMapBenchmark.putHashContextData,put
SortedArrayVsHashMapBenchmark.putHashContextData,size
SortedArrayVsHashMapBenchmark.putMap,put
SortedArrayVsHashMapBenchmark.putMap,size
FileAppenderParamsBenchmark.setUp,setProperty
FileAppenderParamsBenchmark.setUp,deleteLogFiles
FileAppenderParamsBenchmark.setUp,getLogger
FileAppenderParamsBenchmark.setUp,getClass
FileAppenderParamsBenchmark.setUp,getName
FileAppenderParamsBenchmark.setUp,setUseParentHandlers
FileAppenderParamsBenchmark.setUp,addHandler
FileAppenderParamsBenchmark.setUp,setLevel
FileAppenderParamsBenchmark.tearDown,clearProperty
FileAppenderParamsBenchmark.tearDown,deleteLogFiles
FileAppenderParamsBenchmark.deleteLogFiles,delete
FileAppenderParamsBenchmark.param1Log4j1Concat,debug
FileAppenderParamsBenchmark.param3Log4j1Concat,debug
FileAppenderParamsBenchmark.param1Log4j2RAF,debug
FileAppenderParamsBenchmark.param1Log4j2RAF,box
FileAppenderParamsBenchmark.param3Log4j2RAF,debug
FileAppenderParamsBenchmark.param3Log4j2RAF,box
FileAppenderParamsBenchmark.param1Log4j2File,debug
FileAppenderParamsBenchmark.param1Log4j2File,box
FileAppenderParamsBenchmark.param3Log4j2File,debug
FileAppenderParamsBenchmark.param3Log4j2File,box
FileAppenderParamsBenchmark.param1LogbackFile,debug
FileAppenderParamsBenchmark.param3LogbackFile,debug
FileAppenderParamsBenchmark.param1JulFile,logp
FileAppenderParamsBenchmark.param1JulFile,getClass
FileAppenderParamsBenchmark.param1JulFile,getName
FileAppenderParamsBenchmark.param3JulFile,logp
FileAppenderParamsBenchmark.param3JulFile,getClass
FileAppenderParamsBenchmark.param3JulFile,getName
AsyncAppenderLogbackBenchmark.up,setProperty
AsyncAppenderLogbackBenchmark.up,getLogger
AsyncAppenderLogbackBenchmark.up,getClass
AsyncAppenderLogbackBenchmark.down,getILoggerFactory
AsyncAppenderLogbackBenchmark.down,delete
AsyncAppenderLogbackBenchmark.throughputSimple,info
AsyncAppenderLogbackBenchmark.throughput1Param,info
AsyncAppenderLogbackBenchmark.throughput2Params,info
AsyncAppenderLogbackBenchmark.throughput3Params,info
AsyncAppenderLogbackBenchmark.throughput4Params,info
AsyncAppenderLogbackBenchmark.throughput5Params,info
AsyncAppenderLogbackBenchmark.throughput6Params,info
AsyncAppenderLogbackBenchmark.throughput7Params,info
AsyncAppenderLogbackBenchmark.throughput8Params,info
AsyncAppenderLogbackBenchmark.throughput9Params,info
AsyncAppenderLogbackBenchmark.throughput10Params,info
AsyncAppenderLogbackBenchmark.throughput11Params,info
AsyncAppenderLogbackLocationBenchmark.up,setProperty
AsyncAppenderLogbackLocationBenchmark.up,getLogger
AsyncAppenderLogbackLocationBenchmark.up,getClass
AsyncAppenderLogbackLocationBenchmark.down,getILoggerFactory
AsyncAppenderLogbackLocationBenchmark.down,delete
AsyncAppenderLogbackLocationBenchmark.throughputSimple,info
PatternLayoutBenchmark.createLogEvent,newBuilder
PatternLayoutBenchmark.createLogEvent,setLoggerName
PatternLayoutBenchmark.createLogEvent,setMarker
PatternLayoutBenchmark.createLogEvent,setLoggerFqcn
PatternLayoutBenchmark.createLogEvent,setLevel
PatternLayoutBenchmark.createLogEvent,setMessage
PatternLayoutBenchmark.createLogEvent,setThrown
PatternLayoutBenchmark.createLogEvent,setContextData
PatternLayoutBenchmark.createLogEvent,setContextStack
PatternLayoutBenchmark.createLogEvent,setThreadName
PatternLayoutBenchmark.createLogEvent,setSource
PatternLayoutBenchmark.createLogEvent,setTimeMillis
PatternLayoutBenchmark.createLogEvent,build
PatternLayoutBenchmark.stringGetBytes,getBytes
PatternLayoutBenchmark.byteArrayM,toByteArray
PatternLayoutBenchmark.byteArraySpace,toByteArray
PatternLayoutBenchmark.byteArrayMC,toByteArray
PatternLayoutBenchmark.byteArrayMCD,toByteArray
PatternLayoutBenchmark.byteArrayMD,toByteArray
PatternLayoutBenchmark.byteArrayMDEx,toByteArray
PatternLayoutBenchmark.byteArrayMEx,toByteArray
PatternLayoutBenchmark.byteArrayMCDEx,toByteArray
PatternLayoutBenchmark.byteArrayC,toByteArray
PatternLayoutBenchmark.byteArrayD,toByteArray
PatternLayoutBenchmark.byteArrayMDNoSpace,toByteArray
PatternLayoutBenchmark.byteArrayMCNoSpace,toByteArray
PatternLayoutBenchmark.serializableM,toSerializable
PatternLayoutBenchmark.serializableSpace,toSerializable
PatternLayoutBenchmark.serializableMC,toSerializable
PatternLayoutBenchmark.serializableMCD,toSerializable
PatternLayoutBenchmark.serializableMD,toSerializable
PatternLayoutBenchmark.serializableMDEx,toSerializable
PatternLayoutBenchmark.serializableMEx,toSerializable
PatternLayoutBenchmark.serializableMCDEx,toSerializable
PatternLayoutBenchmark.serializableC,toSerializable
PatternLayoutBenchmark.serializableD,toSerializable
PatternLayoutBenchmark.serializableMDNoSpace,toSerializable
PatternLayoutBenchmark.serializableMCNoSpace,toSerializable
VarargsBenchmark.varargParams,varargMethod
VarargsBenchmark.individualParams,individualArgMethod
VarargsBenchmark.varargMethod,length
VarargsBenchmark.individualArgMethod,length
TextEncoderHelperBenchmark.drain,flip
TextEncoderHelperBenchmark.drain,limit
TextEncoderHelperBenchmark.drain,clear
TextEncoderHelperBenchmark.writeBytes,writeToUnsynchronized
TextEncoderHelperBenchmark.createLogEvent,newBuilder
TextEncoderHelperBenchmark.createLogEvent,setLoggerName
TextEncoderHelperBenchmark.createLogEvent,setMarker
TextEncoderHelperBenchmark.createLogEvent,setLoggerFqcn
TextEncoderHelperBenchmark.createLogEvent,setLevel
TextEncoderHelperBenchmark.createLogEvent,setMessage
TextEncoderHelperBenchmark.createLogEvent,setThrown
TextEncoderHelperBenchmark.createLogEvent,setContextData
TextEncoderHelperBenchmark.createLogEvent,setContextStack
TextEncoderHelperBenchmark.createLogEvent,setThreadName
TextEncoderHelperBenchmark.createLogEvent,setSource
TextEncoderHelperBenchmark.createLogEvent,setTimeMillis
TextEncoderHelperBenchmark.createLogEvent,build
TextEncoderHelperBenchmark.stringGetBytes,getBytes
TextEncoderHelperBenchmark.textEncoderEncode,getEncoder
TextEncoderHelperBenchmark.textEncoderEncode,encode
TextEncoderHelperBenchmark.copy,min
TextEncoderHelperBenchmark.copy,length
TextEncoderHelperBenchmark.copy,remaining
TextEncoderHelperBenchmark.copy,array
TextEncoderHelperBenchmark.copy,position
TextEncoderHelperBenchmark.copy,getChars
TextEncoderHelperBenchmark.copy,arrayOffset
TextEncoderHelperBenchmark.byteArrayMCD,toByteArray
TextEncoderHelperBenchmark.byteArrayMCD,getByteBuffer
TextEncoderHelperBenchmark.byteArrayMCD,remaining
TextEncoderHelperBenchmark.byteArrayMCD,drain
TextEncoderHelperBenchmark.byteArrayMCD,put
TextEncoderHelperBenchmark.serializableMCD,toSerializable
TextEncoderHelperBenchmark.serializableMCD,getBytes
TextEncoderHelperBenchmark.serializableMCD,getByteBuffer
TextEncoderHelperBenchmark.serializableMCD,remaining
TextEncoderHelperBenchmark.serializableMCD,drain
TextEncoderHelperBenchmark.serializableMCD,put
TextEncoderHelperBenchmark.toStringMCD,toSerializable
TextEncoderHelperBenchmark.encodeMCD,encode
ConfiguratorInitializeBenchmark.setUp,getBytes
ConfiguratorInitializeBenchmark.initializeLoggerContext,initialize
JpaAppenderBenchmark.setup,getConnectionHSQLDB
JpaAppenderBenchmark.setup,getConnectionH2
JpaAppenderBenchmark.setup,setProperty
JpaAppenderBenchmark.setup,getContext
JpaAppenderBenchmark.setup,getConfiguration
JpaAppenderBenchmark.setup,reconfigure
JpaAppenderBenchmark.setup,getLogger
JpaAppenderBenchmark.setup,reset
JpaAppenderBenchmark.testThroughputH2Message,info
JpaAppenderBenchmark.testThroughputH2Exception,warn
JpaAppenderBenchmark.testResponseTimeH2Message,info
JpaAppenderBenchmark.testResponseTimeH2Exception,warn
JpaAppenderBenchmark.testThroughputHSQLDBMessage,info
JpaAppenderBenchmark.testThroughputHSQLDBException,warn
JpaAppenderBenchmark.testResponseTimeHSQLDBMessage,info
JpaAppenderBenchmark.testResponseTimeHSQLDBException,warn
JpaAppenderBenchmark.tearDown,getContext
JpaAppenderBenchmark.tearDown,getConfiguration
JpaAppenderBenchmark.tearDown,getAppender
JpaAppenderBenchmark.tearDown,clearProperty
JpaAppenderBenchmark.tearDown,createStatement
JpaAppenderBenchmark.tearDown,execute
JpaAppenderBenchmark.tearDown,closeSilently
JpaAppenderBenchmark.getConnectionH2,forName
JpaAppenderBenchmark.getConnectionH2,getConnection
JpaAppenderBenchmark.getConnectionH2,createStatement
JpaAppenderBenchmark.getConnectionH2,executeUpdate
JpaAppenderBenchmark.getConnectionH2,close
JpaAppenderBenchmark.getConnectionHSQLDB,forName
JpaAppenderBenchmark.getConnectionHSQLDB,getConnection
JpaAppenderBenchmark.getConnectionHSQLDB,createStatement
JpaAppenderBenchmark.getConnectionHSQLDB,executeUpdate
JpaAppenderBenchmark.getConnectionHSQLDB,close
DebugDisabledBenchmark.setUp,setProperty
DebugDisabledBenchmark.setUp,getLogger
DebugDisabledBenchmark.setUp,valueOf
DebugDisabledBenchmark.tearDown,clearProperty
DebugDisabledBenchmark.log4jIsDebugEnabled,isDebugEnabled
DebugDisabledBenchmark.slf4jIsDebugEnabled,isDebugEnabled
DebugDisabledBenchmark.log4jClassicIsDebugEnabled,isDebugEnabled
DebugDisabledBenchmark.log4jDebugStringConcatenation,debug
DebugDisabledBenchmark.slf4jDebugStringConcatenation,debug
DebugDisabledBenchmark.log4jClassicDebugStringConcatenation,debug
DebugDisabledBenchmark.log4jDebugParameterizedString,debug
DebugDisabledBenchmark.slf4jDebugParameterizedString,debug
SetLoggerTag.release,init
SetLoggerTag.setPageContext,getInstance
SetLoggerTag.setPageContext,getServletContext
SetLoggerTag.setScope,getScope
SetLoggerTag.doEndTag,resolveLogger
SetLoggerTag.doEndTag,setAttribute
SetLoggerTag.doEndTag,setDefaultLogger
IfEnabledTag.doStartTag,resolveLevel
IfEnabledTag.doStartTag,isEnabled
IfEnabledTag.doStartTag,getLogger
DumpTag.release,init
DumpTag.setScope,getScope
DumpTag.doEndTag,getAttributeNamesInScope
DumpTag.doEndTag,getOut
DumpTag.doEndTag,write
DumpTag.doEndTag,hasMoreElements
DumpTag.doEndTag,nextElement
DumpTag.doEndTag,getAttribute
DumpTag.doEndTag,toString
LoggingMessageTagSupport.init,clear
LoggingMessageTagSupport.getMessage,getBodyContent
LoggingMessageTagSupport.getMessage,getString
LoggingMessageTagSupport.setDynamicAttribute,add
LoggingMessageTagSupport.doEndTag,getLogger
LoggingMessageTagSupport.doEndTag,getLevel
LoggingMessageTagSupport.doEndTag,getMarker
LoggingMessageTagSupport.doEndTag,isEnabled
LoggingMessageTagSupport.doEndTag,getMessage
LoggingMessageTagSupport.doEndTag,getException
LoggingMessageTagSupport.doEndTag,logIfEnabled
LoggingMessageTagSupport.doEndTag,size
LoggingMessageTagSupport.doEndTag,getMessageFactory
LoggingMessageTagSupport.doEndTag,newMessage
LoggingMessageTagSupport.doEndTag,toArray
LogTag.setLevel,resolveLevel
EntryTag.init,clear
EntryTag.setDynamicAttribute,add
EntryTag.doEndTag,getLogger
EntryTag.doEndTag,isEnabled
EntryTag.doEndTag,isEmpty
EntryTag.doEndTag,entry
EntryTag.doEndTag,toArray
CatchingTag.setLevel,resolveLevel
CatchingTag.doEndTag,getLogger
CatchingTag.doEndTag,catching
CatchingTag.doEndTag,getException
ExitTag.doEndTag,getLogger
ExitTag.doEndTag,isEnabled
ExitTag.doEndTag,exit
LoggerAwareTagSupport.release,init
LoggerAwareTagSupport.setPageContext,getInstance
LoggerAwareTagSupport.setPageContext,getServletContext
LoggerAwareTagSupport.getLogger,resolveLogger
LoggerAwareTagSupport.getLogger,getDefaultLogger
LoggerAwareTagSupport.getLogger,getPage
LoggerAwareTagSupport.getLogger,getClass
LoggerAwareTagSupport.getLogger,getName
LoggerAwareTagSupport.getLogger,setDefaultLogger
Log4jTaglibLoggerContext.getLogger,getLogger
Log4jTaglibLoggerContext.getLogger,createLogger
Log4jTaglibLoggerContext.getLogger,putIfAbsent
Log4jTaglibLoggerContext.createLogger,getContext
Log4jTaglibLoggerContext.createLogger,getLogger
Log4jTaglibLoggerContext.createLogger,getMessageFactory
Log4jTaglibLoggerContext.hasLogger,hasLogger
Log4jTaglibLoggerContext.getInstance,lock
Log4jTaglibLoggerContext.getInstance,get
Log4jTaglibLoggerContext.getInstance,unlock
Log4jTaglibLoggerContext.getInstance,computeIfAbsent
TagUtils.getScope,equalsIgnoreCase
TagUtils.resolveLevel,toLevel
TagUtils.resolveLogger,isInfoEnabled
TagUtils.resolveLogger,contains
TagUtils.resolveLogger,info
TagUtils.resolveLogger,getClass
TagUtils.resolveLogger,getName
TagUtils.resolveLogger,add
TagUtils.resolveLogger,getLogger
TagUtils.resolveLogger,getMessageFactory
TagUtils.getLogger,getLogger
TagUtils.getLogger,getMessage
TagUtils.setDefaultLogger,setAttribute
TagUtils.getDefaultLogger,getAttribute
TagUtils.isEnabled,isEnabled
