project,pr_name,pr_base_branch,build_id,build_duration,build_timestamp,build_result,build_head_sha,ts_duration,passcount,failcount,skipcount,build_date
kafka,PR-15294,trunk,1,17788.0,1706665644.0,UNSTABLE,9bed3a2f8045cb79959fb0718f30af9a3c5c0f6a,266866.12,111618,33,267,2024-01-30
kafka,PR-15237,trunk,4,18116.0,1706687457.0,UNSTABLE,a119e750b04f571e5c046c64429dabd946093276,313280.78,111630,16,273,2024-01-31
kafka,PR-15271,trunk,7,18523.0,1706708742.0,UNSTABLE,ce76b9e55477fa16a0a9509745ba226773244661,255052.16,111655,25,264,2024-01-31
kafka,PR-15180,trunk,7,17317.0,1706714401.0,UNSTABLE,cf45e71c3f8814147f550e6fe52bd1b03e540f6a,347151.16,111679,19,276,2024-01-31
kafka,PR-15262,trunk,4,17837.0,1706722763.0,UNSTABLE,b28e21a5f96d580e4463e20eb73738a157eb440c,209239.89,111639,14,265,2024-01-31
kafka,PR-15253,trunk,11,12804.0,1706724188.0,UNSTABLE,723b95222143df69c3d5000d0fa3782abdc6dfdb,138590.39,111888,30,257,2024-01-31
kafka,PR-15263,trunk,4,19554.0,1706758794.0,UNSTABLE,cdf9c0f0cf817e68ca27092addb21308a9bc3762,343822.2,111676,18,276,2024-01-31
kafka,PR-15285,trunk,7,16064.0,1706783203.0,UNSTABLE,ee0009605406d62614e5bc29e8087aaceadc7b5c,368306.62,111907,26,293,2024-02-01
kafka,PR-15280,trunk,4,15709.0,1706790089.0,UNSTABLE,6b12b95c5bf9475200e8247a951f319203892366,189953.92,111895,58,264,2024-02-01
kafka,PR-15249,trunk,13,15478.0,1706797025.0,UNSTABLE,85e9fd13e1e05532c76aa79401d33045805e6b29,309588.97,111904,19,275,2024-02-01
kafka,PR-15229,trunk,13,3214.0,1706803559.0,UNSTABLE,38f41b132178ecfe16d239a45e5886104f19ab9c,11950.317,5462,4,4,2024-02-01
kafka,PR-15299,trunk,2,14576.0,1706813392.0,UNSTABLE,6085a8a8c184c1e44204dcc5a449c41dc1e70c7c,198276.78,111980,16,263,2024-02-01
kafka,PR-15303,trunk,2,15317.0,1706835691.0,UNSTABLE,b85aa82b665743a674f6b24ef7359f8c201f524d,255710.39,111973,21,269,2024-02-01
kafka,PR-15245,trunk,3,15705.0,1706853840.0,UNSTABLE,87ad61837738cfe6d1d02b1f0b70bd681360d660,272524.34,111991,18,279,2024-02-02
kafka,PR-15216,trunk,33,14455.0,1706866966.0,UNSTABLE,22fcb3915e4344f1fd6c4aafa52b423c5a3aec88,267788.9,111982,11,279,2024-02-02
kafka,PR-11438,trunk,6,18373.0,1706871997.0,UNSTABLE,b2d19f25f1a72082d3f7b1b9208f9b6788a6d5aa,272093.22,111973,17,272,2024-02-02
kafka,PR-15307,trunk,1,16293.0,1706872388.0,UNSTABLE,ffcfa1a4fb13a1ff66bd56ec4e07a54fa974cd2b,235651.38,112000,16,266,2024-02-02
kafka,PR-15308,trunk,1,14577.0,1706878034.0,UNSTABLE,9019be10ed84175e29398da36db34c28d6f76837,204497.78,111992,23,273,2024-02-02
kafka,PR-14782,trunk,9,16122.0,1706882883.0,UNSTABLE,9649b2be15a2d224f2a18c4aebb1a82f9b40c313,234431.48,112022,19,264,2024-02-02
kafka,PR-15047,trunk,3,18224.0,1706938030.0,UNSTABLE,d32b5497525afb8262b1168f87523cfd8d202a76,388817.5,112105,57,276,2024-02-02
kafka,PR-14663,trunk,30,15150.0,1706983668.0,UNSTABLE,ba2c82c81597d5644148ea3fca02fcbd8df0658c,279618.34,112114,22,280,2024-02-03
kafka,PR-15314,trunk,2,13917.0,1707000850.0,UNSTABLE,8a7d11ad4ded40ac93fbd9240b8cfe0614a7d24c,292667.97,112092,30,279,2024-02-03
kafka,PR-15312,trunk,2,18018.0,1707019936.0,UNSTABLE,3a83111fcd71315a3dbff7f33f87d716447038e1,290776.16,112120,29,276,2024-02-03
kafka,PR-10977,trunk,4,18223.0,1707042152.0,UNSTABLE,ca6fd69b062c3d9445b3a023f14a96c3dc36b7a5,333159.5,112093,21,278,2024-02-04
kafka,PR-15315,3.7,1,17472.0,1707094296.0,UNSTABLE,cdfdeacdc78db30845a2b3dcb6d4028bbdf1e87a,443818.94,111127,58,284,2024-02-04
kafka,PR-15225,trunk,5,14901.0,1707097956.0,UNSTABLE,9046bf265016a655928b29b64928496ee7e69b42,310899.56,112106,19,278,2024-02-04
kafka,PR-15152,trunk,30,14410.0,1707104353.0,UNSTABLE,93e8ce5c706f92bbb34f8677343bb1f570648ce1,226372.28,112118,30,268,2024-02-04
kafka,PR-10769,trunk,4,16155.0,1707143285.0,UNSTABLE,1e23cbcd1793b8abffc1af3a72627d6753c5110a,225752.81,112119,22,264,2024-02-05
kafka,PR-10767,trunk,4,18738.0,1707144153.0,UNSTABLE,cbdb91b3c1d8f62e7ea7407919637f77e2e1039f,322296.5,112120,22,271,2024-02-05
kafka,PR-15309,trunk,7,15230.0,1707160197.0,UNSTABLE,5be4f849ea7e644e11903c93b635c6c6449603b0,290901.4,112156,40,272,2024-02-05
kafka,PR-15243,trunk,4,16368.0,1707161840.0,UNSTABLE,c45345fa402ae7ba1ceeaf99fbbabae7f9bf6616,283110.38,112134,31,272,2024-02-05
kafka,PR-15320,trunk,1,17997.0,1707174235.0,UNSTABLE,57d4ae6be11dce9f7c08824df74ee4a298b565fc,321469.94,112139,42,273,2024-02-05
kafka,PR-15321,trunk,2,15767.0,1707185081.0,UNSTABLE,1aa5ad0733cf33c0619b9592dfeaed29098475a2,282857.3,112135,23,279,2024-02-05
kafka,PR-15317,trunk,2,17507.0,1707204871.0,UNSTABLE,a0cc52a14422a905a88cc1d6d0573d7f44fd2c84,216163.94,112141,23,264,2024-02-06
kafka,PR-15322,trunk,1,14945.0,1707219137.0,UNSTABLE,df8ed8d8039930d81cdacdf9a3f14449059bb5a9,193517.81,112148,19,264,2024-02-06
kafka,PR-12148,trunk,4,16222.0,1707231840.0,UNSTABLE,c198a7ea0af0dfa1bf31602e102932b80093573e,318787.78,112133,25,276,2024-02-06
kafka,PR-9786,trunk,7,20038.0,1707233820.0,UNSTABLE,9f953e44c486e4e5115ce14a6733b39fc9d58fb2,344977.3,112129,32,274,2024-02-06
kafka,PR-15325,trunk,1,15043.0,1707248847.0,UNSTABLE,4c3d1c7394e956e750e4c8eaaceb7b87e7cba094,231893.8,112149,27,263,2024-02-06
kafka,PR-15331,trunk,1,15445.0,1707272476.0,UNSTABLE,d956519f27ee398335d77e2ba5d2fad600e8ff16,263196.75,112127,15,272,2024-02-06
kafka,PR-15332,trunk,2,16535.0,1707291815.0,UNSTABLE,506511d92010a749bde3849e41cdedaf7126133a,359591.88,112131,50,275,2024-02-07
kafka,PR-15333,trunk,2,16803.0,1707301269.0,UNSTABLE,6f62651122087928d2d7def4c45602cb6c0bbf6a,255097.22,112163,28,263,2024-02-07
kafka,PR-15239,trunk,10,16376.0,1707326937.0,UNSTABLE,5e6984adfed398a4463d64edd6ff190e26a4de65,165213.19,112171,29,256,2024-02-07
kafka,PR-15342,trunk,1,22875.0,1707403484.0,UNSTABLE,598ba8ca2836f86a08a598a89886856663ebb332,311083.62,112157,30,268,2024-02-08
kafka,PR-15344,trunk,1,17534.0,1707413979.0,UNSTABLE,727237551ae689637562472ba65ff1f0355548b3,231163.6,112154,17,263,2024-02-08
kafka,PR-15319,trunk,3,15457.0,1707442259.0,UNSTABLE,2b3a284b3739f6e5bf579ab3d5b9f8ade1266c91,359779.28,112142,29,279,2024-02-08
kafka,PR-15340,trunk,3,17220.0,1707460088.0,UNSTABLE,2079badda34cc8d180e16cd0352dd9e217ffd527,403686.84,112144,27,286,2024-02-09
kafka,PR-15346,trunk,1,16654.0,1707471820.0,UNSTABLE,d1c1af22f4c883173abe54cb44bf789a0daec076,298065.16,112154,34,272,2024-02-09
kafka,PR-15347,trunk,1,19959.0,1707482616.0,UNSTABLE,5e2978e0e746c2e8e46a5c7423270e5414db31cc,462133.25,112150,35,278,2024-02-09
kafka,PR-15020,trunk,11,15461.0,1707484728.0,UNSTABLE,5bd791df04f12909d275fbba984962b093877def,253155.52,112140,22,270,2024-02-09
kafka,PR-14995,trunk,27,15891.0,1707485500.0,UNSTABLE,ddbbac49f18f5967bd3a92efffd6fc6fe8b45b62,184698.4,112244,38,255,2024-02-09
kafka,PR-15311,trunk,8,18644.0,1707486710.0,UNSTABLE,da2502b7f89c2dab5236618473765f8477c7a46c,190426.44,112149,36,257,2024-02-09
kafka,PR-15324,trunk,6,14495.0,1707506690.0,UNSTABLE,791094e32aed7c490202ffb1cd5ca7c223f23a04,188085.34,112153,30,262,2024-02-09
kafka,PR-15349,trunk,3,3268.0,1707517778.0,SUCCESS,5f0c4766117a86a84ff9679a1665ab9103a38f9e,18678.287,87391,0,155,2024-02-09
kafka,PR-15350,trunk,1,19881.0,1707526181.0,UNSTABLE,3f6080866b6d9bd9aed97b82ab7fb082547f74dd,330599.94,112159,47,272,2024-02-09
kafka,PR-15313,trunk,9,15563.0,1707588305.0,UNSTABLE,e0ed970f5584055525358a44717a7406694866fa,267057.9,112166,23,271,2024-02-10
kafka,PR-15256,trunk,22,13807.0,1707600778.0,UNSTABLE,c33131c6988ed1c83e703fd856ac66eb86ae0f4b,296596.06,112138,19,279,2024-02-10
kafka,PR-15351,trunk,1,14559.0,1707649027.0,UNSTABLE,300c41d6e2f0ff6bb4ab9cb6f5a1c08ae732fac4,327706.2,112152,30,277,2024-02-11
kafka,PR-15352,trunk,1,21113.0,1707715070.0,UNSTABLE,b5cb06c5be402d834290f84a6709a9fb46d3ea13,422491.75,112161,66,270,2024-02-11
kafka,PR-15275,trunk,10,16809.0,1707728334.0,UNSTABLE,d247d529936070d451277fc7100ff829fe36a6fc,315556.72,112171,48,271,2024-02-12
kafka,PR-15264,trunk,12,18048.0,1707730604.0,UNSTABLE,c3f2a5cda901d306e64f0e883c245afffa608d53,303204.16,112231,32,272,2024-02-12
kafka,PR-14862,trunk,20,15041.0,1707735314.0,UNSTABLE,d83d888f7f6c014093c6b93371e1fe51f3723213,268712.5,112144,1,271,2024-02-12
kafka,PR-15353,trunk,1,17278.0,1707741816.0,UNSTABLE,dcc82084d3744fe4539edddbf7e781fe48eb3895,293913.56,112141,39,268,2024-02-12
kafka,PR-14034,trunk,23,18798.0,1707753426.0,UNSTABLE,573b53ddf4491e4404bcec0d28119a964c906c1a,409554.25,112162,53,278,2024-02-12
kafka,PR-15101,trunk,13,16286.0,1707756141.0,UNSTABLE,b1fb3ef9b36e42f9d2955cbd87e4a3d49ea42b22,267617.3,112059,149,264,2024-02-12
kafka,PR-15356,trunk,2,19174.0,1707756428.0,UNSTABLE,b93be6c57de408cf220ab332ffbe075cc3152651,364150.25,112173,53,270,2024-02-12
kafka,PR-15358,trunk,1,17138.0,1707766851.0,UNSTABLE,a6db9bb0e901548d9772817c90d28eb3c436eed4,440259.16,112189,47,286,2024-02-12
kafka,PR-14604,trunk,4,13388.0,1707769656.0,UNSTABLE,9a33f848721e06e65ff62ca7f20f64d2b94b72d0,171616.31,112211,43,257,2024-02-12
kafka,PR-15286,trunk,4,20371.0,1707786383.0,UNSTABLE,c5ee97291bce808bd8ecada19873d20accb85796,339317.28,112191,60,272,2024-02-12
kafka,PR-15274,trunk,14,15305.0,1707821644.0,UNSTABLE,bd32996701015dae85913a750fa2501b2c8085fd,314185.84,112096,44,275,2024-02-13
kafka,PR-15362,trunk,3,14708.0,1707832064.0,UNSTABLE,47115a5b1c13bfd8637f5faa0ab98c73167bb261,263310.06,112171,19,270,2024-02-13
kafka,PR-15354,trunk,4,16264.0,1707835225.0,UNSTABLE,5bf9b2ffc7c7067287ff0c8b51319f72eb9eb1ce,346708.25,112188,38,271,2024-02-13
kafka,PR-15348,trunk,4,15545.0,1707863215.0,UNSTABLE,94e9218acc14a0bf2c7a1511058bc48e287cd084,247097.03,112175,19,272,2024-02-13
kafka,PR-15359,trunk,2,16619.0,1707869827.0,UNSTABLE,a95afbdc8bae378037d7abcc0bf9b802805ff284,339818.38,112180,24,278,2024-02-13
kafka,PR-15366,trunk,1,14573.0,1707871830.0,UNSTABLE,b31840f8d7bd6a88da4a7a1f190b0ab438b817ef,214233.14,112188,21,264,2024-02-13
kafka,PR-13862,trunk,9,14174.0,1707892988.0,UNSTABLE,9e7d566f955d6fb68e5fd8245b9eda9316120a54,203938.47,112186,21,265,2024-02-14
kafka,PR-15368,trunk,1,15800.0,1707901506.0,UNSTABLE,fb0d8fa049753ba13ed3ccd7536c652faa792471,189396.64,112188,31,257,2024-02-14
kafka,PR-15370,trunk,1,17105.0,1707920240.0,UNSTABLE,149adade6b8cd909d81363ff0d5c956f0fbddd0f,369994.62,112176,29,280,2024-02-14
kafka,PR-15371,trunk,1,14727.0,1707921384.0,UNSTABLE,9896013a2a9a9da2f245791f5326cc1885ba34c1,254304.2,112185,22,273,2024-02-14
kafka,PR-15323,trunk,18,19412.0,1707933136.0,UNSTABLE,804c62999ccd0b1642e12067eade67c7cf08ba4d,411073.06,112207,42,271,2024-02-14
kafka,PR-15376,trunk,1,13019.0,1707948834.0,UNSTABLE,286c5d286463276fb37d0c1918efc1b44c5852f8,180149.52,112191,16,268,2024-02-14
kafka,PR-13931,trunk,8,14327.0,1707996336.0,UNSTABLE,019538f729fee7c0f37798cf6d216c86afe34c57,241682.53,112193,18,272,2024-02-15
kafka,PR-15375,trunk,3,14833.0,1708012404.0,UNSTABLE,84661c86ae69e21a0cdccfbdf5b588054370170a,261930.58,112210,16,269,2024-02-15
kafka,PR-15378,trunk,2,15001.0,1708028798.0,UNSTABLE,6e5e2ed696f4c33ab213697ddfa30afd9ed69eaf,278904.75,112363,21,273,2024-02-15
kafka,PR-15328,trunk,9,14799.0,1708033539.0,UNSTABLE,1b37a807eaddc6a0dbecbff32c56fc5e16a81321,304652.06,112201,29,271,2024-02-15
kafka,PR-15380,trunk,1,15972.0,1708049579.0,UNSTABLE,91edb3111dbe2cb912862e016aa6efaec2605c60,292008.72,112196,25,272,2024-02-15
kafka,PR-15381,trunk,1,15300.0,1708063257.0,UNSTABLE,547d50048497571d4c2c008362f79f10219cf32d,316691.0,112144,64,278,2024-02-16
kafka,PR-14953,trunk,3,17995.0,1708080855.0,UNSTABLE,2d7df0318d7a1c639942c769e1da982891eee2f7,374668.34,112232,36,272,2024-02-16
kafka,PR-15092,trunk,13,15958.0,1708084307.0,UNSTABLE,dd7a8858aa480923ce2f0f87c013027503edc309,318875.75,112212,21,278,2024-02-16
kafka,PR-15383,trunk,2,16479.0,1708099653.0,UNSTABLE,9644e6b12cd6a67c06e95cab63b1e3c6e4e647d5,234138.75,112240,23,266,2024-02-16
kafka,PR-15300,trunk,17,19738.0,1708100555.0,UNSTABLE,09f3e08b2854728f4909995c1d9b7eec5994c069,280014.88,112223,33,272,2024-02-16
kafka,PR-15219,trunk,10,5244.0,1708116862.0,UNSTABLE,1d1875f48b0700e8fd08397aa5b731775c601d98,92250.92,112232,17,253,2024-02-16
kafka,PR-15382,trunk,3,18654.0,1708118106.0,UNSTABLE,9d976a362c20bdffc009d563c2d8095a1d22ba29,435408.62,112236,53,273,2024-02-16
kafka,PR-15296,trunk,6,17440.0,1708120585.0,UNSTABLE,847f2bb83673cd10e1a3ee1edf4756ca6f87457e,401095.38,112223,32,284,2024-02-16
kafka,PR-12740,trunk,7,13255.0,1708135213.0,UNSTABLE,bde43bca63e0531001573e5c1a1f95e929c7c8aa,138701.61,112234,21,257,2024-02-16
kafka,PR-15374,trunk,3,14052.0,1708164060.0,UNSTABLE,b9b482728e7cfade27402d6fb2539efb2915e5ac,293473.38,112210,19,279,2024-02-17
kafka,PR-15386,trunk,1,16334.0,1708170211.0,UNSTABLE,c36424e4951ba6b743e8a83b9654e2ae46a91958,399175.5,112217,54,276,2024-02-17
kafka,PR-15388,trunk,1,15662.0,1708308164.0,UNSTABLE,2a23162780e47190b1211a22074a1ffca5aabca5,261722.62,112236,45,264,2024-02-18
kafka,PR-14744,trunk,4,20897.0,1708324246.0,UNSTABLE,8f63bdcf38f0bc319d8b3029d7a28c490a1853f3,234678.36,112246,35,256,2024-02-19
kafka,PR-15279,trunk,2,17843.0,1708333798.0,UNSTABLE,4c489eb9308e8a6b3530fe88c81292e71e8dc881,273905.8,112225,22,271,2024-02-19
kafka,PR-15372,trunk,4,22850.0,1708362219.0,UNSTABLE,c823d57e9dad6b2e8a633fa07d964628c039e2c7,394825.56,112341,32,286,2024-02-19
kafka,PR-15316,trunk,8,19759.0,1708365614.0,UNSTABLE,27c890310cfe74f9cd74f2959a0d0fedb8ec2240,319260.62,112255,26,271,2024-02-19
kafka,PR-15391,trunk,2,20284.0,1708369074.0,UNSTABLE,f6ed9f45bdf48ca4b95207d88c9be6d23c6ee7de,245104.88,112241,26,264,2024-02-19
kafka,PR-15393,trunk,1,18458.0,1708434846.0,UNSTABLE,d0512175edaf90da8d575d873c9b80873fb7ce1c,226921.52,112244,27,264,2024-02-20
kafka,PR-15394,trunk,1,22453.0,1708443547.0,UNSTABLE,eab6e845445e3eed47df2b96afe185ec94f50fcd,225827.86,112255,33,264,2024-02-20
kafka,PR-15357,trunk,8,23211.0,1708448351.0,UNSTABLE,f95fde36777afae4fad69cdc600cb0b8df608800,307160.34,112304,32,275,2024-02-20
kafka,PR-15306,trunk,4,23408.0,1708448473.0,UNSTABLE,6085a8a8c184c1e44204dcc5a449c41dc1e70c7c,214921.66,112248,21,264,2024-02-20
kafka,PR-15398,trunk,1,24169.0,1708459060.0,UNSTABLE,dca0c1c913b6484dceb80a77eaeabac76e5e9731,339340.84,112241,27,271,2024-02-20
kafka,PR-15405,trunk,1,19065.0,1708509100.0,UNSTABLE,a2442cf27ad739dde9e9bd8e739d2ef59810de51,282837.56,112242,27,271,2024-02-21
kafka,PR-15369,trunk,10,21306.0,1708514260.0,UNSTABLE,b9f16b7de72e7eb1048c7ad6fd4619f870966001,200299.2,112316,25,263,2024-02-21
kafka,PR-15404,trunk,3,25451.0,1708515295.0,UNSTABLE,27a4aa9e9620473db158177d761e7a78690bbd17,260625.33,112312,24,265,2024-02-21
kafka,PR-14605,trunk,4,26498.0,1708524401.0,UNSTABLE,d53139acd6330c0c025e677da16c57ef4cb7a6c0,204061.83,112320,19,269,2024-02-21
kafka,PR-15421,trunk,1,18240.0,1708613697.0,UNSTABLE,4bb7ac689fbef4c6790af867498f151ad19e93b4,324436.28,112124,219,279,2024-02-22
kafka,PR-15422,trunk,6,16495.0,1708645280.0,UNSTABLE,f14674d34256df8b61579e1ac556daad84507c91,196680.55,112335,24,261,2024-02-22
kafka,PR-15423,trunk,1,19905.0,1708651233.0,UNSTABLE,14b5017b0d5e5af05f2ade806f4059c5277a549e,469639.12,112340,53,280,2024-02-22
kafka,PR-15399,trunk,4,15198.0,1708651309.0,UNSTABLE,0791f12f79b1a73d2d4e0a64c42d553b946af350,176883.69,112346,21,263,2024-02-22
kafka,PR-15392,trunk,6,16130.0,1708660508.0,UNSTABLE,705254d496bfe36d9708e5dc55996a5143416ee9,290742.88,112334,34,272,2024-02-22
kafka,PR-15419,trunk,2,19969.0,1708681785.0,UNSTABLE,ee03cd08445ce0d1d305863ef50332aae7dd2f58,316907.84,112340,38,271,2024-02-23
kafka,PR-15420,trunk,2,18121.0,1708681850.0,UNSTABLE,d4c1efe8ffb94f90784353588cadceff056c84e3,363618.84,112317,28,279,2024-02-23
kafka,PR-15415,trunk,8,13485.0,1708705726.0,UNSTABLE,a30e2d1c157903546ac643e142f2da50c540d6ca,190874.05,112369,25,266,2024-02-23
kafka,PR-15397,trunk,6,14324.0,1708706875.0,UNSTABLE,648800b512380eae09d0c4d8729de0d38fc8c58e,188621.03,112337,17,264,2024-02-23
kafka,PR-15384,trunk,13,14317.0,1708734818.0,UNSTABLE,91d686e89dd7af8a8ff01499ed3072301c6e7fcd,276123.56,112338,14,279,2024-02-23
kafka,PR-15429,trunk,1,19839.0,1708746614.0,UNSTABLE,2ddab35af5be810d7687214638d9dde3eb7886e0,367670.7,112424,30,278,2024-02-23
kafka,PR-15295,trunk,18,14072.0,1708771841.0,UNSTABLE,091b44e9bc0d2080ea7f46e6ed06d7f31cda2a3b,237050.6,112377,18,272,2024-02-24
kafka,PR-15416,trunk,9,17027.0,1708928810.0,UNSTABLE,3dc1770c20a1b7721e7300d2de9b79993103983d,302022.62,112368,20,276,2024-02-26
kafka,PR-15431,3.7,1,14940.0,1708945939.0,UNSTABLE,654bd6d483d9e08fe45caa909c2c7f58f73748c5,270975.0,111141,43,276,2024-02-26
kafka,PR-15385,trunk,5,15523.0,1708951687.0,UNSTABLE,ca7ac065a91ac9c15ae5f9b09b3f336c1753b11d,268735.3,112369,20,278,2024-02-26
kafka,PR-15435,trunk,1,18752.0,1708982762.0,UNSTABLE,925c61a99ce51103af1ab3188997def5ad1f767b,314867.0,112379,48,272,2024-02-26
kafka,PR-15436,trunk,1,14669.0,1708987534.0,UNSTABLE,6020f337549be122c4eb70cf1426f4de7554e5a4,230801.38,112418,20,272,2024-02-26
kafka,PR-15424,trunk,3,16417.0,1709001753.0,UNSTABLE,5826d19104bfa03951a50f2113a59eba84009609,329247.62,112410,28,278,2024-02-26
kafka,PR-15433,trunk,2,17136.0,1709023780.0,UNSTABLE,c03717369046fac2135ef2c7ed0525be825a00f7,252469.38,112403,16,271,2024-02-27
kafka,PR-15434,trunk,3,15962.0,1709031628.0,UNSTABLE,d9543932dcb63efb45c2d6e5704f044cb44ba95a,282968.9,112406,13,278,2024-02-27
kafka,PR-15227,trunk,7,15370.0,1709048879.0,UNSTABLE,6615dfe19d39614b264170dbc00456c18d0e4938,258408.27,112252,188,272,2024-02-27
kafka,PR-14841,trunk,4,13531.0,1709092358.0,UNSTABLE,ebe82f8d8648356cff6301f13ea9455253e8dfa7,201377.56,112403,28,267,2024-02-27
kafka,PR-15339,trunk,10,14270.0,1709092408.0,UNSTABLE,16fcc5d3cd1a64bebb81c1f7e7bd387f515e852f,234034.97,112424,21,269,2024-02-27
kafka,PR-15430,trunk,4,17042.0,1709110282.0,UNSTABLE,244520ccc332e64bbaf2b8289d472da525cf0bd0,341245.12,112406,23,280,2024-02-28
kafka,PR-15150,trunk,22,14450.0,1709135770.0,UNSTABLE,2a421bad3cb7bac23235c079adbe64c4fd910581,259633.61,112469,34,274,2024-02-28
kafka,PR-15213,trunk,5,16372.0,1709143532.0,UNSTABLE,ac2014133d778eea5a6f4fcff56d70fecdb65cec,324761.7,112459,24,280,2024-02-28
kafka,PR-15443,trunk,1,15666.0,1709162834.0,UNSTABLE,06a386fd203b4b3d3b2161500aa7d3d8e493ddac,306544.6,112440,23,279,2024-02-28
kafka,PR-15438,trunk,11,15520.0,1709175452.0,UNSTABLE,4b798b6896f0b5c3c23b974c0cf90944811d1679,254740.75,112430,17,278,2024-02-28
kafka,PR-15432,trunk,4,20413.0,1709197888.0,UNSTABLE,a92a06985de6f8edbad80df88d44c744f6bcfc19,370049.84,112428,90,284,2024-02-29
kafka,PR-15289,trunk,3,15374.0,1709210200.0,UNSTABLE,394f2e30e3ac2110921f8e1ea2978c405194a11b,285842.38,112479,25,272,2024-02-29
kafka,PR-15361,trunk,7,15487.0,1709219831.0,UNSTABLE,2206c2dd0372b59091bffc1183e78dbe749eff42,267911.06,112483,24,274,2024-02-29
kafka,PR-15355,trunk,19,11803.0,1709229502.0,SUCCESS,ea85ddae071bf187bc23a06d05afabc4729c1f5a,29941.371,96610,0,221,2024-02-29
kafka,PR-14206,trunk,24,17919.0,1709233515.0,UNSTABLE,59b3abc20486dcbeb39371312b6fb1aca0add98b,307367.12,112504,21,280,2024-02-29
kafka,PR-15445,trunk,3,16136.0,1709235334.0,UNSTABLE,287697f79e45f8e85ffceccf2f69ce808f8316d4,280591.4,112503,23,271,2024-02-29
kafka,PR-15437,trunk,2,17795.0,1709287973.0,UNSTABLE,5e5352d492457fd4ec1e3a334e7227651fbb100b,346770.4,112494,25,272,2024-03-01
kafka,PR-15440,trunk,4,17006.0,1709288799.0,UNSTABLE,33171ca5607cefd3b92b42126167310668d42aef,346207.3,112501,24,279,2024-03-01
kafka,PR-15452,trunk,1,16750.0,1709301480.0,UNSTABLE,25f2704dc4c99d3d8402ddd7a17c4114e1974761,250956.48,112507,19,274,2024-03-01
kafka,PR-15453,trunk,1,17241.0,1709301922.0,UNSTABLE,0aafccff470fa1f134310b378620c9f9bc9ac38a,280173.62,112497,20,272,2024-03-01
kafka,PR-14818,trunk,4,16172.0,1709303509.0,UNSTABLE,3ed11f5d7dea898dbd4d7868b8094b53540b9643,220504.14,112515,19,264,2024-03-01
kafka,PR-15448,trunk,2,17523.0,1709321015.0,UNSTABLE,696210a53fec6688638f237ba778129f85144e2c,373967.5,112512,27,279,2024-03-01
kafka,PR-14365,trunk,9,13910.0,1709412188.0,UNSTABLE,c28ffc7e8a84269c38a3bc943f76ea77be080b1b,292944.2,112506,22,279,2024-03-02
kafka,PR-15459,trunk,1,15177.0,1709437020.0,UNSTABLE,c485e8cce7593453e9737e109d1a93ecd1e5ab0e,272421.72,112538,24,269,2024-03-02
kafka,PR-15458,trunk,2,13619.0,1709448270.0,UNSTABLE,89ef7d27d97f15c1ea4946fd92fd8b9cf4ed8c76,132212.08,112511,11,257,2024-03-03
kafka,PR-15460,trunk,2,17761.0,1709518362.0,UNSTABLE,8dada550f39ecf1918fe07f76842831165eda036,270042.03,112501,21,274,2024-03-03
kafka,PR-15402,trunk,7,15393.0,1709523757.0,UNSTABLE,59f36f67903ba082d99d0776230aa31f4d69ed47,319612.78,112508,28,280,2024-03-03
kafka,PR-15426,trunk,6,16648.0,1709535557.0,UNSTABLE,a832dd37668558cdf7e5dbf0ecd8be8709cc21f9,352899.8,112569,22,279,2024-03-04
kafka,PR-15395,trunk,2,17015.0,1709543217.0,UNSTABLE,58c5e1edc624482254cc50b857d443edff6fa400,282060.25,112508,26,272,2024-03-04
kafka,PR-15464,trunk,2,19253.0,1709561714.0,UNSTABLE,13fb463673f0fe7412a34376c3824b250f4bfd7e,282052.28,112476,28,273,2024-03-04
kafka,PR-15467,trunk,1,19759.0,1709570387.0,UNSTABLE,90a37d727b8a882f3756dcaf54e0ec5b302a8bf8,265887.56,112483,24,271,2024-03-04
kafka,PR-15447,trunk,4,18974.0,1709585993.0,UNSTABLE,b582141b2dcd5fc96bd795a7f248383bb8564c90,393460.97,112487,28,279,2024-03-04
kafka,PR-15387,trunk,4,16348.0,1709591374.0,UNSTABLE,4647fc1a4c30aa43be6790bb6a1bf1c0d4b1a2e7,323570.28,112475,15,279,2024-03-04
kafka,PR-15349,trunk,8,14449.0,1709593627.0,UNSTABLE,8e8d2dad1c817be2b062e0ef61850391d99ed2c9,267385.06,112467,10,279,2024-03-04
kafka,PR-15472,trunk,3,16830.0,1709632890.0,UNSTABLE,c98f8c7500799e21b6d2617ac34133554bcf86aa,272576.4,112512,34,269,2024-03-05
kafka,PR-15444,trunk,4,17171.0,1709646884.0,UNSTABLE,bbeb437bac0c3de461830a1b010fb52ce385145a,260327.52,112515,39,263,2024-03-05
kafka,PR-15473,trunk,3,15511.0,1709648295.0,UNSTABLE,0c7e26ffeecd4063778c7691b3befb113928ece4,181552.27,112501,17,265,2024-03-05
kafka,PR-14426,trunk,31,20697.0,1709651502.0,UNSTABLE,664e4284a88f59cd9dceb5361efde5aa76ef9bed,261650.14,112500,23,272,2024-03-05
kafka,PR-15449,trunk,11,6431.0,1709653037.0,SUCCESS,247f4c824f77cb4a5e7ec6b7401b4b9806e4f39c,368.74802,8,0,0,2024-03-05
kafka,PR-15450,trunk,4,18371.0,1709656807.0,UNSTABLE,df5a2733cbc8a3ba1f5d96a967a860fee566ae8b,202725.44,112518,17,263,2024-03-05
kafka,PR-15455,trunk,5,21072.0,1709673640.0,UNSTABLE,b075b29b039062bed651e5175858b5ceac6fd650,259254.19,112505,18,272,2024-03-05
kafka,PR-15468,trunk,2,15595.0,1709686920.0,UNSTABLE,4a94d7fc45c67befb22f0a5b1cb07927dc90ba48,331685.16,112473,24,280,2024-03-05
kafka,PR-15480,trunk,2,16926.0,1709692471.0,UNSTABLE,482632fcf13594a7c9579a79c3e2f71cb8a747e2,283212.25,112494,50,270,2024-03-05
kafka,PR-15449,trunk,13,20558.0,1709696914.0,UNSTABLE,19d210e941fc4a9d94576ebf5cf04985b0017497,287498.72,112512,31,272,2024-03-05
kafka,PR-15365,trunk,18,20005.0,1709706519.0,UNSTABLE,df6340f3dbe21772aaf3c9908b486e06614eaebb,373065.16,112511,21,280,2024-03-06
kafka,PR-15363,trunk,15,18098.0,1709745235.0,UNSTABLE,0c3394172399deb02a2f0bcc97da1332cee1adec,270823.53,112519,23,269,2024-03-06
kafka,PR-15261,trunk,2,13706.0,1709745305.0,UNSTABLE,2c621e0d61474c84295c0d30d01c249f6db74cf1,182932.23,112519,16,263,2024-03-06
kafka,PR-15457,trunk,7,17351.0,1709751635.0,UNSTABLE,bdf8f5b0610e3677d0bc140a79f455d71826ca3d,276220.53,112538,19,279,2024-03-06
kafka,PR-15485,trunk,2,15758.0,1709768039.0,UNSTABLE,19c43158315ab8070e3397184f3e8acc5c29711d,304717.62,112540,18,276,2024-03-06
kafka,PR-15409,trunk,2,17730.0,1709772718.0,UNSTABLE,cacd8a51de8115da92c94349b970304c8d7cb437,260849.33,112553,20,272,2024-03-06
kafka,PR-15479,trunk,2,17300.0,1709806213.0,UNSTABLE,ecb789fc63c8500b3478774bfa5654a5452248e2,324991.97,112544,24,279,2024-03-07
kafka,PR-15462,trunk,5,16057.0,1709809567.0,UNSTABLE,6b3832063883e932abc8c85030d81257ef598ebd,275491.72,112544,22,279,2024-03-07
kafka,PR-15487,trunk,1,17142.0,1709813196.0,UNSTABLE,bb2ec28f71d2706eb900f3fb2cf7d190e77c3706,304174.34,112558,23,272,2024-03-07
kafka,PR-15488,trunk,2,16603.0,1709819518.0,UNSTABLE,c34c3c175751aef7cc4b8c869008462ab1aad923,269869.8,112565,30,274,2024-03-07
kafka,PR-15490,3.6,1,13524.0,1709822632.0,UNSTABLE,caf09dca0a7d41a67a22694584d8ec18a6d04934,166856.88,100040,19,155,2024-03-07
kafka,PR-15466,trunk,3,17687.0,1709839299.0,UNSTABLE,1dd3bce2287d540dd0873d645917dcc92b035f2c,329780.25,112567,22,279,2024-03-07
kafka,PR-15442,trunk,15,14185.0,1709846842.0,UNSTABLE,5bd78e15f84d7367098ddb6f6f33d0379e3188c2,289909.06,112570,20,286,2024-03-07
kafka,PR-15493,3.7,1,15052.0,1709847974.0,UNSTABLE,e478cb2000ae33716e01dea6d03e8412d45b8471,236806.69,111138,32,277,2024-03-07
kafka,PR-12742,trunk,15,15509.0,1709861400.0,UNSTABLE,55660fb2215e8aed57f835dbb6ec4b35ef1ecf39,267978.06,112589,30,272,2024-03-07
kafka,PR-15465,trunk,6,15372.0,1709877555.0,UNSTABLE,dfe6c95b1c5a1b1e2c0c265d8e266fd44da7504b,257448.86,112555,19,272,2024-03-07
kafka,PR-15496,trunk,1,13984.0,1709890376.0,UNSTABLE,db0ebfc76204a2b0635df3d5969ad4b97ee6605c,246958.61,112561,19,277,2024-03-08
kafka,PR-15497,trunk,1,16530.0,1709892879.0,UNSTABLE,605bf911c643a972ee11fafce4f0cec82771b3e8,314032.94,112556,29,275,2024-03-08
kafka,PR-15498,3.6,2,11240.0,1709902279.0,UNSTABLE,6742fb4bc84e9c2faded9cc8fdbe027e9ea1e3c4,195774.45,100040,18,158,2024-03-08
kafka,PR-15499,trunk,1,16471.0,1709928020.0,UNSTABLE,c922dcfa92db1f1cdd3de9329c5558bc762c8325,355022.56,112569,27,276,2024-03-08
kafka,PR-15201,trunk,5,14246.0,1709928305.0,UNSTABLE,c402edaca665e2ac610ddc29c50ef17df3540076,220465.11,112588,16,265,2024-03-08
kafka,PR-15503,trunk,1,15909.0,1709969733.0,UNSTABLE,c8bb8449eb7f1cbf81fad3c59f4fa7cc1544042a,247469.7,112578,18,266,2024-03-09
kafka,PR-15504,trunk,1,13363.0,1709989392.0,UNSTABLE,28ceb8b6f5109682582d33064169e664de1813a0,260045.19,112571,15,273,2024-03-09
kafka,PR-15506,trunk,2,14466.0,1710079266.0,UNSTABLE,20c59bc47fa7d26a03a2192f964beef8d2a7aff2,301942.97,112566,17,279,2024-03-10
kafka,PR-15491,trunk,2,16516.0,1710175646.0,UNSTABLE,3818460ec887a0b71575ba32a891cb8523a9d98b,339379.94,112633,17,278,2024-03-11
kafka,PR-15517,trunk,1,17598.0,1710185502.0,UNSTABLE,db5382b9646f8d99c07a836fc600457fd7d5caf3,253154.05,112563,52,264,2024-03-11
kafka,PR-15518,trunk,4,15968.0,1710191680.0,UNSTABLE,44b01153a4cb60e6747fca9e90f21d624b5f28a4,211856.36,112587,25,268,2024-03-11
kafka,PR-11982,trunk,8,16366.0,1710232483.0,UNSTABLE,88fbbc8354aba0d594c7875ba8c10c8c7d4a6b84,315788.06,112574,14,280,2024-03-12
kafka,PR-15364,trunk,6,16820.0,1710251731.0,UNSTABLE,9761d2b667eeef255a97e702c2613118d30cacd8,274276.1,112633,22,272,2024-03-12
kafka,PR-15277,trunk,19,13563.0,1710295498.0,UNSTABLE,44bcd1616038329f9a3d81b3e98980251b9761d3,270231.0,112644,23,272,2024-03-12
kafka,PR-15474,trunk,12,16788.0,1710335167.0,UNSTABLE,51b383dcadae2ae0bb262e3f2ef588777dbfa9ce,273907.7,112667,17,272,2024-03-13
kafka,PR-15511,trunk,2,19007.0,1710344370.0,UNSTABLE,62d44cf99cea3149d7dc0b24600899ccdf0643a1,358788.53,112651,40,271,2024-03-13
kafka,PR-15526,trunk,2,17458.0,1710346400.0,UNSTABLE,282309b3f787e71565f095ce234c8a81366fa9f9,330005.16,112628,27,272,2024-03-13
kafka,PR-15528,trunk,2,19898.0,1710350133.0,UNSTABLE,0c12561850c425c61eb42c81ad678966e01693b5,445805.03,112590,111,280,2024-03-13
kafka,PR-15519,trunk,3,18281.0,1710356987.0,UNSTABLE,581d313f97bed9dd569ab8ca33bb263ec86094c4,315163.97,112619,53,265,2024-03-13
kafka,PR-15523,trunk,2,16395.0,1710413888.0,UNSTABLE,1481d215c7b4ef3b0b3c375878caa5f4af52f8d2,350904.47,112649,31,279,2024-03-14
kafka,PR-15454,trunk,5,19286.0,1710430096.0,UNSTABLE,409d206e943d2e442452f0a9fd0e91378747908f,376445.12,112642,26,277,2024-03-14
kafka,PR-15536,trunk,1,20135.0,1710441638.0,UNSTABLE,719ab93e9413c438db780c23208ddeae4547b11e,499119.6,112647,38,280,2024-03-14
kafka,PR-15538,trunk,1,17038.0,1710451667.0,UNSTABLE,4b5a6d7619c3a69423bc63921a4a100cc5834aab,414297.66,112644,38,279,2024-03-14
kafka,PR-15539,trunk,1,18502.0,1710451858.0,UNSTABLE,c70c5fbb4af8806c8faeaf6fd16ca20bba6c60b4,284755.62,112682,35,266,2024-03-14
kafka,PR-15540,trunk,1,15253.0,1710451998.0,UNSTABLE,f906bbb37061901b4dedc13ae72a0081a6c2b9ca,266689.0,112655,30,264,2024-03-14
kafka,PR-15330,trunk,53,18239.0,1710452164.0,UNSTABLE,3071b8a19e7d69509e3badf2f8221e7666abee5a,362638.3,112630,26,278,2024-03-14
kafka,PR-15537,trunk,2,20106.0,1710452249.0,UNSTABLE,a665e863b97f9f5e7ffa26a30efe1100269bdc34,439852.7,112710,57,270,2024-03-14
kafka,PR-15188,trunk,26,18704.0,1710460691.0,UNSTABLE,969e0a622f1bfdbcadcef690696fb469b36ccc68,389554.9,112705,32,272,2024-03-14
kafka,PR-15507,trunk,8,16592.0,1710461002.0,UNSTABLE,204bdf50d5480d49dcc7ce7012f02eff237ed3ab,231531.72,112662,13,265,2024-03-14
kafka,PR-15542,3.6,1,14128.0,1710469807.0,UNSTABLE,14a7892bdd73b693c5d82bdbe21a0e95dd297f5e,172171.3,100164,20,155,2024-03-14
kafka,PR-15508,trunk,3,19986.0,1710482520.0,UNSTABLE,6a50f5f22b8a24e13052ebb9ab3217e31058032d,434020.06,112674,30,280,2024-03-15
kafka,PR-15543,trunk,2,17712.0,1710490528.0,UNSTABLE,3900718c9c9f9735fb52f49efc2cd56d1269fc4c,410697.5,112660,28,285,2024-03-15
kafka,PR-15544,trunk,1,16254.0,1710494097.0,UNSTABLE,1bce9597cb3af6f0b9ff04513ce3d36206394e2c,315462.75,112657,17,280,2024-03-15
kafka,PR-15401,trunk,7,13705.0,1710506279.0,UNSTABLE,f77b1cd04d2f7354f9412979f12d3ae006bf2e6f,231967.11,112678,20,264,2024-03-15
kafka,PR-15545,trunk,1,17570.0,1710507010.0,UNSTABLE,8a09f56e1704e331a338e07e3d2f7cd6c00c5f2e,254064.25,112699,46,265,2024-03-15
kafka,PR-15414,trunk,23,17469.0,1710541905.0,UNSTABLE,d0b8d8837db3ab63d7443cfa5a18f36ad2be2f22,306294.62,112673,20,272,2024-03-15
kafka,PR-15547,trunk,1,15628.0,1710542331.0,UNSTABLE,9c21a3556c25dd2a0f23f5800ae47dfb32fde960,280801.97,113690,21,272,2024-03-15
kafka,PR-15494,trunk,5,17433.0,1710546865.0,UNSTABLE,1b220399b58bf05b58d56599607164b33dce2c5c,302399.5,112676,21,271,2024-03-15
kafka,PR-15476,trunk,10,13996.0,1710572514.0,UNSTABLE,71cb747ff3f4d0848a84b190f2939b17e8ac3d7c,366446.97,112683,29,279,2024-03-16
kafka,PR-15548,trunk,1,16861.0,1710646171.0,UNSTABLE,1b66baf48acd85af2a04eaaa147324449acb81f8,274124.84,112663,27,272,2024-03-16
kafka,PR-15495,trunk,2,16494.0,1710671804.0,UNSTABLE,0b28dd4478726b623d88c89ac6f2e5fc0f035ffa,328357.84,112668,22,285,2024-03-17
kafka,PR-15483,trunk,7,17710.0,1710691238.0,UNSTABLE,1a1be10c8468ea6c11a6da7ee79ad879010ab3fe,351261.47,112668,28,279,2024-03-17
kafka,PR-15551,trunk,1,13351.0,1710703892.0,UNSTABLE,5c9250f5549312ca8c8fce7987981736e95bf10c,235451.45,112665,16,270,2024-03-17
kafka,PR-15552,trunk,1,14726.0,1710726152.0,UNSTABLE,2b8ffb45310b4c91ca3d7d527f53898e04f8ca78,271019.6,112676,19,273,2024-03-17
kafka,PR-15530,trunk,10,17664.0,1710755418.0,UNSTABLE,fa84a5a5c64b365e6f7ed074810f737c87b2efe5,381358.03,112653,30,287,2024-03-18
kafka,PR-15554,trunk,1,16490.0,1710759270.0,UNSTABLE,154b4c056b6f3d83e5274fe85c68cff7ddb410bc,275224.34,112671,17,266,2024-03-18
kafka,PR-15273,trunk,7,18058.0,1710784057.0,UNSTABLE,d4fcdc28d9c8ba8d2287074f563b3f250c2c9a4b,348475.1,112677,29,278,2024-03-18
kafka,PR-15524,trunk,4,17320.0,1710792605.0,UNSTABLE,e15b50d67c67c69379d935f89cd9d026fbab8d8f,391097.22,112669,27,279,2024-03-18
kafka,PR-15481,trunk,5,15806.0,1710817728.0,UNSTABLE,f8d2296cb6cff72a7bbd61b427838d8c23f5c7da,353411.72,112657,29,287,2024-03-18
kafka,PR-15533,trunk,3,17783.0,1710858341.0,UNSTABLE,ff476a2c83a018af1d1b4e25803788fcfc1fa0c2,358673.44,112662,22,276,2024-03-19
kafka,PR-15512,trunk,10,20012.0,1710863178.0,UNSTABLE,340841bc86f2aa92f66d6c3d3ce16b3e40ef146f,213422.98,112685,19,257,2024-03-19
kafka,PR-14471,trunk,71,16462.0,1710870492.0,UNSTABLE,6645d62f3fe488ce013b1fe2d8986757c89a784b,277721.88,112674,13,276,2024-03-19
kafka,PR-14675,trunk,49,16145.0,1710879853.0,UNSTABLE,53fad498b5ce125b871da5602c353ef39bdf4918,336882.12,113681,22,278,2024-03-19
kafka,PR-15546,trunk,8,13612.0,1710881401.0,UNSTABLE,84a6ce8e5c680556fade42c82b0beb085ac0e323,302816.6,112675,20,280,2024-03-19
kafka,PR-15254,trunk,5,18297.0,1710948790.0,UNSTABLE,99743362c4ff29c7062c0e2867c6b85312593336,242580.4,112676,58,260,2024-03-20
kafka,PR-15563,trunk,1,19919.0,1710950331.0,UNSTABLE,ddb100658cbc1a2568333d6c483d19e60f039ed8,352617.1,112715,32,272,2024-03-20
kafka,PR-15566,trunk,1,20019.0,1710966756.0,UNSTABLE,babee722e82374e20729faf60664962faa282955,469400.88,112697,48,280,2024-03-20
kafka,PR-15565,trunk,2,14233.0,1710968533.0,UNSTABLE,08d96ebe8e7632333afaab120d1fd3c704a862e4,264417.12,112703,16,271,2024-03-20
kafka,PR-15567,trunk,1,17461.0,1710978406.0,UNSTABLE,064ea174a6a986fd8236787f642e974948be6ba2,333989.3,112683,20,280,2024-03-20
kafka,PR-15560,trunk,3,15141.0,1711006460.0,UNSTABLE,b2fa3e64ac12a7e09e2b5364ca99517fdb031762,312035.0,112717,28,271,2024-03-21
kafka,PR-15574,trunk,1,18193.0,1711031586.0,UNSTABLE,d415b53261d2f281905a68ef0c00151a8f67b730,366531.53,112691,20,279,2024-03-21
kafka,PR-15578,trunk,2,17180.0,1711054580.0,UNSTABLE,2e3caebb62f2bf5f38c004476ccd291dd1c72fa2,298334.72,112689,26,282,2024-03-21
kafka,PR-15486,trunk,15,17592.0,1711057927.0,UNSTABLE,3a985ef0671a580051377e0b06baf003cd1019aa,407708.16,112766,35,286,2024-03-21
kafka,PR-15570,3.6,6,11577.0,1711091264.0,UNSTABLE,383ec8c545f2ded653468de33d9defaa315de9d8,227574.05,100198,19,158,2024-03-22
kafka,PR-15534,trunk,4,17751.0,1711100980.0,UNSTABLE,93cbe8b2cb3e714b23e94c4e5a7b2a22976d684d,289810.62,112714,22,271,2024-03-22
kafka,PR-14903,trunk,12,15393.0,1711103033.0,UNSTABLE,5566ad27e1868cc057bbf50003374b144c8e58cb,305471.66,112681,20,279,2024-03-22
kafka,PR-15580,trunk,1,17025.0,1711109283.0,UNSTABLE,2d81920afa45ae595eabf6db80dc0b0f7e568b6d,381730.47,112689,23,280,2024-03-22
kafka,PR-15576,trunk,2,20112.0,1711120876.0,UNSTABLE,40fabb1c36a5cc3033930939088264ee4c5c102e,432124.88,112707,35,280,2024-03-22
kafka,PR-15535,trunk,11,17073.0,1711128917.0,UNSTABLE,f61d12107644171186aecd2167a7c326072a0b53,314560.94,112699,24,286,2024-03-22
kafka,PR-15579,trunk,6,16175.0,1711138528.0,UNSTABLE,f8d1bc99bccb68d584782934ca0888a8b0a94e72,375783.4,112768,24,276,2024-03-22
kafka,PR-15583,trunk,1,16131.0,1711143217.0,UNSTABLE,7599ae02b6e09ab3787ee5e406031aca15330baf,320272.94,112762,20,287,2024-03-22
kafka,PR-15550,trunk,4,18563.0,1711165046.0,UNSTABLE,75282be18aea5b30f6285dfae1bca10af9643cbb,353350.5,112758,22,272,2024-03-22
kafka,PR-15564,trunk,2,13616.0,1711205501.0,UNSTABLE,e078618609212c8b7ac7119d03377a20fb3d7229,321246.25,112824,21,280,2024-03-23
kafka,PR-15590,trunk,1,17608.0,1711276392.0,UNSTABLE,d3e6a8912fda9a0d5315512b1a13efc188c63d5a,404801.9,112746,30,280,2024-03-24
kafka,PR-15013,trunk,5,14538.0,1711277522.0,UNSTABLE,405b2a28014e7d7616155fd21bceea5e0ab02015,267004.7,112765,17,269,2024-03-24
kafka,PR-15591,trunk,2,17865.0,1711290255.0,UNSTABLE,c9c17229738c200a7abc3d95973b54bb8834fc7f,197212.4,112767,21,257,2024-03-24
kafka,PR-15520,trunk,3,20368.0,1711302895.0,UNSTABLE,c05091316623f5ad8fa61f128a8547917eec5f56,390873.12,112773,29,287,2024-03-24
kafka,PR-15592,trunk,1,17232.0,1711307925.0,UNSTABLE,79f604ed1f89d8f8e7db5278ac581bf5c2361a00,377744.12,112759,27,279,2024-03-24
kafka,PR-15484,trunk,4,13788.0,1711311312.0,UNSTABLE,6feb15f56a08959019eea000ac971d40c608c812,251977.64,112760,19,270,2024-03-24
kafka,PR-15403,trunk,14,16472.0,1711343251.0,UNSTABLE,0622afd83f10e92ed99cfddc775cf50bb6104ed1,376886.6,112765,35,279,2024-03-25
kafka,PR-15581,trunk,5,17668.0,1711377898.0,UNSTABLE,52570625d0c02bc9f740cd125e1504b428dab4b7,168431.08,112791,21,254,2024-03-25
kafka,PR-15596,trunk,4,22174.0,1711378479.0,UNSTABLE,8f0d84206a491768dd60236b628c13c183192f0d,323545.47,112772,23,271,2024-03-25
kafka,PR-15586,trunk,3,23737.0,1711381932.0,UNSTABLE,a06e2769b7d73370269e1020888fe8af66f770c0,329885.94,112775,19,273,2024-03-25
kafka,PR-15559,trunk,10,22244.0,1711384166.0,UNSTABLE,fbc8da64cdecf42213067f9495b966a118712b9b,424405.2,112784,36,279,2024-03-25
kafka,PR-15584,trunk,2,14915.0,1711411473.0,UNSTABLE,bf1900e9971cddd6c08e38baf40c9ae04dfc84cc,199825.9,112794,35,264,2024-03-25
kafka,PR-15505,trunk,6,15398.0,1711419427.0,UNSTABLE,70bbf9ba8106441a2ada641f4f50b1932e323b4f,297049.84,112791,25,279,2024-03-25
kafka,PR-15561,trunk,12,16887.0,1711419559.0,UNSTABLE,a2971704397e0b7f4b1fa78dafce2b70933c9afb,238976.9,112804,19,263,2024-03-25
kafka,PR-15595,trunk,2,18700.0,1711435634.0,UNSTABLE,430813c5a6698e6387b2499081d49644814db35c,452132.16,112788,78,280,2024-03-26
kafka,PR-15568,trunk,6,16630.0,1711453943.0,UNSTABLE,c3a650c669798893acb3c0af1d1aa2d1f81edbeb,320108.7,112812,31,272,2024-03-26
kafka,PR-15389,trunk,8,17016.0,1711453943.0,UNSTABLE,fb6fb90142521a65bd4a04a28b5e20afc7313ec9,318702.06,112877,52,272,2024-03-26
kafka,PR-15588,trunk,5,18734.0,1711453943.0,UNSTABLE,c943d09f46716ee9635babc1c1f81b4c692ae745,288823.0,112580,51,274,2024-03-26
kafka,PR-15492,trunk,8,15874.0,1711467674.0,UNSTABLE,91dc60e4dac18fda812aa6bf75b7d9bfcec70abe,239343.55,112817,23,262,2024-03-26
kafka,PR-15250,trunk,71,13920.0,1711488090.0,UNSTABLE,6c431ec3a88abf7e7cac24a6d3cf6e199ceb0f0a,259347.45,112802,24,272,2024-03-26
kafka,PR-15600,trunk,4,15644.0,1711508324.0,UNSTABLE,2b353183eaddc8fdbb6458b69cb62dca1d362916,301680.12,112783,16,280,2024-03-26
kafka,PR-15075,trunk,18,14891.0,1711527289.0,UNSTABLE,a5a7b0027cad63a8cccafd90fb08c9b8483bb5f5,248205.38,112795,13,270,2024-03-27
kafka,PR-15609,trunk,2,17934.0,1711538202.0,UNSTABLE,ffd3e6b0cfd18e54b2dc2426a44560837c5e0b56,359642.88,112822,31,273,2024-03-27
kafka,PR-15611,trunk,1,16372.0,1711551854.0,UNSTABLE,c38ebfd61af89a4920b2ef74b28de42bb6cb2cc6,268276.8,112809,16,271,2024-03-27
kafka,PR-15549,trunk,3,17310.0,1711553020.0,UNSTABLE,ff4d83b7948e623d7637bee609678d87387c1090,422936.06,112820,25,280,2024-03-27
kafka,PR-15612,trunk,1,16133.0,1711553565.0,UNSTABLE,59d5f41676b476aa24e863bcc792bb1b911a50c9,302429.4,112779,57,270,2024-03-27
kafka,PR-15373,trunk,6,22748.0,1711560157.0,UNSTABLE,f0ab817c3f7e56eee9d8e25e8acbde92cdd0e013,250756.84,111966,173,260,2024-03-27
kafka,PR-15510,trunk,7,13607.0,1711625869.0,UNSTABLE,83df169ebd49cc0fef12ad54f09a600af1955239,276743.53,112761,76,278,2024-03-28
kafka,PR-15589,trunk,10,17242.0,1711637636.0,UNSTABLE,2b8b10662c73f18b3fcec52478bf95e3d5abd30c,292981.75,112778,91,270,2024-03-28
kafka,PR-15572,trunk,10,15360.0,1711639835.0,UNSTABLE,bda32be7979fa8018f678b4d212977b5ba6b01d6,88333.83,56326,34,162,2024-03-28
kafka,PR-15619,trunk,2,13253.0,1711641950.0,UNSTABLE,788b722c58fe6e8779b2dc1a943c21bc29448d38,25610.928,28119,16,110,2024-03-28
kafka,PR-15446,trunk,12,11635.0,1711643569.0,UNSTABLE,f3027d67346ea5780b2d345df8e6c42eb1b0061f,31668.617,28122,16,110,2024-03-28
kafka,PR-15597,trunk,9,10654.0,1711644550.0,UNSTABLE,352d7e74202967c0a9378639690323be258a223e,25566.229,28119,16,113,2024-03-28
kafka,PR-15618,3.6,2,7352.0,1711647852.0,UNSTABLE,5391bee186af0481602547ca6fe4fc230ff7c95b,17134.629,25128,12,21,2024-03-28
kafka,PR-15463,trunk,16,17358.0,1711727355.0,UNSTABLE,51cceca55846d051ce71e07a9dd0cabbd4f59fbb,297504.72,112786,68,279,2024-03-29
kafka,PR-15541,trunk,5,18975.0,1711728268.0,UNSTABLE,977f21c149e2eaeb4406af3ba3c4326cea86edf7,272771.9,112800,89,273,2024-03-29
kafka,PR-15605,trunk,7,18104.0,1711740915.0,UNSTABLE,85729ced41d7ee95dc0c0dd727ae4d1ba9098787,254241.23,112804,78,272,2024-03-29
kafka,PR-15627,trunk,1,17163.0,1711748687.0,UNSTABLE,964a193c4639d6c8f1881575de78a9053d7d52d8,244543.33,112785,79,277,2024-03-29
kafka,PR-15629,trunk,1,15372.0,1711750553.0,UNSTABLE,910fae72d7ea2166ea315970aa3ff47dc57a7ce6,284575.62,112787,75,279,2024-03-29
kafka,PR-15367,trunk,11,15697.0,1711754442.0,UNSTABLE,7a323d215997ec48c53ed658015ae8e589e84bfb,297375.16,112808,83,278,2024-03-29
kafka,PR-15630,trunk,1,21342.0,1711773529.0,UNSTABLE,80447f819db8b17a8528c6c653aa06dc89544927,389419.47,112898,34,277,2024-03-29
kafka,PR-14760,trunk,3,18515.0,1711890290.0,UNSTABLE,c405f7387bcfc94845689d46588c9fc75cbb8596,396310.56,112895,36,280,2024-03-31
kafka,PR-15633,trunk,3,15540.0,1711898569.0,UNSTABLE,54f59117d819f43bec38859c8e7ab59705dd960d,268125.38,112828,54,280,2024-03-31
kafka,PR-15632,trunk,2,14690.0,1711968895.0,UNSTABLE,57040e5939b437b5d0324fdb956c652d55cdce6b,271935.9,112896,17,274,2024-04-01
kafka,PR-15638,trunk,1,17713.0,1711976160.0,UNSTABLE,fb33c2fcafc5fab0f9e6e964360e36b3d66f170a,198757.98,112907,16,271,2024-04-01
kafka,PR-15635,trunk,2,16720.0,1711980593.0,UNSTABLE,3616dca87744cacefe16f9ab05cf5155ad96976e,315986.5,112905,16,275,2024-04-01
kafka,PR-15636,trunk,4,20014.0,1711982568.0,UNSTABLE,912072e750915f616706b79381c79a3a7cf6a898,269398.06,112869,8,272,2024-04-01
kafka,PR-15521,trunk,6,15177.0,1711983770.0,UNSTABLE,f8afe830115e4a2bcd1643bad8f8b2abbd4628c1,299466.84,112886,14,279,2024-04-01
kafka,PR-15556,trunk,5,15674.0,1711985577.0,UNSTABLE,b77722b477734e69e156a909e44a45573bec5c5a,166598.42,112904,27,256,2024-04-01
kafka,PR-14706,trunk,24,18346.0,1711987860.0,UNSTABLE,cb7e41a4896a0917651a7d0db16184e6a4f2c2fe,274018.6,112904,10,272,2024-04-01
kafka,PR-15617,trunk,5,18104.0,1711994769.0,UNSTABLE,a25abe983eec1ef1b9ff14a15877854d7650f223,275783.22,112892,14,272,2024-04-01
kafka,PR-15610,trunk,3,17509.0,1712017218.0,UNSTABLE,c11c85596539aed7b6e9d98548a3a33927ca9939,356108.12,112884,20,280,2024-04-01
kafka,PR-15643,trunk,1,17035.0,1712044160.0,UNSTABLE,246d82dcaf58e364573d7a905714de957c66adf7,289633.94,112887,25,277,2024-04-02
kafka,PR-15644,trunk,1,19733.0,1712045412.0,UNSTABLE,8781b82e501c483dce9c6e7f403ca8719aecc7f3,222670.3,112884,10,264,2024-04-02
kafka,PR-15637,trunk,5,18121.0,1712046501.0,UNSTABLE,1ae42ebf915f99fa14ed9b58ba6677c68b792d6a,327157.88,112895,25,272,2024-04-02
kafka,PR-15639,trunk,2,17622.0,1712047432.0,UNSTABLE,67499dc28db41d26e0fe227261890b9817672cc3,304107.12,112876,19,273,2024-04-02
kafka,PR-15646,trunk,1,18438.0,1712056868.0,UNSTABLE,b114bcd815abd59ed397d7042b187a45e6dac2d6,324883.56,112882,10,279,2024-04-02
kafka,PR-15624,trunk,3,15707.0,1712062248.0,UNSTABLE,ea7ee9091b84beeb1b516c10e73791aaae0da7a5,258291.0,112894,49,263,2024-04-02
kafka,PR-15593,trunk,5,21611.0,1712077353.0,UNSTABLE,cb125e22c9f94b58a66335ab805c2e8f639c75c8,263081.56,112854,80,256,2024-04-02
kafka,PR-15525,trunk,26,19327.0,1712118106.0,UNSTABLE,f6b7d48a076ca4b63d0e0fd160a78dc4f60bddb5,423975.84,112952,35,278,2024-04-02
kafka,PR-15641,trunk,2,15548.0,1712132965.0,UNSTABLE,45b9d2ece6b63ae4377f80f85702341a1410c3f6,277260.38,112908,15,272,2024-04-03
kafka,PR-15532,trunk,3,16733.0,1712150863.0,UNSTABLE,a7e8309f0afde86b6bd557ba47394b9f8b1064ad,364010.72,112910,24,277,2024-04-03
kafka,PR-15642,trunk,3,16385.0,1712247700.0,UNSTABLE,241364934ae2f2a7d4eafb620671a97e2807ea45,342269.78,112925,28,281,2024-04-04
kafka,PR-15655,trunk,5,14409.0,1712250865.0,UNSTABLE,3eb2e99d91d51b313b5b224c9aa7dced1097fd30,219226.02,112943,11,265,2024-04-04
kafka,PR-15661,trunk,4,18212.0,1712265240.0,UNSTABLE,7fbf6b6a682a35f36c5776b71592b2d597e2d80a,411690.1,112943,28,279,2024-04-04
kafka,PR-15665,trunk,1,19069.0,1712294444.0,UNSTABLE,cd39e93083de5caad8ca61f8418b61323d5861a3,376883.84,112937,15,280,2024-04-05
kafka,PR-14000,trunk,6,17919.0,1712310611.0,UNSTABLE,241cab23b3584fdf01279e61847519232bfb4b64,338346.6,112921,17,278,2024-04-05
kafka,PR-15663,trunk,3,15968.0,1712322126.0,UNSTABLE,c1c59c9d4896505f585f1617009e7e0fda1b5a8a,236938.78,112952,21,264,2024-04-05
kafka,PR-15470,trunk,16,18737.0,1712333668.0,UNSTABLE,bc1a6feb8b0c3ce714b25dc331cc3f410521a2a7,212646.34,112950,8,264,2024-04-05
kafka,PR-15670,trunk,1,16610.0,1712340044.0,UNSTABLE,9331eaa0abedcf3fe1d7b0f3726c2282e99a3300,314994.9,112902,46,269,2024-04-05
kafka,PR-15527,trunk,4,15302.0,1712351503.0,UNSTABLE,e29f3eed11469d5aa7a7c3d0681d576f4428923d,170709.67,112950,12,254,2024-04-05
kafka,PR-15529,trunk,7,18245.0,1712356803.0,UNSTABLE,90d272cefc225da43c61e5ab664daa92b0361dff,261819.3,112929,14,272,2024-04-05
kafka,PR-15335,trunk,17,17898.0,1712361979.0,UNSTABLE,70d833d7e40661ade7b0fffd1622e7615b13452a,372658.38,112947,30,278,2024-04-05
kafka,PR-15585,trunk,5,17314.0,1712368892.0,UNSTABLE,82c738a6d14b0d53c2ce48661a07ebae16faf899,304195.16,112957,26,273,2024-04-05
kafka,PR-15651,trunk,3,19742.0,1712383081.0,UNSTABLE,ba9dfc765b71c90d2bb6da1a4209156ca1b6bfe1,283976.9,112925,12,271,2024-04-06
kafka,PR-15672,trunk,1,17011.0,1712383236.0,UNSTABLE,f0cdb49d37fdd4dd685af974f5dd5e855d355308,360692.4,112930,13,279,2024-04-06
kafka,PR-15666,trunk,2,18469.0,1712401880.0,UNSTABLE,f4e6d3307bac72f3544ceba0647c273815f4e1f8,339981.6,112913,51,272,2024-04-06
kafka,PR-15667,trunk,2,18341.0,1712402030.0,UNSTABLE,08252c939489f42c5e21d6abb110f2d1078677c4,226557.28,112948,8,263,2024-04-06
kafka,PR-15557,trunk,7,14521.0,1712442405.0,UNSTABLE,07770219d0e429cec285a7cb7fa2e22b2264f536,251027.47,112939,13,273,2024-04-06
kafka,PR-15674,trunk,2,17070.0,1712501793.0,UNSTABLE,9d2133b7a5ff966710d46a797a75b4b498417190,349273.3,112935,12,280,2024-04-07
kafka,PR-15587,trunk,5,14181.0,1712512473.0,UNSTABLE,c1dfd77711853b62a0cf8ad755d8d0428d9be77c,236544.95,112946,15,267,2024-04-07
kafka,PR-15677,trunk,1,17899.0,1712543540.0,UNSTABLE,d2cd4874edda653b17ba4a990bdb61575c6754c2,421534.16,112947,27,279,2024-04-07
kafka,PR-14289,trunk,7,19023.0,1712563664.0,UNSTABLE,13fbc17d781baa9d31c254274277e06d1d5c34e7,372917.7,112943,24,279,2024-04-08
kafka,PR-15680,trunk,1,19032.0,1712585145.0,UNSTABLE,295afe3e10720f4199ffc5834e37b28fcd09d22c,424801.78,112990,31,279,2024-04-08
kafka,PR-15668,trunk,7,17784.0,1712590183.0,UNSTABLE,2da40c26541e727f2cd38bb9fb64ee41e5ca42c2,280140.22,112984,15,285,2024-04-08
kafka,PR-15659,trunk,4,14105.0,1712590554.0,UNSTABLE,b421fa6b02a1e60f4788b11d510f206a7d110ddf,230325.44,112977,14,271,2024-04-08
kafka,PR-15189,trunk,26,13762.0,1712607076.0,UNSTABLE,d2c7ea5169037310dc8a9f4f8e6106a96465bb4f,242130.8,113003,6,270,2024-04-08
kafka,PR-15686,trunk,1,17366.0,1712652365.0,UNSTABLE,134de1d709a9517593af29699c14839cd270e4db,296037.72,112971,7,278,2024-04-09
kafka,PR-12174,trunk,12,18057.0,1712661579.0,UNSTABLE,973c3c2b4b0c43ccf218a5b5e097ea2f94c1e058,333292.25,112974,8,276,2024-04-09
kafka,PR-15687,trunk,4,20432.0,1712672973.0,UNSTABLE,9f9811b91dc01f97721c525bbaedef0d4875a2ec,299868.3,112968,7,280,2024-04-09
kafka,PR-15669,trunk,4,18611.0,1712677178.0,UNSTABLE,760ec6289a1a8b7099410f255a34f6b4e87bd91b,343723.97,113010,21,272,2024-04-09
kafka,PR-15689,trunk,2,17977.0,1712688520.0,UNSTABLE,5d7ec70fcbfb6dfcd4e5dd8c5c4c2e3753ae7518,295814.44,113001,22,265,2024-04-09
kafka,PR-15621,trunk,40,17930.0,1712690955.0,UNSTABLE,d12fce2b0656ee61e2bebdcd7badc67195928b78,326665.75,113006,16,268,2024-04-09
kafka,PR-15656,trunk,8,18074.0,1712728210.0,UNSTABLE,ca98f89a17d47c4f7b90a5280fdb797025d5ae34,301369.34,113002,15,268,2024-04-10
kafka,PR-15411,trunk,16,18809.0,1712750428.0,UNSTABLE,fedaa64336646420ee3014dca8d1a9226a0bd74a,282500.9,112993,45,272,2024-04-10
kafka,PR-15681,trunk,2,19456.0,1712780671.0,UNSTABLE,7595daa7699ccef20f4cf35aa27c166028b4eea5,462870.38,113056,28,276,2024-04-10
kafka,PR-15660,trunk,3,15360.0,1712781204.0,UNSTABLE,feb2c36c4eb28959e4f49b5bb23664ab15bb7c6f,339731.0,113030,13,276,2024-04-10
kafka,PR-15696,trunk,1,16347.0,1712790948.0,UNSTABLE,982de27db51b9c89eb5a72ba9a6eb35e8bb52221,266533.62,113030,12,265,2024-04-10
kafka,PR-15676,trunk,5,18657.0,1712803869.0,UNSTABLE,25fd368d94c4c9563d4741a0f4c3250b95822455,225490.78,112895,31,260,2024-04-10
kafka,PR-15695,trunk,2,24627.0,1712810454.0,UNSTABLE,5698f1c28c53af97fed263387f00d0abcee7462f,457469.62,113036,42,274,2024-04-10
kafka,PR-15522,trunk,8,20195.0,1712831263.0,UNSTABLE,93e7b36810a7dbe84aaaaca1ec233ae009c3821a,240428.38,113056,17,260,2024-04-11
kafka,PR-15699,trunk,1,18667.0,1712849720.0,UNSTABLE,782d144c0117024f6044e1cb1b49262caa192f5b,351020.44,113040,12,276,2024-04-11
kafka,PR-15692,trunk,3,16826.0,1712864371.0,UNSTABLE,452b7d1f4da7d0ad0839ac76252847fc0f5cc85b,314680.7,113048,15,268,2024-04-11
kafka,PR-15700,trunk,2,16110.0,1712869306.0,UNSTABLE,d39fb7393a3d64c9544f002d80242524093cbac0,296622.28,113056,17,264,2024-04-11
kafka,PR-15703,trunk,2,15699.0,1712900286.0,UNSTABLE,fcd3db819e6ec993c18046484f1a2c5a51d1d1b3,306453.75,113037,9,275,2024-04-12
kafka,PR-15654,trunk,22,19174.0,1712922592.0,UNSTABLE,387307fc53fbb8c7731c4a0c563f240bb21220b2,288468.4,113126,12,268,2024-04-12
kafka,PR-15706,trunk,1,18911.0,1712931399.0,UNSTABLE,89879b5833fa0aa8ac8e18d099cce21fe26dda9c,365777.12,113036,27,276,2024-04-12
kafka,PR-15712,trunk,1,18126.0,1712938104.0,UNSTABLE,d1f794a46cb3b62a17af31bfd99aa0f0bdb40f1e,369842.62,113034,14,275,2024-04-12
kafka,PR-15631,trunk,6,18440.0,1712978570.0,UNSTABLE,44527ce87a233bc1ecb57d3e41e575d5b7564294,387031.28,113081,16,273,2024-04-12
kafka,PR-15707,trunk,3,18866.0,1712982309.0,UNSTABLE,40a8f437101912e8cf10b1d0152c1d9e4e50eb38,289499.66,113067,18,267,2024-04-12
kafka,PR-15489,trunk,22,19303.0,1713074160.0,UNSTABLE,c379db267abee2181f6027f20b38f3d46825374c,427390.16,113249,20,275,2024-04-14
kafka,PR-15716,trunk,2,16048.0,1713081461.0,UNSTABLE,19076f10add256ab474952392f8b084a7eaf885e,351647.12,113071,18,276,2024-04-14
kafka,PR-15558,trunk,10,18789.0,1713101129.0,UNSTABLE,2b29c013443cbfee2c7b83f51d7783df43d33748,374582.9,113243,15,275,2024-04-14
kafka,PR-15708,trunk,3,15087.0,1713121407.0,UNSTABLE,a5a30efd2af4ecb9b2979ff4b405df8f67ff85f6,294114.03,113227,11,274,2024-04-14
kafka,PR-15711,trunk,2,13489.0,1713121623.0,UNSTABLE,ba17ac3a1f1316672950006688ed061a234a8ff9,221817.7,113227,6,268,2024-04-14
kafka,PR-15678,trunk,6,18091.0,1713164989.0,UNSTABLE,a04e025250235776f749789829034bf36818f040,382716.88,113271,39,269,2024-04-15
kafka,PR-15408,trunk,3,17134.0,1713167967.0,UNSTABLE,abf6015a0a8bf9a17646f2be1e8f0f8e052c3f67,258158.52,113332,12,267,2024-04-15
kafka,PR-15709,trunk,2,16542.0,1713171775.0,UNSTABLE,a412a71e941dfe5f0a53e06f98ba992c3c90b0d3,357500.75,113233,13,276,2024-04-15
kafka,PR-15575,trunk,12,20527.0,1713199070.0,UNSTABLE,ba914d1e4b47e0d77ce9b417e771c79109b97bb6,279281.2,113245,17,268,2024-04-15
kafka,PR-15710,trunk,4,21644.0,1713210070.0,UNSTABLE,4a41b7f533cf892afe3d69a30eaf537b4a3e4221,245410.14,113246,9,260,2024-04-15
kafka,PR-15713,trunk,2,17912.0,1713215028.0,UNSTABLE,e6ac162489e025cbd3b18527ffdd4c9890964e9a,262874.16,113234,11,267,2024-04-15
kafka,PR-15724,trunk,2,18526.0,1713231330.0,UNSTABLE,0b1a3fa50e691590a8bb7a458f18bd6e3b27e0bc,348365.62,113238,9,276,2024-04-15
kafka,PR-15725,trunk,1,17118.0,1713236062.0,UNSTABLE,5eab81afdc150566d0241d0e56f253fcbf91b194,231788.12,113241,12,261,2024-04-15
kafka,PR-15726,trunk,1,17342.0,1713238767.0,UNSTABLE,0fbb51ff415ddc0e2a5759be5af86146447a467e,262873.8,113231,10,266,2024-04-15
kafka,PR-15705,trunk,4,18199.0,1713252634.0,UNSTABLE,d942f9db18f4809b0a785e8457ffb7963c22599e,357390.0,113229,17,276,2024-04-16
kafka,PR-15728,trunk,1,17403.0,1713257504.0,UNSTABLE,04370833ec29e2f1b2175e35179bcdf92e01cb33,370347.84,113224,34,278,2024-04-16
kafka,PR-15718,trunk,2,15879.0,1713259463.0,UNSTABLE,623fe962762c79bae23c4f2d1473ad514d48b15f,254675.97,113239,12,267,2024-04-16
kafka,PR-15733,trunk,3,16034.0,1713299911.0,UNSTABLE,70467d4a3e7b1efaa9ee2c969dd117e19e73ddf1,275874.9,113280,21,267,2024-04-16
kafka,PR-15730,trunk,3,18830.0,1713299911.0,UNSTABLE,14e41065098a44d0eb13453513db0b8403f1f638,380436.94,113278,19,276,2024-04-16
kafka,PR-15662,trunk,20,23806.0,1713329806.0,UNSTABLE,a03a377f47590184247f46957df7b28cd562a886,316881.28,113302,20,264,2024-04-16
kafka,PR-15684,trunk,13,20911.0,1713332485.0,UNSTABLE,1561ad83a2941b747aa3fa63706df2cb3148c953,404818.25,113261,15,276,2024-04-17
kafka,PR-15729,trunk,5,18066.0,1713332955.0,UNSTABLE,d05bfb44df6b38ca9f02b37c0b22be0f5afdb7a9,316865.84,113281,18,268,2024-04-17
kafka,PR-15734,trunk,2,17134.0,1713339336.0,UNSTABLE,44a5f0b81493444919fcb78308ca0e2467e4c429,323198.0,113279,15,270,2024-04-17
kafka,PR-15741,trunk,3,18865.0,1713344460.0,UNSTABLE,de3517f7ead8bf5543789f5bc0d7333f7d0e91b4,342108.0,112325,101,261,2024-04-17
kafka,PR-15736,trunk,2,21868.0,1713349005.0,UNSTABLE,0afe5deda2b0fdb5ebad3420b9e07455acf8e633,366999.66,113262,16,275,2024-04-17
kafka,PR-15613,trunk,11,18736.0,1713359817.0,UNSTABLE,9a043f9723d8676cc4bafeb571cde300de91832f,357041.9,113350,28,278,2024-04-17
kafka,PR-15743,,5,23490.0,1713368300.0,UNSTABLE,c1d3865bc9cd41feb373f84331c9706b7392b62c,499424.03,113336,60,276,2024-04-17
kafka,PR-15747,3.7,1,19219.0,1713380168.0,UNSTABLE,d092787487047178c674bd60a182129a8d997c4a,449675.7,111229,95,284,2024-04-17
kafka,PR-15749,trunk,1,19434.0,1713387339.0,UNSTABLE,4d2cf548cb38fddc9c1006fb7b15935118cd8363,309338.94,113334,13,268,2024-04-17
kafka,PR-13824,trunk,2,19724.0,1713434145.0,UNSTABLE,6f145334e8c5d4dc35911427c308e7defb6c16c3,332654.25,113320,7,276,2024-04-18
kafka,PR-15569,trunk,18,19294.0,1713434309.0,UNSTABLE,551f2478aa52f2ab158748ce2a28785b5a989fef,393615.38,113324,16,276,2024-04-18
kafka,PR-15136,trunk,15,17404.0,1713437143.0,UNSTABLE,31412a9485b63731a49b5d44d6dc6fbeaf52dd0f,231342.14,113349,15,260,2024-04-18
kafka,PR-15752,,1,19686.0,1713444550.0,UNSTABLE,329dc567e3eb87a0bffcb3f47b698b37f1f881ac,264327.03,113344,10,260,2024-04-18
kafka,PR-15738,trunk,1,18255.0,1713446501.0,UNSTABLE,d392a19604ccfd2b3e72d134752069ac29ef0b30,340205.56,113345,20,281,2024-04-18
kafka,PR-15594,trunk,3,17484.0,1713452396.0,UNSTABLE,643831eb5bc41835d9b16de381c157a17ed7ff68,366064.3,113352,26,268,2024-04-18
kafka,PR-15753,trunk,1,16258.0,1713455126.0,UNSTABLE,7cbf9908254d35bff0dc6061ca32a5bc4e3af23e,382259.78,113328,13,276,2024-04-18
kafka,PR-15754,trunk,2,18758.0,1713475006.0,UNSTABLE,2a22aac4ce2e962a81b2d966734e0a212f5df286,317138.78,113341,9,276,2024-04-18
kafka,PR-15732,trunk,5,18883.0,1713513435.0,UNSTABLE,e800634a969574c2bdb6344d76f5122ec94b4450,316283.84,113354,23,268,2024-04-19
kafka,PR-15682,trunk,2,19653.0,1713515363.0,UNSTABLE,936865b5176d7d2362cd33571220385a9d0a400d,351066.75,113369,20,275,2024-04-19
kafka,PR-15719,trunk,6,17421.0,1713588740.0,UNSTABLE,70c99bd0bd2779b781da74452b4583f959250791,326206.78,113352,23,277,2024-04-19
kafka,PR-15760,trunk,1,15773.0,1713599484.0,UNSTABLE,d4c71fb8c1dc34cd526afb4eb1e3bd3aed3277aa,261667.3,113356,19,268,2024-04-20
kafka,PR-15763,trunk,1,14860.0,1713623643.0,UNSTABLE,cf87b0b6bd1cd9252157e47c39f0eaf09f2d4a8e,308819.03,113348,16,273,2024-04-20
kafka,PR-15764,trunk,1,14892.0,1713653528.0,UNSTABLE,ebc4dd5b8bf66a10d3a2149351a5f6da12fe4953,236512.77,113352,12,268,2024-04-20
kafka,PR-15722,trunk,8,16467.0,1713660598.0,UNSTABLE,3013d8643689ad4e68090b43882c526fa4c64d84,325009.7,113385,41,269,2024-04-20
kafka,PR-15765,trunk,2,22532.0,1713680683.0,UNSTABLE,7027dd4790335d42b6f73339e1fc3b3617a6b03c,412776.34,113358,49,269,2024-04-21
kafka,PR-15768,trunk,1,15135.0,1713689951.0,UNSTABLE,e61dca9c2f4d45e260cc9a501f3c777777af8502,262915.2,113379,24,268,2024-04-21
kafka,PR-15769,trunk,1,15316.0,1713691477.0,UNSTABLE,8cd994e7df4bd58dc76f68567fbac857e452373a,279637.88,113361,19,268,2024-04-21
kafka,PR-15770,trunk,1,17548.0,1713694712.0,UNSTABLE,733f05147426ca3561b2bf73233612fb253ff773,293510.53,113361,33,268,2024-04-21
kafka,PR-15758,trunk,3,18386.0,1713766359.0,UNSTABLE,de67ac1e3db567a838c6daf7c4642f1d0db917a0,284051.2,113360,9,268,2024-04-22
kafka,PR-15771,trunk,2,15401.0,1713772251.0,UNSTABLE,70f74df4b334cc2ee21afe48603be5f756894eab,327666.06,113360,21,275,2024-04-22
kafka,PR-15776,3.7,1,17808.0,1713776411.0,UNSTABLE,83667253f2aca1531ff784807ce7f4586d06cc09,336400.22,111254,105,268,2024-04-22
kafka,PR-15742,trunk,2,15808.0,1713784476.0,UNSTABLE,3bbbfe7d53ab8d35a87a506ad46b8752a92df76b,294143.47,113382,31,268,2024-04-22
kafka,PR-15772,trunk,5,18296.0,1713790797.0,UNSTABLE,edd056289a5cb1e90060892e0d6cc3fa297d08da,230529.8,113395,19,264,2024-04-22
kafka,PR-15780,trunk,2,23266.0,1713800437.0,UNSTABLE,c20e666f0c77780caf118a89e32067531e727196,448672.34,113414,29,277,2024-04-22
kafka,PR-15777,3.7,2,22117.0,1713801561.0,UNSTABLE,84989b70d03eca774c739f0b4ae5dfc5f09b4a4e,312943.4,111254,91,275,2024-04-22
kafka,PR-15693,trunk,4,23618.0,1713801822.0,UNSTABLE,59b2e10748435b1a4b1019e5fdaacb27466a44a1,361724.16,113423,9,277,2024-04-22
kafka,PR-15701,trunk,3,22537.0,1713803355.0,UNSTABLE,3e4972c880c65b4bd24274b3f434fa7fba14b805,261771.56,112804,70,259,2024-04-22
kafka,PR-15762,trunk,3,22498.0,1713806376.0,UNSTABLE,52b3fef60e14621bbc9ee8700e4a70fd19dd9cd2,258381.28,112345,72,271,2024-04-22
kafka,PR-15783,trunk,2,19500.0,1713836962.0,UNSTABLE,3bd183a826a2f42f3372497f790f10d8839675a5,308882.9,113405,16,269,2024-04-22
kafka,PR-15298,trunk,4,17679.0,1713876119.0,UNSTABLE,6647cf989f5a0c1b72b999c7cff168e833d26fed,284146.7,113402,16,269,2024-04-23
kafka,PR-15748,3.6,6,15364.0,1713879900.0,UNSTABLE,7931cce21b9839f81cb83aaeefe773bab859a438,330884.62,100180,20,158,2024-04-23
kafka,PR-15774,trunk,7,20605.0,1713880347.0,UNSTABLE,8167d2e44cb8e87f238a48d9286c4c59f1d4def4,332553.53,113419,24,269,2024-04-23
kafka,PR-15714,trunk,6,20825.0,1713882635.0,UNSTABLE,ff5a1d5f0049605858d940399a440e1307e409af,336361.22,113433,34,269,2024-04-23
kafka,PR-15620,trunk,9,19382.0,1713904191.0,UNSTABLE,a5ec5dd2f24813491fc872181fa1cbf19fb3693d,428776.6,113393,33,277,2024-04-23
kafka,PR-15791,3.6,1,11486.0,1713909472.0,UNSTABLE,9c45353380b7087035787a473699a881df03ee36,190004.95,100160,16,158,2024-04-23
kafka,PR-15679,trunk,14,18712.0,1713918830.0,UNSTABLE,78c5a6294c3f642b9bd6010cee4a77540a22279b,333552.78,113460,30,269,2024-04-23
kafka,PR-15616,trunk,11,19788.0,1713927275.0,UNSTABLE,89ef9c1cdcd009d4625775968debff6f9fe3501a,324744.38,113411,23,271,2024-04-23
kafka,PR-15787,trunk,3,18964.0,1713928136.0,UNSTABLE,21d522d4e4901ab3c6431a6ef28085d83e998003,369978.75,113411,22,276,2024-04-23
kafka,PR-15793,3.7,1,17396.0,1713938292.0,UNSTABLE,4bb5cc5b2aee3fbbe6d39016aaf1f69a4ec2abfd,276725.62,111302,39,268,2024-04-24
kafka,PR-15794,trunk,1,18295.0,1713959561.0,UNSTABLE,fb85e007e094a55369e303d474f1da74d69469a3,290021.28,113462,26,270,2024-04-24
kafka,PR-15795,trunk,1,20260.0,1713961535.0,UNSTABLE,375f5cdd80a4bc058010665fe6b7965c92868788,362599.22,113389,37,277,2024-04-24
kafka,PR-15739,trunk,5,15809.0,1713976793.0,UNSTABLE,b226f39ed7499d81d41a0baba1da27fc9fda2b07,235868.89,113479,22,262,2024-04-24
kafka,PR-15799,trunk,1,18509.0,1713991697.0,UNSTABLE,3108bec6462ba4ff9b1cdee565b4b531ee5ab8ae,300537.28,113410,28,269,2024-04-24
kafka,PR-15801,trunk,1,16344.0,1714008071.0,UNSTABLE,faafd52db1edb48326275d4571a15a40b00e5e53,296088.03,113469,10,269,2024-04-24
kafka,PR-15755,3.7,6,14148.0,1714013555.0,UNSTABLE,216cc9dce46b7837282bd67bfab06ec045c9902c,342757.16,111297,31,284,2024-04-24
kafka,PR-15721,trunk,17,20067.0,1714032699.0,UNSTABLE,9116e43391c3ac2dcb3552fbdb58e0015b034679,293546.75,113585,16,269,2024-04-25
kafka,PR-15717,trunk,18,18857.0,1714032738.0,UNSTABLE,598dbbbff3c0fe3cb91846f975115bd46c5487df,429084.22,113477,30,277,2024-04-25
kafka,PR-15786,trunk,9,21585.0,1714033636.0,UNSTABLE,6265403e5d25368f697232cc1f92503dc00e15f1,491081.78,113578,26,277,2024-04-25
kafka,PR-15797,trunk,3,19476.0,1714036883.0,UNSTABLE,156d02bf3bfbf88e104b422617b7ad16eff59015,377393.4,113468,13,277,2024-04-25
kafka,PR-15782,trunk,9,19551.0,1714041982.0,UNSTABLE,6c4a396a63097189fee06756841614accb60e789,544451.75,113497,46,277,2024-04-25
kafka,PR-15796,trunk,3,16865.0,1714043356.0,UNSTABLE,2aa34023c15c90711dd4801b6a7d54f68ea1e1fa,229548.8,113484,15,257,2024-04-25
kafka,PR-15698,trunk,11,16554.0,1714054909.0,UNSTABLE,569f574a1aecbab727d946e4425afbf1733d4996,159895.4,113489,13,256,2024-04-25
kafka,PR-15806,trunk,1,18834.0,1714061202.0,UNSTABLE,ebc4954b305d694d07fb1a015f8121819b67c7a1,365240.88,113482,25,277,2024-04-25
kafka,PR-15804,trunk,2,18448.0,1714061669.0,UNSTABLE,9b60b69918548812210dab2c823e5134e30b1cbd,320958.28,113482,24,271,2024-04-25
kafka,PR-15809,trunk,1,17796.0,1714072414.0,UNSTABLE,13ea492415a629857984d9b8bb1a6fab46064c45,303863.38,113490,25,272,2024-04-25
kafka,PR-15750,3.7,3,19298.0,1714080029.0,UNSTABLE,6a30b0c252b6bd35fb5c01d684565c39053f62eb,446502.38,111300,39,283,2024-04-25
kafka,PR-15723,trunk,9,18717.0,1714087095.0,UNSTABLE,f676b7422cb920e8c1700e9f9e37facf6bdc9e68,328268.78,113521,42,261,2024-04-25
kafka,PR-15737,trunk,4,17811.0,1714087128.0,UNSTABLE,530ee8c9bb85ab31934dcbf659cabf6c10959b14,331314.9,113477,29,268,2024-04-25
kafka,PR-15811,trunk,1,16689.0,1714094662.0,UNSTABLE,a12beda96383787cd31f151688eb5568be2ab5de,401379.94,113503,30,275,2024-04-25
kafka,PR-15812,trunk,1,20938.0,1714102800.0,UNSTABLE,f4e346109845187a598c04edca7da84f84a016f4,356602.94,113500,21,269,2024-04-25
kafka,PR-15805,trunk,2,17303.0,1714119363.0,UNSTABLE,0cf29ed3bedf97d598bcc11eeeafd61176230f27,248079.42,113503,23,261,2024-04-26
kafka,PR-15807,trunk,3,17280.0,1714120961.0,UNSTABLE,4e1435476da91c519ae48a729b2883521dd88a6a,333160.94,113504,21,277,2024-04-26
kafka,PR-15802,trunk,3,16521.0,1714124075.0,UNSTABLE,2949006fe502e8f3e6c36d7120d0e7445205ce43,353794.84,113505,15,276,2024-04-26
kafka,PR-15775,trunk,7,16148.0,1714129089.0,UNSTABLE,076e913d3a3b776da4b05bc7c0962620a4478a96,308925.1,113505,15,269,2024-04-26
kafka,PR-15814,trunk,2,14983.0,1714135042.0,UNSTABLE,65e850253180aa2b22947765720498aa7d3ddd67,363200.4,113516,45,277,2024-04-26
kafka,PR-15815,trunk,1,14865.0,1714135701.0,UNSTABLE,a0703f738da30427a89fd90cb1a109fed2963c9c,229372.56,113520,23,261,2024-04-26
kafka,PR-15778,trunk,3,17311.0,1714163677.0,UNSTABLE,44478c359f576193b76d7116c9969dd09606a29d,374825.6,113535,52,269,2024-04-26
kafka,PR-15761,trunk,22,19801.0,1714193846.0,UNSTABLE,a0a776c2a14634c38ab4bbedaf78e4d95f9b594c,417551.8,113524,23,272,2024-04-26
kafka,PR-15819,trunk,3,15878.0,1714194158.0,UNSTABLE,498c9dabc13d2b548aa245f4abad6e058688e1fe,364230.5,113486,16,273,2024-04-27
kafka,PR-15645,trunk,16,21056.0,1714241333.0,UNSTABLE,8d27c59091ccb5f65a8c02a4d6866a010de640c7,322516.6,113529,16,265,2024-04-27
kafka,PR-15647,trunk,11,16138.0,1714314873.0,UNSTABLE,0195e865cff229e5c2fdf1b54bca8a5d5ed87d89,243331.9,113579,11,262,2024-04-28
kafka,PR-15822,trunk,10,15003.0,1714341398.0,UNSTABLE,d204454dae127711724e1f8a153882eb28e192c6,219331.38,113537,9,261,2024-04-28
kafka,PR-15816,trunk,2,14472.0,1714342601.0,UNSTABLE,74326c39966bab4996f11c448a01e82cad93d20a,238126.22,113514,15,265,2024-04-28
kafka,PR-15664,trunk,2,19002.0,1714389817.0,UNSTABLE,34502202a7920bcc3259d28ffac7774c1bbd5c6f,364300.5,112954,68,275,2024-04-29
kafka,PR-15824,trunk,2,17978.0,1714399850.0,UNSTABLE,f7b4c2d2096c48064a239ea58abae1981d5139b5,260329.83,113528,12,255,2024-04-29
kafka,PR-15788,trunk,6,18416.0,1714401747.0,UNSTABLE,1ab87b1683281139cfbb2f392f5c63184d7dac4f,415135.4,113533,29,273,2024-04-29
kafka,PR-15818,trunk,7,20759.0,1714458158.0,UNSTABLE,7e05b9f91fef66138565b8bd354938e78cf099eb,301184.22,113534,39,267,2024-04-30
kafka,PR-15808,trunk,13,17425.0,1714461146.0,UNSTABLE,a24fc4d24c899010e45294f92681644ca694a362,380267.28,113537,24,269,2024-04-30
kafka,PR-15831,trunk,1,19927.0,1714466206.0,UNSTABLE,7cdbd22f2ddb872b348ba4613f83303a5b2bc310,391277.78,113573,24,265,2024-04-30
kafka,PR-15773,trunk,9,17967.0,1714509716.0,UNSTABLE,3a0efebe3712138a774b571a6c0df83b3d3a61f7,345534.97,113556,28,265,2024-04-30
kafka,PR-15735,trunk,4,17677.0,1714514328.0,UNSTABLE,8f352abda37617197f235b3fc4b606a8220bc303,290447.34,113546,11,265,2024-04-30
kafka,PR-15833,trunk,3,15584.0,1714575229.0,UNSTABLE,724193930bc97036ab216330ca9b325dabf9cb38,202023.92,113561,13,257,2024-05-01
kafka,PR-15800,trunk,15,14635.0,1714581071.0,UNSTABLE,2bb2a23358d4d1d45a6cc4c3a81152532fefd261,221063.28,113559,15,257,2024-05-01
kafka,PR-15731,trunk,3,12965.0,1714581211.0,UNSTABLE,e07dc14087b5b70c0ee7fb0064212a74188122be,230076.42,113546,6,263,2024-05-01
kafka,PR-15832,trunk,7,15353.0,1714584762.0,UNSTABLE,33c04aa64abc43f330380946f3666b7bffec1f93,308151.84,113573,21,264,2024-05-01
kafka,PR-14309,trunk,10,17888.0,1714587056.0,UNSTABLE,4c55f4bc34d9f2fede3db953b01b8dd8218c8e1b,340653.5,113580,25,264,2024-05-01
kafka,PR-15810,trunk,2,17482.0,1714599919.0,UNSTABLE,bdc07910b00545418c9dbad8d884d06f5dcf67d3,264071.75,113620,12,264,2024-05-01
kafka,PR-15803,trunk,4,14981.0,1714626561.0,UNSTABLE,105b6e3c98bcc8a158baf7b9aa6336433bad0244,275098.72,113543,8,271,2024-05-02
kafka,PR-15846,trunk,1,16976.0,1714646933.0,UNSTABLE,49bcdd1a797cc2be3b3d83d98813d1480fbc0157,352280.34,113566,13,273,2024-05-02
kafka,PR-15845,trunk,2,16742.0,1714673724.0,UNSTABLE,b5845cde62ea25f0b4cf32ea26bbd3f935fcdb92,392358.1,113648,15,273,2024-05-02
kafka,PR-15849,trunk,1,17778.0,1714677166.0,UNSTABLE,17cfcc163f226785264a7611ec3dbca010c7ea2f,324559.84,113645,21,264,2024-05-02
kafka,PR-15843,trunk,2,17729.0,1714677417.0,UNSTABLE,8f24d2be5c976cc897406cd6b880a8a0197608f0,282810.3,113667,22,259,2024-05-02
kafka,PR-15745,trunk,10,17221.0,1714699207.0,UNSTABLE,57986f88ca20bf028865ca7ee5bc278096944367,338513.16,113680,15,271,2024-05-02
kafka,PR-6934,trunk,25,17751.0,1714713143.0,UNSTABLE,4d33913fbb22627f4b3f6a664bfd7e24590e594f,288376.44,113679,10,265,2024-05-03
kafka,PR-15847,trunk,2,15348.0,1714724495.0,UNSTABLE,f656673ad3d5b4696db4db296d482c3d64526082,204142.23,113684,8,259,2024-05-03
kafka,PR-13801,trunk,32,16715.0,1714725537.0,UNSTABLE,e8c031ff63513af7ad680cd055d2a975d160895a,277887.5,113722,12,265,2024-05-03
kafka,PR-15829,trunk,5,17030.0,1714731275.0,UNSTABLE,35e8ca08bf8799911422322a45795b0226618a6a,360325.1,113543,25,272,2024-05-03
kafka,PR-15850,trunk,4,15955.0,1714741447.0,UNSTABLE,1af69286e43977e8d31a0aa8dad72a595352d18e,282862.44,113685,9,265,2024-05-03
kafka,PR-15854,trunk,1,16351.0,1714750711.0,UNSTABLE,c91f819fbaa8e35e4004f7ef36efd56c29c39059,293053.1,113687,14,265,2024-05-03
kafka,PR-15852,trunk,2,16110.0,1714755009.0,UNSTABLE,145761aadbd50d8c8c69fe9ebeb50fcec467040b,215238.89,113690,14,257,2024-05-03
kafka,PR-15851,trunk,3,16331.0,1714757052.0,UNSTABLE,acfa30307a45108ac34e2834feadb7b6ed9c9516,272020.8,113671,14,266,2024-05-03
kafka,PR-15573,trunk,10,16057.0,1714757141.0,UNSTABLE,1489a8f5bce368d38efed7e0816072f12846f6e9,331583.38,113279,65,271,2024-05-03
kafka,PR-14360,trunk,13,15161.0,1714766720.0,UNSTABLE,cac83f87343979da714de0b6185ccd3295abad9b,288660.56,113682,17,265,2024-05-03
kafka,PR-15671,trunk,30,14906.0,1714768544.0,UNSTABLE,c363bf199ca9e72ee2a29a8056555374555c4e65,288295.34,113882,10,266,2024-05-03
kafka,PR-15853,trunk,4,14075.0,1714808822.0,UNSTABLE,3bf4e59909febe704933ba3573446379f5573596,284724.6,113715,12,272,2024-05-04
kafka,PR-15826,trunk,3,15846.0,1714819877.0,UNSTABLE,caa278320dcf1bb541606d6168020de82728ea3c,323476.75,113709,11,272,2024-05-04
kafka,PR-15817,trunk,5,16456.0,1714840258.0,UNSTABLE,7b3537d9f900aa2763d1a10a6318636fe663f201,410914.94,113693,26,273,2024-05-04
kafka,PR-15858,trunk,2,16290.0,1714842527.0,UNSTABLE,64d6718ee87425b456dce1a3c81b4d3a43ec15f7,321139.0,113686,14,273,2024-05-04
kafka,PR-15781,trunk,16,17652.0,1714853542.0,UNSTABLE,8d0360fec3eb8073057a05ad7d8dfeef49e1f3f3,289604.8,114126,130,241,2024-05-04
kafka,PR-15841,trunk,15,13027.0,1714925567.0,UNSTABLE,9774b09b989ccec06944f43722fa1f7894e907f4,229784.58,113922,5,265,2024-05-05
kafka,PR-15823,trunk,11,14262.0,1714953514.0,UNSTABLE,7b4e048fb24952a8da95c2135199fcd74767e0f5,284973.25,113881,9,273,2024-05-05
kafka,PR-15571,trunk,5,18930.0,1714955826.0,UNSTABLE,e9648a91dad0704bc3b18def26b0795d740ca3bb,456644.0,113926,36,273,2024-05-05
kafka,PR-15867,trunk,1,19008.0,1714979005.0,UNSTABLE,cbbd868472b4ccf059ae7ca810a52927d907cc73,451050.62,113998,72,272,2024-05-06
kafka,PR-13531,trunk,7,14376.0,1714986006.0,UNSTABLE,d16da25c335a1f34c5f26572c223e3436afb9362,248187.62,112809,79,263,2024-05-06
kafka,PR-15652,trunk,7,16281.0,1714997370.0,UNSTABLE,ded46804fb43da5cb823cb4ed1b8dd006f4098e9,258064.16,113961,24,256,2024-05-06
kafka,PR-15875,trunk,1,15552.0,1715000800.0,UNSTABLE,1c9718e4de66214a16d8b497b33a3a1c3aeb8eda,230119.5,113961,30,257,2024-05-06
kafka,PR-15744,trunk,13,17215.0,1715007934.0,UNSTABLE,9d8948609f64bffb09e1d219427da34b8ac54156,389156.53,113976,17,272,2024-05-06
kafka,PR-15856,trunk,2,15691.0,1715009847.0,UNSTABLE,b9f529a1bd1d562e1550b53d9d68e88ec822fa85,235098.83,113985,17,258,2024-05-06
kafka,PR-15798,trunk,15,19317.0,1715011552.0,UNSTABLE,53cf9955d1a98e50d8939c7a9f52a45bbf3c5ae1,506638.75,114023,47,273,2024-05-06
kafka,PR-15379,trunk,16,19870.0,1715014479.0,UNSTABLE,70dfe00bb38a2ef24ffe706e8125a0a87b5637a1,417571.06,114082,23,273,2024-05-06
kafka,PR-15766,trunk,35,15150.0,1715044629.0,UNSTABLE,004e8cc12e877b32e5dda4501cb573221ad52ef2,351831.3,114123,13,270,2024-05-06
kafka,PR-15835,trunk,5,18444.0,1715065315.0,UNSTABLE,7946865dd6c5e2b6b0c4eb166801d33ef13b7e05,419393.44,114178,32,274,2024-05-07
kafka,PR-15870,trunk,2,14977.0,1715069100.0,UNSTABLE,089536520294d88802dbe575266ac90283aee421,209773.98,114174,10,257,2024-05-07
kafka,PR-15879,trunk,1,19274.0,1715082649.0,UNSTABLE,5871080215b5ef4e3b3386f9ed5e4a815b6eac83,332210.2,114177,17,265,2024-05-07
kafka,PR-15880,trunk,1,18908.0,1715085696.0,UNSTABLE,0d57efc35bba50f2240d4621c4fed165460cc712,392873.5,114184,23,274,2024-05-07
kafka,PR-15871,trunk,4,17727.0,1715085702.0,UNSTABLE,be0567ab2fb1c5a46c483f2ed5dca9912ac7b715,344594.78,114200,32,266,2024-05-07
kafka,PR-15881,trunk,1,18912.0,1715086565.0,UNSTABLE,3151490e92168024b7e96422b5ac08a998a11053,423765.72,114215,25,272,2024-05-07
kafka,PR-15883,trunk,1,15749.0,1715090520.0,UNSTABLE,b04d17fb011c465f90107cbc9505d3edb2923e96,307585.5,113453,75,268,2024-05-07
kafka,PR-15836,trunk,13,21960.0,1715101392.0,UNSTABLE,64b5f31b0a1d755f2704e7373ba93e29f8d35d31,319715.75,114211,14,265,2024-05-07
kafka,PR-14729,trunk,8,18107.0,1715108997.0,UNSTABLE,dad4a514257be35b30d2e090cad84cdcbd2ce0fd,321223.44,114373,14,264,2024-05-07
kafka,PR-13185,trunk,12,17962.0,1715110951.0,UNSTABLE,15f3e46f5eed9da327e79fd8f24e8ee6be7892c6,259286.36,114380,37,257,2024-05-07
kafka,PR-15886,trunk,1,14491.0,1715127044.0,UNSTABLE,86be21334d4c1abf0307d4b54f8a0373721766db,294330.22,114355,8,269,2024-05-07
kafka,PR-15892,trunk,1,25110.0,1715148057.0,UNSTABLE,0fde07d37216db8a4fb346938003eac9a843bcaa,311972.66,114259,62,259,2024-05-08
kafka,PR-15878,trunk,2,16397.0,1715165284.0,UNSTABLE,00bcb31ee48c4879f0ceacff311b6290cb58faae,250332.7,114394,17,258,2024-05-08
kafka,PR-15873,trunk,9,16689.0,1715170107.0,UNSTABLE,f844c92117740c756411755315ad6bced5550a1e,311085.2,114403,18,267,2024-05-08
kafka,PR-15866,trunk,2,13837.0,1715175688.0,UNSTABLE,d6bb04690080913ddfb053520f026861d0ce2b0c,168880.1,114389,34,248,2024-05-08
kafka,PR-15872,trunk,3,20103.0,1715176510.0,UNSTABLE,68ebedbdfc04c6d8ecebaefc00f69743d4197227,294731.97,114462,14,265,2024-05-08
kafka,PR-15898,trunk,1,22684.0,1715178724.0,UNSTABLE,0c7602aaea540312b386acce27b0c00d315bcaf5,240521.3,114384,4,257,2024-05-08
kafka,PR-15899,trunk,1,20527.0,1715179204.0,UNSTABLE,a07e2a76ddac34bf8b7209f03b8d8e4bd4437785,224098.06,113944,65,257,2024-05-08
kafka,PR-15900,trunk,1,16361.0,1715188400.0,UNSTABLE,0b7324dc48cc6bafeb0bac2ee83a156472e20636,151478.17,114385,6,249,2024-05-08
kafka,PR-15901,trunk,1,14065.0,1715192717.0,UNSTABLE,899daeff30eea2dd736a92c023062ffa4decb874,227038.45,112099,158,260,2024-05-08
kafka,PR-15837,trunk,5,17694.0,1715246395.0,UNSTABLE,a8dc0ee1792b64f5453d844274df918ca0f9575d,333004.06,114391,15,264,2024-05-09
kafka,PR-15905,trunk,1,16489.0,1715248267.0,UNSTABLE,d6219164841c792cb3f75552b66ffbac3c145bfa,237396.06,113716,72,255,2024-05-09
kafka,PR-15902,trunk,2,17129.0,1715265099.0,UNSTABLE,d8da3bc104f2822ecee01409d5f5ef964512cc98,333851.94,114447,8,271,2024-05-09
kafka,PR-15907,trunk,1,16895.0,1715267791.0,UNSTABLE,e46f748d912b74edea9b4ba8d0cf635dc49a8702,228542.94,114449,4,257,2024-05-09
kafka,PR-15715,trunk,16,14764.0,1715268012.0,UNSTABLE,75d83ea3789afd4b577e908798df4be0a4adb1ac,291267.72,114441,12,273,2024-05-09
kafka,PR-15785,trunk,20,18002.0,1715268312.0,UNSTABLE,7e6a7ebafa38b30cc6b83b49ce5332ec35bcfb51,422625.1,114462,20,271,2024-05-09
kafka,PR-14716,trunk,9,18333.0,1715271769.0,UNSTABLE,91156446ee177281590887cb8054ae9dd914556b,235371.64,114458,12,257,2024-05-09
kafka,PR-15887,trunk,3,14090.0,1715289529.0,UNSTABLE,59b8ac2dab4ea3c3a0400b9d02bea714573ad827,322443.38,114476,10,273,2024-05-09
kafka,PR-15884,trunk,6,16860.0,1715347275.0,UNSTABLE,0ee6392bbf6ff9bbad18b7ce23aaac60b45d0920,244344.78,114497,11,263,2024-05-10
kafka,PR-15888,trunk,4,15542.0,1715350750.0,UNSTABLE,1b9bcaa291cfafb465de409e250b180a1756a26e,270500.03,114057,74,267,2024-05-10
kafka,PR-15906,trunk,2,19783.0,1715358155.0,UNSTABLE,f5f54f09fbb58f3fb3a28d82ed7aacb6f327d983,357836.38,114480,42,268,2024-05-10
kafka,PR-15904,trunk,3,16536.0,1715358847.0,UNSTABLE,62fcd538ba7f3116acd4e30756141495ac8e687e,204103.97,114497,18,263,2024-05-10
kafka,PR-15912,trunk,4,17789.0,1715359362.0,UNSTABLE,c98cfb6779095d032dfa38b13a3ce71e94510f4e,392285.62,114506,18,273,2024-05-10
kafka,PR-15909,trunk,6,16022.0,1715374275.0,UNSTABLE,5e9c04687715222d4c1d32811b3cc8fb9fa53a5c,321921.2,114488,12,273,2024-05-10
kafka,PR-15922,trunk,1,17306.0,1715382920.0,UNSTABLE,c085353863d74fc494bb804092933d2f8ac47af6,314480.5,114509,15,264,2024-05-10
kafka,PR-15897,trunk,5,16582.0,1715442753.0,UNSTABLE,1f244644b621025f1458d582d832c33c3fd44e9d,347019.88,114517,14,272,2024-05-11
kafka,PR-15925,3.7,1,22944.0,1715444051.0,UNSTABLE,ee368abf543b6d072e27b857771595f515c148f0,310505.06,111226,162,268,2024-05-11
kafka,PR-15052,trunk,31,11802.0,1715567443.0,UNSTABLE,9f7b2a145ae7b304f89928b29070cbc9d16e0124,257428.78,111935,6,1457,2024-05-12
kafka,PR-15882,trunk,6,14350.0,1715587308.0,UNSTABLE,79d6bc2b6a12bc9cfefcfdf11163088e8de7a6e8,284983.4,114481,25,270,2024-05-13
kafka,PR-15929,trunk,1,16039.0,1715595728.0,UNSTABLE,381e9cab1e8e3646d5eab46f013a843c6c181897,299895.47,113823,63,272,2024-05-13
kafka,PR-15894,trunk,6,16335.0,1715597746.0,UNSTABLE,99f2a2c496ef4a6b6dfceab3d91383adfdf48925,224087.8,114464,18,257,2024-05-13
kafka,PR-15727,trunk,6,17558.0,1715602246.0,UNSTABLE,29c57832a78b60faf7dc1a9f3a0ebecb708b0548,358549.38,114425,14,273,2024-05-13
kafka,PR-15931,trunk,1,15919.0,1715604096.0,UNSTABLE,d85cd62103c6ac3c306ce9ea799be87ae6072b2e,234423.06,114446,25,261,2024-05-13
kafka,PR-15932,trunk,1,19706.0,1715610137.0,UNSTABLE,b61a03fa3e26ca891f4673d1b8045ce58b76a42a,282504.6,114436,35,258,2024-05-13
kafka,PR-15934,trunk,1,17895.0,1715610591.0,UNSTABLE,1b6c4121e3f609dd79817c63488e3852e20379df,353167.7,114413,23,273,2024-05-13
kafka,PR-15877,trunk,3,17380.0,1715610859.0,UNSTABLE,cad9e27c67077b875384a6e731a0a67c74024757,271804.28,114460,17,262,2024-05-13
kafka,PR-15936,trunk,3,24051.0,1715615152.0,UNSTABLE,ce2f9d689be9b54464fd94020ae9491877873ae6,232905.55,114424,10,258,2024-05-13
kafka,PR-15634,trunk,7,28719.0,1715615726.0,UNSTABLE,1db9dca1a664e1952ec3dcddcac4a17aae2de6b1,396067.3,114442,31,269,2024-05-13
kafka,PR-15868,trunk,6,26629.0,1715617192.0,UNSTABLE,71282b711c496a25df22ad025ea6270f5c97a491,305147.62,114452,21,267,2024-05-13
kafka,PR-15923,trunk,2,28645.0,1715619853.0,UNSTABLE,cb95f00d4ff83abb8d27455bf99432b7c5f8be6e,207795.6,114430,11,257,2024-05-13
kafka,PR-15919,trunk,6,26714.0,1715624410.0,UNSTABLE,0e3f77d6d188a756472e1cdfa91fbaf4bd6823da,149403.61,114477,15,252,2024-05-13
kafka,PR-15903,trunk,2,27438.0,1715624961.0,UNSTABLE,9cff2163322a1dfa8b1c53855a7461e7aae6445c,326878.0,114351,16,273,2024-05-13
kafka,PR-15784,trunk,13,23046.0,1715643622.0,UNSTABLE,dd90897ca86d16eee6b6378f314d6008096852ac,237364.89,114451,15,258,2024-05-13
kafka,PR-14452,trunk,6,18899.0,1715660142.0,UNSTABLE,54384cf4b15cda28482abd7827bcef3540826fad,383539.22,111844,32,1457,2024-05-13
kafka,PR-15935,trunk,3,19168.0,1715671015.0,UNSTABLE,f526723e6624df2f5ee422a8612c57947c449b21,343419.4,114381,25,264,2024-05-14
kafka,PR-13965,trunk,8,19365.0,1715674435.0,UNSTABLE,75ee2a18995e34b9d018daca045fdf080ba79b7b,157247.38,114386,9,251,2024-05-14
kafka,PR-15896,trunk,6,20351.0,1715685378.0,UNSTABLE,6daa2f06e0705abdea09506bb884a8d1ab96288a,360432.62,114320,20,265,2024-05-14
kafka,PR-15921,trunk,5,23427.0,1715688540.0,UNSTABLE,b40b00b3f15389020f59b790aea334c03e686973,314591.12,114389,14,266,2024-05-14
kafka,PR-15950,trunk,2,18812.0,1715692461.0,UNSTABLE,a37f59fdf999a5ca32231d0a1a63a6ec19a53780,321042.8,114376,13,266,2024-05-14
kafka,PR-15941,trunk,2,17161.0,1715694234.0,UNSTABLE,36d7369119d2b462d88d87a6241c7491ed9f601c,286706.2,114372,14,263,2024-05-14
kafka,PR-15949,trunk,4,21897.0,1715694937.0,UNSTABLE,2241d5dca977beffe30829f7219eff4d42448a34,272613.12,114386,11,258,2024-05-14
kafka,PR-15697,trunk,7,25410.0,1715700808.0,UNSTABLE,639738cce6e74a58444390919fe8ac13007cd0cb,271059.75,114388,33,260,2024-05-14
kafka,PR-15885,trunk,9,26888.0,1715706285.0,UNSTABLE,58424dc227f0c02124f57a95ff35ea43a1b9d5b0,341263.4,114444,24,267,2024-05-14
kafka,PR-15948,trunk,2,24544.0,1715710262.0,UNSTABLE,40cabe2795ab8c051281ee03ead967cd525fd502,329912.22,114448,27,257,2024-05-14
kafka,PR-15960,trunk,1,14684.0,1715740195.0,UNSTABLE,cd0e988af7eb79b9d44cc8e557550cee9ad34d78,205935.48,114077,69,255,2024-05-14
kafka,PR-15917,trunk,7,16765.0,1715751829.0,UNSTABLE,9d69ad12f1c7826fc8e8742f606d5842e8f91d2f,315967.06,113889,87,263,2024-05-15
kafka,PR-15953,3.7,2,16193.0,1715752074.0,UNSTABLE,d7a1fa50b6efecf3389018e00dbecbbf504c3da9,345388.22,111357,48,276,2024-05-15
kafka,PR-15930,trunk,4,16874.0,1715758913.0,UNSTABLE,8fec33ff52cb429ec67974d3007bcd200736b3af,226427.25,114472,19,254,2024-05-15
kafka,PR-15957,trunk,2,17270.0,1715769895.0,UNSTABLE,0489e8de838819a3308769db6e3921bd806d64c7,308817.72,114499,19,261,2024-05-15
kafka,PR-15963,trunk,1,16535.0,1715776938.0,UNSTABLE,46f2cb37385d41aa29a2288ed66584e60665932b,355504.12,114490,21,269,2024-05-15
kafka,PR-15861,trunk,20,17373.0,1715783900.0,UNSTABLE,7e26c74fe67b63fd055cc6801a55878186e1edf6,282369.25,114486,12,262,2024-05-15
kafka,PR-15967,trunk,1,18082.0,1715786888.0,UNSTABLE,d08a9e232ad1027d51b5f1d74ab82e66be657e5d,242215.28,114493,16,253,2024-05-15
kafka,PR-15859,trunk,11,16197.0,1715786940.0,UNSTABLE,ac073d6da448546896c7658ca76256720a69b522,239315.27,114823,32,254,2024-05-15
kafka,PR-15956,trunk,3,18433.0,1715810563.0,UNSTABLE,2700493a26dc0aee447ae85ae43d92f2f5e036d8,280518.1,114537,24,253,2024-05-15
kafka,PR-15969,trunk,2,8860.0,1715819600.0,UNSTABLE,0827f37c18175556af150643a30e070a1f6c3aaa,104309.73,114517,21,240,2024-05-15
kafka,PR-15947,trunk,4,16919.0,1715828274.0,UNSTABLE,ae95409a33e16ddec47037afa34005d95cf41d1d,293142.7,114511,18,260,2024-05-15
kafka,PR-15839,trunk,5,16717.0,1715859721.0,UNSTABLE,82cb48cb38b513b4f512b0f383f074070b401535,409761.62,114503,23,268,2024-05-16
kafka,PR-15865,trunk,2,16438.0,1715859851.0,UNSTABLE,73d82d0c507aec9be51ff253319f1b8f41e6a3f8,226681.16,114484,10,261,2024-05-16
kafka,PR-15976,trunk,1,17673.0,1715871863.0,UNSTABLE,7e86f1870f815ad43e2d5845f0f1c10bdc9ede29,417370.16,114880,23,269,2024-05-16
kafka,PR-15958,trunk,10,17624.0,1715871937.0,UNSTABLE,c918fdee388263c086eb7be7535f9d9f54619a67,300514.44,114877,14,260,2024-05-16
kafka,PR-15977,trunk,1,16765.0,1715871979.0,UNSTABLE,28139e952eb4c16fbd2bf60c3f3d1412e4b6e1cc,267215.22,114879,12,259,2024-05-16
kafka,PR-15933,trunk,6,22020.0,1715872906.0,UNSTABLE,34212aa30dc30050375ae39f69d3031c146a321a,281691.12,114909,14,252,2024-05-16
kafka,PR-15978,trunk,1,19936.0,1715873021.0,UNSTABLE,8be30d49b418f9038883bf9592c692903cd85788,228991.27,114883,16,257,2024-05-16
kafka,PR-15979,trunk,1,21810.0,1715873071.0,UNSTABLE,119cc7b5f69792b4916d4b9596d3305537920362,310594.53,114895,16,264,2024-05-16
kafka,PR-14448,trunk,9,22930.0,1715892295.0,UNSTABLE,7747d7e2e917cb76d0ac1abc6078a8791043ec6c,405952.94,114887,25,269,2024-05-16
kafka,PR-15981,trunk,1,16573.0,1715902672.0,UNSTABLE,67149f90496efb200f3246d121052acd83f1fda7,236138.89,114893,14,252,2024-05-16
kafka,PR-15980,trunk,2,15729.0,1715934169.0,UNSTABLE,1d079fac5967506374e15d5300de5cb82a87ac8b,270607.84,114917,15,261,2024-05-17
kafka,PR-15954,trunk,6,17029.0,1715937969.0,UNSTABLE,711ed7c841b2f21e5b2e0bf4b8ed4898e33f3fe6,328616.1,114899,15,268,2024-05-17
kafka,PR-15305,trunk,8,15292.0,1715942711.0,UNSTABLE,da52e545bb5ced4f2ab9836329fe519c0e77e0bd,310546.8,114869,20,265,2024-05-17
kafka,PR-15942,trunk,3,15762.0,1715947678.0,UNSTABLE,3b6805595d86a896709e117cde2c815e0811d129,240732.4,114873,10,263,2024-05-17
kafka,PR-15982,trunk,1,12303.0,1715948413.0,UNSTABLE,220924e31976633f0ddb7d94bcbc6b85eed8738d,132395.0,114895,5,246,2024-05-17
kafka,PR-15983,trunk,1,16775.0,1715949705.0,UNSTABLE,f8291c0f3c1d7b2613024f8f86b9da831b6fbb3d,330251.84,114897,11,267,2024-05-17
kafka,PR-15965,trunk,2,13029.0,1715953410.0,UNSTABLE,b4713873ccec75b886ee555530e2bbfdadde7ee4,147875.72,114908,17,244,2024-05-17
kafka,PR-15971,trunk,4,16881.0,1715959078.0,UNSTABLE,0721144a3a50633e28b293a2c328805037f40fca,240402.75,114906,18,258,2024-05-17
kafka,PR-15990,trunk,1,13306.0,1716025967.0,UNSTABLE,43f9a34aa74beb7357f4c1529bddad3dfa9c2576,292711.94,114949,5,268,2024-05-18
kafka,PR-15984,trunk,3,13621.0,1716056864.0,UNSTABLE,78de4b17b076d78dd3eee6e731f402f29062be7e,272157.56,114949,5,268,2024-05-18
kafka,PR-15994,trunk,1,17140.0,1716134347.0,UNSTABLE,b3d8dcf08fb6e76d1db5b5297d6e08431dd7df9c,395954.3,114229,82,267,2024-05-19
kafka,PR-15996,trunk,1,13687.0,1716162774.0,UNSTABLE,06956358f6dc06367586dfbe87a2b4094e136a7c,227877.0,114959,9,260,2024-05-19
kafka,PR-15951,trunk,5,17472.0,1716175999.0,UNSTABLE,4a1b76d38effa2233fb7bc062920a2457243fded,264149.22,114970,12,259,2024-05-19
kafka,PR-15704,trunk,9,16706.0,1716197117.0,UNSTABLE,a897d48d26dea64b5e58b158ffa2eed777a3e1c7,392307.56,114956,18,269,2024-05-20
kafka,PR-15952,trunk,2,14230.0,1716204099.0,UNSTABLE,fa3747fa9dadb99ccadca73f66b53f7694aac604,291194.66,114966,13,260,2024-05-20
kafka,PR-15992,trunk,2,16137.0,1716216390.0,UNSTABLE,336d5f5f16187b78cf95fc09fc0664cbe6aa9998,266007.75,114965,14,261,2024-05-20
kafka,PR-15916,trunk,10,17934.0,1716217284.0,UNSTABLE,b891b93e1f7e3a0625fdd657a4b80245fc6ff97a,285569.88,114964,16,260,2024-05-20
kafka,PR-15910,trunk,8,18643.0,1716222450.0,UNSTABLE,56db4edf332d105e8ed580dee67fe0b32fd3fd75,514030.72,115001,39,274,2024-05-20
kafka,PR-16002,trunk,2,17488.0,1716233634.0,UNSTABLE,c7236404147acce1bdc24cee3febe4b47fd31d20,410522.78,114977,19,268,2024-05-20
kafka,PR-15940,trunk,3,18270.0,1716240804.0,UNSTABLE,81cc29c862d562eef2117570e11cad5c287a4ca0,280824.62,114977,12,252,2024-05-20
kafka,PR-15469,trunk,9,17158.0,1716240857.0,UNSTABLE,8fb6c6e814c70e92b784764e9a60808ef5ca8d4e,257169.78,115082,31,253,2024-05-20
kafka,PR-15964,trunk,4,22700.0,1716242551.0,UNSTABLE,cd914dc83f6ee95f6ada2e3a406b18fd37c5496f,336284.5,114953,23,260,2024-05-20
kafka,PR-16011,trunk,1,16153.0,1716263893.0,UNSTABLE,dd367af5bb769a81c269489d39ccda6f17d2e541,298917.2,114964,23,261,2024-05-20
kafka,PR-16012,trunk,1,16952.0,1716264821.0,UNSTABLE,eb5b99e8bcb94f3ab6a45e40845ede8a5cb7d68b,367540.06,114971,26,269,2024-05-20
kafka,PR-16014,trunk,1,17725.0,1716276738.0,UNSTABLE,a77c403f5695036037abd7a5be785661c268b24d,345421.34,114957,30,260,2024-05-21
kafka,PR-15975,trunk,3,18614.0,1716281450.0,UNSTABLE,5cb6e095e4b8ebb2ebd64a4230b90059f974a6da,376726.88,114995,30,261,2024-05-21
kafka,PR-16015,trunk,1,19066.0,1716281565.0,UNSTABLE,7106d5abad58fbbc120866b83e09e0fef2f2d80c,404324.12,115004,26,269,2024-05-21
kafka,PR-15417,trunk,20,18743.0,1716281926.0,UNSTABLE,28ad4782364a36b566bb035ee793e3e5ab7ef23b,381557.03,114990,26,275,2024-05-21
kafka,PR-15516,trunk,17,16244.0,1716288895.0,UNSTABLE,9b4f5395840984341331ac4c73c31046c4289157,311529.22,124249,15,260,2024-05-21
kafka,PR-16013,trunk,3,20779.0,1716336991.0,UNSTABLE,7b2fc257e0d5bb76e20d7900d1f55bbdc7c80e79,373957.97,124341,23,262,2024-05-21
kafka,PR-15927,trunk,9,19054.0,1716337127.0,UNSTABLE,a3916a56840bed86d7f5eb3096156101f0be0226,304415.8,124328,23,261,2024-05-21
kafka,PR-15985,trunk,4,20887.0,1716337406.0,UNSTABLE,17880df92b3855a9c2f1d98ceb04e80cb15a804f,428870.75,124341,38,269,2024-05-21
kafka,PR-15640,trunk,58,21374.0,1716337800.0,UNSTABLE,91af164415b8b950c70d3a61bb0837c34ae4ed69,527186.7,124397,42,269,2024-05-21
kafka,PR-16004,trunk,4,16217.0,1716338387.0,UNSTABLE,4dfc51dc7b88c1848d16397e5eb230c3ba0111e9,93300.34,124349,11,244,2024-05-21
kafka,PR-15972,trunk,8,21910.0,1716338708.0,UNSTABLE,3910eb65e5b350a4a4dde66efc2da4b46db6df4f,101465.07,124242,109,243,2024-05-21
kafka,PR-16026,trunk,2,26493.0,1716352472.0,UNSTABLE,b62c7e64a451fd2c6d2e450411b9783d0a3ea326,143268.38,124362,21,245,2024-05-21
kafka,PR-16023,trunk,2,27251.0,1716368756.0,UNSTABLE,eaaf0fc6e42bef1a2d62c614e31deb92ddeeaa71,330267.88,124371,24,261,2024-05-22
kafka,PR-15973,trunk,14,25814.0,1716373026.0,UNSTABLE,a22f98358c0abce4b46ae4a3bcf04ca9d479a59b,254143.42,124283,132,255,2024-05-22
kafka,PR-15987,trunk,5,24201.0,1716378726.0,UNSTABLE,044319a2968f1c18f0919c687bb875f81a6499b4,224274.86,124375,15,256,2024-05-22
kafka,PR-16028,trunk,1,24533.0,1716380846.0,UNSTABLE,289bb811573c048317c9b4b4c72c2d623acbb868,208605.06,124387,29,255,2024-05-22
kafka,PR-16027,trunk,9,27475.0,1716382202.0,UNSTABLE,cb67b852969f6921011768b6079e95c9330119dd,362635.3,124359,16,274,2024-05-22
kafka,PR-16024,trunk,2,28341.0,1716389319.0,UNSTABLE,ff7692d8396604ec144368ccc91b380413125db7,352774.47,124385,26,261,2024-05-22
kafka,PR-16001,trunk,3,28609.0,1716412930.0,UNSTABLE,3477e2332f9c50f2f663733fe426fd640932abdc,210440.73,124318,113,253,2024-05-22
kafka,PR-15988,trunk,6,25468.0,1716416053.0,UNSTABLE,3bf2783cc1a0279d85824408dad0d90bbb9dc597,373284.6,124347,121,268,2024-05-22
kafka,PR-16034,trunk,3,24492.0,1716424749.0,UNSTABLE,d07ea0ee23be33c6feaf940e0e11a33f7322c9d1,285876.56,124305,106,263,2024-05-22
kafka,PR-16036,trunk,1,18159.0,1716449541.0,UNSTABLE,2dcefcdff357f40f918de51e523fe5b8a2c132be,160270.39,124380,107,249,2024-05-23
kafka,PR-16029,trunk,4,21137.0,1716450231.0,UNSTABLE,706833b94ca186b5fcf234895b2e4244307a94eb,322662.47,124376,111,261,2024-05-23
kafka,PR-16038,trunk,1,18435.0,1716457265.0,UNSTABLE,e93259f3c904f2764d96e32801980de9338b2399,266043.62,124431,132,252,2024-05-23
kafka,PR-16016,trunk,3,18938.0,1716458124.0,UNSTABLE,889a321c01f15bb20a95e0a216ca9efbcb596bae,214021.0,124372,105,253,2024-05-23
kafka,PR-16035,trunk,3,18597.0,1716461036.0,UNSTABLE,9df04e90c2d5765b33bc934a23ad61f84c9e56b6,393191.12,124380,116,268,2024-05-23
kafka,PR-16044,trunk,3,22961.0,1716473426.0,UNSTABLE,61ccb83fcdd367304662b5fcd56418db959b5e36,217110.86,124470,8,253,2024-05-23
kafka,PR-16047,trunk,2,23744.0,1716474794.0,UNSTABLE,4e5693c197e0ef0e3468f33ba104579b1458eb14,314723.6,124368,116,261,2024-05-23
kafka,PR-15377,trunk,10,23798.0,1716476824.0,UNSTABLE,e583d218fa54bf67d88fc2cfd04d2e8e568fbc79,354271.78,124370,115,272,2024-05-23
kafka,PR-16039,trunk,5,14307.0,1716478459.0,UNSTABLE,64a83c1c108164dc1a79b6a0e9c9c9bac94a463f,94325.69,124402,108,237,2024-05-23
kafka,PR-15970,trunk,13,28582.0,1716484006.0,UNSTABLE,5940f59bff16bfe24bdb0184016cc7ccd53f6205,240494.78,124440,114,252,2024-05-23
kafka,PR-16008,trunk,6,24890.0,1716485408.0,UNSTABLE,4e9a94020b51152c174641dfb91969116aa54f4e,243853.44,124405,126,256,2024-05-23
kafka,PR-16060,trunk,1,28089.0,1716498950.0,UNSTABLE,9855a1384464fee5cbd99a722075d34e9744799e,434250.9,124508,134,261,2024-05-23
kafka,PR-15891,trunk,23,27272.0,1716500078.0,UNSTABLE,f9fef1989add194ef17783368619ad60c1f1a164,469329.06,124603,31,268,2024-05-23
kafka,PR-16051,trunk,6,23206.0,1716500690.0,UNSTABLE,2fa9bdb3884a997cb8c0854e9c4d9efb038e059f,106381.305,62230,3,159,2024-05-23
kafka,PR-15893,trunk,7,23671.0,1716505894.0,UNSTABLE,23e6844709c28f94ca572b0e712d8fd49546de98,266757.03,123644,87,251,2024-05-23
kafka,PR-15825,trunk,30,28742.0,1716512922.0,UNSTABLE,d4668beecdb86559e7c849d978ea92121c34497c,280933.9,124675,29,247,2024-05-23
kafka,PR-16063,trunk,2,21064.0,1716522310.0,UNSTABLE,3c91ca4a8433e31a6e50e3d3c8c783795a779c42,328497.5,124592,32,261,2024-05-23
kafka,PR-16045,trunk,2,23091.0,1716532674.0,UNSTABLE,fc9fe4d3bfa45e0764745d52e6748bd74b40afb2,511217.6,124322,110,261,2024-05-24
kafka,PR-16069,trunk,1,18267.0,1716543643.0,UNSTABLE,13d5b583633882eff999c0f1135fd1bcfc8b8a79,247429.27,124653,15,253,2024-05-24
kafka,PR-16070,trunk,1,18884.0,1716548265.0,UNSTABLE,66e21422b9b1fb62034c6def7769ad8da6dcd7d5,415841.1,124631,17,269,2024-05-24
kafka,PR-16072,trunk,1,18376.0,1716555188.0,UNSTABLE,faf5e066c8601e279a020dc8354e5f37884b6a17,277482.03,124666,22,254,2024-05-24
kafka,PR-16059,trunk,3,20222.0,1716558900.0,UNSTABLE,c881ac1e85a0601763a35c5138b41c2d1858aaab,300717.7,124652,30,253,2024-05-24
kafka,PR-16073,trunk,1,17995.0,1716562257.0,UNSTABLE,c8f1d1d875020b990feaa29e8a9de3b74795f2d0,253809.77,124651,28,253,2024-05-24
kafka,PR-15848,trunk,7,23158.0,1716564465.0,UNSTABLE,2a5a25c5e83ff2cce3986d05b8bc6f73e4adfcf0,352309.72,124633,20,268,2024-05-24
kafka,PR-16006,trunk,7,21586.0,1716566062.0,UNSTABLE,dadb569b29809c3de7f5e71822ec4238f71828dd,295001.6,124643,15,263,2024-05-24
kafka,PR-15607,trunk,4,20696.0,1716572066.0,UNSTABLE,b448433568a89cdf7b99d1c9d107e32d08c49a65,149510.45,124580,82,247,2024-05-24
kafka,PR-16076,trunk,1,22933.0,1716575657.0,UNSTABLE,d76aa3de4f86ff70ee5e4abef62d000accf4982b,341560.66,124585,75,269,2024-05-24
kafka,PR-16064,trunk,4,17654.0,1716600619.0,UNSTABLE,36de041a709044be458fadfbd1c08088991eb4a7,309768.72,124596,81,261,2024-05-24
kafka,PR-15974,trunk,15,21029.0,1716615035.0,UNSTABLE,dccb5839a421518164c6f4b80c1cebe5e7009a97,283084.38,124603,71,260,2024-05-25
kafka,PR-16081,trunk,1,14994.0,1716625559.0,UNSTABLE,595546bd6938d81cc4c67acc51b10f4b584884f4,276386.78,124582,62,269,2024-05-25
kafka,PR-16082,trunk,1,14801.0,1716652655.0,UNSTABLE,9c9c2de783ba499fe0424856239aacfcfb44a65e,303688.34,124643,7,269,2024-05-25
kafka,PR-15860,trunk,3,15651.0,1716690485.0,UNSTABLE,9bfc63782eccaef3b9ada201bf3c5fe404b61392,243085.77,124595,64,261,2024-05-25
kafka,PR-14686,trunk,9,17011.0,1716701424.0,UNSTABLE,5f5f284631b19272a884821074407322dbcc7dac,305950.84,124618,335,269,2024-05-26
kafka,PR-15889,trunk,25,13968.0,1716864019.0,SUCCESS,b44f199ef747f78daed12f2a65682fee1f51361a,91153.37,62306,0,159,2024-05-27
kafka,PR-15702,trunk,8,17038.0,1716873458.0,UNSTABLE,bebdaf00f0255c43b4b545d7219fc66135609b19,120904.18,62317,4,163,2024-05-28
kafka,PR-16067,trunk,2,21295.0,1716875133.0,UNSTABLE,4ff2c41ebcd19a79d339cb48f72464f3858e9cdd,161359.05,62311,12,159,2024-05-28
kafka,PR-16066,trunk,2,21286.0,1716875249.0,UNSTABLE,a94e3f49acf3d18f5453773cab7b6bb6c6f67cf9,288802.9,62308,20,167,2024-05-28
kafka,PR-16098,trunk,1,15629.0,1716876311.0,UNSTABLE,799b4c0b535fffaa1bd8f904cfa1c8aef73a2489,120289.66,62300,7,159,2024-05-28
kafka,PR-16099,trunk,1,16157.0,1716877599.0,UNSTABLE,e9ed693e68484e49822a9b53aaec8a3cccd4b37f,186635.03,62303,7,166,2024-05-28
kafka,PR-16100,trunk,1,16320.0,1716883248.0,UNSTABLE,3331561c0d7ac0efcb57c0a9ca161fbd864f7deb,150674.86,62293,4,167,2024-05-28
kafka,PR-16101,trunk,1,20482.0,1716883449.0,UNSTABLE,9f45498291e32a6d0389b387b64aa24ad6ad97b9,145753.31,62309,8,159,2024-05-28
kafka,PR-16103,trunk,1,18652.0,1716890020.0,UNSTABLE,fba7f9ff178b1514d6a245d25d95a1fd09a66523,102284.36,62306,6,160,2024-05-28
kafka,PR-16040,trunk,7,7970.0,1716895703.0,UNSTABLE,44dcbf6d6dd534b61e6d0e76e062722af82b42bc,45801.85,62312,6,154,2024-05-28
kafka,PR-16010,trunk,10,17063.0,1716896160.0,UNSTABLE,a6afc0e1b2bd83e3af5b65e6cc03477711b80f9e,115314.734,62301,12,158,2024-05-28
kafka,PR-16104,trunk,1,22033.0,1716900942.0,UNSTABLE,5504c57f317ada97f76f3bde9b8e40b7545b1e17,204214.6,62303,9,167,2024-05-28
kafka,PR-16084,trunk,4,21305.0,1716910411.0,UNSTABLE,c6f24de0e3ee358b250f7c49bcdf814e8228d928,195364.97,62241,66,167,2024-05-28
kafka,PR-15691,trunk,8,17656.0,1716914079.0,UNSTABLE,ca745917e6aa9da12419b961daad038843881dec,110289.81,62300,3,160,2024-05-28
kafka,PR-16112,trunk,1,17387.0,1716922641.0,UNSTABLE,3eb1d4c71d6b65a63b952ab13b7e98b6512c313f,166701.3,62299,5,165,2024-05-28
kafka,PR-16057,trunk,8,17328.0,1716922683.0,UNSTABLE,9512b40f2b0a6a1c727ee22b9dc0b1f401a63d6b,101165.414,62306,4,159,2024-05-28
kafka,PR-15889,trunk,26,15245.0,1716923901.0,UNSTABLE,621d0f0ae5c99cde760a4a47c3cc8a7a99c543c2,101296.086,62317,7,158,2024-05-28
kafka,PR-15601,trunk,28,16339.0,1716924932.0,UNSTABLE,e223f3309c50af1cd24941737562ccf57a96e85b,144574.12,62302,10,166,2024-05-28
kafka,PR-16052,trunk,6,13608.0,1716926964.0,UNSTABLE,5735e53b258c441cadeadb44c3027df71cbae2fd,101849.625,62311,5,161,2024-05-28
kafka,PR-16074,trunk,5,14302.0,1716930105.0,UNSTABLE,906379c1f54ae32610bff3e7791f243e400c1394,97296.74,62306,2,159,2024-05-28
kafka,PR-16111,trunk,3,14650.0,1716935265.0,UNSTABLE,49d8650ad89417be06b42574022bd7cccc4a3def,159588.05,62304,5,167,2024-05-28
kafka,PR-16117,trunk,1,13043.0,1716942909.0,UNSTABLE,0cdabef0a4079c6fc96af6bb4a36bc87a4032fab,101542.516,62321,9,160,2024-05-28
kafka,PR-16114,trunk,2,4959.0,1716943918.0,UNSTABLE,240cedd851dcf6010b6573aada91c387538e69df,48259.61,62326,6,151,2024-05-28
kafka,PR-15946,trunk,15,18353.0,1716953872.0,UNSTABLE,2bbd8ff3f17b81fa045618de9b197bb880229dc8,202885.33,62317,8,167,2024-05-28
kafka,PR-16090,trunk,2,18548.0,1716965048.0,UNSTABLE,9eef86dea2a35cab2a4b518bec99360c13fcb034,173941.06,62340,22,159,2024-05-29
kafka,PR-15690,trunk,12,19680.0,1716967735.0,UNSTABLE,5263b4e213f6c154b9f39764b09fc8d4e95e8ab1,224105.28,62352,18,166,2024-05-29
kafka,PR-14847,trunk,32,18345.0,1716972642.0,UNSTABLE,3a079d5d74a76bcf50d3f863145fc0fd6f3d8c8b,174716.83,62325,10,167,2024-05-29
kafka,PR-15914,trunk,2,17700.0,1716973079.0,UNSTABLE,835fc165e217e40a78e27244a564d8c633a8b27e,108146.14,62338,16,158,2024-05-29
kafka,PR-16118,trunk,2,19185.0,1716974330.0,UNSTABLE,3000de00a6c381e050626ee36f27784153f0b4b7,185066.05,62327,13,167,2024-05-29
kafka,PR-15998,trunk,8,21126.0,1716975406.0,UNSTABLE,eddb1d1663eff0e7b30c45f8f8a7ca7932f1514d,170295.23,62325,6,166,2024-05-29
kafka,PR-16108,trunk,3,17105.0,1716988081.0,UNSTABLE,af53f5065481e6ff7c908a3e2328f2036008f79c,171355.1,62327,5,167,2024-05-29
kafka,PR-16113,trunk,2,21014.0,1716992191.0,UNSTABLE,1e5b04389b7af19173a8a6c316cc1b8d57d61004,118721.8,62349,16,159,2024-05-29
kafka,PR-15779,trunk,22,19443.0,1716992427.0,UNSTABLE,e36cf73b6d0872ca6716e882e77f3bd5b18b0225,124245.39,62544,13,160,2024-05-29
kafka,PR-16032,trunk,7,22710.0,1716992470.0,UNSTABLE,bed0f5b0261c8952fb9748d862f3ef375daf7d50,225481.95,62353,8,167,2024-05-29
kafka,PR-16123,trunk,1,17267.0,1716995100.0,UNSTABLE,53bd7ec02ef857656e4efd1dbf4096ca7b707f4d,116361.82,62333,9,161,2024-05-29
kafka,PR-15165,trunk,4,19337.0,1716995949.0,UNSTABLE,652a787a65d71935c3bac5099cb614047ec23a86,126036.33,62333,7,162,2024-05-29
kafka,PR-16125,trunk,1,21900.0,1717000788.0,UNSTABLE,ee543189b02fc2b427db5f72fcf3a54440992eb0,151707.05,62354,18,159,2024-05-29
kafka,PR-16075,trunk,5,18873.0,1717004825.0,UNSTABLE,a389c1a07233f7315acb48bc586ed4cd62ac9707,166680.78,62328,5,167,2024-05-29
kafka,PR-15685,trunk,37,20497.0,1717004996.0,UNSTABLE,0704b61f82e152290cded2a43d74fda16b47314e,159954.45,62571,7,166,2024-05-29
kafka,PR-16121,trunk,2,19094.0,1717005464.0,UNSTABLE,94c6326caed83265ecb2736c1d2821839469c9ab,97217.57,62338,4,159,2024-05-29
kafka,PR-16092,trunk,12,16487.0,1717012287.0,UNSTABLE,7d67257d30ff25267e37c1804adb29d373131c20,166665.95,62333,7,166,2024-05-29
kafka,PR-16033,trunk,21,5921.0,1717014556.0,UNSTABLE,fe3fd0623834c7407c42f9b730faead3b7c17b7e,43095.742,62354,6,152,2024-05-29
kafka,PR-16005,trunk,7,15855.0,1717028432.0,UNSTABLE,147fee1d414a2990bb84017ac37263c7d8c29e87,163026.25,62588,6,167,2024-05-29
kafka,PR-15821,trunk,13,16438.0,1717033812.0,UNSTABLE,f61f3387417450f9568ded7851ea7445e0cd7ae8,100379.64,62623,5,159,2024-05-29
kafka,PR-15625,trunk,11,17104.0,1717048361.0,UNSTABLE,d57b8c316a9f7140e1ec9f5748db0a5ce735b34d,173309.75,62593,8,167,2024-05-30
kafka,PR-16046,trunk,9,18692.0,1717069072.0,UNSTABLE,2fcf50f8bfe7b3270ea630bf10353707c0f6db22,232381.9,62591,18,167,2024-05-30
kafka,PR-16048,trunk,4,18354.0,1717069354.0,UNSTABLE,0f526d5caeaa6936ba03394c961f5d71e2ce7ee3,149165.56,62594,14,160,2024-05-30
kafka,PR-15862,trunk,8,16372.0,1717070562.0,UNSTABLE,83499cdf9d85d268b49fd0b1412671f30f75016c,179820.08,62613,28,159,2024-05-30
kafka,PR-16128,trunk,2,17927.0,1717076168.0,UNSTABLE,29e138fb4992d3205c907de631cc7bb8de2a02a7,236012.84,62619,16,167,2024-05-30
kafka,PR-15989,trunk,3,17198.0,1717078187.0,UNSTABLE,4c732780c14011e2130eb00d75c3c4443478a46f,130855.95,62819,5,159,2024-05-30
kafka,PR-16139,trunk,1,18866.0,1717078815.0,UNSTABLE,6f3e88009c71f1f521b25639b133e927960287e6,124861.54,62815,11,160,2024-05-30
kafka,PR-16062,trunk,4,16063.0,1717086236.0,UNSTABLE,0dc751237b72c74af45c8eae36b3cc98b890f02f,100071.63,62820,8,159,2024-05-30
kafka,PR-16135,trunk,3,15882.0,1717087089.0,UNSTABLE,95f3ce601ac319110b882161604b927925ee0eeb,182380.6,62817,15,166,2024-05-30
kafka,PR-16130,trunk,3,15376.0,1717088612.0,UNSTABLE,ef660246d2d0a6d9e5c5c9e5c117d7382eddf29e,112581.375,62820,17,159,2024-05-30
kafka,PR-16096,trunk,3,17783.0,1717105649.0,UNSTABLE,472c6d26ca2ad61ed293200097ea239e02266ecd,133170.5,62824,8,159,2024-05-30
kafka,PR-16025,trunk,2,20817.0,1717105875.0,UNSTABLE,9a1ad7f19c6d0738818305c8df162cd23bf864b9,226917.4,62826,14,167,2024-05-30
kafka,PR-16146,trunk,1,9432.0,1717105956.0,UNSTABLE,7914425632b865fca9c664618cb772d5e22d72cd,58352.49,62833,17,152,2024-05-30
kafka,PR-16129,trunk,7,17828.0,1717107083.0,UNSTABLE,01d5f4db945d3ceed1c86dc6f421400fe100b0ae,256235.36,62833,25,167,2024-05-30
kafka,PR-15840,trunk,22,20021.0,1717113576.0,UNSTABLE,ba4264fda28fb1442d13c8a29b7c191797e24966,231492.84,62874,15,163,2024-05-30
kafka,PR-16085,trunk,7,18248.0,1717120844.0,UNSTABLE,8bb4159f068459ca37edab60da60c5bf95aef2cc,130867.06,62847,10,159,2024-05-30
kafka,PR-15844,trunk,7,15710.0,1717123616.0,UNSTABLE,d7ced361a0513f2dc84fac369e55f1a34b857a89,191405.44,62827,9,167,2024-05-30
kafka,PR-16120,trunk,12,14895.0,1717139284.0,UNSTABLE,b1b296370e2c2bc722875858e815515415085d7a,197081.02,62878,12,169,2024-05-31
kafka,PR-16150,trunk,1,17383.0,1717146574.0,UNSTABLE,9ef7e01d82705b3f0c94d6ae9c8de3b45859f1c8,203501.78,62841,11,166,2024-05-31
kafka,PR-16022,trunk,6,26556.0,1717148764.0,UNSTABLE,9cbfc2fc4625b6e2a2b7da1836493750ea929df8,220709.3,62856,16,171,2024-05-31
kafka,PR-16133,trunk,3,21346.0,1717150183.0,UNSTABLE,c37942e842dceeb6e107dc27f40fc2c15d410fc8,106584.37,62850,5,159,2024-05-31
kafka,PR-16152,trunk,1,19842.0,1717151556.0,UNSTABLE,562a160da4308e95c5822addf62d0a68b59c93ee,109836.66,62841,7,159,2024-05-31
kafka,PR-16149,trunk,4,17345.0,1717155993.0,UNSTABLE,6372e37421d65b9a508381fca0ca1258ea899442,111167.84,62850,10,159,2024-05-31
kafka,PR-16088,trunk,4,15410.0,1717157015.0,UNSTABLE,f7c0b47125feee04d7a4ef45b7ba8debe475e38d,137608.89,62836,1,166,2024-05-31
kafka,PR-16154,trunk,1,18640.0,1717158016.0,UNSTABLE,9e6655d00e70b5b288accb713776c18e20d29495,193174.61,62846,8,165,2024-05-31
kafka,PR-16153,trunk,3,18152.0,1717160743.0,UNSTABLE,0d07722207b7af8ab737fe571d0e95414c3125a1,137720.17,62879,8,160,2024-05-31
kafka,PR-16017,trunk,8,14117.0,1717166732.0,UNSTABLE,ba44b96af7c58fb6ef13c09cb473e9337fcfd052,98367.97,62874,3,161,2024-05-31
kafka,PR-15945,trunk,4,18077.0,1717174265.0,UNSTABLE,0410201bc0f04145c4a86d8a23b08350cc756ae6,239057.4,62891,18,165,2024-05-31
kafka,PR-16148,trunk,2,18289.0,1717180428.0,UNSTABLE,68b100729925b2da5cbe6d6be609082a0f3a4d99,109877.39,62875,6,159,2024-05-31
kafka,PR-15790,trunk,5,16782.0,1717182194.0,UNSTABLE,a8e320fe4d538cf54191abc9ae5084c654ac1cc1,183396.2,62894,12,166,2024-05-31
kafka,PR-16160,trunk,2,9209.0,1717200073.0,UNSTABLE,915f0965101de9138513715e6a3431dd282c7c0c,27817.732,31411,10,108,2024-05-31
kafka,PR-16155,trunk,4,15131.0,1717209330.0,UNSTABLE,e862f7fafed81e6af73ef4bb36fa78e8fa1c2938,102589.87,62732,3,160,2024-05-31
kafka,PR-15961,trunk,12,18411.0,1717227563.0,UNSTABLE,dd17e11d3128b44cbb439c967c64003f9f9d5c06,224638.66,62926,14,169,2024-06-01
kafka,PR-15863,trunk,10,4587.0,1717251079.0,UNSTABLE,836390ac63a06c7f0909a5a4665b62ee7c01a829,43930.793,62929,7,151,2024-06-01
kafka,PR-16166,trunk,2,14668.0,1717265502.0,UNSTABLE,45ea857cee4cc0ffe3a7f82ec409e72b3874f5f6,111029.336,62734,4,160,2024-06-01
kafka,PR-16168,trunk,1,14249.0,1717277670.0,UNSTABLE,bbb6d7098bf6bc130f99344fd953e35943ece098,97019.945,62733,2,160,2024-06-01
kafka,PR-16042,trunk,14,14036.0,1717292460.0,UNSTABLE,331a6cd09f0816fd84b9b4136eacde8bd09d1c2f,102688.77,62749,9,161,2024-06-01
kafka,PR-16164,trunk,3,16157.0,1717312315.0,UNSTABLE,80ff22c33770ff50498c3d2edc186819042df31f,223165.92,62760,13,169,2024-06-02
kafka,PR-16170,trunk,2,5813.0,1717327695.0,UNSTABLE,1f7544c239f6015c3b36a121b3fa4df13f940738,50843.547,62761,3,151,2024-06-02
kafka,PR-16097,trunk,24,12924.0,1717334571.0,UNSTABLE,89999a894e9de73a96ea1a698d8540a0b5f494a3,123911.8,62742,4,168,2024-06-02
kafka,PR-16171,trunk,1,13369.0,1717342059.0,UNSTABLE,74fde9fdf4b3ffa98f255cc7405ede457c23a1a5,156762.86,62750,9,169,2024-06-02
kafka,PR-16169,trunk,3,13425.0,1717359099.0,UNSTABLE,c910d6c7533a6bb7de38478a20242427c6e75490,141254.11,62748,3,169,2024-06-02
kafka,PR-16131,trunk,4,13442.0,1717388873.0,UNSTABLE,bc935c662b8cc47adf0be44e6662b026f4c85b8f,108041.484,62913,16,160,2024-06-02
kafka,PR-16138,trunk,3,17403.0,1717418578.0,UNSTABLE,8b8b661b970ab003e1832caac2fce274f11211a6,119983.69,62772,12,160,2024-06-03
kafka,PR-16163,trunk,2,16512.0,1717418858.0,UNSTABLE,0ec7f3d602a79a036c63bc8a1811ec779cd91be6,106464.25,62760,13,160,2024-06-03
kafka,PR-16174,trunk,1,18185.0,1717419867.0,UNSTABLE,914a2fe49c57fd559a514320dea0d7f362db7bf5,99883.79,62768,2,160,2024-06-03
kafka,PR-16049,trunk,5,20665.0,1717421346.0,UNSTABLE,47af96327f791d7acae2d448774d306cbf4efee3,178381.8,62774,10,169,2024-06-03
kafka,PR-16122,trunk,3,20985.0,1717425188.0,UNSTABLE,ad2fe29bdb762a56fba7ceb773f57fdf9e4fc918,178534.67,62768,8,169,2024-06-03
kafka,PR-16177,trunk,1,21537.0,1717427973.0,UNSTABLE,70ea630de78918c866d1ce191314faa45bdb9dbf,108253.8,62767,3,160,2024-06-03
kafka,PR-16134,trunk,4,20625.0,1717431989.0,UNSTABLE,9900d89420ca27f69c994c3a0013d350df8dd1ec,174540.36,62758,9,169,2024-06-03
kafka,PR-15986,trunk,21,14874.0,1717432055.0,UNSTABLE,d2371b290b4626708b62c2c8db250457d9b47ac9,99925.6,62793,23,161,2024-06-03
kafka,PR-16181,trunk,1,20770.0,1717438260.0,UNSTABLE,b2699b9bc3150b5c6bc83618aa9e91c4be133295,221805.5,62763,9,167,2024-06-03
kafka,PR-16144,trunk,3,11721.0,1717439658.0,UNSTABLE,1e14b14747f53c790cafee9aef3edef4a9ebff4d,50519.223,62778,6,153,2024-06-03
kafka,PR-16182,trunk,1,9045.0,1717441797.0,UNSTABLE,3ccda5a17e2de60214c250fd7687339116faaf5d,55091.66,62775,4,153,2024-06-03
kafka,PR-16080,trunk,7,18192.0,1717444148.0,UNSTABLE,34aa67f8fe700615f8518c230a00690d1f67f6c2,186023.84,62802,15,173,2024-06-03
kafka,PR-16173,trunk,4,18375.0,1717445392.0,UNSTABLE,7e251341c6b12b962fb33137570b347f0634bcee,106229.234,62800,8,161,2024-06-03
kafka,PR-16058,trunk,5,18951.0,1717451903.0,UNSTABLE,6c9c293b3591c46f28b49ddb8209aac7802172f4,144285.7,62782,16,168,2024-06-03
kafka,PR-16151,trunk,3,15252.0,1717460674.0,UNSTABLE,b80bee6e7bb1779f57d1051821a4c82b35eb4cd7,103820.2,62787,13,160,2024-06-03
kafka,PR-15993,trunk,13,16605.0,1717463235.0,UNSTABLE,2a4ef5cd9aa8f666cf04e130e9a34b364932e6e1,141194.39,62793,29,160,2024-06-03
kafka,PR-15675,trunk,8,5877.0,1717475091.0,UNSTABLE,695c46404c5207e2536867c0ccd582272facc779,45138.75,62824,10,151,2024-06-03
kafka,PR-16147,trunk,14,21533.0,1717480399.0,UNSTABLE,53410c0ba661fa2a68e489f13fc921a3524edd08,200221.62,63305,13,169,2024-06-04
kafka,PR-16185,trunk,1,14873.0,1717484266.0,UNSTABLE,db47b6b7fa4ad965476349d7e9aca260b07dbbe4,195075.98,61899,102,162,2024-06-04
kafka,PR-16068,trunk,14,14301.0,1717484986.0,UNSTABLE,0f0fb39f159d2335f5e7e0c1708707e2a4845027,167849.62,62794,20,168,2024-06-04
kafka,PR-16186,trunk,2,17429.0,1717487689.0,UNSTABLE,1b7da54a4e03fc5d537fda53eb2da4490d6481fa,177873.53,62791,7,168,2024-06-04
kafka,PR-16178,trunk,2,16562.0,1717491266.0,UNSTABLE,b68f3c985112408acb1c9fe19b6e0d38dc5b997a,159344.1,62831,18,160,2024-06-04
kafka,PR-16180,trunk,4,17071.0,1717493995.0,UNSTABLE,49e8dcd5209d7de291d2ca2efc16bb5a23460f1b,197843.31,62825,17,169,2024-06-04
kafka,PR-16187,trunk,1,15930.0,1717495490.0,UNSTABLE,9eef86dea2a35cab2a4b518bec99360c13fcb034,135608.44,62814,25,160,2024-06-04
kafka,PR-16156,trunk,5,20336.0,1717501114.0,UNSTABLE,a4648f1e3b4d748945f407fc24a6af4876af53e5,219322.28,62928,28,169,2024-06-04
kafka,PR-16189,trunk,2,15377.0,1717503918.0,UNSTABLE,e532a4c00d3a8e34b928fd5728c26a06d06498b3,133080.38,62827,21,161,2024-06-04
kafka,PR-16105,trunk,5,19771.0,1717506540.0,UNSTABLE,3ebe588c253cb0f33f4188698319e0ccfd0aac30,143379.83,62826,17,161,2024-06-04
kafka,PR-16190,trunk,2,21821.0,1717506612.0,UNSTABLE,73fc90df4a87b1fac036c6f09f366e3cf7d8cc40,192038.23,62817,8,169,2024-06-04
kafka,PR-15834,trunk,6,22319.0,1717507130.0,UNSTABLE,fc4ed99f95bc025c3b8a78a473f11e51d52a023f,199538.5,62828,15,167,2024-06-04
kafka,PR-16192,trunk,1,19667.0,1717507678.0,UNSTABLE,b83fe6e769255643dcedc91dc1422f3737d4da65,111409.94,62830,6,160,2024-06-04
kafka,PR-16065,trunk,6,16657.0,1717515764.0,UNSTABLE,3bd267644233f60d34c3afe0b1314fd9e25db854,115718.56,62832,4,160,2024-06-04
kafka,PR-16197,trunk,1,8606.0,1717521532.0,UNSTABLE,4ce917c9b10994ead405f9127ca184cb97a8ab8c,45405.617,62845,5,151,2024-06-04
kafka,PR-16145,trunk,9,12719.0,1717531151.0,UNSTABLE,be093662631e504a150c77964c5472eac1601b85,99118.055,63409,7,160,2024-06-04
kafka,PR-16161,trunk,2,16762.0,1717533187.0,UNSTABLE,554f648b3a7d9e3d14d203684695cc4dd42bbf6d,211386.34,63368,14,169,2024-06-04
kafka,PR-16165,trunk,5,17298.0,1717545355.0,UNSTABLE,daf19de4f274bb3641cd9da8b719146389594f30,168929.47,63367,4,169,2024-06-04
kafka,PR-16184,trunk,5,14253.0,1717547827.0,UNSTABLE,6509461c1228d6c1da6d47c1344eb983ab0571f7,105423.14,63381,2,160,2024-06-04
kafka,PR-14778,trunk,9,14849.0,1717553592.0,UNSTABLE,6667b68e61b0125784c5ad65f0c124e9355bd34d,161624.69,63368,5,168,2024-06-04
kafka,PR-16196,trunk,2,17443.0,1717560924.0,UNSTABLE,e1d751e17b2f5e4c22422c071234b7cd1701ee90,194172.48,63247,101,169,2024-06-04
kafka,PR-16194,trunk,3,16113.0,1717564550.0,UNSTABLE,dccda66ea525e4aaa7a2c1b818e2e2698093994b,166226.61,63373,3,169,2024-06-05
kafka,PR-16176,trunk,17,15057.0,1717565302.0,UNSTABLE,0f108eba933a19debbb36d54b913b7799940106d,149416.73,63372,10,169,2024-06-05
kafka,PR-16204,trunk,1,21481.0,1717567182.0,UNSTABLE,65652738a3d6514d7f2b47c890f167cae8bf64bc,271081.84,63356,52,169,2024-06-05
kafka,PR-16205,trunk,1,15953.0,1717567860.0,UNSTABLE,03d7198563088383ea1321bdbd93bd2209544999,229607.36,63422,16,169,2024-06-05
kafka,PR-16206,trunk,1,15041.0,1717573874.0,UNSTABLE,aa8ea243b145842d79b3ae8869797742cda66a9b,165349.9,63414,5,169,2024-06-05
kafka,PR-16208,trunk,1,12568.0,1717576965.0,UNSTABLE,871f8b181b0dd8197d7a4501e18551346659c21d,102884.45,63424,9,160,2024-06-05
kafka,PR-16071,trunk,5,11775.0,1717581945.0,UNSTABLE,90553594a0cd8f33e541d485eb1abf52bd2c57d9,88999.38,63423,2,160,2024-06-05
kafka,PR-16214,trunk,1,17312.0,1717598325.0,UNSTABLE,146e1f5ee650e5f8b0c64ab6f2367121276fedba,123775.305,63418,8,171,2024-06-05
kafka,PR-16159,trunk,2,17884.0,1717603208.0,UNSTABLE,9d90ab7e7f6a607eadd122e0d1b6c21e65afca7b,170085.02,63417,5,169,2024-06-05
kafka,PR-16079,trunk,11,14817.0,1717607091.0,UNSTABLE,5d736245443a486b3a35d4ae83d19e2c99f34c51,119721.37,63441,15,160,2024-06-05
kafka,PR-16202,trunk,3,17116.0,1717608210.0,UNSTABLE,ad85c3775c7e5ccf004eeb9184afe30fbc274fca,146376.88,63416,4,169,2024-06-05
kafka,PR-16110,trunk,7,15348.0,1717610338.0,UNSTABLE,d1187ec85468814827126c7b0a0ce051c62b416f,183559.06,63428,8,169,2024-06-05
kafka,PR-16115,trunk,14,16775.0,1717611620.0,UNSTABLE,f5abcc5bd956dc8157b2ff1e885edd8d72689cbd,98675.87,63115,33,159,2024-06-05
kafka,PR-16220,trunk,1,14850.0,1717623112.0,UNSTABLE,9e92bbbe374e39426d9fbba7826765c7271c725d,165322.48,63426,14,169,2024-06-05
kafka,PR-16031,trunk,50,16318.0,1717626217.0,UNSTABLE,246b65ec58190271b01cef4c61ea5fd6fac46e77,207705.33,63534,13,169,2024-06-05
kafka,PR-16199,trunk,15,16360.0,1717660174.0,UNSTABLE,a70391f9e9ada941438c6913b50191b593bf7f33,154594.25,63462,6,169,2024-06-06
kafka,PR-16222,trunk,1,13954.0,1717662065.0,UNSTABLE,51da8fa1e09b1dcb135721b821e81e38385ed5bf,142684.67,63465,5,166,2024-06-06
kafka,PR-16226,trunk,1,16099.0,1717671580.0,UNSTABLE,78b527ed7c42169654701e45cbb5dced6eb52008,174662.31,63460,8,169,2024-06-06
kafka,PR-16157,trunk,2,16030.0,1717676998.0,UNSTABLE,3ce88e066741b3c6833bfd2f9e25700876e188ab,167073.95,63468,11,174,2024-06-06
kafka,PR-15966,trunk,4,16161.0,1717680347.0,UNSTABLE,707762d0a231169e51b934c71e6ce51108fba3f8,108875.805,55365,6,94,2024-06-06
kafka,PR-16198,trunk,7,17614.0,1717682927.0,UNSTABLE,447967277a1d1432afff515fbcb14f2e70029e6a,163501.2,63465,8,167,2024-06-06
kafka,PR-16193,trunk,3,8885.0,1717685857.0,UNSTABLE,6d868fd3d60d639cc395044c4156eaee04a5ec9b,58479.582,63481,11,152,2024-06-06
kafka,PR-15869,trunk,12,17921.0,1717686254.0,UNSTABLE,e5549c41936e464b47b54127bf48e6579996a25e,152528.97,63480,13,160,2024-06-06
kafka,PR-16219,trunk,2,13908.0,1717688337.0,UNSTABLE,768c6ff520cd968a11d02b8b172a14744c95b306,129932.49,63458,4,168,2024-06-06
kafka,PR-16126,trunk,19,16556.0,1717696822.0,UNSTABLE,f6a2f08c8d30287759685bec0d61c346edd0cba6,111377.37,63470,6,160,2024-06-06
kafka,PR-15513,trunk,4,17520.0,1717698044.0,UNSTABLE,e4cd09725f6eeec9054f3d6c18cd0ae45a173be0,161917.19,63462,6,169,2024-06-06
kafka,PR-16234,trunk,2,4754.0,1717706825.0,UNSTABLE,68559aa3dffa96484908c1d18dd2895c3ab4bb03,46195.184,63480,2,151,2024-06-06
kafka,PR-16249,trunk,2,18015.0,1717809457.0,UNSTABLE,0732d571ae9eb13afa56fd181ea5b7abcb74efb5,154757.66,63568,20,160,2024-06-07
kafka,PR-16251,trunk,1,15310.0,1717828648.0,UNSTABLE,7dfd15d1afaf4465e064e3a6950eb2f797805e36,160007.34,63550,3,169,2024-06-08
kafka,PR-16232,trunk,3,5117.0,1717845099.0,UNSTABLE,ee5af53845e4c59f6dedbc18cde2980df202c62a,42849.496,63254,39,150,2024-06-08
kafka,PR-16245,trunk,3,15113.0,1717853955.0,UNSTABLE,f725a0a42916df48642c9b94093b35acc0fb4aa7,119417.04,63565,11,161,2024-06-08
kafka,PR-16201,trunk,19,18170.0,1717853985.0,UNSTABLE,948b33e8f8d932aa7e7260a1ebb2c4b3b015534e,160342.64,63583,10,169,2024-06-08
kafka,PR-16236,trunk,6,4549.0,1717854401.0,UNSTABLE,135dd6db6eb21aef186e97806107ea691d69169a,45827.977,63571,5,151,2024-06-08
kafka,PR-16172,trunk,13,17612.0,1717857637.0,UNSTABLE,f07113a6081a800a01e9dbd2017659ea7ae90a69,154874.84,63571,13,166,2024-06-08
kafka,PR-16252,trunk,2,17994.0,1717862584.0,UNSTABLE,2524afcb126a25d805fb2472c4a1cd87a053c64c,230558.45,63572,20,169,2024-06-08
kafka,PR-16229,trunk,5,15353.0,1717867239.0,UNSTABLE,630e7717d6c313c83e971a2f404344a2673a19ec,107579.22,63570,6,160,2024-06-08
kafka,PR-12988,trunk,19,15507.0,1717930779.0,UNSTABLE,52d9d52a276ccd0279f49d73da268bbf7cdfb019,183549.67,63584,7,169,2024-06-09
kafka,PR-16256,trunk,1,13025.0,1717939448.0,UNSTABLE,9294a6868e8ed20c7c186379cc8504ab15122a3f,104608.695,63592,4,160,2024-06-09
kafka,PR-16255,trunk,3,13344.0,1717959824.0,UNSTABLE,81ea2f3deee7a4d28312e27c8bf0f6fe5835a98c,145228.8,63611,3,163,2024-06-09
kafka,PR-16233,trunk,6,17122.0,1718005003.0,UNSTABLE,4e1bbb9839cdc4a8761022365f613d857392da97,196270.62,63590,7,169,2024-06-10
kafka,PR-16158,trunk,6,13223.0,1718005006.0,UNSTABLE,ba081e1e52744345554dd094c5eb38b4be98bf80,102984.99,63596,5,160,2024-06-10
kafka,PR-16260,trunk,2,14881.0,1718005043.0,UNSTABLE,c2c6db10c8bece4cbeaae015a410cb3efe295411,182882.81,63585,8,168,2024-06-10
kafka,PR-16261,trunk,1,18861.0,1718005249.0,UNSTABLE,ae62b211765da5094eaecea02af894636582a8ea,209330.73,63595,12,169,2024-06-10
kafka,PR-16188,trunk,9,12324.0,1718005547.0,UNSTABLE,77640077627da3fbe100a6ac930fb2d26a47b7ad,100793.12,63604,7,160,2024-06-10
kafka,PR-16243,trunk,2,13894.0,1718007063.0,UNSTABLE,bd0b2b690ff731107e2659e950e00da95fd7d403,113850.78,63623,5,159,2024-06-10
kafka,PR-16203,trunk,10,16929.0,1718014155.0,UNSTABLE,ee86d3462f23a115663f537f4044d7f856556654,127166.35,63594,6,163,2024-06-10
kafka,PR-15820,trunk,13,19099.0,1718017215.0,UNSTABLE,22016f2b417b5ab3bc17cee69294b281a088cea8,177565.81,63597,5,169,2024-06-10
kafka,PR-16212,trunk,3,18020.0,1718017225.0,UNSTABLE,54bd2ac08b3fbc7379b7eac84d5b9bf7a931e6d8,169484.75,63585,10,169,2024-06-10
kafka,PR-16043,trunk,15,8628.0,1718023345.0,UNSTABLE,142616d8858be2db9053927b004f8b67af76c851,60165.09,63623,14,151,2024-06-10
kafka,PR-16224,trunk,4,14332.0,1718027603.0,UNSTABLE,7afa147ca100677ff876498ef2b06f5892593dbc,110225.18,63604,9,163,2024-06-10
kafka,PR-16267,trunk,1,15245.0,1718027999.0,UNSTABLE,7afa147ca100677ff876498ef2b06f5892593dbc,199246.45,63598,9,169,2024-06-10
kafka,PR-16053,trunk,6,15866.0,1718034709.0,UNSTABLE,f0eaf606e879c063507e2acc5acbfc38c556dbdb,171103.47,63607,8,169,2024-06-10
kafka,PR-16238,trunk,4,16927.0,1718036514.0,UNSTABLE,ba118345700bf9dfad24495352220d80fb407a51,128865.38,63610,6,160,2024-06-10
kafka,PR-16009,trunk,7,25762.0,1718045047.0,UNSTABLE,ac65cb8995644f4cf5c41031cd5b2d01d548d4f4,156162.23,63608,6,169,2024-06-10
kafka,PR-16273,trunk,1,16744.0,1718052231.0,UNSTABLE,d64dfcbbcbe04209ecbc84d97b1008125f648837,173288.66,63608,11,169,2024-06-10
kafka,PR-16269,trunk,5,16722.0,1718059043.0,UNSTABLE,40a552b6218d7c0c09b3b87fac836a28400fa3dd,122073.31,63621,9,161,2024-06-10
kafka,PR-16262,trunk,2,14088.0,1718068831.0,UNSTABLE,861ae6e23b7686e0e8c60189ef4148eeb144af3f,94253.2,63615,4,160,2024-06-10
kafka,PR-16275,3.8,1,19630.0,1718081640.0,UNSTABLE,313503c44038b1f59c6dd71836eb414988510d61,200372.31,63672,7,169,2024-06-10
kafka,PR-16276,3.8,1,19309.0,1718081703.0,UNSTABLE,c913cfa1c3b65110e11ba26b3875e2646b1ac055,171297.52,63496,27,167,2024-06-10
kafka,PR-16268,trunk,2,16620.0,1718085477.0,UNSTABLE,65ed15ccf8c22a648891ba8756bb1c70aef70fed,209211.6,63629,8,169,2024-06-11
kafka,PR-16209,trunk,10,18591.0,1718090490.0,UNSTABLE,c39050df5c9938909a7146cc1df87e1aff2f0bad,106190.25,63620,4,161,2024-06-11
kafka,PR-16106,trunk,12,17818.0,1718092437.0,UNSTABLE,e1d4036c5a8cc94e4ca4e6e97ee0c835dbb05341,218932.94,63619,18,169,2024-06-11
kafka,PR-16279,trunk,1,17741.0,1718099943.0,UNSTABLE,e243d3d496a14c56d72cb59ce296e43e141bc1a7,237057.08,63625,12,168,2024-06-11
kafka,PR-16231,trunk,13,12626.0,1718102100.0,UNSTABLE,05a4f466d4979a1ffcd23e77b479b3b1c60c6220,102713.64,63624,5,159,2024-06-11
kafka,PR-16281,trunk,2,13902.0,1718107116.0,UNSTABLE,43060fa25c641975045ac110901e9dcbe3373ea2,120111.73,63634,9,160,2024-06-11
kafka,PR-16283,trunk,1,15781.0,1718110645.0,UNSTABLE,24e7b200764d30c40b332aa4b973bdd48864f347,183237.08,63622,6,169,2024-06-11
kafka,PR-16286,trunk,1,18718.0,1718120975.0,UNSTABLE,2e4ff38f268bd8af7a4cd62df2332be72a5af64b,195115.78,63631,10,169,2024-06-11
kafka,PR-16107,trunk,5,19759.0,1718122576.0,UNSTABLE,dfab7d1520cf8f24654a76ac6cee6c62e8bfe1ac,196126.6,63630,10,169,2024-06-11
kafka,PR-16077,trunk,4,16975.0,1718125175.0,UNSTABLE,fba5c1f6d33664af29e6ad9f5674b19a1612d054,178960.52,63621,7,169,2024-06-11
kafka,PR-16215,trunk,8,14181.0,1718131258.0,UNSTABLE,e958fd3f2a2e557e9cbaecdd4750dcf196007e34,102612.41,63639,3,161,2024-06-11
kafka,PR-16289,trunk,1,18032.0,1718131534.0,UNSTABLE,ca8031362a20d7134b0d2c053718edf7cfd910d3,207008.06,63628,16,169,2024-06-11
kafka,PR-16294,trunk,1,13491.0,1718146602.0,UNSTABLE,20f078a0fd2df6ce7e4a1ee5abd86e24394c6d82,88908.02,63637,4,160,2024-06-11
kafka,PR-16244,trunk,9,14860.0,1718151444.0,UNSTABLE,4be119a4b1b25973b33461a844466e8e4f621513,103822.6,63641,2,160,2024-06-11
kafka,PR-16227,trunk,12,16683.0,1718160113.0,UNSTABLE,f43af6d46cd47662c84dd79f62b7aa89833fb5bf,176185.16,63638,10,177,2024-06-11
kafka,PR-16078,trunk,6,15930.0,1718170948.0,UNSTABLE,189e8593b2e75e23cfbbcb47c8d95ac8166c354d,102774.8,63668,5,160,2024-06-12
kafka,PR-16282,trunk,4,19393.0,1718171630.0,UNSTABLE,c6dc90ec6f670c45fda3f6243b6245d453c633d1,259435.81,63662,16,169,2024-06-12
kafka,PR-16296,trunk,1,16884.0,1718171891.0,UNSTABLE,04889f1cc3e32636abeb99b10f3edbffd8a05f6e,167128.42,63663,7,160,2024-06-12
kafka,PR-16299,trunk,1,17827.0,1718173661.0,UNSTABLE,2ae700a0c6061529861388eea1313b7364244260,155067.45,63657,7,165,2024-06-12
kafka,PR-16136,trunk,7,14933.0,1718188587.0,UNSTABLE,2b3537aa57ac029f432a7ac538e8148e7562e41c,134833.61,63678,10,160,2024-06-12
kafka,PR-13277,trunk,33,16143.0,1718194529.0,UNSTABLE,197ae84491bda4fae14e8eeaa8b8a7d6626121b2,133918.52,63688,8,161,2024-06-12
kafka,PR-16140,trunk,34,13959.0,1718200547.0,UNSTABLE,4aad5c67101fff270285e679deda312410638623,101008.33,63675,15,159,2024-06-12
kafka,PR-16253,trunk,29,19016.0,1718200950.0,UNSTABLE,6ab875a23c49af09a3cbd54314d5e09446b33f25,118923.67,63698,9,160,2024-06-12
kafka,PR-16237,trunk,5,19082.0,1718201758.0,UNSTABLE,36615fed954124980f2917ca280985218fcc9fd7,191613.88,63672,12,169,2024-06-12
kafka,PR-16304,trunk,1,13100.0,1718204251.0,UNSTABLE,165bc524798a74bdd3c3bae696e188a7d297c11e,60671.223,63695,17,152,2024-06-12
kafka,PR-16302,trunk,5,19091.0,1718205733.0,UNSTABLE,40e992c9980f5b1342db4c75debcabea9650c931,111071.97,63679,10,161,2024-06-12
kafka,PR-16285,trunk,5,10672.0,1718207802.0,UNSTABLE,24a2a578cbb70f1dd4eafa915b52594911bd26f5,49654.227,63693,9,154,2024-06-12
kafka,PR-16288,trunk,3,24140.0,1718207867.0,UNSTABLE,cffb1e149193c9619dd1ac7c5e5228cac2d8c94c,121546.03,63681,2,160,2024-06-12
kafka,PR-15673,trunk,11,23580.0,1718208720.0,UNSTABLE,8b6df2355e0425f7b641f91bd59272609360ada8,173809.78,63710,10,187,2024-06-12
kafka,PR-16291,trunk,9,22491.0,1718215134.0,UNSTABLE,2583e120df71cfbb4b6026dccb5850b0b944dfe6,158103.47,63680,6,169,2024-06-12
kafka,PR-16290,trunk,5,21507.0,1718215235.0,UNSTABLE,f43fef7aa6d87b32b583489bb766d42a05730561,146184.0,63684,3,168,2024-06-12
kafka,PR-16292,trunk,5,12115.0,1718215315.0,UNSTABLE,c37fafecc7bfa47086f3aebf7338ae66ced2c6b7,46545.145,63702,6,152,2024-06-12
kafka,PR-16241,trunk,25,24962.0,1718215749.0,UNSTABLE,a9b110e778d96459a9961b09cfd8ebb01e8a1549,182933.61,63690,11,169,2024-06-12
kafka,PR-16308,trunk,2,22520.0,1718216913.0,UNSTABLE,8cf80322a0abd55d7208ccd638f0a9e461cb1b5f,108707.336,63687,4,160,2024-06-12
kafka,PR-16306,trunk,5,21572.0,1718225803.0,UNSTABLE,d774fe2aedcb9e8c0b0085eed1819b5f8909eef6,231902.14,63709,9,169,2024-06-12
kafka,PR-16313,trunk,1,15319.0,1718235673.0,UNSTABLE,7bdfd879035de5d180d59d66f1c331ec880f8e29,166319.86,63712,13,169,2024-06-12
kafka,PR-16314,trunk,1,16658.0,1718235843.0,UNSTABLE,8089e4487ab6ae53ac0aef7a8ff343bdfb5ebacd,128816.086,63729,8,160,2024-06-12
kafka,PR-15890,trunk,12,15665.0,1718242706.0,UNSTABLE,d2a21a75d2c1ed4ee895f5810dd7a81189c7317e,109401.01,63725,8,160,2024-06-12
kafka,PR-16318,trunk,1,16461.0,1718245747.0,UNSTABLE,277c805fbcb092277e4aa6574cb4999490bafac5,179093.92,63720,13,169,2024-06-12
kafka,PR-16322,trunk,1,20722.0,1718265932.0,UNSTABLE,84eae4b65b43ba28456e061f30fec39937a14dea,169191.9,63786,25,159,2024-06-13
kafka,PR-16298,trunk,5,20723.0,1718266466.0,UNSTABLE,b24a0774768e682c65537383a72c1a0150aaa527,181019.95,63724,7,175,2024-06-13
kafka,PR-16254,trunk,4,18180.0,1718270507.0,UNSTABLE,69f49240a9103f8558833c4ada890ccffff3bc38,158019.22,63722,7,169,2024-06-13
kafka,PR-16266,trunk,5,15315.0,1718280583.0,UNSTABLE,098195ca4de755d01974cafe86776cc60657549a,98318.31,63727,1,160,2024-06-13
kafka,PR-16195,trunk,6,17614.0,1718285348.0,UNSTABLE,a7e9dcf401f959b8397f6849e81732cd3716e7b8,108031.86,63727,14,160,2024-06-13
kafka,PR-16326,trunk,1,20530.0,1718285550.0,UNSTABLE,3ab2916b7b5165b08accc9277332d019c204f272,230813.14,63724,11,169,2024-06-13
kafka,PR-16305,trunk,2,20007.0,1718285871.0,UNSTABLE,692fc94b45d47cdd8558c69bec580e2877127c09,178971.23,63717,4,169,2024-06-13
kafka,PR-16274,trunk,7,19539.0,1718286187.0,UNSTABLE,0789eb956df8e8bccfabcb85002f02b4fcc0c4d2,149517.5,63778,11,164,2024-06-13
kafka,PR-15926,trunk,6,18713.0,1718293121.0,UNSTABLE,92783e1c7d43ccc0492c425ebe873a1aa38fdaca,108335.14,63727,7,160,2024-06-13
kafka,PR-16329,trunk,1,19962.0,1718296039.0,UNSTABLE,bd07d7959087378317a9702ee888f1003c5a974f,91782.836,63727,2,160,2024-06-13
kafka,PR-16272,trunk,16,24316.0,1718296785.0,UNSTABLE,56ac969f0e7f392382b4450b6bc976a5fe5f0331,150909.2,63722,5,167,2024-06-13
kafka,PR-16315,trunk,5,21545.0,1718303889.0,UNSTABLE,61700fee015b80981f6665a4371eefb8105e1bf5,124493.47,63984,14,160,2024-06-13
kafka,PR-16331,trunk,1,18568.0,1718305554.0,UNSTABLE,a477a80e47f7ac5bebfedad29c310e0b41f71a10,100701.086,63729,2,160,2024-06-13
kafka,PR-16316,trunk,13,18355.0,1718312871.0,UNSTABLE,fe9e811c4c25bcf5750e7c31bc2e41d9197e42f7,126891.414,63742,12,160,2024-06-13
kafka,PR-16336,trunk,1,14369.0,1718315456.0,UNSTABLE,56dd12da82aa891c6bc18f33ebf7ad19eb65861e,109346.19,63731,6,160,2024-06-13
kafka,PR-16277,trunk,13,10648.0,1718331871.0,UNSTABLE,cbad788cc0b5323a87c09f69814aa50aa69c64a6,53446.793,63744,12,151,2024-06-13
kafka,PR-16250,trunk,10,18504.0,1718341622.0,UNSTABLE,811fca42c84dbdac7c235ccb96d7f3f58507e319,209004.08,63750,8,169,2024-06-14
kafka,PR-16263,trunk,14,21376.0,1718342228.0,UNSTABLE,148f35f311f61edce49763d402d6c5bad9889063,127688.43,63782,9,161,2024-06-14
kafka,PR-16330,trunk,2,21937.0,1718343690.0,UNSTABLE,3419e60eca7d4b24566138e1f8cd66fc5d4cbe48,294477.75,63762,30,168,2024-06-14
kafka,PR-16278,trunk,7,19559.0,1718346771.0,UNSTABLE,8245f7193ee6225e1fea5ca8f995db9611ec2d45,316199.72,63736,75,169,2024-06-14
kafka,PR-16319,trunk,6,17578.0,1718347248.0,UNSTABLE,8cad543bf7da6e0d26b13f505ed4c1a94839cd39,169766.42,63777,22,160,2024-06-14
kafka,PR-16337,trunk,3,17377.0,1718347728.0,UNSTABLE,a530117c86e2a690a0419524126a9ed1a98b52aa,260452.25,63768,27,169,2024-06-14
kafka,PR-16116,trunk,20,18613.0,1718357129.0,UNSTABLE,f73c1cc1f31abe5bb90b28e593c39c702fff3c9a,179055.53,63746,8,169,2024-06-14
kafka,PR-16328,trunk,2,11457.0,1718362631.0,UNSTABLE,3e5ee2d64a51c770f10a4aae3ef615a045d2032b,73076.98,63766,12,151,2024-06-14
kafka,PR-16340,trunk,1,19565.0,1718373271.0,UNSTABLE,8712f71e280042d841b4e0ca5cbf07da944a5468,197166.05,63783,6,169,2024-06-14
kafka,PR-16124,trunk,13,19035.0,1718375045.0,UNSTABLE,a0271eae7449156e4ddce88b01e531339b1f4293,143213.94,63819,15,162,2024-06-14
kafka,PR-16228,trunk,4,5767.0,1718375451.0,UNSTABLE,ff230f6ad3bd9a50368761ccbe9982e25c38eddc,44081.574,63793,6,156,2024-06-14
kafka,PR-16210,trunk,8,19825.0,1718378583.0,UNSTABLE,5686b7220856024af70f7f1f5ca942058e757a18,177557.0,63783,6,169,2024-06-14
kafka,PR-16332,trunk,5,15634.0,1718382030.0,UNSTABLE,af912a32dba5936d363f672713e2d5bcbd667f0d,102974.76,63790,4,162,2024-06-14
kafka,PR-16310,trunk,20,14618.0,1718383499.0,UNSTABLE,b1e35cb5f442fc51a4c5e3a4eb3a96ca6d41d259,94566.57,63814,5,161,2024-06-14
kafka,PR-16259,trunk,3,19957.0,1718391529.0,UNSTABLE,f9e4bbe98ab780e1f0abb30ca48387c1b0765ddb,206841.92,63786,10,169,2024-06-14
kafka,PR-16309,trunk,5,19029.0,1718391770.0,UNSTABLE,2a1b0d7e9252f09ed086f4136e80da3a6b4d120e,155536.5,63795,11,163,2024-06-14
kafka,PR-16342,3.7,2,17333.0,1718398225.0,UNSTABLE,348e93a059dfa79bd0e84085e2632503eedd1edf,483266.25,111497,62,284,2024-06-14
kafka,PR-16297,trunk,7,20396.0,1718426520.0,UNSTABLE,8a578654f725fb45b196f40cbde78f212f46e627,239522.36,63833,20,169,2024-06-14
kafka,PR-16335,trunk,5,21631.0,1718434120.0,UNSTABLE,b87d7b058184083592a40a56a7f76aac643f5676,271431.16,63823,20,169,2024-06-15
kafka,PR-15908,trunk,22,6129.0,1718458264.0,UNSTABLE,8ae8ab7b68f10d432a6fefac8403c6fc19a1b4ce,45513.76,63768,5,155,2024-06-15
kafka,PR-16338,trunk,9,19929.0,1718526124.0,UNSTABLE,1e1078a3a7dfeeff460d9ed840332360a1224666,133694.62,63762,10,161,2024-06-16
kafka,PR-16341,trunk,4,18855.0,1718533115.0,UNSTABLE,85aea5fed8e76ee345a89d501ffbdbc39d2e1358,170085.3,63780,12,165,2024-06-16
kafka,PR-16358,trunk,1,20836.0,1718537826.0,UNSTABLE,80e251d724b45c6db13ee37f4bd9c814072711f1,217209.45,63759,14,169,2024-06-16
kafka,PR-16280,trunk,6,18931.0,1718539290.0,UNSTABLE,b6f111fbe98cc872cececb72a478376f7188c33a,220188.64,63773,12,169,2024-06-16
kafka,PR-15924,trunk,3,15518.0,1718550432.0,UNSTABLE,4bf4223865c02a53260333bc8b7bc5084231649d,138764.53,63751,7,168,2024-06-16
kafka,PR-16354,trunk,3,17298.0,1718554418.0,UNSTABLE,7ac5fca63c6a8325043e2a601e6f712990a74771,168757.7,63752,13,169,2024-06-16
kafka,PR-16327,trunk,9,15666.0,1718580963.0,UNSTABLE,d9d44709559b10d5adcbab63a4ef9f18eee78380,168871.25,63754,9,169,2024-06-16
kafka,PR-16362,trunk,1,17030.0,1718593568.0,UNSTABLE,831560961fec218a378178e637185d6ae1f1fa61,162082.17,63768,8,168,2024-06-16
kafka,PR-16357,trunk,5,17114.0,1718607284.0,UNSTABLE,727c37bd5ed727e978e8652a95f14b13b2d258e9,231954.75,63806,19,169,2024-06-17
kafka,PR-16366,trunk,1,16647.0,1718607705.0,UNSTABLE,11d4fdd12e73c56a463dc663fb91f56509ab3fed,111344.234,63782,6,167,2024-06-17
kafka,PR-16367,trunk,1,16499.0,1718621001.0,UNSTABLE,2a5a35712402d45468c19433072caeeb673b7061,168969.23,63788,6,168,2024-06-17
kafka,PR-16355,trunk,4,15598.0,1718621072.0,UNSTABLE,7acc4b3efdbf6d3331c85b6bcb87b85bff17d75c,110240.57,63801,9,171,2024-06-17
kafka,PR-16323,trunk,5,19057.0,1718622339.0,UNSTABLE,ff4c6b1a15e413c2ff5641842c66b32a69453b6d,217544.03,63799,11,169,2024-06-17
kafka,PR-15175,trunk,14,17208.0,1718622620.0,UNSTABLE,fa8bba5dc7b3117b0240dca557686628cdeb9e51,132124.86,63840,13,159,2024-06-17
kafka,PR-16359,trunk,3,9601.0,1718624252.0,UNSTABLE,7b51a42b7340a814bf88dd14425b9c57289dd3a5,60305.02,63818,7,152,2024-06-17
kafka,PR-16369,trunk,1,15304.0,1718626723.0,UNSTABLE,41040554884c0b7863f44fa24a77d8247f216ec7,98609.44,63787,7,162,2024-06-17
kafka,PR-16350,trunk,4,23463.0,1718628629.0,UNSTABLE,bb8e95908c0a3bbab3630b20bba60f056adc45b2,189361.27,63793,11,169,2024-06-17
kafka,PR-16343,trunk,2,18100.0,1718631889.0,UNSTABLE,67fecfacb5b60160f6c2f40deb0e189bdf290dca,104039.0,63786,6,167,2024-06-17
kafka,PR-16374,trunk,1,20109.0,1718646642.0,UNSTABLE,104567379d948ca6eacda1a97c7a6421968a2ffb,185789.16,63868,19,160,2024-06-17
kafka,PR-16333,trunk,4,17426.0,1718657602.0,UNSTABLE,dd8eea11a87d057c97649285233dad316f5820cc,189599.73,63856,11,167,2024-06-17
kafka,PR-16376,3.8,1,14537.0,1718658624.0,UNSTABLE,ceb4aceb9977a4b8a5c844c3e4c66988c4004a00,151150.53,63789,4,166,2024-06-17
kafka,PR-16345,trunk,3,19730.0,1718659150.0,UNSTABLE,71b35e783b5679647ce0dad9e69b393127971303,114188.08,63856,2,160,2024-06-17
kafka,PR-16353,trunk,3,16506.0,1718666007.0,UNSTABLE,95809cf5c29e654ceb760dae00f5d470db0a1236,155435.08,63844,4,168,2024-06-17
kafka,PR-16351,trunk,19,18020.0,1718674542.0,UNSTABLE,c2609bdf3695ec726e40be7d54bd0d6d197a8a40,188766.62,63844,9,168,2024-06-17
kafka,PR-16378,trunk,1,15989.0,1718676311.0,UNSTABLE,58a735b88559c0f2ae14f2b90681cca43d095673,157091.97,63842,7,168,2024-06-17
kafka,PR-16348,trunk,7,17114.0,1718678366.0,UNSTABLE,c79b8de076ef4452bbe29c6c7ab9b679ad0ceca9,136988.45,63849,10,163,2024-06-17
kafka,PR-16379,trunk,1,17258.0,1718692110.0,UNSTABLE,6e8901b3309f46bdc4b35049730f6bf9e92283a4,176611.45,63282,67,168,2024-06-18
kafka,PR-16382,trunk,1,19443.0,1718695068.0,UNSTABLE,2661e8619aa993bcb0e6e87959573adb1900e792,243120.42,63861,18,168,2024-06-18
kafka,PR-16339,trunk,4,17763.0,1718700294.0,UNSTABLE,87a085e93f814ca3a2147de104b2ca7784b00ba0,114138.06,63867,9,162,2024-06-18
kafka,PR-16370,trunk,3,18694.0,1718716312.0,UNSTABLE,b715e3e4cfaecf5d0d9a0901d4eec389236c85a4,121058.32,63850,12,164,2024-06-18
kafka,PR-16383,trunk,4,18435.0,1718721987.0,UNSTABLE,9f0ba96a6c4c93cb963624de5fac0efefd3091f9,117027.78,63862,5,161,2024-06-18
kafka,PR-16375,trunk,3,15584.0,1718722114.0,UNSTABLE,b4e74d5b9ae5f7f32fded31f79fef42da398a5b7,108574.72,63863,10,160,2024-06-18
kafka,PR-16385,trunk,2,20561.0,1718723413.0,UNSTABLE,d0f249db1dedb3f192544c0e15532ff962dc745b,140382.97,63861,8,163,2024-06-18
kafka,PR-16386,trunk,1,20147.0,1718725497.0,UNSTABLE,99f050f78a5ede649a550dd65f79ce9849369cc1,232861.28,63860,10,169,2024-06-18
kafka,PR-16030,trunk,7,19758.0,1718726064.0,UNSTABLE,a5ea72dc705cfbfa9d4999f0f1d71c860d6916d2,211934.06,63860,13,169,2024-06-18
kafka,PR-15451,trunk,3,15910.0,1718728040.0,UNSTABLE,86efc7503c32d1dfdc04726eee1d3b9e676b9ae4,158726.1,63855,6,169,2024-06-18
kafka,PR-16303,trunk,8,16534.0,1718758644.0,UNSTABLE,e02dbfafd3c5aa698c5c20ff9b7b858d825c0061,93737.42,63881,2,162,2024-06-18
kafka,PR-16392,trunk,1,16720.0,1718760624.0,UNSTABLE,bbac69bc517869dc04677ff9255f07936fef6bb4,108770.234,63907,4,164,2024-06-18
kafka,PR-16295,trunk,3,19191.0,1718779301.0,UNSTABLE,82a0012b49373258ba735b9becad5c69871a1a1b,131142.12,63884,6,164,2024-06-19
kafka,PR-16380,trunk,5,20438.0,1718782370.0,UNSTABLE,c1295b8f0c8785a56bed02db01d495a8d2af118c,332474.25,63888,22,169,2024-06-19
kafka,PR-16349,trunk,3,18824.0,1718785003.0,UNSTABLE,030555bb84f7eb66aacb50fec5f16ad4ae135740,173038.73,63882,11,168,2024-06-19
kafka,PR-16368,trunk,2,17399.0,1718792204.0,UNSTABLE,4c5c7aa15399c9d05797ef3e43829360af9e69e4,129295.13,63892,10,161,2024-06-19
kafka,PR-16388,trunk,3,18121.0,1718792889.0,UNSTABLE,6b993f2222a74946e390da0c95f1ee0e4e68e20d,121913.49,63882,8,162,2024-06-19
kafka,PR-16360,trunk,4,18566.0,1718805790.0,UNSTABLE,1b54c5890553b9c8cc36d18aafc012fab88fcfcc,193787.1,63716,14,168,2024-06-19
kafka,PR-16395,3.6,1,12758.0,1718806148.0,UNSTABLE,5ea38fc55d94f77bfb0ab4ee515fd1ba868d264a,231995.58,100162,8,161,2024-06-19
kafka,PR-16317,trunk,9,16677.0,1718809132.0,UNSTABLE,f87ecb63156221276134f26a74079131f043f948,184452.55,63894,10,174,2024-06-19
kafka,PR-16397,trunk,1,16879.0,1718827764.0,UNSTABLE,0f6149f5cf4b3c4566d24f36247d474dfacfe6ae,110529.38,63906,4,162,2024-06-19
kafka,PR-16393,trunk,4,15674.0,1718851725.0,UNSTABLE,bb4a6278079c964724952d4a569ad8de8eb07523,116958.3,63724,8,160,2024-06-19
kafka,PR-16394,trunk,5,17928.0,1718860920.0,UNSTABLE,daf36fd7bf363574270be10d8423a6bb8e702fc7,170870.19,63714,5,169,2024-06-20
kafka,PR-16401,trunk,1,16840.0,1718878340.0,UNSTABLE,be1c630207968f21a895605b970c05e8d10d6ce1,166226.05,63715,6,169,2024-06-20
kafka,PR-16402,trunk,1,17268.0,1718878898.0,UNSTABLE,3b5940ec2029862c19fac2811181a7562adf1675,136516.5,63712,9,169,2024-06-20
kafka,PR-16324,trunk,8,16177.0,1718884495.0,UNSTABLE,c76376320053c73de6772ce5b7955be27b9be512,155315.86,63710,7,169,2024-06-20
kafka,PR-16404,trunk,1,17446.0,1718885563.0,UNSTABLE,953c97fdb1df72133f954de391c8757b7a2ff718,179427.67,63715,8,169,2024-06-20
kafka,PR-16356,trunk,12,17142.0,1718887735.0,UNSTABLE,6a971e7160ff0d669bb28906458003a0f37fd526,210224.42,63761,17,161,2024-06-20
kafka,PR-16406,trunk,1,21655.0,1718895108.0,UNSTABLE,dfab5771a2fb418878bd36ee3586b2073df69d76,214572.02,63719,9,168,2024-06-20
kafka,PR-16407,trunk,1,22546.0,1718895694.0,UNSTABLE,eff9742a790f9d0d0a83027f1876a95d7aa5ba71,202600.78,63713,8,169,2024-06-20
kafka,PR-16211,trunk,7,17789.0,1718902979.0,UNSTABLE,22f748027b9d9aab19ca1f6f51d259916911630b,112789.85,63725,4,161,2024-06-20
kafka,PR-16235,trunk,20,16183.0,1718913581.0,UNSTABLE,b79b74ad1f811859d0d9febb694be2e75801c94c,109499.73,63960,10,160,2024-06-20
kafka,PR-16409,3.8,6,17584.0,1718923468.0,UNSTABLE,aaad51842da26cc06296f38e0fe62a9eb0c23099,186683.72,63782,6,168,2024-06-20
kafka,PR-16416,trunk,1,16239.0,1718956283.0,UNSTABLE,971cf44581c585677d509b438b09dbc9a7e1a9de,162133.23,63750,8,169,2024-06-21
kafka,PR-16415,trunk,6,15194.0,1718961165.0,UNSTABLE,7123a313c7a6e8054dac224203404a7bec0ff95f,107367.16,63790,13,156,2024-06-21
kafka,PR-16377,trunk,6,16299.0,1718962448.0,UNSTABLE,65927a7bdf3ed53cc67682897ee8643a1ab20de8,109261.62,63786,10,164,2024-06-21
kafka,PR-16265,trunk,13,17767.0,1718973302.0,UNSTABLE,46d322669c345407fa2bb7f1264c00cf664c3921,86795.07,63769,2,159,2024-06-21
kafka,PR-15830,trunk,14,17789.0,1719006287.0,UNSTABLE,7bcec4082cb998f6bed05280a0e9f5ccbe58a320,125846.914,63839,11,161,2024-06-21
kafka,PR-16405,trunk,3,16679.0,1719011636.0,UNSTABLE,ee0cf8ded51262d98e913c5eb18538806c99499f,163691.64,63822,8,167,2024-06-21
kafka,PR-16419,trunk,2,18875.0,1719033198.0,UNSTABLE,8138f4f84c7120bc8950de6f3f1a7760dfcb64e7,186638.4,63817,8,168,2024-06-22
kafka,PR-16418,trunk,2,16531.0,1719044376.0,UNSTABLE,6eb2f0353609131326fcc5f19ecb869c22f9e341,132226.44,63792,3,170,2024-06-22
kafka,PR-16403,trunk,3,16190.0,1719059031.0,UNSTABLE,3648f9baf1433d34b0586ded8839fd096c36dd72,181153.62,63920,10,168,2024-06-22
kafka,PR-16384,trunk,5,20532.0,1719060554.0,UNSTABLE,3cb3afa3cfeffb1e0eb58aa4849d0e424d9f1980,170885.75,63788,9,169,2024-06-22
kafka,PR-16361,trunk,3,15993.0,1719063549.0,UNSTABLE,bf49892b1ffdf5943a48d905095024a50466bcd6,169286.6,63807,7,169,2024-06-22
kafka,PR-16408,trunk,3,15703.0,1719116800.0,UNSTABLE,d413d3f44885ed03c878c925be471e1e71082728,142221.38,63837,5,169,2024-06-22
kafka,PR-16423,trunk,3,7553.0,1719121524.0,UNSTABLE,07b93fb33ef2f5f507cf3ba24328a2e19da3b825,52663.188,63823,2,151,2024-06-23
kafka,PR-16396,trunk,6,14327.0,1719153592.0,UNSTABLE,916fefa5cae9d89a419db73fe2ed05c74b1ed9b4,128147.83,63766,4,167,2024-06-23
kafka,PR-16429,trunk,1,15848.0,1719157085.0,UNSTABLE,1a55561be1f73dfd36156a9d5dae67c019eec6a6,89236.31,63815,2,160,2024-06-23
kafka,PR-16414,trunk,8,14268.0,1719158433.0,UNSTABLE,32ac2883195ac0d0d2661a5819222eb358149aaa,100436.82,63841,1,160,2024-06-23
kafka,PR-15740,trunk,6,16140.0,1719187197.0,UNSTABLE,e12495267d034164573d2c43d6c48bfbdbdb9337,159305.06,63815,8,169,2024-06-23
kafka,PR-16413,trunk,3,16737.0,1719194717.0,UNSTABLE,b8208029805dfb8b28372fb743a62b0ec08bd851,95478.48,63811,3,160,2024-06-23
kafka,PR-16434,trunk,1,21290.0,1719228422.0,UNSTABLE,4606c8cbbf96000c85765a47e7dc2b75301cc7fe,288595.9,63802,22,168,2024-06-24
kafka,PR-16435,trunk,1,18576.0,1719228503.0,UNSTABLE,4abeafd54990dd8551ba4e6c17854f6ccb3f36bd,153073.48,62971,74,167,2024-06-24
kafka,PR-16436,trunk,1,9994.0,1719228519.0,UNSTABLE,d2e95a07da59dfad25b78731bcae7ac81455fbd3,58831.727,63792,14,154,2024-06-24
kafka,PR-16437,trunk,1,24734.0,1719229363.0,UNSTABLE,99d8f29f97daea8fc179c6cd155bc3efe059e02d,259936.05,63818,21,169,2024-06-24
kafka,PR-16344,trunk,10,23606.0,1719231834.0,UNSTABLE,34708197a735044dd9f50a272aec5a87027efdfc,210790.67,63894,14,169,2024-06-24
kafka,PR-16424,trunk,2,21221.0,1719234672.0,UNSTABLE,eb78debfeb6a8fd82e39be669649b2e67154947f,153838.06,63776,1,169,2024-06-24
kafka,PR-16439,trunk,2,23303.0,1719241887.0,UNSTABLE,8f5d14848a529c184b4414aacf8d663101cb08d5,118206.336,63798,9,160,2024-06-24
kafka,PR-16441,trunk,1,19125.0,1719249348.0,UNSTABLE,48af7c4b4bc0e62dd5f4d6859cfa0e84fac9abd6,126117.555,63799,15,167,2024-06-24
kafka,PR-16442,trunk,2,14784.0,1719264687.0,UNSTABLE,8e0f8828ef0ad8ab9884a9a49d1ec6a959e0e6fd,93950.64,63792,4,160,2024-06-24
kafka,PR-16445,trunk,2,21113.0,1719288805.0,UNSTABLE,3a3d995c9b6878f4eb80c921fdf164aee97ee5ab,211111.92,63791,10,169,2024-06-24
kafka,PR-16257,trunk,4,16212.0,1719303336.0,UNSTABLE,464782ee9dd70cccddab1fe03b6aa1c854cb1628,160860.67,63814,4,169,2024-06-25
kafka,PR-16440,trunk,2,14759.0,1719303712.0,UNSTABLE,fdbdaa61f74b5e02db98d15e1f184b20e103393b,115428.766,63831,7,157,2024-06-25
kafka,PR-16430,trunk,5,17876.0,1719313200.0,UNSTABLE,1c39c42dbc9b2ae7731d84ff1431f8ca391c0d47,167603.61,63847,5,169,2024-06-25
kafka,PR-15915,trunk,6,16952.0,1719317132.0,UNSTABLE,9f611ab5fe60b951cdaac8ec8bac5229f06c7392,160043.6,63841,6,169,2024-06-25
kafka,PR-16089,trunk,1,16894.0,1719317327.0,UNSTABLE,8848e7f467f68fe5067f12fde2bd959fb9227de5,151364.67,63811,6,176,2024-06-25
kafka,PR-16448,trunk,1,18456.0,1719321897.0,UNSTABLE,a0a5289875286820c21c0b72a132269f9a287445,198543.86,63827,16,169,2024-06-25
kafka,PR-16452,trunk,1,16028.0,1719339420.0,UNSTABLE,b615266076c6dcdd1847aa6e13d48ebd9775c760,103055.0,64051,5,164,2024-06-25
kafka,PR-16420,3.8,5,16642.0,1719341088.0,UNSTABLE,1faf2abc69803dd542b60727cbf89b1aa8f5cee7,137558.23,63784,4,169,2024-06-25
kafka,PR-16453,trunk,2,13948.0,1719348190.0,UNSTABLE,ee3c2b6034afc757cc7bd2fe09d225c6eaee9f37,98580.836,63840,5,160,2024-06-25
kafka,PR-16422,trunk,4,16021.0,1719361252.0,UNSTABLE,31e34beed8ebba5a901720d2b0e95e10675041f9,170390.39,64076,6,169,2024-06-25
kafka,PR-16431,trunk,9,16496.0,1719384595.0,UNSTABLE,d74c051d6c79c3fd0d55b21e1c73b83956e64cfa,219876.78,64065,17,169,2024-06-26
kafka,PR-16446,trunk,5,16911.0,1719402821.0,UNSTABLE,7f142a717aaf471259573824baf877055d139d09,126788.6,64072,9,160,2024-06-26
kafka,PR-16462,trunk,1,17364.0,1719419439.0,UNSTABLE,3d11a19046367523cb00ea3bb06c334732293bad,161661.5,64045,3,169,2024-06-26
kafka,PR-16447,trunk,7,16513.0,1719439873.0,UNSTABLE,c8650a96f807174052af92e732867b68143dd802,170229.95,64052,6,169,2024-06-26
kafka,PR-16466,trunk,1,20805.0,1719469206.0,UNSTABLE,f3937ca387c020d5ce886d09bf4ff4dd8af2227a,161358.31,64056,32,160,2024-06-27
kafka,PR-16467,trunk,1,16109.0,1719473411.0,UNSTABLE,c099355404ecb346d40602446ebb2bc972b3fd7e,153440.89,64073,10,165,2024-06-27
kafka,PR-16054,trunk,14,15109.0,1719476002.0,UNSTABLE,aad7dc6b71b65c94c9047c7e5b3a80630d5d12c3,96424.04,64060,9,160,2024-06-27
kafka,PR-16468,trunk,1,19864.0,1719476034.0,UNSTABLE,5b82ae617fbca61eb406e3af7c94cede82e3a954,146543.45,64054,10,162,2024-06-27
kafka,PR-16471,trunk,2,6470.0,1719483659.0,UNSTABLE,8eebc8521e996a514b629a02320e2dd8cbb32000,48989.71,64094,2,151,2024-06-27
kafka,PR-16455,trunk,3,15323.0,1719495671.0,UNSTABLE,ea28f10815ab23c8024672e707b2f2f2b0542d72,105749.88,64086,5,168,2024-06-27
kafka,PR-16464,trunk,4,21158.0,1719501535.0,UNSTABLE,90e240173868b20cc38d342f61a7f3c90edfe8f2,192815.9,64084,9,169,2024-06-27
kafka,PR-16476,trunk,1,14613.0,1719515032.0,UNSTABLE,8f598ea74d1d4354aa4a14d87a83e40876a167d5,89603.28,64081,14,160,2024-06-27
kafka,PR-16347,trunk,16,18494.0,1719521820.0,UNSTABLE,fccf7cbeb8f157e2c6778bd892e8edbe0fe6a144,146111.9,64164,20,162,2024-06-27
kafka,PR-16312,trunk,47,20940.0,1719523154.0,UNSTABLE,baca710f757f975c1224c51a386da4d565aa0683,374952.22,64189,37,169,2024-06-27
kafka,PR-16399,trunk,13,16709.0,1719545903.0,UNSTABLE,4dc78e93a392a781b85f012cc77ba042fff4ebf6,93537.15,64167,4,161,2024-06-27
kafka,PR-16479,trunk,1,21182.0,1719557095.0,UNSTABLE,72e7346f7f65e597228a8a6985699e54ffdba4a2,191820.7,64184,19,161,2024-06-28
kafka,PR-16481,trunk,1,19863.0,1719561073.0,UNSTABLE,faa720272739e93d184c97381a13ef2fe5240d08,174891.22,64154,7,178,2024-06-28
kafka,PR-16371,trunk,10,19645.0,1719562301.0,UNSTABLE,1a3e42036dc0f892216a065d3c0dc1b71493aacf,207583.58,64180,8,171,2024-06-28
kafka,PR-16484,trunk,1,18892.0,1719567994.0,UNSTABLE,d20d2566fb8d4a7620d833d35ffa7f79f1a0c64c,106965.73,64160,3,162,2024-06-28
kafka,PR-16487,trunk,1,16155.0,1719583876.0,UNSTABLE,4cc2bd8c53e79176b9463e725248a41c3eea2048,152224.23,64150,3,180,2024-06-28
kafka,PR-16428,trunk,3,19936.0,1719585107.0,UNSTABLE,f8b0d282833ef08f37a1fc5aadaf2bec454f6f8c,167486.47,64163,5,171,2024-06-28
kafka,PR-16478,3.8,3,15457.0,1719598007.0,UNSTABLE,659aa0d00fc4d0514aafc51643928c52eee37ef8,146539.22,63739,3,167,2024-06-28
kafka,PR-16489,trunk,1,15316.0,1719609307.0,UNSTABLE,16012e9bf9d46b1468c345fa2c08e10da6a0f4bb,91218.664,64166,2,161,2024-06-28
kafka,PR-16450,trunk,14,16830.0,1719719759.0,UNSTABLE,d7a01d0e1b01805bca76abc4d204c2ea4b5e85f5,107335.664,64173,3,161,2024-06-29
kafka,PR-16470,trunk,14,15464.0,1719727054.0,UNSTABLE,e2ff23cada0ba0b551cbb7105e59d6e1ed28eaaa,108815.266,64151,22,163,2024-06-30
kafka,PR-16458,trunk,6,19440.0,1719760957.0,UNSTABLE,773effc736bd945ef89b93340bba368d11abe487,199927.97,64180,20,170,2024-06-30
kafka,PR-15864,trunk,3,16023.0,1719765991.0,UNSTABLE,90c73aa6f01d7c59d02f3093fb275583f3c544a8,175399.67,64164,8,171,2024-06-30
kafka,PR-16469,trunk,3,19232.0,1719795915.0,UNSTABLE,d67b33b1a7375054b8f5fff24566cb90417adf8b,71575.12,32148,1,53,2024-06-30
kafka,PR-16465,trunk,5,22896.0,1719825763.0,UNSTABLE,63f7c25a9a90ce7bfa34a651e3806c4b0faf2dcf,154423.12,64216,11,164,2024-07-01
kafka,PR-16473,trunk,2,18296.0,1719837513.0,UNSTABLE,990699d4869cb25c6a040d79ec92c0a4db93549b,169332.61,62823,112,168,2024-07-01
kafka,PR-16480,trunk,9,22433.0,1719838039.0,UNSTABLE,b20c4e1e797daef9aef8b302e09dbc1aab2a9d91,329806.75,64177,41,171,2024-07-01
kafka,PR-16485,trunk,3,17042.0,1719845548.0,UNSTABLE,a22e2174f9e3c65187c9fafd2f873cbf57c77b9b,173452.9,64198,7,171,2024-07-01
kafka,PR-16264,trunk,9,18931.0,1719846761.0,UNSTABLE,70da1b4d6801b6c25d356914fdc0ed1d37f767d0,206776.03,64167,8,170,2024-07-01
kafka,PR-16460,trunk,6,17539.0,1719847598.0,UNSTABLE,3d3f6c5d828a20dba24a8ab70260cc7c586cec06,161553.6,64199,11,170,2024-07-01
kafka,PR-15224,trunk,5,18335.0,1719855258.0,UNSTABLE,757b655a72f23efedbd75c05a133d392a2d17f6c,182579.84,64259,27,159,2024-07-01
kafka,PR-16482,trunk,6,18939.0,1719909514.0,UNSTABLE,97dd1f8d0639468a4a1fbbe52c1ae5bb0dbea7d3,144265.02,64167,5,171,2024-07-02
kafka,PR-16400,3.8,14,14511.0,1719912079.0,UNSTABLE,fd44ece024a4fc99bbc12d7ff3412bb5419829f4,110752.16,63793,10,159,2024-07-02
kafka,PR-16507,trunk,1,18436.0,1719920049.0,UNSTABLE,f1fd1f272cf848a370b24f684017a8010f36b76d,194526.08,64164,23,168,2024-07-02
kafka,PR-16457,trunk,7,17104.0,1719927866.0,UNSTABLE,a1175d8a04bfcf4792d6f1a89b9372bb7a8433ed,152761.05,64214,8,171,2024-07-02
kafka,PR-16474,trunk,4,21649.0,1719932023.0,UNSTABLE,e005d8bf17f45e3c3a99ddbd768c7543529b4d7f,182960.95,64186,11,170,2024-07-02
kafka,PR-13333,trunk,15,17648.0,1719934495.0,UNSTABLE,c875bdf53cc79b7384f63487b16a2730f37cc530,103358.11,64170,11,165,2024-07-02
kafka,PR-16512,trunk,1,15626.0,1719951834.0,UNSTABLE,6d06585cad27c943f08ecdf4d4e16c4c933dfe87,176536.67,64169,7,168,2024-07-02
kafka,PR-16503,trunk,3,17707.0,1719958198.0,UNSTABLE,5d755b4b7427ec1e8609b49ba4ee4dab643233f3,181052.16,64175,9,167,2024-07-02
kafka,PR-16477,trunk,6,17156.0,1719960093.0,UNSTABLE,2693eeb61b5d81f8bb963f88860f45236c961c77,100968.58,64218,5,158,2024-07-02
kafka,PR-15302,trunk,5,16498.0,1719965655.0,UNSTABLE,dc56646bc7b4007a5e4b906db5de2d3f17b0462a,203423.5,64212,11,171,2024-07-02
kafka,PR-16087,trunk,8,17102.0,1719978227.0,UNSTABLE,51df459d59aa4a23a1661f1d6347ed9dcc56f1a1,88534.445,64229,9,163,2024-07-02
kafka,PR-16459,trunk,14,14747.0,1719985826.0,UNSTABLE,ece7777e5e3f1250fcb6731f40c8bd1c85942453,100706.68,64255,5,161,2024-07-03
kafka,PR-16086,trunk,5,17796.0,1719996847.0,UNSTABLE,f99c139408ca6daffe7876b9ca540c61bbf82374,162964.6,64195,6,180,2024-07-03
kafka,PR-16513,trunk,2,16272.0,1719997674.0,UNSTABLE,dd5ea42ab606b74bcd14c5de53a1530648c551e6,124621.22,64211,16,161,2024-07-03
kafka,PR-15968,trunk,22,18925.0,1720015504.0,UNSTABLE,1e87719e9ee0cf7b2c0f89e2f2862ae52a698412,206785.81,64276,15,171,2024-07-03
kafka,PR-16287,trunk,7,6531.0,1720016858.0,UNSTABLE,0b8590c935813e171882b46a7bd5704fbc66c26f,55464.88,64289,2,151,2024-07-03
kafka,PR-16516,trunk,4,21392.0,1720019621.0,UNSTABLE,83f3d7b08786ce304ca241d46f77e12b777d17cf,162846.0,64345,4,171,2024-07-03
kafka,PR-16454,trunk,7,8431.0,1720030945.0,UNSTABLE,a270c720587a9302c70893b709f4bb243a1faf66,61912.625,64408,14,153,2024-07-03
kafka,PR-16520,trunk,1,19235.0,1720032253.0,UNSTABLE,72a75ab09429d6ae24269033961046ce453a6fc4,131811.48,64296,8,161,2024-07-03
kafka,PR-14158,trunk,4,14262.0,1720063296.0,UNSTABLE,062d01f9640726b8f383806419bc984122be8901,96411.9,64402,4,162,2024-07-03
kafka,PR-16491,trunk,6,15542.0,1720067866.0,UNSTABLE,bda59937b75551c985fdf0dea1d700540e585439,99317.39,64427,6,161,2024-07-03
kafka,PR-16498,trunk,8,20121.0,1720073452.0,UNSTABLE,2d9fa79ed9aaa420b569c6ed4c691625de0f900e,213221.48,64425,22,161,2024-07-04
kafka,PR-16504,trunk,7,19481.0,1720094203.0,UNSTABLE,c45ac7839d774c366408eead23ef5c69a0c9a15d,162336.06,64440,8,171,2024-07-04
kafka,PR-16325,trunk,19,18983.0,1720096253.0,UNSTABLE,fee30ec7b9e58024230ba4708302054bf09332cf,156192.55,64412,9,167,2024-07-04
kafka,PR-16526,trunk,2,15741.0,1720122917.0,UNSTABLE,27b0958466ef818257d2b907e74e5944494941fb,134096.9,64545,2,169,2024-07-04
kafka,PR-16508,trunk,3,14906.0,1720148152.0,UNSTABLE,0be279b33b20a624795bea34ee67ca865ca3b82b,143530.84,64529,10,168,2024-07-04
kafka,PR-16301,trunk,5,19101.0,1720160820.0,UNSTABLE,654b5d68e9eaa374d26229f6e9725130ed360c65,230585.58,64533,21,171,2024-07-05
kafka,PR-16527,trunk,1,17255.0,1720166340.0,UNSTABLE,9e37ec26472d6a068dafdd41829c86f525a4339d,150303.44,64501,45,167,2024-07-05
kafka,PR-16531,trunk,1,21316.0,1720191681.0,UNSTABLE,0a6dda303c79613f1c4691f9a255703a2542d882,228896.78,64557,17,168,2024-07-05
kafka,PR-16533,trunk,1,19589.0,1720193973.0,UNSTABLE,2bc332eefb714504d7842bd039bda7f54954a906,144995.39,64542,11,161,2024-07-05
kafka,PR-16095,trunk,14,17179.0,1720201517.0,UNSTABLE,56d6be64299ee30cdf6e455c402db51a29013a8e,163151.38,64536,5,171,2024-07-05
kafka,PR-16535,trunk,1,18464.0,1720214834.0,UNSTABLE,22acf1b348239fb842aafe342c709941675a7454,167720.44,64526,5,167,2024-07-05
kafka,PR-16536,fix-dedicated-mirror-integration-test-multi-node-cluster,1,21482.0,1720225907.0,UNSTABLE,f8418d4fdea1b989356b74e7e73462ecfa9cd8aa,195900.31,64576,11,171,2024-07-05
kafka,PR-16537,trunk,1,17685.0,1720226313.0,UNSTABLE,31c38d18e2ffb56d10f927f4625bd0a2bb0d45ac,154661.88,64528,6,170,2024-07-05
kafka,PR-16524,trunk,3,17260.0,1720237997.0,UNSTABLE,d336afc669bef63c914d0dc3a60c6014dbcd3b62,145171.16,64546,9,170,2024-07-05
kafka,PR-16538,trunk,1,8436.0,1720238328.0,UNSTABLE,216e6bc7f0e98c69fe7733eef1c1d2405ee3c425,56597.54,64539,3,151,2024-07-05
kafka,PR-16475,trunk,10,20992.0,1720253548.0,UNSTABLE,2e38fd5f38631babea944258ebb819f68ecdd45e,153563.47,64555,7,161,2024-07-06
kafka,PR-16488,trunk,8,14992.0,1720339300.0,UNSTABLE,0ab7845bf243d680624b3c68af9677b98675ab8b,143209.05,64523,4,170,2024-07-07
kafka,PR-16497,trunk,5,18032.0,1720403564.0,UNSTABLE,3a3d6e5f16657431b9e90baea0158b5bd69e52b1,204012.31,64505,51,170,2024-07-07
kafka,PR-16545,3.8,2,13780.0,1720426199.0,UNSTABLE,0bcebe0f96492a63ccfd36f9555a24039f2d81cd,92437.734,63792,1,159,2024-07-08
kafka,PR-15756,trunk,9,16049.0,1720443833.0,UNSTABLE,622ebad5d58962ac37e528445c0de516e600cebd,122415.875,64578,9,161,2024-07-08
kafka,PR-16546,trunk,1,20139.0,1720444013.0,UNSTABLE,f24e5ec5621d8901adba276b4bbf5e7639f37960,230374.5,64528,26,172,2024-07-08
kafka,PR-16532,trunk,4,18701.0,1720444114.0,UNSTABLE,12784e165a789c5facc4ba493dd4b7d9e7f5f4be,165745.97,64528,3,170,2024-07-08
kafka,PR-16550,trunk,1,18209.0,1720446468.0,UNSTABLE,7f84a4e2dc47f6b6742edb8cce479cd72837183f,138795.52,64567,24,160,2024-07-08
kafka,PR-16530,trunk,6,21178.0,1720447752.0,UNSTABLE,6865435e3b501566780c8787e0199eca3652dfd4,158564.28,64594,18,161,2024-07-08
kafka,PR-16525,trunk,8,20950.0,1720448624.0,UNSTABLE,82d48bd7f72a2c772fc829a17d414bfa69ee9428,211037.25,64533,10,169,2024-07-08
kafka,PR-15999,trunk,35,6175.0,1720483878.0,UNSTABLE,6deb95c345b764305c12601aee692d2957f0ea66,54662.867,64613,6,151,2024-07-08
kafka,PR-15475,trunk,11,17970.0,1720484469.0,UNSTABLE,14844ad7e1994e21c80422a96b6ac3afcbf37609,110469.76,64606,9,161,2024-07-08
kafka,PR-16539,trunk,3,15910.0,1720493550.0,UNSTABLE,739986f1892edb8f8355c18631f2275f96c39473,123184.15,64582,7,161,2024-07-08
kafka,PR-16552,trunk,1,19538.0,1720509646.0,UNSTABLE,285030141b4e7d53052519032d0a662a1e01e8ec,98830.93,64669,6,159,2024-07-09
kafka,PR-14372,trunk,7,15572.0,1720520985.0,UNSTABLE,a358547431b9ed75a354e36a0eac6ff934593ce3,153925.94,64636,5,170,2024-07-09
kafka,PR-16553,trunk,3,16536.0,1720525140.0,UNSTABLE,8dd95af363c3a822f1efd191c1a2b4175bbe6bbd,141798.61,64594,82,179,2024-07-09
kafka,PR-16555,3.8,2,10006.0,1720541414.0,UNSTABLE,badb649ff3cd649ed5526d152e665cb351c4212b,65803.41,63802,24,151,2024-07-09
kafka,PR-16551,offsets-api-integration-test-wait-for-consumer-groups,5,17825.0,1720544828.0,UNSTABLE,db3c0815be5a3148971b5346f817b3d81b2b8b19,136012.36,64332,6,161,2024-07-09
kafka,PR-16132,trunk,7,19126.0,1720548803.0,UNSTABLE,7aa30d9292193d2221fb15d293447f34251db69c,179957.78,64707,8,171,2024-07-09
kafka,PR-16426,trunk,13,15953.0,1720568943.0,UNSTABLE,a215cca61bd47b740afb299dce8ad3a634dee640,160374.19,64665,10,170,2024-07-09
kafka,PR-16562,trunk,1,20949.0,1720597019.0,UNSTABLE,59d711b3dd58ce192cbf6244bbd7df7e6f2d1fae,168005.94,64694,5,171,2024-07-10
kafka,PR-16506,trunk,3,18375.0,1720609276.0,UNSTABLE,705f445891b1903d7ac7466f3934c36c14c4c976,163107.7,64697,10,167,2024-07-10
kafka,PR-16486,trunk,11,20082.0,1720616599.0,UNSTABLE,73bece1a4b8e0a3caecf1fc2b5a83a34817eee18,192866.9,64711,11,170,2024-07-10
kafka,PR-16519,trunk,12,21258.0,1720618996.0,UNSTABLE,441425fa900b9b477486c4523bdea0261b5f604d,153528.08,64716,9,162,2024-07-10
kafka,PR-16541,trunk,3,20824.0,1720624703.0,UNSTABLE,f3670dd60a038d663a3ba4a7c7a36b76639d96f6,111711.734,64703,3,161,2024-07-10
kafka,PR-16561,trunk,2,17204.0,1720626724.0,UNSTABLE,58f0210684bcaad6f0983045b7d1b76d2ccc5a54,185119.44,64704,11,171,2024-07-10
kafka,PR-16501,trunk,17,16335.0,1720627811.0,UNSTABLE,ba3713b2b4af6c7e7b14e74bf55b034939724f48,185238.53,64705,12,171,2024-07-10
kafka,PR-16421,trunk,12,15522.0,1720630369.0,UNSTABLE,f4bd3ccfe123100431bbad0610f52b37c1ab6b9a,126565.59,64731,11,160,2024-07-10
kafka,PR-16230,trunk,5,16701.0,1720636751.0,UNSTABLE,07d7055e0b90bf39599d593ef451301ce70b3037,149936.78,64716,54,164,2024-07-10
kafka,PR-16568,3.8,1,20967.0,1720644731.0,UNSTABLE,2f17eb27773fa2ae2efcb148e81ab20c1649ddd5,186542.45,63802,15,167,2024-07-10
kafka,PR-16346,trunk,5,16539.0,1720644907.0,UNSTABLE,dddf82d34ed6e30e3250781e47c6764dcb9f1e3c,139913.38,64731,9,170,2024-07-10
kafka,PR-16221,trunk,4,16392.0,1720670135.0,UNSTABLE,7f5b063ff231e1a29d5da73f9601f8430f4c3d01,92305.05,64728,3,160,2024-07-10
kafka,PR-16565,trunk,2,17820.0,1720673243.0,UNSTABLE,f28e86feb2df203f26dff54d1baeecb3e7f87f8a,172607.36,64726,8,171,2024-07-10
kafka,PR-16570,3.8,1,16335.0,1720692006.0,UNSTABLE,d651c66be582078c948c6f241e94e3027937a32f,155463.73,63789,4,168,2024-07-11
kafka,PR-16542,3.8,3,15469.0,1720700389.0,UNSTABLE,d0ce4edb2064ff12104ee73629f209cce550411e,157215.61,63794,10,167,2024-07-11
kafka,PR-16571,trunk,1,18711.0,1720703819.0,UNSTABLE,aff6edea86938fa16469f695c50774b6c650dcdd,172652.34,64736,8,170,2024-07-11
kafka,PR-16490,trunk,9,19510.0,1720712706.0,UNSTABLE,d055ee970c7c617501f1d38f03fc0fcb5ca45e64,133621.22,64738,11,161,2024-07-11
kafka,PR-16572,trunk,1,18057.0,1720713154.0,UNSTABLE,70d7984d971c33f4f635896f97f014ce21d6c8ea,111047.45,64732,16,161,2024-07-11
kafka,PR-16573,trunk,1,9401.0,1720713832.0,UNSTABLE,c3846afca7e86f864fc06c47b6cafc9b7cd80b52,64379.83,64793,7,151,2024-07-11
kafka,PR-16461,trunk,8,16661.0,1720717215.0,UNSTABLE,53ddc94bb767ef5a6f0816596911667c91a4769e,165799.12,65294,8,169,2024-07-11
kafka,PR-16574,trunk,1,19534.0,1720719271.0,UNSTABLE,f634e636af9c0d60f46801a4212540bd31be90be,138356.02,64749,17,161,2024-07-11
kafka,PR-16575,trunk,2,6374.0,1720722531.0,UNSTABLE,e928c6b27c2394983e7ca2d22825fb7de0edcfde,54752.617,64737,5,153,2024-07-11
kafka,PR-16529,trunk,7,9740.0,1720739618.0,UNSTABLE,72d5f8d015b428dfed5612d9c8122b6e88c89e0f,65635.11,64742,7,151,2024-07-11
kafka,PR-16559,trunk,6,21716.0,1720748271.0,UNSTABLE,8e4b9172697f189a8212edae6929580dbc2901cc,221798.28,64760,14,171,2024-07-11
kafka,PR-16577,trunk,1,15828.0,1720771331.0,UNSTABLE,6120ee0d45b675bba1ef7d89f7f94fb6908a656a,101012.26,64739,8,161,2024-07-12
kafka,PR-16569,trunk,2,17081.0,1720799567.0,UNSTABLE,7cf36492b1333afb6502989cd4a0e3bbff81e1eb,177147.52,64724,11,171,2024-07-12
kafka,PR-15918,trunk,9,16297.0,1720809268.0,UNSTABLE,35a208ec96620d7154f4a3211344226ac2f4cd13,152918.78,64731,6,171,2024-07-12
kafka,PR-16518,trunk,15,15949.0,1720817007.0,UNSTABLE,ce227921bfa3ab381e7a40ff006160a9a69e351b,94060.18,64744,4,163,2024-07-12
kafka,PR-16581,trunk,2,17091.0,1720817744.0,SUCCESS,73db945dcb6b8e863a77aee938d297e72e7f6e05,95293.4,64750,0,161,2024-07-12
kafka,PR-16586,trunk,1,21335.0,1720821646.0,UNSTABLE,f7ca9bfee59f5a7b9b98b8cea6a106b5301e4ca2,265280.3,64747,16,171,2024-07-12
kafka,PR-16563,trunk,11,5795.0,1720846285.0,UNSTABLE,60a0a4e7f20e34e482263005c1108a711890d910,49561.516,64775,6,154,2024-07-12
kafka,PR-16564,trunk,3,22248.0,1720854326.0,UNSTABLE,0e3d71128737f1f4b21909471a94e000ca912430,242298.0,64750,20,171,2024-07-13
kafka,PR-16566,trunk,5,18767.0,1720860083.0,UNSTABLE,2e901ae1dafba4f3474a742153546c4c9150e5af,164327.45,64775,5,170,2024-07-13
kafka,PR-16589,trunk,1,17004.0,1720955823.0,UNSTABLE,dbe8f0cf145d60d6efbc092cf52b996ae02ddff5,149410.42,64778,7,161,2024-07-14
kafka,PR-16591,trunk,1,16483.0,1720962550.0,UNSTABLE,472500ee701c46d77066205dbceb8f238624386c,163603.12,64780,10,171,2024-07-14
kafka,PR-16582,trunk,6,21678.0,1720971103.0,SUCCESS,f4686ba9ea02aeadfa3a1ef327c313a6b74ad0c0,48607.043,28980,0,0,2024-07-14
kafka,PR-16549,trunk,3,14906.0,1721010503.0,UNSTABLE,8292fd9f66855d0bfc57239f5f53fe3e3bb06478,148596.34,64771,4,170,2024-07-14
kafka,PR-16593,3.8,1,18433.0,1721029800.0,UNSTABLE,f05e1678f7f73aae51695ea40da3a16ad2d0a260,229625.38,63800,12,169,2024-07-15
kafka,PR-16578,trunk,2,18206.0,1721039546.0,UNSTABLE,5228b017031701845e3630186f2059c7c43063fb,159972.77,64777,11,169,2024-07-15
kafka,PR-16557,trunk,6,6500.0,1721056904.0,UNSTABLE,c753806a13d19486805621f9bc279709834d8b45,53614.824,64908,3,151,2024-07-15
kafka,PR-16588,trunk,4,21461.0,1721057596.0,UNSTABLE,6a73114b334b3672f37a8b9f4a40a0c6620fb115,227625.12,64860,12,171,2024-07-15
kafka,PR-16597,trunk,1,17915.0,1721078567.0,UNSTABLE,b4a3bdb070863a32461dad1ae158dc5fe1d5fb63,150229.17,64931,12,161,2024-07-15
kafka,PR-16598,trunk,1,16288.0,1721080096.0,UNSTABLE,b7cda81773dafc3a11ef269cd490b8f855282195,136853.33,64908,10,161,2024-07-15
kafka,PR-16451,trunk,12,10281.0,1721106878.0,UNSTABLE,72bb5dc5498160afc154dacaf93ee61c96185dad,75892.96,64917,22,151,2024-07-16
kafka,PR-16502,trunk,7,19384.0,1721113774.0,UNSTABLE,d046d385c936274aed3326aeb5aed13835729938,182815.08,64920,15,171,2024-07-16
kafka,PR-16449,trunk,15,19013.0,1721134581.0,UNSTABLE,2218e7dcd9a74167c3eaa5a81d96bd186b88d38e,148858.08,65483,11,161,2024-07-16
kafka,PR-16605,trunk,1,16811.0,1721149644.0,UNSTABLE,b6cfd69285a5e7c2608df63a890978dde1d3a81d,131646.34,65490,11,161,2024-07-16
kafka,PR-16560,trunk,6,17991.0,1721194374.0,UNSTABLE,43a605f9b9e8aeb50ed00beba3308fa646e62312,175996.81,65491,9,170,2024-07-17
kafka,PR-16494,trunk,14,20321.0,1721198663.0,UNSTABLE,45352f69d518409c61795e1a32b1262a2ab81123,271962.34,65535,24,169,2024-07-17
kafka,PR-16607,trunk,3,20860.0,1721207022.0,UNSTABLE,331995d532d3a6829b004e3ce71c7a334c807fd3,119132.016,65521,7,166,2024-07-17
kafka,PR-16611,trunk,1,18316.0,1721213462.0,UNSTABLE,642fa04d1c1d74e30117dc2abee6f477e8a8da64,137734.61,65500,11,161,2024-07-17
kafka,PR-16612,trunk,1,15993.0,1721218062.0,UNSTABLE,706c125998aa43c93e9c40a7ab47c3100c0fc8ba,116005.57,65495,6,161,2024-07-17
kafka,PR-16580,trunk,19,20496.0,1721223322.0,UNSTABLE,9f88857ed6aff6856bdfcf0c074ae0abbfcc6ea9,135252.02,65531,13,160,2024-07-17
kafka,PR-16608,trunk,4,17976.0,1721228199.0,UNSTABLE,240fd6434ef7a24686effa519607d3d9d24ebd3b,115349.01,65494,6,164,2024-07-17
kafka,PR-16616,3.7,1,17864.0,1721230849.0,UNSTABLE,a7d32265ee1fcaac972f93dd6f226fc02aa0c6ab,241540.62,111488,45,260,2024-07-17
kafka,PR-16617,3.8,1,17328.0,1721231154.0,UNSTABLE,eedbdf5ce3b2310c552dc1266f1d9742889f9594,128892.18,63825,15,164,2024-07-17
kafka,PR-16581,trunk,3,18278.0,1721233739.0,UNSTABLE,4497362033031cef34ccd23c3becedf2695ce6f6,123621.984,65506,11,160,2024-07-17
kafka,PR-16496,trunk,6,16384.0,1721240105.0,UNSTABLE,a95b93b3844403188c08c3da778a2f732fdc857d,124519.516,65524,18,161,2024-07-17
kafka,PR-16619,trunk,2,6112.0,1721248908.0,UNSTABLE,9ca7e3094abe038fa9c873c81073f2ef29cbd86e,53539.12,65537,6,151,2024-07-17
kafka,PR-16603,trunk,5,19508.0,1721266973.0,UNSTABLE,43ca95fb5c693cba785fa066603696eabeb2c93c,219301.83,65504,16,170,2024-07-17
kafka,PR-16372,trunk,9,7425.0,1721267709.0,UNSTABLE,1f575ac1bf127300fdbd2c624def26e0f46dabe0,55545.617,65516,13,151,2024-07-17
kafka,PR-16614,trunk,2,16980.0,1721280368.0,UNSTABLE,d34489ba827634a289a6da8b5ead2b0ddbfab697,99315.945,65504,12,160,2024-07-18
kafka,PR-16543,trunk,10,16926.0,1721280546.0,UNSTABLE,8584bb9cfaaa077edf65dfa315ef879e8b462d71,124071.414,65516,16,162,2024-07-18
kafka,PR-16558,trunk,6,15366.0,1721296609.0,UNSTABLE,03c3866a61a43ec58cd2c3a6a8a1740b7785b063,117506.51,65546,6,162,2024-07-18
kafka,PR-16622,trunk,1,16299.0,1721297373.0,UNSTABLE,5e39729bf27ad2d394caf6022e55095f4a333827,149477.25,65498,4,170,2024-07-18
kafka,PR-16590,trunk,5,18016.0,1721298232.0,UNSTABLE,21e0e1a0334be1caa7abbae38da7a62a053749de,166696.17,65526,6,171,2024-07-18
kafka,PR-16544,trunk,2,16351.0,1721309935.0,UNSTABLE,c546a4197e7fe40e0a816bbcb8d62cb781c00733,120000.016,65511,7,161,2024-07-18
kafka,PR-16540,trunk,10,20907.0,1721311654.0,UNSTABLE,4057113c0b55f86da3af849d6d180cbee039399f,171511.56,65502,5,169,2024-07-18
kafka,PR-16606,trunk,5,21511.0,1721313666.0,UNSTABLE,bbddd216ee80a11a06a1de6109a94192b0fda2b2,226955.56,65568,10,171,2024-07-18
kafka,PR-16623,trunk,3,9208.0,1721315525.0,UNSTABLE,631ed73763ead21e8dfb2b960b1ed9610c4988cb,64805.688,65547,14,151,2024-07-18
kafka,PR-16576,trunk,2,16120.0,1721319020.0,UNSTABLE,a7178ea3c13b47a7072c7b8dd632768740aa1ecc,108987.2,65510,9,160,2024-07-18
kafka,PR-16587,trunk,8,19774.0,1721351652.0,UNSTABLE,2d8e4545cf36aa07c92746c48f626cd53e80db84,206030.92,65535,9,170,2024-07-18
kafka,PR-16624,trunk,3,21077.0,1721360511.0,UNSTABLE,bb7c862645f58c61defc0d5dd159fd0302334e4b,172719.14,65509,9,170,2024-07-18
kafka,PR-16609,trunk,2,19494.0,1721362482.0,UNSTABLE,1681c170fc4078689ccf7b63ad26b21ea356c410,202722.86,65530,14,171,2024-07-18
kafka,PR-16630,3.5,1,12140.0,1721362652.0,UNSTABLE,1e874b94caa765862d4a970f75b42614fabfd522,82507.22,68384,23,103,2024-07-18
kafka,PR-16093,trunk,63,20517.0,1721376469.0,UNSTABLE,8eb130092bf5b92f1039d986335151bbf08edff6,174152.55,65514,5,171,2024-07-19
kafka,PR-16528,trunk,2,21897.0,1721387640.0,UNSTABLE,f2a950fc223df61e39257ad8949cba24e5ad60ec,239233.08,65527,20,170,2024-07-19
kafka,PR-16635,trunk,1,17388.0,1721403631.0,UNSTABLE,371c8005e8bf4db809d59dd147fb8ccc6c6860ec,121960.48,65543,14,159,2024-07-19
kafka,PR-16509,trunk,3,23093.0,1721406059.0,UNSTABLE,0eb78299922ac5effea835896488cb0181eab4fe,155897.77,65536,8,161,2024-07-19
kafka,PR-16621,trunk,3,16602.0,1721407635.0,UNSTABLE,9747c21d1a884fbef0708eea24562051beff30b7,147807.19,65522,5,169,2024-07-19
kafka,PR-16636,trunk,1,17721.0,1721412209.0,UNSTABLE,b4033fb9eb98680f9a2ba519c67dddfd4fe57f44,169454.47,65524,6,168,2024-07-19
kafka,PR-16626,trunk,4,14485.0,1721427647.0,UNSTABLE,396b699431d59550b62a05b926be87e3c728b4d0,96191.64,63203,11,161,2024-07-19
kafka,PR-16639,trunk,2,16814.0,1721472961.0,UNSTABLE,7db0421ae4c5e698a9385e10f07682d3a0ef565f,159209.39,65529,9,171,2024-07-20
kafka,PR-16601,trunk,5,16056.0,1721489236.0,UNSTABLE,2c7b211f6010175ba6ddb078cce0f2fb1bf01d30,158206.6,65530,8,170,2024-07-20
kafka,PR-16640,trunk,1,17977.0,1721502100.0,UNSTABLE,f44bc25cfef4e154d76586d68f5f57358286d710,146614.58,65535,10,160,2024-07-20
kafka,PR-16618,trunk,6,19177.0,1721529719.0,UNSTABLE,b9c1625906527a01ea9c00da8c53d6d7bc268810,158108.08,65567,9,159,2024-07-20
kafka,PR-16642,trunk,1,18937.0,1721530105.0,UNSTABLE,816b390173b4e6f3da9d5aa7d36d3ff8f7e4ac12,170206.05,65527,11,171,2024-07-20
kafka,PR-16643,trunk,1,21219.0,1721540606.0,UNSTABLE,0c734faf9f7eee0d144576ade77efe007e75e4d1,193637.62,65518,9,171,2024-07-21
kafka,PR-16610,trunk,5,17450.0,1721544130.0,UNSTABLE,e278de39b922926ef702db0a6acb11464cf70b51,184072.97,65520,10,171,2024-07-21
kafka,PR-16647,trunk,1,17198.0,1721593240.0,UNSTABLE,d34b9896356e5794d7cdee9f3c57fe61e11ae9ee,151150.92,65521,4,168,2024-07-21
kafka,PR-16641,trunk,5,16121.0,1721636878.0,UNSTABLE,a7a1e6b40b940ba05b2cc475da439599bda666b4,102589.52,65528,5,163,2024-07-22
kafka,PR-16019,trunk,56,20920.0,1721639189.0,UNSTABLE,8fe9465eaf9d916253b7b758d22b4db01ad69606,212062.75,65551,12,173,2024-07-22
kafka,PR-16634,trunk,2,17536.0,1721640317.0,UNSTABLE,8097123dd09bb35600abf101300275ae55711441,176914.4,65545,7,172,2024-07-22
kafka,PR-16633,trunk,2,16371.0,1721642054.0,UNSTABLE,739203536b01d9ba328bc5f0ee3747a75257f641,155997.42,65518,4,173,2024-07-22
kafka,PR-16499,trunk,19,20144.0,1721642877.0,UNSTABLE,238d1a7f9b4844cc4de581bb0690719dc7553613,174893.3,65552,8,171,2024-07-22
kafka,PR-16651,trunk,1,22117.0,1721648747.0,UNSTABLE,01113897c0f7596a213b04130b0c0fb154fbaafc,228998.44,65509,10,171,2024-07-22
kafka,PR-16655,trunk,2,26419.0,1721664508.0,UNSTABLE,ed89697d0e1ed6235477326a9aedfe76f25288c7,210791.52,65539,30,165,2024-07-22
kafka,PR-16500,trunk,9,18526.0,1721669851.0,UNSTABLE,446c0977d7a5006ed06a233d894c3f80e7d6fdc7,149057.23,63202,7,174,2024-07-22
kafka,PR-16632,trunk,3,18130.0,1721680421.0,UNSTABLE,44423e3e3434f555e0656c86e21eb2e7b3bbbcc8,129925.195,65570,14,163,2024-07-22
kafka,PR-16645,trunk,6,17588.0,1721697579.0,UNSTABLE,fdf0e50bcc04a90130d7157466a024533fba245a,139235.39,65600,9,163,2024-07-22
kafka,PR-16656,trunk,3,16368.0,1721719447.0,UNSTABLE,5970c352a9d885fb5a4c8e39eae6231820554da1,150487.66,65558,7,173,2024-07-23
kafka,PR-16615,trunk,6,15884.0,1721741782.0,UNSTABLE,d8c7e5bbebe139f498bcf7549a235726bf8236d2,177780.23,65571,16,171,2024-07-23
kafka,PR-16657,trunk,5,15093.0,1721783480.0,UNSTABLE,d8e790ed20394ef14c4c3f4b752e4ab0d1d89ed9,167359.08,65562,9,170,2024-07-23
kafka,PR-16638,trunk,3,20381.0,1721783733.0,UNSTABLE,abd34de73df3481e40da35cd575f5e4246d8bc64,214514.62,65593,26,163,2024-07-23
kafka,PR-14717,trunk,12,18877.0,1721785151.0,UNSTABLE,78c332a643d3fb3405dbcd6854cc93e7944c27f0,102075.86,65567,4,160,2024-07-23
kafka,PR-13817,trunk,47,27304.0,1721799965.0,UNSTABLE,d3321cad2e0121a5cbaa99a338f7592f4d6f0605,205554.14,65566,15,182,2024-07-24
kafka,PR-16660,trunk,4,22328.0,1721809263.0,UNSTABLE,584b5e7c64ac52df32c2f6c2a292944a5a9d078f,187543.42,65569,10,170,2024-07-24
kafka,PR-16663,trunk,6,23306.0,1721813546.0,UNSTABLE,b73f7acf8c10b20121d0006c91d219c292eb51f4,157276.94,65562,9,172,2024-07-24
kafka,PR-16671,trunk,3,19747.0,1721820066.0,UNSTABLE,e63d849967a63d7c0375a44107b9c665936b80d6,110109.71,65568,3,163,2024-07-24
kafka,PR-16677,3.7,2,23131.0,1721820845.0,UNSTABLE,55eef98c75df346dbaded771eb354c84cd45faa1,425394.84,111491,55,285,2024-07-24
kafka,PR-16679,trunk,2,21230.0,1721836081.0,UNSTABLE,2e6b50d5dcb407eef7180bf8aff0e02e387f9440,190163.53,65576,7,172,2024-07-24
kafka,PR-16373,trunk,32,18170.0,1721846317.0,UNSTABLE,3cf8f651963d3aa4ae85caf0371fcc28ba46848f,169529.08,65643,20,163,2024-07-24
kafka,PR-16200,trunk,70,20697.0,1721846327.0,UNSTABLE,1f1bd7dd7ee59d0b194fe9d8290d9587b2df0b63,122143.305,65629,12,163,2024-07-24
kafka,PR-16670,trunk,5,18062.0,1721867245.0,UNSTABLE,dddafd89ebf67fda958c7d1c4868ee8beb2a2d14,239221.52,65660,21,170,2024-07-24
kafka,PR-16688,trunk,3,18302.0,1721884872.0,UNSTABLE,9489439b2b655399898c100dcbcca3b3802a51c7,169788.33,65617,8,169,2024-07-25
kafka,PR-16654,trunk,2,15980.0,1721896864.0,UNSTABLE,d4a32c112bde8a1868d31fa42a56fb5aedf8b96e,199415.28,65638,15,173,2024-07-25
kafka,PR-16674,trunk,3,15885.0,1721905067.0,UNSTABLE,58d6f8860a4aad859bd2de68987ce87ad67013bf,171154.02,65618,7,173,2024-07-25
kafka,PR-16681,trunk,4,17297.0,1721911106.0,UNSTABLE,cfa811b37ed5743c2e4484947e83a39326de89df,187892.03,65625,5,173,2024-07-25
kafka,PR-15502,trunk,2,15957.0,1721916862.0,UNSTABLE,5c2afccb4b7264c21df8007582803414693760ad,184643.75,65620,7,173,2024-07-25
kafka,PR-16432,trunk,15,16101.0,1721917149.0,UNSTABLE,c4c781c4730afb1fd3f960bf545a7e13a9f036da,164521.98,65620,9,173,2024-07-25
kafka,PR-16684,trunk,3,10293.0,1721921766.0,UNSTABLE,735f8e7131654dec934aa9435d761e71387bfe5b,68838.55,65636,19,153,2024-07-25
kafka,PR-16183,trunk,21,17156.0,1721945239.0,UNSTABLE,22af8c7fa0f925144acf6483533abe849ef7c9db,188252.47,65662,7,173,2024-07-25
kafka,PR-16692,trunk,2,14795.0,1722000127.0,UNSTABLE,e93b1f02310148db15f9e8020f811e9ba9386363,108930.31,65623,3,164,2024-07-26
kafka,PR-16668,trunk,3,6456.0,1722015095.0,UNSTABLE,808b68f607be93d7e68bb5cb46f2c645aaf540f3,53968.594,65632,2,153,2024-07-26
kafka,PR-16625,trunk,2,19549.0,1722019858.0,UNSTABLE,c0d3e8624132a6bd51e2f7a6b869730c2ba421af,223909.23,65654,14,173,2024-07-26
kafka,PR-16620,trunk,3,5650.0,1722021049.0,UNSTABLE,396b59bc63bdcd360773ac9a6f806055ad1a38c6,55704.285,65677,3,156,2024-07-26
kafka,PR-16683,trunk,4,15083.0,1722034712.0,UNSTABLE,6853743b31740cd549103790603e38f9b85ede6d,111230.12,65673,4,163,2024-07-26
kafka,PR-16701,trunk,1,15776.0,1722035208.0,UNSTABLE,01a25c2a854e75a495800872c2c58a16c6dbc7e1,104212.78,65649,6,162,2024-07-26
kafka,PR-16696,trunk,2,18622.0,1722039801.0,UNSTABLE,c21afb867e32ee86f51ee939eddf22022de0ff98,154733.19,65721,14,163,2024-07-26
kafka,PR-16698,trunk,2,14783.0,1722041591.0,UNSTABLE,7c5f614393389247e4555689fa74b48dd0b3faf0,107104.36,65684,5,164,2024-07-26
kafka,PR-16702,trunk,1,16635.0,1722046406.0,UNSTABLE,6cb93031592d97689cbb1c046b37e2fab1c98c6d,104327.29,65681,5,165,2024-07-26
kafka,PR-16682,trunk,3,5691.0,1722066957.0,UNSTABLE,879e3debf0fcc5f603971e70f9d8a8cfee300d34,50525.28,65691,3,154,2024-07-27
kafka,PR-16599,trunk,16,14861.0,1722094084.0,UNSTABLE,4545b2064f4af6942f85a2859c2f275b9f19c54f,100020.875,65707,3,163,2024-07-27
kafka,PR-16706,trunk,1,19057.0,1722168586.0,UNSTABLE,f7187a2f22fba2db3b63954552acefe8c52f8ecc,171655.48,65675,3,173,2024-07-28
kafka,PR-16699,trunk,4,17196.0,1722215100.0,UNSTABLE,916cf9a132f3c87ec97dc1ff1d1777ea2d147f44,210364.67,65680,13,173,2024-07-28
kafka,PR-16700,trunk,3,16541.0,1722215156.0,UNSTABLE,0f98821d28e47b3428c1416d5644a5f6ad71ab3b,162576.7,65679,6,173,2024-07-28
kafka,PR-16387,trunk,16,17594.0,1722239854.0,UNSTABLE,149a8754ac2b9a9639348b23e57ca27dbc0e941e,206438.34,65691,12,173,2024-07-29
kafka,PR-16693,trunk,7,16140.0,1722241942.0,UNSTABLE,122e9d08308e30eefab7b27f859aa4f5e60ed09e,188331.39,65691,8,171,2024-07-29
kafka,PR-16650,trunk,6,18679.0,1722250340.0,UNSTABLE,b7c906a2d87d73fbd13ebd7494ce1289f089764d,203071.28,65670,22,175,2024-07-29
kafka,PR-16714,trunk,1,23296.0,1722255286.0,UNSTABLE,c872e18c6fe9b901428a549f2473918532a81ce9,126628.66,65712,5,164,2024-07-29
kafka,PR-16716,trunk,3,17035.0,1722260674.0,UNSTABLE,b6aac751e31d2bc69864dd10f1406305fd49b1d5,134739.8,65689,9,163,2024-07-29
kafka,PR-16680,trunk,7,15353.0,1722260884.0,UNSTABLE,e4332949fc12d0e66ddc280ef13f34f4d70fa2cd,163283.81,65699,8,172,2024-07-29
kafka,PR-16711,trunk,2,19917.0,1722261701.0,UNSTABLE,541ec026cf65ef57db81070dce9071005e567fa2,180037.12,65688,14,173,2024-07-29
kafka,PR-16433,trunk,13,5744.0,1722262462.0,UNSTABLE,902ae9835040b78405c0826862780dd0ad13ad7b,60758.566,65722,7,153,2024-07-29
kafka,PR-16637,trunk,14,17903.0,1722267162.0,UNSTABLE,5eb8d65fdf73a66694b66cb0e7d16104d3322b21,138256.39,65676,9,163,2024-07-29
kafka,PR-16710,trunk,3,16529.0,1722282168.0,UNSTABLE,c08613e5d0579cdadecfca4ec6096848a211f613,144485.75,65683,9,164,2024-07-29
kafka,PR-16697,trunk,3,22737.0,1722286333.0,UNSTABLE,4a5a252b83313918de214dc33777b193f5223e13,286177.4,65718,32,172,2024-07-29
kafka,PR-16678,trunk,4,23044.0,1722289352.0,UNSTABLE,8e3d0ffbe5df49d3b2c55435a2e739d53e25179b,311075.38,65702,32,173,2024-07-29
kafka,PR-16721,trunk,1,16899.0,1722290991.0,UNSTABLE,f72c13dbefc4d7ae2fba06bc8acdccc3214712ed,185600.36,65676,4,173,2024-07-29
kafka,PR-16666,trunk,3,15914.0,1722308285.0,UNSTABLE,27101e338bbd2418b0abc2405dbd37a7dc6500c4,202911.8,65680,11,170,2024-07-29
kafka,PR-16726,trunk,1,15582.0,1722326165.0,UNSTABLE,a63b1485f93386f09dffc318d24769a40f069f77,110058.35,65697,3,163,2024-07-30
kafka,PR-16728,trunk,2,16694.0,1722330874.0,UNSTABLE,c93f5b1098311d5bb8d18c89aac05ebb877a4aab,189319.83,65722,10,173,2024-07-30
kafka,PR-16659,trunk,6,18338.0,1722340194.0,UNSTABLE,ae3fb8a6a4eb55064bd3846cb53b758caa6fcd86,133403.27,65775,12,165,2024-07-30
kafka,PR-16730,trunk,1,16697.0,1722343366.0,UNSTABLE,56453c9557ca0617293b3865a6cf84f0e53a8206,105170.44,65704,5,164,2024-07-30
kafka,PR-16725,trunk,2,20289.0,1722352005.0,UNSTABLE,6b7ee0ba0419f9c0293f16ecaff72c19378daf5a,252955.38,65736,30,173,2024-07-30
kafka,PR-16722,trunk,2,20296.0,1722352385.0,UNSTABLE,9484c5c50e870ca23c2187aefc39e3b23c6848df,159418.7,65727,13,163,2024-07-30
kafka,PR-16733,trunk,1,22818.0,1722361031.0,UNSTABLE,ab4427f13f00d2a8b8b3519fc9e28d9e8308bd19,236006.58,65727,16,172,2024-07-30
kafka,PR-16732,trunk,2,18537.0,1722361697.0,UNSTABLE,d6c5e6902a41d560fdbd2b91e93e7101852a1901,107823.95,65751,5,166,2024-07-30
kafka,PR-16734,trunk,1,18150.0,1722363180.0,UNSTABLE,741e0e0833420d3402593d7a42b28e7af70f2124,140845.17,65752,5,163,2024-07-30
kafka,PR-16334,trunk,6,23165.0,1722369564.0,UNSTABLE,df93822e7818ae73914f3bd79e0c398e0731c5f7,236903.83,65732,6,173,2024-07-30
kafka,PR-16724,trunk,7,20638.0,1722374637.0,UNSTABLE,073f32ec28bf2424f7e677a2d5f1f2291a6c8726,182468.16,65724,5,171,2024-07-30
kafka,PR-16737,trunk,1,25113.0,1722378895.0,UNSTABLE,7a99cbf94dd2584a86f6c04020be3c3edf86edb6,163281.72,65730,4,162,2024-07-30
kafka,PR-16675,trunk,16,20259.0,1722381546.0,UNSTABLE,95870692de03fdccca4017e2cfa561b71063f41b,164168.48,65109,62,170,2024-07-30
kafka,PR-16738,3.9,1,16137.0,1722386180.0,UNSTABLE,769f23a38d682cb894fd7d58d2b93e3ca4708c70,123599.74,65697,6,163,2024-07-30
kafka,PR-16689,trunk,4,9494.0,1722389888.0,UNSTABLE,abf95194eb6f8b4069ad3046f613623a772d4714,59580.184,65769,14,153,2024-07-30
kafka,PR-16740,trunk,1,7470.0,1722399950.0,SUCCESS,1a27a8a573b75746b951ab7f83eb2671bf5de7c5,54145.387,65736,0,153,2024-07-30
kafka,PR-16736,trunk,3,6184.0,1722406250.0,SUCCESS,67c3aa6c7efbdd18062486077ecd460b56b5274b,45670.816,65746,0,153,2024-07-31
kafka,PR-16729,trunk,3,18093.0,1722408949.0,UNSTABLE,2b3be96777acf9eb31ca32d9b3072b36afa94e4a,202369.84,65679,74,171,2024-07-31
kafka,PR-16746,trunk,1,20226.0,1722411446.0,UNSTABLE,bfe81f06efcdb4e74f55c6a184e63af216c8a3eb,166835.92,65783,9,163,2024-07-31
kafka,PR-16747,trunk,1,19750.0,1722412565.0,UNSTABLE,70e09f821c3420e1a52200b82ff3dbda8f32fd48,223480.75,65765,7,173,2024-07-31
kafka,PR-16749,trunk,1,21550.0,1722415967.0,UNSTABLE,f13700f94a0f8dcdda1679d1cc7f4eb4ceb96526,128713.43,65795,6,164,2024-07-31
kafka,PR-16750,trunk,1,24231.0,1722424110.0,UNSTABLE,48e8061458fc6fd86a249c9160f516f02d698f89,199426.4,65780,18,173,2024-07-31
kafka,PR-15200,trunk,4,18184.0,1722435921.0,UNSTABLE,442ac27c2a53bb5304980c9efebb1186925215c3,211074.08,65769,8,172,2024-07-31
kafka,PR-16207,trunk,5,19518.0,1722437749.0,UNSTABLE,bd8ace766286e30362831a94fff915c00e5182b9,136037.72,65801,7,163,2024-07-31
kafka,PR-16300,trunk,35,24328.0,1722439058.0,UNSTABLE,0a86defb57993285f6cd309710910e357665a174,276148.16,65816,30,171,2024-07-31
kafka,PR-16755,trunk,1,19439.0,1722447705.0,UNSTABLE,bb43429e2abf235cc8383a759eb4edc188f2f797,176945.89,65768,4,171,2024-07-31
kafka,PR-16756,trunk,1,18361.0,1722450128.0,UNSTABLE,96e5b996af53dc68b33f670cb1a9da2e1ecf21a8,182741.53,65786,5,173,2024-07-31
kafka,PR-16686,trunk,13,7766.0,1722450453.0,SUCCESS,c3de041950486e31b00765d1897b5e4f6a7d157d,53835.47,65775,0,160,2024-07-31
kafka,PR-16583,trunk,4,18750.0,1722459988.0,SUCCESS,ed00a2e236219d3f0d5dbb924c04ba9302ac309a,43662.78,29040,0,0,2024-07-31
kafka,PR-16759,trunk,3,17696.0,1722464993.0,UNSTABLE,2c06d6a384a673b7514481c4c1ca0af13aabfe96,117867.03,65778,3,162,2024-07-31
kafka,PR-16741,trunk,2,16723.0,1722470341.0,UNSTABLE,63564a3b3111fa9b0eca40b0bbf1a0eba3e3c1bc,178843.4,65777,7,171,2024-07-31
kafka,PR-16731,trunk,3,21520.0,1722475316.0,UNSTABLE,8e688cb764739f9586b2a54f9ca440a9fc29040c,315613.66,63535,33,170,2024-07-31
kafka,PR-16760,trunk,1,9017.0,1722476450.0,UNSTABLE,96cfd9f5dab8382ed3dac9fa04200987b58b0f64,68006.99,65797,5,153,2024-07-31
kafka,PR-16764,trunk,1,21661.0,1722503711.0,UNSTABLE,581014cedcfc62a54a8e8125f9f42fd03a96713b,180767.3,65776,4,173,2024-08-01
kafka,PR-16757,trunk,3,15493.0,1722511978.0,UNSTABLE,3b42104924a75d76747f14787c6d65d015577fab,121271.35,65786,5,163,2024-08-01
kafka,PR-16748,trunk,5,21101.0,1722528772.0,UNSTABLE,bb23c18fa5c1a5554d6dda85fe2aa1599387089c,366686.25,65833,32,172,2024-08-01
kafka,PR-16770,trunk,1,8817.0,1722531383.0,UNSTABLE,3134901429c3217b55fafba04e35c102678720ac,70610.08,65795,6,154,2024-08-01
kafka,PR-16653,trunk,17,11477.0,1722571399.0,UNSTABLE,9fb9757966e14aef9577921dca18ad3baef784fa,64446.637,65821,15,153,2024-08-01
kafka,PR-16742,trunk,6,16859.0,1722572854.0,UNSTABLE,d7c3529dc98ff8a67c674523e2c2c28d5886697f,97559.664,65824,7,160,2024-08-01
kafka,PR-16776,trunk,1,17285.0,1722588574.0,UNSTABLE,a79ccf296bf667c15d6ffb6b766a18df2be98230,132015.6,65839,5,163,2024-08-02
kafka,PR-16762,trunk,2,19375.0,1722590700.0,UNSTABLE,9fbdab0ef025e698b2f986e9ce2046821cb55856,236389.98,65816,12,173,2024-08-02
kafka,PR-16777,trunk,1,21991.0,1722592533.0,UNSTABLE,4aadda279e955927bc95d2ef4236144fb972ee22,211879.1,65845,24,164,2024-08-02
kafka,PR-16627,trunk,14,18264.0,1722601453.0,UNSTABLE,343bf6c28b20b0cb3a990aa6f3519d9777137581,205619.03,65840,14,171,2024-08-02
kafka,PR-16715,trunk,3,14097.0,1722611520.0,UNSTABLE,4af1a91a8d428c77fd85101247c0fe4c9203a4b2,103809.77,65817,7,161,2024-08-02
kafka,PR-16763,trunk,7,17063.0,1722612034.0,UNSTABLE,465e28b03e4c59443cef5c110a6aeeb448e7ce53,127392.81,65824,7,162,2024-08-02
kafka,PR-16771,trunk,2,25813.0,1722615768.0,UNSTABLE,c9556ee3ab78ac5a0dde3925bbcaf9163ab87a03,272637.22,65799,43,180,2024-08-02
kafka,PR-16669,trunk,23,17326.0,1722618522.0,UNSTABLE,d8bb8ec3eb76c588f740d58b27350c5d715d4ea8,204696.98,65827,11,173,2024-08-02
kafka,PR-16772,trunk,3,22601.0,1722622016.0,UNSTABLE,e7b2060c2283c18021ad544af33c6d86d2a9ec73,182934.36,65847,15,163,2024-08-02
kafka,PR-16745,trunk,8,18426.0,1722628426.0,UNSTABLE,646ca1e14448e8e0f8ef873b108579aafd1636a4,150550.0,65860,10,163,2024-08-02
kafka,PR-16720,trunk,4,15380.0,1722628893.0,UNSTABLE,1636ccafcdd95d21ece855bc16f080eea585a77c,154449.75,65808,9,169,2024-08-02
kafka,PR-16781,trunk,2,9874.0,1722652339.0,UNSTABLE,83e5c3cce05598ded3d8c3a262a2f320e7309d29,68447.766,65840,5,153,2024-08-02
kafka,PR-16712,trunk,2,15998.0,1722654222.0,UNSTABLE,87aa3a70dff48c47edb529d1473a6d1c26f3d723,111757.87,65826,4,166,2024-08-02
kafka,PR-16780,trunk,3,17276.0,1722668652.0,UNSTABLE,0cbd114712f669a8ba1025a0be4935d4e239624c,110305.15,65851,4,167,2024-08-03
kafka,PR-14551,trunk,5,5646.0,1722713729.0,UNSTABLE,6c1463db3ad7bd1e754c9e7607638b9d712cdd87,49665.46,65879,5,153,2024-08-03
kafka,PR-16691,trunk,5,17338.0,1722750086.0,UNSTABLE,10cca29b031a375e3eea9c6456448a5d88d56e80,140487.2,65867,8,164,2024-08-04
kafka,PR-16752,trunk,5,19140.0,1722818272.0,UNSTABLE,372c1ca419c1bdd1b86cd25081f2a7af7a46a71d,110346.914,65858,3,170,2024-08-04
kafka,PR-16783,trunk,11,27625.0,1722825615.0,UNSTABLE,ce1e59d9763d03491a9709b3a8ae9653ad1e69a6,349525.22,65902,14,173,2024-08-04
kafka,PR-16723,trunk,2,17731.0,1722828677.0,UNSTABLE,66c04ca05e98278f9e4efdc6c0e6c393f7c25299,190709.61,65887,4,173,2024-08-04
kafka,PR-16793,3.8,1,13090.0,1722845548.0,UNSTABLE,01f42fc0e83728d21addc06ef643c402b448238e,92801.02,63799,4,160,2024-08-05
kafka,PR-16794,3.7,1,16012.0,1722846373.0,UNSTABLE,88a693bc87925f1f353f1c71aa8bf5c760e786f4,347079.97,111503,42,276,2024-08-05
kafka,PR-16782,trunk,2,14907.0,1722848964.0,UNSTABLE,cd1a5c38ccf4c2197317b5b3814a1d4cf73d60b7,107566.59,65873,5,163,2024-08-05
kafka,PR-16795,trunk,1,22495.0,1722857572.0,UNSTABLE,6d88bfb5f2c0de5a91359c6bb516d762bb2cd188,142815.44,65897,5,164,2024-08-05
kafka,PR-16735,trunk,7,15172.0,1722861900.0,SUCCESS,e28c53727a9840e163cb3bb86a11dfadbac66ef0,108895.19,65907,0,164,2024-08-05
kafka,PR-16789,trunk,4,17159.0,1722864289.0,UNSTABLE,751477caf19a2eec7203e339df6f14dd14aac746,105500.71,65872,3,163,2024-08-05
kafka,PR-16785,trunk,3,20759.0,1722864906.0,UNSTABLE,203958f54a7c234e49ff5d8015f91768bebd3821,160563.4,65866,5,173,2024-08-05
kafka,PR-16784,trunk,2,17224.0,1722864975.0,UNSTABLE,d9e2454924961376afeb9ff1f4f63a415a7e8d02,120115.82,65900,6,164,2024-08-05
kafka,PR-16769,trunk,4,9962.0,1722872929.0,UNSTABLE,e6f6eac32a1870b520ba7f13c4b7697fb5409601,70320.3,65892,11,153,2024-08-05
kafka,PR-16797,trunk,1,19215.0,1722873436.0,UNSTABLE,304e6ed9ef0aaa8e057d89b574dece1773977479,209519.53,65886,7,173,2024-08-05
kafka,PR-16567,trunk,6,21261.0,1722887452.0,UNSTABLE,4a58348bb501271fad6e3ccfe3d81882a9692267,146665.25,65911,10,163,2024-08-05
kafka,PR-16798,trunk,1,21462.0,1722887542.0,UNSTABLE,76eca6b2b0d23762f0c16fff266bc00066249c19,277788.75,65924,16,173,2024-08-05
kafka,PR-16456,trunk,17,17824.0,1722887688.0,UNSTABLE,990699475ac51278680c60dca37235f29a15e7d0,166406.23,65944,7,173,2024-08-05
kafka,PR-16143,trunk,5,21103.0,1722888369.0,UNSTABLE,0b7ea69ac4ce765bbbd259fd1ef980a1da182d1b,225776.3,64572,209,166,2024-08-05
kafka,PR-16801,trunk,1,20344.0,1722888380.0,UNSTABLE,04f77e6e85c6f49744affeaef7e7d9dc7c526530,174634.73,65948,11,163,2024-08-05
kafka,PR-14783,trunk,31,18019.0,1722902770.0,UNSTABLE,be561e8e29f96bf94d0868177816701e6a6977f0,182778.72,66471,33,169,2024-08-05
kafka,PR-16652,trunk,6,16187.0,1722909127.0,UNSTABLE,035722c651a525152fe40cd8ba5bef348b95bc43,170103.0,65926,2,173,2024-08-05
kafka,PR-16803,trunk,1,18608.0,1722924191.0,UNSTABLE,eb0f3cd360c9db3a763ba6436781f32777ff92c2,207802.28,65919,8,173,2024-08-06
kafka,PR-16805,trunk,1,18366.0,1722929862.0,UNSTABLE,9577d3369e18c8b73bafcdadf71a38d96c0c062d,140722.28,65918,8,163,2024-08-06
kafka,PR-16811,3.8,1,18190.0,1722949371.0,UNSTABLE,05de9ddb0371ec7051aefb5c663059cb4fab697d,170116.86,63796,4,169,2024-08-06
kafka,PR-16767,trunk,4,21262.0,1722957157.0,UNSTABLE,92995ee81dd0beab62a70ba8f3cad5d422a15af9,204853.77,65944,6,171,2024-08-06
kafka,PR-16813,trunk,1,16151.0,1722958399.0,UNSTABLE,c0538f7e4c9079d6b048288530fb258e4a9845cb,162165.34,65925,12,172,2024-08-06
kafka,PR-16814,trunk,1,17276.0,1722969667.0,UNSTABLE,e4a16e04a024ffe46e33c1408b7996d32d15cd34,116013.375,65988,5,163,2024-08-06
kafka,PR-16709,trunk,7,22462.0,1722971469.0,UNSTABLE,91bdbc1206539be7099b061b23fb20e777f32d80,232838.19,65963,14,173,2024-08-06
kafka,PR-16815,trunk,1,14127.0,1722971978.0,UNSTABLE,02d2be9f8d962e62baf70fd4e2d499101b2861b2,98541.37,65967,2,163,2024-08-06
kafka,PR-16773,trunk,7,20931.0,1722975212.0,UNSTABLE,143c92b48e8f28ad2fbb18d32041dc98d3be5f66,250124.36,65968,15,173,2024-08-06
kafka,PR-16788,trunk,3,16750.0,1722981919.0,UNSTABLE,affa95386b76af15b1199f65c13e81e5de1b6829,188973.1,65966,4,173,2024-08-06
kafka,PR-16809,trunk,2,10052.0,1722994315.0,UNSTABLE,339b8957dc66e68057d7acf6f715cb31901107dd,64280.094,65983,12,153,2024-08-06
kafka,PR-16818,trunk,1,16741.0,1722995027.0,UNSTABLE,ba857cdb13f555f238ca86139a9250c160abcf19,167043.2,65959,7,173,2024-08-06
kafka,PR-16766,trunk,5,5642.0,1723019535.0,UNSTABLE,6289a67ca62787230dc51bd23a63bf735dd9c908,52197.105,65990,3,154,2024-08-07
kafka,PR-16819,trunk,2,14919.0,1723043956.0,UNSTABLE,230e9c4b1e5c25c888fe6762aa29e702d870cacc,100530.96,65990,9,163,2024-08-07
kafka,PR-16827,trunk,2,8502.0,1723047759.0,UNSTABLE,89f571cf2552f0ad06a91a2d290638d08fd718f1,67823.3,66004,5,153,2024-08-07
kafka,PR-16522,trunk,7,21923.0,1723048669.0,UNSTABLE,205054f3b6986bc5b50cc092838e5547e3060b5c,219913.81,65999,44,165,2024-08-07
kafka,PR-16753,trunk,8,15326.0,1723049266.0,UNSTABLE,9407311ed26f4788ffba94523e56d63a2f79a7ae,134046.98,65981,7,163,2024-08-07
kafka,PR-16751,trunk,5,19598.0,1723059858.0,UNSTABLE,6f529d0d1cc062cce8c6e470c88c600fd6f1d9ce,214018.84,66048,14,172,2024-08-07
kafka,PR-16830,trunk,2,15193.0,1723068630.0,UNSTABLE,12e8c1441df8f08f468333b47ae61a4e70b8c398,95038.53,65029,68,162,2024-08-07
kafka,PR-16284,trunk,12,17991.0,1723078242.0,UNSTABLE,76ca67947555538900c764dfc502cc7c33bc2feb,214772.48,66007,9,173,2024-08-07
kafka,PR-16765,trunk,12,22845.0,1723088961.0,UNSTABLE,e03e563502d0953e279becce148da5d977bba5cd,138764.02,65893,22,169,2024-08-07
kafka,PR-16828,trunk,2,20607.0,1723108519.0,UNSTABLE,a4b1225a9c6a35fb8456e5f06612a4ff870bb338,184012.88,65985,7,173,2024-08-08
kafka,PR-16807,trunk,2,18932.0,1723110096.0,UNSTABLE,a43c12445ecf915bef6f22db6f839cf095bf0216,139886.11,66021,8,163,2024-08-08
kafka,PR-16727,trunk,8,8768.0,1723117523.0,UNSTABLE,31b0c2d6130c3db0545833ce1aff6c3727b24a2d,66231.805,66018,3,153,2024-08-08
kafka,PR-16825,trunk,2,16056.0,1723119718.0,UNSTABLE,047b24341e3d18e31f9196dae775ab4af4bd928a,175806.47,66019,6,172,2024-08-08
kafka,PR-16800,trunk,2,17578.0,1723122681.0,UNSTABLE,8e10d17192da37a589284a316cb54f16c2f90b3b,140429.45,66034,8,164,2024-08-08
kafka,PR-16704,trunk,5,9119.0,1723132453.0,UNSTABLE,105d3729b26a55069df0dc2012366b250522dddf,57190.547,66023,6,153,2024-08-08
kafka,PR-16774,trunk,10,24141.0,1723134853.0,UNSTABLE,953ae021c93e619ef2f5d5120ed7f4e8ddcd4961,298620.75,65332,84,170,2024-08-08
kafka,PR-16821,trunk,8,17422.0,1723135354.0,UNSTABLE,16835a47f3dc09af3deabe1fe5a444e0377a2a81,102834.67,66007,3,162,2024-08-08
kafka,PR-16790,trunk,4,22124.0,1723141039.0,UNSTABLE,bedad171019edc3906b7e1b4ba0be1683be1f3ff,192532.42,61122,9,100,2024-08-08
kafka,PR-16817,trunk,4,19372.0,1723144929.0,UNSTABLE,93654830a804dde207d9b390cec66e279fdb9d76,185546.0,61092,9,109,2024-08-08
kafka,PR-16839,trunk,1,21155.0,1723150251.0,UNSTABLE,e350693058ffb5ddf2af3f4e45500f2c097c57ef,118201.36,61094,5,100,2024-08-08
kafka,PR-16841,trunk,1,16336.0,1723158467.0,UNSTABLE,b6d843d47f507cd22b0a971e7c30fdf589ede6af,127573.66,66106,7,165,2024-08-08
kafka,PR-10967,trunk,10,23762.0,1723207234.0,UNSTABLE,0bcffb19017479937c242c21e1881782757328b1,285455.03,61070,25,172,2024-08-09
kafka,PR-15067,trunk,25,21277.0,1723209290.0,UNSTABLE,259751ae1fa4516ff1308b6ba006f6dc10b7e19e,228371.73,66156,16,173,2024-08-09
kafka,PR-16820,trunk,11,20113.0,1723212576.0,UNSTABLE,b662aa4c7fbf8b9bd4ac456a13df424591c1260e,283157.53,66136,38,173,2024-08-09
kafka,PR-16604,trunk,13,17176.0,1723218088.0,UNSTABLE,d6025612122b576463978abf8bcf97607af228bb,219391.44,66148,15,173,2024-08-09
kafka,PR-16846,trunk,1,15459.0,1723218384.0,UNSTABLE,c4037f59c07ea92ce73f5f201489d26f2eb6287d,120351.18,66139,13,160,2024-08-09
kafka,PR-16787,trunk,4,6305.0,1723225690.0,UNSTABLE,8bf6c147bfced73958b496069ee9d41addeb4059,52717.14,56149,18,89,2024-08-09
kafka,PR-16672,trunk,6,16338.0,1723245762.0,UNSTABLE,9fe61b150785b275374ff6daa1ca516a4927a680,175485.39,66172,12,170,2024-08-09
kafka,PR-16851,trunk,3,18238.0,1723334525.0,UNSTABLE,756792150bac2552b4a59df625dbf2df122e3f86,250729.81,66200,20,173,2024-08-10
kafka,PR-16822,trunk,3,16151.0,1723339843.0,UNSTABLE,fe3213612f3fcf7059807d89aab318f094888d6e,117216.664,61283,13,100,2024-08-10
kafka,PR-16687,trunk,10,17249.0,1723360032.0,UNSTABLE,2b1eb340a79d089330f3c3de757f078ca1fad7be,120326.02,66208,13,163,2024-08-11
kafka,PR-16492,trunk,2,15129.0,1723375161.0,UNSTABLE,d29220e1966de40e8d98ccfca7cb42cf517696c6,155709.69,66182,9,173,2024-08-11
kafka,PR-16855,trunk,2,16403.0,1723377365.0,UNSTABLE,b8bad98db150a429eca5ea53196ef476657fd9df,184719.6,66216,17,173,2024-08-11
kafka,PR-16856,trunk,1,15651.0,1723378008.0,UNSTABLE,9e48014ac6c937b5fc25c8de26a05cf74d74787c,112846.17,66204,15,162,2024-08-11
kafka,PR-16592,trunk,10,21294.0,1723378364.0,UNSTABLE,8b45b583dd1ee31fadd3886e5cc2c9f88fb4d04f,134163.77,61134,18,171,2024-08-11
kafka,PR-16708,trunk,7,17874.0,1723379472.0,UNSTABLE,fe7c3b2a0a644957026320e08a438bb23f032d36,142225.84,66193,20,163,2024-08-11
kafka,PR-16857,trunk,1,20846.0,1723389590.0,UNSTABLE,9fb2bd13dcc4d1dbbe01eb6c9bf071b31e2e5b3f,275789.75,56215,17,109,2024-08-11
kafka,PR-16838,trunk,3,17388.0,1723402860.0,UNSTABLE,a333843f85f47fb2e7d49f95d2832625cb9c5860,182070.98,66213,15,171,2024-08-11
kafka,PR-15838,trunk,5,16323.0,1723407631.0,UNSTABLE,4d0d0ef1910928f12944e4ef43ec05a7f1881d75,170612.55,66188,11,173,2024-08-11
kafka,PR-16832,trunk,4,18339.0,1723436215.0,UNSTABLE,a9a1b7a321b6f32945e8faf4f52abdd31438991a,193542.0,66186,5,173,2024-08-11
kafka,PR-16792,trunk,7,5815.0,1723448350.0,UNSTABLE,db0366b93837f3eea8599b0f2737d4da84a57358,53667.582,56247,7,91,2024-08-12
kafka,PR-16854,trunk,3,21334.0,1723448918.0,UNSTABLE,c674dfdaa3808f5760bb7abe6d5b6b2e60b337c3,190772.97,66234,8,171,2024-08-12
kafka,PR-16579,trunk,14,23146.0,1723454481.0,UNSTABLE,b3c5c2b0db81809cac8b3ffccb52d317ebff4916,149599.28,66252,19,163,2024-08-12
kafka,PR-16829,trunk,2,16194.0,1723457433.0,UNSTABLE,85438ae6a5440c8a306cf1e250615abbaa172f1e,111357.484,61287,10,100,2024-08-12
kafka,PR-16861,trunk,2,24948.0,1723466844.0,UNSTABLE,a13035c759f66e2a35c2f7ad19b8fd7f77b2d548,214835.97,61282,8,110,2024-08-12
kafka,PR-16847,trunk,3,17569.0,1723473402.0,UNSTABLE,d48e1e797caef3858a3eb8602b3168a0b8da58bc,118054.21,56229,11,100,2024-08-12
kafka,PR-16438,trunk,3,9992.0,1723474755.0,UNSTABLE,6027881f493691bf38d8c356cf919fa29128d0e4,55155.83,61375,7,94,2024-08-12
kafka,PR-16628,trunk,10,25862.0,1723479940.0,UNSTABLE,2ea9f9a9e20c609bebfdc88ef789cfdfcccd587e,403683.16,66319,41,172,2024-08-12
kafka,PR-16863,trunk,2,16544.0,1723494310.0,UNSTABLE,9dde81a309862cf058e737a0cd731cad8f4b54b4,200104.17,66280,10,167,2024-08-12
kafka,PR-16167,trunk,34,6421.0,1723509508.0,UNSTABLE,ca373a7cbf4ac697ef625b23c1eb365c2253ca71,45779.098,61474,3,153,2024-08-12
kafka,PR-16594,trunk,3,18711.0,1723532095.0,UNSTABLE,2258207efd856193b66860422dd8bf7d8db82c20,157268.72,66280,14,158,2024-08-13
kafka,PR-16836,trunk,7,17279.0,1723532639.0,UNSTABLE,4adb8de918cab8664e644d588ff29384188ec00b,163693.94,66294,5,169,2024-08-13
kafka,PR-16869,trunk,1,19301.0,1723534685.0,UNSTABLE,27dc03e8c111ad4dc03ce6e1de89ea7a3865efa7,153748.05,56283,20,104,2024-08-13
kafka,PR-16865,trunk,2,17001.0,1723534707.0,UNSTABLE,88e290c104d56c22ebf5f8dd0ad6491a73ef2930,179146.14,66266,6,168,2024-08-13
kafka,PR-16786,trunk,8,20288.0,1723540303.0,UNSTABLE,d09b05639063d20ff36e871423e73733f624c1e7,212590.08,66301,10,167,2024-08-13
kafka,PR-16835,trunk,5,24235.0,1723541047.0,UNSTABLE,92cfd8abf5c5edbf474fecfc2ea2669ac852fc31,153168.94,66295,11,160,2024-08-13
kafka,PR-16871,trunk,1,18614.0,1723551592.0,UNSTABLE,b3da634b964b415569f899358a14d832a2508e36,162389.69,66297,4,168,2024-08-13
kafka,PR-16664,trunk,20,19771.0,1723557861.0,UNSTABLE,2e5a3544174a3b6d27edfe526ceb66ba9430faa8,248760.45,66308,19,172,2024-08-13
kafka,PR-16768,trunk,2,20020.0,1723558209.0,UNSTABLE,64bebc7a30733ed81e167eb091044f0fe89edc7d,178452.52,66272,8,173,2024-08-13
kafka,PR-16867,trunk,3,21377.0,1723565139.0,UNSTABLE,b2831e1822bff4c111d7b10c1ee08f8b5d6620dc,116695.16,66540,4,161,2024-08-13
kafka,PR-16804,trunk,11,18514.0,1723596464.0,UNSTABLE,96378c27410dc2da637d14322b0633f78f5f29f7,210815.55,66495,7,169,2024-08-13
kafka,PR-16875,trunk,1,17994.0,1723597560.0,UNSTABLE,f59c6a691a79ccfdaebdadb84e01108258ff1b6c,181446.11,66531,8,169,2024-08-13
kafka,PR-16860,trunk,5,22503.0,1723620918.0,UNSTABLE,3d057be4f6e47329e09b3f7dc8d3905d2d2a98c0,199036.8,66586,7,177,2024-08-14
kafka,PR-16859,trunk,8,14908.0,1723625069.0,UNSTABLE,e7545830c972be2f15b2ccb99ca385a34bd39e05,154972.0,66549,7,168,2024-08-14
kafka,PR-16872,trunk,3,16523.0,1723631492.0,UNSTABLE,fae0a3ab307b612bfa710c9278f8044de48c7f3e,156971.6,66530,8,174,2024-08-14
kafka,PR-16845,trunk,5,17623.0,1723640980.0,UNSTABLE,4a9fb187efcccc06429c3409023839648993969d,215926.28,66548,11,169,2024-08-14
kafka,PR-16823,trunk,3,16648.0,1723642626.0,UNSTABLE,09ad61d893a0f55ee55e0c20642829e81de09881,154665.34,66553,2,168,2024-08-14
kafka,PR-16881,trunk,1,18637.0,1723642920.0,UNSTABLE,3b53a9af155de371dc07946928742f04de317981,169988.27,66608,9,160,2024-08-14
kafka,PR-16870,trunk,2,15694.0,1723645031.0,UNSTABLE,64624a28ef1a02b84232d0087d5f75df84f9afb9,106585.336,66572,4,160,2024-08-14
kafka,PR-16862,trunk,5,20836.0,1723664467.0,UNSTABLE,9788401b861bed618f306f2dd5ab9dde2cb4a98e,215899.19,66557,14,167,2024-08-14
kafka,PR-16703,trunk,10,20116.0,1723675800.0,UNSTABLE,7c2f3aa1f1206cab885e137b3464d6b92fde6ad9,239057.12,66559,10,167,2024-08-14
kafka,PR-16775,trunk,5,16941.0,1723702906.0,UNSTABLE,05b28f547101862c0f07bef4833d1e7df904b625,177007.77,66550,6,167,2024-08-15
kafka,PR-16886,trunk,1,16783.0,1723712235.0,UNSTABLE,045aef211a325d0a561df2e4915c5f3a63b25bbc,111152.95,66558,6,158,2024-08-15
kafka,PR-16889,trunk,1,18332.0,1723721224.0,UNSTABLE,02725fe53f866825196b8e64e21d6dcbeeaa1e90,209788.22,66582,10,167,2024-08-15
kafka,PR-16891,trunk,1,17878.0,1723728476.0,UNSTABLE,1147ecdf82aebaf2f548d038bf5c6093028624ba,205398.69,66558,7,167,2024-08-15
kafka,PR-16894,trunk,1,18698.0,1723754289.0,UNSTABLE,85b5ed33f589fc9d7223ddb980a2633bf360e35d,194555.81,66573,7,167,2024-08-15
kafka,PR-16890,trunk,3,20267.0,1723757838.0,UNSTABLE,d5d5219afe4bb84ec2902f17ae1bffb02109a0b1,224274.7,66585,19,166,2024-08-15
kafka,PR-16884,trunk,3,21285.0,1723791242.0,UNSTABLE,677dd091c1058e8bc1fcd813b441102abb35b67c,315078.88,66604,24,174,2024-08-16
kafka,PR-16897,trunk,1,16662.0,1723796737.0,UNSTABLE,2e22d07b70940c367269e36aee2ec5cc7100de12,162147.28,66549,6,175,2024-08-16
kafka,PR-16892,trunk,3,20779.0,1723815532.0,UNSTABLE,5333646fc2cf611722420f09421b0d7175538bdb,123233.89,66600,4,162,2024-08-16
kafka,PR-16883,trunk,7,18729.0,1723817737.0,UNSTABLE,e384c10de21730ff4e5a23e2a1ed5554967f5e7b,177283.0,66627,18,158,2024-08-16
kafka,PR-16584,trunk,9,25273.0,1723821132.0,UNSTABLE,5e548a35faa19b66a5a2f245b44f68f711fbba9f,245608.0,66583,78,163,2024-08-16
kafka,PR-16834,trunk,4,15400.0,1723821647.0,UNSTABLE,f9117d171f207c9e13723f60711a08d67193f9ca,114005.44,66608,6,157,2024-08-16
kafka,PR-16900,trunk,1,20571.0,1723830229.0,UNSTABLE,189c1eee1a4ecb544d595504c7cb9d027eaa8bc8,194574.27,66631,9,162,2024-08-16
kafka,PR-16901,trunk,1,19197.0,1723833009.0,UNSTABLE,6ca8608b256a01eb5580e0bfe6787235642e3b04,135585.94,66612,14,158,2024-08-16
kafka,PR-16902,trunk,1,17464.0,1723835317.0,UNSTABLE,acfdf4afac9cfdba57dd0db9815dbe94422bdb9c,131558.84,66603,5,158,2024-08-16
kafka,PR-16705,trunk,2,17397.0,1723912057.0,UNSTABLE,b254e9ad07e581cbdf907ce472fdee108cfcf19c,123949.336,66606,3,158,2024-08-17
kafka,PR-16909,trunk,1,16336.0,1723947561.0,UNSTABLE,bbf963cc83ac880fadba9b1c3b11492c6439585f,106064.445,66649,8,158,2024-08-17
kafka,PR-16911,trunk,1,22132.0,1723977545.0,UNSTABLE,af78c024689080e44d4dcf4f04b7d9eda26b162d,154359.88,66603,5,164,2024-08-18
kafka,PR-16880,trunk,2,16644.0,1724010800.0,UNSTABLE,47e234d3ac86a153d11191ec2dbd28d08900b366,208113.44,66617,13,162,2024-08-18
kafka,PR-16646,trunk,8,18868.0,1724031008.0,UNSTABLE,640792016d54a65ac522967d5f6ce24852640e59,137048.84,66617,5,158,2024-08-18
kafka,PR-16910,trunk,2,22186.0,1724035165.0,UNSTABLE,3af5dd779fc7e333dcd38ce209bd52d4adc1e286,201723.31,66619,13,157,2024-08-18
kafka,PR-16707,trunk,6,16510.0,1724035265.0,UNSTABLE,654be943615957846397e04dd6a248c763e68407,152255.5,66599,5,164,2024-08-18
kafka,PR-16913,trunk,2,16057.0,1724053930.0,UNSTABLE,986c920b26036a419855d5e9563629f68d8cf52b,163671.88,66622,7,166,2024-08-19
kafka,PR-16877,trunk,3,16698.0,1724055302.0,UNSTABLE,fae79202b4ceaa722e4062145434e9baddeb0cdc,150242.62,66600,7,166,2024-08-19
kafka,PR-16903,trunk,4,18527.0,1724061898.0,UNSTABLE,849376f6d6f4f1947b52ff46239bcf69c57ee253,229515.72,66632,13,166,2024-08-19
kafka,PR-16849,trunk,3,6956.0,1724066973.0,UNSTABLE,0eea42c1c7f71ecd06cf80dfec7c3f11432582eb,61928.492,66618,4,149,2024-08-19
kafka,PR-16878,trunk,2,18829.0,1724070567.0,UNSTABLE,30c4b5560c2e921a48fe01968da083b86005f590,197447.88,66612,7,164,2024-08-19
kafka,PR-16888,trunk,8,9592.0,1724080533.0,UNSTABLE,8712b1fa5b4c7b8a16dd5969ca24ffffb212b97a,66652.945,66619,19,149,2024-08-19
kafka,PR-16919,trunk,2,18678.0,1724083516.0,UNSTABLE,11ed5d7a8a345ebcfb71f565aa150a99c9bf5896,112123.58,66612,6,161,2024-08-19
kafka,PR-12782,trunk,13,22159.0,1724086027.0,UNSTABLE,6dc4f6eb5eb906b0045a5d42a09add3f71f24312,254356.7,66624,11,166,2024-08-19
kafka,PR-16826,trunk,4,17043.0,1724089866.0,UNSTABLE,4cff0fbe189986ad478954fbc43c9f67c0525e7d,186624.4,66608,11,166,2024-08-19
kafka,PR-15598,trunk,8,20339.0,1724090252.0,UNSTABLE,bbdc54c5a13993623da2c503f4cd66dfed4468f0,218983.77,66600,8,167,2024-08-19
kafka,PR-16907,trunk,2,19255.0,1724091029.0,UNSTABLE,158447da32ea0823b32cf70c0e809b0ef36f1dea,195768.78,66618,6,166,2024-08-19
kafka,PR-16924,trunk,1,17832.0,1724091590.0,UNSTABLE,b2cda9b39e23ce227752fab6b99fe6eb989e515c,189265.14,66516,31,158,2024-08-19
kafka,PR-16925,trunk,1,6847.0,1724097549.0,UNSTABLE,5fdd5050eabaf98ecfc6726ee32a9f9c2360f518,57460.2,66616,5,149,2024-08-19
kafka,PR-16908,trunk,2,7029.0,1724097678.0,UNSTABLE,c0f7cb01dc151a1e8b1fc948b68ad64eede53c8c,53998.8,66637,2,149,2024-08-19
kafka,PR-16923,trunk,3,15847.0,1724098065.0,UNSTABLE,2f46369c170d9f988e5d395bef7d2586ef316fa1,100880.19,66630,3,156,2024-08-19
kafka,PR-16895,trunk,5,17721.0,1724100325.0,UNSTABLE,e851e3cd25913af35cab3822800870cfc9ffffdb,176293.08,66607,5,172,2024-08-19
kafka,PR-16926,trunk,2,19132.0,1724100686.0,UNSTABLE,8fd4fa06f3c269fedfbcd3aba4657db89b89e565,168542.8,65495,80,165,2024-08-19
kafka,PR-16644,trunk,5,16795.0,1724117352.0,UNSTABLE,b0c8776d9bc5a2aedfc8e36b59794e45b1c9b1af,116154.05,66608,11,157,2024-08-19
kafka,PR-16930,trunk,1,10913.0,1724119486.0,UNSTABLE,a66c8817d4a11afdc078cf9c557d8e2c6215cea7,72230.8,66614,23,149,2024-08-19
kafka,PR-16931,trunk,1,21663.0,1724120744.0,UNSTABLE,7b7a130c05920f98a4d88fba3c31686efd922251,142461.08,66612,4,159,2024-08-19
kafka,PR-16658,trunk,24,10474.0,1724121250.0,UNSTABLE,18bdac74d51e8d1255f216bd5581e588b68d8c4b,60673.03,66632,3,149,2024-08-19
kafka,PR-16876,trunk,13,17826.0,1724123158.0,UNSTABLE,d1158f1250c4833ee76163fa1efdb7b662279ee3,186981.5,66613,8,162,2024-08-19
kafka,PR-16917,trunk,3,13959.0,1724147155.0,UNSTABLE,86e8b05fb09917533a31b3e12ce376880a087fa9,117113.76,66643,10,158,2024-08-20
kafka,PR-16939,trunk,1,21996.0,1724165533.0,UNSTABLE,041134f30fe4aa1137c3a88e546b02f93e3ac55f,249182.11,66623,20,167,2024-08-20
kafka,PR-16940,trunk,1,23349.0,1724165974.0,UNSTABLE,5dc58acc68e5edbb035c7f3d933e44698dcb4148,205988.11,66643,7,167,2024-08-20
kafka,PR-16938,trunk,2,6816.0,1724167875.0,UNSTABLE,9b9d76a8b49bf8f4e256761d45d597c7d6481192,54140.582,66630,3,150,2024-08-20
kafka,PR-16942,trunk,3,16343.0,1724187054.0,UNSTABLE,5606c684204ae7d38a9152e2c6534f63f023176a,186247.25,66651,9,167,2024-08-20
kafka,PR-16661,trunk,8,21816.0,1724198674.0,UNSTABLE,f4bc7645606223a94e2171b95f62e2452cb00738,190380.3,65499,83,161,2024-08-20
kafka,PR-16944,trunk,1,19534.0,1724205554.0,UNSTABLE,f4bc7645606223a94e2171b95f62e2452cb00738,325709.22,66735,33,167,2024-08-20
kafka,PR-16937,trunk,3,20720.0,1724223814.0,UNSTABLE,67ef81b7fdf205ed4db544387001201425d61690,261909.33,66855,13,167,2024-08-21
kafka,PR-16934,3.9,2,16389.0,1724224158.0,UNSTABLE,235ad827f163bca8a2c67aaff2cfade18f4e4cd7,158181.53,66090,6,169,2024-08-21
kafka,PR-16943,trunk,4,7920.0,1724241744.0,UNSTABLE,57fcd9230b7a3a771d639b3cf1d98dd24e3faeeb,54975.11,66697,2,152,2024-08-21
kafka,PR-16850,trunk,5,19082.0,1724245824.0,UNSTABLE,cba9bd13504f50c867e6e53c21bc4f4b5198c70d,231264.2,66730,15,167,2024-08-21
kafka,PR-16946,trunk,1,7055.0,1724246304.0,UNSTABLE,ace181f2e92724ab30570826843afa94e9d403d5,53412.617,66725,4,149,2024-08-21
kafka,PR-16505,trunk,8,17536.0,1724256619.0,UNSTABLE,0f09755bc944bdbfadeb10e7faecbc29c46dd08c,212322.14,66727,14,167,2024-08-21
kafka,PR-16893,trunk,21,18645.0,1724263457.0,UNSTABLE,764f0e1476897f681c58c3d577a08755015f7cb3,220413.95,66693,13,171,2024-08-21
kafka,PR-16848,trunk,11,24548.0,1724263928.0,UNSTABLE,0eebd25eccc7ecf997d90a41c71bb44985622a8a,191995.23,66712,28,166,2024-08-21
kafka,PR-16953,trunk,1,21381.0,1724275003.0,UNSTABLE,0414a196f1cd63fd864c60831b977da72e46556d,236008.2,66711,9,167,2024-08-21
kafka,PR-16948,trunk,17,20592.0,1724277027.0,UNSTABLE,57ce2d942278055ba27f577833067459697d37d9,156129.11,66712,5,158,2024-08-21
kafka,PR-16517,trunk,4,20636.0,1724288326.0,UNSTABLE,6eb62b05253c91f31c16eda1c3bd18fc53716106,179604.9,66821,16,158,2024-08-21
kafka,PR-16941,trunk,2,17070.0,1724301098.0,UNSTABLE,5d80ff72ae10806839f9d32df23d17ecbabf7e15,171118.27,66713,6,166,2024-08-21
kafka,PR-16810,trunk,11,5586.0,1724305411.0,UNSTABLE,d11821c19a255c044be0e14978d9f1d80a545a65,46977.395,66726,2,149,2024-08-22
kafka,PR-16796,trunk,6,5663.0,1724316603.0,UNSTABLE,f928a23987a934fda9802cfb912d419d167b8dc9,55823.773,66751,7,150,2024-08-22
kafka,PR-16935,trunk,5,20846.0,1724317158.0,UNSTABLE,9567e00bbc31f5e9403896457ac91e6251dbdd79,376672.06,66856,42,175,2024-08-22
kafka,PR-16915,trunk,4,15053.0,1724317296.0,UNSTABLE,3f084cad7a69c293c71910175427739847aa4201,109171.695,66722,4,158,2024-08-22
kafka,PR-16960,trunk,1,16596.0,1724318580.0,UNSTABLE,0bdef1d3f23840a07566eeaab3b36955f12f66cf,167707.42,66754,11,158,2024-08-22
kafka,PR-16962,trunk,1,16546.0,1724318947.0,UNSTABLE,1d0541f713050790ecf3a2dddcbeb64ab4c5d443,182843.03,66717,6,173,2024-08-22
kafka,PR-16831,trunk,3,19360.0,1724319999.0,UNSTABLE,b31643bbe22241183b9fb9737bbfccb2ae490a5e,198347.81,66733,23,158,2024-08-22
kafka,PR-16920,trunk,7,20577.0,1724329853.0,UNSTABLE,4dae57851ea542cf4b66446d99c78611c365a3ff,157937.3,66828,9,158,2024-08-22
kafka,PR-16947,trunk,2,19789.0,1724331151.0,UNSTABLE,d869c370a539f1ad89090cdfb9fcbce7e865d7be,272177.47,66732,29,166,2024-08-22
kafka,PR-16961,trunk,2,22441.0,1724331566.0,UNSTABLE,caa0c0eb4e3853eab7d7ba87967ecb1812cfc03b,215829.1,66742,11,166,2024-08-22
kafka,PR-16949,trunk,2,15494.0,1724344527.0,UNSTABLE,064071cbb776610bef71f26e39ad25a328ba59d8,133555.84,66752,7,158,2024-08-22
kafka,PR-16968,trunk,1,16198.0,1724348211.0,UNSTABLE,a0c76de0c03e48e305653ea02d3bd05f25523e98,170678.27,66718,15,166,2024-08-22
kafka,PR-16966,trunk,3,22472.0,1724374163.0,UNSTABLE,93d178690a60436cc7972fbc0591bf307a0717da,208792.98,66706,47,159,2024-08-22
kafka,PR-16972,trunk,1,19036.0,1724375191.0,UNSTABLE,27d378e4616e2b1627e5c77f651ce1961586c9f8,121517.32,66754,5,158,2024-08-22
kafka,PR-16808,trunk,2,22947.0,1724376186.0,UNSTABLE,5b07a27bfd280c9edd280e677a3167bc6acc8d57,135747.44,66741,5,158,2024-08-22
kafka,PR-16102,trunk,2,11402.0,1724378348.0,UNSTABLE,901645574869efc725238d4268f23c165cea054a,47246.992,66758,4,152,2024-08-22
kafka,PR-16955,trunk,2,19809.0,1724413380.0,UNSTABLE,ca8199a27318fd66b1cbdbd2729a806fffdb68fb,282209.06,66752,14,167,2024-08-23
kafka,PR-16945,trunk,6,22793.0,1724415920.0,UNSTABLE,18aa1075deb1fd5909f887e9da5b7eb7bc0eb6ef,286645.72,66779,22,167,2024-08-23
kafka,PR-16932,trunk,5,14920.0,1724417533.0,UNSTABLE,46fee6249d94199fbcefac0814415c0b755600ea,106548.28,66780,5,160,2024-08-23
kafka,PR-16975,trunk,5,17815.0,1724423374.0,UNSTABLE,2670a4f5601c567e227a93645813cf00ee234785,183908.67,66771,8,167,2024-08-23
kafka,PR-16981,trunk,2,17520.0,1724424438.0,UNSTABLE,d8b94d485acfbbfa5daa7ad752d3b2b3996cf9e1,178567.02,66742,6,167,2024-08-23
kafka,PR-16816,trunk,3,15015.0,1724455796.0,UNSTABLE,ce4ba2d11fc5fe12e97eb679be2ec0afd47fb8a5,104110.26,66753,5,158,2024-08-23
kafka,PR-16979,trunk,2,18111.0,1724475125.0,UNSTABLE,ce809cc5eff787f433e87f67569026b76e6cd328,199716.75,66785,16,167,2024-08-23
kafka,PR-16914,trunk,4,16302.0,1724480233.0,UNSTABLE,5d45fdd83fc5075829756517debf36f5272fa9c8,209918.02,66778,10,167,2024-08-24
kafka,PR-16858,trunk,7,14907.0,1724506121.0,UNSTABLE,5b572e62570ea0eb6bebe06039fc3948a7f926b7,186250.34,66758,6,167,2024-08-24
kafka,PR-16989,trunk,12,16071.0,1724506136.0,UNSTABLE,4ed9394f93ec7ab45fa9b028ede7760e3ebee898,183975.44,66772,6,167,2024-08-24
kafka,PR-16993,trunk,2,18835.0,1724533569.0,UNSTABLE,7f5e55dab6e73bf057f7a003c2f91c6754ef185b,165366.67,66748,8,167,2024-08-24
kafka,PR-16994,trunk,1,19456.0,1724550204.0,UNSTABLE,8c47a9562ad4efa629fac704038c2fd76befa119,169144.75,66871,16,158,2024-08-24
kafka,PR-16987,trunk,2,16357.0,1724586563.0,UNSTABLE,db79f2085fb2ec7a464e63437528b1cbafeedfb5,202973.48,66785,10,167,2024-08-25
kafka,PR-16995,3.8,1,12643.0,1724588511.0,UNSTABLE,956444ac9729078563f1c293246b277d2dd74319,92852.95,63805,6,160,2024-08-25
kafka,PR-16996,3.7,1,13259.0,1724589157.0,UNSTABLE,19145cc2cdfa3bff7f7e28ffdb5b585df7e9a2b6,204609.0,111501,40,271,2024-08-25
kafka,PR-16997,trunk,1,17342.0,1724591035.0,UNSTABLE,bcaff7e685cfa0741034b3abf3a3de4339c14071,179280.5,66763,4,167,2024-08-25
kafka,PR-16954,trunk,3,15497.0,1724609379.0,UNSTABLE,ea4ac70e61a7ada1b6dfba5cd6b45db847044be6,167114.2,66762,5,167,2024-08-25
kafka,PR-16998,trunk,3,19850.0,1724633970.0,UNSTABLE,b84e77bf2f76b09a9e64caeeee2c46ed7da9fca1,150641.64,66774,10,158,2024-08-25
kafka,PR-16887,trunk,9,19458.0,1724639385.0,UNSTABLE,08ed9861914257732586de661aa100482237ae24,160467.2,66819,9,158,2024-08-25
kafka,PR-16980,trunk,3,21753.0,1724642718.0,UNSTABLE,6c8b562a48d454c21219d39d90cccb655a48b8f6,320164.75,66778,30,167,2024-08-25
kafka,PR-17000,trunk,1,15145.0,1724644450.0,UNSTABLE,5a5b57a7c9e24db17ea902f5a1ee7e0008ca0371,109522.65,66765,3,158,2024-08-25
kafka,PR-16985,trunk,3,20988.0,1724663381.0,UNSTABLE,6c6cf268d030fc662d544710c0fa1ef31e845098,189530.64,66760,6,167,2024-08-26
kafka,PR-16921,trunk,12,19349.0,1724666455.0,UNSTABLE,d1fcf3083e789278c34754f30bb9d72b4f1b5af3,204482.72,66820,13,167,2024-08-26
kafka,PR-16933,trunk,7,18473.0,1724668498.0,UNSTABLE,e668aaf4b3ffcad35d29984d57092dd16300901c,200078.98,66759,12,167,2024-08-26
kafka,PR-15482,trunk,17,17681.0,1724682586.0,UNSTABLE,81ade24df13faf40f434be341aeb562c15682def,249102.25,66805,27,166,2024-08-26
kafka,PR-17003,trunk,3,18555.0,1724682726.0,UNSTABLE,4302ecd677dac0493ee2a98f11546653ece96693,227508.66,66794,10,166,2024-08-26
kafka,PR-17002,trunk,2,13492.0,1724684554.0,UNSTABLE,e89df2e50da73bff75a43301be0e4b56d31aff69,105141.414,66797,5,158,2024-08-26
kafka,PR-16963,trunk,5,16096.0,1724698968.0,UNSTABLE,c151b8c4b15c2811c3275f6d8e97f100162dfe38,205347.05,66794,10,167,2024-08-26
kafka,PR-17006,trunk,1,16804.0,1724699416.0,UNSTABLE,590cb5ea027e76e4a81210c50122297aa13f68d2,206947.98,66830,16,167,2024-08-26
kafka,PR-16879,trunk,4,16039.0,1724742525.0,UNSTABLE,12cd60f620ced794ef78ab4c6e5588657530a2fc,208925.45,66774,12,166,2024-08-27
kafka,PR-16974,trunk,4,22059.0,1724758846.0,UNSTABLE,93c366deb32f199eee65f267faa533a82ccf00ac,182640.06,66839,14,159,2024-08-27
kafka,PR-16992,trunk,2,18390.0,1724760567.0,UNSTABLE,9aa97db30fe9e788b6de05b43d781c84c9bf814f,139128.86,66863,8,158,2024-08-27
kafka,PR-17014,trunk,1,11861.0,1724763944.0,UNSTABLE,1fcb3b97df4f15e110816207209bd79785cd8e72,69684.625,66808,48,148,2024-08-27
kafka,PR-16904,trunk,7,17130.0,1724768643.0,UNSTABLE,0ada1c916b676980a448ed9dbc8893d83b35be9e,135393.25,66881,10,158,2024-08-27
kafka,PR-17017,trunk,1,17561.0,1724773453.0,UNSTABLE,8b8d1f846ad2d62c1f0b146872845ae606126671,202376.52,66832,6,166,2024-08-27
kafka,PR-17018,trunk,1,13932.0,1724779774.0,UNSTABLE,ef23bc74873199da528a6090b27277290510149c,93691.94,66855,5,157,2024-08-27
kafka,PR-17010,trunk,3,16995.0,1724782828.0,UNSTABLE,a1a9652daf20e240f92748f0f2da4c8cb66c70b6,129443.62,66862,8,158,2024-08-27
kafka,PR-16990,trunk,4,19786.0,1724795892.0,UNSTABLE,05dea6de0b557739d41d926a14e8d305852c0c52,216652.95,66860,10,167,2024-08-27
kafka,PR-17023,trunk,1,14857.0,1724802639.0,UNSTABLE,a0b9d613871dfd893d1e46c2ec2f12b3f5679520,176587.5,66837,9,164,2024-08-27
kafka,PR-16951,3.7,3,16980.0,1724803546.0,UNSTABLE,6309de9372c2c59857856a6169b4c807f1d4ea2c,329310.47,111504,45,276,2024-08-27
kafka,PR-17025,trunk,3,17752.0,1724813858.0,UNSTABLE,8508f86129716c278566ff708b2f167f9a6622bd,161264.89,66823,7,164,2024-08-27
kafka,PR-16958,trunk,3,17168.0,1724816909.0,UNSTABLE,03e6567f0cc2002078ef39171072f456e9fc4540,195030.28,66855,12,167,2024-08-27
kafka,PR-16842,trunk,3,17204.0,1724849865.0,UNSTABLE,8030ae8b09a11dc7e60ab91d1469ab5945447da8,173830.9,66823,6,167,2024-08-28
kafka,PR-17029,trunk,1,18389.0,1724852047.0,UNSTABLE,817253ff2cfc33e42b7cc3bcffe076be46934916,149578.02,66818,10,167,2024-08-28
kafka,PR-17013,trunk,5,20498.0,1724860806.0,UNSTABLE,2295a6da3e31a3c9a4a16a5adadb159458cc5080,206155.81,66878,9,165,2024-08-28
kafka,PR-16866,trunk,6,16323.0,1724862729.0,UNSTABLE,57263c81de01771f632a58b895cf3a27ec2c261a,192006.1,66876,7,167,2024-08-28
kafka,PR-16906,trunk,7,16795.0,1724863502.0,UNSTABLE,0dcddcf9ef6fdc1396a105647e3790de62b22243,132651.22,66774,14,158,2024-08-28
kafka,PR-17031,trunk,1,15701.0,1724863812.0,UNSTABLE,ce4f2a5e2d9758540440246af647f092e0977a71,182712.34,66825,3,167,2024-08-28
kafka,PR-17033,trunk,2,13735.0,1724865037.0,UNSTABLE,8bb37ce2166cd92dd1600bae88a024b37bd3b638,116721.25,66875,13,157,2024-08-28
kafka,PR-17008,trunk,2,22821.0,1724871980.0,UNSTABLE,e297dd7d523b490d0b7aa12320a3164c216b400d,297976.75,66856,28,157,2024-08-28
kafka,PR-17024,trunk,6,6109.0,1724879223.0,UNSTABLE,3f65822d1c4fdc1f32f2e843004d4eca3513ce04,61586.375,66847,10,150,2024-08-28
kafka,PR-16694,trunk,11,17164.0,1724890500.0,UNSTABLE,55d4daeeff5b5c081e4363273e1454b6f573dffb,167820.61,66853,5,167,2024-08-28
kafka,PR-17036,trunk,12,14119.0,1724892019.0,UNSTABLE,6de78ead9cd5b38d1a25728b11185b6f8e09ea50,111689.164,66869,9,158,2024-08-28
kafka,PR-16673,trunk,13,20077.0,1724896675.0,UNSTABLE,74ccb78f39008d7e0f3a2f568ca52c7b7e5d53a1,172650.92,66816,10,167,2024-08-28
kafka,PR-16959,trunk,13,5663.0,1724899103.0,UNSTABLE,03dd499da550df3b90d650d127ef57bf5ec5ed93,48149.26,66800,2,151,2024-08-28
kafka,PR-16791,trunk,11,15286.0,1724907263.0,UNSTABLE,9ca9410672d398cca17539f5191cb1fee320ce31,149442.67,66775,2,166,2024-08-28
kafka,PR-16744,trunk,6,19294.0,1724915062.0,UNSTABLE,bc8b79de53abfb6c8ae16ecce8908072fba6126c,252589.72,66824,14,165,2024-08-29
kafka,PR-17040,trunk,1,21626.0,1724929020.0,UNSTABLE,4a8ac8af689e289b9fd617e52ef0bcd601c2e70b,375851.6,66875,35,167,2024-08-29
kafka,PR-16778,trunk,2,19180.0,1724930003.0,UNSTABLE,7625a0cf3cc9a750066f437569624d565802c43b,198453.27,66829,9,167,2024-08-29
kafka,PR-17041,3.9,1,23400.0,1724931221.0,UNSTABLE,e3aba49b4c10acaeddd3d3e6ad3d074070f80fdc,215593.72,66226,13,169,2024-08-29
kafka,PR-17028,trunk,3,19890.0,1724937258.0,UNSTABLE,275da7991bc8e89940bf51b62106f78c66957ebd,188667.0,66852,4,167,2024-08-29
kafka,PR-17043,trunk,1,19445.0,1724938276.0,UNSTABLE,0ad11c089fb96f7670e0ef57e4406618a53bf9dd,161617.4,66872,11,157,2024-08-29
kafka,PR-16983,trunk,5,20357.0,1724940030.0,UNSTABLE,240ad5902522a679915863e455f3ecc9e60c4613,140337.05,66863,10,158,2024-08-29
kafka,PR-16824,trunk,5,23900.0,1724940629.0,UNSTABLE,eb5b0a6271d8b58692fcb40e1f85d0691161d9d3,187212.1,66837,4,166,2024-08-29
kafka,PR-17045,trunk,2,19157.0,1724940753.0,UNSTABLE,22551d41a603252dc47550b8e7b402257c001183,105720.83,66849,8,156,2024-08-29
kafka,PR-17030,trunk,3,23160.0,1724949600.0,UNSTABLE,ac7025fced54ad26681e1c41c2aa9973731b85f8,184222.08,66839,8,158,2024-08-29
kafka,PR-16083,trunk,5,19781.0,1724972737.0,UNSTABLE,da41bc6f830e7b2ef891a11bf282ad86a94d1264,243877.8,66860,15,167,2024-08-29
kafka,PR-17049,trunk,1,5448.0,1724983101.0,UNSTABLE,412e5890d680b9fa38413a74c71e068d911965d0,47821.504,66848,4,149,2024-08-29
kafka,PR-17051,trunk,1,16471.0,1724985576.0,UNSTABLE,77686359e63090068ace8171e452a112882660e1,229215.34,66833,11,167,2024-08-29
kafka,PR-17052,trunk,1,17119.0,1724985887.0,UNSTABLE,f88ea667ab041b582e43d4698e1eb67ce0572de3,240080.5,66853,30,166,2024-08-29
kafka,PR-16743,trunk,5,16401.0,1725001856.0,UNSTABLE,921f19ddefc1dd6664b8b40447454c075ae25df7,108669.1,66853,3,158,2024-08-30
kafka,PR-17056,trunk,1,16444.0,1725016835.0,UNSTABLE,f037a6045d98abb4bcf166651a1c72de3a1da58a,199569.88,66834,11,167,2024-08-30
kafka,PR-17060,trunk,4,21248.0,1725033000.0,UNSTABLE,13673cbfd2bb31f8c0b631250aca34586098a3c3,230387.6,66842,22,158,2024-08-30
kafka,PR-17053,trunk,2,14312.0,1725033876.0,UNSTABLE,5669007cf5578c4e0ecc2813bffab1ef44157384,117585.97,66830,6,161,2024-08-30
kafka,PR-17019,trunk,6,16949.0,1725038428.0,UNSTABLE,fbcf40de13f467cef18a4586999186dfce1600ae,223400.17,66855,11,167,2024-08-30
kafka,PR-17034,trunk,6,16904.0,1725045523.0,UNSTABLE,c8caf40af5cbf15f803fb5cd1130e721b66c197f,205234.5,66818,12,166,2024-08-30
kafka,PR-17062,trunk,2,20757.0,1725047212.0,UNSTABLE,6159741755beb8e8a6541e0c3f9e9c1faaebe4e3,214543.44,66828,12,167,2024-08-30
kafka,PR-16956,trunk,5,16065.0,1725057465.0,UNSTABLE,0f83add075de3ae9a43ef34e76df1161f477c145,199928.27,66827,10,167,2024-08-30
kafka,PR-16648,trunk,32,15975.0,1725061139.0,UNSTABLE,a4f10555d235ace21a1dcf405db7f0b79622cddc,210407.56,66856,12,166,2024-08-30
kafka,PR-17022,trunk,5,16401.0,1725064864.0,UNSTABLE,11d98a37beaab86b7226840904a0fc578a05732a,152033.8,66823,14,169,2024-08-30
kafka,PR-16852,trunk,13,16455.0,1725081888.0,UNSTABLE,ea835fc08b60d499d27456ffbb6115c6585f1427,164584.98,66859,6,173,2024-08-31
kafka,PR-17063,trunk,1,21492.0,1725096679.0,UNSTABLE,234f9a66f6cb28e9791be2f22a9c3d0e3c9dddd7,253801.02,66862,12,167,2024-08-31
kafka,PR-17064,trunk,1,21842.0,1725109738.0,UNSTABLE,c754aa55a99bd1ee2cb9a91e69e4a5cb9a6151e0,199694.53,66859,7,164,2024-08-31
kafka,PR-16873,trunk,9,18066.0,1725112939.0,UNSTABLE,9138d9cf8e1f51f25fd5823a8504fb66692fd4aa,237342.03,66912,21,173,2024-08-31
kafka,PR-16905,trunk,12,20721.0,1725115640.0,UNSTABLE,486080d4fa51e9eb1b9e522240f2ff10e3948cb9,233238.22,66878,10,173,2024-08-31
kafka,PR-17047,trunk,4,16227.0,1725115911.0,UNSTABLE,623c0df9942f59230574f06808e16fc45197b25b,135340.94,66881,13,157,2024-08-31
kafka,PR-17055,trunk,2,17902.0,1725128139.0,UNSTABLE,df0e6d2abad610669a78e9d73b92d938b1c3f311,192505.62,66855,5,167,2024-08-31
kafka,PR-16844,trunk,8,21745.0,1725148173.0,UNSTABLE,e8638280bc5d96f7e5287c19c2585b2df9193133,257848.38,66873,20,164,2024-08-31
kafka,PR-17050,trunk,2,17968.0,1725157149.0,UNSTABLE,f662c0bafd6aae4cbea22022508a0dfa1ed3e790,174627.53,66888,7,174,2024-08-31
kafka,PR-17065,trunk,2,5472.0,1725157564.0,UNSTABLE,5d69f3dbf68424a78d5e7eea4d066d10c193b617,46868.56,66897,3,150,2024-08-31
kafka,PR-16864,trunk,10,17830.0,1725170226.0,UNSTABLE,47aa850ff430d37310414c8d247decb57b8f10af,181784.06,66873,9,165,2024-09-01
kafka,PR-17067,trunk,2,15392.0,1725176429.0,UNSTABLE,b571c804e4af4ba1837626546d92b644063011ab,133609.12,65607,93,155,2024-09-01
kafka,PR-16713,trunk,2,19175.0,1725200924.0,UNSTABLE,7f19233fa14e4266405707360d7b407681bb422f,246454.34,66872,27,167,2024-09-01
kafka,PR-17048,trunk,5,20876.0,1725201039.0,UNSTABLE,26d3060c74207f9949f3a6e960abf6a0e344b3a3,214424.1,66904,10,167,2024-09-01
kafka,PR-17068,trunk,1,21138.0,1725201179.0,UNSTABLE,7f19233fa14e4266405707360d7b407681bb422f,224720.52,66076,72,164,2024-09-01
kafka,PR-17069,trunk,1,16304.0,1725203550.0,UNSTABLE,c63bcd082ea51bb6746149c6a359d86c392cdab7,176043.83,66873,6,167,2024-09-01
kafka,PR-16978,trunk,5,17648.0,1725273602.0,UNSTABLE,adce212c59f60a1a0442b883dcd50605a848bbdf,218801.3,66893,14,166,2024-09-02
kafka,PR-17061,trunk,4,16631.0,1725274188.0,UNSTABLE,e3babb72291e4ef543a4eb4754197a8cc21fc705,178906.84,66898,4,167,2024-09-02
kafka,PR-16665,trunk,10,16941.0,1725278765.0,UNSTABLE,1396b7d00772e0512062a55a20806b62078cb070,171057.45,66875,4,167,2024-09-02
kafka,PR-17015,trunk,2,19751.0,1725284955.0,UNSTABLE,3321aadd8a1150eaea29d8694f9b3b817db53125,220616.72,66871,30,167,2024-09-02
kafka,PR-17073,trunk,1,23561.0,1725285266.0,UNSTABLE,bd40de76f3be7166052c0997cd3cc93155026cb0,288431.44,66910,15,167,2024-09-02
kafka,PR-16833,trunk,13,18084.0,1725336421.0,UNSTABLE,8b5774574129ed40eb12d07504d24a23ab7a6f1e,190072.23,66893,10,167,2024-09-02
kafka,PR-17074,trunk,1,20277.0,1725355385.0,UNSTABLE,d9e8b23a46b2802173346e8f7bd93a49903cf904,119370.88,66900,7,156,2024-09-03
kafka,PR-16986,trunk,8,21149.0,1725359856.0,UNSTABLE,7a7d828ddb8289fcd40d92878b0bd71c6660ed30,229652.0,66895,10,167,2024-09-03
kafka,PR-17039,trunk,4,18590.0,1725360008.0,UNSTABLE,ee415c0a01276ff952dcbdfbdaad6a45b29a047e,145337.48,66911,4,158,2024-09-03
kafka,PR-16717,trunk,3,23729.0,1725377870.0,UNSTABLE,e355745031c4989b0087708b3ad02e99b0728c3b,143496.77,66896,19,158,2024-09-03
kafka,PR-17072,trunk,2,20669.0,1725381589.0,UNSTABLE,4b7e6ecd2097aa21df8e76d4c0aed590e46f2856,267565.28,66902,11,165,2024-09-03
kafka,PR-16973,trunk,6,19018.0,1725384090.0,UNSTABLE,1ffb395b4433b4b344d508aaaab90943cbb43a27,197982.6,66933,14,167,2024-09-03
kafka,PR-17077,trunk,2,20105.0,1725388478.0,UNSTABLE,1ddbcba161100df35725ebd3deee7f0677ea6385,306871.97,66907,38,167,2024-09-03
kafka,PR-16967,trunk,4,19317.0,1725392910.0,UNSTABLE,5563d2bc5a21eb527447609ff9da58da15c7f912,194544.98,66933,14,173,2024-09-03
kafka,PR-17078,trunk,1,17694.0,1725398548.0,UNSTABLE,8445e50391110fce0c6f18d0e6f0dec4b36b9005,157368.1,66984,5,166,2024-09-03
kafka,PR-17035,trunk,4,17891.0,1725402180.0,UNSTABLE,506b622cb992d6f67193e9d4cd58603780ac6543,205488.6,66992,10,166,2024-09-03
kafka,PR-16970,trunk,11,17017.0,1725403384.0,UNSTABLE,639de56d7a47d78743f11c7429ff89a0164b8835,129861.766,66848,33,158,2024-09-03
kafka,PR-17038,trunk,4,17177.0,1725405735.0,UNSTABLE,44e70838c7e2f7d305b288c33dc1196d559a1cf3,150232.1,67041,10,158,2024-09-03
kafka,PR-17084,trunk,1,23248.0,1725443116.0,UNSTABLE,15c7b51be78871c94f3a949b16a1b0b260631597,335649.75,67018,27,167,2024-09-04
kafka,PR-17057,trunk,5,21319.0,1725445414.0,UNSTABLE,d49bbf6e2e5ae4bd45c2a6c40aa34eeb83648c41,217192.73,66536,7,167,2024-09-04
kafka,PR-16779,trunk,14,22204.0,1725446485.0,UNSTABLE,e047cb0d507bbfbdd852f614a260f2e740d65384,179044.06,68036,15,157,2024-09-04
kafka,PR-17066,trunk,2,20401.0,1725457658.0,UNSTABLE,eef2729bf3c365a05026b74cfdde4672806d9a36,146587.44,67010,8,158,2024-09-04
kafka,PR-17089,trunk,2,17646.0,1725458320.0,UNSTABLE,d00ce4ba14cba1331ed3898741218eab9eb49b28,115252.234,67008,7,158,2024-09-04
kafka,PR-17058,trunk,2,11182.0,1725462396.0,UNSTABLE,0485a9578d57280dc8342155c5b8cec17c17b203,81795.53,67029,20,149,2024-09-04
kafka,PR-17092,trunk,1,17400.0,1725467669.0,UNSTABLE,6a07597ffac58d926589a5843a274f44f530f8d1,166576.2,67001,7,164,2024-09-04
kafka,PR-17090,trunk,2,19987.0,1725467754.0,UNSTABLE,93cf15c1891c177904e04e3e395312672afb83d1,319564.66,67030,34,166,2024-09-04
kafka,PR-17095,trunk,1,22393.0,1725478134.0,UNSTABLE,61e959aad196734b57c0698b3e75f2723c0e1802,260743.31,67038,13,167,2024-09-04
kafka,PR-17054,trunk,6,16360.0,1725479426.0,UNSTABLE,eae1b58a2f53ea087e328bd02bf31d311896acbd,193813.34,67032,11,167,2024-09-04
kafka,PR-17096,trunk,1,16891.0,1725482065.0,UNSTABLE,e0379835a22532263db816a22dc4265c06740f9e,121397.12,67014,6,158,2024-09-04
kafka,PR-17085,trunk,3,17878.0,1725489081.0,UNSTABLE,bd1cf4645d0bfff4e56d1a245c5b34ec3f88a1ef,134855.61,67044,9,158,2024-09-04
kafka,PR-16213,trunk,10,19922.0,1725515909.0,UNSTABLE,92bb514271d90ae36b4ff6df345ac0820f6606cd,208341.38,66568,13,167,2024-09-05
kafka,PR-17088,trunk,3,13063.0,1725518531.0,UNSTABLE,48926e05cb712565fdb678eb14ca9f2ee8ae7696,90119.06,66557,7,157,2024-09-05
kafka,PR-17101,3.8,1,15699.0,1725532522.0,UNSTABLE,64dc1ad1811ccbfbe17689e25a5af49557fce5fb,171366.62,63853,12,169,2024-09-05
kafka,PR-17100,trunk,2,22403.0,1725538430.0,UNSTABLE,4440ec3831aea50d8d49bf9ab81d491925c2137a,264892.8,66552,17,167,2024-09-05
kafka,PR-17103,trunk,2,18404.0,1725550911.0,UNSTABLE,10a6dab4ff1d6e7e64c5c2efb4b1c3437acdcf43,232463.72,66541,28,167,2024-09-05
kafka,PR-16840,trunk,8,16579.0,1725550963.0,UNSTABLE,909b84679b1670b7b09937c5e4d7c85fc5054315,164997.06,64860,199,165,2024-09-05
kafka,PR-16218,trunk,5,19833.0,1725551698.0,UNSTABLE,af989024e0dd368f0b4b370d5b006b267c5fce70,142869.62,66545,21,158,2024-09-05
kafka,PR-17098,trunk,7,20605.0,1725554656.0,UNSTABLE,4259b5f71ee39d3f16f1083c91547d1d9870a1cd,189350.7,66546,8,167,2024-09-05
kafka,PR-17094,3.9,4,17915.0,1725565957.0,UNSTABLE,88fb21467c456290e0852da4baf3fb5203328ca6,177083.69,66198,4,167,2024-09-05
kafka,PR-17081,trunk,6,15851.0,1725572785.0,UNSTABLE,c917a5823f3066f43ab3fb5b6b39e316b8600eb7,128720.03,66553,13,159,2024-09-05
kafka,PR-17004,trunk,17,17315.0,1725583570.0,UNSTABLE,2af2478e6edc251f73e3d028d3b4f366706c187e,114724.664,66548,4,157,2024-09-05
kafka,PR-16127,trunk,55,16049.0,1725596867.0,UNSTABLE,f89cae8915b2b13145555ea6b2d80c4adc90ac3b,167294.12,66541,6,167,2024-09-05
kafka,PR-17110,trunk,1,16398.0,1725599722.0,UNSTABLE,4b9c91c0c86e64fde2f83f279cf6125afc9f469c,168752.69,66469,5,166,2024-09-06
kafka,PR-17111,trunk,1,20187.0,1725605772.0,UNSTABLE,0f02c91a4ed19d286b4ba76de43cc336950833a9,198883.53,66508,53,163,2024-09-06
kafka,PR-17113,trunk,1,17474.0,1725607637.0,UNSTABLE,74ba5f47c3eee07cc0e47c4a2c9b869a1cb68e9f,168496.17,66549,7,175,2024-09-06
kafka,PR-16676,trunk,7,18358.0,1725619471.0,UNSTABLE,8ef05a478747f924a8df41b73c6dcd9e78f0b451,209268.72,66582,14,163,2024-09-06
kafka,PR-16493,trunk,16,11088.0,1725619873.0,UNSTABLE,e3936789d16cd8a04625c3f586d5f639c03140a9,67117.73,66588,15,149,2024-09-06
kafka,PR-17115,trunk,1,15726.0,1725621814.0,UNSTABLE,52652dad1e03828f68e696bb2a6c459c526c1438,160063.25,66556,5,166,2024-09-06
kafka,PR-16899,trunk,18,17982.0,1725626055.0,UNSTABLE,c805310ccccebada7c3ce67a7a925c7d2e08fb82,192687.81,66438,131,167,2024-09-06
kafka,PR-17106,trunk,3,7299.0,1725635682.0,UNSTABLE,111fcf7a895b35c85b3a8e545266083d8a3ca7f1,54992.5,66561,8,153,2024-09-06
kafka,PR-17118,trunk,2,7503.0,1725639556.0,UNSTABLE,a677d05dbcf62be653661f38ac04f551ba399b2a,68266.93,66560,8,149,2024-09-06
kafka,PR-17119,3.8,1,18461.0,1725644340.0,UNSTABLE,330d3f22f9c8408492f11bc68708a180bb1f4c7c,199639.27,63812,23,167,2024-09-06
kafka,PR-17120,3.7,1,19824.0,1725645153.0,UNSTABLE,5b9131af59e81b58e77c210b9645fc50ab4376a2,543654.56,111500,60,280,2024-09-06
kafka,PR-17093,trunk,2,23657.0,1725645784.0,UNSTABLE,468300086047c2bd253f4ab230f34921f5da2b99,396733.0,66570,59,167,2024-09-06
kafka,PR-17104,trunk,5,13147.0,1725655247.0,UNSTABLE,199cd18ce20b2f726759d6bd2fead2f2f4e1584f,85167.625,66551,2,158,2024-09-06
kafka,PR-16950,trunk,4,17152.0,1725708394.0,UNSTABLE,e9e99c10e524bcbee7f63111d952d1a13adc8e47,175204.94,66544,5,164,2024-09-07
kafka,PR-17097,trunk,3,21811.0,1725714067.0,UNSTABLE,47ce02652814a209eb7b9a21d5e12486deb0bf1f,218844.62,66564,11,165,2024-09-07
kafka,PR-16918,trunk,2,15613.0,1725719016.0,UNSTABLE,aa17c8e21425ec6bc4156e79d6b36e8f1802e3fd,123261.68,66558,6,157,2024-09-07
kafka,PR-17109,trunk,5,16234.0,1725722642.0,UNSTABLE,c6fe2a7cfb26f21cfec751194fc902beddd94779,179597.58,66569,5,163,2024-09-07
kafka,PR-16868,trunk,3,21597.0,1725723088.0,UNSTABLE,688632116eefb14180365183b2ab4f50d082a4a8,261916.81,66553,16,165,2024-09-07
kafka,PR-17122,trunk,1,18983.0,1725724451.0,UNSTABLE,b84378a1ebf877da154ae76ebb6504c87fa9020a,233489.66,66553,25,168,2024-09-07
kafka,PR-17108,trunk,3,16187.0,1725730943.0,UNSTABLE,fedb6870debb744b6d2328959d8eddb5f658f3a4,150291.02,66549,3,165,2024-09-07
kafka,PR-17121,trunk,14,18242.0,1725736254.0,UNSTABLE,56fa051a72098f852e12c14835f00a666e4cd064,207035.31,66556,10,164,2024-09-07
kafka,PR-17005,trunk,16,17431.0,1725740370.0,UNSTABLE,64cd0a5c718ff0e93c2923c82f56e05e74566234,182838.19,66562,4,164,2024-09-07
kafka,PR-17125,trunk,1,21340.0,1725784873.0,UNSTABLE,bc95452c97801d83eb5f9ff0d7cf9d444a3df19b,270451.6,66593,13,165,2024-09-08
kafka,PR-15615,trunk,3,17879.0,1725786402.0,UNSTABLE,3748a1af2b0384fc370e6c86377b7c9107a72375,218730.02,66556,66,165,2024-09-08
kafka,PR-17123,trunk,4,15533.0,1725805716.0,UNSTABLE,7a53cfab064bff00857711550db78979ff1575f1,153135.6,66585,7,164,2024-09-08
kafka,PR-17105,trunk,5,16213.0,1725830448.0,UNSTABLE,c37671b6ab9fa822facc55ba56385f9fd3d30e06,137922.67,66608,5,157,2024-09-08
kafka,PR-17130,trunk,1,21833.0,1725830774.0,UNSTABLE,596006008d34b628d2a321a037d408923cc10293,298426.0,66519,113,165,2024-09-08
kafka,PR-16896,trunk,3,20801.0,1725868601.0,UNSTABLE,ba73bb08dcbb4e7de16ddc4d47bf7b65b83c6539,219223.23,66607,7,165,2024-09-09
kafka,PR-17086,trunk,5,20181.0,1725881160.0,UNSTABLE,6386d4703f22ec515eb19fdb129ade7593955fa2,286982.78,66621,12,165,2024-09-09
kafka,PR-17027,trunk,9,16940.0,1725881538.0,UNSTABLE,8da09bae43ce34e39d1df29e324e54055b55446c,195957.17,66602,10,164,2024-09-09
kafka,PR-17044,trunk,3,20216.0,1725882451.0,UNSTABLE,1bb45ad29522544672386a1aa674d0d4a41732df,197385.73,66618,4,165,2024-09-09
kafka,PR-17087,trunk,5,21816.0,1725888706.0,UNSTABLE,84a691fac152cff116570257bb9df304f9396f8b,278529.88,67561,19,164,2024-09-09
kafka,PR-17135,trunk,1,23069.0,1725890836.0,UNSTABLE,4493ddc7917c40696609c1317c0f5a1905ba7d8b,244230.03,66617,20,164,2024-09-09
kafka,PR-17099,trunk,10,15619.0,1725892239.0,UNSTABLE,2eb05a7accbd94c47d209c11c979aa4678fdd0fb,117287.5,66619,15,157,2024-09-09
kafka,PR-17117,trunk,6,17465.0,1725892575.0,UNSTABLE,4268f6cbdd6bffd1b1604758ad903b409da283fb,107887.47,66619,5,156,2024-09-09
kafka,PR-17127,trunk,2,22263.0,1725894976.0,UNSTABLE,bed6b6a2b8762c09066188d0e615297d5eaa63da,186346.16,66626,11,157,2024-09-09
kafka,PR-17129,trunk,3,23500.0,1725896741.0,UNSTABLE,fd6713575fc48e3f29b5e7298c0b7e5e75b723a6,199315.12,66608,3,165,2024-09-09
kafka,PR-17134,trunk,2,23478.0,1725899836.0,UNSTABLE,ff4f3400511b362c607dfc625d55b52aad8dcf5d,228216.62,66613,11,165,2024-09-09
kafka,PR-17114,trunk,3,14554.0,1725907903.0,UNSTABLE,26fd9fc9574d492f62591ce1308a7f344cdf2318,115565.39,66616,3,157,2024-09-09
kafka,PR-17140,trunk,11,16818.0,1725908219.0,UNSTABLE,a7e801facf9755763f17b3b065263fc7b9509063,108240.984,66614,3,159,2024-09-09
kafka,PR-17011,trunk,32,21218.0,1725911609.0,UNSTABLE,95a72e23699c8d71d2cde418d7cbccb32dd3cdd3,207618.27,66698,10,165,2024-09-09
kafka,PR-17142,trunk,1,18032.0,1725915589.0,UNSTABLE,8cab7e2a2972de9757dafdee8728d65f22cf0412,118044.766,66640,4,157,2024-09-09
kafka,PR-17143,trunk,1,6022.0,1725925503.0,UNSTABLE,201827f5ac2c0ba8f3a31509e3650944825f37dd,55636.926,66649,5,149,2024-09-09
kafka,PR-17144,trunk,1,16225.0,1725927634.0,UNSTABLE,7fd2a2db0a4f529bf23a7f50662cdc07c2ffbcd7,232043.06,66699,13,164,2024-09-09
kafka,PR-17133,trunk,2,21424.0,1725936072.0,UNSTABLE,c91cb7e97f473d569d9c816ad92fb3c8c7a80866,194099.05,66692,7,168,2024-09-09
kafka,PR-17131,3.9,4,17213.0,1725937319.0,UNSTABLE,52b0992caa88faa750609fb7278ef7feadf096d7,182993.62,66190,4,167,2024-09-09
kafka,PR-17148,trunk,2,16550.0,1725939339.0,UNSTABLE,95b142d12d7fae2f53967fdd8b2fcf638c491b91,170243.16,66691,7,164,2024-09-09
kafka,PR-17071,trunk,5,22666.0,1725940157.0,UNSTABLE,b074c51d163d07d9b50c3aaf99f8a20e3ea9fe0e,191699.22,66703,25,157,2024-09-09
kafka,PR-16898,trunk,9,14924.0,1725955704.0,UNSTABLE,99db7458a1be4f6d0edd003c2aaea7e77ace1baf,98251.82,66750,4,156,2024-09-10
kafka,PR-17128,trunk,12,20455.0,1725957875.0,UNSTABLE,85bdd76f0a1203cb18a5e02daf9cb029cdbbd240,244057.34,66718,11,165,2024-09-10
kafka,PR-16916,trunk,10,19473.0,1725959069.0,UNSTABLE,70ced5109a5a73bd2dc66d11dff528d384f638c7,168845.2,66755,9,163,2024-09-10
kafka,PR-17137,trunk,2,14812.0,1725959796.0,UNSTABLE,cb1852884de0c5b3cd252f9512bbbdc834719245,109784.71,66719,6,157,2024-09-10
kafka,PR-17151,trunk,1,20756.0,1725975237.0,UNSTABLE,5de905804a0d2f651ae4507007c57763db6287a8,139391.47,66505,29,157,2024-09-10
kafka,PR-17152,trunk,3,18279.0,1725976596.0,UNSTABLE,8d472a8182f39e9a0da1100768f28862feae6de0,195805.22,66703,5,164,2024-09-10
kafka,PR-17153,trunk,1,15367.0,1725977674.0,UNSTABLE,827efa5cc346ddfa4e7be04a516c4562481286d4,149649.83,66701,5,151,2024-09-10
kafka,PR-17116,trunk,9,21387.0,1725978651.0,UNSTABLE,eefc2c316bc449ad064bbb6c42bd8ab834cb2cba,257365.08,66757,13,165,2024-09-10
kafka,PR-17138,trunk,6,20082.0,1725981772.0,UNSTABLE,bda6968191be3b9f81abe71bf64d4e2c196d557c,206652.16,66740,8,164,2024-09-10
kafka,PR-17155,trunk,1,19672.0,1725982249.0,UNSTABLE,ad6c52e1e38d09b681a243add9b2f25a997a39f6,199905.84,66199,58,163,2024-09-10
kafka,PR-17156,trunk,6,17907.0,1725992375.0,UNSTABLE,db7ccdce80f2f67d6deee2015cc0f793f4d8ecd2,120391.31,66745,10,162,2024-09-10
kafka,PR-17158,trunk,1,22045.0,1725993641.0,UNSTABLE,25009f60f89636a86b496d887e63496e600c99e3,352409.84,66061,97,163,2024-09-10
kafka,PR-17141,trunk,3,18208.0,1725997607.0,UNSTABLE,a020aff369aeec5e73ceab35d6a2875445ed615d,207911.23,66755,8,165,2024-09-10
kafka,PR-17157,trunk,3,16856.0,1725998440.0,UNSTABLE,27195cd8ccb952a5b47ebbb0948e2faeea2ac912,125876.79,66760,10,163,2024-09-10
kafka,PR-17124,trunk,7,19773.0,1726004774.0,UNSTABLE,597e472ac9a2ea0bbc77ceb17928c7a73cc23bb9,201970.3,66743,6,165,2024-09-10
kafka,PR-16991,trunk,11,21126.0,1726006964.0,UNSTABLE,ebf0d679b8f37482ede268c5389d3c9e95cacb01,165538.2,66718,48,165,2024-09-10
kafka,PR-17070,trunk,8,18039.0,1726008548.0,UNSTABLE,07b2864dc1d920c5711fcc93740b6d719854bfbb,167596.38,66757,5,164,2024-09-10
kafka,PR-17160,trunk,1,17795.0,1726010100.0,UNSTABLE,74c15d40c303cc0f102c5032013f332c97c2e4fc,225480.34,66753,14,164,2024-09-10
kafka,PR-17161,trunk,1,17013.0,1726011139.0,UNSTABLE,270209079b3326a1b97ada0a04043c68778ee977,181881.5,66753,6,165,2024-09-10
kafka,PR-17164,trunk,1,19055.0,1726034620.0,UNSTABLE,139b8aea1d788ca83ac7ccdf31f8f9ba33e1be26,291577.7,66755,14,151,2024-09-11
kafka,PR-17046,trunk,5,12436.0,1726048490.0,UNSTABLE,f074a207f1e8cfd647ef32a6bec4fc8c59c8de86,70411.97,66798,4,151,2024-09-11
kafka,PR-17075,trunk,5,21109.0,1726048773.0,UNSTABLE,2ef030baa9e709bb7dce874c3026c3e9eefb9cbe,211180.8,66788,9,151,2024-09-11
kafka,PR-17059,trunk,9,11570.0,1726050966.0,UNSTABLE,272c9eb942ae24153ddd3d398c5fd2a56c1f241d,59425.953,66788,3,151,2024-09-11
kafka,PR-16969,trunk,36,8270.0,1726057424.0,UNSTABLE,62ad9429a85f3970640ede637dcb1bf8cf1ebba3,61916.42,66810,4,151,2024-09-11
kafka,PR-16922,trunk,14,14672.0,1726065468.0,UNSTABLE,74cf7b22df42cb896d3ce3b2fc17a205d64ca0d1,118888.21,66822,7,151,2024-09-11
kafka,PR-17147,trunk,6,21599.0,1726065674.0,UNSTABLE,87c4234f334251b0d587d2a94e2a29a19dd68faa,215558.5,66793,5,151,2024-09-11
kafka,PR-17126,trunk,2,15729.0,1726067867.0,UNSTABLE,0af52e9f3df7cb52b59574fc9ea4189a9b5b38ca,105096.984,66784,1,151,2024-09-11
kafka,PR-17145,trunk,3,16107.0,1726071540.0,UNSTABLE,25ac9370c13050fc4ba43ede4615569686d3cc15,124335.05,66794,6,151,2024-09-11
kafka,PR-17166,trunk,5,18306.0,1726081057.0,UNSTABLE,a7ef15b5c6d2cb73ae349babb758c40df5451186,183850.12,66700,28,151,2024-09-11
kafka,PR-17162,trunk,6,20865.0,1726093297.0,UNSTABLE,ea690255bb78ceaa727e608dfaaeb421db894cbb,207997.6,66823,5,151,2024-09-11
kafka,PR-17167,trunk,2,16682.0,1726103606.0,UNSTABLE,4ca8f686a3c46a4f9013d73d9c017e5c174418fd,125727.3,66819,4,151,2024-09-11
kafka,PR-17171,trunk,1,19264.0,1726107045.0,UNSTABLE,6fb5258775878a4fcf8f196d78d7154bf205f97d,198861.0,65779,107,149,2024-09-11
kafka,PR-17172,trunk,1,17555.0,1726109493.0,UNSTABLE,13eed7567629e40be07489b6b56acefd745fcf2a,104513.39,66814,4,151,2024-09-11
kafka,PR-17082,trunk,4,16420.0,1726119438.0,UNSTABLE,ed26f66db95e6a42a74772f4e8acfc3f1a648f63,164280.77,66820,6,151,2024-09-12
kafka,PR-17136,trunk,5,5895.0,1726124718.0,SUCCESS,86e4511b2d3833aa6659a5501ced04bd00bbcce0,46699.527,66814,0,151,2024-09-12
kafka,PR-16988,trunk,7,17623.0,1726125171.0,UNSTABLE,1039817e2aaf69397885ff02987137a9b1934507,192035.64,66809,37,151,2024-09-12
kafka,PR-17176,trunk,1,19870.0,1726138028.0,UNSTABLE,61c750b1665f59a9ead62335acb036ddda75a9a4,143707.14,66765,53,151,2024-09-12
kafka,PR-17175,trunk,2,16098.0,1726142872.0,UNSTABLE,e03317f0c89520b5d42ef4844b3c803270f1ab57,115931.79,66822,4,151,2024-09-12
kafka,PR-17009,trunk,14,18303.0,1726142947.0,UNSTABLE,392e040e364b826c09da019b180cd4b609c5b8f1,150805.86,66898,4,151,2024-09-12
kafka,PR-17177,trunk,1,17936.0,1726144943.0,UNSTABLE,7a40b26409cde2204147a1809bcbe503f8b0549f,97317.086,66814,3,151,2024-09-12
kafka,PR-17178,trunk,1,9174.0,1726154137.0,UNSTABLE,8893de1ab3e722b005e0236cc728aa39ab3b9e19,62537.773,66816,5,151,2024-09-12
kafka,PR-17180,trunk,1,18187.0,1726158798.0,UNSTABLE,462ad84e9e3b67dbfc5d90b3a0f4ead184194bb7,182955.75,66815,9,151,2024-09-12
kafka,PR-17182,trunk,1,18059.0,1726159477.0,UNSTABLE,9e59c9ae1113689aa40e830df5d38ace8621a876,189274.34,66809,5,151,2024-09-12
kafka,PR-17136,trunk,7,20941.0,1726175694.0,UNSTABLE,28cbb7c1a5bb45aaffaf6a573fa364bf3db46f8b,143993.23,66813,5,151,2024-09-12
kafka,PR-17159,trunk,4,18016.0,1726182476.0,UNSTABLE,8b9343972157c3a18c2553ba1b62f9aebe5cac7e,215678.81,66821,9,151,2024-09-12
kafka,PR-17181,trunk,10,10190.0,1726196084.0,UNSTABLE,efc1adb31cbaeb6d801165e7c5a2cc3bf5963e73,64500.676,66814,2,151,2024-09-12
kafka,PR-17154,trunk,6,19334.0,1726196807.0,UNSTABLE,94dc2edd27c226703d10ab82ac2942b604877b9d,225023.8,66818,11,151,2024-09-12
kafka,PR-17173,trunk,3,17839.0,1726209873.0,UNSTABLE,a949c65ef21ea52b837e8d79682f390307d0920e,194687.47,66825,12,151,2024-09-13
kafka,PR-17186,3.7,1,19408.0,1726211047.0,UNSTABLE,7cd39aadef40c135340ede446e34ac5db0c2cdfa,321993.75,111593,33,274,2024-09-13
kafka,PR-16885,trunk,34,17670.0,1726226728.0,UNSTABLE,fdb39bff2526108b758f0677791d04a5afadda68,158865.9,66810,3,151,2024-09-13
kafka,PR-17189,trunk,1,6973.0,1726238412.0,UNSTABLE,2489c1311d85d234f16bde8c5ad2a9cde28aff69,54736.047,66826,2,151,2024-09-13
kafka,PR-17190,trunk,2,21627.0,1726242179.0,UNSTABLE,37e99d875bb487ed0170ecf5b6adb22a23bafe34,246540.47,66803,8,151,2024-09-13
kafka,PR-17139,trunk,5,15961.0,1726242860.0,UNSTABLE,1bdc192e52b5a10108d0254ef94cf415347e2473,103526.43,66826,2,151,2024-09-13
kafka,PR-17194,trunk,1,16728.0,1726248942.0,UNSTABLE,97d4a228f70ca9ec8775564bada6dbbceeea0dea,129931.51,66830,5,151,2024-09-13
kafka,PR-17169,trunk,4,17845.0,1726251409.0,UNSTABLE,38d05a944c1e8e8094c8c08b154a12c1235b6599,199360.69,66847,10,151,2024-09-13
kafka,PR-17192,trunk,3,17803.0,1726273450.0,UNSTABLE,291256cab0008b52051a8705fc346be6936f4490,209151.06,66873,12,151,2024-09-13
kafka,PR-17195,trunk,3,15107.0,1726277407.0,UNSTABLE,a010a26cfeb61e3dace37849ac92b266b78c87e7,98422.84,66867,6,151,2024-09-13
kafka,PR-17168,trunk,2,19064.0,1726278172.0,UNSTABLE,1dd26e07b33fed14f64cfd15fbbba9f962acd816,228566.7,66883,9,151,2024-09-13
kafka,PR-17083,trunk,3,20755.0,1726279380.0,UNSTABLE,a943f90772f64f86b7cf36ea9d667043c1fa9345,169876.0,66871,9,151,2024-09-13
kafka,PR-17163,trunk,4,22213.0,1726283501.0,UNSTABLE,5dd136b2be9a67cdb7d462b3aa09e632fd837a7d,368789.66,66885,37,151,2024-09-13
kafka,PR-17150,trunk,3,14011.0,1726284203.0,UNSTABLE,4576cc638c9accde63ce9d226546708065675534,92521.13,66877,2,151,2024-09-13
kafka,PR-17199,trunk,1,14764.0,1726371494.0,UNSTABLE,b1b848fd5a86b4f9ba461c41e10b57a30de886a6,97990.81,66862,6,151,2024-09-14
kafka,PR-17200,trunk,1,15751.0,1726371855.0,UNSTABLE,9a99e27708adf0828f8323004a78dc5f0b9d4972,173409.78,66868,8,151,2024-09-14
kafka,PR-17197,trunk,2,17315.0,1726380276.0,UNSTABLE,9529bb33d2e70327969ea824307b44f12ec082a1,162544.1,66870,6,151,2024-09-15
kafka,PR-17201,trunk,1,18077.0,1726381946.0,UNSTABLE,d0cc9bf9790210c47a99d9316afae09a51e41083,207007.56,66884,11,151,2024-09-15
kafka,PR-16602,trunk,26,17016.0,1726420575.0,UNSTABLE,578fe23b2e1063198f92d32116c2eac9c8de7129,121083.58,66890,5,151,2024-09-15
kafka,PR-17042,trunk,4,16051.0,1726433554.0,UNSTABLE,ea83ddf62f8d8c3242681df00df5de61fb6354e6,118924.99,66853,3,151,2024-09-15
kafka,PR-17203,trunk,1,20355.0,1726446049.0,UNSTABLE,f214b67de2cc887b15fdda6e9c44a8bec6d741a1,150104.94,66869,4,151,2024-09-15
kafka,PR-17205,trunk,1,21395.0,1726454290.0,UNSTABLE,8339055c960b81f3e06c0c96b8c8d11e133b6536,221573.17,66883,10,151,2024-09-15
kafka,PR-16964,trunk,12,17286.0,1726486793.0,UNSTABLE,4dc4e625edbee46494c99d5e3dad2e9a600fe1ac,195130.7,66897,9,151,2024-09-16
kafka,PR-16843,trunk,10,17093.0,1726487324.0,UNSTABLE,48dfffe8e9c2c65e45f9e3824a2c10e965624a53,162564.9,66870,5,151,2024-09-16
kafka,PR-16965,trunk,9,10498.0,1726494130.0,UNSTABLE,1998aeebf09703dae7a6368b66f57135f7d2d920,60437.17,66869,2,151,2024-09-16
kafka,PR-17213,trunk,1,20499.0,1726542759.0,UNSTABLE,ffb79f468d810042fd335f40647afc83fb05e084,190997.42,66324,80,150,2024-09-16
kafka,PR-17210,trunk,3,17395.0,1726562405.0,UNSTABLE,9f7393bcd92fe886b9c1f8ed788a7851d9c20a37,215199.62,66813,16,151,2024-09-17
kafka,PR-17215,trunk,1,14741.0,1726563930.0,UNSTABLE,a42b934b132fc272aabc29a7bd4e8768a6b237f3,100296.86,66798,1,151,2024-09-17
kafka,PR-17216,3.9,5,15835.0,1726583505.0,UNSTABLE,d0d326ca2644d18fdb5e80111c58167064a84583,160163.62,66246,9,163,2024-09-17
kafka,PR-17217,trunk,1,15811.0,1726590520.0,UNSTABLE,96bc29833c1c3d0f0d64eeaccbf59cad5ba0470e,111750.73,66799,6,151,2024-09-17
kafka,PR-17218,3.9,1,16897.0,1726596739.0,UNSTABLE,04469c489b1c75eaaddf003b512ab60bf00d8835,108366.79,66220,3,160,2024-09-17
kafka,PR-17219,trunk,1,16739.0,1726621857.0,UNSTABLE,6ad68fa038444ad142ec962666353c6e4113a19e,188491.94,66803,6,151,2024-09-17
kafka,PR-17220,trunk,1,16319.0,1726624224.0,SUCCESS,46c70d54df817356e7e69172cdce99c030d63d9c,100609.1,66796,0,151,2024-09-17
kafka,PR-17214,trunk,3,18851.0,1726629798.0,UNSTABLE,1a83a24ba81071edfa7aed0dc0d3d061517fbc60,199309.6,66804,5,151,2024-09-17
kafka,PR-16761,trunk,28,16398.0,1726641780.0,UNSTABLE,08879f8d7741b6cd97b9826bc8334f3f9510db94,149598.86,66783,1,151,2024-09-18
kafka,PR-17187,trunk,4,20155.0,1726657721.0,UNSTABLE,ecdc67545be3a5a352a96931257c087d2a804992,213526.48,66803,5,151,2024-09-18
kafka,PR-17191,trunk,9,16359.0,1726662049.0,UNSTABLE,9f18444e75149aa957ca6a6e29dfb456bc7cb690,127816.27,66799,5,151,2024-09-18
kafka,PR-17226,trunk,1,16905.0,1726662861.0,UNSTABLE,ad1dfa81d194452933bc67555b0ae3d133334bd5,163493.8,66797,3,151,2024-09-18
kafka,PR-17076,trunk,7,18505.0,1726683289.0,UNSTABLE,4ae624bab0cad7ae9dbc964850dd317b9844bbc6,218324.53,66799,8,151,2024-09-18
kafka,PR-17170,trunk,3,16258.0,1726693148.0,UNSTABLE,28aaab8a0a0e3ad2dbe349fe1fc44a36d219fc86,193688.84,66563,9,151,2024-09-18
kafka,PR-17229,trunk,3,16767.0,1726702137.0,UNSTABLE,3bacc383f967f76045686f80d94a9daef6fbc3cb,115163.05,66797,3,151,2024-09-18
kafka,PR-17228,trunk,3,16058.0,1726706754.0,UNSTABLE,af82c3d14f2ebeb10c331932b2da4711afef250e,190197.4,66809,7,151,2024-09-18
kafka,PR-17232,trunk,1,17210.0,1726736585.0,UNSTABLE,54cf10854707831d7c3cd9ee37dccddf929f87f4,156110.17,66797,6,151,2024-09-19
kafka,PR-17234,trunk,1,15960.0,1726751259.0,UNSTABLE,15c365287c1b97d4a020f0bdced10c8550ef490e,132360.25,66804,5,151,2024-09-19
kafka,PR-17132,trunk,3,14390.0,1726754112.0,SUCCESS,2daef277406515ac85a7ced9e72e5e39df977041,94014.164,66798,0,151,2024-09-19
kafka,PR-17211,trunk,3,19094.0,1726765909.0,UNSTABLE,39c0b9a1b6c21265436e573ed305b1e58d87d692,181119.67,66809,7,151,2024-09-19
kafka,PR-16957,trunk,10,20135.0,1726766696.0,UNSTABLE,9d3a34494819fe7f94ec50b588d1fb49225f262b,157285.83,66802,9,151,2024-09-19
kafka,PR-17227,trunk,3,19486.0,1726767824.0,UNSTABLE,8c8d01b6cf7c2224fba87b706ccd24dfe58d56fc,124784.18,66799,2,151,2024-09-19
kafka,PR-17239,trunk,1,15701.0,1726777138.0,UNSTABLE,e836945c0787396423424648b2f62f20da762c37,197783.53,66802,6,151,2024-09-19
kafka,PR-17240,trunk,1,16861.0,1726785786.0,SUCCESS,c70c4b0f58c6e44ad3f7c28cc85ebde07502affa,95942.9,66798,0,151,2024-09-19
kafka,PR-17241,trunk,1,21505.0,1726788317.0,UNSTABLE,a83ff3d0847c0c89bbb880bd8a1777d0134938ad,213423.3,66803,10,151,2024-09-19
kafka,PR-17208,trunk,13,17542.0,1726788998.0,UNSTABLE,e39f883572faaaf6cdcb76d0fa1d00ebb3db1795,218654.58,66821,18,151,2024-09-19
kafka,PR-17242,trunk,3,15154.0,1726789565.0,UNSTABLE,9443afdf2cd0d3fff2fb1f4d07ded286f2ebe04a,123004.85,66805,6,151,2024-09-19
kafka,PR-17198,trunk,9,17042.0,1726795276.0,UNSTABLE,fe2ad32fcbdd05958d2229f9d7f24741f65fa93c,145588.17,66759,5,149,2024-09-19
kafka,PR-17196,trunk,4,16224.0,1726821000.0,UNSTABLE,8579472384fafc24293049ee5cee7f4c15a98c8b,103689.625,66804,3,151,2024-09-20
kafka,PR-17243,trunk,1,19200.0,1726824920.0,UNSTABLE,c92715ffd1ce61443cfa681c1a91fb8f3221597f,392660.6,66834,52,151,2024-09-20
kafka,PR-17016,trunk,14,16375.0,1726836539.0,UNSTABLE,9ca12f272886f783ea461816444dc30c70950e52,217585.58,66642,30,151,2024-09-20
kafka,PR-17245,trunk,1,15288.0,1726849111.0,UNSTABLE,7ea8ea01dcd359eb3ba075b0dafaac205df4bc6f,162377.98,66731,4,149,2024-09-20
kafka,PR-17206,trunk,3,16006.0,1726874366.0,UNSTABLE,8fac6e41adac2c63f22d8f5bdae252f5a7573355,97004.32,66558,1,151,2024-09-20
kafka,PR-17204,trunk,9,16991.0,1726882423.0,UNSTABLE,a953e418317733daf12db364b2a0266abdae7256,211637.39,66565,7,151,2024-09-20
kafka,PR-17080,trunk,11,21005.0,1726899070.0,UNSTABLE,9feb16ccbd5633aa65d4d78b4a106556f1d45c46,258493.31,66566,10,151,2024-09-21
kafka,PR-16912,trunk,9,21134.0,1726920255.0,UNSTABLE,28815d6196ce330187faea8238d07a1a5aba7aac,226230.22,66567,13,151,2024-09-21
kafka,PR-16050,trunk,6,20595.0,1726921025.0,UNSTABLE,016cab2d3d6b91fa990449833bea85bca682da35,227796.06,66571,8,151,2024-09-21
kafka,PR-17026,trunk,5,19611.0,1726922107.0,UNSTABLE,c52cb83d3c8740634bd6e5a9ea8384de47681477,193091.72,66577,5,151,2024-09-21
kafka,PR-16463,trunk,22,16170.0,1726944897.0,UNSTABLE,384b79a73bbc23b02c09c27db1c5c2eb435a59d3,168120.73,66565,7,151,2024-09-21
kafka,PR-17230,trunk,6,15504.0,1726947048.0,UNSTABLE,1bdfb9f8acc5ad498c1450ad0dbce59b10a6f072,162715.2,66575,4,151,2024-09-21
kafka,PR-17212,trunk,3,15745.0,1726970196.0,UNSTABLE,ca4563d6e2c6680dc627c6eebe6f6ddf6b7d4b7f,112039.17,66702,7,151,2024-09-21
kafka,PR-17179,trunk,6,16365.0,1726979520.0,UNSTABLE,334ac8942603c5b47aacc035b812c36881214b22,113866.89,66558,5,151,2024-09-21
kafka,PR-17202,trunk,5,5984.0,1726981461.0,UNSTABLE,baaef6ac4c1d8c8c3fed900d80dc4044447c18b9,54815.918,66555,2,151,2024-09-22
kafka,PR-17248,trunk,1,17254.0,1726988925.0,UNSTABLE,4aabf4cdd7f952bcf8e120fb36d721e26a8ca056,192806.52,66564,10,151,2024-09-22
kafka,PR-17249,trunk,1,16871.0,1726996609.0,UNSTABLE,7c1f7683389e9ef1294a38e2ea3524afe65c6626,141015.22,66565,6,151,2024-09-22
kafka,PR-17207,trunk,5,15420.0,1727037695.0,UNSTABLE,a8d18e0dd4d4e5e9a6a2624afa5174357bc07332,102608.76,66563,1,151,2024-09-22
kafka,PR-17174,trunk,7,16151.0,1727054773.0,UNSTABLE,a6ed817156bcc2fa0e70da823bf3ca2e57ca3f6e,141255.5,66568,7,151,2024-09-22
kafka,PR-17237,trunk,6,16199.0,1727075999.0,SUCCESS,8516b3174c194cd6340ca999cdb08143d1cd4a91,101362.37,66688,0,151,2024-09-23
kafka,PR-17223,trunk,7,19963.0,1727079518.0,UNSTABLE,7b25136e8ded19419d8553c4fbc1ed4e43486402,128206.34,66695,5,151,2024-09-23
kafka,PR-17252,trunk,2,17866.0,1727092611.0,UNSTABLE,ea54ef3bccf5180e0f9034bfd0e94d8ea05f9718,182618.0,66694,5,151,2024-09-23
kafka,PR-17253,trunk,2,17737.0,1727094501.0,UNSTABLE,2f92ca4227f65c2d1987b947820ba36831368524,104702.805,66694,2,151,2024-09-23
kafka,PR-17240,trunk,5,17021.0,1727094898.0,UNSTABLE,b6597787b233617660d667746101d90433f85404,104465.4,66693,2,151,2024-09-23
kafka,PR-17225,trunk,3,15915.0,1727100955.0,UNSTABLE,aedd451dfbb857ea16ab35c54d764a3ba7c587b6,120516.516,66695,4,151,2024-09-23
kafka,PR-17254,trunk,1,17035.0,1727103944.0,UNSTABLE,5b9471c0f312faf3a81f71045b9cd5431083028e,87777.164,66692,1,151,2024-09-23
kafka,PR-16381,trunk,14,23047.0,1727110102.0,UNSTABLE,c2d18fcc46d818acbfd5aed8e5d02cc3f26c3962,228754.1,66707,10,151,2024-09-23
kafka,PR-17255,trunk,3,18771.0,1727114576.0,UNSTABLE,e33482094c9d79afe76f175442b956078136437a,239632.44,66696,20,151,2024-09-23
kafka,PR-16443,trunk,13,15104.0,1727115444.0,SUCCESS,2d427d0471067a57d2f0feb2497cb42531679e6f,144816.89,66698,0,151,2024-09-23
kafka,PR-17256,trunk,1,18541.0,1727115479.0,UNSTABLE,7800b974b0acec15feccd01285d57da1e9c00179,264325.06,66713,18,151,2024-09-23
kafka,PR-17235,trunk,3,9543.0,1727116267.0,SUCCESS,b7c74bbb1a3d6417c166158b2234501c7947666c,58356.164,66692,0,151,2024-09-23
kafka,PR-17250,trunk,5,14487.0,1727150619.0,UNSTABLE,94b13c60a31726790b963e13ed00339a96236360,152986.6,66699,8,151,2024-09-23
kafka,PR-17261,trunk,1,18331.0,1727159280.0,UNSTABLE,ec84fa3aba87842811e5ee1bd299d05f05898f27,101927.72,66691,7,151,2024-09-24
kafka,PR-17262,trunk,1,20581.0,1727167220.0,UNSTABLE,39aa81980af93e1c80958fe14228ddbc1089bf00,171441.48,66594,18,151,2024-09-24
kafka,PR-17260,trunk,7,20727.0,1727168675.0,UNSTABLE,d3051e1e318b589dcb297a052929e22effbbb817,248384.19,66706,10,151,2024-09-24
kafka,PR-17165,trunk,13,15390.0,1727168836.0,UNSTABLE,217df42c6bdc33ad06010f9461aa93477376e46d,128409.61,66708,7,151,2024-09-24
kafka,PR-17244,trunk,4,20799.0,1727180222.0,UNSTABLE,ee60c864a9abd20656c422eabb10260c4d5d866e,234610.23,66711,22,151,2024-09-24
kafka,PR-17233,trunk,5,19819.0,1727181446.0,UNSTABLE,14858247c3d0f9f78af7da20378a9b6121622c4e,178585.34,66698,6,151,2024-09-24
kafka,PR-17263,trunk,1,5593.0,1727182469.0,UNSTABLE,d4b24fe3e3f9a3d9fcfb016bb6b487a089cbf477,55348.652,66696,4,151,2024-09-24
kafka,PR-17264,trunk,1,15050.0,1727187102.0,UNSTABLE,84ab266be29054fe36b0b8f22d8354e519e97677,150662.98,66695,6,151,2024-09-24
kafka,PR-17259,trunk,4,18895.0,1727192248.0,UNSTABLE,4b6983ae8e721205f29fe432b0cba39c7a223ae7,191901.88,66698,24,151,2024-09-24
kafka,PR-17257,trunk,5,16324.0,1727193111.0,UNSTABLE,4c17a731eeef732c96ca5d83c8d4357aebb026d4,165255.19,66718,4,151,2024-09-24
kafka,PR-17193,trunk,2,21602.0,1727200071.0,UNSTABLE,52c2e55e658705ae9c834d660c8409f93ec9f4d2,265827.0,66700,10,151,2024-09-24
kafka,PR-17238,trunk,5,20566.0,1727207554.0,UNSTABLE,5ebe1712258b99f4215a4e1a602becc29d30cba2,229472.97,66696,16,151,2024-09-24
kafka,PR-17265,trunk,1,20276.0,1727223864.0,UNSTABLE,bf35756aadd7bd025d1d8be48a4d2c332c20ea3e,214315.64,66733,6,151,2024-09-24
kafka,PR-17224,trunk,5,16203.0,1727223999.0,UNSTABLE,b87b5f2010360d691628b0248991988d15efc43e,157164.47,66680,4,151,2024-09-24
kafka,PR-17231,trunk,4,16234.0,1727226654.0,UNSTABLE,7510bd545a9b2cce341e05ce3f710c24c8fd82bc,158743.72,66696,3,151,2024-09-24
kafka,PR-17266,trunk,1,18486.0,1727228731.0,UNSTABLE,03959ad84caab76690609c409ab957339567d4ca,219785.62,66562,6,149,2024-09-24
kafka,PR-17267,trunk,1,19741.0,1727229975.0,UNSTABLE,9a0f59a53ba82833326819ab4c4f3c297049fd76,285572.66,66711,20,151,2024-09-24
kafka,PR-17247,trunk,3,15008.0,1727238246.0,UNSTABLE,c7382278c9ccbd22b5a1496cbd2db9d98c61c5c0,92723.91,66698,3,151,2024-09-24
kafka,PR-16425,trunk,20,20973.0,1727239345.0,UNSTABLE,315b4b6ea335150499bc1478a943871148935252,182441.67,66694,3,151,2024-09-24
kafka,PR-17112,trunk,12,16097.0,1727245441.0,UNSTABLE,1cff7ecc35505974687b0ea4dc6b50e414097758,192153.94,66837,17,151,2024-09-25
kafka,PR-17268,trunk,1,15870.0,1727246654.0,UNSTABLE,bfb2b077f762d7910cbe393d4d6428edb1ba61b8,156103.88,66693,4,151,2024-09-25
kafka,PR-17149,trunk,25,16027.0,1727254674.0,UNSTABLE,088bbf1e1be6688cab095c40ea989ecae0861988,155003.02,66766,7,151,2024-09-25
kafka,PR-17209,trunk,9,17148.0,1727275269.0,UNSTABLE,aa8abfc30bab04ef6d1b528ac73612ee496a439d,116129.13,66704,12,151,2024-09-25
kafka,PR-17221,trunk,4,21921.0,1727275519.0,UNSTABLE,5f4d45c7d97f77781e3cae4c4413e65f1580ba98,306248.03,66689,39,151,2024-09-25
kafka,PR-17269,trunk,1,18312.0,1727275966.0,UNSTABLE,1616e2e24ed3b00dbea059674a090f9ff96a7aee,216419.53,66714,6,151,2024-09-25
kafka,PR-17271,trunk,1,21051.0,1727277120.0,UNSTABLE,a2d2cbd40a3be33b38b82dd802aeca3af8ce08ee,140562.81,66712,7,151,2024-09-25
kafka,PR-17272,trunk,1,16723.0,1727278105.0,UNSTABLE,d0490a5fd6a032a3902de9c74eb3dc9169f9c2d3,147303.94,66710,4,151,2024-09-25
kafka,PR-17274,trunk,1,17463.0,1727279169.0,UNSTABLE,962e9876635e0891ec312682cff9364c5a81a1dc,113292.47,66708,4,151,2024-09-25
kafka,PR-17222,trunk,7,9891.0,1727281116.0,UNSTABLE,565772d0dd26bd346d5bb8cb1b474430e342b28c,53317.87,66706,1,151,2024-09-25
kafka,PR-17146,trunk,7,18008.0,1727284815.0,UNSTABLE,c0d68b2f106135992e8070541d14506f5daf3606,208342.44,66723,16,151,2024-09-25
kafka,PR-16719,trunk,13,17213.0,1727285872.0,UNSTABLE,fbb482115d67729933923ab70a9ddddc423f21cb,206413.05,66777,6,151,2024-09-25
kafka,PR-17258,trunk,5,16103.0,1727287037.0,UNSTABLE,0a2752a52b75bfdc639577110c7007972458818f,126791.734,66711,6,151,2024-09-25
kafka,PR-15241,trunk,10,16265.0,1727288688.0,UNSTABLE,ea47cd5c04aaf55c55b7feca0c96cabad2ea1d1c,162085.3,66716,2,151,2024-09-25
kafka,PR-15995,trunk,5,14873.0,1727289557.0,UNSTABLE,ae9f1507bc49f9d9a9930504cf3e9af5c08362b5,157626.6,66810,8,151,2024-09-25
kafka,PR-17132,trunk,6,16300.0,1727289647.0,UNSTABLE,7bf3026be7c0c882086e506bfd601db42decb2f0,179332.97,66717,4,151,2024-09-25
kafka,PR-17275,trunk,2,17767.0,1727290982.0,UNSTABLE,9881ddb11675078ec370f22890b37819f2449c8d,244229.56,66715,14,151,2024-09-25
kafka,PR-16686,trunk,24,17558.0,1727291188.0,UNSTABLE,484b3cf46a29afd2263ef01b545c310b3c335b25,124125.37,66723,7,151,2024-09-25
kafka,PR-17021,trunk,23,14988.0,1727293112.0,UNSTABLE,8d64d7df4495b2649f822ac8946bf160e6e98ac8,119211.54,66733,23,151,2024-09-25
kafka,PR-16982,trunk,18,16510.0,1727296028.0,UNSTABLE,9cd97d3073092b39d8ebd38128c3375b53880d8a,219629.72,66720,16,151,2024-09-25
kafka,PR-17278,3.8,1,18396.0,1727332471.0,UNSTABLE,6c7f1ff6a0d675953de29a5facedfcf8aa493804,191642.47,63862,13,167,2024-09-26
kafka,PR-17359,3.8,2,6888.0,1727964727.0,UNSTABLE,8898b4a6501cb5247fc1a92136ed3903ac17af03,50964.848,63880,4,151,2024-10-03
kafka,PR-17391,kip1071,1,14128.0,1728312809.0,UNSTABLE,242ecf8d91f6e3c362ead99414ecc419a7c2a6ff,94179.94,67134,2,151,2024-10-07
kafka,PR-17400,3.9,2,17148.0,1728343292.0,UNSTABLE,d9c6f2c486d50a073d3b271b15fa9aceeac967b8,107404.32,66237,1,160,2024-10-07
kafka,PR-17371,kip1071,3,15466.0,1728401540.0,UNSTABLE,4bf079043b48ebc077c14723e264c31cb716a6e4,146300.83,67209,2,151,2024-10-08
kafka,PR-17421,3.9,1,16437.0,1728421088.0,SUCCESS,dafdf736294828b1cebc75b00c47853186cf8b40,153195.28,66228,0,167,2024-10-08
kafka,PR-17433,kip1071,1,14951.0,1728486855.0,UNSTABLE,840e8f584022472fdf181867d361201a633f8c40,93653.75,66228,71,146,2024-10-09
kafka,PR-17436,3.9,1,14996.0,1728491062.0,UNSTABLE,fc5b700bccc129e7912ec8dd4de3ca4297dfe82a,99329.41,66237,5,158,2024-10-09
kafka,PR-17449,3.8,1,14951.0,1728552428.0,UNSTABLE,2507f0896b4e6dfb1c201773870a0c9519560117,139478.73,63869,2,167,2024-10-10
kafka,PR-17453,3.8,1,15777.0,1728562420.0,UNSTABLE,8ece8a1b28eef9b8cb1780b5b3f636dcf9755b6b,152136.78,63870,6,167,2024-10-10
kafka,PR-17459,3.8,1,15520.0,1728577865.0,UNSTABLE,c8647e74affd3b4485fcf165eccc8920cc11aef3,148344.55,63870,1,167,2024-10-10
kafka,PR-17461,3.9,1,17126.0,1728590104.0,UNSTABLE,63e8c6484d8780ae0372433a5ca481a22e6cd8f1,194758.62,66244,9,166,2024-10-10
kafka,PR-17477,3.7,2,17448.0,1728724401.0,UNSTABLE,d5fb6f07f6c3ce6ed9745a613fa338c32f67eeee,362369.34,111619,40,279,2024-10-12
kafka,PR-17481,3.9,1,15990.0,1728731792.0,UNSTABLE,0474b407315f42b4704bd6955763713d218e2270,158968.06,66238,2,167,2024-10-12
kafka,PR-17482,3.8,1,14192.0,1728738143.0,UNSTABLE,006ffc5163246e634750b3cec1b2ff9b90f0a05e,140914.34,63871,5,166,2024-10-12
kafka,PR-17485,3.7,1,13581.0,1728740038.0,UNSTABLE,c96826c57c2fbe9a980fa70a5d2cb935463f2b58,306579.0,111603,27,280,2024-10-12
kafka,PR-17447,3.9,2,17719.0,1728910196.0,UNSTABLE,c58523a6577b2367a1ce131e956e92d32913b597,186431.78,66248,7,166,2024-10-14
kafka,PR-17501,3.9,1,17614.0,1728929571.0,UNSTABLE,34bbc8611bc1256d5b6d36f5a42cf6734027d92f,174235.11,66247,4,167,2024-10-14
kafka,PR-17506,3.9,1,17740.0,1728951764.0,UNSTABLE,0fed3c58ca7c9dc6b89dd4e4ece6be2c68758659,109625.46,66244,2,163,2024-10-14
kafka,PR-17508,3.8,1,18321.0,1728987913.0,UNSTABLE,6be311f0cf7bc94e13418140e722354d9b00ef25,167617.42,63875,9,166,2024-10-15
kafka,PR-17571,3.8,1,16588.0,1729572542.0,UNSTABLE,c58e7a4e274bb5196146bd94476748430f2bcc2b,197481.52,63882,11,167,2024-10-21
kafka,PR-17683,3.9,1,16060.0,1730729820.0,UNSTABLE,81dadcea9d21187e6fd356e6be09b60e5addd0f7,149257.95,66274,13,167,2024-11-04
kafka,PR-17703,3.8,1,20996.0,1730901927.0,UNSTABLE,9bb568eab493ad54ad70f06bbfbd8d110e6ebce8,230629.75,63890,18,167,2024-11-06
kafka,PR-17716,3.8,1,14983.0,1731014697.0,UNSTABLE,03bcd7878ab54b3d3511fbb4fb463ed523536431,92255.64,63884,1,159,2024-11-07
kafka,PR-17733,3.9,1,21582.0,1731207681.0,UNSTABLE,4ce2f9b19cfba1ce8ea6005f7eb5e0d17e25e9bb,247181.52,66320,20,167,2024-11-09
kafka,PR-17696,3.7,3,11898.0,1731980374.0,UNSTABLE,435df932ce9dad93a4a3bb88e79cae7d81d759e6,182904.94,111632,31,265,2024-11-18
kafka,PR-17878,3.9,1,17894.0,1732115966.0,SUCCESS,cde733aeab1892d24a132bc856e19e634bef1d59,154675.16,66277,0,166,2024-11-20
kafka,PR-17970,3.9,1,15615.0,1732756161.0,UNSTABLE,90452cd10cf37a39a6b76d49d1b2785fc6c9239b,128911.17,66308,12,159,2024-11-27
kafka,PR-17830,3.9,2,16809.0,1733249565.0,UNSTABLE,c0078ad0f1cbe25e46da2bc9feb56997e7783bb8,158921.56,66301,5,167,2024-12-03
kafka,PR-18225,3.8,1,22524.0,1734438794.0,UNSTABLE,b7623b4bbe0da42fabf8eb1f1d97085c556e2e6e,325191.25,63984,31,165,2024-12-17
kafka,PR-18273,3.9,1,17538.0,1734626701.0,UNSTABLE,10db4480f55497d0c978c0c6e37202d2a1d95026,248651.92,66344,14,166,2024-12-19
kafka,PR-18311,3.9,1,16616.0,1735047547.0,UNSTABLE,31c0421f5eb9995e51d5ce0139ca70cfbd233d1e,167173.05,66323,3,167,2024-12-24
kafka,PR-18323,3.9,1,18113.0,1735231230.0,UNSTABLE,a350fdb288310cddf2eedbc1c25289298162c023,187895.2,66321,5,167,2024-12-26
kafka,PR-18333,3.9,1,17160.0,1735316750.0,UNSTABLE,2ad7d6cc1c14b741ada6c620565c1bb93ce0af9f,164589.45,66319,3,167,2024-12-27
kafka,PR-18502,3.9,1,18321.0,1736763899.0,UNSTABLE,3f8285a242e704aa343c7d10c219108365acec1c,132121.22,66350,8,161,2025-01-13
kafka,PR-18503,3.8,1,16033.0,1736763959.0,UNSTABLE,c8c227bd624817af43f9e0ab4c3fc4710d958a71,103398.79,63912,4,161,2025-01-13
kafka,PR-18485,3.9,3,16247.0,1736942252.0,UNSTABLE,36c64c2d7412c4fa0c939b2cba1d920743c295d8,181073.88,66338,8,167,2025-01-15
kafka,PR-18564,3.8,1,15287.0,1736970540.0,UNSTABLE,3a24f87242416835462742794471223f88a2a81b,113376.09,63912,6,159,2025-01-15
kafka,PR-18576,3.9,2,16947.0,1737367992.0,UNSTABLE,0bf353af4d277c7b8af01cb8245b42b61d8786b5,178120.9,66376,5,167,2025-01-20
kafka,PR-18657,3.9,1,18913.0,1737472253.0,UNSTABLE,53c0095c10501e9c772a59f7977a00066665ed37,187822.92,66374,4,167,2025-01-21
kafka,PR-18660,3.8,2,17442.0,1737711316.0,UNSTABLE,ceeec62d5b7f630e56018b1f093cae2ff7b4ce4b,189690.28,63909,7,167,2025-01-24
kafka,PR-18690,3.9,2,14978.0,1737859729.0,UNSTABLE,300f381765b8bdc6f81b85340122385bfbb69b59,105129.81,66362,3,160,2025-01-25
kafka,PR-18736,3.9,1,17625.0,1738131929.0,UNSTABLE,4f65f467f6b1359a80ecf39f8e359d1c21e1f618,210803.9,66388,9,167,2025-01-29
kafka,PR-18741,3.9,1,17072.0,1738171029.0,UNSTABLE,e6ee03b735293f1dc432116d706837977f9fc4ae,93805.28,66365,2,166,2025-01-29
kafka,PR-18769,3.8,1,14802.0,1738344230.0,UNSTABLE,124a3a577bfb9da2a6303e48c30ecbd46c984dce,105118.45,63921,5,160,2025-01-31
kafka,PR-18767,3.9,9,20589.0,1738685051.0,UNSTABLE,f9b47b9984c4e85e04ca97fce120de1b25e0e6a4,280099.56,66384,24,167,2025-02-04
kafka,PR-19058,3.9,3,18596.0,1741052249.0,UNSTABLE,45e9017285b1d933e18b79e6497b82bd6475751b,175519.53,66404,5,167,2025-03-03
kafka,PR-19158,3.9,1,14916.0,1741367110.0,UNSTABLE,15689eba88662ad17d9cf3b601b0a8930d496573,140101.8,66380,4,165,2025-03-07
kafka,PR-19221,3.9,1,20067.0,1742231504.0,UNSTABLE,5cf8929771d779bb9d226d59eb3651e1e8895b44,207520.25,66420,5,169,2025-03-17
kafka,PR-19150,3.9,4,17554.0,1743158373.0,UNSTABLE,3fe6702ebb3614450e8aedaa219ddb9767fc1eb2,167516.7,66384,5,166,2025-03-28
kafka,PR-19307,3.9,1,16521.0,1743175734.0,UNSTABLE,fb959a11ab3ae2d31b8fb76c70c0503dbe75bab4,166632.6,66392,7,167,2025-03-28
kafka,PR-19308,3.9,1,16863.0,1743175775.0,UNSTABLE,e876734238590d4b72ae086fc1c2d14fb7a3cbc1,149012.98,66382,1,167,2025-03-28
kafka,PR-19310,3.9,1,20916.0,1743175825.0,UNSTABLE,71c2a39b1ab2281cd22e9c460c34501dcbb232ad,198656.11,66396,15,167,2025-03-28
kafka,PR-19311,3.9,2,14585.0,1743186532.0,UNSTABLE,f4cd8d5d664a62b280c0d2ea1bc731069443ba87,122615.66,65473,69,168,2025-03-28
kafka,PR-19312,3.9,1,17741.0,1743217569.0,UNSTABLE,3fc119d8588db67332a87d380b9bc50b4f9314de,167035.0,66391,5,167,2025-03-28
kafka,PR-19365,3.9,1,17824.0,1743703696.0,UNSTABLE,7a68a0abea5140f327129fbada9accb0a52925a0,185447.27,66399,7,167,2025-04-03
kafka,PR-19367,3.9,1,17770.0,1743704011.0,UNSTABLE,e57033b668b19e031b079e2d341139c41e670aaf,150959.19,66409,2,167,2025-04-03
kafka,PR-19368,3.9,1,16504.0,1743734976.0,UNSTABLE,f4cd8d5d664a62b280c0d2ea1bc731069443ba87,168235.45,99794,5,213,2025-04-03
kafka,PR-19396,3.9,2,17656.0,1743998301.0,UNSTABLE,f9a561dcc1c8b587923ecaef75547c385b713fb2,201220.48,99801,7,213,2025-04-06
kafka,PR-19448,3.9,1,16149.0,1744368216.0,UNSTABLE,ddc1e949364ff7c854538be2ff9d548538124fb4,178506.3,99923,1,213,2025-04-11
kafka,PR-19498,3.9,2,17705.0,1744835280.0,UNSTABLE,fb6a2a5b6f98b461dffa4483daa2bc1f6a037b8b,280870.12,99934,10,221,2025-04-16
kafka,PR-19499,3.9,1,15534.0,1744835985.0,UNSTABLE,60c1138676aacbabc738d08024cc18f5e237d866,230384.94,99928,6,219,2025-04-16
kafka,PR-19534,3.9,1,20566.0,1745324128.0,UNSTABLE,b1caa3e53dacb294a90b1a845b24b70d27062679,318507.3,100033,9,221,2025-04-22
kafka,PR-19563,3.9,1,22783.0,1745587589.0,UNSTABLE,492c89e4e8148bdc51eaf256d5bc69bcc9d79d2c,533293.5,99912,57,221,2025-04-25
kafka,PR-19648,3.9,1,17928.0,1746520842.0,UNSTABLE,11d5c0dd97d1de9867cc092607d28f9eabbd2adc,273716.34,99950,23,217,2025-05-06
kafka,PR-19665,3.9,1,16078.0,1746787994.0,UNSTABLE,f96e360b5e612f1212e169f570936f7f0422f9b5,261791.92,99928,5,221,2025-05-09
kafka,PR-19692,3.8,1,14293.0,1747083023.0,UNSTABLE,b30fa886a4f524edaaabe8315d85a17a83e3e0fd,138709.45,63929,3,165,2025-05-12
kafka,PR-19694,3.6,1,13599.0,1747088795.0,UNSTABLE,c5ad6a380d0410ba9cfc75ae690f2f76bcb83591,244893.62,100161,17,158,2025-05-12
kafka,PR-19695,3.5,1,11560.0,1747088971.0,UNSTABLE,45f07a21c146120773457258c562115f9accd55f,154772.22,68383,16,103,2025-05-12
kafka,PR-19696,3.4,1,13749.0,1747090062.0,UNSTABLE,2059b8e5f438eb664ccbbbbd64f65d6788dfc62a,154987.64,63910,29,105,2025-05-12
kafka,PR-19710,3.3,1,11437.0,1747156586.0,UNSTABLE,0818cf5cfa464d757620565f7518f262dfb07745,118194.2,61346,26,119,2025-05-13
kafka,PR-19690,3.9,2,16209.0,1747674323.0,UNSTABLE,ac688cdb19b9e93b0712a853c1d0ed1a6696fee0,262542.62,99927,9,220,2025-05-19
kafka,PR-19756,3.9,3,16457.0,1747698413.0,UNSTABLE,608c8d78259c4bafc39db347cba15a1ae3024ca2,244140.12,99928,5,221,2025-05-19
kafka,PR-19784,3.9,1,15815.0,1747860616.0,UNSTABLE,dfbeb0821b382818292f7e2f7d64020cdaad75bc,238805.25,99977,4,221,2025-05-21
kafka,PR-19693,3.7,3,13025.0,1748470692.0,UNSTABLE,ac248e82eff3c06adac23e9967335e568b46277f,244015.5,111628,33,273,2025-05-28
kafka,PR-19949,3.9,1,17370.0,1749627240.0,UNSTABLE,98836de628b01fa70f1fc0daf8e082f7ef20ce72,282595.4,99990,7,220,2025-06-11
kafka,PR-19953,3.9,1,16414.0,1749723007.0,UNSTABLE,4cb1f11f3875373598b2d586ae78c9e8f4742ed2,273115.53,99984,6,219,2025-06-12
kafka,PR-20050,3.9,3,17813.0,1751203320.0,UNSTABLE,2106276f48e89102302c4a889f11d3bf900689e2,211485.78,100021,9,213,2025-06-29
kafka,PR-20117,3.9,3,17544.0,1751985155.0,UNSTABLE,b91fe5240fc769a3c78ca527f48447e0d6ec0852,213906.73,100000,13,212,2025-07-08
kafka,PR-20142,3.9,2,16526.0,1752212552.0,UNSTABLE,6af6c369f4dad68b15b453dd9a769fbd649c56d4,278211.88,99980,10,221,2025-07-11
kafka,PR-20146,3.7,14,13401.0,1753233163.0,UNSTABLE,ce4990ea427edacfd79e9f1713a8e30b0b105b06,263647.97,111637,37,271,2025-07-22
kafka,PR-20272,3.9,3,17897.0,1753974752.0,UNSTABLE,45dce93484ce839d42c5401ddf80fb85fbc62e81,166154.56,99993,6,211,2025-07-31
kafka,PR-20404,3.9,1,15774.0,1756138331.0,UNSTABLE,b13a7eedf6fb02878110b90b00cd255c0372b4e0,257336.28,100000,10,221,2025-08-25
kafka,PR-20433,3.9,1,17120.0,1756391280.0,UNSTABLE,90de681acfd8937d162caec5c56caf72681cbac8,215066.33,100004,11,213,2025-08-28
kafka,PR-20441,3.9,1,16619.0,1756475969.0,UNSTABLE,0c1e1492e10b6e90fd746390ce46c9f91a4f9e2b,230895.11,99991,8,221,2025-08-29
kafka,PR-20435,3.9,2,15389.0,1756920932.0,UNSTABLE,2eb940f0301985d669118cba31665be98a6fe535,256156.36,99997,11,220,2025-09-03
kafka,PR-20506,3.9,1,15850.0,1757363502.0,UNSTABLE,c21e0a383da1f5f99b2887107b98e30d87360c13,235060.28,99989,8,219,2025-09-08
kafka,PR-20510,3.9,1,15646.0,1757414169.0,UNSTABLE,73d062f4e3693b26adfa0b18eace2c3c1d81570a,185720.25,100003,6,213,2025-09-09
kafka,PR-20529,3.9,3,17880.0,1758039027.0,UNSTABLE,d31093614bcd120d2c6fb4af020bdf96cbc07588,250465.1,99993,9,221,2025-09-16
kafka,PR-20577,3.9,8,16682.0,1758916923.0,UNSTABLE,53b279f846e9528cdbde55aa7afd4bae685be127,277190.4,100001,8,221,2025-09-26
kafka,PR-20585,3.9,2,19827.0,1759338428.0,UNSTABLE,b0aa4c87b0c5a7b2db566f87ca981d215bb2d721,490035.2,100159,41,220,2025-10-01
kafka,PR-20627,3.9,2,23155.0,1759506766.0,UNSTABLE,6ec0800200aeabd9e0ffd3d6419995a6cbd9d8ec,542797.8,100017,50,221,2025-10-03
kafka,PR-20624,3.9,5,17151.0,1759760968.0,UNSTABLE,51fd2640eafb2f50f178fb8cd0bb515a1b2f1f2e,284610.1,100002,16,221,2025-10-06
kafka,PR-20682,3.9,1,16867.0,1760110200.0,UNSTABLE,187435fe00de766060bf8f9d8512db7f1d910657,240189.95,100024,12,221,2025-10-10
kafka,PR-20734,3.9,3,18312.0,1760992173.0,UNSTABLE,4c67ed1a8064e1ea7a6f495fe81cb025ae31f7a0,270315.1,100029,11,220,2025-10-20
kafka,PR-20877,3.9,2,14619.0,1763131461.0,UNSTABLE,c5139952891559bfc4f98815c88c5c95cf54ef55,233968.72,100027,9,221,2025-11-14
kafka,PR-20897,3.9,5,14233.0,1763545749.0,UNSTABLE,61b0a20487a197082b3a4ddc8e2aab8eb06438d3,221259.78,100035,9,218,2025-11-19
kafka,PR-20535,3.9,2,18322.0,1763793152.0,UNSTABLE,8b1ef6cd15bb9bfa81e9e8bedad33fadc59e4f61,260694.42,100035,13,220,2025-11-22
kafka,PR-20962,3.9,1,17490.0,1763793402.0,UNSTABLE,3b5fd574373bd36947a22c87586e5741ead2d59b,218391.86,100029,7,220,2025-11-22
kafka,PR-20974,3.9,1,14302.0,1763993381.0,UNSTABLE,c415ad7be3737a18f92e294dbf49ea96d590475b,168725.81,100027,5,216,2025-11-24
kafka,PR-20985,3.9,1,16567.0,1764048277.0,UNSTABLE,2c0ced7c911f4d140a2759aa98722e530edaa1a3,214000.56,100026,7,221,2025-11-24
kafka,PR-21040,3.9,1,16737.0,1764650196.0,UNSTABLE,f1d4eec0585ee1ae229a73cf8a454812708f3f16,226966.55,100045,9,214,2025-12-01
kafka,PR-21026,3.9,8,15035.0,1764776107.0,UNSTABLE,0f94bd2461746e5dce21748c80fc45070da1f151,125328.41,100077,6,207,2025-12-03
kafka,PR-21085,3.9,1,20219.0,1764904602.0,UNSTABLE,aef86462d42d0d3c3ca200923b9943b9357e3a32,343378.28,100069,22,221,2025-12-04
kafka,PR-21104,3.9,4,21697.0,1765177401.0,UNSTABLE,f378475b265b5e955bb013a405f2e538cb2dfd27,348779.53,133465,16,264,2025-12-08
kafka,PR-21138,3.9,1,17417.0,1765559480.0,UNSTABLE,5ae7641a02d50aa225a886c2dca72559d7751f07,176439.69,100072,5,209,2025-12-12
kafka,PR-21187,3.5,1,10331.0,1766198592.0,UNSTABLE,97952d6785822aa0bdf1f571dee679e8418ec4fd,119135.99,68383,16,103,2025-12-19
kafka,PR-21189,3.7,1,9137.0,1766198893.0,UNSTABLE,f9b77f07a79ced61a6b2011adf002105ee03c4e6,155686.69,111658,47,252,2025-12-19
kafka,PR-21190,3.8,1,13743.0,1766198938.0,UNSTABLE,e8e4f2a87ded1b370b0c0b67e8bb2a536cca668f,105809.88,63978,11,157,2025-12-19
kafka,PR-21191,3.9,1,18153.0,1766198993.0,UNSTABLE,4d31bafed546698ec2e09a82d43b149c1f055d65,160889.0,100087,10,206,2025-12-19
kafka,PR-19263,3.9,6,16044.0,1766426460.0,UNSTABLE,3e7248b236a70f0e1be02c825eeb89288de891ee,188861.11,100157,10,212,2025-12-22
kafka,PR-21207,3.9,3,16346.0,1766469762.0,UNSTABLE,10517a3909c37d0937323d6b658d778ecac62bc2,256626.73,99123,82,218,2025-12-23
kafka,PR-21137,3.9,3,16579.0,1766849339.0,UNSTABLE,cc857636bb6080b4bab8539000bb24a6f17746fe,246152.14,100153,7,219,2025-12-27
kafka,PR-21134,3.9,6,16281.0,1767956981.0,UNSTABLE,b385bce0bcccc24918b2a12b11e9feb05d1a8d7b,238940.77,100167,12,217,2026-01-09
kafka,PR-21351,3.9,1,23330.0,1769213970.0,UNSTABLE,e959bedff1d4ad582f573a2095fe79d4865144f0,450760.84,99498,144,220,2026-01-23
kafka,PR-21505,3.9,1,21797.0,1771392871.0,UNSTABLE,46752a1b622637d9f10a95789c6eb2e6a8c09dfb,536726.2,100243,88,219,2026-02-17
kafka,PR-21568,3.8,1,14999.0,1771951413.0,UNSTABLE,9ac980493543389a618baffad4556fdb87361a67,156703.02,63970,6,166,2026-02-24
kafka,PR-21624,3.9,1,17058.0,1772575957.0,FAILURE,b122cd9f0fb6e0bdb5534e33c55f58908bea4111,114485.6,66742,4,161,2026-03-03
kafka,PR-21669,3.9,4,20460.0,1773186525.0,FAILURE,bfd3e849e3ee5e58d8983efa9b5a64e913a42866,177014.92,33420,45,51,2026-03-10
kafka,PR-21731,3.9,1,17414.0,1773312253.0,UNSTABLE,3a69e8f88361e2e5e84c57e64b6a9317ad59ad4f,270677.12,100161,11,218,2026-03-12
kafka,PR-21731,3.9,2,16663.0,1773603577.0,UNSTABLE,3a69e8f88361e2e5e84c57e64b6a9317ad59ad4f,291983.66,100172,15,220,2026-03-15
kafka,PR-21858,3.9,1,17451.0,1774353691.0,UNSTABLE,2f6f42e53f52dab4c3c379393a33a515a0b8e6dd,266930.1,100132,61,221,2026-03-24
kafka,PR-21870,3.9,1,15897.0,1774446777.0,FAILURE,f60c1f857a196f883a02296fc46de2aa8ad3e24a,184703.7,100171,7,213,2026-03-25
kafka,PR-21669,3.9,8,28803.0,1774475155.0,FAILURE,90c77df5a09adb5619ba240f774e810ce43d7af5,100631.266,33199,36,52,2026-03-25
kafka,PR-21881,3.9,1,19336.0,1774561053.0,FAILURE,abd5cf14250e335eca5642d4bbe8059c5d16decb,312608.28,100174,16,221,2026-03-26
kafka,PR-21669,3.9,9,14903.0,1774632318.0,FAILURE,32fc1bc27144a781e41d290538c73ebc84e1f878,94716.71,33440,5,51,2026-03-27
kafka,PR-21881,3.9,2,23010.0,1774766343.0,UNSTABLE,30bb463dacea6e041d615fd70fe6c4dbe47690c9,631109.56,100177,72,221,2026-03-29
kafka,PR-21893,3.9,1,27125.0,1774831950.0,FAILURE,6920b1709b1926de5af24a07d1aa34be29f348d2,532593.8,100172,55,221,2026-03-29
kafka,PR-21881,3.9,3,16570.0,1774865467.0,UNSTABLE,869d50386519aa7e6d5bc85cfe3f090943268d2e,273309.47,100164,9,219,2026-03-30
kafka,PR-21898,3.9,1,18018.0,1774892316.0,UNSTABLE,32fc1bc27144a781e41d290538c73ebc84e1f878,261764.11,100175,14,220,2026-03-30
kafka,PR-21929,3.9,2,,,UNSTABLE,b9be361df96cc26320bc514b93212382e62f5209,101934.99,33442,5,51,
