pr_name,pr_base_branch,build_id,build_timestamp,trunk_sha_timestamp_sec,build_head_sha,trunk_sha,trunk_sha_source
PR-15294,trunk,1,1706665644.0,,9bed3a2f8045cb79959fb0718f30af9a3c5c0f6a,016bd682fe6353016e01ea69848d0d68bec86a90,build_log
PR-15237,trunk,4,1706687457.0,,a119e750b04f571e5c046c64429dabd946093276,6dd517daac34a8f1f0167abbc66bc80f2cdcec7e,build_log
PR-15271,trunk,7,1706708742.0,,ce76b9e55477fa16a0a9509745ba226773244661,cfc8257479c37e02344689405954b01fcc8f24f7,build_log
PR-15180,trunk,7,1706714401.0,,cf45e71c3f8814147f550e6fe52bd1b03e540f6a,127fe7d2765cfdcee6243cbc62a77a7760b3c84c,build_log
PR-15262,trunk,4,1706722763.0,,b28e21a5f96d580e4463e20eb73738a157eb440c,127fe7d2765cfdcee6243cbc62a77a7760b3c84c,build_log
PR-15253,trunk,11,1706724188.0,,723b95222143df69c3d5000d0fa3782abdc6dfdb,127fe7d2765cfdcee6243cbc62a77a7760b3c84c,build_log
PR-15263,trunk,4,1706758794.0,,cdf9c0f0cf817e68ca27092addb21308a9bc3762,127fe7d2765cfdcee6243cbc62a77a7760b3c84c,build_log
PR-15285,trunk,7,1706783203.0,,ee0009605406d62614e5bc29e8087aaceadc7b5c,6c09cc9586f823dff32c96131f6f377afaebbd2a,build_log
PR-15280,trunk,4,1706790089.0,,6b12b95c5bf9475200e8247a951f319203892366,6c09cc9586f823dff32c96131f6f377afaebbd2a,build_log
PR-15249,trunk,13,1706797025.0,,85e9fd13e1e05532c76aa79401d33045805e6b29,6c09cc9586f823dff32c96131f6f377afaebbd2a,build_log
PR-15229,trunk,13,1706803559.0,,38f41b132178ecfe16d239a45e5886104f19ab9c,8da6508966014898f51a8f899c2df9ab3f9ceb5c,build_log
PR-15299,trunk,2,1706813392.0,,6085a8a8c184c1e44204dcc5a449c41dc1e70c7c,4f0a40590833a141c78341ce95ffc782747c5ac8,build_log
PR-15303,trunk,2,1706835691.0,,b85aa82b665743a674f6b24ef7359f8c201f524d,b8ad609541bb8b224d16ce832a08f51017002bc1,build_log
PR-15245,trunk,3,1706853840.0,,87ad61837738cfe6d1d02b1f0b70bd681360d660,b8ad609541bb8b224d16ce832a08f51017002bc1,build_log
PR-15216,trunk,33,1706866966.0,,22fcb3915e4344f1fd6c4aafa52b423c5a3aec88,b8ad609541bb8b224d16ce832a08f51017002bc1,build_log
PR-11438,trunk,6,1706871997.0,,b2d19f25f1a72082d3f7b1b9208f9b6788a6d5aa,b8ad609541bb8b224d16ce832a08f51017002bc1,build_log
PR-15307,trunk,1,1706872388.0,,ffcfa1a4fb13a1ff66bd56ec4e07a54fa974cd2b,b8ad609541bb8b224d16ce832a08f51017002bc1,build_log
PR-15308,trunk,1,1706878034.0,,9019be10ed84175e29398da36db34c28d6f76837,be92ac521f26dbdb8caa71389696e14968a0c421,build_log
PR-14782,trunk,9,1706882883.0,,9649b2be15a2d224f2a18c4aebb1a82f9b40c313,a101d20c401fffcc32dbc0902ab8cb53a60d1f61,build_log
PR-15047,trunk,3,1706938030.0,,d32b5497525afb8262b1168f87523cfd8d202a76,4169ac9f5dc819c0495247c2230e96581800b1c7,build_log
PR-14663,trunk,30,1706983668.0,,ba2c82c81597d5644148ea3fca02fcbd8df0658c,3db14ec62a462a21f9196bad2f6cc325e30754c6,build_log
PR-15314,trunk,2,1707000850.0,,8a7d11ad4ded40ac93fbd9240b8cfe0614a7d24c,3db14ec62a462a21f9196bad2f6cc325e30754c6,build_log
PR-15312,trunk,2,1707019936.0,,3a83111fcd71315a3dbff7f33f87d716447038e1,3db14ec62a462a21f9196bad2f6cc325e30754c6,build_log
PR-10977,trunk,4,1707042152.0,,ca6fd69b062c3d9445b3a023f14a96c3dc36b7a5,3db14ec62a462a21f9196bad2f6cc325e30754c6,build_log
PR-15315,3.7,1,1707094296.0,,cdfdeacdc78db30845a2b3dcb6d4028bbdf1e87a,d631dca6e7f7b7ce981e4f1685d80fbe4a705912,build_log
PR-15225,trunk,5,1707097956.0,,9046bf265016a655928b29b64928496ee7e69b42,3db14ec62a462a21f9196bad2f6cc325e30754c6,build_log
PR-15152,trunk,30,1707104353.0,,93e8ce5c706f92bbb34f8677343bb1f570648ce1,3db14ec62a462a21f9196bad2f6cc325e30754c6,build_log
PR-10769,trunk,4,1707143285.0,,1e23cbcd1793b8abffc1af3a72627d6753c5110a,68745ef21a9d8fe0f37a8c5fbc7761a598718d46,build_log
PR-10767,trunk,4,1707144153.0,,cbdb91b3c1d8f62e7ea7407919637f77e2e1039f,829d5d45c4210a454bccf2beb659767ff08295b6,build_log
PR-15309,trunk,7,1707160197.0,,5be4f849ea7e644e11903c93b635c6c6449603b0,24a79c2613e32b1d1615f6f34d63225259740d0e,build_log
PR-15243,trunk,4,1707161840.0,,c45345fa402ae7ba1ceeaf99fbbabae7f9bf6616,24a79c2613e32b1d1615f6f34d63225259740d0e,build_log
PR-15320,trunk,1,1707174235.0,,57d4ae6be11dce9f7c08824df74ee4a298b565fc,54ef99f42f8aba2614287295329a68be320cd581,build_log
PR-15321,trunk,2,1707185081.0,,1aa5ad0733cf33c0619b9592dfeaed29098475a2,54ef99f42f8aba2614287295329a68be320cd581,build_log
PR-15317,trunk,2,1707204871.0,,a0cc52a14422a905a88cc1d6d0573d7f44fd2c84,54ef99f42f8aba2614287295329a68be320cd581,build_log
PR-15322,trunk,1,1707219137.0,,df8ed8d8039930d81cdacdf9a3f14449059bb5a9,3c20d4e54a4efcd83859dcf6bda4eaa015f6c8ee,build_log
PR-12148,trunk,4,1707231840.0,,c198a7ea0af0dfa1bf31602e102932b80093573e,3c20d4e54a4efcd83859dcf6bda4eaa015f6c8ee,build_log
PR-9786,trunk,7,1707233820.0,,9f953e44c486e4e5115ce14a6733b39fc9d58fb2,3c20d4e54a4efcd83859dcf6bda4eaa015f6c8ee,build_log
PR-15325,trunk,1,1707248847.0,,4c3d1c7394e956e750e4c8eaaceb7b87e7cba094,d6068189a5c41055f8cf7bb63986a63df19cef9d,build_log
PR-15331,trunk,1,1707272476.0,,d956519f27ee398335d77e2ba5d2fad600e8ff16,d6068189a5c41055f8cf7bb63986a63df19cef9d,build_log
PR-15332,trunk,2,1707291815.0,,506511d92010a749bde3849e41cdedaf7126133a,af0aceb4d718f1b647114857b374806c7c2b67a0,build_log
PR-15333,trunk,2,1707301269.0,,6f62651122087928d2d7def4c45602cb6c0bbf6a,08b68583fa1042c9b9473e4dc9352a3b45c772fb,build_log
PR-15239,trunk,10,1707326937.0,,5e6984adfed398a4463d64edd6ff190e26a4de65,08b68583fa1042c9b9473e4dc9352a3b45c772fb,build_log
PR-15342,trunk,1,1707403484.0,,598ba8ca2836f86a08a598a89886856663ebb332,cd328d84acc956deb61964d238ca803249aa6314,build_log
PR-15344,trunk,1,1707413979.0,,727237551ae689637562472ba65ff1f0355548b3,cd328d84acc956deb61964d238ca803249aa6314,build_log
PR-15319,trunk,3,1707442259.0,,2b3a284b3739f6e5bf579ab3d5b9f8ade1266c91,116bc000c8c6533552321fe1d395629c2aa00bd9,build_log
PR-15340,trunk,3,1707460088.0,,2079badda34cc8d180e16cd0352dd9e217ffd527,116bc000c8c6533552321fe1d395629c2aa00bd9,build_log
PR-15346,trunk,1,1707471820.0,,d1c1af22f4c883173abe54cb44bf789a0daec076,116bc000c8c6533552321fe1d395629c2aa00bd9,build_log
PR-15347,trunk,1,1707482616.0,,5e2978e0e746c2e8e46a5c7423270e5414db31cc,092dc7fc467ed7d354ec504d6939b3fcd7b80632,build_log
PR-15020,trunk,11,1707484728.0,,5bd791df04f12909d275fbba984962b093877def,ec4a8aaadbc95cfcf0de2f5e1385373f095298ca,build_log
PR-14995,trunk,27,1707485500.0,,ddbbac49f18f5967bd3a92efffd6fc6fe8b45b62,ec4a8aaadbc95cfcf0de2f5e1385373f095298ca,build_log
PR-15311,trunk,8,1707486710.0,,da2502b7f89c2dab5236618473765f8477c7a46c,ec4a8aaadbc95cfcf0de2f5e1385373f095298ca,build_log
PR-15324,trunk,6,1707506690.0,,791094e32aed7c490202ffb1cd5ca7c223f23a04,ec4a8aaadbc95cfcf0de2f5e1385373f095298ca,build_log
PR-15349,trunk,3,1707517778.0,,5f0c4766117a86a84ff9679a1665ab9103a38f9e,ec4a8aaadbc95cfcf0de2f5e1385373f095298ca,build_log
PR-15350,trunk,1,1707526181.0,,3f6080866b6d9bd9aed97b82ab7fb082547f74dd,ec4a8aaadbc95cfcf0de2f5e1385373f095298ca,build_log
PR-15313,trunk,9,1707588305.0,,e0ed970f5584055525358a44717a7406694866fa,b25c96a91599ea029eae77c55cffaeafcc87b8a4,build_log
PR-15256,trunk,22,1707600778.0,,c33131c6988ed1c83e703fd856ac66eb86ae0f4b,d233eb98f7c7e55fe0dd673dbc058ddf619663a7,build_log
PR-15351,trunk,1,1707649027.0,,300c41d6e2f0ff6bb4ab9cb6f5a1c08ae732fac4,d233eb98f7c7e55fe0dd673dbc058ddf619663a7,build_log
PR-15352,trunk,1,1707715070.0,,b5cb06c5be402d834290f84a6709a9fb46d3ea13,d233eb98f7c7e55fe0dd673dbc058ddf619663a7,build_log
PR-15275,trunk,10,1707728334.0,,d247d529936070d451277fc7100ff829fe36a6fc,6a4078ddde7888ca12582b6dff13f9ece0cf4d59,build_log
PR-15264,trunk,12,1707730604.0,,c3f2a5cda901d306e64f0e883c245afffa608d53,6a4078ddde7888ca12582b6dff13f9ece0cf4d59,build_log
PR-14862,trunk,20,1707735314.0,,d83d888f7f6c014093c6b93371e1fe51f3723213,6a4078ddde7888ca12582b6dff13f9ece0cf4d59,build_log
PR-15353,trunk,1,1707741816.0,,dcc82084d3744fe4539edddbf7e781fe48eb3895,5cfcc52fb3fce4a43ca77df311382d7a02a40ed2,build_log
PR-14034,trunk,23,1707753426.0,,573b53ddf4491e4404bcec0d28119a964c906c1a,c6f4c604d8e50ad9e182eeb66f0d1650aa44f277,build_log
PR-15101,trunk,13,1707756141.0,,b1fb3ef9b36e42f9d2955cbd87e4a3d49ea42b22,c6f4c604d8e50ad9e182eeb66f0d1650aa44f277,build_log
PR-15356,trunk,2,1707756428.0,,b93be6c57de408cf220ab332ffbe075cc3152651,c6f4c604d8e50ad9e182eeb66f0d1650aa44f277,build_log
PR-15358,trunk,1,1707766851.0,,a6db9bb0e901548d9772817c90d28eb3c436eed4,794c52802c0bcc2676d750613fefe14006d03a44,build_log
PR-14604,trunk,4,1707769656.0,,9a33f848721e06e65ff62ca7f20f64d2b94b72d0,794c52802c0bcc2676d750613fefe14006d03a44,build_log
PR-15286,trunk,4,1707786383.0,,c5ee97291bce808bd8ecada19873d20accb85796,794c52802c0bcc2676d750613fefe14006d03a44,build_log
PR-15274,trunk,14,1707821644.0,,bd32996701015dae85913a750fa2501b2c8085fd,88c5543ccfb517ceba8dc56d22576efdf2540e0e,build_log
PR-15362,trunk,3,1707832064.0,,47115a5b1c13bfd8637f5faa0ab98c73167bb261,011d2382689df7b850b05281f4e19387c42c1f4d,build_log
PR-15354,trunk,4,1707835225.0,,5bf9b2ffc7c7067287ff0c8b51319f72eb9eb1ce,011d2382689df7b850b05281f4e19387c42c1f4d,build_log
PR-15348,trunk,4,1707863215.0,,94e9218acc14a0bf2c7a1511058bc48e287cd084,be6653c8bc25717e25a7db164527635a6579b4cc,build_log
PR-15359,trunk,2,1707869827.0,,a95afbdc8bae378037d7abcc0bf9b802805ff284,be6653c8bc25717e25a7db164527635a6579b4cc,build_log
PR-15366,trunk,1,1707871830.0,,b31840f8d7bd6a88da4a7a1f190b0ab438b817ef,be6653c8bc25717e25a7db164527635a6579b4cc,build_log
PR-13862,trunk,9,1707892988.0,,9e7d566f955d6fb68e5fd8245b9eda9316120a54,be6653c8bc25717e25a7db164527635a6579b4cc,build_log
PR-15368,trunk,1,1707901506.0,,fb0d8fa049753ba13ed3ccd7536c652faa792471,d24abe0edebad37e554adea47408c3063037f744,build_log
PR-15370,trunk,1,1707920240.0,,149adade6b8cd909d81363ff0d5c956f0fbddd0f,d24abe0edebad37e554adea47408c3063037f744,build_log
PR-15371,trunk,1,1707921384.0,,9896013a2a9a9da2f245791f5326cc1885ba34c1,d24abe0edebad37e554adea47408c3063037f744,build_log
PR-15323,trunk,18,1707933136.0,,804c62999ccd0b1642e12067eade67c7cf08ba4d,e8c70fce26626ed2ab90f2728a45f6e55e907ec1,build_log
PR-15376,trunk,1,1707948834.0,,286c5d286463276fb37d0c1918efc1b44c5852f8,e8c70fce26626ed2ab90f2728a45f6e55e907ec1,build_log
PR-13931,trunk,8,1707996336.0,,019538f729fee7c0f37798cf6d216c86afe34c57,5edf52359a99db801db91927c282af06b5ca4ee0,build_log
PR-15375,trunk,3,1708012404.0,,84661c86ae69e21a0cdccfbdf5b588054370170a,5edf52359a99db801db91927c282af06b5ca4ee0,build_log
PR-15378,trunk,2,1708028798.0,,6e5e2ed696f4c33ab213697ddfa30afd9ed69eaf,ff90f78c700c582f9800013faad827c36b45ceb7,build_log
PR-15328,trunk,9,1708033539.0,,1b37a807eaddc6a0dbecbff32c56fc5e16a81321,ff90f78c700c582f9800013faad827c36b45ceb7,build_log
PR-15380,trunk,1,1708049579.0,,91edb3111dbe2cb912862e016aa6efaec2605c60,ff90f78c700c582f9800013faad827c36b45ceb7,build_log
PR-15381,trunk,1,1708063257.0,,547d50048497571d4c2c008362f79f10219cf32d,553f45bca8a936d971af03e1552f2fe3f9c54fac,build_log
PR-14953,trunk,3,1708080855.0,,2d7df0318d7a1c639942c769e1da982891eee2f7,7a07aefd86f32824ade4821deb4bd81400b99d91,build_log
PR-15092,trunk,13,1708084307.0,,dd7a8858aa480923ce2f0f87c013027503edc309,ddc5d1dc349d98dc430fb1f67a6f4ca108dc00e4,build_log
PR-15383,trunk,2,1708099653.0,,9644e6b12cd6a67c06e95cab63b1e3c6e4e647d5,ddc5d1dc349d98dc430fb1f67a6f4ca108dc00e4,build_log
PR-15300,trunk,17,1708100555.0,,09f3e08b2854728f4909995c1d9b7eec5994c069,ddc5d1dc349d98dc430fb1f67a6f4ca108dc00e4,build_log
PR-15219,trunk,10,1708116862.0,,1d1875f48b0700e8fd08397aa5b731775c601d98,756f44a3e582902827ae45daf382556c7fba99a0,build_log
PR-15382,trunk,3,1708118106.0,,9d976a362c20bdffc009d563c2d8095a1d22ba29,756f44a3e582902827ae45daf382556c7fba99a0,build_log
PR-15296,trunk,6,1708120585.0,,847f2bb83673cd10e1a3ee1edf4756ca6f87457e,756f44a3e582902827ae45daf382556c7fba99a0,build_log
PR-12740,trunk,7,1708135213.0,,bde43bca63e0531001573e5c1a1f95e929c7c8aa,756f44a3e582902827ae45daf382556c7fba99a0,build_log
PR-15374,trunk,3,1708164060.0,,b9b482728e7cfade27402d6fb2539efb2915e5ac,e247bd03afe66d61426a9029220d06438dede3dc,build_log
PR-15386,trunk,1,1708170211.0,,c36424e4951ba6b743e8a83b9654e2ae46a91958,e247bd03afe66d61426a9029220d06438dede3dc,build_log
PR-15388,trunk,1,1708308164.0,,2a23162780e47190b1211a22074a1ffca5aabca5,e247bd03afe66d61426a9029220d06438dede3dc,build_log
PR-14744,trunk,4,1708324246.0,,8f63bdcf38f0bc319d8b3029d7a28c490a1853f3,e247bd03afe66d61426a9029220d06438dede3dc,build_log
PR-15279,trunk,2,1708333798.0,,4c489eb9308e8a6b3530fe88c81292e71e8dc881,e247bd03afe66d61426a9029220d06438dede3dc,build_log
PR-15372,trunk,4,1708362219.0,,c823d57e9dad6b2e8a633fa07d964628c039e2c7,b71999be95325f6ea54e925cbe5b426425781014,build_log
PR-15316,trunk,8,1708365614.0,,27c890310cfe74f9cd74f2959a0d0fedb8ec2240,b71999be95325f6ea54e925cbe5b426425781014,build_log
PR-15391,trunk,2,1708369074.0,,f6ed9f45bdf48ca4b95207d88c9be6d23c6ee7de,b71999be95325f6ea54e925cbe5b426425781014,build_log
PR-15393,trunk,1,1708434846.0,,d0512175edaf90da8d575d873c9b80873fb7ce1c,ead2431c37ace9255df88ffe819bb905311af088,build_log
PR-15394,trunk,1,1708443547.0,,eab6e845445e3eed47df2b96afe185ec94f50fcd,ead2431c37ace9255df88ffe819bb905311af088,build_log
PR-15357,trunk,8,1708448351.0,,f95fde36777afae4fad69cdc600cb0b8df608800,ead2431c37ace9255df88ffe819bb905311af088,build_log
PR-15306,trunk,4,1708448473.0,,6085a8a8c184c1e44204dcc5a449c41dc1e70c7c,ead2431c37ace9255df88ffe819bb905311af088,build_log
PR-15398,trunk,1,1708459060.0,,dca0c1c913b6484dceb80a77eaeabac76e5e9731,ead2431c37ace9255df88ffe819bb905311af088,build_log
PR-15405,trunk,1,1708509100.0,,a2442cf27ad739dde9e9bd8e739d2ef59810de51,9118ad653fa4a076bf1b774c22aa015dfc2c2aab,build_log
PR-15369,trunk,10,1708514260.0,,b9f16b7de72e7eb1048c7ad6fd4619f870966001,cc49fc76564b15f2111801faf62341aaf01c4d8c,build_log
PR-15404,trunk,3,1708515295.0,,27a4aa9e9620473db158177d761e7a78690bbd17,4c012c5c23b9b5031f4cfbf932ba399afd72e156,build_log
PR-14605,trunk,4,1708524401.0,,d53139acd6330c0c025e677da16c57ef4cb7a6c0,4c012c5c23b9b5031f4cfbf932ba399afd72e156,build_log
PR-15421,trunk,1,1708613697.0,,4bb7ac689fbef4c6790af867498f151ad19e93b4,98a658f871fc2c533b16fb5fd567a5ceb1c340b7,build_log
PR-15422,trunk,6,1708645280.0,,f14674d34256df8b61579e1ac556daad84507c91,a512ef1478ae0d42cbc1fa0db39d61376961063b,build_log
PR-15423,trunk,1,1708651233.0,,14b5017b0d5e5af05f2ade806f4059c5277a549e,661e41c92f9cee4ea97835de40ecf328330465f5,build_log
PR-15399,trunk,4,1708651309.0,,0791f12f79b1a73d2d4e0a64c42d553b946af350,661e41c92f9cee4ea97835de40ecf328330465f5,build_log
PR-15392,trunk,6,1708660508.0,,705254d496bfe36d9708e5dc55996a5143416ee9,06392f7ae272af33e6789ce48fc840005fa24899,build_log
PR-15419,trunk,2,1708681785.0,,ee03cd08445ce0d1d305863ef50332aae7dd2f58,06392f7ae272af33e6789ce48fc840005fa24899,build_log
PR-15420,trunk,2,1708681850.0,,d4c1efe8ffb94f90784353588cadceff056c84e3,06392f7ae272af33e6789ce48fc840005fa24899,build_log
PR-15415,trunk,8,1708705726.0,,a30e2d1c157903546ac643e142f2da50c540d6ca,7efdf40a77cf1c929e785ba04fa2363d4989c4c4,build_log
PR-15397,trunk,6,1708706875.0,,648800b512380eae09d0c4d8729de0d38fc8c58e,7efdf40a77cf1c929e785ba04fa2363d4989c4c4,build_log
PR-15384,trunk,13,1708734818.0,,91d686e89dd7af8a8ff01499ed3072301c6e7fcd,474f8c1ad620d1f982ac15cd418ae8462dec4d9e,build_log
PR-15429,trunk,1,1708746614.0,,2ddab35af5be810d7687214638d9dde3eb7886e0,474f8c1ad620d1f982ac15cd418ae8462dec4d9e,build_log
PR-15295,trunk,18,1708771841.0,,091b44e9bc0d2080ea7f46e6ed06d7f31cda2a3b,474f8c1ad620d1f982ac15cd418ae8462dec4d9e,build_log
PR-15416,trunk,9,1708928810.0,,3dc1770c20a1b7721e7300d2de9b79993103983d,b4e96913cc6c827968e47a31261e0bd8fdf677b5,build_log
PR-15431,3.7,1,1708945939.0,,654bd6d483d9e08fe45caa909c2c7f58f73748c5,9603d4c9ef1cffc33f5f378f1ec7c5c0d0dacdd5,build_log
PR-15385,trunk,5,1708951687.0,,ca7ac065a91ac9c15ae5f9b09b3f336c1753b11d,9bc9fae9425e4dac64ef078cd3a4e7e6e09cc45a,build_log
PR-15435,trunk,1,1708982762.0,,925c61a99ce51103af1ab3188997def5ad1f767b,9bc9fae9425e4dac64ef078cd3a4e7e6e09cc45a,build_log
PR-15436,trunk,1,1708987534.0,,6020f337549be122c4eb70cf1426f4de7554e5a4,027fad4b2a0d173df075f82e93501afb645ecc12,build_log
PR-15424,trunk,3,1709001753.0,,5826d19104bfa03951a50f2113a59eba84009609,ddfcc333f8d1c2f4ab0a88abf6d664153d6e82fd,build_log
PR-15433,trunk,2,1709023780.0,,c03717369046fac2135ef2c7ed0525be825a00f7,1c9f360f4af00c8cfcc18df3a10fb66ae1cf6b8e,build_log
PR-15434,trunk,3,1709031628.0,,d9543932dcb63efb45c2d6e5704f044cb44ba95a,3075a3f144c0583f570a888294087ef65ed379c9,build_log
PR-15227,trunk,7,1709048879.0,,6615dfe19d39614b264170dbc00456c18d0e4938,097932752087be671f3411d531c50a623dc41b87,build_log
PR-14841,trunk,4,1709092358.0,,ebe82f8d8648356cff6301f13ea9455253e8dfa7,097932752087be671f3411d531c50a623dc41b87,build_log
PR-15339,trunk,10,1709092408.0,,16fcc5d3cd1a64bebb81c1f7e7bd387f515e852f,097932752087be671f3411d531c50a623dc41b87,build_log
PR-15430,trunk,4,1709110282.0,,244520ccc332e64bbaf2b8289d472da525cf0bd0,097932752087be671f3411d531c50a623dc41b87,build_log
PR-15150,trunk,22,1709135770.0,,2a421bad3cb7bac23235c079adbe64c4fd910581,52289c92be45ba3758d07376d9c64ddadbecb544,build_log
PR-15213,trunk,5,1709143532.0,,ac2014133d778eea5a6f4fcff56d70fecdb65cec,52289c92be45ba3758d07376d9c64ddadbecb544,build_log
PR-15443,trunk,1,1709162834.0,,06a386fd203b4b3d3b2161500aa7d3d8e493ddac,52289c92be45ba3758d07376d9c64ddadbecb544,build_log
PR-15438,trunk,11,1709175452.0,,4b798b6896f0b5c3c23b974c0cf90944811d1679,55a6d30ccbe971f4d2e99aeb3b1a773ffe5792a2,build_log
PR-15432,trunk,4,1709197888.0,,a92a06985de6f8edbad80df88d44c744f6bcfc19,96c68096a26ea5e7c2333308dfbaef47cb1eac72,build_log
PR-15289,trunk,3,1709210200.0,,394f2e30e3ac2110921f8e1ea2978c405194a11b,f8eb4294d67b37e854aa14fb989d5e074df82ac2,build_log
PR-15361,trunk,7,1709219831.0,,2206c2dd0372b59091bffc1183e78dbe749eff42,d066b94c8103cca166d7ea01a4b5bf5f65a3b838,build_log
PR-15355,trunk,19,1709229502.0,,ea85ddae071bf187bc23a06d05afabc4729c1f5a,d066b94c8103cca166d7ea01a4b5bf5f65a3b838,build_log
PR-14206,trunk,24,1709233515.0,,59b3abc20486dcbeb39371312b6fb1aca0add98b,d066b94c8103cca166d7ea01a4b5bf5f65a3b838,build_log
PR-15445,trunk,3,1709235334.0,,287697f79e45f8e85ffceccf2f69ce808f8316d4,d066b94c8103cca166d7ea01a4b5bf5f65a3b838,build_log
PR-15437,trunk,2,1709287973.0,,5e5352d492457fd4ec1e3a334e7227651fbb100b,d066b94c8103cca166d7ea01a4b5bf5f65a3b838,build_log
PR-15440,trunk,4,1709288799.0,,33171ca5607cefd3b92b42126167310668d42aef,c8843f06841d7f3c94b640ec9dbf69ec4682ec11,build_log
PR-15452,trunk,1,1709301480.0,,25f2704dc4c99d3d8402ddd7a17c4114e1974761,c8843f06841d7f3c94b640ec9dbf69ec4682ec11,build_log
PR-15453,trunk,1,1709301922.0,,0aafccff470fa1f134310b378620c9f9bc9ac38a,c8843f06841d7f3c94b640ec9dbf69ec4682ec11,build_log
PR-14818,trunk,4,1709303509.0,,3ed11f5d7dea898dbd4d7868b8094b53540b9643,c8843f06841d7f3c94b640ec9dbf69ec4682ec11,build_log
PR-15448,trunk,2,1709321015.0,,696210a53fec6688638f237ba778129f85144e2c,52a3fa07446f9c108399d47dbfb1685989a5d6eb,build_log
PR-14365,trunk,9,1709412188.0,,c28ffc7e8a84269c38a3bc943f76ea77be080b1b,52a3fa07446f9c108399d47dbfb1685989a5d6eb,build_log
PR-15459,trunk,1,1709437020.0,,c485e8cce7593453e9737e109d1a93ecd1e5ab0e,52a3fa07446f9c108399d47dbfb1685989a5d6eb,build_log
PR-15458,trunk,2,1709448270.0,,89ef7d27d97f15c1ea4946fd92fd8b9cf4ed8c76,52a3fa07446f9c108399d47dbfb1685989a5d6eb,build_log
PR-15460,trunk,2,1709518362.0,,8dada550f39ecf1918fe07f76842831165eda036,907e945c0b70263d312038d448196fff1f49a98b,build_log
PR-15402,trunk,7,1709523757.0,,59f36f67903ba082d99d0776230aa31f4d69ed47,907e945c0b70263d312038d448196fff1f49a98b,build_log
PR-15426,trunk,6,1709535557.0,,a832dd37668558cdf7e5dbf0ecd8be8709cc21f9,907e945c0b70263d312038d448196fff1f49a98b,build_log
PR-15395,trunk,2,1709543217.0,,58c5e1edc624482254cc50b857d443edff6fa400,2c0cab39aedab3a8635510acfac2551aaeb62ffb,build_log
PR-15464,trunk,2,1709561714.0,,13fb463673f0fe7412a34376c3824b250f4bfd7e,c254b22a4877e70617b2710b95ef44b8cc55ce97,build_log
PR-15467,trunk,1,1709570387.0,,90a37d727b8a882f3756dcaf54e0ec5b302a8bf8,c254b22a4877e70617b2710b95ef44b8cc55ce97,build_log
PR-15447,trunk,4,1709585993.0,,b582141b2dcd5fc96bd795a7f248383bb8564c90,c254b22a4877e70617b2710b95ef44b8cc55ce97,build_log
PR-15387,trunk,4,1709591374.0,,4647fc1a4c30aa43be6790bb6a1bf1c0d4b1a2e7,c254b22a4877e70617b2710b95ef44b8cc55ce97,build_log
PR-15349,trunk,8,1709593627.0,,8e8d2dad1c817be2b062e0ef61850391d99ed2c9,c254b22a4877e70617b2710b95ef44b8cc55ce97,build_log
PR-15472,trunk,3,1709632890.0,,c98f8c7500799e21b6d2617ac34133554bcf86aa,47792770a28a0b4a6c321a1822b522f4e81068d6,build_log
PR-15444,trunk,4,1709646884.0,,bbeb437bac0c3de461830a1b010fb52ce385145a,eea369af947dcff567f849183ba2217ac5e9a2ba,build_log
PR-15473,trunk,3,1709648295.0,,0c7e26ffeecd4063778c7691b3befb113928ece4,eea369af947dcff567f849183ba2217ac5e9a2ba,build_log
PR-14426,trunk,31,1709651502.0,,664e4284a88f59cd9dceb5361efde5aa76ef9bed,2f401ff4c85f6797391b8a3dd57d651f4de3d6ad,build_log
PR-15449,trunk,11,1709653037.0,,247f4c824f77cb4a5e7ec6b7401b4b9806e4f39c,2f401ff4c85f6797391b8a3dd57d651f4de3d6ad,build_log
PR-15450,trunk,4,1709656807.0,,df5a2733cbc8a3ba1f5d96a967a860fee566ae8b,2f401ff4c85f6797391b8a3dd57d651f4de3d6ad,build_log
PR-15455,trunk,5,1709673640.0,,b075b29b039062bed651e5175858b5ceac6fd650,1ca939128521459ef921d3ec71dda2a507ba1f15,build_log
PR-15468,trunk,2,1709686920.0,,4a94d7fc45c67befb22f0a5b1cb07927dc90ba48,c254b22a4877e70617b2710b95ef44b8cc55ce97,build_log
PR-15480,trunk,2,1709692471.0,,482632fcf13594a7c9579a79c3e2f71cb8a747e2,e81379d3fea956dd8900b7f4b68e0c1328401871,build_log
PR-15449,trunk,13,1709696914.0,,19d210e941fc4a9d94576ebf5cf04985b0017497,e81379d3fea956dd8900b7f4b68e0c1328401871,build_log
PR-15365,trunk,18,1709706519.0,,df6340f3dbe21772aaf3c9908b486e06614eaebb,e81379d3fea956dd8900b7f4b68e0c1328401871,build_log
PR-15363,trunk,15,1709745235.0,,0c3394172399deb02a2f0bcc97da1332cee1adec,bc0c73e944af69966c43d51d20417b441aa0f3f5,build_log
PR-15261,trunk,2,1709745305.0,,2c621e0d61474c84295c0d30d01c249f6db74cf1,bc0c73e944af69966c43d51d20417b441aa0f3f5,build_log
PR-15457,trunk,7,1709751635.0,,bdf8f5b0610e3677d0bc140a79f455d71826ca3d,62998b72642109ac455564d26c08e37eb0e9f0ea,build_log
PR-15485,trunk,2,1709768039.0,,19c43158315ab8070e3397184f3e8acc5c29711d,ccf4bd5f4621b80f5b1d3700df30e3b444381927,build_log
PR-15409,trunk,2,1709772718.0,,cacd8a51de8115da92c94349b970304c8d7cb437,5f4806fd1c0eb0ef67885a5a7f12de282f494933,build_log
PR-15479,trunk,2,1709806213.0,,ecb789fc63c8500b3478774bfa5654a5452248e2,a33c47ea4ddc810d66b6ed17ab74e40c5b7668fb,build_log
PR-15462,trunk,5,1709809567.0,,6b3832063883e932abc8c85030d81257ef598ebd,a33c47ea4ddc810d66b6ed17ab74e40c5b7668fb,build_log
PR-15487,trunk,1,1709813196.0,,bb2ec28f71d2706eb900f3fb2cf7d190e77c3706,a33c47ea4ddc810d66b6ed17ab74e40c5b7668fb,build_log
PR-15488,trunk,2,1709819518.0,,c34c3c175751aef7cc4b8c869008462ab1aad923,a33c47ea4ddc810d66b6ed17ab74e40c5b7668fb,build_log
PR-15490,3.6,1,1709822632.0,,caf09dca0a7d41a67a22694584d8ec18a6d04934,6770b477daf2591b2ea37df546d80a5021304897,build_log
PR-15466,trunk,3,1709839299.0,,1dd3bce2287d540dd0873d645917dcc92b035f2c,5dd382ccbd1fada55cc44a5223dcae56e0e8811d,build_log
PR-15442,trunk,15,1709846842.0,,5bd78e15f84d7367098ddb6f6f33d0379e3188c2,5dd382ccbd1fada55cc44a5223dcae56e0e8811d,build_log
PR-15493,3.7,1,1709847974.0,,e478cb2000ae33716e01dea6d03e8412d45b8471,0760ca5e942eb67407b9d3a3c46620c5a3e97140,build_log
PR-12742,trunk,15,1709861400.0,,55660fb2215e8aed57f835dbb6ec4b35ef1ecf39,3f3cee1b21f71bcc3f478514bc996e6c9ef6ccaa,build_log
PR-15465,trunk,6,1709877555.0,,dfe6c95b1c5a1b1e2c0c265d8e266fd44da7504b,3f3cee1b21f71bcc3f478514bc996e6c9ef6ccaa,build_log
PR-15496,trunk,1,1709890376.0,,db0ebfc76204a2b0635df3d5969ad4b97ee6605c,3f3cee1b21f71bcc3f478514bc996e6c9ef6ccaa,build_log
PR-15497,trunk,1,1709892879.0,,605bf911c643a972ee11fafce4f0cec82771b3e8,3f3cee1b21f71bcc3f478514bc996e6c9ef6ccaa,build_log
PR-15498,3.6,2,1709902279.0,,6742fb4bc84e9c2faded9cc8fdbe027e9ea1e3c4,a49da1049823e4d7a76a1b8c3343095affd0a199,build_log
PR-15499,trunk,1,1709928020.0,,c922dcfa92db1f1cdd3de9329c5558bc762c8325,414365979e960d0705f955579836faff6881f46a,build_log
PR-15201,trunk,5,1709928305.0,,c402edaca665e2ac610ddc29c50ef17df3540076,414365979e960d0705f955579836faff6881f46a,build_log
PR-15503,trunk,1,1709969733.0,,c8bb8449eb7f1cbf81fad3c59f4fa7cc1544042a,432825df95fe9824da05cf86cd40b7741210deb2,build_log
PR-15504,trunk,1,1709989392.0,,28ceb8b6f5109682582d33064169e664de1813a0,432825df95fe9824da05cf86cd40b7741210deb2,build_log
PR-15506,trunk,2,1710079266.0,,20c59bc47fa7d26a03a2192f964beef8d2a7aff2,1bb36c2bc12efb537a0f0b160b7013e83f8b34a7,build_log
PR-15491,trunk,2,1710175646.0,,3818460ec887a0b71575ba32a891cb8523a9d98b,8b72a2c72f09838fdd2e7416c98d30fe876b4078,build_log
PR-15517,trunk,1,1710185502.0,,db5382b9646f8d99c07a836fc600457fd7d5caf3,8b72a2c72f09838fdd2e7416c98d30fe876b4078,build_log
PR-15518,trunk,4,1710191680.0,,44b01153a4cb60e6747fca9e90f21d624b5f28a4,8b72a2c72f09838fdd2e7416c98d30fe876b4078,build_log
PR-11982,trunk,8,1710232483.0,,88fbbc8354aba0d594c7875ba8c10c8c7d4a6b84,8b72a2c72f09838fdd2e7416c98d30fe876b4078,build_log
PR-15364,trunk,6,1710251731.0,,9761d2b667eeef255a97e702c2613118d30cacd8,58ddd693e69599b177d09c2e384f31e7f5e11171,build_log
PR-15277,trunk,19,1710295498.0,,44bcd1616038329f9a3d81b3e98980251b9761d3,2c613b2d42fc3d6f7dfd89d23c08ef51dd90ba4b,build_log
PR-15474,trunk,12,1710335167.0,,51b383dcadae2ae0bb262e3f2ef588777dbfa9ce,2c613b2d42fc3d6f7dfd89d23c08ef51dd90ba4b,build_log
PR-15511,trunk,2,1710344370.0,,62d44cf99cea3149d7dc0b24600899ccdf0643a1,2c613b2d42fc3d6f7dfd89d23c08ef51dd90ba4b,build_log
PR-15526,trunk,2,1710346400.0,,282309b3f787e71565f095ce234c8a81366fa9f9,2c613b2d42fc3d6f7dfd89d23c08ef51dd90ba4b,build_log
PR-15528,trunk,2,1710350133.0,,0c12561850c425c61eb42c81ad678966e01693b5,2c613b2d42fc3d6f7dfd89d23c08ef51dd90ba4b,build_log
PR-15519,trunk,3,1710356987.0,,581d313f97bed9dd569ab8ca33bb263ec86094c4,aa7bef414e2e08fbe35923979e0c8fc8438e594e,build_log
PR-15523,trunk,2,1710413888.0,,1481d215c7b4ef3b0b3c375878caa5f4af52f8d2,2c49a765735152f72d6a5120b6c6403fc03af43a,build_log
PR-15454,trunk,5,1710430096.0,,409d206e943d2e442452f0a9fd0e91378747908f,2c49a765735152f72d6a5120b6c6403fc03af43a,build_log
PR-15536,trunk,1,1710441638.0,,719ab93e9413c438db780c23208ddeae4547b11e,37212bb242f937c0f0f8936350777686528291a4,build_log
PR-15538,trunk,1,1710451667.0,,4b5a6d7619c3a69423bc63921a4a100cc5834aab,178761eb36a3d0e82526a9694378fc2c9bdc7dd6,build_log
PR-15539,trunk,1,1710451858.0,,c70c5fbb4af8806c8faeaf6fd16ca20bba6c60b4,178761eb36a3d0e82526a9694378fc2c9bdc7dd6,build_log
PR-15540,trunk,1,1710451998.0,,f906bbb37061901b4dedc13ae72a0081a6c2b9ca,178761eb36a3d0e82526a9694378fc2c9bdc7dd6,build_log
PR-15330,trunk,53,1710452164.0,,3071b8a19e7d69509e3badf2f8221e7666abee5a,178761eb36a3d0e82526a9694378fc2c9bdc7dd6,build_log
PR-15537,trunk,2,1710452249.0,,a665e863b97f9f5e7ffa26a30efe1100269bdc34,178761eb36a3d0e82526a9694378fc2c9bdc7dd6,build_log
PR-15188,trunk,26,1710460691.0,,969e0a622f1bfdbcadcef690696fb469b36ccc68,834efa66062687f520a9e936a5ee2798310d8bcf,build_log
PR-15507,trunk,8,1710461002.0,,204bdf50d5480d49dcc7ce7012f02eff237ed3ab,834efa66062687f520a9e936a5ee2798310d8bcf,build_log
PR-15542,3.6,1,1710469807.0,,14a7892bdd73b693c5d82bdbe21a0e95dd297f5e,6a3cc229895b36373360a079d970e071d318e4fe,build_log
PR-15508,trunk,3,1710482520.0,,6a50f5f22b8a24e13052ebb9ab3217e31058032d,e4c53d093eb70c29395e98b732749964572085a8,build_log
PR-15543,trunk,2,1710490528.0,,3900718c9c9f9735fb52f49efc2cd56d1269fc4c,96bfac42168c5b195bd2e0551f21697ca73ed9f7,build_log
PR-15544,trunk,1,1710494097.0,,1bce9597cb3af6f0b9ff04513ce3d36206394e2c,96bfac42168c5b195bd2e0551f21697ca73ed9f7,build_log
PR-15401,trunk,7,1710506279.0,,f77b1cd04d2f7354f9412979f12d3ae006bf2e6f,fa190cf18e6101b8e0212b6f79bb585ccfeb0437,build_log
PR-15545,trunk,1,1710507010.0,,8a09f56e1704e331a338e07e3d2f7cd6c00c5f2e,fa190cf18e6101b8e0212b6f79bb585ccfeb0437,build_log
PR-15414,trunk,23,1710541905.0,,d0b8d8837db3ab63d7443cfa5a18f36ad2be2f22,3f666026260472179c17ded967a8d9577107e1f0,build_log
PR-15547,trunk,1,1710542331.0,,9c21a3556c25dd2a0f23f5800ae47dfb32fde960,3f666026260472179c17ded967a8d9577107e1f0,build_log
PR-15494,trunk,5,1710546865.0,,1b220399b58bf05b58d56599607164b33dce2c5c,3f666026260472179c17ded967a8d9577107e1f0,build_log
PR-15476,trunk,10,1710572514.0,,71cb747ff3f4d0848a84b190f2939b17e8ac3d7c,3f666026260472179c17ded967a8d9577107e1f0,build_log
PR-15548,trunk,1,1710646171.0,,1b66baf48acd85af2a04eaaa147324449acb81f8,313574e329ef55ce2da3641430add3c4473d621a,build_log
PR-15495,trunk,2,1710671804.0,,0b28dd4478726b623d88c89ac6f2e5fc0f035ffa,313574e329ef55ce2da3641430add3c4473d621a,build_log
PR-15483,trunk,7,1710691238.0,,1a1be10c8468ea6c11a6da7ee79ad879010ab3fe,313574e329ef55ce2da3641430add3c4473d621a,build_log
PR-15551,trunk,1,1710703892.0,,5c9250f5549312ca8c8fce7987981736e95bf10c,313574e329ef55ce2da3641430add3c4473d621a,build_log
PR-15552,trunk,1,1710726152.0,,2b8ffb45310b4c91ca3d7d527f53898e04f8ca78,313574e329ef55ce2da3641430add3c4473d621a,build_log
PR-15530,trunk,10,1710755418.0,,fa84a5a5c64b365e6f7ed074810f737c87b2efe5,359982328840226fecd9e655197fee07a6bdc538,build_log
PR-15554,trunk,1,1710759270.0,,154b4c056b6f3d83e5274fe85c68cff7ddb410bc,5c929874b88b3b96f650de0f733d93d42ac535a4,build_log
PR-15273,trunk,7,1710784057.0,,d4fcdc28d9c8ba8d2287074f563b3f250c2c9a4b,5c929874b88b3b96f650de0f733d93d42ac535a4,build_log
PR-15524,trunk,4,1710792605.0,,e15b50d67c67c69379d935f89cd9d026fbab8d8f,67cb742b540796c80553f8ef03b8ccf10274ce7c,build_log
PR-15481,trunk,5,1710817728.0,,f8d2296cb6cff72a7bbd61b427838d8c23f5c7da,1d6e0b872757317a23203e114303fbfb0a0a0c84,build_log
PR-15533,trunk,3,1710858341.0,,ff476a2c83a018af1d1b4e25803788fcfc1fa0c2,1d6e0b872757317a23203e114303fbfb0a0a0c84,build_log
PR-15512,trunk,10,1710863178.0,,340841bc86f2aa92f66d6c3d3ce16b3e40ef146f,bf3f088c944763d8418764064f593d0bf06fbcc3,build_log
PR-14471,trunk,71,1710870492.0,,6645d62f3fe488ce013b1fe2d8986757c89a784b,bf3f088c944763d8418764064f593d0bf06fbcc3,build_log
PR-14675,trunk,49,1710879853.0,,53fad498b5ce125b871da5602c353ef39bdf4918,bf3f088c944763d8418764064f593d0bf06fbcc3,build_log
PR-15546,trunk,8,1710881401.0,,84a6ce8e5c680556fade42c82b0beb085ac0e323,c66d66dc67b3aacb60f438bb4c5c1c132e8be4f2,build_log
PR-15254,trunk,5,1710948790.0,,99743362c4ff29c7062c0e2867c6b85312593336,3e3c618bdc90ea225632a6aeecb0e65b5ac8294f,build_log
PR-15563,trunk,1,1710950331.0,,ddb100658cbc1a2568333d6c483d19e60f039ed8,f1d741a9c1057eb40a57d6ffbc81edb7e529e1f5,build_log
PR-15566,trunk,1,1710966756.0,,babee722e82374e20729faf60664962faa282955,f1d741a9c1057eb40a57d6ffbc81edb7e529e1f5,build_log
PR-15565,trunk,2,1710968533.0,,08d96ebe8e7632333afaab120d1fd3c704a862e4,f1d741a9c1057eb40a57d6ffbc81edb7e529e1f5,build_log
PR-15567,trunk,1,1710978406.0,,064ea174a6a986fd8236787f642e974948be6ba2,f1d741a9c1057eb40a57d6ffbc81edb7e529e1f5,build_log
PR-15560,trunk,3,1711006460.0,,b2fa3e64ac12a7e09e2b5364ca99517fdb031762,cfa7d393608108be4757a1062226d40e9f8ed29a,build_log
PR-15574,trunk,1,1711031586.0,,d415b53261d2f281905a68ef0c00151a8f67b730,a41c10fd49841381b5207c184a385622094ed440,build_log
PR-15578,trunk,2,1711054580.0,,2e3caebb62f2bf5f38c004476ccd291dd1c72fa2,7e85d7d32e8cb4f3fa9b01fd4197ee43d64ba6d0,build_log
PR-15486,trunk,15,1711057927.0,,3a985ef0671a580051377e0b06baf003cd1019aa,7e85d7d32e8cb4f3fa9b01fd4197ee43d64ba6d0,build_log
PR-15570,3.6,6,1711091264.0,,383ec8c545f2ded653468de33d9defaa315de9d8,01d4e3a9ac9b24b5915cce93b66186542e26d0a9,build_log
PR-15534,trunk,4,1711100980.0,,93cbe8b2cb3e714b23e94c4e5a7b2a22976d684d,997ca14f8057462e52ea00721c9cc16469ac5108,build_log
PR-14903,trunk,12,1711103033.0,,5566ad27e1868cc057bbf50003374b144c8e58cb,fb03da0df47775457a2785251739f4ad6be5cd67,build_log
PR-15580,trunk,1,1711109283.0,,2d81920afa45ae595eabf6db80dc0b0f7e568b6d,fb03da0df47775457a2785251739f4ad6be5cd67,build_log
PR-15576,trunk,2,1711120876.0,,40fabb1c36a5cc3033930939088264ee4c5c102e,159d25a7df25975694e2e0eb18a8feb125f7c39e,build_log
PR-15535,trunk,11,1711128917.0,,f61d12107644171186aecd2167a7c326072a0b53,159d25a7df25975694e2e0eb18a8feb125f7c39e,build_log
PR-15579,trunk,6,1711138528.0,,f8d1bc99bccb68d584782934ca0888a8b0a94e72,2e8d69b78ca52196decd851c8520798aa856c073,build_log
PR-15583,trunk,1,1711143217.0,,7599ae02b6e09ab3787ee5e406031aca15330baf,2e8d69b78ca52196decd851c8520798aa856c073,build_log
PR-15550,trunk,4,1711165046.0,,75282be18aea5b30f6285dfae1bca10af9643cbb,2e8d69b78ca52196decd851c8520798aa856c073,build_log
PR-15564,trunk,2,1711205501.0,,e078618609212c8b7ac7119d03377a20fb3d7229,0f216b644874f2f89285f9d4736b50246cd5b0a2,build_log
PR-15590,trunk,1,1711276392.0,,d3e6a8912fda9a0d5315512b1a13efc188c63d5a,bf9a27fefdb3d93c7a510f871433c4c9e07de71a,build_log
PR-15013,trunk,5,1711277522.0,,405b2a28014e7d7616155fd21bceea5e0ab02015,bf9a27fefdb3d93c7a510f871433c4c9e07de71a,build_log
PR-15591,trunk,2,1711290255.0,,c9c17229738c200a7abc3d95973b54bb8834fc7f,bf9a27fefdb3d93c7a510f871433c4c9e07de71a,build_log
PR-15520,trunk,3,1711302895.0,,c05091316623f5ad8fa61f128a8547917eec5f56,bf9a27fefdb3d93c7a510f871433c4c9e07de71a,build_log
PR-15592,trunk,1,1711307925.0,,79f604ed1f89d8f8e7db5278ac581bf5c2361a00,bf9a27fefdb3d93c7a510f871433c4c9e07de71a,build_log
PR-15484,trunk,4,1711311312.0,,6feb15f56a08959019eea000ac971d40c608c812,bf9a27fefdb3d93c7a510f871433c4c9e07de71a,build_log
PR-15403,trunk,14,1711343251.0,,0622afd83f10e92ed99cfddc775cf50bb6104ed1,7b2fc469adc58329a96d238bf80eef10f4fb0b22,build_log
PR-15581,trunk,5,1711377898.0,,52570625d0c02bc9f740cd125e1504b428dab4b7,51c9b0d0ad408754b1c5883a9c7fcc63a5f57eb8,build_log
PR-15596,trunk,4,1711378479.0,,8f0d84206a491768dd60236b628c13c183192f0d,51c9b0d0ad408754b1c5883a9c7fcc63a5f57eb8,build_log
PR-15586,trunk,3,1711381932.0,,a06e2769b7d73370269e1020888fe8af66f770c0,51c9b0d0ad408754b1c5883a9c7fcc63a5f57eb8,build_log
PR-15559,trunk,10,1711384166.0,,fbc8da64cdecf42213067f9495b966a118712b9b,51c9b0d0ad408754b1c5883a9c7fcc63a5f57eb8,build_log
PR-15584,trunk,2,1711411473.0,,bf1900e9971cddd6c08e38baf40c9ae04dfc84cc,ad960635a90ead44f4a696c0da7777b5d06f5837,build_log
PR-15505,trunk,6,1711419427.0,,70bbf9ba8106441a2ada641f4f50b1932e323b4f,fa1cf7975e4005f59bf7a1ffc49e9d018c0eb572,build_log
PR-15561,trunk,12,1711419559.0,,a2971704397e0b7f4b1fa78dafce2b70933c9afb,fa1cf7975e4005f59bf7a1ffc49e9d018c0eb572,build_log
PR-15595,trunk,2,1711435634.0,,430813c5a6698e6387b2499081d49644814db35c,fa1cf7975e4005f59bf7a1ffc49e9d018c0eb572,build_log
PR-15568,trunk,6,1711453943.0,,c3a650c669798893acb3c0af1d1aa2d1f81edbeb,2d4abb85bf4a3afb1e3359a05786ab8f3fda127e,build_log
PR-15389,trunk,8,1711453943.0,,fb6fb90142521a65bd4a04a28b5e20afc7313ec9,2d4abb85bf4a3afb1e3359a05786ab8f3fda127e,build_log
PR-15588,trunk,5,1711453943.0,,c943d09f46716ee9635babc1c1f81b4c692ae745,2d4abb85bf4a3afb1e3359a05786ab8f3fda127e,build_log
PR-15492,trunk,8,1711467674.0,,91dc60e4dac18fda812aa6bf75b7d9bfcec70abe,6f8d4fe26b7ceaa369c5e974a8cf54cc2714f9a7,build_log
PR-15250,trunk,71,1711488090.0,,6c431ec3a88abf7e7cac24a6d3cf6e199ceb0f0a,b667e61ea7c7ed53406338df2434e97ef684d0dd,build_log
PR-15600,trunk,4,1711508324.0,,2b353183eaddc8fdbb6458b69cb62dca1d362916,3e64f8fa1b0f2ef09f1d5ff8de6539992d295799,build_log
PR-15075,trunk,18,1711527289.0,,a5a7b0027cad63a8cccafd90fb08c9b8483bb5f5,932647606504125e5c3ba0ae9470b4af335a0885,build_log
PR-15609,trunk,2,1711538202.0,,ffd3e6b0cfd18e54b2dc2426a44560837c5e0b56,ace2152d229da35263a7e64537ca0d0316415558,build_log
PR-15611,trunk,1,1711551854.0,,c38ebfd61af89a4920b2ef74b28de42bb6cb2cc6,6f38fe5e0a6e2fe85fec7cb9adc379061d35ce45,build_log
PR-15549,trunk,3,1711553020.0,,ff4d83b7948e623d7637bee609678d87387c1090,6f38fe5e0a6e2fe85fec7cb9adc379061d35ce45,build_log
PR-15612,trunk,1,1711553565.0,,59d5f41676b476aa24e863bcc792bb1b911a50c9,6f38fe5e0a6e2fe85fec7cb9adc379061d35ce45,build_log
PR-15373,trunk,6,1711560157.0,,f0ab817c3f7e56eee9d8e25e8acbde92cdd0e013,6f38fe5e0a6e2fe85fec7cb9adc379061d35ce45,build_log
PR-15510,trunk,7,1711625869.0,,83df169ebd49cc0fef12ad54f09a600af1955239,4ccbf1634afb063615616b5995ef279a063fbeab,build_log
PR-15589,trunk,10,1711637636.0,,2b8b10662c73f18b3fcec52478bf95e3d5abd30c,355873aa54439790d37a6b7c1c9d0c072511e47a,build_log
PR-15572,trunk,10,1711639835.0,,bda32be7979fa8018f678b4d212977b5ba6b01d6,8b274d8c1bfbfa6d4319ded884a11da790d7bf77,build_log
PR-15619,trunk,2,1711641950.0,,788b722c58fe6e8779b2dc1a943c21bc29448d38,8b274d8c1bfbfa6d4319ded884a11da790d7bf77,build_log
PR-15446,trunk,12,1711643569.0,,f3027d67346ea5780b2d345df8e6c42eb1b0061f,8b274d8c1bfbfa6d4319ded884a11da790d7bf77,build_log
PR-15597,trunk,9,1711644550.0,,352d7e74202967c0a9378639690323be258a223e,8b274d8c1bfbfa6d4319ded884a11da790d7bf77,build_log
PR-15618,3.6,2,1711647852.0,,5391bee186af0481602547ca6fe4fc230ff7c95b,64f7a0a300c70b00c0cc357d0a936ea8b42b69fb,build_log
PR-15463,trunk,16,1711727355.0,,51cceca55846d051ce71e07a9dd0cabbd4f59fbb,7c3a596688501223f2b53ed05fca7c8b9d39c3ca,build_log
PR-15541,trunk,5,1711728268.0,,977f21c149e2eaeb4406af3ba3c4326cea86edf7,7317159f0cf1bbf4e3e83d1729bb0e682a9ad05c,build_log
PR-15605,trunk,7,1711740915.0,,85729ced41d7ee95dc0c0dd727ae4d1ba9098787,7317159f0cf1bbf4e3e83d1729bb0e682a9ad05c,build_log
PR-15627,trunk,1,1711748687.0,,964a193c4639d6c8f1881575de78a9053d7d52d8,7317159f0cf1bbf4e3e83d1729bb0e682a9ad05c,build_log
PR-15629,trunk,1,1711750553.0,,910fae72d7ea2166ea315970aa3ff47dc57a7ce6,7317159f0cf1bbf4e3e83d1729bb0e682a9ad05c,build_log
PR-15367,trunk,11,1711754442.0,,7a323d215997ec48c53ed658015ae8e589e84bfb,2118d858053df9494ae0c314c3d32a9f7756e9ac,build_log
PR-15630,trunk,1,1711773529.0,,80447f819db8b17a8528c6c653aa06dc89544927,d8673b26bf20634a2caf784159701062212cb103,build_log
PR-14760,trunk,3,1711890290.0,,c405f7387bcfc94845689d46588c9fc75cbb8596,d4caa1c10ec81b9c87eaaf52b73c83d5579b68d3,build_log
PR-15633,trunk,3,1711898569.0,,54f59117d819f43bec38859c8e7ab59705dd960d,d4caa1c10ec81b9c87eaaf52b73c83d5579b68d3,build_log
PR-15632,trunk,2,1711968895.0,,57040e5939b437b5d0324fdb956c652d55cdce6b,40e87ae35beb389d6419d32130174d7c68fa4d19,build_log
PR-15638,trunk,1,1711976160.0,,fb33c2fcafc5fab0f9e6e964360e36b3d66f170a,a524b6217b83f1ad327ae5c39ea0345ef6cb90da,build_log
PR-15635,trunk,2,1711980593.0,,3616dca87744cacefe16f9ab05cf5155ad96976e,a524b6217b83f1ad327ae5c39ea0345ef6cb90da,build_log
PR-15636,trunk,4,1711982568.0,,912072e750915f616706b79381c79a3a7cf6a898,a524b6217b83f1ad327ae5c39ea0345ef6cb90da,build_log
PR-15521,trunk,6,1711983770.0,,f8afe830115e4a2bcd1643bad8f8b2abbd4628c1,a524b6217b83f1ad327ae5c39ea0345ef6cb90da,build_log
PR-15556,trunk,5,1711985577.0,,b77722b477734e69e156a909e44a45573bec5c5a,a524b6217b83f1ad327ae5c39ea0345ef6cb90da,build_log
PR-14706,trunk,24,1711987860.0,,cb7e41a4896a0917651a7d0db16184e6a4f2c2fe,a524b6217b83f1ad327ae5c39ea0345ef6cb90da,build_log
PR-15617,trunk,5,1711994769.0,,a25abe983eec1ef1b9ff14a15877854d7650f223,a524b6217b83f1ad327ae5c39ea0345ef6cb90da,build_log
PR-15610,trunk,3,1712017218.0,,c11c85596539aed7b6e9d98548a3a33927ca9939,cc6b919212ae62d75850214ae2c93379b78ff325,build_log
PR-15643,trunk,1,1712044160.0,,246d82dcaf58e364573d7a905714de957c66adf7,7a10f4a17ef0ade273ad561cbf02ebbc776e83d1,build_log
PR-15644,trunk,1,1712045412.0,,8781b82e501c483dce9c6e7f403ca8719aecc7f3,7a10f4a17ef0ade273ad561cbf02ebbc776e83d1,build_log
PR-15637,trunk,5,1712046501.0,,1ae42ebf915f99fa14ed9b58ba6677c68b792d6a,7a10f4a17ef0ade273ad561cbf02ebbc776e83d1,build_log
PR-15639,trunk,2,1712047432.0,,67499dc28db41d26e0fe227261890b9817672cc3,7a10f4a17ef0ade273ad561cbf02ebbc776e83d1,build_log
PR-15646,trunk,1,1712056868.0,,b114bcd815abd59ed397d7042b187a45e6dac2d6,b3116f4f76ebc8a074e0d7ce38bf46981da44723,build_log
PR-15624,trunk,3,1712062248.0,,ea7ee9091b84beeb1b516c10e73791aaae0da7a5,b3116f4f76ebc8a074e0d7ce38bf46981da44723,build_log
PR-15593,trunk,5,1712077353.0,,cb125e22c9f94b58a66335ab805c2e8f639c75c8,ee61bb721eecb0404929f125fe43392f3d024453,build_log
PR-15525,trunk,26,1712118106.0,,f6b7d48a076ca4b63d0e0fd160a78dc4f60bddb5,ee61bb721eecb0404929f125fe43392f3d024453,build_log
PR-15641,trunk,2,1712132965.0,,45b9d2ece6b63ae4377f80f85702341a1410c3f6,ee61bb721eecb0404929f125fe43392f3d024453,build_log
PR-15532,trunk,3,1712150863.0,,a7e8309f0afde86b6bd557ba47394b9f8b1064ad,21479a31bdff0e15cfe7ee0a4e509232ed064b41,build_log
PR-15642,trunk,3,1712247700.0,,241364934ae2f2a7d4eafb620671a97e2807ea45,376e9e20dbf7c7aeb6f6f666d47932c445eb6bd1,build_log
PR-15655,trunk,5,1712250865.0,,3eb2e99d91d51b313b5b224c9aa7dced1097fd30,376e9e20dbf7c7aeb6f6f666d47932c445eb6bd1,build_log
PR-15661,trunk,4,1712265240.0,,7fbf6b6a682a35f36c5776b71592b2d597e2d80a,376e9e20dbf7c7aeb6f6f666d47932c445eb6bd1,build_log
PR-15665,trunk,1,1712294444.0,,cd39e93083de5caad8ca61f8418b61323d5861a3,a2ee0855ee5e73f3a74555d52294bb4acfd28945,build_log
PR-14000,trunk,6,1712310611.0,,241cab23b3584fdf01279e61847519232bfb4b64,a2ee0855ee5e73f3a74555d52294bb4acfd28945,build_log
PR-15663,trunk,3,1712322126.0,,c1c59c9d4896505f585f1617009e7e0fda1b5a8a,5e4c7dae22975e7482ea5d4f8c69dd6c97404e99,build_log
PR-15470,trunk,16,1712333668.0,,bc1a6feb8b0c3ce714b25dc331cc3f410521a2a7,fd9c7d2932dee055289b403e37a0bbb631c080a9,build_log
PR-15670,trunk,1,1712340044.0,,9331eaa0abedcf3fe1d7b0f3726c2282e99a3300,fd9c7d2932dee055289b403e37a0bbb631c080a9,build_log
PR-15527,trunk,4,1712351503.0,,e29f3eed11469d5aa7a7c3d0681d576f4428923d,fd9c7d2932dee055289b403e37a0bbb631c080a9,build_log
PR-15529,trunk,7,1712356803.0,,90d272cefc225da43c61e5ab664daa92b0361dff,fd9c7d2932dee055289b403e37a0bbb631c080a9,build_log
PR-15335,trunk,17,1712361979.0,,70d833d7e40661ade7b0fffd1622e7615b13452a,fd9c7d2932dee055289b403e37a0bbb631c080a9,build_log
PR-15585,trunk,5,1712368892.0,,82c738a6d14b0d53c2ce48661a07ebae16faf899,fd9c7d2932dee055289b403e37a0bbb631c080a9,build_log
PR-15651,trunk,3,1712383081.0,,ba9dfc765b71c90d2bb6da1a4209156ca1b6bfe1,5c1b819b02ae9905fba4c2bdcb38998e5817566f,build_log
PR-15672,trunk,1,1712383236.0,,f0cdb49d37fdd4dd685af974f5dd5e855d355308,5c1b819b02ae9905fba4c2bdcb38998e5817566f,build_log
PR-15666,trunk,2,1712401880.0,,f4e6d3307bac72f3544ceba0647c273815f4e1f8,bdd85405e3d72b5089d99026ca1e5aa5b3bc3e51,build_log
PR-15667,trunk,2,1712402030.0,,08252c939489f42c5e21d6abb110f2d1078677c4,bdd85405e3d72b5089d99026ca1e5aa5b3bc3e51,build_log
PR-15557,trunk,7,1712442405.0,,07770219d0e429cec285a7cb7fa2e22b2264f536,dc189a39cc79d45c59fa1762ca9379bdbd85ee34,build_log
PR-15674,trunk,2,1712501793.0,,9d2133b7a5ff966710d46a797a75b4b498417190,4b2278ff9c8c6a02be8a40005ee3ed593e1c7112,build_log
PR-15587,trunk,5,1712512473.0,,c1dfd77711853b62a0cf8ad755d8d0428d9be77c,4b2278ff9c8c6a02be8a40005ee3ed593e1c7112,build_log
PR-15677,trunk,1,1712543540.0,,d2cd4874edda653b17ba4a990bdb61575c6754c2,8e61f042289deb0defb10c5dfda52042ca0fe06b,build_log
PR-14289,trunk,7,1712563664.0,,13fbc17d781baa9d31c254274277e06d1d5c34e7,8e61f042289deb0defb10c5dfda52042ca0fe06b,build_log
PR-15680,trunk,1,1712585145.0,,295afe3e10720f4199ffc5834e37b28fcd09d22c,22f9eee89b93d27a5021cbf6456f3b8f5be27048,build_log
PR-15668,trunk,7,1712590183.0,,2da40c26541e727f2cd38bb9fb64ee41e5ca42c2,22f9eee89b93d27a5021cbf6456f3b8f5be27048,build_log
PR-15659,trunk,4,1712590554.0,,b421fa6b02a1e60f4788b11d510f206a7d110ddf,22f9eee89b93d27a5021cbf6456f3b8f5be27048,build_log
PR-15189,trunk,26,1712607076.0,,d2c7ea5169037310dc8a9f4f8e6106a96465bb4f,22f9eee89b93d27a5021cbf6456f3b8f5be27048,build_log
PR-15686,trunk,1,1712652365.0,,134de1d709a9517593af29699c14839cd270e4db,f895ab5145077c5efa10a4a898628d901b01e2c2,build_log
PR-12174,trunk,12,1712661579.0,,973c3c2b4b0c43ccf218a5b5e097ea2f94c1e058,f895ab5145077c5efa10a4a898628d901b01e2c2,build_log
PR-15687,trunk,4,1712672973.0,,9f9811b91dc01f97721c525bbaedef0d4875a2ec,f895ab5145077c5efa10a4a898628d901b01e2c2,build_log
PR-15669,trunk,4,1712677178.0,,760ec6289a1a8b7099410f255a34f6b4e87bd91b,f895ab5145077c5efa10a4a898628d901b01e2c2,build_log
PR-15689,trunk,2,1712688520.0,,5d7ec70fcbfb6dfcd4e5dd8c5c4c2e3753ae7518,3ad648243c72adbd7ba6e52cbaff143b551884b1,build_log
PR-15621,trunk,40,1712690955.0,,d12fce2b0656ee61e2bebdcd7badc67195928b78,3ad648243c72adbd7ba6e52cbaff143b551884b1,build_log
PR-15656,trunk,8,1712728210.0,,ca98f89a17d47c4f7b90a5280fdb797025d5ae34,9a6760f13040acbbfbe2ca3d0df457c3fbc95a9f,build_log
PR-15411,trunk,16,1712750428.0,,fedaa64336646420ee3014dca8d1a9226a0bd74a,f6c9feea76d01a46319b0ca602d70aa855057b07,build_log
PR-15681,trunk,2,1712780671.0,,7595daa7699ccef20f4cf35aa27c166028b4eea5,619f27015fbe8db6b46cb0d671395696d9725369,build_log
PR-15660,trunk,3,1712781204.0,,feb2c36c4eb28959e4f49b5bb23664ab15bb7c6f,619f27015fbe8db6b46cb0d671395696d9725369,build_log
PR-15696,trunk,1,1712790948.0,,982de27db51b9c89eb5a72ba9a6eb35e8bb52221,619f27015fbe8db6b46cb0d671395696d9725369,build_log
PR-15676,trunk,5,1712803869.0,,25fd368d94c4c9563d4741a0f4c3250b95822455,619f27015fbe8db6b46cb0d671395696d9725369,build_log
PR-15695,trunk,2,1712810454.0,,5698f1c28c53af97fed263387f00d0abcee7462f,619f27015fbe8db6b46cb0d671395696d9725369,build_log
PR-15522,trunk,8,1712831263.0,,93e7b36810a7dbe84aaaaca1ec233ae009c3821a,619f27015fbe8db6b46cb0d671395696d9725369,build_log
PR-15699,trunk,1,1712849720.0,,782d144c0117024f6044e1cb1b49262caa192f5b,4aba80753016dd6f04bad81798a7ce5fb43123b6,build_log
PR-15692,trunk,3,1712864371.0,,452b7d1f4da7d0ad0839ac76252847fc0f5cc85b,b67a3fa79dab8bb253be353fb35d9e9f8536d750,build_log
PR-15700,trunk,2,1712869306.0,,d39fb7393a3d64c9544f002d80242524093cbac0,b67a3fa79dab8bb253be353fb35d9e9f8536d750,build_log
PR-15703,trunk,2,1712900286.0,,fcd3db819e6ec993c18046484f1a2c5a51d1d1b3,753cc4b7c872f3d3d42d47be8ff1c65003e5488c,build_log
PR-15654,trunk,22,1712922592.0,,387307fc53fbb8c7731c4a0c563f240bb21220b2,31171d0791a350236d2e5e3d143c51fd73cd7532,build_log
PR-15706,trunk,1,1712931399.0,,89879b5833fa0aa8ac8e18d099cce21fe26dda9c,31171d0791a350236d2e5e3d143c51fd73cd7532,build_log
PR-15712,trunk,1,1712938104.0,,d1f794a46cb3b62a17af31bfd99aa0f0bdb40f1e,31171d0791a350236d2e5e3d143c51fd73cd7532,build_log
PR-15631,trunk,6,1712978570.0,,44527ce87a233bc1ecb57d3e41e575d5b7564294,e02ffd852fae7c1d2681621be7eb888e3805e027,build_log
PR-15707,trunk,3,1712982309.0,,40a8f437101912e8cf10b1d0152c1d9e4e50eb38,e02ffd852fae7c1d2681621be7eb888e3805e027,build_log
PR-15489,trunk,22,1713074160.0,,c379db267abee2181f6027f20b38f3d46825374c,c034cf2953e691ce4ecd94bf00ac5810167354bc,build_log
PR-15716,trunk,2,1713081461.0,,19076f10add256ab474952392f8b084a7eaf885e,0b4e9afee2ace7edf6ff8690e070100b98627836,build_log
PR-15558,trunk,10,1713101129.0,,2b29c013443cbfee2c7b83f51d7783df43d33748,437ebb941e1485a6f1ad7afbba3814bfa310c9cf,build_log
PR-15708,trunk,3,1713121407.0,,a5a30efd2af4ecb9b2979ff4b405df8f67ff85f6,437ebb941e1485a6f1ad7afbba3814bfa310c9cf,build_log
PR-15711,trunk,2,1713121623.0,,ba17ac3a1f1316672950006688ed061a234a8ff9,437ebb941e1485a6f1ad7afbba3814bfa310c9cf,build_log
PR-15678,trunk,6,1713164989.0,,a04e025250235776f749789829034bf36818f040,437ebb941e1485a6f1ad7afbba3814bfa310c9cf,build_log
PR-15408,trunk,3,1713167967.0,,abf6015a0a8bf9a17646f2be1e8f0f8e052c3f67,437ebb941e1485a6f1ad7afbba3814bfa310c9cf,build_log
PR-15709,trunk,2,1713171775.0,,a412a71e941dfe5f0a53e06f98ba992c3c90b0d3,49e7c795dcd9fad44afa9597049dd6589a13f167,build_log
PR-15575,trunk,12,1713199070.0,,ba914d1e4b47e0d77ce9b417e771c79109b97bb6,395fdae5f23bb8202cfc5b0a0e4630e9c32e0edd,build_log
PR-15710,trunk,4,1713210070.0,,4a41b7f533cf892afe3d69a30eaf537b4a3e4221,395fdae5f23bb8202cfc5b0a0e4630e9c32e0edd,build_log
PR-15713,trunk,2,1713215028.0,,e6ac162489e025cbd3b18527ffdd4c9890964e9a,395fdae5f23bb8202cfc5b0a0e4630e9c32e0edd,build_log
PR-15724,trunk,2,1713231330.0,,0b1a3fa50e691590a8bb7a458f18bd6e3b27e0bc,395fdae5f23bb8202cfc5b0a0e4630e9c32e0edd,build_log
PR-15725,trunk,1,1713236062.0,,5eab81afdc150566d0241d0e56f253fcbf91b194,395fdae5f23bb8202cfc5b0a0e4630e9c32e0edd,build_log
PR-15726,trunk,1,1713238767.0,,0fbb51ff415ddc0e2a5759be5af86146447a467e,395fdae5f23bb8202cfc5b0a0e4630e9c32e0edd,build_log
PR-15705,trunk,4,1713252634.0,,d942f9db18f4809b0a785e8457ffb7963c22599e,8c0458861c92d0a85969e99cb3b62c3256ad21e8,build_log
PR-15728,trunk,1,1713257504.0,,04370833ec29e2f1b2175e35179bcdf92e01cb33,8c0458861c92d0a85969e99cb3b62c3256ad21e8,build_log
PR-15718,trunk,2,1713259463.0,,623fe962762c79bae23c4f2d1473ad514d48b15f,f7eb96230d5d66fbd6e6d9480359ab82f925c230,build_log
PR-15733,trunk,3,1713299911.0,,70467d4a3e7b1efaa9ee2c969dd117e19e73ddf1,5193eb93237ba9093ae444d73a1eaa2d6abcc9c1,build_log
PR-15730,trunk,3,1713299911.0,,14e41065098a44d0eb13453513db0b8403f1f638,5193eb93237ba9093ae444d73a1eaa2d6abcc9c1,build_log
PR-15662,trunk,20,1713329806.0,,a03a377f47590184247f46957df7b28cd562a886,5193eb93237ba9093ae444d73a1eaa2d6abcc9c1,build_log
PR-15684,trunk,13,1713332485.0,,1561ad83a2941b747aa3fa63706df2cb3148c953,5193eb93237ba9093ae444d73a1eaa2d6abcc9c1,build_log
PR-15729,trunk,5,1713332955.0,,d05bfb44df6b38ca9f02b37c0b22be0f5afdb7a9,4954c578d43e4306cf24638569122fb4b63b709f,build_log
PR-15734,trunk,2,1713339336.0,,44a5f0b81493444919fcb78308ca0e2467e4c429,4954c578d43e4306cf24638569122fb4b63b709f,build_log
PR-15741,trunk,3,1713344460.0,,de3517f7ead8bf5543789f5bc0d7333f7d0e91b4,4954c578d43e4306cf24638569122fb4b63b709f,build_log
PR-15736,trunk,2,1713349005.0,,0afe5deda2b0fdb5ebad3420b9e07455acf8e633,4954c578d43e4306cf24638569122fb4b63b709f,build_log
PR-15613,trunk,11,1713359817.0,,9a043f9723d8676cc4bafeb571cde300de91832f,7b1c777b3385f7376252c7a87ab95fb2de815bc4,build_log
PR-15747,3.7,1,1713380168.0,,d092787487047178c674bd60a182129a8d997c4a,f6bf85edbfb0885ce192fae19b3b7866e687c886,build_log
PR-15749,trunk,1,1713387339.0,,4d2cf548cb38fddc9c1006fb7b15935118cd8363,aee9724ee15ed539ae73c09cc2c2eda83ae3c864,build_log
PR-13824,trunk,2,1713434145.0,,6f145334e8c5d4dc35911427c308e7defb6c16c3,aee9724ee15ed539ae73c09cc2c2eda83ae3c864,build_log
PR-15569,trunk,18,1713434309.0,,551f2478aa52f2ab158748ce2a28785b5a989fef,aee9724ee15ed539ae73c09cc2c2eda83ae3c864,build_log
PR-15136,trunk,15,1713437143.0,,31412a9485b63731a49b5d44d6dc6fbeaf52dd0f,aee9724ee15ed539ae73c09cc2c2eda83ae3c864,build_log
PR-15738,trunk,1,1713446501.0,,d392a19604ccfd2b3e72d134752069ac29ef0b30,aee9724ee15ed539ae73c09cc2c2eda83ae3c864,build_log
PR-15594,trunk,3,1713452396.0,,643831eb5bc41835d9b16de381c157a17ed7ff68,aee9724ee15ed539ae73c09cc2c2eda83ae3c864,build_log
PR-15753,trunk,1,1713455126.0,,7cbf9908254d35bff0dc6061ca32a5bc4e3af23e,aee9724ee15ed539ae73c09cc2c2eda83ae3c864,build_log
PR-15754,trunk,2,1713475006.0,,2a22aac4ce2e962a81b2d966734e0a212f5df286,53ff1a5a589eb0e30a302724fcf5d0c72c823682,build_log
PR-15732,trunk,5,1713513435.0,,e800634a969574c2bdb6344d76f5122ec94b4450,8f2fca7bd83c94301a6f8d8e37500b4f9c9597b4,build_log
PR-15682,trunk,2,1713515363.0,,936865b5176d7d2362cd33571220385a9d0a400d,8f2fca7bd83c94301a6f8d8e37500b4f9c9597b4,build_log
PR-15719,trunk,6,1713588740.0,,70c99bd0bd2779b781da74452b4583f959250791,0308543d596d564b68dcac371a8e3af69e06caea,build_log
PR-15760,trunk,1,1713599484.0,,d4c71fb8c1dc34cd526afb4eb1e3bd3aed3277aa,0308543d596d564b68dcac371a8e3af69e06caea,build_log
PR-15763,trunk,1,1713623643.0,,cf87b0b6bd1cd9252157e47c39f0eaf09f2d4a8e,ced79ee12f295ebe30a4dc9a90228a18c9fc94df,build_log
PR-15764,trunk,1,1713653528.0,,ebc4dd5b8bf66a10d3a2149351a5f6da12fe4953,98548c517d4702d97461469139b981585eb4b58f,build_log
PR-15722,trunk,8,1713660598.0,,3013d8643689ad4e68090b43882c526fa4c64d84,98548c517d4702d97461469139b981585eb4b58f,build_log
PR-15765,trunk,2,1713680683.0,,7027dd4790335d42b6f73339e1fc3b3617a6b03c,98548c517d4702d97461469139b981585eb4b58f,build_log
PR-15768,trunk,1,1713689951.0,,e61dca9c2f4d45e260cc9a501f3c777777af8502,98548c517d4702d97461469139b981585eb4b58f,build_log
PR-15769,trunk,1,1713691477.0,,8cd994e7df4bd58dc76f68567fbac857e452373a,98548c517d4702d97461469139b981585eb4b58f,build_log
PR-15770,trunk,1,1713694712.0,,733f05147426ca3561b2bf73233612fb253ff773,98548c517d4702d97461469139b981585eb4b58f,build_log
PR-15758,trunk,3,1713766359.0,,de67ac1e3db567a838c6daf7c4642f1d0db917a0,5e96e5c898c01d1e8c223d9201ad28b1608dd6df,build_log
PR-15771,trunk,2,1713772251.0,,70f74df4b334cc2ee21afe48603be5f756894eab,5e96e5c898c01d1e8c223d9201ad28b1608dd6df,build_log
PR-15776,3.7,1,1713776411.0,,83667253f2aca1531ff784807ce7f4586d06cc09,b40a962a8ead04b10f7a8eba346fe79784de9e4e,build_log
PR-15742,trunk,2,1713784476.0,,3bbbfe7d53ab8d35a87a506ad46b8752a92df76b,e4d34ddd203b995f6cc0755d2c5e134270d0f092,build_log
PR-15772,trunk,5,1713790797.0,,edd056289a5cb1e90060892e0d6cc3fa297d08da,1763fe19ddc0f864ac57aae3680faeecde2dddab,build_log
PR-15780,trunk,2,1713800437.0,,c20e666f0c77780caf118a89e32067531e727196,59c781415fc37c89aa087d7c2999cec7f82f6188,build_log
PR-15777,3.7,2,1713801561.0,,84989b70d03eca774c739f0b4ae5dfc5f09b4a4e,0c8552acca918eb453ecacc1fc4391283529cbf8,build_log
PR-15693,trunk,4,1713801822.0,,59b2e10748435b1a4b1019e5fdaacb27466a44a1,59c781415fc37c89aa087d7c2999cec7f82f6188,build_log
PR-15701,trunk,3,1713803355.0,,3e4972c880c65b4bd24274b3f434fa7fba14b805,59c781415fc37c89aa087d7c2999cec7f82f6188,build_log
PR-15762,trunk,3,1713806376.0,,52b3fef60e14621bbc9ee8700e4a70fd19dd9cd2,59c781415fc37c89aa087d7c2999cec7f82f6188,build_log
PR-15783,trunk,2,1713836962.0,,3bd183a826a2f42f3372497f790f10d8839675a5,b254e787cbdefb38344c6a0da2b965e6d7707d27,build_log
PR-15298,trunk,4,1713876119.0,,6647cf989f5a0c1b72b999c7cff168e833d26fed,1b301b30207ed8fca9f0aea5cf940b0353a1abca,build_log
PR-15748,3.6,6,1713879900.0,,7931cce21b9839f81cb83aaeefe773bab859a438,8d77d469745d4c2efdf048873165f3703953a79e,build_log
PR-15774,trunk,7,1713880347.0,,8167d2e44cb8e87f238a48d9286c4c59f1d4def4,1b301b30207ed8fca9f0aea5cf940b0353a1abca,build_log
PR-15714,trunk,6,1713882635.0,,ff5a1d5f0049605858d940399a440e1307e409af,1b301b30207ed8fca9f0aea5cf940b0353a1abca,build_log
PR-15620,trunk,9,1713904191.0,,a5ec5dd2f24813491fc872181fa1cbf19fb3693d,1b301b30207ed8fca9f0aea5cf940b0353a1abca,build_log
PR-15791,3.6,1,1713909472.0,,9c45353380b7087035787a473699a881df03ee36,8d77d469745d4c2efdf048873165f3703953a79e,build_log
PR-15679,trunk,14,1713918830.0,,78c5a6294c3f642b9bd6010cee4a77540a22279b,1b301b30207ed8fca9f0aea5cf940b0353a1abca,build_log
PR-15616,trunk,11,1713927275.0,,89ef9c1cdcd009d4625775968debff6f9fe3501a,1b301b30207ed8fca9f0aea5cf940b0353a1abca,build_log
PR-15787,trunk,3,1713928136.0,,21d522d4e4901ab3c6431a6ef28085d83e998003,1b301b30207ed8fca9f0aea5cf940b0353a1abca,build_log
PR-15793,3.7,1,1713938292.0,,4bb5cc5b2aee3fbbe6d39016aaf1f69a4ec2abfd,4ee66bb26961acf849810d0db0721ca69a0b8996,build_log
PR-15794,trunk,1,1713959561.0,,fb85e007e094a55369e303d474f1da74d69469a3,960794a67782b8aecf44cdca0016888d661561c3,build_log
PR-15795,trunk,1,1713961535.0,,375f5cdd80a4bc058010665fe6b7965c92868788,960794a67782b8aecf44cdca0016888d661561c3,build_log
PR-15739,trunk,5,1713976793.0,,b226f39ed7499d81d41a0baba1da27fc9fda2b07,b8b2415d5e006cf91c0f74dcf60b764933c9c1d0,build_log
PR-15799,trunk,1,1713991697.0,,3108bec6462ba4ff9b1cdee565b4b531ee5ab8ae,81c222e9779c3339aa139ab930a74aba2c7c8685,build_log
PR-15801,trunk,1,1714008071.0,,faafd52db1edb48326275d4571a15a40b00e5e53,864744ffd4ddc3b0d216a3049ee0c61e9c0d3ad1,build_log
PR-15755,3.7,6,1714013555.0,,216cc9dce46b7837282bd67bfab06ec045c9902c,79c9d0de405fd62a9580dc68aa1df98ba1111395,build_log
PR-15721,trunk,17,1714032699.0,,9116e43391c3ac2dcb3552fbdb58e0015b034679,4e23378aa811ae2aae0b7aa37ff9c5bb7c450fb0,build_log
PR-15717,trunk,18,1714032738.0,,598dbbbff3c0fe3cb91846f975115bd46c5487df,4e23378aa811ae2aae0b7aa37ff9c5bb7c450fb0,build_log
PR-15786,trunk,9,1714033636.0,,6265403e5d25368f697232cc1f92503dc00e15f1,4e23378aa811ae2aae0b7aa37ff9c5bb7c450fb0,build_log
PR-15797,trunk,3,1714036883.0,,156d02bf3bfbf88e104b422617b7ad16eff59015,dcdf8128807b661ac98bfefeea5425ef4770b8c3,build_log
PR-15782,trunk,9,1714041982.0,,6c4a396a63097189fee06756841614accb60e789,dcdf8128807b661ac98bfefeea5425ef4770b8c3,build_log
PR-15796,trunk,3,1714043356.0,,2aa34023c15c90711dd4801b6a7d54f68ea1e1fa,dcdf8128807b661ac98bfefeea5425ef4770b8c3,build_log
PR-15698,trunk,11,1714054909.0,,569f574a1aecbab727d946e4425afbf1733d4996,bed23b79788c31aaf4ec67db7097ec5ad4b84d07,build_log
PR-15806,trunk,1,1714061202.0,,ebc4954b305d694d07fb1a015f8121819b67c7a1,8013657f5da99277e7a21177c77d2ef172792aee,build_log
PR-15804,trunk,2,1714061669.0,,9b60b69918548812210dab2c823e5134e30b1cbd,8013657f5da99277e7a21177c77d2ef172792aee,build_log
PR-15809,trunk,1,1714072414.0,,13ea492415a629857984d9b8bb1a6fab46064c45,6feae817d25d3ffd97916f53c0183f88494a23c3,build_log
PR-15750,3.7,3,1714080029.0,,6a30b0c252b6bd35fb5c01d684565c39053f62eb,14626837b36c1ae7f757ffa4bcb6d19f8e101701,build_log
PR-15723,trunk,9,1714087095.0,,f676b7422cb920e8c1700e9f9e37facf6bdc9e68,df4ef5a6210c01661a068123d52af7bf8ba6769d,build_log
PR-15737,trunk,4,1714087128.0,,530ee8c9bb85ab31934dcbf659cabf6c10959b14,df4ef5a6210c01661a068123d52af7bf8ba6769d,build_log
PR-15811,trunk,1,1714094662.0,,a12beda96383787cd31f151688eb5568be2ab5de,025f9816f1a15d14aab25c9e8e5b03a87f0cefe2,build_log
PR-15812,trunk,1,1714102800.0,,f4e346109845187a598c04edca7da84f84a016f4,025f9816f1a15d14aab25c9e8e5b03a87f0cefe2,build_log
PR-15805,trunk,2,1714119363.0,,0cf29ed3bedf97d598bcc11eeeafd61176230f27,82844c01d8e0111e9d0eb5cb37293e3b248b147b,build_log
PR-15807,trunk,3,1714120961.0,,4e1435476da91c519ae48a729b2883521dd88a6a,2db87f04b807b6ea6ba6cdd43fc05852cb1938e9,build_log
PR-15802,trunk,3,1714124075.0,,2949006fe502e8f3e6c36d7120d0e7445205ce43,2db87f04b807b6ea6ba6cdd43fc05852cb1938e9,build_log
PR-15775,trunk,7,1714129089.0,,076e913d3a3b776da4b05bc7c0962620a4478a96,2db87f04b807b6ea6ba6cdd43fc05852cb1938e9,build_log
PR-15814,trunk,2,1714135042.0,,65e850253180aa2b22947765720498aa7d3ddd67,2db87f04b807b6ea6ba6cdd43fc05852cb1938e9,build_log
PR-15815,trunk,1,1714135701.0,,a0703f738da30427a89fd90cb1a109fed2963c9c,2db87f04b807b6ea6ba6cdd43fc05852cb1938e9,build_log
PR-15778,trunk,3,1714163677.0,,44478c359f576193b76d7116c9969dd09606a29d,e7792258df934a5c8470c2925c5d164c7d5a8e6c,build_log
PR-15761,trunk,22,1714193846.0,,a0a776c2a14634c38ab4bbedaf78e4d95f9b594c,4060d4370ecda867f8a3ac338c617dc8ee71a4d6,build_log
PR-15819,trunk,3,1714194158.0,,498c9dabc13d2b548aa245f4abad6e058688e1fe,4060d4370ecda867f8a3ac338c617dc8ee71a4d6,build_log
PR-15645,trunk,16,1714241333.0,,8d27c59091ccb5f65a8c02a4d6866a010de640c7,5de5d967adffd864bad3ec729760a430253abf38,build_log
PR-15647,trunk,11,1714314873.0,,0195e865cff229e5c2fdf1b54bca8a5d5ed87d89,5de5d967adffd864bad3ec729760a430253abf38,build_log
PR-15822,trunk,10,1714341398.0,,d204454dae127711724e1f8a153882eb28e192c6,5de5d967adffd864bad3ec729760a430253abf38,build_log
PR-15816,trunk,2,1714342601.0,,74326c39966bab4996f11c448a01e82cad93d20a,5de5d967adffd864bad3ec729760a430253abf38,build_log
PR-15664,trunk,2,1714389817.0,,34502202a7920bcc3259d28ffac7774c1bbd5c6f,636e65aa6b3558a7ae239ce69579b62ab3377fcb,build_log
PR-15824,trunk,2,1714399850.0,,f7b4c2d2096c48064a239ea58abae1981d5139b5,636e65aa6b3558a7ae239ce69579b62ab3377fcb,build_log
PR-15788,trunk,6,1714401747.0,,1ab87b1683281139cfbb2f392f5c63184d7dac4f,636e65aa6b3558a7ae239ce69579b62ab3377fcb,build_log
PR-15818,trunk,7,1714458158.0,,7e05b9f91fef66138565b8bd354938e78cf099eb,9387c7a62620f6c403ae689b82e33560ce78633e,build_log
PR-15808,trunk,13,1714461146.0,,a24fc4d24c899010e45294f92681644ca694a362,9387c7a62620f6c403ae689b82e33560ce78633e,build_log
PR-15831,trunk,1,1714466206.0,,7cdbd22f2ddb872b348ba4613f83303a5b2bc310,7c0a302c4da9d53a8fddc504a9fac8d8afecbec8,build_log
PR-15773,trunk,9,1714509716.0,,3a0efebe3712138a774b571a6c0df83b3d3a61f7,da5f4424dc317f5ef1303c012d3c6a84b722b217,build_log
PR-15735,trunk,4,1714514328.0,,8f352abda37617197f235b3fc4b606a8220bc303,da5f4424dc317f5ef1303c012d3c6a84b722b217,build_log
PR-15833,trunk,3,1714575229.0,,724193930bc97036ab216330ca9b325dabf9cb38,4825c89d14e5f1b2da7e1f48dac97888602028d7,build_log
PR-15800,trunk,15,1714581071.0,,2bb2a23358d4d1d45a6cc4c3a81152532fefd261,4825c89d14e5f1b2da7e1f48dac97888602028d7,build_log
PR-15731,trunk,3,1714581211.0,,e07dc14087b5b70c0ee7fb0064212a74188122be,4825c89d14e5f1b2da7e1f48dac97888602028d7,build_log
PR-15832,trunk,7,1714584762.0,,33c04aa64abc43f330380946f3666b7bffec1f93,4825c89d14e5f1b2da7e1f48dac97888602028d7,build_log
PR-14309,trunk,10,1714587056.0,,4c55f4bc34d9f2fede3db953b01b8dd8218c8e1b,4825c89d14e5f1b2da7e1f48dac97888602028d7,build_log
PR-15810,trunk,2,1714599919.0,,bdc07910b00545418c9dbad8d884d06f5dcf67d3,4825c89d14e5f1b2da7e1f48dac97888602028d7,build_log
PR-15803,trunk,4,1714626561.0,,105b6e3c98bcc8a158baf7b9aa6336433bad0244,89d8045a15b622805f65c3c6fbfde82606921f65,build_log
PR-15846,trunk,1,1714646933.0,,49bcdd1a797cc2be3b3d83d98813d1480fbc0157,cdc4caa578778719684edda5dbb2f0786e67f202,build_log
PR-15845,trunk,2,1714673724.0,,b5845cde62ea25f0b4cf32ea26bbd3f935fcdb92,a3f24149905886ac719901eeab8dc6d7b3c79614,build_log
PR-15849,trunk,1,1714677166.0,,17cfcc163f226785264a7611ec3dbca010c7ea2f,a3f24149905886ac719901eeab8dc6d7b3c79614,build_log
PR-15843,trunk,2,1714677417.0,,8f24d2be5c976cc897406cd6b880a8a0197608f0,a3f24149905886ac719901eeab8dc6d7b3c79614,build_log
PR-15745,trunk,10,1714699207.0,,57986f88ca20bf028865ca7ee5bc278096944367,a3f24149905886ac719901eeab8dc6d7b3c79614,build_log
PR-6934,trunk,25,1714713143.0,,4d33913fbb22627f4b3f6a664bfd7e24590e594f,a3f24149905886ac719901eeab8dc6d7b3c79614,build_log
PR-15847,trunk,2,1714724495.0,,f656673ad3d5b4696db4db296d482c3d64526082,87390f961f3bd0c582d0926cb9c4fe00d9298b6f,build_log
PR-13801,trunk,32,1714725537.0,,e8c031ff63513af7ad680cd055d2a975d160895a,87390f961f3bd0c582d0926cb9c4fe00d9298b6f,build_log
PR-15829,trunk,5,1714731275.0,,35e8ca08bf8799911422322a45795b0226618a6a,240243b91d69c2b65b5e456065fdcce90c121b04,build_log
PR-15850,trunk,4,1714741447.0,,1af69286e43977e8d31a0aa8dad72a595352d18e,240243b91d69c2b65b5e456065fdcce90c121b04,build_log
PR-15854,trunk,1,1714750711.0,,c91f819fbaa8e35e4004f7ef36efd56c29c39059,2c0b8b692071b6d436fa7e9dc90a1592476a6b17,build_log
PR-15852,trunk,2,1714755009.0,,145761aadbd50d8c8c69fe9ebeb50fcec467040b,2c0b8b692071b6d436fa7e9dc90a1592476a6b17,build_log
PR-15851,trunk,3,1714757052.0,,acfa30307a45108ac34e2834feadb7b6ed9c9516,2c0b8b692071b6d436fa7e9dc90a1592476a6b17,build_log
PR-15573,trunk,10,1714757141.0,,1489a8f5bce368d38efed7e0816072f12846f6e9,2c0b8b692071b6d436fa7e9dc90a1592476a6b17,build_log
PR-14360,trunk,13,1714766720.0,,cac83f87343979da714de0b6185ccd3295abad9b,1fd39150aa39f0b3d7a38d6e2ce4e295cf8a3842,build_log
PR-15671,trunk,30,1714768544.0,,c363bf199ca9e72ee2a29a8056555374555c4e65,1fd39150aa39f0b3d7a38d6e2ce4e295cf8a3842,build_log
PR-15853,trunk,4,1714808822.0,,3bf4e59909febe704933ba3573446379f5573596,9b8aac22ec7ce927a2ceb2bfe7afd57419ee946c,build_log
PR-15826,trunk,3,1714819877.0,,caa278320dcf1bb541606d6168020de82728ea3c,9b8aac22ec7ce927a2ceb2bfe7afd57419ee946c,build_log
PR-15817,trunk,5,1714840258.0,,7b3537d9f900aa2763d1a10a6318636fe663f201,9b8aac22ec7ce927a2ceb2bfe7afd57419ee946c,build_log
PR-15858,trunk,2,1714842527.0,,64d6718ee87425b456dce1a3c81b4d3a43ec15f7,9b8aac22ec7ce927a2ceb2bfe7afd57419ee946c,build_log
PR-15781,trunk,16,1714853542.0,,8d0360fec3eb8073057a05ad7d8dfeef49e1f3f3,bfe81d622979809325c31d549943c40f6f0f7337,build_log
PR-15841,trunk,15,1714925567.0,,9774b09b989ccec06944f43722fa1f7894e907f4,25118cec145b1a70a7b1709ca4a7ac367f066c6c,build_log
PR-15823,trunk,11,1714953514.0,,7b4e048fb24952a8da95c2135199fcd74767e0f5,25118cec145b1a70a7b1709ca4a7ac367f066c6c,build_log
PR-15571,trunk,5,1714955826.0,,e9648a91dad0704bc3b18def26b0795d740ca3bb,25118cec145b1a70a7b1709ca4a7ac367f066c6c,build_log
PR-15867,trunk,1,1714979005.0,,cbbd868472b4ccf059ae7ca810a52927d907cc73,41f5bf844df1ee94ab69c341d216a334a0d8c7f7,build_log
PR-13531,trunk,7,1714986006.0,,d16da25c335a1f34c5f26572c223e3436afb9362,55a00be4e973f3f4c8869b6f70de1e285719e890,build_log
PR-15652,trunk,7,1714997370.0,,ded46804fb43da5cb823cb4ed1b8dd006f4098e9,42754336e1ff35cb45661f1a906fc24b761b27cf,build_log
PR-15875,trunk,1,1715000800.0,,1c9718e4de66214a16d8b497b33a3a1c3aeb8eda,42754336e1ff35cb45661f1a906fc24b761b27cf,build_log
PR-15744,trunk,13,1715007934.0,,9d8948609f64bffb09e1d219427da34b8ac54156,0b4eaefd863e911c211f3defccd75c0ae78e14d2,build_log
PR-15856,trunk,2,1715009847.0,,b9f529a1bd1d562e1550b53d9d68e88ec822fa85,0b4eaefd863e911c211f3defccd75c0ae78e14d2,build_log
PR-15798,trunk,15,1715011552.0,,53cf9955d1a98e50d8939c7a9f52a45bbf3c5ae1,0b4eaefd863e911c211f3defccd75c0ae78e14d2,build_log
PR-15379,trunk,16,1715014479.0,,70dfe00bb38a2ef24ffe706e8125a0a87b5637a1,0b4eaefd863e911c211f3defccd75c0ae78e14d2,build_log
PR-15766,trunk,35,1715044629.0,,004e8cc12e877b32e5dda4501cb573221ad52ef2,0df340d64d3eddf4a7b57057274fb6807f366f43,build_log
PR-15835,trunk,5,1715065315.0,,7946865dd6c5e2b6b0c4eb166801d33ef13b7e05,459eaec666c54020fc859174004806ff4ee5cef3,build_log
PR-15870,trunk,2,1715069100.0,,089536520294d88802dbe575266ac90283aee421,459eaec666c54020fc859174004806ff4ee5cef3,build_log
PR-15879,trunk,1,1715082649.0,,5871080215b5ef4e3b3386f9ed5e4a815b6eac83,ea485a7061146976566004159e6d3a7582e03d13,build_log
PR-15880,trunk,1,1715085696.0,,0d57efc35bba50f2240d4621c4fed165460cc712,cb35ddc5ca233d5cca6f51c1c41b952a7e9fe1a0,build_log
PR-15871,trunk,4,1715085702.0,,be0567ab2fb1c5a46c483f2ed5dca9912ac7b715,cb35ddc5ca233d5cca6f51c1c41b952a7e9fe1a0,build_log
PR-15881,trunk,1,1715086565.0,,3151490e92168024b7e96422b5ac08a998a11053,cb35ddc5ca233d5cca6f51c1c41b952a7e9fe1a0,build_log
PR-15883,trunk,1,1715090520.0,,b04d17fb011c465f90107cbc9505d3edb2923e96,21bf715622e9d05984fa8a2a1f9f12d54b76ce41,build_log
PR-15836,trunk,13,1715101392.0,,64b5f31b0a1d755f2704e7373ba93e29f8d35d31,05df10449eb9c95fe6d6055b302c84686be8058d,build_log
PR-14729,trunk,8,1715108997.0,,dad4a514257be35b30d2e090cad84cdcbd2ce0fd,525b9b1d7682ae2a527ceca83fedca44b1cba11a,build_log
PR-13185,trunk,12,1715110951.0,,15f3e46f5eed9da327e79fd8f24e8ee6be7892c6,525b9b1d7682ae2a527ceca83fedca44b1cba11a,build_log
PR-15886,trunk,1,1715127044.0,,86be21334d4c1abf0307d4b54f8a0373721766db,525b9b1d7682ae2a527ceca83fedca44b1cba11a,build_log
PR-15892,trunk,1,1715148057.0,,0fde07d37216db8a4fb346938003eac9a843bcaa,5f933ac840343429e911f5706ccb7cd8dc379462,build_log
PR-15878,trunk,2,1715165284.0,,00bcb31ee48c4879f0ceacff311b6290cb58faae,f74f596bc7d35fcea97edcd83244e5d6aee308d2,build_log
PR-15873,trunk,9,1715170107.0,,f844c92117740c756411755315ad6bced5550a1e,f74f596bc7d35fcea97edcd83244e5d6aee308d2,build_log
PR-15866,trunk,2,1715175688.0,,d6bb04690080913ddfb053520f026861d0ce2b0c,2a5efe4a334611fc7c15f76b322482bad0942db0,build_log
PR-15872,trunk,3,1715176510.0,,68ebedbdfc04c6d8ecebaefc00f69743d4197227,2a5efe4a334611fc7c15f76b322482bad0942db0,build_log
PR-15898,trunk,1,1715178724.0,,0c7602aaea540312b386acce27b0c00d315bcaf5,2a5efe4a334611fc7c15f76b322482bad0942db0,build_log
PR-15899,trunk,1,1715179204.0,,a07e2a76ddac34bf8b7209f03b8d8e4bd4437785,2a5efe4a334611fc7c15f76b322482bad0942db0,build_log
PR-15900,trunk,1,1715188400.0,,0b7324dc48cc6bafeb0bac2ee83a156472e20636,2a5efe4a334611fc7c15f76b322482bad0942db0,build_log
PR-15901,trunk,1,1715192717.0,,899daeff30eea2dd736a92c023062ffa4decb874,c64a315fd554809e3a5274a136ce0e3ec210dea9,build_log
PR-15837,trunk,5,1715246395.0,,a8dc0ee1792b64f5453d844274df918ca0f9575d,29f3260a9c07e654a28620aeb93a778622a5233d,build_log
PR-15905,trunk,1,1715248267.0,,d6219164841c792cb3f75552b66ffbac3c145bfa,29f3260a9c07e654a28620aeb93a778622a5233d,build_log
PR-15902,trunk,2,1715265099.0,,d8da3bc104f2822ecee01409d5f5ef964512cc98,f4fdaa702a2e718bdb44b9c5fec254f32a33f0d8,build_log
PR-15907,trunk,1,1715267791.0,,e46f748d912b74edea9b4ba8d0cf635dc49a8702,f4fdaa702a2e718bdb44b9c5fec254f32a33f0d8,build_log
PR-15715,trunk,16,1715268012.0,,75d83ea3789afd4b577e908798df4be0a4adb1ac,f4fdaa702a2e718bdb44b9c5fec254f32a33f0d8,build_log
PR-15785,trunk,20,1715268312.0,,7e6a7ebafa38b30cc6b83b49ce5332ec35bcfb51,f4fdaa702a2e718bdb44b9c5fec254f32a33f0d8,build_log
PR-14716,trunk,9,1715271769.0,,91156446ee177281590887cb8054ae9dd914556b,f4fdaa702a2e718bdb44b9c5fec254f32a33f0d8,build_log
PR-15887,trunk,3,1715289529.0,,59b8ac2dab4ea3c3a0400b9d02bea714573ad827,5a9ccb6b7733a910b2f3a6a9433fd09cfef394c1,build_log
PR-15884,trunk,6,1715347275.0,,0ee6392bbf6ff9bbad18b7ce23aaac60b45d0920,510431a732dd8b4c18964238b9f136ba19d6e04e,build_log
PR-15888,trunk,4,1715350750.0,,1b9bcaa291cfafb465de409e250b180a1756a26e,510431a732dd8b4c18964238b9f136ba19d6e04e,build_log
PR-15906,trunk,2,1715358155.0,,f5f54f09fbb58f3fb3a28d82ed7aacb6f327d983,510431a732dd8b4c18964238b9f136ba19d6e04e,build_log
PR-15904,trunk,3,1715358847.0,,62fcd538ba7f3116acd4e30756141495ac8e687e,147ea55dfe200658032de2a26efda067771d92e8,build_log
PR-15912,trunk,4,1715359362.0,,c98cfb6779095d032dfa38b13a3ce71e94510f4e,147ea55dfe200658032de2a26efda067771d92e8,build_log
PR-15909,trunk,6,1715374275.0,,5e9c04687715222d4c1d32811b3cc8fb9fa53a5c,0cfc2983a58e8e8dc15eccf7a413804cd9062f26,build_log
PR-15922,trunk,1,1715382920.0,,c085353863d74fc494bb804092933d2f8ac47af6,ef7b48e66ab72ff6030299e191c6949d44d17c8f,build_log
PR-15897,trunk,5,1715442753.0,,1f244644b621025f1458d582d832c33c3fd44e9d,643db430a707479c9e87eec1ad67e1d4f43c9268,build_log
PR-15925,3.7,1,1715444051.0,,ee368abf543b6d072e27b857771595f515c148f0,e7749546d8063edc5ba678959f7ba507497c6fe6,build_log
PR-15052,trunk,31,1715567443.0,,9f7b2a145ae7b304f89928b29070cbc9d16e0124,643db430a707479c9e87eec1ad67e1d4f43c9268,build_log
PR-15882,trunk,6,1715587308.0,,79d6bc2b6a12bc9cfefcfdf11163088e8de7a6e8,8a9dd2beda90f04180e71b406657d9da388d359e,build_log
PR-15929,trunk,1,1715595728.0,,381e9cab1e8e3646d5eab46f013a843c6c181897,ee16eee5debe653b005afc5a3f4e0bf5486b09b0,build_log
PR-15894,trunk,6,1715597746.0,,99f2a2c496ef4a6b6dfceab3d91383adfdf48925,ee16eee5debe653b005afc5a3f4e0bf5486b09b0,build_log
PR-15727,trunk,6,1715602246.0,,29c57832a78b60faf7dc1a9f3a0ebecb708b0548,6161fd0db28281cd7cf2ac6392d4a5a7dc766234,build_log
PR-15931,trunk,1,1715604096.0,,d85cd62103c6ac3c306ce9ea799be87ae6072b2e,5439914c32fa00d634efa7219699f1bc21add839,build_log
PR-15932,trunk,1,1715610137.0,,b61a03fa3e26ca891f4673d1b8045ce58b76a42a,5439914c32fa00d634efa7219699f1bc21add839,build_log
PR-15934,trunk,1,1715610591.0,,1b6c4121e3f609dd79817c63488e3852e20379df,5439914c32fa00d634efa7219699f1bc21add839,build_log
PR-15877,trunk,3,1715610859.0,,cad9e27c67077b875384a6e731a0a67c74024757,5439914c32fa00d634efa7219699f1bc21add839,build_log
PR-15936,trunk,3,1715615152.0,,ce2f9d689be9b54464fd94020ae9491877873ae6,5439914c32fa00d634efa7219699f1bc21add839,build_log
PR-15634,trunk,7,1715615726.0,,1db9dca1a664e1952ec3dcddcac4a17aae2de6b1,5439914c32fa00d634efa7219699f1bc21add839,build_log
PR-15868,trunk,6,1715617192.0,,71282b711c496a25df22ad025ea6270f5c97a491,5439914c32fa00d634efa7219699f1bc21add839,build_log
PR-15923,trunk,2,1715619853.0,,cb95f00d4ff83abb8d27455bf99432b7c5f8be6e,5439914c32fa00d634efa7219699f1bc21add839,build_log
PR-15919,trunk,6,1715624410.0,,0e3f77d6d188a756472e1cdfa91fbaf4bd6823da,5439914c32fa00d634efa7219699f1bc21add839,build_log
PR-15903,trunk,2,1715624961.0,,9cff2163322a1dfa8b1c53855a7461e7aae6445c,5439914c32fa00d634efa7219699f1bc21add839,build_log
PR-15784,trunk,13,1715643622.0,,dd90897ca86d16eee6b6378f314d6008096852ac,d61b34f2a7d5eecd21f3ea9fd595051e29574cae,build_log
PR-14452,trunk,6,1715660142.0,,54384cf4b15cda28482abd7827bcef3540826fad,e18f61ce46ae677fde75a9b93c334e48b491482b,build_log
PR-15935,trunk,3,1715671015.0,,f526723e6624df2f5ee422a8612c57947c449b21,ccd83cafea6957fe61a07cf306b5cb1b92ed4523,build_log
PR-13965,trunk,8,1715674435.0,,75ee2a18995e34b9d018daca045fdf080ba79b7b,e1771448cf10b8fe5633a4ff905cde1bccc08478,build_log
PR-15896,trunk,6,1715685378.0,,6daa2f06e0705abdea09506bb884a8d1ab96288a,0587a9af3d3dec4859475dcf48463083647c1eb9,build_log
PR-15921,trunk,5,1715688540.0,,b40b00b3f15389020f59b790aea334c03e686973,0587a9af3d3dec4859475dcf48463083647c1eb9,build_log
PR-15950,trunk,2,1715692461.0,,a37f59fdf999a5ca32231d0a1a63a6ec19a53780,0587a9af3d3dec4859475dcf48463083647c1eb9,build_log
PR-15941,trunk,2,1715694234.0,,36d7369119d2b462d88d87a6241c7491ed9f601c,d59336a61563fc7dd50602060be4985d56f71716,build_log
PR-15949,trunk,4,1715694937.0,,2241d5dca977beffe30829f7219eff4d42448a34,8ac32d6c1942e4cea4e110520400c99359aa0d70,build_log
PR-15697,trunk,7,1715700808.0,,639738cce6e74a58444390919fe8ac13007cd0cb,df5735dda52ff9e3ded9d7b7d7a8e4f009f7ee33,build_log
PR-15885,trunk,9,1715706285.0,,58424dc227f0c02124f57a95ff35ea43a1b9d5b0,57d30d3450998465177f92516a41218dbe8d4340,build_log
PR-15948,trunk,2,1715710262.0,,40cabe2795ab8c051281ee03ead967cd525fd502,57d30d3450998465177f92516a41218dbe8d4340,build_log
PR-15960,trunk,1,1715740195.0,,cd0e988af7eb79b9d44cc8e557550cee9ad34d78,cb968845ecb3cb0982182d9dd437ecf652fe38d3,build_log
PR-15917,trunk,7,1715751829.0,,9d69ad12f1c7826fc8e8742f606d5842e8f91d2f,eb5559a40e6cd07626cf77890326547e18f09613,build_log
PR-15953,3.7,2,1715752074.0,,d7a1fa50b6efecf3389018e00dbecbbf504c3da9,2eb6baac1d211de2cf734347441f6730e6b80a08,build_log
PR-15930,trunk,4,1715758913.0,,8fec33ff52cb429ec67974d3007bcd200736b3af,bf88013a2812cab65bc70667e451e0a15d26b73c,build_log
PR-15957,trunk,2,1715769895.0,,0489e8de838819a3308769db6e3921bd806d64c7,3f8d11f047bf2f388fee7e8b5ddb359b47cee554,build_log
PR-15963,trunk,1,1715776938.0,,46f2cb37385d41aa29a2288ed66584e60665932b,3f8d11f047bf2f388fee7e8b5ddb359b47cee554,build_log
PR-15861,trunk,20,1715783900.0,,7e26c74fe67b63fd055cc6801a55878186e1edf6,3f8d11f047bf2f388fee7e8b5ddb359b47cee554,build_log
PR-15967,trunk,1,1715786888.0,,d08a9e232ad1027d51b5f1d74ab82e66be657e5d,3f8d11f047bf2f388fee7e8b5ddb359b47cee554,build_log
PR-15859,trunk,11,1715786940.0,,ac073d6da448546896c7658ca76256720a69b522,3f8d11f047bf2f388fee7e8b5ddb359b47cee554,build_log
PR-15956,trunk,3,1715810563.0,,2700493a26dc0aee447ae85ae43d92f2f5e036d8,ba19eedb90fc3a3efc97714e3ea125647338fc66,build_log
PR-15969,trunk,2,1715819600.0,,0827f37c18175556af150643a30e070a1f6c3aaa,ba19eedb90fc3a3efc97714e3ea125647338fc66,build_log
PR-15947,trunk,4,1715828274.0,,ae95409a33e16ddec47037afa34005d95cf41d1d,ba19eedb90fc3a3efc97714e3ea125647338fc66,build_log
PR-15839,trunk,5,1715859721.0,,82cb48cb38b513b4f512b0f383f074070b401535,7b1fe33d01cb3de9f457a7e4d711eacb7c8f1c4a,build_log
PR-15865,trunk,2,1715859851.0,,73d82d0c507aec9be51ff253319f1b8f41e6a3f8,7b1fe33d01cb3de9f457a7e4d711eacb7c8f1c4a,build_log
PR-15976,trunk,1,1715871863.0,,7e86f1870f815ad43e2d5845f0f1c10bdc9ede29,056d232f4e28bf8e67e00f8ed2c103fdb0f3b78e,build_log
PR-15958,trunk,10,1715871937.0,,c918fdee388263c086eb7be7535f9d9f54619a67,056d232f4e28bf8e67e00f8ed2c103fdb0f3b78e,build_log
PR-15977,trunk,1,1715871979.0,,28139e952eb4c16fbd2bf60c3f3d1412e4b6e1cc,056d232f4e28bf8e67e00f8ed2c103fdb0f3b78e,build_log
PR-15933,trunk,6,1715872906.0,,34212aa30dc30050375ae39f69d3031c146a321a,056d232f4e28bf8e67e00f8ed2c103fdb0f3b78e,build_log
PR-15978,trunk,1,1715873021.0,,8be30d49b418f9038883bf9592c692903cd85788,056d232f4e28bf8e67e00f8ed2c103fdb0f3b78e,build_log
PR-15979,trunk,1,1715873071.0,,119cc7b5f69792b4916d4b9596d3305537920362,056d232f4e28bf8e67e00f8ed2c103fdb0f3b78e,build_log
PR-14448,trunk,9,1715892295.0,,7747d7e2e917cb76d0ac1abc6078a8791043ec6c,fafa3c76dc93f3258b2cea49dfd1dc7a724a213c,build_log
PR-15981,trunk,1,1715902672.0,,67149f90496efb200f3246d121052acd83f1fda7,fafa3c76dc93f3258b2cea49dfd1dc7a724a213c,build_log
PR-15980,trunk,2,1715934169.0,,1d079fac5967506374e15d5300de5cb82a87ac8b,f9db4fa19cce975a6bbaeb09fbe9c91b81846b5a,build_log
PR-15954,trunk,6,1715937969.0,,711ed7c841b2f21e5b2e0bf4b8ed4898e33f3fe6,f9db4fa19cce975a6bbaeb09fbe9c91b81846b5a,build_log
PR-15305,trunk,8,1715942711.0,,da52e545bb5ced4f2ab9836329fe519c0e77e0bd,f9db4fa19cce975a6bbaeb09fbe9c91b81846b5a,build_log
PR-15942,trunk,3,1715947678.0,,3b6805595d86a896709e117cde2c815e0811d129,f9db4fa19cce975a6bbaeb09fbe9c91b81846b5a,build_log
PR-15982,trunk,1,1715948413.0,,220924e31976633f0ddb7d94bcbc6b85eed8738d,f9db4fa19cce975a6bbaeb09fbe9c91b81846b5a,build_log
PR-15983,trunk,1,1715949705.0,,f8291c0f3c1d7b2613024f8f86b9da831b6fbb3d,f9db4fa19cce975a6bbaeb09fbe9c91b81846b5a,build_log
PR-15965,trunk,2,1715953410.0,,b4713873ccec75b886ee555530e2bbfdadde7ee4,f9db4fa19cce975a6bbaeb09fbe9c91b81846b5a,build_log
PR-15971,trunk,4,1715959078.0,,0721144a3a50633e28b293a2c328805037f40fca,b8c96389b47df0dbd53fcba9404363dcdf43604d,build_log
PR-15990,trunk,1,1716025967.0,,43f9a34aa74beb7357f4c1529bddad3dfa9c2576,3e15ab98ec66257af4cbe1f2edc7dbcf8cc792f0,build_log
PR-15984,trunk,3,1716056864.0,,78de4b17b076d78dd3eee6e731f402f29062be7e,3e15ab98ec66257af4cbe1f2edc7dbcf8cc792f0,build_log
PR-15994,trunk,1,1716134347.0,,b3d8dcf08fb6e76d1db5b5297d6e08431dd7df9c,412b05df001df399a873b74093e26b1f6f70ef44,build_log
PR-15996,trunk,1,1716162774.0,,06956358f6dc06367586dfbe87a2b4094e136a7c,412b05df001df399a873b74093e26b1f6f70ef44,build_log
PR-15951,trunk,5,1716175999.0,,4a1b76d38effa2233fb7bc062920a2457243fded,412b05df001df399a873b74093e26b1f6f70ef44,build_log
PR-15704,trunk,9,1716197117.0,,a897d48d26dea64b5e58b158ffa2eed777a3e1c7,81e609802187ac2bcbd0ac169fa10e8c02c237f5,build_log
PR-15952,trunk,2,1716204099.0,,fa3747fa9dadb99ccadca73f66b53f7694aac604,81e609802187ac2bcbd0ac169fa10e8c02c237f5,build_log
PR-15992,trunk,2,1716216390.0,,336d5f5f16187b78cf95fc09fc0664cbe6aa9998,81e609802187ac2bcbd0ac169fa10e8c02c237f5,build_log
PR-15916,trunk,10,1716217284.0,,b891b93e1f7e3a0625fdd657a4b80245fc6ff97a,81e609802187ac2bcbd0ac169fa10e8c02c237f5,build_log
PR-15910,trunk,8,1716222450.0,,56db4edf332d105e8ed580dee67fe0b32fd3fd75,81e609802187ac2bcbd0ac169fa10e8c02c237f5,build_log
PR-16002,trunk,2,1716233634.0,,c7236404147acce1bdc24cee3febe4b47fd31d20,95adb7bfbfc69b3e9f3538cc5d6f7c6a577d30ee,build_log
PR-15940,trunk,3,1716240804.0,,81cc29c862d562eef2117570e11cad5c287a4ca0,95adb7bfbfc69b3e9f3538cc5d6f7c6a577d30ee,build_log
PR-15469,trunk,9,1716240857.0,,8fb6c6e814c70e92b784764e9a60808ef5ca8d4e,95adb7bfbfc69b3e9f3538cc5d6f7c6a577d30ee,build_log
PR-15964,trunk,4,1716242551.0,,cd914dc83f6ee95f6ada2e3a406b18fd37c5496f,95adb7bfbfc69b3e9f3538cc5d6f7c6a577d30ee,build_log
PR-16011,trunk,1,1716263893.0,,dd367af5bb769a81c269489d39ccda6f17d2e541,476d323f5a6e3d811f94a5d859cdc364e4bc479b,build_log
PR-16012,trunk,1,1716264821.0,,eb5b99e8bcb94f3ab6a45e40845ede8a5cb7d68b,476d323f5a6e3d811f94a5d859cdc364e4bc479b,build_log
PR-16014,trunk,1,1716276738.0,,a77c403f5695036037abd7a5be785661c268b24d,b4c2d6680141d8ed2057bd9208cfad96cbdb99e6,build_log
PR-15975,trunk,3,1716281450.0,,5cb6e095e4b8ebb2ebd64a4230b90059f974a6da,52b4596dae25c4ef3fbf1df0e6c3630ae8b0be01,build_log
PR-16015,trunk,1,1716281565.0,,7106d5abad58fbbc120866b83e09e0fef2f2d80c,52b4596dae25c4ef3fbf1df0e6c3630ae8b0be01,build_log
PR-15417,trunk,20,1716281926.0,,28ad4782364a36b566bb035ee793e3e5ab7ef23b,52b4596dae25c4ef3fbf1df0e6c3630ae8b0be01,build_log
PR-15516,trunk,17,1716288895.0,,9b4f5395840984341331ac4c73c31046c4289157,b5a013e4564ad93026b9c61431e4573a39bec766,build_log
PR-16013,trunk,3,1716336991.0,,7b2fc257e0d5bb76e20d7900d1f55bbdc7c80e79,7de58f7359a6c255701107d0078d359047c31457,build_log
PR-15927,trunk,9,1716337127.0,,a3916a56840bed86d7f5eb3096156101f0be0226,7de58f7359a6c255701107d0078d359047c31457,build_log
PR-15985,trunk,4,1716337406.0,,17880df92b3855a9c2f1d98ceb04e80cb15a804f,7de58f7359a6c255701107d0078d359047c31457,build_log
PR-15640,trunk,58,1716337800.0,,91af164415b8b950c70d3a61bb0837c34ae4ed69,7de58f7359a6c255701107d0078d359047c31457,build_log
PR-16004,trunk,4,1716338387.0,,4dfc51dc7b88c1848d16397e5eb230c3ba0111e9,7de58f7359a6c255701107d0078d359047c31457,build_log
PR-15972,trunk,8,1716338708.0,,3910eb65e5b350a4a4dde66efc2da4b46db6df4f,7de58f7359a6c255701107d0078d359047c31457,build_log
PR-16026,trunk,2,1716352472.0,,b62c7e64a451fd2c6d2e450411b9783d0a3ea326,e93aae0664f9cef69b6a14d9fdeabb7e7786194d,build_log
PR-16023,trunk,2,1716368756.0,,eaaf0fc6e42bef1a2d62c614e31deb92ddeeaa71,5552f5c26df4eb07b2d6ee218e4a29e4ca790d5c,build_log
PR-15973,trunk,14,1716373026.0,,a22f98358c0abce4b46ae4a3bcf04ca9d479a59b,5552f5c26df4eb07b2d6ee218e4a29e4ca790d5c,build_log
PR-15987,trunk,5,1716378726.0,,044319a2968f1c18f0919c687bb875f81a6499b4,5552f5c26df4eb07b2d6ee218e4a29e4ca790d5c,build_log
PR-16028,trunk,1,1716380846.0,,289bb811573c048317c9b4b4c72c2d623acbb868,5552f5c26df4eb07b2d6ee218e4a29e4ca790d5c,build_log
PR-16027,trunk,9,1716382202.0,,cb67b852969f6921011768b6079e95c9330119dd,5552f5c26df4eb07b2d6ee218e4a29e4ca790d5c,build_log
PR-16024,trunk,2,1716389319.0,,ff7692d8396604ec144368ccc91b380413125db7,028e7a06dcdca7d4dbeae83f2fce0a4120cc2753,build_log
PR-16001,trunk,3,1716412930.0,,3477e2332f9c50f2f663733fe426fd640932abdc,27a6c156c49e375edea0e6f33a35c64c615db1b5,build_log
PR-15988,trunk,6,1716416053.0,,3bf2783cc1a0279d85824408dad0d90bbb9dc597,27a6c156c49e375edea0e6f33a35c64c615db1b5,build_log
PR-16034,trunk,3,1716424749.0,,d07ea0ee23be33c6feaf940e0e11a33f7322c9d1,06739d5aa026e7db62ff0bd7da57e079cca35f07,build_log
PR-16036,trunk,1,1716449541.0,,2dcefcdff357f40f918de51e523fe5b8a2c132be,14b5c4d1e8589ff61faf855e6b64766001e06ecf,build_log
PR-16029,trunk,4,1716450231.0,,706833b94ca186b5fcf234895b2e4244307a94eb,14b5c4d1e8589ff61faf855e6b64766001e06ecf,build_log
PR-16038,trunk,1,1716457265.0,,e93259f3c904f2764d96e32801980de9338b2399,14b5c4d1e8589ff61faf855e6b64766001e06ecf,build_log
PR-16016,trunk,3,1716458124.0,,889a321c01f15bb20a95e0a216ca9efbcb596bae,14b5c4d1e8589ff61faf855e6b64766001e06ecf,build_log
PR-16035,trunk,3,1716461036.0,,9df04e90c2d5765b33bc934a23ad61f84c9e56b6,14b5c4d1e8589ff61faf855e6b64766001e06ecf,build_log
PR-16044,trunk,3,1716473426.0,,61ccb83fcdd367304662b5fcd56418db959b5e36,ab0cc72499eedd5b5da7232d4a799103d17802fd,build_log
PR-16047,trunk,2,1716474794.0,,4e5693c197e0ef0e3468f33ba104579b1458eb14,ab0cc72499eedd5b5da7232d4a799103d17802fd,build_log
PR-15377,trunk,10,1716476824.0,,e583d218fa54bf67d88fc2cfd04d2e8e568fbc79,8d117a188df7a135ad5595d0302ad903f9241027,build_log
PR-16039,trunk,5,1716478459.0,,64a83c1c108164dc1a79b6a0e9c9c9bac94a463f,8d117a188df7a135ad5595d0302ad903f9241027,build_log
PR-15970,trunk,13,1716484006.0,,5940f59bff16bfe24bdb0184016cc7ccd53f6205,0ba15ad4d1bd7318d626430035a1666eb16f844d,build_log
PR-16008,trunk,6,1716485408.0,,4e9a94020b51152c174641dfb91969116aa54f4e,c3018ef55ec97f6b2bb08baaf141ff840559e10e,build_log
PR-16060,trunk,1,1716498950.0,,9855a1384464fee5cbd99a722075d34e9744799e,11ad5e8bca2444d8c51cd6b81ee84dcb41a047c2,build_log
PR-15891,trunk,23,1716500078.0,,f9fef1989add194ef17783368619ad60c1f1a164,de3202832dcabdb30fbcaa29329552c410db8500,build_log
PR-16051,trunk,6,1716500690.0,,2fa9bdb3884a997cb8c0854e9c4d9efb038e059f,de3202832dcabdb30fbcaa29329552c410db8500,build_log
PR-15893,trunk,7,1716505894.0,,23e6844709c28f94ca572b0e712d8fd49546de98,de3202832dcabdb30fbcaa29329552c410db8500,build_log
PR-15825,trunk,30,1716512922.0,,d4668beecdb86559e7c849d978ea92121c34497c,de3202832dcabdb30fbcaa29329552c410db8500,build_log
PR-16063,trunk,2,1716522310.0,,3c91ca4a8433e31a6e50e3d3c8c783795a779c42,de3202832dcabdb30fbcaa29329552c410db8500,build_log
PR-16045,trunk,2,1716532674.0,,fc9fe4d3bfa45e0764745d52e6748bd74b40afb2,de3202832dcabdb30fbcaa29329552c410db8500,build_log
PR-16069,trunk,1,1716543643.0,,13d5b583633882eff999c0f1135fd1bcfc8b8a79,520aa8665c8bad19c55d74e6b8ac14a4e17de789,build_log
PR-16070,trunk,1,1716548265.0,,66e21422b9b1fb62034c6def7769ad8da6dcd7d5,c5cd19081891c058681b3088c30769641bf4ae6b,build_log
PR-16072,trunk,1,1716555188.0,,faf5e066c8601e279a020dc8354e5f37884b6a17,0143c72e501afd76f89c2da9e4537be5ea11d4a0,build_log
PR-16059,trunk,3,1716558900.0,,c881ac1e85a0601763a35c5138b41c2d1858aaab,0143c72e501afd76f89c2da9e4537be5ea11d4a0,build_log
PR-16073,trunk,1,1716562257.0,,c8f1d1d875020b990feaa29e8a9de3b74795f2d0,0143c72e501afd76f89c2da9e4537be5ea11d4a0,build_log
PR-15848,trunk,7,1716564465.0,,2a5a25c5e83ff2cce3986d05b8bc6f73e4adfcf0,0143c72e501afd76f89c2da9e4537be5ea11d4a0,build_log
PR-16006,trunk,7,1716566062.0,,dadb569b29809c3de7f5e71822ec4238f71828dd,0143c72e501afd76f89c2da9e4537be5ea11d4a0,build_log
PR-15607,trunk,4,1716572066.0,,b448433568a89cdf7b99d1c9d107e32d08c49a65,4f55786a8a86fe228a0b10a2f28529f5128e5d6f,build_log
PR-16076,trunk,1,1716575657.0,,d76aa3de4f86ff70ee5e4abef62d000accf4982b,4f55786a8a86fe228a0b10a2f28529f5128e5d6f,build_log
PR-16064,trunk,4,1716600619.0,,36de041a709044be458fadfbd1c08088991eb4a7,d585a494a4871eaecdddf98f8655b8f30c5bd834,build_log
PR-15974,trunk,15,1716615035.0,,dccb5839a421518164c6f4b80c1cebe5e7009a97,d585a494a4871eaecdddf98f8655b8f30c5bd834,build_log
PR-16081,trunk,1,1716625559.0,,595546bd6938d81cc4c67acc51b10f4b584884f4,d585a494a4871eaecdddf98f8655b8f30c5bd834,build_log
PR-16082,trunk,1,1716652655.0,,9c9c2de783ba499fe0424856239aacfcfb44a65e,d585a494a4871eaecdddf98f8655b8f30c5bd834,build_log
PR-15860,trunk,3,1716690485.0,,9bfc63782eccaef3b9ada201bf3c5fe404b61392,d9ee9c96dd5081f3b494f5fc820fb3f51328993f,build_log
PR-14686,trunk,9,1716701424.0,,5f5f284631b19272a884821074407322dbcc7dac,d9ee9c96dd5081f3b494f5fc820fb3f51328993f,build_log
PR-15889,trunk,25,1716864019.0,,b44f199ef747f78daed12f2a65682fee1f51361a,adab48df6830259d33bd9705b91885c4f384f267,build_log
PR-15702,trunk,8,1716873458.0,,bebdaf00f0255c43b4b545d7219fc66135609b19,91284d8d7b38d350a63b4086d2f12918e5bc31dc,build_log
PR-16067,trunk,2,1716875133.0,,4ff2c41ebcd19a79d339cb48f72464f3858e9cdd,91284d8d7b38d350a63b4086d2f12918e5bc31dc,build_log
PR-16066,trunk,2,1716875249.0,,a94e3f49acf3d18f5453773cab7b6bb6c6f67cf9,91284d8d7b38d350a63b4086d2f12918e5bc31dc,build_log
PR-16098,trunk,1,1716876311.0,,799b4c0b535fffaa1bd8f904cfa1c8aef73a2489,91284d8d7b38d350a63b4086d2f12918e5bc31dc,build_log
PR-16099,trunk,1,1716877599.0,,e9ed693e68484e49822a9b53aaec8a3cccd4b37f,91284d8d7b38d350a63b4086d2f12918e5bc31dc,build_log
PR-16100,trunk,1,1716883248.0,,3331561c0d7ac0efcb57c0a9ca161fbd864f7deb,91284d8d7b38d350a63b4086d2f12918e5bc31dc,build_log
PR-16101,trunk,1,1716883449.0,,9f45498291e32a6d0389b387b64aa24ad6ad97b9,91284d8d7b38d350a63b4086d2f12918e5bc31dc,build_log
PR-16103,trunk,1,1716890020.0,,fba7f9ff178b1514d6a245d25d95a1fd09a66523,a57c05b73bdccaad6164e53da07f07d37f3005a8,build_log
PR-16040,trunk,7,1716895703.0,,44dcbf6d6dd534b61e6d0e76e062722af82b42bc,699438b7f7801115cb7d66dba202b25af7ff8a1f,build_log
PR-16010,trunk,10,1716896160.0,,a6afc0e1b2bd83e3af5b65e6cc03477711b80f9e,699438b7f7801115cb7d66dba202b25af7ff8a1f,build_log
PR-16104,trunk,1,1716900942.0,,5504c57f317ada97f76f3bde9b8e40b7545b1e17,699438b7f7801115cb7d66dba202b25af7ff8a1f,build_log
PR-16084,trunk,4,1716910411.0,,c6f24de0e3ee358b250f7c49bcdf814e8228d928,64f699aeea681f54f9a4c973509c953c0501820d,build_log
PR-15691,trunk,8,1716914079.0,,ca745917e6aa9da12419b961daad038843881dec,a649bc457faa0f4b682e831d61d27fb289659cba,build_log
PR-16112,trunk,1,1716922641.0,,3eb1d4c71d6b65a63b952ab13b7e98b6512c313f,a649bc457faa0f4b682e831d61d27fb289659cba,build_log
PR-16057,trunk,8,1716922683.0,,9512b40f2b0a6a1c727ee22b9dc0b1f401a63d6b,a649bc457faa0f4b682e831d61d27fb289659cba,build_log
PR-15889,trunk,26,1716923901.0,,621d0f0ae5c99cde760a4a47c3cc8a7a99c543c2,4d04eb83ea2cf67484d81e30603e976f63616428,build_log
PR-15601,trunk,28,1716924932.0,,e223f3309c50af1cd24941737562ccf57a96e85b,4d04eb83ea2cf67484d81e30603e976f63616428,build_log
PR-16052,trunk,6,1716926964.0,,5735e53b258c441cadeadb44c3027df71cbae2fd,4d04eb83ea2cf67484d81e30603e976f63616428,build_log
PR-16074,trunk,5,1716930105.0,,906379c1f54ae32610bff3e7791f243e400c1394,4d04eb83ea2cf67484d81e30603e976f63616428,build_log
PR-16111,trunk,3,1716935265.0,,49d8650ad89417be06b42574022bd7cccc4a3def,4eb60b5104c3e7a6d9d6943b18abc3c2d26bea3a,build_log
PR-16117,trunk,1,1716942909.0,,0cdabef0a4079c6fc96af6bb4a36bc87a4032fab,56ee1392e8fdb8dd49719370e6c01cc8b641deb7,build_log
PR-16114,trunk,2,1716943918.0,,240cedd851dcf6010b6573aada91c387538e69df,56ee1392e8fdb8dd49719370e6c01cc8b641deb7,build_log
PR-15946,trunk,15,1716953872.0,,2bbd8ff3f17b81fa045618de9b197bb880229dc8,d64e3fbb2b76fd4ffe9720ca2b3c1763381e1abb,build_log
PR-16090,trunk,2,1716965048.0,,9eef86dea2a35cab2a4b518bec99360c13fcb034,eefd114c4ac386a5cf5b425d74cd47456d8ce9c1,build_log
PR-15690,trunk,12,1716967735.0,,5263b4e213f6c154b9f39764b09fc8d4e95e8ab1,eefd114c4ac386a5cf5b425d74cd47456d8ce9c1,build_log
PR-14847,trunk,32,1716972642.0,,3a079d5d74a76bcf50d3f863145fc0fd6f3d8c8b,897cab2a614407149bbdd96697d7bc27be89505b,build_log
PR-15914,trunk,2,1716973079.0,,835fc165e217e40a78e27244a564d8c633a8b27e,897cab2a614407149bbdd96697d7bc27be89505b,build_log
PR-16118,trunk,2,1716974330.0,,3000de00a6c381e050626ee36f27784153f0b4b7,897cab2a614407149bbdd96697d7bc27be89505b,build_log
PR-15998,trunk,8,1716975406.0,,eddb1d1663eff0e7b30c45f8f8a7ca7932f1514d,897cab2a614407149bbdd96697d7bc27be89505b,build_log
PR-16108,trunk,3,1716988081.0,,af53f5065481e6ff7c908a3e2328f2036008f79c,8d11d9579503426edfaeae791ec4bb212da37ad2,build_log
PR-16113,trunk,2,1716992191.0,,1e5b04389b7af19173a8a6c316cc1b8d57d61004,8d11d9579503426edfaeae791ec4bb212da37ad2,build_log
PR-15779,trunk,22,1716992427.0,,e36cf73b6d0872ca6716e882e77f3bd5b18b0225,8d11d9579503426edfaeae791ec4bb212da37ad2,build_log
PR-16032,trunk,7,1716992470.0,,bed0f5b0261c8952fb9748d862f3ef375daf7d50,8d11d9579503426edfaeae791ec4bb212da37ad2,build_log
PR-16123,trunk,1,1716995100.0,,53bd7ec02ef857656e4efd1dbf4096ca7b707f4d,0b75cf7c0bf71688a2ddcb5c2bf2610836da6943,build_log
PR-15165,trunk,4,1716995949.0,,652a787a65d71935c3bac5099cb614047ec23a86,0b75cf7c0bf71688a2ddcb5c2bf2610836da6943,build_log
PR-16125,trunk,1,1717000788.0,,ee543189b02fc2b427db5f72fcf3a54440992eb0,2d9994e0de915037525f041ff9a9b9325f838938,build_log
PR-16075,trunk,5,1717004825.0,,a389c1a07233f7315acb48bc586ed4cd62ac9707,0f0c9ecbf330923ad653cc2ff4fca6c4dced1cf7,build_log
PR-15685,trunk,37,1717004996.0,,0704b61f82e152290cded2a43d74fda16b47314e,0f0c9ecbf330923ad653cc2ff4fca6c4dced1cf7,build_log
PR-16121,trunk,2,1717005464.0,,94c6326caed83265ecb2736c1d2821839469c9ab,0f0c9ecbf330923ad653cc2ff4fca6c4dced1cf7,build_log
PR-16092,trunk,12,1717012287.0,,7d67257d30ff25267e37c1804adb29d373131c20,0f0c9ecbf330923ad653cc2ff4fca6c4dced1cf7,build_log
PR-16033,trunk,21,1717014556.0,,fe3fd0623834c7407c42f9b730faead3b7c17b7e,cc269b0d438534ae8fef16b39354da1d78332a2c,build_log
PR-16005,trunk,7,1717028432.0,,147fee1d414a2990bb84017ac37263c7d8c29e87,c8af740bd44dae92bbe68254114c0fd7f7c32345,build_log
PR-15821,trunk,13,1717033812.0,,f61f3387417450f9568ded7851ea7445e0cd7ae8,3d14690cbfe97dda05dc9896047e38d851076fd4,build_log
PR-15625,trunk,11,1717048361.0,,d57b8c316a9f7140e1ec9f5748db0a5ce735b34d,131ce0ba593535b6a0cd2d39ea04dd3929adf60c,build_log
PR-16046,trunk,9,1717069072.0,,2fcf50f8bfe7b3270ea630bf10353707c0f6db22,8068a086a3f41b9f7e4d4a1dab3338f029089f23,build_log
PR-16048,trunk,4,1717069354.0,,0f526d5caeaa6936ba03394c961f5d71e2ce7ee3,8068a086a3f41b9f7e4d4a1dab3338f029089f23,build_log
PR-15862,trunk,8,1717070562.0,,83499cdf9d85d268b49fd0b1412671f30f75016c,8068a086a3f41b9f7e4d4a1dab3338f029089f23,build_log
PR-16128,trunk,2,1717076168.0,,29e138fb4992d3205c907de631cc7bb8de2a02a7,3b92046c08b38252af0f8ecf7d6b097f7b43f852,build_log
PR-15989,trunk,3,1717078187.0,,4c732780c14011e2130eb00d75c3c4443478a46f,3327435c8d5e564232707bac5fdc4706fd93b7d2,build_log
PR-16139,trunk,1,1717078815.0,,6f3e88009c71f1f521b25639b133e927960287e6,3327435c8d5e564232707bac5fdc4706fd93b7d2,build_log
PR-16062,trunk,4,1717086236.0,,0dc751237b72c74af45c8eae36b3cc98b890f02f,bb7db87f9883a7023b28f1150085b0914c011379,build_log
PR-16135,trunk,3,1717087089.0,,95f3ce601ac319110b882161604b927925ee0eeb,bb7db87f9883a7023b28f1150085b0914c011379,build_log
PR-16130,trunk,3,1717088612.0,,ef660246d2d0a6d9e5c5c9e5c117d7382eddf29e,bb6a042e99a3d011968a75f4e2bfb51d57637a25,build_log
PR-16096,trunk,3,1717105649.0,,472c6d26ca2ad61ed293200097ea239e02266ecd,a8e99eb969539bd38ae6ee572791b974b41f8433,build_log
PR-16025,trunk,2,1717105875.0,,9a1ad7f19c6d0738818305c8df162cd23bf864b9,a8e99eb969539bd38ae6ee572791b974b41f8433,build_log
PR-16146,trunk,1,1717105956.0,,7914425632b865fca9c664618cb772d5e22d72cd,a8e99eb969539bd38ae6ee572791b974b41f8433,build_log
PR-16129,trunk,7,1717107083.0,,01d5f4db945d3ceed1c86dc6f421400fe100b0ae,7c1bb1585f31b1ec68b0f327e831ec2a909d824a,build_log
PR-15840,trunk,22,1717113576.0,,ba4264fda28fb1442d13c8a29b7c191797e24966,370e5ea1f81b0cd64760f740981a388b76b5e29d,build_log
PR-16085,trunk,7,1717120844.0,,8bb4159f068459ca37edab60da60c5bf95aef2cc,b0fb2ac06d81d656d6230ace5bcba0f9a62c61dc,build_log
PR-15844,trunk,7,1717123616.0,,d7ced361a0513f2dc84fac369e55f1a34b857a89,b0fb2ac06d81d656d6230ace5bcba0f9a62c61dc,build_log
PR-16120,trunk,12,1717139284.0,,b1b296370e2c2bc722875858e815515415085d7a,b0fb2ac06d81d656d6230ace5bcba0f9a62c61dc,build_log
PR-16150,trunk,1,1717146574.0,,9ef7e01d82705b3f0c94d6ae9c8de3b45859f1c8,0971924ebc7e65eb7055010d2400626d31967d8c,build_log
PR-16022,trunk,6,1717148764.0,,9cbfc2fc4625b6e2a2b7da1836493750ea929df8,0971924ebc7e65eb7055010d2400626d31967d8c,build_log
PR-16133,trunk,3,1717150183.0,,c37942e842dceeb6e107dc27f40fc2c15d410fc8,0971924ebc7e65eb7055010d2400626d31967d8c,build_log
PR-16152,trunk,1,1717151556.0,,562a160da4308e95c5822addf62d0a68b59c93ee,0971924ebc7e65eb7055010d2400626d31967d8c,build_log
PR-16149,trunk,4,1717155993.0,,6372e37421d65b9a508381fca0ca1258ea899442,0971924ebc7e65eb7055010d2400626d31967d8c,build_log
PR-16088,trunk,4,1717157015.0,,f7c0b47125feee04d7a4ef45b7ba8debe475e38d,0971924ebc7e65eb7055010d2400626d31967d8c,build_log
PR-16154,trunk,1,1717158016.0,,9e6655d00e70b5b288accb713776c18e20d29495,0971924ebc7e65eb7055010d2400626d31967d8c,build_log
PR-16153,trunk,3,1717160743.0,,0d07722207b7af8ab737fe571d0e95414c3125a1,21caf6b123dd70a68d258fd925785a529f3a48d9,build_log
PR-16017,trunk,8,1717166732.0,,ba44b96af7c58fb6ef13c09cb473e9337fcfd052,7e81cc5e68a709d4df151ecd86d2b5e3f03d0fb3,build_log
PR-15945,trunk,4,1717174265.0,,0410201bc0f04145c4a86d8a23b08350cc756ae6,7e81cc5e68a709d4df151ecd86d2b5e3f03d0fb3,build_log
PR-16148,trunk,2,1717180428.0,,68b100729925b2da5cbe6d6be609082a0f3a4d99,9c2b1b8d0bfaeb2dbdbbbf581b8ae083af5f68f7,build_log
PR-15790,trunk,5,1717182194.0,,a8e320fe4d538cf54191abc9ae5084c654ac1cc1,9c2b1b8d0bfaeb2dbdbbbf581b8ae083af5f68f7,build_log
PR-16160,trunk,2,1717200073.0,,915f0965101de9138513715e6a3431dd282c7c0c,fb566e48bf05d749f8db8da803a3570acf25bb11,build_log
PR-16155,trunk,4,1717209330.0,,e862f7fafed81e6af73ef4bb36fa78e8fa1c2938,fb566e48bf05d749f8db8da803a3570acf25bb11,build_log
PR-15961,trunk,12,1717227563.0,,dd17e11d3128b44cbb439c967c64003f9f9d5c06,fb566e48bf05d749f8db8da803a3570acf25bb11,build_log
PR-15863,trunk,10,1717251079.0,,836390ac63a06c7f0909a5a4665b62ee7c01a829,fb566e48bf05d749f8db8da803a3570acf25bb11,build_log
PR-16166,trunk,2,1717265502.0,,45ea857cee4cc0ffe3a7f82ec409e72b3874f5f6,355d5da79a82bce1956767dd573a6b0b6ac4b507,build_log
PR-16168,trunk,1,1717277670.0,,bbb6d7098bf6bc130f99344fd953e35943ece098,966f2eb3efd929a4c270c502514aa74ea1414677,build_log
PR-16042,trunk,14,1717292460.0,,331a6cd09f0816fd84b9b4136eacde8bd09d1c2f,8ace33b47fc078d89a104043b12ca95f6e1da637,build_log
PR-16164,trunk,3,1717312315.0,,80ff22c33770ff50498c3d2edc186819042df31f,8ace33b47fc078d89a104043b12ca95f6e1da637,build_log
PR-16170,trunk,2,1717327695.0,,1f7544c239f6015c3b36a121b3fa4df13f940738,2c82ecd67f2f6b412f625e8efc1457e7fb7f74dd,build_log
PR-16097,trunk,24,1717334571.0,,89999a894e9de73a96ea1a698d8540a0b5f494a3,9eb05fc72963fbb5667ecf00a252654b0cc1f8cc,build_log
PR-16171,trunk,1,1717342059.0,,74fde9fdf4b3ffa98f255cc7405ede457c23a1a5,b05f82d44489b5744a1470d49896e322528c25da,build_log
PR-16169,trunk,3,1717359099.0,,c910d6c7533a6bb7de38478a20242427c6e75490,342e69192f62b89b7d1ea824aeecc09c38899d72,build_log
PR-16131,trunk,4,1717388873.0,,bc935c662b8cc47adf0be44e6662b026f4c85b8f,fb566e48bf05d749f8db8da803a3570acf25bb11,build_log
PR-16138,trunk,3,1717418578.0,,8b8b661b970ab003e1832caac2fce274f11211a6,734d309a2973884cd175b29c1f9c95947e1c0b80,build_log
PR-16163,trunk,2,1717418858.0,,0ec7f3d602a79a036c63bc8a1811ec779cd91be6,734d309a2973884cd175b29c1f9c95947e1c0b80,build_log
PR-16174,trunk,1,1717419867.0,,914a2fe49c57fd559a514320dea0d7f362db7bf5,734d309a2973884cd175b29c1f9c95947e1c0b80,build_log
PR-16049,trunk,5,1717421346.0,,47af96327f791d7acae2d448774d306cbf4efee3,734d309a2973884cd175b29c1f9c95947e1c0b80,build_log
PR-16122,trunk,3,1717425188.0,,ad2fe29bdb762a56fba7ceb773f57fdf9e4fc918,a68a1cce824a8346509d5194e0e43a3cb36ba09a,build_log
PR-16177,trunk,1,1717427973.0,,70ea630de78918c866d1ce191314faa45bdb9dbf,a68a1cce824a8346509d5194e0e43a3cb36ba09a,build_log
PR-16134,trunk,4,1717431989.0,,9900d89420ca27f69c994c3a0013d350df8dd1ec,a68a1cce824a8346509d5194e0e43a3cb36ba09a,build_log
PR-15986,trunk,21,1717432055.0,,d2371b290b4626708b62c2c8db250457d9b47ac9,a68a1cce824a8346509d5194e0e43a3cb36ba09a,build_log
PR-16181,trunk,1,1717438260.0,,b2699b9bc3150b5c6bc83618aa9e91c4be133295,5cbc1d616ac48b61d8abbab96594526f9994e9c5,build_log
PR-16144,trunk,3,1717439658.0,,1e14b14747f53c790cafee9aef3edef4a9ebff4d,979f8d9aa3e8840951a151ab83eb006f8e7c1314,build_log
PR-16182,trunk,1,1717441797.0,,3ccda5a17e2de60214c250fd7687339116faaf5d,7973aa6a39249f0afc141cddf46560bdae546337,build_log
PR-16080,trunk,7,1717444148.0,,34aa67f8fe700615f8518c230a00690d1f67f6c2,c6c39c0062b60d4b51a09b72d7d9c0e8618a00f1,build_log
PR-16173,trunk,4,1717445392.0,,7e251341c6b12b962fb33137570b347f0634bcee,c6c39c0062b60d4b51a09b72d7d9c0e8618a00f1,build_log
PR-16058,trunk,5,1717451903.0,,6c9c293b3591c46f28b49ddb8209aac7802172f4,459da4795a511f6933e940fcf105a824bd9e589c,build_log
PR-16151,trunk,3,1717460674.0,,b80bee6e7bb1779f57d1051821a4c82b35eb4cd7,459da4795a511f6933e940fcf105a824bd9e589c,build_log
PR-15993,trunk,13,1717463235.0,,2a4ef5cd9aa8f666cf04e130e9a34b364932e6e1,459da4795a511f6933e940fcf105a824bd9e589c,build_log
PR-15675,trunk,8,1717475091.0,,695c46404c5207e2536867c0ccd582272facc779,53d592e369f9ea5d3a25d828bbc1c4845a8a1f92,build_log
PR-16147,trunk,14,1717480399.0,,53410c0ba661fa2a68e489f13fc921a3524edd08,53d592e369f9ea5d3a25d828bbc1c4845a8a1f92,build_log
PR-16185,trunk,1,1717484266.0,,db47b6b7fa4ad965476349d7e9aca260b07dbbe4,d7bc43ed06bbdb0864863541df51544dbe234e5d,build_log
PR-16068,trunk,14,1717484986.0,,0f0fb39f159d2335f5e7e0c1708707e2a4845027,d7bc43ed06bbdb0864863541df51544dbe234e5d,build_log
PR-16186,trunk,2,1717487689.0,,1b7da54a4e03fc5d537fda53eb2da4490d6481fa,d7bc43ed06bbdb0864863541df51544dbe234e5d,build_log
PR-16178,trunk,2,1717491266.0,,b68f3c985112408acb1c9fe19b6e0d38dc5b997a,e4ff54073a5957af50626f63f59d15c26c16370d,build_log
PR-16180,trunk,4,1717493995.0,,49e8dcd5209d7de291d2ca2efc16bb5a23460f1b,e4ff54073a5957af50626f63f59d15c26c16370d,build_log
PR-16187,trunk,1,1717495490.0,,9eef86dea2a35cab2a4b518bec99360c13fcb034,e4ff54073a5957af50626f63f59d15c26c16370d,build_log
PR-16156,trunk,5,1717501114.0,,a4648f1e3b4d748945f407fc24a6af4876af53e5,eea9ebf8a31126f797a4a325995e5e04d4993b74,build_log
PR-16189,trunk,2,1717503918.0,,e532a4c00d3a8e34b928fd5728c26a06d06498b3,eea9ebf8a31126f797a4a325995e5e04d4993b74,build_log
PR-16105,trunk,5,1717506540.0,,3ebe588c253cb0f33f4188698319e0ccfd0aac30,a08db65670ddea78da859a8c29a00632d5e8b779,build_log
PR-16190,trunk,2,1717506612.0,,73fc90df4a87b1fac036c6f09f366e3cf7d8cc40,a08db65670ddea78da859a8c29a00632d5e8b779,build_log
PR-15834,trunk,6,1717507130.0,,fc4ed99f95bc025c3b8a78a473f11e51d52a023f,a08db65670ddea78da859a8c29a00632d5e8b779,build_log
PR-16192,trunk,1,1717507678.0,,b83fe6e769255643dcedc91dc1422f3737d4da65,a08db65670ddea78da859a8c29a00632d5e8b779,build_log
PR-16065,trunk,6,1717515764.0,,3bd267644233f60d34c3afe0b1314fd9e25db854,55d38efcc5505a5a1bddb08ba05f4d923f8050f9,build_log
PR-16197,trunk,1,1717521532.0,,4ce917c9b10994ead405f9127ca184cb97a8ab8c,55d38efcc5505a5a1bddb08ba05f4d923f8050f9,build_log
PR-16145,trunk,9,1717531151.0,,be093662631e504a150c77964c5472eac1601b85,cda2df5feb0f4c4226f5c3a6e3f55ecdbf071e2c,build_log
PR-16161,trunk,2,1717533187.0,,554f648b3a7d9e3d14d203684695cc4dd42bbf6d,8b3c77c6711d8c1424659a1b4621a8c823fa2236,build_log
PR-16165,trunk,5,1717545355.0,,daf19de4f274bb3641cd9da8b719146389594f30,d652f5cf54c969c07d486d1c4843bcfdddea889a,build_log
PR-16184,trunk,5,1717547827.0,,6509461c1228d6c1da6d47c1344eb983ab0571f7,b89999b504bef8b6594e67b3eb098d7dbe36daa0,build_log
PR-14778,trunk,9,1717553592.0,,6667b68e61b0125784c5ad65f0c124e9355bd34d,b89999b504bef8b6594e67b3eb098d7dbe36daa0,build_log
PR-16196,trunk,2,1717560924.0,,e1d751e17b2f5e4c22422c071234b7cd1701ee90,b89999b504bef8b6594e67b3eb098d7dbe36daa0,build_log
PR-16194,trunk,3,1717564550.0,,dccda66ea525e4aaa7a2c1b818e2e2698093994b,252c1acac357708f98403a12f3ef3eb91e3735ac,build_log
PR-16176,trunk,17,1717565302.0,,0f108eba933a19debbb36d54b913b7799940106d,252c1acac357708f98403a12f3ef3eb91e3735ac,build_log
PR-16204,trunk,1,1717567182.0,,65652738a3d6514d7f2b47c890f167cae8bf64bc,252c1acac357708f98403a12f3ef3eb91e3735ac,build_log
PR-16205,trunk,1,1717567860.0,,03d7198563088383ea1321bdbd93bd2209544999,7ddfa64759d494ae85d67efd4d49cf673e7962bc,build_log
PR-16206,trunk,1,1717573874.0,,aa8ea243b145842d79b3ae8869797742cda66a9b,02c794dfd3bda12066031155bd62234ad863860b,build_log
PR-16208,trunk,1,1717576965.0,,871f8b181b0dd8197d7a4501e18551346659c21d,02c794dfd3bda12066031155bd62234ad863860b,build_log
PR-16071,trunk,5,1717581945.0,,90553594a0cd8f33e541d485eb1abf52bd2c57d9,02c794dfd3bda12066031155bd62234ad863860b,build_log
PR-16214,trunk,1,1717598325.0,,146e1f5ee650e5f8b0c64ab6f2367121276fedba,f2aafcc66faca4d07a27e4ef90158136cb317b44,build_log
PR-16159,trunk,2,1717603208.0,,9d90ab7e7f6a607eadd122e0d1b6c21e65afca7b,f2aafcc66faca4d07a27e4ef90158136cb317b44,build_log
PR-16079,trunk,11,1717607091.0,,5d736245443a486b3a35d4ae83d19e2c99f34c51,f2aafcc66faca4d07a27e4ef90158136cb317b44,build_log
PR-16202,trunk,3,1717608210.0,,ad85c3775c7e5ccf004eeb9184afe30fbc274fca,f2aafcc66faca4d07a27e4ef90158136cb317b44,build_log
PR-16110,trunk,7,1717610338.0,,d1187ec85468814827126c7b0a0ce051c62b416f,f2aafcc66faca4d07a27e4ef90158136cb317b44,build_log
PR-16115,trunk,14,1717611620.0,,f5abcc5bd956dc8157b2ff1e885edd8d72689cbd,f2aafcc66faca4d07a27e4ef90158136cb317b44,build_log
PR-16220,trunk,1,1717623112.0,,9e92bbbe374e39426d9fbba7826765c7271c725d,896af1b2f2f2a7d579e0aef074bcb2004c0246f2,build_log
PR-16031,trunk,50,1717626217.0,,246b65ec58190271b01cef4c61ea5fd6fac46e77,7763243752d797ee4136b9090722863e034f7afc,build_log
PR-16199,trunk,15,1717660174.0,,a70391f9e9ada941438c6913b50191b593bf7f33,b74b182841a340b7b92d852142201cd5c1ee1b85,build_log
PR-16222,trunk,1,1717662065.0,,51da8fa1e09b1dcb135721b821e81e38385ed5bf,b74b182841a340b7b92d852142201cd5c1ee1b85,build_log
PR-16226,trunk,1,1717671580.0,,78b527ed7c42169654701e45cbb5dced6eb52008,b74b182841a340b7b92d852142201cd5c1ee1b85,build_log
PR-16157,trunk,2,1717676998.0,,3ce88e066741b3c6833bfd2f9e25700876e188ab,ebe1e964ffb7f6da770df67980de82e7931c0496,build_log
PR-15966,trunk,4,1717680347.0,,707762d0a231169e51b934c71e6ce51108fba3f8,226f3c57e3a19de227d6b34828fd5e3a535e6778,build_log
PR-16198,trunk,7,1717682927.0,,447967277a1d1432afff515fbcb14f2e70029e6a,226f3c57e3a19de227d6b34828fd5e3a535e6778,build_log
PR-16193,trunk,3,1717685857.0,,6d868fd3d60d639cc395044c4156eaee04a5ec9b,226f3c57e3a19de227d6b34828fd5e3a535e6778,build_log
PR-15869,trunk,12,1717686254.0,,e5549c41936e464b47b54127bf48e6579996a25e,226f3c57e3a19de227d6b34828fd5e3a535e6778,build_log
PR-16219,trunk,2,1717688337.0,,768c6ff520cd968a11d02b8b172a14744c95b306,226f3c57e3a19de227d6b34828fd5e3a535e6778,build_log
PR-16126,trunk,19,1717696822.0,,f6a2f08c8d30287759685bec0d61c346edd0cba6,a41f7a4e13bfdb21fcd84dcf0baad3f2f4511479,build_log
PR-15513,trunk,4,1717698044.0,,e4cd09725f6eeec9054f3d6c18cd0ae45a173be0,a41f7a4e13bfdb21fcd84dcf0baad3f2f4511479,build_log
PR-16234,trunk,2,1717706825.0,,68559aa3dffa96484908c1d18dd2895c3ab4bb03,8a2bc3a22188fbdb506b6f4bec6d3f8eb59d4c3f,build_log
PR-16249,trunk,2,1717809457.0,,0732d571ae9eb13afa56fd181ea5b7abcb74efb5,d13a693ea768fa8013240dc39bc21db92bffc31f,build_log
PR-16251,trunk,1,1717828648.0,,7dfd15d1afaf4465e064e3a6950eb2f797805e36,96036aee855ba0ec1d562904636ea0ff433bce7f,build_log
PR-16232,trunk,3,1717845099.0,,ee5af53845e4c59f6dedbc18cde2980df202c62a,5a5a2921462fedde664ec2a61b033240160b66f7,build_log
PR-16245,trunk,3,1717853955.0,,f725a0a42916df48642c9b94093b35acc0fb4aa7,55945580472218b306616122ba3889ba644aa700,build_log
PR-16201,trunk,19,1717853985.0,,948b33e8f8d932aa7e7260a1ebb2c4b3b015534e,55945580472218b306616122ba3889ba644aa700,build_log
PR-16236,trunk,6,1717854401.0,,135dd6db6eb21aef186e97806107ea691d69169a,55945580472218b306616122ba3889ba644aa700,build_log
PR-16172,trunk,13,1717857637.0,,f07113a6081a800a01e9dbd2017659ea7ae90a69,55945580472218b306616122ba3889ba644aa700,build_log
PR-16252,trunk,2,1717862584.0,,2524afcb126a25d805fb2472c4a1cd87a053c64c,55945580472218b306616122ba3889ba644aa700,build_log
PR-16229,trunk,5,1717867239.0,,630e7717d6c313c83e971a2f404344a2673a19ec,3d5d1504f791b89dae943283f8d027fb4d1f4bc5,build_log
PR-12988,trunk,19,1717930779.0,,52d9d52a276ccd0279f49d73da268bbf7cdfb019,34afdb96275bb33d2d348997e3e772f47627ef29,build_log
PR-16256,trunk,1,1717939448.0,,9294a6868e8ed20c7c186379cc8504ab15122a3f,34afdb96275bb33d2d348997e3e772f47627ef29,build_log
PR-16255,trunk,3,1717959824.0,,81ea2f3deee7a4d28312e27c8bf0f6fe5835a98c,e5b8712993d342d0dd2be69c3fc78d6493366f93,build_log
PR-16233,trunk,6,1718005003.0,,4e1bbb9839cdc4a8761022365f613d857392da97,84b2d5bedf4381ebfcf32a4671f096de937beb31,build_log
PR-16158,trunk,6,1718005006.0,,ba081e1e52744345554dd094c5eb38b4be98bf80,84b2d5bedf4381ebfcf32a4671f096de937beb31,build_log
PR-16260,trunk,2,1718005043.0,,c2c6db10c8bece4cbeaae015a410cb3efe295411,84b2d5bedf4381ebfcf32a4671f096de937beb31,build_log
PR-16261,trunk,1,1718005249.0,,ae62b211765da5094eaecea02af894636582a8ea,84b2d5bedf4381ebfcf32a4671f096de937beb31,build_log
PR-16188,trunk,9,1718005547.0,,77640077627da3fbe100a6ac930fb2d26a47b7ad,84b2d5bedf4381ebfcf32a4671f096de937beb31,build_log
PR-16243,trunk,2,1718007063.0,,bd0b2b690ff731107e2659e950e00da95fd7d403,84b2d5bedf4381ebfcf32a4671f096de937beb31,build_log
PR-16203,trunk,10,1718014155.0,,ee86d3462f23a115663f537f4044d7f856556654,557c23267522f161cb1c4959bca99a6a6cd1e578,build_log
PR-15820,trunk,13,1718017215.0,,22016f2b417b5ab3bc17cee69294b281a088cea8,53841625fcf9895f4e34333ded1f09dd70801b41,build_log
PR-16212,trunk,3,1718017225.0,,54bd2ac08b3fbc7379b7eac84d5b9bf7a931e6d8,53841625fcf9895f4e34333ded1f09dd70801b41,build_log
PR-16043,trunk,15,1718023345.0,,142616d8858be2db9053927b004f8b67af76c851,049cfeac027451a13031807ea28f121a0176e254,build_log
PR-16224,trunk,4,1718027603.0,,7afa147ca100677ff876498ef2b06f5892593dbc,049cfeac027451a13031807ea28f121a0176e254,build_log
PR-16267,trunk,1,1718027999.0,,7afa147ca100677ff876498ef2b06f5892593dbc,049cfeac027451a13031807ea28f121a0176e254,build_log
PR-16053,trunk,6,1718034709.0,,f0eaf606e879c063507e2acc5acbfc38c556dbdb,f359908fcdc38c2fbc34278d6787d92564a8b251,build_log
PR-16238,trunk,4,1718036514.0,,ba118345700bf9dfad24495352220d80fb407a51,f359908fcdc38c2fbc34278d6787d92564a8b251,build_log
PR-16009,trunk,7,1718045047.0,,ac65cb8995644f4cf5c41031cd5b2d01d548d4f4,1426e8e92061276c6af548b152ffe9f585e6806e,build_log
PR-16273,trunk,1,1718052231.0,,d64dfcbbcbe04209ecbc84d97b1008125f648837,1426e8e92061276c6af548b152ffe9f585e6806e,build_log
PR-16269,trunk,5,1718059043.0,,40a552b6218d7c0c09b3b87fac836a28400fa3dd,eec8fd6a98cf0e7ddf4c75ec3e4ea429d1be2fb7,build_log
PR-16262,trunk,2,1718068831.0,,861ae6e23b7686e0e8c60189ef4148eeb144af3f,31c55b630b6bb5c4ea7768bcf54d05a35c4014f5,build_log
PR-16275,3.8,1,1718081640.0,,313503c44038b1f59c6dd71836eb414988510d61,facbab272fb411ec3f056720eaab1df05ccefb9c,build_log
PR-16276,3.8,1,1718081703.0,,c913cfa1c3b65110e11ba26b3875e2646b1ac055,facbab272fb411ec3f056720eaab1df05ccefb9c,build_log
PR-16268,trunk,2,1718085477.0,,65ed15ccf8c22a648891ba8756bb1c70aef70fed,68070c94a6bd5141c720aaff85fa545da3a7a1b5,build_log
PR-16209,trunk,10,1718090490.0,,c39050df5c9938909a7146cc1df87e1aff2f0bad,af86e56fcdf20d35b04639399cc81b3a1223fe6b,build_log
PR-16106,trunk,12,1718092437.0,,e1d4036c5a8cc94e4ca4e6e97ee0c835dbb05341,af86e56fcdf20d35b04639399cc81b3a1223fe6b,build_log
PR-16279,trunk,1,1718099943.0,,e243d3d496a14c56d72cb59ce296e43e141bc1a7,af86e56fcdf20d35b04639399cc81b3a1223fe6b,build_log
PR-16231,trunk,13,1718102100.0,,05a4f466d4979a1ffcd23e77b479b3b1c60c6220,af86e56fcdf20d35b04639399cc81b3a1223fe6b,build_log
PR-16281,trunk,2,1718107116.0,,43060fa25c641975045ac110901e9dcbe3373ea2,f746d67c3bf62e7d4f5f4e652ea36b4d5a0e01a6,build_log
PR-16283,trunk,1,1718110645.0,,24e7b200764d30c40b332aa4b973bdd48864f347,f746d67c3bf62e7d4f5f4e652ea36b4d5a0e01a6,build_log
PR-16286,trunk,1,1718120975.0,,2e4ff38f268bd8af7a4cd62df2332be72a5af64b,f3dbd7ed08a0a7af0e69de1ccca8b6171b698a62,build_log
PR-16107,trunk,5,1718122576.0,,dfab7d1520cf8f24654a76ac6cee6c62e8bfe1ac,f3dbd7ed08a0a7af0e69de1ccca8b6171b698a62,build_log
PR-16077,trunk,4,1718125175.0,,fba5c1f6d33664af29e6ad9f5674b19a1612d054,f3dbd7ed08a0a7af0e69de1ccca8b6171b698a62,build_log
PR-16215,trunk,8,1718131258.0,,e958fd3f2a2e557e9cbaecdd4750dcf196007e34,aecaf4447561edd8da9f06e3abdf46f382dc9d89,build_log
PR-16289,trunk,1,1718131534.0,,ca8031362a20d7134b0d2c053718edf7cfd910d3,98f7da9172c080592c22b241e2760435d2b48195,build_log
PR-16294,trunk,1,1718146602.0,,20f078a0fd2df6ce7e4a1ee5abd86e24394c6d82,2fa2c72581de641a8d62b8124209b75f75152b78,build_log
PR-16244,trunk,9,1718151444.0,,4be119a4b1b25973b33461a844466e8e4f621513,2fa2c72581de641a8d62b8124209b75f75152b78,build_log
PR-16227,trunk,12,1718160113.0,,f43af6d46cd47662c84dd79f62b7aa89833fb5bf,23fe71d579f84d59ebfe6d5a29e688315cec1285,build_log
PR-16078,trunk,6,1718170948.0,,189e8593b2e75e23cfbbcb47c8d95ac8166c354d,0782232fbeb6313a316b930d12508d1d6148f3c9,build_log
PR-16282,trunk,4,1718171630.0,,c6dc90ec6f670c45fda3f6243b6245d453c633d1,39ffdea6d321ef3dd5e787aef1b1102c33448c0f,build_log
PR-16296,trunk,1,1718171891.0,,04889f1cc3e32636abeb99b10f3edbffd8a05f6e,39ffdea6d321ef3dd5e787aef1b1102c33448c0f,build_log
PR-16299,trunk,1,1718173661.0,,2ae700a0c6061529861388eea1313b7364244260,39ffdea6d321ef3dd5e787aef1b1102c33448c0f,build_log
PR-16136,trunk,7,1718188587.0,,2b3537aa57ac029f432a7ac538e8148e7562e41c,638844f833b165d6f9ca52c173858d26b7254fac,build_log
PR-13277,trunk,33,1718194529.0,,197ae84491bda4fae14e8eeaa8b8a7d6626121b2,faee6a4385c525c406606195357ca3b114c7a527,build_log
PR-16140,trunk,34,1718200547.0,,4aad5c67101fff270285e679deda312410638623,faee6a4385c525c406606195357ca3b114c7a527,build_log
PR-16253,trunk,29,1718200950.0,,6ab875a23c49af09a3cbd54314d5e09446b33f25,faee6a4385c525c406606195357ca3b114c7a527,build_log
PR-16237,trunk,5,1718201758.0,,36615fed954124980f2917ca280985218fcc9fd7,faee6a4385c525c406606195357ca3b114c7a527,build_log
PR-16304,trunk,1,1718204251.0,,165bc524798a74bdd3c3bae696e188a7d297c11e,46eb0814f63236fa3c3532975ba76180485933fb,build_log
PR-16302,trunk,5,1718205733.0,,40e992c9980f5b1342db4c75debcabea9650c931,9368ef81b5cc6ce149979ff916c14709d1f2e491,build_log
PR-16285,trunk,5,1718207802.0,,24a2a578cbb70f1dd4eafa915b52594911bd26f5,9368ef81b5cc6ce149979ff916c14709d1f2e491,build_log
PR-16288,trunk,3,1718207867.0,,cffb1e149193c9619dd1ac7c5e5228cac2d8c94c,9368ef81b5cc6ce149979ff916c14709d1f2e491,build_log
PR-15673,trunk,11,1718208720.0,,8b6df2355e0425f7b641f91bd59272609360ada8,615e6e705c6fe56d1badcd7e85581efd6abb75c6,build_log
PR-16291,trunk,9,1718215134.0,,2583e120df71cfbb4b6026dccb5850b0b944dfe6,615e6e705c6fe56d1badcd7e85581efd6abb75c6,build_log
PR-16290,trunk,5,1718215235.0,,f43fef7aa6d87b32b583489bb766d42a05730561,615e6e705c6fe56d1badcd7e85581efd6abb75c6,build_log
PR-16292,trunk,5,1718215315.0,,c37fafecc7bfa47086f3aebf7338ae66ced2c6b7,615e6e705c6fe56d1badcd7e85581efd6abb75c6,build_log
PR-16241,trunk,25,1718215749.0,,a9b110e778d96459a9961b09cfd8ebb01e8a1549,615e6e705c6fe56d1badcd7e85581efd6abb75c6,build_log
PR-16308,trunk,2,1718216913.0,,8cf80322a0abd55d7208ccd638f0a9e461cb1b5f,615e6e705c6fe56d1badcd7e85581efd6abb75c6,build_log
PR-16306,trunk,5,1718225803.0,,d774fe2aedcb9e8c0b0085eed1819b5f8909eef6,dd755b7ea95b3f9c277d9778d6624ab05407cac6,build_log
PR-16313,trunk,1,1718235673.0,,7bdfd879035de5d180d59d66f1c331ec880f8e29,05b1380ecbe747a2a14aea6dd4c9992ed40e7eae,build_log
PR-16314,trunk,1,1718235843.0,,8089e4487ab6ae53ac0aef7a8ff343bdfb5ebacd,05b1380ecbe747a2a14aea6dd4c9992ed40e7eae,build_log
PR-15890,trunk,12,1718242706.0,,d2a21a75d2c1ed4ee895f5810dd7a81189c7317e,e76e1da5ea5cca0df90880481ee092b1766831c4,build_log
PR-16318,trunk,1,1718245747.0,,277c805fbcb092277e4aa6574cb4999490bafac5,0a203a962207745cb690cd1027bedb42a47c179a,build_log
PR-16322,trunk,1,1718265932.0,,84eae4b65b43ba28456e061f30fec39937a14dea,596b94507244114fdf9e44711fe56505885188ab,build_log
PR-16298,trunk,5,1718266466.0,,b24a0774768e682c65537383a72c1a0150aaa527,ea606665139a8c7ff3ba4a85e0e99314403729fd,build_log
PR-16254,trunk,4,1718270507.0,,69f49240a9103f8558833c4ada890ccffff3bc38,11c85a93c3f38f467e6da393b82dab51750d2701,build_log
PR-16266,trunk,5,1718280583.0,,098195ca4de755d01974cafe86776cc60657549a,11c85a93c3f38f467e6da393b82dab51750d2701,build_log
PR-16195,trunk,6,1718285348.0,,a7e9dcf401f959b8397f6849e81732cd3716e7b8,11c85a93c3f38f467e6da393b82dab51750d2701,build_log
PR-16326,trunk,1,1718285550.0,,3ab2916b7b5165b08accc9277332d019c204f272,11c85a93c3f38f467e6da393b82dab51750d2701,build_log
PR-16305,trunk,2,1718285871.0,,692fc94b45d47cdd8558c69bec580e2877127c09,11c85a93c3f38f467e6da393b82dab51750d2701,build_log
PR-16274,trunk,7,1718286187.0,,0789eb956df8e8bccfabcb85002f02b4fcc0c4d2,11c85a93c3f38f467e6da393b82dab51750d2701,build_log
PR-15926,trunk,6,1718293121.0,,92783e1c7d43ccc0492c425ebe873a1aa38fdaca,f380cd1b64134cf81e5dab16d71a276781de890e,build_log
PR-16329,trunk,1,1718296039.0,,bd07d7959087378317a9702ee888f1003c5a974f,f380cd1b64134cf81e5dab16d71a276781de890e,build_log
PR-16272,trunk,16,1718296785.0,,56ac969f0e7f392382b4450b6bc976a5fe5f0331,f380cd1b64134cf81e5dab16d71a276781de890e,build_log
PR-16315,trunk,5,1718303889.0,,61700fee015b80981f6665a4371eefb8105e1bf5,4333af5c9f89e5e8bfd67f4919fe2958484f6a22,build_log
PR-16331,trunk,1,1718305554.0,,a477a80e47f7ac5bebfedad29c310e0b41f71a10,4333af5c9f89e5e8bfd67f4919fe2958484f6a22,build_log
PR-16316,trunk,13,1718312871.0,,fe9e811c4c25bcf5750e7c31bc2e41d9197e42f7,a0b716ec9fd518daef4f7164d82ab515b2ad7e64,build_log
PR-16336,trunk,1,1718315456.0,,56dd12da82aa891c6bc18f33ebf7ad19eb65861e,a0b716ec9fd518daef4f7164d82ab515b2ad7e64,build_log
PR-16277,trunk,13,1718331871.0,,cbad788cc0b5323a87c09f69814aa50aa69c64a6,dfe0fcfe28a9e3b52b4bf653efed1eddafce1065,build_log
PR-16250,trunk,10,1718341622.0,,811fca42c84dbdac7c235ccb96d7f3f58507e319,1565d41cd740b62d5543e9c94c023b37ca4303a9,build_log
PR-16263,trunk,14,1718342228.0,,148f35f311f61edce49763d402d6c5bad9889063,1565d41cd740b62d5543e9c94c023b37ca4303a9,build_log
PR-16330,trunk,2,1718343690.0,,3419e60eca7d4b24566138e1f8cd66fc5d4cbe48,1565d41cd740b62d5543e9c94c023b37ca4303a9,build_log
PR-16278,trunk,7,1718346771.0,,8245f7193ee6225e1fea5ca8f995db9611ec2d45,1565d41cd740b62d5543e9c94c023b37ca4303a9,build_log
PR-16319,trunk,6,1718347248.0,,8cad543bf7da6e0d26b13f505ed4c1a94839cd39,1565d41cd740b62d5543e9c94c023b37ca4303a9,build_log
PR-16337,trunk,3,1718347728.0,,a530117c86e2a690a0419524126a9ed1a98b52aa,1565d41cd740b62d5543e9c94c023b37ca4303a9,build_log
PR-16116,trunk,20,1718357129.0,,f73c1cc1f31abe5bb90b28e593c39c702fff3c9a,888a17760347223614da9243dc3751a18403cfa6,build_log
PR-16328,trunk,2,1718362631.0,,3e5ee2d64a51c770f10a4aae3ef615a045d2032b,888a17760347223614da9243dc3751a18403cfa6,build_log
PR-16340,trunk,1,1718373271.0,,8712f71e280042d841b4e0ca5cbf07da944a5468,8f6e0513df2c1f97179fd5cc593bee9c1d078356,build_log
PR-16124,trunk,13,1718375045.0,,a0271eae7449156e4ddce88b01e531339b1f4293,8f6e0513df2c1f97179fd5cc593bee9c1d078356,build_log
PR-16228,trunk,4,1718375451.0,,ff230f6ad3bd9a50368761ccbe9982e25c38eddc,8f6e0513df2c1f97179fd5cc593bee9c1d078356,build_log
PR-16210,trunk,8,1718378583.0,,5686b7220856024af70f7f1f5ca942058e757a18,8f6e0513df2c1f97179fd5cc593bee9c1d078356,build_log
PR-16332,trunk,5,1718382030.0,,af912a32dba5936d363f672713e2d5bcbd667f0d,4e2f26bfc66367877c41149f1205d301b5bef932,build_log
PR-16310,trunk,20,1718383499.0,,b1e35cb5f442fc51a4c5e3a4eb3a96ca6d41d259,fc6f8b659135a932bd91c1c6a982dbe241f1041d,build_log
PR-16259,trunk,3,1718391529.0,,f9e4bbe98ab780e1f0abb30ca48387c1b0765ddb,9a239c6142a8f2eb36f1600d1012224c31e58e71,build_log
PR-16309,trunk,5,1718391770.0,,2a1b0d7e9252f09ed086f4136e80da3a6b4d120e,9a239c6142a8f2eb36f1600d1012224c31e58e71,build_log
PR-16342,3.7,2,1718398225.0,,348e93a059dfa79bd0e84085e2632503eedd1edf,65cbd478e8b8014cbb35db8f0acdbe659091bd65,build_log
PR-16297,trunk,7,1718426520.0,,8a578654f725fb45b196f40cbde78f212f46e627,3a9d877686d0b330a2ab4b8191bbaf90c227d9d9,build_log
PR-16335,trunk,5,1718434120.0,,b87d7b058184083592a40a56a7f76aac643f5676,3a9d877686d0b330a2ab4b8191bbaf90c227d9d9,build_log
PR-15908,trunk,22,1718458264.0,,8ae8ab7b68f10d432a6fefac8403c6fc19a1b4ce,adee6bae45e728f8e2ae1ec8a7232c64ff7c0426,build_log
PR-16338,trunk,9,1718526124.0,,1e1078a3a7dfeeff460d9ed840332360a1224666,4e846038a6313e28d3b3ee3d3c3163d1f26356bf,build_log
PR-16341,trunk,4,1718533115.0,,85aea5fed8e76ee345a89d501ffbdbc39d2e1358,bcf781230e750fd5efbf276e984f2875bf9fa683,build_log
PR-16358,trunk,1,1718537826.0,,80e251d724b45c6db13ee37f4bd9c814072711f1,bcf781230e750fd5efbf276e984f2875bf9fa683,build_log
PR-16280,trunk,6,1718539290.0,,b6f111fbe98cc872cececb72a478376f7188c33a,bcf781230e750fd5efbf276e984f2875bf9fa683,build_log
PR-15924,trunk,3,1718550432.0,,4bf4223865c02a53260333bc8b7bc5084231649d,bcf781230e750fd5efbf276e984f2875bf9fa683,build_log
PR-16354,trunk,3,1718554418.0,,7ac5fca63c6a8325043e2a601e6f712990a74771,bcf781230e750fd5efbf276e984f2875bf9fa683,build_log
PR-16327,trunk,9,1718580963.0,,d9d44709559b10d5adcbab63a4ef9f18eee78380,bcf781230e750fd5efbf276e984f2875bf9fa683,build_log
PR-16362,trunk,1,1718593568.0,,831560961fec218a378178e637185d6ae1f1fa61,a9d71d131217405cac30ff6d0c6af76e98eb97af,build_log
PR-16357,trunk,5,1718607284.0,,727c37bd5ed727e978e8652a95f14b13b2d258e9,768e90f6673fd484f0ca64a628cda4cb8383c385,build_log
PR-16366,trunk,1,1718607705.0,,11d4fdd12e73c56a463dc663fb91f56509ab3fed,768e90f6673fd484f0ca64a628cda4cb8383c385,build_log
PR-16367,trunk,1,1718621001.0,,2a5a35712402d45468c19433072caeeb673b7061,21d60eabab8a14c8002611c65e092338bf584314,build_log
PR-16355,trunk,4,1718621072.0,,7acc4b3efdbf6d3331c85b6bcb87b85bff17d75c,21d60eabab8a14c8002611c65e092338bf584314,build_log
PR-16323,trunk,5,1718622339.0,,ff4c6b1a15e413c2ff5641842c66b32a69453b6d,21d60eabab8a14c8002611c65e092338bf584314,build_log
PR-15175,trunk,14,1718622620.0,,fa8bba5dc7b3117b0240dca557686628cdeb9e51,21d60eabab8a14c8002611c65e092338bf584314,build_log
PR-16359,trunk,3,1718624252.0,,7b51a42b7340a814bf88dd14425b9c57289dd3a5,21d60eabab8a14c8002611c65e092338bf584314,build_log
PR-16369,trunk,1,1718626723.0,,41040554884c0b7863f44fa24a77d8247f216ec7,09b4ef416aa54a4e65b297f7e6b47a04e88556f5,build_log
PR-16350,trunk,4,1718628629.0,,bb8e95908c0a3bbab3630b20bba60f056adc45b2,09b4ef416aa54a4e65b297f7e6b47a04e88556f5,build_log
PR-16343,trunk,2,1718631889.0,,67fecfacb5b60160f6c2f40deb0e189bdf290dca,09b4ef416aa54a4e65b297f7e6b47a04e88556f5,build_log
PR-16374,trunk,1,1718646642.0,,104567379d948ca6eacda1a97c7a6421968a2ffb,166d9e80591fc0f5af17e3224e9d4ad04be71009,build_log
PR-16333,trunk,4,1718657602.0,,dd8eea11a87d057c97649285233dad316f5820cc,6c4e77707978a43a2994de013335d71bc063ff38,build_log
PR-16376,3.8,1,1718658624.0,,ceb4aceb9977a4b8a5c844c3e4c66988c4004a00,f2e471fb81a4c3548c32e6b5bd205102651b7a70,build_log
PR-16345,trunk,3,1718659150.0,,71b35e783b5679647ce0dad9e69b393127971303,6c4e77707978a43a2994de013335d71bc063ff38,build_log
PR-16353,trunk,3,1718666007.0,,95809cf5c29e654ceb760dae00f5d470db0a1236,6c4e77707978a43a2994de013335d71bc063ff38,build_log
PR-16351,trunk,19,1718674542.0,,c2609bdf3695ec726e40be7d54bd0d6d197a8a40,029bbb16e99de3f4785b5755481fcaf0758aad15,build_log
PR-16378,trunk,1,1718676311.0,,58a735b88559c0f2ae14f2b90681cca43d095673,029bbb16e99de3f4785b5755481fcaf0758aad15,build_log
PR-16348,trunk,7,1718678366.0,,c79b8de076ef4452bbe29c6c7ab9b679ad0ceca9,029bbb16e99de3f4785b5755481fcaf0758aad15,build_log
PR-16379,trunk,1,1718692110.0,,6e8901b3309f46bdc4b35049730f6bf9e92283a4,8abeaf3cb495bb4bf05e11c1be45967d6e4730f8,build_log
PR-16382,trunk,1,1718695068.0,,2661e8619aa993bcb0e6e87959573adb1900e792,8abeaf3cb495bb4bf05e11c1be45967d6e4730f8,build_log
PR-16339,trunk,4,1718700294.0,,87a085e93f814ca3a2147de104b2ca7784b00ba0,a8e4caae09de09128a2b849b30850c2194e0b25c,build_log
PR-16370,trunk,3,1718716312.0,,b715e3e4cfaecf5d0d9a0901d4eec389236c85a4,191b6476d76e884517da57b8452c9386a6ebed70,build_log
PR-16383,trunk,4,1718721987.0,,9f0ba96a6c4c93cb963624de5fac0efefd3091f9,2fd00ce53678509c9f2cfedb428e37a871e3d530,build_log
PR-16375,trunk,3,1718722114.0,,b4e74d5b9ae5f7f32fded31f79fef42da398a5b7,2fd00ce53678509c9f2cfedb428e37a871e3d530,build_log
PR-16385,trunk,2,1718723413.0,,d0f249db1dedb3f192544c0e15532ff962dc745b,8199290500980b5a469a463dab6050a314c1529e,build_log
PR-16386,trunk,1,1718725497.0,,99f050f78a5ede649a550dd65f79ce9849369cc1,c4a3d2475f740033b71a32973286c6b411f4d19e,build_log
PR-16030,trunk,7,1718726064.0,,a5ea72dc705cfbfa9d4999f0f1d71c860d6916d2,c4a3d2475f740033b71a32973286c6b411f4d19e,build_log
PR-15451,trunk,3,1718728040.0,,86efc7503c32d1dfdc04726eee1d3b9e676b9ae4,c4a3d2475f740033b71a32973286c6b411f4d19e,build_log
PR-16303,trunk,8,1718758644.0,,e02dbfafd3c5aa698c5c20ff9b7b858d825c0061,e2060204fead9aa03f611b76c543b6824f8eb26b,build_log
PR-16392,trunk,1,1718760624.0,,bbac69bc517869dc04677ff9255f07936fef6bb4,b2758f4ac6ff5933a919c7dea1903b51fa4fe992,build_log
PR-16295,trunk,3,1718779301.0,,82a0012b49373258ba735b9becad5c69871a1a1b,4de6a90801e3a9d51beb22821893a85cea76ac3a,build_log
PR-16380,trunk,5,1718782370.0,,c1295b8f0c8785a56bed02db01d495a8d2af118c,4de6a90801e3a9d51beb22821893a85cea76ac3a,build_log
PR-16349,trunk,3,1718785003.0,,030555bb84f7eb66aacb50fec5f16ad4ae135740,a0bfc64470bf90aac88d5bca793f14f8342b6edc,build_log
PR-16368,trunk,2,1718792204.0,,4c5c7aa15399c9d05797ef3e43829360af9e69e4,2b491f9611cb8514687b4030f3da95dc7573e1da,build_log
PR-16388,trunk,3,1718792889.0,,6b993f2222a74946e390da0c95f1ee0e4e68e20d,2b491f9611cb8514687b4030f3da95dc7573e1da,build_log
PR-16360,trunk,4,1718805790.0,,1b54c5890553b9c8cc36d18aafc012fab88fcfcc,2b491f9611cb8514687b4030f3da95dc7573e1da,build_log
PR-16395,3.6,1,1718806148.0,,5ea38fc55d94f77bfb0ab4ee515fd1ba868d264a,35f0eeb2b07cabba0287b1a83a124abfb15e6745,build_log
PR-16317,trunk,9,1718809132.0,,f87ecb63156221276134f26a74079131f043f948,c0add50a991a1f9d57d9f00a8b205583a513ee92,build_log
PR-16397,trunk,1,1718827764.0,,0f6149f5cf4b3c4566d24f36247d474dfacfe6ae,a6718dbbdbcf3c71a8a3ab9844107cd994ceec25,build_log
PR-16393,trunk,4,1718851725.0,,bb4a6278079c964724952d4a569ad8de8eb07523,f79e429044cfe3701f48d54ff79ee2b42841ed99,build_log
PR-16394,trunk,5,1718860920.0,,daf36fd7bf363574270be10d8423a6bb8e702fc7,f79e429044cfe3701f48d54ff79ee2b42841ed99,build_log
PR-16401,trunk,1,1718878340.0,,be1c630207968f21a895605b970c05e8d10d6ce1,80f31224aad543dbfc892bce1ad73b6bb693855a,build_log
PR-16402,trunk,1,1718878898.0,,3b5940ec2029862c19fac2811181a7562adf1675,80f31224aad543dbfc892bce1ad73b6bb693855a,build_log
PR-16324,trunk,8,1718884495.0,,c76376320053c73de6772ce5b7955be27b9be512,80f31224aad543dbfc892bce1ad73b6bb693855a,build_log
PR-16404,trunk,1,1718885563.0,,953c97fdb1df72133f954de391c8757b7a2ff718,80f31224aad543dbfc892bce1ad73b6bb693855a,build_log
PR-16356,trunk,12,1718887735.0,,6a971e7160ff0d669bb28906458003a0f37fd526,80f31224aad543dbfc892bce1ad73b6bb693855a,build_log
PR-16406,trunk,1,1718895108.0,,dfab5771a2fb418878bd36ee3586b2073df69d76,80f31224aad543dbfc892bce1ad73b6bb693855a,build_log
PR-16407,trunk,1,1718895694.0,,eff9742a790f9d0d0a83027f1876a95d7aa5ba71,80f31224aad543dbfc892bce1ad73b6bb693855a,build_log
PR-16211,trunk,7,1718902979.0,,22f748027b9d9aab19ca1f6f51d259916911630b,6aa8f3c11964c0fb0236641a6b65a4c7f37576d8,build_log
PR-16235,trunk,20,1718913581.0,,b79b74ad1f811859d0d9febb694be2e75801c94c,64702bcf6f883d266ccffcec458b4c3c0706ad75,build_log
PR-16409,3.8,6,1718923468.0,,aaad51842da26cc06296f38e0fe62a9eb0c23099,26763c526824bee505a118c3def190da8fa4c5dc,build_log
PR-16416,trunk,1,1718956283.0,,971cf44581c585677d509b438b09dbc9a7e1a9de,d646a09dd0b03e6823f6d8b65f8b5c8619826a31,build_log
PR-16415,trunk,6,1718961165.0,,7123a313c7a6e8054dac224203404a7bec0ff95f,9b5b434e2a6b2d5290ea403fc02859b1c523d8aa,build_log
PR-16377,trunk,6,1718962448.0,,65927a7bdf3ed53cc67682897ee8643a1ab20de8,9b5b434e2a6b2d5290ea403fc02859b1c523d8aa,build_log
PR-16265,trunk,13,1718973302.0,,46d322669c345407fa2bb7f1264c00cf664c3921,9b5b434e2a6b2d5290ea403fc02859b1c523d8aa,build_log
PR-15830,trunk,14,1719006287.0,,7bcec4082cb998f6bed05280a0e9f5ccbe58a320,7d702e17604c6cc95e4e8bfdea58b04be3f5ffc3,build_log
PR-16405,trunk,3,1719011636.0,,ee0cf8ded51262d98e913c5eb18538806c99499f,7d702e17604c6cc95e4e8bfdea58b04be3f5ffc3,build_log
PR-16419,trunk,2,1719033198.0,,8138f4f84c7120bc8950de6f3f1a7760dfcb64e7,7d702e17604c6cc95e4e8bfdea58b04be3f5ffc3,build_log
PR-16418,trunk,2,1719044376.0,,6eb2f0353609131326fcc5f19ecb869c22f9e341,7d702e17604c6cc95e4e8bfdea58b04be3f5ffc3,build_log
PR-16403,trunk,3,1719059031.0,,3648f9baf1433d34b0586ded8839fd096c36dd72,96171026d5edf139c36caf54ed86c437e9cb9fe4,build_log
PR-16384,trunk,5,1719060554.0,,3cb3afa3cfeffb1e0eb58aa4849d0e424d9f1980,96171026d5edf139c36caf54ed86c437e9cb9fe4,build_log
PR-16361,trunk,3,1719063549.0,,bf49892b1ffdf5943a48d905095024a50466bcd6,7fe3374f7a6d956777b6b007300fa3fea6cf7118,build_log
PR-16408,trunk,3,1719116800.0,,d413d3f44885ed03c878c925be471e1e71082728,7fe3374f7a6d956777b6b007300fa3fea6cf7118,build_log
PR-16423,trunk,3,1719121524.0,,07b93fb33ef2f5f507cf3ba24328a2e19da3b825,7fe3374f7a6d956777b6b007300fa3fea6cf7118,build_log
PR-16396,trunk,6,1719153592.0,,916fefa5cae9d89a419db73fe2ed05c74b1ed9b4,8a109d87d1673d1540054b1202ad94789ac5cea4,build_log
PR-16429,trunk,1,1719157085.0,,1a55561be1f73dfd36156a9d5dae67c019eec6a6,8a109d87d1673d1540054b1202ad94789ac5cea4,build_log
PR-16414,trunk,8,1719158433.0,,32ac2883195ac0d0d2661a5819222eb358149aaa,8a109d87d1673d1540054b1202ad94789ac5cea4,build_log
PR-15740,trunk,6,1719187197.0,,e12495267d034164573d2c43d6c48bfbdbdb9337,8a109d87d1673d1540054b1202ad94789ac5cea4,build_log
PR-16413,trunk,3,1719194717.0,,b8208029805dfb8b28372fb743a62b0ec08bd851,8a109d87d1673d1540054b1202ad94789ac5cea4,build_log
PR-16434,trunk,1,1719228422.0,,4606c8cbbf96000c85765a47e7dc2b75301cc7fe,3a0c83e49030074271dd34c20fa99baad6270c93,build_log
PR-16435,trunk,1,1719228503.0,,4abeafd54990dd8551ba4e6c17854f6ccb3f36bd,3a0c83e49030074271dd34c20fa99baad6270c93,build_log
PR-16436,trunk,1,1719228519.0,,d2e95a07da59dfad25b78731bcae7ac81455fbd3,3a0c83e49030074271dd34c20fa99baad6270c93,build_log
PR-16437,trunk,1,1719229363.0,,99d8f29f97daea8fc179c6cd155bc3efe059e02d,3a0c83e49030074271dd34c20fa99baad6270c93,build_log
PR-16344,trunk,10,1719231834.0,,34708197a735044dd9f50a272aec5a87027efdfc,3a0c83e49030074271dd34c20fa99baad6270c93,build_log
PR-16424,trunk,2,1719234672.0,,eb78debfeb6a8fd82e39be669649b2e67154947f,3a0c83e49030074271dd34c20fa99baad6270c93,build_log
PR-16439,trunk,2,1719241887.0,,8f5d14848a529c184b4414aacf8d663101cb08d5,42058462ac9ef65e0cad4240358bbb5db9cebcd4,build_log
PR-16441,trunk,1,1719249348.0,,48af7c4b4bc0e62dd5f4d6859cfa0e84fac9abd6,78372b6883173fc8c021c2230a65c1859080fdba,build_log
PR-16442,trunk,2,1719264687.0,,8e0f8828ef0ad8ab9884a9a49d1ec6a959e0e6fd,78372b6883173fc8c021c2230a65c1859080fdba,build_log
PR-16445,trunk,2,1719288805.0,,3a3d995c9b6878f4eb80c921fdf164aee97ee5ab,f4cbf71ea68f5bda3afbb2d3a8411658e57516e8,build_log
PR-16257,trunk,4,1719303336.0,,464782ee9dd70cccddab1fe03b6aa1c854cb1628,3f3b070a6a239dc801d4dd83c8ee55ccf497346b,build_log
PR-16440,trunk,2,1719303712.0,,fdbdaa61f74b5e02db98d15e1f184b20e103393b,3f3b070a6a239dc801d4dd83c8ee55ccf497346b,build_log
PR-16430,trunk,5,1719313200.0,,1c39c42dbc9b2ae7731d84ff1431f8ca391c0d47,db1c8a80c456d0b246402cac9ad50daee40216d6,build_log
PR-15915,trunk,6,1719317132.0,,9f611ab5fe60b951cdaac8ec8bac5229f06c7392,db1c8a80c456d0b246402cac9ad50daee40216d6,build_log
PR-16089,trunk,1,1719317327.0,,8848e7f467f68fe5067f12fde2bd959fb9227de5,db1c8a80c456d0b246402cac9ad50daee40216d6,build_log
PR-16448,trunk,1,1719321897.0,,a0a5289875286820c21c0b72a132269f9a287445,db1c8a80c456d0b246402cac9ad50daee40216d6,build_log
PR-16452,trunk,1,1719339420.0,,b615266076c6dcdd1847aa6e13d48ebd9775c760,a599b89fe0fd167498cef864aa1d1ae3dfaa2c4a,build_log
PR-16420,3.8,5,1719341088.0,,1faf2abc69803dd542b60727cbf89b1aa8f5cee7,35b34a85a7bed1f2e9bd23ae961cac85602435e6,build_log
PR-16453,trunk,2,1719348190.0,,ee3c2b6034afc757cc7bd2fe09d225c6eaee9f37,5b0e96d78550fe8264fe5ddeb93ae76d6e40d3d2,build_log
PR-16422,trunk,4,1719361252.0,,31e34beed8ebba5a901720d2b0e95e10675041f9,adee6f0cc11c37edaf7b47c1f77457d66e80ebe4,build_log
PR-16431,trunk,9,1719384595.0,,d74c051d6c79c3fd0d55b21e1c73b83956e64cfa,adee6f0cc11c37edaf7b47c1f77457d66e80ebe4,build_log
PR-16446,trunk,5,1719402821.0,,7f142a717aaf471259573824baf877055d139d09,93dd9acad0c7b7694ae34235ff9dd52a7a5c958b,build_log
PR-16462,trunk,1,1719419439.0,,3d11a19046367523cb00ea3bb06c334732293bad,2074e5a6dbb65900c0979a834c9638f637bc6038,build_log
PR-16447,trunk,7,1719439873.0,,c8650a96f807174052af92e732867b68143dd802,399949ebcf3815e088a62495996100f27f637ec0,build_log
PR-16466,trunk,1,1719469206.0,,f3937ca387c020d5ce886d09bf4ff4dd8af2227a,399949ebcf3815e088a62495996100f27f637ec0,build_log
PR-16467,trunk,1,1719473411.0,,c099355404ecb346d40602446ebb2bc972b3fd7e,9b4f13efbc0674ec63835ceee728f5ec62e69171,build_log
PR-16054,trunk,14,1719476002.0,,aad7dc6b71b65c94c9047c7e5b3a80630d5d12c3,9b4f13efbc0674ec63835ceee728f5ec62e69171,build_log
PR-16468,trunk,1,1719476034.0,,5b82ae617fbca61eb406e3af7c94cede82e3a954,9b4f13efbc0674ec63835ceee728f5ec62e69171,build_log
PR-16471,trunk,2,1719483659.0,,8eebc8521e996a514b629a02320e2dd8cbb32000,49e9bd4a5ba055b7d6e9d166ca87b75e75f738fa,build_log
PR-16455,trunk,3,1719495671.0,,ea28f10815ab23c8024672e707b2f2f2b0542d72,3ebad6349de7d121a31f9d47c5ede7d6bbfac4d1,build_log
PR-16464,trunk,4,1719501535.0,,90e240173868b20cc38d342f61a7f3c90edfe8f2,3ebad6349de7d121a31f9d47c5ede7d6bbfac4d1,build_log
PR-16476,trunk,1,1719515032.0,,8f598ea74d1d4354aa4a14d87a83e40876a167d5,3ebad6349de7d121a31f9d47c5ede7d6bbfac4d1,build_log
PR-16347,trunk,16,1719521820.0,,fccf7cbeb8f157e2c6778bd892e8edbe0fe6a144,dc7c9ad0685612b8640faaddcf63b96222b19fcd,build_log
PR-16312,trunk,47,1719523154.0,,baca710f757f975c1224c51a386da4d565aa0683,ebaa108967fca35b2fce1d9052e3641046e510fd,build_log
PR-16399,trunk,13,1719545903.0,,4dc78e93a392a781b85f012cc77ba042fff4ebf6,9be27e715a209a892941bf35e66859d9c39c28c4,build_log
PR-16479,trunk,1,1719557095.0,,72e7346f7f65e597228a8a6985699e54ffdba4a2,9be27e715a209a892941bf35e66859d9c39c28c4,build_log
PR-16481,trunk,1,1719561073.0,,faa720272739e93d184c97381a13ef2fe5240d08,e57cbe034615c59557bb0229ee7ca5af90246257,build_log
PR-16371,trunk,10,1719562301.0,,1a3e42036dc0f892216a065d3c0dc1b71493aacf,e57cbe034615c59557bb0229ee7ca5af90246257,build_log
PR-16484,trunk,1,1719567994.0,,d20d2566fb8d4a7620d833d35ffa7f79f1a0c64c,e57cbe034615c59557bb0229ee7ca5af90246257,build_log
PR-16487,trunk,1,1719583876.0,,4cc2bd8c53e79176b9463e725248a41c3eea2048,e57cbe034615c59557bb0229ee7ca5af90246257,build_log
PR-16428,trunk,3,1719585107.0,,f8b0d282833ef08f37a1fc5aadaf2bec454f6f8c,b0054f3a2f28ebd19045a4b8a8d356987275965b,build_log
PR-16478,3.8,3,1719598007.0,,659aa0d00fc4d0514aafc51643928c52eee37ef8,5edab42ae371f40584b42fb9a9568cf0ab5c5037,build_log
PR-16489,trunk,1,1719609307.0,,16012e9bf9d46b1468c345fa2c08e10da6a0f4bb,836f52b0bafd278bbbf064d5ee7bb47e2661f11c,build_log
PR-16450,trunk,14,1719719759.0,,d7a01d0e1b01805bca76abc4d204c2ea4b5e85f5,3c4b1db93b0511f27a0d61301e84e9bbdb1abbbe,build_log
PR-16470,trunk,14,1719727054.0,,e2ff23cada0ba0b551cbb7105e59d6e1ed28eaaa,3c4b1db93b0511f27a0d61301e84e9bbdb1abbbe,build_log
PR-16458,trunk,6,1719760957.0,,773effc736bd945ef89b93340bba368d11abe487,33f5995ec379f0d18c6981106838c605ee94be7f,build_log
PR-15864,trunk,3,1719765991.0,,90c73aa6f01d7c59d02f3093fb275583f3c544a8,33f5995ec379f0d18c6981106838c605ee94be7f,build_log
PR-16469,trunk,3,1719795915.0,,d67b33b1a7375054b8f5fff24566cb90417adf8b,15a4501bded513822485dd85fa6258e16f1571ca,build_log
PR-16465,trunk,5,1719825763.0,,63f7c25a9a90ce7bfa34a651e3806c4b0faf2dcf,9a78122fb0b1b37961139d5c62e49fa758dc08ac,build_log
PR-16473,trunk,2,1719837513.0,,990699d4869cb25c6a040d79ec92c0a4db93549b,7d91bc8cf9fdd6e888b85f892ab7b8203c69e13b,build_log
PR-16480,trunk,9,1719838039.0,,b20c4e1e797daef9aef8b302e09dbc1aab2a9d91,7d91bc8cf9fdd6e888b85f892ab7b8203c69e13b,build_log
PR-16485,trunk,3,1719845548.0,,a22e2174f9e3c65187c9fafd2f873cbf57c77b9b,7d91bc8cf9fdd6e888b85f892ab7b8203c69e13b,build_log
PR-16264,trunk,9,1719846761.0,,70da1b4d6801b6c25d356914fdc0ed1d37f767d0,7d91bc8cf9fdd6e888b85f892ab7b8203c69e13b,build_log
PR-16460,trunk,6,1719847598.0,,3d3f6c5d828a20dba24a8ab70260cc7c586cec06,7d91bc8cf9fdd6e888b85f892ab7b8203c69e13b,build_log
PR-15224,trunk,5,1719855258.0,,757b655a72f23efedbd75c05a133d392a2d17f6c,206d0f809ad8438e9d89b7f731a8b995f952f0c0,build_log
PR-16482,trunk,6,1719909514.0,,97dd1f8d0639468a4a1fbbe52c1ae5bb0dbea7d3,d0dfefbe6394276eb329b6ca998842a984add506,build_log
PR-16400,3.8,14,1719912079.0,,fd44ece024a4fc99bbc12d7ff3412bb5419829f4,31a9c702a484a0f17e9551d6b4b8ed439dec37ff,build_log
PR-16507,trunk,1,1719920049.0,,f1fd1f272cf848a370b24f684017a8010f36b76d,d0dfefbe6394276eb329b6ca998842a984add506,build_log
PR-16457,trunk,7,1719927866.0,,a1175d8a04bfcf4792d6f1a89b9372bb7a8433ed,d0dfefbe6394276eb329b6ca998842a984add506,build_log
PR-16474,trunk,4,1719932023.0,,e005d8bf17f45e3c3a99ddbd768c7543529b4d7f,e7a75805fe0f156d580683d17c226dc76aa189fa,build_log
PR-13333,trunk,15,1719934495.0,,c875bdf53cc79b7384f63487b16a2730f37cc530,e7a75805fe0f156d580683d17c226dc76aa189fa,build_log
PR-16512,trunk,1,1719951834.0,,6d06585cad27c943f08ecdf4d4e16c4c933dfe87,c97d4ce026fdb75f80760bcce00b239db951a481,build_log
PR-16503,trunk,3,1719958198.0,,5d755b4b7427ec1e8609b49ba4ee4dab643233f3,d0dfefbe6394276eb329b6ca998842a984add506,build_log
PR-16477,trunk,6,1719960093.0,,2693eeb61b5d81f8bb963f88860f45236c961c77,c97d4ce026fdb75f80760bcce00b239db951a481,build_log
PR-15302,trunk,5,1719965655.0,,dc56646bc7b4007a5e4b906db5de2d3f17b0462a,c97d4ce026fdb75f80760bcce00b239db951a481,build_log
PR-16087,trunk,8,1719978227.0,,51df459d59aa4a23a1661f1d6347ed9dcc56f1a1,c97d4ce026fdb75f80760bcce00b239db951a481,build_log
PR-16459,trunk,14,1719985826.0,,ece7777e5e3f1250fcb6731f40c8bd1c85942453,c97d4ce026fdb75f80760bcce00b239db951a481,build_log
PR-16086,trunk,5,1719996847.0,,f99c139408ca6daffe7876b9ca540c61bbf82374,b2da186f21490ddf9922a7ad834e830deee1f7a8,build_log
PR-16513,trunk,2,1719997674.0,,dd5ea42ab606b74bcd14c5de53a1530648c551e6,1ffe42b06d2f86818be5653e2b5749d9b331f7aa,build_log
PR-15968,trunk,22,1720015504.0,,1e87719e9ee0cf7b2c0f89e2f2862ae52a698412,20e101c2e4cb2b34c2c575287cfaec76aa8c5db0,build_log
PR-16287,trunk,7,1720016858.0,,0b8590c935813e171882b46a7bd5704fbc66c26f,e93242283d1b7c4855e97009adc130373e7bbec7,build_log
PR-16516,trunk,4,1720019621.0,,83f3d7b08786ce304ca241d46f77e12b777d17cf,ae192bdd41a6058a889dcf0bc961dceb3631a4a6,build_log
PR-16454,trunk,7,1720030945.0,,a270c720587a9302c70893b709f4bb243a1faf66,27220d146c5d043da4adc3d636036bd6e7b112d2,build_log
PR-16520,trunk,1,1720032253.0,,72a75ab09429d6ae24269033961046ce453a6fc4,27220d146c5d043da4adc3d636036bd6e7b112d2,build_log
PR-14158,trunk,4,1720063296.0,,062d01f9640726b8f383806419bc984122be8901,22787de48285a7e7059a06816c8a38b830d70a9c,build_log
PR-16491,trunk,6,1720067866.0,,bda59937b75551c985fdf0dea1d700540e585439,641469e4ac15fafc362dab5aa5db49979782d5f0,build_log
PR-16498,trunk,8,1720073452.0,,2d9fa79ed9aaa420b569c6ed4c691625de0f900e,641469e4ac15fafc362dab5aa5db49979782d5f0,build_log
PR-16504,trunk,7,1720094203.0,,c45ac7839d774c366408eead23ef5c69a0c9a15d,efe7ccaf772a23e73f10a8731202025f05f40ea9,build_log
PR-16325,trunk,19,1720096253.0,,fee30ec7b9e58024230ba4708302054bf09332cf,efe7ccaf772a23e73f10a8731202025f05f40ea9,build_log
PR-16526,trunk,2,1720122917.0,,27b0958466ef818257d2b907e74e5944494941fb,376365d9da8099e3eb9175090cc456f55985fcb0,build_log
PR-16508,trunk,3,1720148152.0,,0be279b33b20a624795bea34ee67ca865ca3b82b,4a49a1249d6a2e4523e1d63f8c4f95761df32263,build_log
PR-16301,trunk,5,1720160820.0,,654b5d68e9eaa374d26229f6e9725130ed360c65,4a49a1249d6a2e4523e1d63f8c4f95761df32263,build_log
PR-16527,trunk,1,1720166340.0,,9e37ec26472d6a068dafdd41829c86f525a4339d,b4d77e047b369c3d3c1c2a50367bbc395a5fb3b2,build_log
PR-16531,trunk,1,1720191681.0,,0a6dda303c79613f1c4691f9a255703a2542d882,9a7eee60727dc73f09075e971ea35909d2245f19,build_log
PR-16533,trunk,1,1720193973.0,,2bc332eefb714504d7842bd039bda7f54954a906,9a7eee60727dc73f09075e971ea35909d2245f19,build_log
PR-16095,trunk,14,1720201517.0,,56d6be64299ee30cdf6e455c402db51a29013a8e,9a7eee60727dc73f09075e971ea35909d2245f19,build_log
PR-16535,trunk,1,1720214834.0,,22acf1b348239fb842aafe342c709941675a7454,1bec3811adcfeca8973f89dc4ff23d3a35d08d74,build_log
PR-16536,fix-dedicated-mirror-integration-test-multi-node-cluster,1,1720225907.0,,f8418d4fdea1b989356b74e7e73462ecfa9cd8aa,82d48bd7f72a2c772fc829a17d414bfa69ee9428,build_log
PR-16537,trunk,1,1720226313.0,,31c38d18e2ffb56d10f927f4625bd0a2bb0d45ac,07133cebd2a86193467e2875fe04e896af9affd1,build_log
PR-16524,trunk,3,1720237997.0,,d336afc669bef63c914d0dc3a60c6014dbcd3b62,07133cebd2a86193467e2875fe04e896af9affd1,build_log
PR-16538,trunk,1,1720238328.0,,216e6bc7f0e98c69fe7733eef1c1d2405ee3c425,07133cebd2a86193467e2875fe04e896af9affd1,build_log
PR-16475,trunk,10,1720253548.0,,2e38fd5f38631babea944258ebb819f68ecdd45e,79244fe2353107a4c0a96ce034c7e38293778314,build_log
PR-16488,trunk,8,1720339300.0,,0ab7845bf243d680624b3c68af9677b98675ab8b,79244fe2353107a4c0a96ce034c7e38293778314,build_log
PR-16497,trunk,5,1720403564.0,,3a3d6e5f16657431b9e90baea0158b5bd69e52b1,a533e246e3ed5f6f6c5be4ebf9d29ae75cab557e,build_log
PR-16545,3.8,2,1720426199.0,,0bcebe0f96492a63ccfd36f9555a24039f2d81cd,c8f88ed3ab3295f464cc549b6d500ccad69772a8,build_log
PR-15756,trunk,9,1720443833.0,,622ebad5d58962ac37e528445c0de516e600cebd,a533e246e3ed5f6f6c5be4ebf9d29ae75cab557e,build_log
PR-16546,trunk,1,1720444013.0,,f24e5ec5621d8901adba276b4bbf5e7639f37960,a533e246e3ed5f6f6c5be4ebf9d29ae75cab557e,build_log
PR-16532,trunk,4,1720444114.0,,12784e165a789c5facc4ba493dd4b7d9e7f5f4be,a533e246e3ed5f6f6c5be4ebf9d29ae75cab557e,build_log
PR-16550,trunk,1,1720446468.0,,7f84a4e2dc47f6b6742edb8cce479cd72837183f,a533e246e3ed5f6f6c5be4ebf9d29ae75cab557e,build_log
PR-16530,trunk,6,1720447752.0,,6865435e3b501566780c8787e0199eca3652dfd4,a533e246e3ed5f6f6c5be4ebf9d29ae75cab557e,build_log
PR-16525,trunk,8,1720448624.0,,82d48bd7f72a2c772fc829a17d414bfa69ee9428,a533e246e3ed5f6f6c5be4ebf9d29ae75cab557e,build_log
PR-15999,trunk,35,1720483878.0,,6deb95c345b764305c12601aee692d2957f0ea66,25230b538841a5e7256b1b51725361dd59435901,build_log
PR-15475,trunk,11,1720484469.0,,14844ad7e1994e21c80422a96b6ac3afcbf37609,25230b538841a5e7256b1b51725361dd59435901,build_log
PR-16539,trunk,3,1720493550.0,,739986f1892edb8f8355c18631f2275f96c39473,25230b538841a5e7256b1b51725361dd59435901,build_log
PR-16552,trunk,1,1720509646.0,,285030141b4e7d53052519032d0a662a1e01e8ec,67e68596329df1d990310f02767a47512a44d568,build_log
PR-14372,trunk,7,1720520985.0,,a358547431b9ed75a354e36a0eac6ff934593ce3,67e68596329df1d990310f02767a47512a44d568,build_log
PR-16553,trunk,3,1720525140.0,,8dd95af363c3a822f1efd191c1a2b4175bbe6bbd,0781151794c8468e686b75cdd8ae0b6d16399cdf,build_log
PR-16555,3.8,2,1720541414.0,,badb649ff3cd649ed5526d152e665cb351c4212b,1dd93857943f622d82c07f89fc1355fd01f32457,build_log
PR-16551,offsets-api-integration-test-wait-for-consumer-groups,5,1720544828.0,,db3c0815be5a3148971b5346f817b3d81b2b8b19,1c443c4301c0a34c98b60feb6608932b1d91e99f,build_log
PR-16132,trunk,7,1720548803.0,,7aa30d9292193d2221fb15d293447f34251db69c,cfc7bb90ae40669d6eb284ae1987ce93b14990f4,build_log
PR-16426,trunk,13,1720568943.0,,a215cca61bd47b740afb299dce8ad3a634dee640,43676f7612b2155ecada54c61b129d996f58bae2,build_log
PR-16562,trunk,1,1720597019.0,,59d711b3dd58ce192cbf6244bbd7df7e6f2d1fae,0b11971f2c94f7aadc3fab2c51d94642065a72e5,build_log
PR-16506,trunk,3,1720609276.0,,705f445891b1903d7ac7466f3934c36c14c4c976,0b11971f2c94f7aadc3fab2c51d94642065a72e5,build_log
PR-16486,trunk,11,1720616599.0,,73bece1a4b8e0a3caecf1fc2b5a83a34817eee18,0b11971f2c94f7aadc3fab2c51d94642065a72e5,build_log
PR-16519,trunk,12,1720618996.0,,441425fa900b9b477486c4523bdea0261b5f604d,0b11971f2c94f7aadc3fab2c51d94642065a72e5,build_log
PR-16541,trunk,3,1720624703.0,,f3670dd60a038d663a3ba4a7c7a36b76639d96f6,0b11971f2c94f7aadc3fab2c51d94642065a72e5,build_log
PR-16561,trunk,2,1720626724.0,,58f0210684bcaad6f0983045b7d1b76d2ccc5a54,0b11971f2c94f7aadc3fab2c51d94642065a72e5,build_log
PR-16501,trunk,17,1720627811.0,,ba3713b2b4af6c7e7b14e74bf55b034939724f48,0b11971f2c94f7aadc3fab2c51d94642065a72e5,build_log
PR-16421,trunk,12,1720630369.0,,f4bd3ccfe123100431bbad0610f52b37c1ab6b9a,406d4c5ef9710d55063e83512ee6a7046a3110c3,build_log
PR-16230,trunk,5,1720636751.0,,07d7055e0b90bf39599d593ef451301ce70b3037,25d775b742406477a0ff678b9990ed149d2157cc,build_log
PR-16568,3.8,1,1720644731.0,,2f17eb27773fa2ae2efcb148e81ab20c1649ddd5,4ecbb75c1fc023ebbab52f4ba33053e9b5a4c28a,build_log
PR-16346,trunk,5,1720644907.0,,dddf82d34ed6e30e3250781e47c6764dcb9f1e3c,25d775b742406477a0ff678b9990ed149d2157cc,build_log
PR-16221,trunk,4,1720670135.0,,7f5b063ff231e1a29d5da73f9601f8430f4c3d01,ede289db93f6d191319ec03af69542b44be34953,build_log
PR-16565,trunk,2,1720673243.0,,f28e86feb2df203f26dff54d1baeecb3e7f87f8a,ede289db93f6d191319ec03af69542b44be34953,build_log
PR-16570,3.8,1,1720692006.0,,d651c66be582078c948c6f241e94e3027937a32f,4ecbb75c1fc023ebbab52f4ba33053e9b5a4c28a,build_log
PR-16542,3.8,3,1720700389.0,,d0ce4edb2064ff12104ee73629f209cce550411e,4ecbb75c1fc023ebbab52f4ba33053e9b5a4c28a,build_log
PR-16571,trunk,1,1720703819.0,,aff6edea86938fa16469f695c50774b6c650dcdd,3f43d27483433aa768c12a39a4ee285323b16878,build_log
PR-16490,trunk,9,1720712706.0,,d055ee970c7c617501f1d38f03fc0fcb5ca45e64,3f43d27483433aa768c12a39a4ee285323b16878,build_log
PR-16572,trunk,1,1720713154.0,,70d7984d971c33f4f635896f97f014ce21d6c8ea,a0309be7f4d1aa641a5657e3ccc430ab5fe17c16,build_log
PR-16573,trunk,1,1720713832.0,,c3846afca7e86f864fc06c47b6cafc9b7cd80b52,a0309be7f4d1aa641a5657e3ccc430ab5fe17c16,build_log
PR-16461,trunk,8,1720717215.0,,53ddc94bb767ef5a6f0816596911667c91a4769e,a0309be7f4d1aa641a5657e3ccc430ab5fe17c16,build_log
PR-16574,trunk,1,1720719271.0,,f634e636af9c0d60f46801a4212540bd31be90be,e118811da3d331faae8626ade8df3b9b45dd92b1,build_log
PR-16575,trunk,2,1720722531.0,,e928c6b27c2394983e7ca2d22825fb7de0edcfde,e118811da3d331faae8626ade8df3b9b45dd92b1,build_log
PR-16529,trunk,7,1720739618.0,,72d5f8d015b428dfed5612d9c8122b6e88c89e0f,ec9dabf86fd0ddd006cf26cd5d4dc967fdd6826f,build_log
PR-16559,trunk,6,1720748271.0,,8e4b9172697f189a8212edae6929580dbc2901cc,ec9dabf86fd0ddd006cf26cd5d4dc967fdd6826f,build_log
PR-16577,trunk,1,1720771331.0,,6120ee0d45b675bba1ef7d89f7f94fb6908a656a,01cf24a1ca6a719b31e779c3fdb8dd149938952c,build_log
PR-16569,trunk,2,1720799567.0,,7cf36492b1333afb6502989cd4a0e3bbff81e1eb,0ada8fac6869cad8ac33a79032cf5d57bfa2a3ea,build_log
PR-15918,trunk,9,1720809268.0,,35a208ec96620d7154f4a3211344226ac2f4cd13,0ada8fac6869cad8ac33a79032cf5d57bfa2a3ea,build_log
PR-16518,trunk,15,1720817007.0,,ce227921bfa3ab381e7a40ff006160a9a69e351b,0ada8fac6869cad8ac33a79032cf5d57bfa2a3ea,build_log
PR-16581,trunk,2,1720817744.0,,73db945dcb6b8e863a77aee938d297e72e7f6e05,7495e70365ebeba4806fc4da23c2ca75fa191649,build_log
PR-16586,trunk,1,1720821646.0,,f7ca9bfee59f5a7b9b98b8cea6a106b5301e4ca2,7495e70365ebeba4806fc4da23c2ca75fa191649,build_log
PR-16563,trunk,11,1720846285.0,,60a0a4e7f20e34e482263005c1108a711890d910,7495e70365ebeba4806fc4da23c2ca75fa191649,build_log
PR-16564,trunk,3,1720854326.0,,0e3d71128737f1f4b21909471a94e000ca912430,7495e70365ebeba4806fc4da23c2ca75fa191649,build_log
PR-16566,trunk,5,1720860083.0,,2e901ae1dafba4f3474a742153546c4c9150e5af,83081652abe3a7c836efe21cdfa52f2c0063953f,build_log
PR-16589,trunk,1,1720955823.0,,dbe8f0cf145d60d6efbc092cf52b996ae02ddff5,e104974b742c13fc238d438cd9ece576fa99e9de,build_log
PR-16591,trunk,1,1720962550.0,,472500ee701c46d77066205dbceb8f238624386c,e104974b742c13fc238d438cd9ece576fa99e9de,build_log
PR-16582,trunk,6,1720971103.0,,f4686ba9ea02aeadfa3a1ef327c313a6b74ad0c0,e104974b742c13fc238d438cd9ece576fa99e9de,build_log
PR-16549,trunk,3,1721010503.0,,8292fd9f66855d0bfc57239f5f53fe3e3bb06478,2cf1ef99d7a76b4d53ec0d1a2f5a7be181274456,build_log
PR-16593,3.8,1,1721029800.0,,f05e1678f7f73aae51695ea40da3a16ad2d0a260,7d9b8e460445dbb074e9ccc3bf89535fa94b4d6d,build_log
PR-16578,trunk,2,1721039546.0,,5228b017031701845e3630186f2059c7c43063fb,15eb555b031b87ba29d4ca776192b166a630f5e0,build_log
PR-16557,trunk,6,1721056904.0,,c753806a13d19486805621f9bc279709834d8b45,3a442ffe32ba38c0fcde329851dc9bad2bf560a2,build_log
PR-16588,trunk,4,1721057596.0,,6a73114b334b3672f37a8b9f4a40a0c6620fb115,3a442ffe32ba38c0fcde329851dc9bad2bf560a2,build_log
PR-16597,trunk,1,1721078567.0,,b4a3bdb070863a32461dad1ae158dc5fe1d5fb63,20ee83c462f544d73518bd7ee05d21d971c56f24,build_log
PR-16598,trunk,1,1721080096.0,,b7cda81773dafc3a11ef269cd490b8f855282195,79ab5074e7a3c1cb7ef9e8e3f373d7312f1faf60,build_log
PR-16451,trunk,12,1721106878.0,,72bb5dc5498160afc154dacaf93ee61c96185dad,808498e9391dab292a7ccd8a0bf3713f444f9d2f,build_log
PR-16502,trunk,7,1721113774.0,,d046d385c936274aed3326aeb5aed13835729938,808498e9391dab292a7ccd8a0bf3713f444f9d2f,build_log
PR-16449,trunk,15,1721134581.0,,2218e7dcd9a74167c3eaa5a81d96bd186b88d38e,1e16e16f64709bdbd2234cce171608e2cc0ed56b,build_log
PR-16605,trunk,1,1721149644.0,,b6cfd69285a5e7c2608df63a890978dde1d3a81d,4d3e366bc2487ca0c2321e6e6d7786fb6ed0efa5,build_log
PR-16560,trunk,6,1721194374.0,,43a605f9b9e8aeb50ed00beba3308fa646e62312,177b38ad66daef4d62c8b5fe5ba88ba8a5eaa5f4,build_log
PR-16494,trunk,14,1721198663.0,,45352f69d518409c61795e1a32b1262a2ab81123,177b38ad66daef4d62c8b5fe5ba88ba8a5eaa5f4,build_log
PR-16607,trunk,3,1721207022.0,,331995d532d3a6829b004e3ce71c7a334c807fd3,177b38ad66daef4d62c8b5fe5ba88ba8a5eaa5f4,build_log
PR-16611,trunk,1,1721213462.0,,642fa04d1c1d74e30117dc2abee6f477e8a8da64,177b38ad66daef4d62c8b5fe5ba88ba8a5eaa5f4,build_log
PR-16612,trunk,1,1721218062.0,,706c125998aa43c93e9c40a7ab47c3100c0fc8ba,24ed31739e2efc337f53040366c38dedae543308,build_log
PR-16580,trunk,19,1721223322.0,,9f88857ed6aff6856bdfcf0c074ae0abbfcc6ea9,24ed31739e2efc337f53040366c38dedae543308,build_log
PR-16608,trunk,4,1721228199.0,,240fd6434ef7a24686effa519607d3d9d24ebd3b,ce0a4269c170df72a777c0d73225af3dad0bc68f,build_log
PR-16616,3.7,1,1721230849.0,,a7d32265ee1fcaac972f93dd6f226fc02aa0c6ab,67151c6022060996a5e54b209c75731dc5098cb9,build_log
PR-16617,3.8,1,1721231154.0,,eedbdf5ce3b2310c552dc1266f1d9742889f9594,f05e1678f7f73aae51695ea40da3a16ad2d0a260,build_log
PR-16581,trunk,3,1721233739.0,,4497362033031cef34ccd23c3becedf2695ce6f6,a66a59f427b30611175fd029d86832d00aa5aabd,build_log
PR-16496,trunk,6,1721240105.0,,a95b93b3844403188c08c3da778a2f732fdc857d,a66a59f427b30611175fd029d86832d00aa5aabd,build_log
PR-16619,trunk,2,1721248908.0,,9ca7e3094abe038fa9c873c81073f2ef29cbd86e,53ec055394d4ac1cffe23faec679b5cf5b234a15,build_log
PR-16603,trunk,5,1721266973.0,,43ca95fb5c693cba785fa066603696eabeb2c93c,9a9eb18beb2de1180237719cac9f026224abea17,build_log
PR-16372,trunk,9,1721267709.0,,1f575ac1bf127300fdbd2c624def26e0f46dabe0,9a9eb18beb2de1180237719cac9f026224abea17,build_log
PR-16614,trunk,2,1721280368.0,,d34489ba827634a289a6da8b5ead2b0ddbfab697,04d34f3676c5e760fc1adc01bd988dbdd219edde,build_log
PR-16543,trunk,10,1721280546.0,,8584bb9cfaaa077edf65dfa315ef879e8b462d71,04d34f3676c5e760fc1adc01bd988dbdd219edde,build_log
PR-16558,trunk,6,1721296609.0,,03c3866a61a43ec58cd2c3a6a8a1740b7785b063,04d34f3676c5e760fc1adc01bd988dbdd219edde,build_log
PR-16622,trunk,1,1721297373.0,,5e39729bf27ad2d394caf6022e55095f4a333827,c7c0de388970a2c201fa0557d19ed9ec6e7ecc73,build_log
PR-16590,trunk,5,1721298232.0,,21e0e1a0334be1caa7abbae38da7a62a053749de,94f5a4f63e7a385325fc9a0f7d592a417d25711f,build_log
PR-16544,trunk,2,1721309935.0,,c546a4197e7fe40e0a816bbcb8d62cb781c00733,f595802cc752ed01dc74e9ab932209fe25a9d10b,build_log
PR-16540,trunk,10,1721311654.0,,4057113c0b55f86da3af849d6d180cbee039399f,f595802cc752ed01dc74e9ab932209fe25a9d10b,build_log
PR-16606,trunk,5,1721313666.0,,bbddd216ee80a11a06a1de6109a94192b0fda2b2,f595802cc752ed01dc74e9ab932209fe25a9d10b,build_log
PR-16623,trunk,3,1721315525.0,,631ed73763ead21e8dfb2b960b1ed9610c4988cb,f595802cc752ed01dc74e9ab932209fe25a9d10b,build_log
PR-16576,trunk,2,1721319020.0,,a7178ea3c13b47a7072c7b8dd632768740aa1ecc,f595802cc752ed01dc74e9ab932209fe25a9d10b,build_log
PR-16587,trunk,8,1721351652.0,,2d8e4545cf36aa07c92746c48f626cd53e80db84,b4682da5aea4c6eda97f15bfef534762abeb5ef2,build_log
PR-16624,trunk,3,1721360511.0,,bb7c862645f58c61defc0d5dd159fd0302334e4b,66655ab49a9401a62e1e99e637e0c5bd5a1ba550,build_log
PR-16609,trunk,2,1721362482.0,,1681c170fc4078689ccf7b63ad26b21ea356c410,66655ab49a9401a62e1e99e637e0c5bd5a1ba550,build_log
PR-16630,3.5,1,1721362652.0,,1e874b94caa765862d4a970f75b42614fabfd522,f2e3335300e18f674ff2a617f93062589d128a2c,build_log
PR-16093,trunk,63,1721376469.0,,8eb130092bf5b92f1039d986335151bbf08edff6,66655ab49a9401a62e1e99e637e0c5bd5a1ba550,build_log
PR-16528,trunk,2,1721387640.0,,f2a950fc223df61e39257ad8949cba24e5ad60ec,f09ead14839877959a71aa4f43697a1a62132955,build_log
PR-16635,trunk,1,1721403631.0,,371c8005e8bf4db809d59dd147fb8ccc6c6860ec,f09ead14839877959a71aa4f43697a1a62132955,build_log
PR-16509,trunk,3,1721406059.0,,0eb78299922ac5effea835896488cb0181eab4fe,f09ead14839877959a71aa4f43697a1a62132955,build_log
PR-16621,trunk,3,1721407635.0,,9747c21d1a884fbef0708eea24562051beff30b7,f09ead14839877959a71aa4f43697a1a62132955,build_log
PR-16636,trunk,1,1721412209.0,,b4033fb9eb98680f9a2ba519c67dddfd4fe57f44,208bb1fbc22d32e2dc70cc9924be085c62997c65,build_log
PR-16626,trunk,4,1721427647.0,,396b699431d59550b62a05b926be87e3c728b4d0,208bb1fbc22d32e2dc70cc9924be085c62997c65,build_log
PR-16639,trunk,2,1721472961.0,,7db0421ae4c5e698a9385e10f07682d3a0ef565f,208bb1fbc22d32e2dc70cc9924be085c62997c65,build_log
PR-16601,trunk,5,1721489236.0,,2c7b211f6010175ba6ddb078cce0f2fb1bf01d30,208bb1fbc22d32e2dc70cc9924be085c62997c65,build_log
PR-16640,trunk,1,1721502100.0,,f44bc25cfef4e154d76586d68f5f57358286d710,208bb1fbc22d32e2dc70cc9924be085c62997c65,build_log
PR-16618,trunk,6,1721529719.0,,b9c1625906527a01ea9c00da8c53d6d7bc268810,208bb1fbc22d32e2dc70cc9924be085c62997c65,build_log
PR-16642,trunk,1,1721530105.0,,816b390173b4e6f3da9d5aa7d36d3ff8f7e4ac12,208bb1fbc22d32e2dc70cc9924be085c62997c65,build_log
PR-16643,trunk,1,1721540606.0,,0c734faf9f7eee0d144576ade77efe007e75e4d1,208bb1fbc22d32e2dc70cc9924be085c62997c65,build_log
PR-16610,trunk,5,1721544130.0,,e278de39b922926ef702db0a6acb11464cf70b51,0696fbc73242368e60a8f72dbf0e219f1c7662c5,build_log
PR-16647,trunk,1,1721593240.0,,d34b9896356e5794d7cdee9f3c57fe61e11ae9ee,7a8f89e0a074d11ab82c4a5bcde63db10d1e5407,build_log
PR-16641,trunk,5,1721636878.0,,a7a1e6b40b940ba05b2cc475da439599bda666b4,90b779b7bb8b813e52ea21ce88c209e71b475ec9,build_log
PR-16019,trunk,56,1721639189.0,,8fe9465eaf9d916253b7b758d22b4db01ad69606,90b779b7bb8b813e52ea21ce88c209e71b475ec9,build_log
PR-16634,trunk,2,1721640317.0,,8097123dd09bb35600abf101300275ae55711441,90b779b7bb8b813e52ea21ce88c209e71b475ec9,build_log
PR-16633,trunk,2,1721642054.0,,739203536b01d9ba328bc5f0ee3747a75257f641,90b779b7bb8b813e52ea21ce88c209e71b475ec9,build_log
PR-16499,trunk,19,1721642877.0,,238d1a7f9b4844cc4de581bb0690719dc7553613,90b779b7bb8b813e52ea21ce88c209e71b475ec9,build_log
PR-16651,trunk,1,1721648747.0,,01113897c0f7596a213b04130b0c0fb154fbaafc,90b779b7bb8b813e52ea21ce88c209e71b475ec9,build_log
PR-16655,trunk,2,1721664508.0,,ed89697d0e1ed6235477326a9aedfe76f25288c7,44a44b753f45bb5bba67812e59e1b21e930f4a9d,build_log
PR-16500,trunk,9,1721669851.0,,446c0977d7a5006ed06a233d894c3f80e7d6fdc7,98979e73841e9f2b9429e1c11ae63c448efc1957,build_log
PR-16632,trunk,3,1721680421.0,,44423e3e3434f555e0656c86e21eb2e7b3bbbcc8,9db5c2481f8cefb5ec9a97d6e715a350dbc929c7,build_log
PR-16645,trunk,6,1721697579.0,,fdf0e50bcc04a90130d7157466a024533fba245a,9db5c2481f8cefb5ec9a97d6e715a350dbc929c7,build_log
PR-16656,trunk,3,1721719447.0,,5970c352a9d885fb5a4c8e39eae6231820554da1,a5bfc2190c3448039c9361909e547f64f7fdb6e2,build_log
PR-16615,trunk,6,1721741782.0,,d8c7e5bbebe139f498bcf7549a235726bf8236d2,c71eb60a3b2e30cc376b81144cf9c2c411d8f28b,build_log
PR-16657,trunk,5,1721783480.0,,d8e790ed20394ef14c4c3f4b752e4ab0d1d89ed9,7efb58f3211cdc3bd0524a79f9b5ce4ef74a77b4,build_log
PR-16638,trunk,3,1721783733.0,,abd34de73df3481e40da35cd575f5e4246d8bc64,7efb58f3211cdc3bd0524a79f9b5ce4ef74a77b4,build_log
PR-14717,trunk,12,1721785151.0,,78c332a643d3fb3405dbcd6854cc93e7944c27f0,7efb58f3211cdc3bd0524a79f9b5ce4ef74a77b4,build_log
PR-13817,trunk,47,1721799965.0,,d3321cad2e0121a5cbaa99a338f7592f4d6f0605,7efb58f3211cdc3bd0524a79f9b5ce4ef74a77b4,build_log
PR-16660,trunk,4,1721809263.0,,584b5e7c64ac52df32c2f6c2a292944a5a9d078f,7efb58f3211cdc3bd0524a79f9b5ce4ef74a77b4,build_log
PR-16663,trunk,6,1721813546.0,,b73f7acf8c10b20121d0006c91d219c292eb51f4,539f466ccb112167b1b55a0bd3c67123aaae5f6a,build_log
PR-16671,trunk,3,1721820066.0,,e63d849967a63d7c0375a44107b9c665936b80d6,539f466ccb112167b1b55a0bd3c67123aaae5f6a,build_log
PR-16677,3.7,2,1721820845.0,,55eef98c75df346dbaded771eb354c84cd45faa1,3ccd01919852fe92902ff7ccb5146b735b7501ca,build_log
PR-16679,trunk,2,1721836081.0,,2e6b50d5dcb407eef7180bf8aff0e02e387f9440,a6b940760779cdd642b3b925ac5f1e20e6fc920e,build_log
PR-16373,trunk,32,1721846317.0,,3cf8f651963d3aa4ae85caf0371fcc28ba46848f,a38829e61b9b4f8efce7ac7e7ca47c86e240e790,build_log
PR-16200,trunk,70,1721846327.0,,1f1bd7dd7ee59d0b194fe9d8290d9587b2df0b63,a38829e61b9b4f8efce7ac7e7ca47c86e240e790,build_log
PR-16670,trunk,5,1721867245.0,,dddafd89ebf67fda958c7d1c4868ee8beb2a2d14,a38829e61b9b4f8efce7ac7e7ca47c86e240e790,build_log
PR-16688,trunk,3,1721884872.0,,9489439b2b655399898c100dcbcca3b3802a51c7,a38829e61b9b4f8efce7ac7e7ca47c86e240e790,build_log
PR-16654,trunk,2,1721896864.0,,d4a32c112bde8a1868d31fa42a56fb5aedf8b96e,437b86cd20ab500ee26e9555ad489f19fa8fb571,build_log
PR-16674,trunk,3,1721905067.0,,58d6f8860a4aad859bd2de68987ce87ad67013bf,ee03c5f98a622271f35f7d00776f9e8d3c8e0d39,build_log
PR-16681,trunk,4,1721911106.0,,cfa811b37ed5743c2e4484947e83a39326de89df,ee03c5f98a622271f35f7d00776f9e8d3c8e0d39,build_log
PR-15502,trunk,2,1721916862.0,,5c2afccb4b7264c21df8007582803414693760ad,ee03c5f98a622271f35f7d00776f9e8d3c8e0d39,build_log
PR-16432,trunk,15,1721917149.0,,c4c781c4730afb1fd3f960bf545a7e13a9f036da,ee03c5f98a622271f35f7d00776f9e8d3c8e0d39,build_log
PR-16684,trunk,3,1721921766.0,,735f8e7131654dec934aa9435d761e71387bfe5b,ee03c5f98a622271f35f7d00776f9e8d3c8e0d39,build_log
PR-16183,trunk,21,1721945239.0,,22af8c7fa0f925144acf6483533abe849ef7c9db,ee03c5f98a622271f35f7d00776f9e8d3c8e0d39,build_log
PR-16692,trunk,2,1722000127.0,,e93b1f02310148db15f9e8020f811e9ba9386363,738d8cc91e405be9af785d603d0ee279d83bc7d5,build_log
PR-16668,trunk,3,1722015095.0,,808b68f607be93d7e68bb5cb46f2c645aaf540f3,738d8cc91e405be9af785d603d0ee279d83bc7d5,build_log
PR-16625,trunk,2,1722019858.0,,c0d3e8624132a6bd51e2f7a6b869730c2ba421af,a0f6e6f816c6ac3fbbc4e0dc503dc43bfacfe6c7,build_log
PR-16620,trunk,3,1722021049.0,,396b59bc63bdcd360773ac9a6f806055ad1a38c6,a0f6e6f816c6ac3fbbc4e0dc503dc43bfacfe6c7,build_log
PR-16683,trunk,4,1722034712.0,,6853743b31740cd549103790603e38f9b85ede6d,a0f6e6f816c6ac3fbbc4e0dc503dc43bfacfe6c7,build_log
PR-16701,trunk,1,1722035208.0,,01a25c2a854e75a495800872c2c58a16c6dbc7e1,a0f6e6f816c6ac3fbbc4e0dc503dc43bfacfe6c7,build_log
PR-16696,trunk,2,1722039801.0,,c21afb867e32ee86f51ee939eddf22022de0ff98,da32dcab2c4abd5d12c928dfcb4a2f25a2891195,build_log
PR-16698,trunk,2,1722041591.0,,7c5f614393389247e4555689fa74b48dd0b3faf0,da32dcab2c4abd5d12c928dfcb4a2f25a2891195,build_log
PR-16702,trunk,1,1722046406.0,,6cb93031592d97689cbb1c046b37e2fab1c98c6d,da32dcab2c4abd5d12c928dfcb4a2f25a2891195,build_log
PR-16682,trunk,3,1722066957.0,,879e3debf0fcc5f603971e70f9d8a8cfee300d34,da32dcab2c4abd5d12c928dfcb4a2f25a2891195,build_log
PR-16599,trunk,16,1722094084.0,,4545b2064f4af6942f85a2859c2f275b9f19c54f,da32dcab2c4abd5d12c928dfcb4a2f25a2891195,build_log
PR-16706,trunk,1,1722168586.0,,f7187a2f22fba2db3b63954552acefe8c52f8ecc,da32dcab2c4abd5d12c928dfcb4a2f25a2891195,build_log
PR-16699,trunk,4,1722215100.0,,916cf9a132f3c87ec97dc1ff1d1777ea2d147f44,da8fe6355b345adb7455860f32e6b397c722c07a,build_log
PR-16700,trunk,3,1722215156.0,,0f98821d28e47b3428c1416d5644a5f6ad71ab3b,da8fe6355b345adb7455860f32e6b397c722c07a,build_log
PR-16387,trunk,16,1722239854.0,,149a8754ac2b9a9639348b23e57ca27dbc0e941e,da8fe6355b345adb7455860f32e6b397c722c07a,build_log
PR-16693,trunk,7,1722241942.0,,122e9d08308e30eefab7b27f859aa4f5e60ed09e,da8fe6355b345adb7455860f32e6b397c722c07a,build_log
PR-16650,trunk,6,1722250340.0,,b7c906a2d87d73fbd13ebd7494ce1289f089764d,4e69bc09e6b6f7ebc9985fde2180a9d396e19299,build_log
PR-16714,trunk,1,1722255286.0,,c872e18c6fe9b901428a549f2473918532a81ce9,4e69bc09e6b6f7ebc9985fde2180a9d396e19299,build_log
PR-16716,trunk,3,1722260674.0,,b6aac751e31d2bc69864dd10f1406305fd49b1d5,d260b061803e3b9a2b4a0414f9a4f44b1f8d8f46,build_log
PR-16680,trunk,7,1722260884.0,,e4332949fc12d0e66ddc280ef13f34f4d70fa2cd,d260b061803e3b9a2b4a0414f9a4f44b1f8d8f46,build_log
PR-16711,trunk,2,1722261701.0,,541ec026cf65ef57db81070dce9071005e567fa2,d260b061803e3b9a2b4a0414f9a4f44b1f8d8f46,build_log
PR-16433,trunk,13,1722262462.0,,902ae9835040b78405c0826862780dd0ad13ad7b,d260b061803e3b9a2b4a0414f9a4f44b1f8d8f46,build_log
PR-16637,trunk,14,1722267162.0,,5eb8d65fdf73a66694b66cb0e7d16104d3322b21,61f61d62403e6b547a3a333895395ceff6d7afe5,build_log
PR-16710,trunk,3,1722282168.0,,c08613e5d0579cdadecfca4ec6096848a211f613,2cf87bff9b6b5136a22539edf48b2d7cc668bdf9,build_log
PR-16697,trunk,3,1722286333.0,,4a5a252b83313918de214dc33777b193f5223e13,6ff51bc388dac55e04343fe4247b1080f1241dab,build_log
PR-16678,trunk,4,1722289352.0,,8e3d0ffbe5df49d3b2c55435a2e739d53e25179b,6ff51bc388dac55e04343fe4247b1080f1241dab,build_log
PR-16721,trunk,1,1722290991.0,,f72c13dbefc4d7ae2fba06bc8acdccc3214712ed,6ff51bc388dac55e04343fe4247b1080f1241dab,build_log
PR-16666,trunk,3,1722308285.0,,27101e338bbd2418b0abc2405dbd37a7dc6500c4,0ec520a2af05ecd6956b5e645e257d72ad5b8fbd,build_log
PR-16726,trunk,1,1722326165.0,,a63b1485f93386f09dffc318d24769a40f069f77,dcb331c6237375c82ea007c0c9ca4be8e83c5c3b,build_log
PR-16728,trunk,2,1722330874.0,,c93f5b1098311d5bb8d18c89aac05ebb877a4aab,dcb331c6237375c82ea007c0c9ca4be8e83c5c3b,build_log
PR-16659,trunk,6,1722340194.0,,ae3fb8a6a4eb55064bd3846cb53b758caa6fcd86,dcb331c6237375c82ea007c0c9ca4be8e83c5c3b,build_log
PR-16730,trunk,1,1722343366.0,,56453c9557ca0617293b3865a6cf84f0e53a8206,dcb331c6237375c82ea007c0c9ca4be8e83c5c3b,build_log
PR-16725,trunk,2,1722352005.0,,6b7ee0ba0419f9c0293f16ecaff72c19378daf5a,901c656a1da16c8473200c93e57991004fc1371d,build_log
PR-16722,trunk,2,1722352385.0,,9484c5c50e870ca23c2187aefc39e3b23c6848df,901c656a1da16c8473200c93e57991004fc1371d,build_log
PR-16733,trunk,1,1722361031.0,,ab4427f13f00d2a8b8b3519fc9e28d9e8308bd19,e299a006c8c0e4e78aa1082359b0054118f9ff15,build_log
PR-16732,trunk,2,1722361697.0,,d6c5e6902a41d560fdbd2b91e93e7101852a1901,89214d033ec2788ff23e4fad29a30ebdfb345f9f,build_log
PR-16734,trunk,1,1722363180.0,,741e0e0833420d3402593d7a42b28e7af70f2124,1084d3b9c95aecccbe3c82e84ae4c8f406fc68e1,build_log
PR-16334,trunk,6,1722369564.0,,df93822e7818ae73914f3bd79e0c398e0731c5f7,683b8a2beeb5a75ef0a2ac878cf5a963f9b9d915,build_log
PR-16724,trunk,7,1722374637.0,,073f32ec28bf2424f7e677a2d5f1f2291a6c8726,9e06767ffa80b26791c3bff6bc9b10b6612ce7d2,build_log
PR-16737,trunk,1,1722378895.0,,7a99cbf94dd2584a86f6c04020be3c3edf86edb6,9e06767ffa80b26791c3bff6bc9b10b6612ce7d2,build_log
PR-16675,trunk,16,1722381546.0,,95870692de03fdccca4017e2cfa561b71063f41b,9e06767ffa80b26791c3bff6bc9b10b6612ce7d2,build_log
PR-16738,3.9,1,1722386180.0,,769f23a38d682cb894fd7d58d2b93e3ca4708c70,0370a6464b0ace99a34e3a34a18596eaf57c4d54,build_log
PR-16689,trunk,4,1722389888.0,,abf95194eb6f8b4069ad3046f613623a772d4714,e9d810965876634968795dfd14008921aa21ea8e,build_log
PR-16740,trunk,1,1722399950.0,,1a27a8a573b75746b951ab7f83eb2671bf5de7c5,e9d810965876634968795dfd14008921aa21ea8e,build_log
PR-16736,trunk,3,1722406250.0,,67c3aa6c7efbdd18062486077ecd460b56b5274b,0dc9b9e4eec124df9f5c92b41db2b4fb7bd49600,build_log
PR-16729,trunk,3,1722408949.0,,2b3be96777acf9eb31ca32d9b3072b36afa94e4a,0dc9b9e4eec124df9f5c92b41db2b4fb7bd49600,build_log
PR-16746,trunk,1,1722411446.0,,bfe81f06efcdb4e74f55c6a184e63af216c8a3eb,fa682623b9ad593eb1886642f67ef6686c8a11d4,build_log
PR-16747,trunk,1,1722412565.0,,70e09f821c3420e1a52200b82ff3dbda8f32fd48,51c1e1e147272b84b8e338264ae16ad9a2ecbe67,build_log
PR-16749,trunk,1,1722415967.0,,f13700f94a0f8dcdda1679d1cc7f4eb4ceb96526,51c1e1e147272b84b8e338264ae16ad9a2ecbe67,build_log
PR-16750,trunk,1,1722424110.0,,48e8061458fc6fd86a249c9160f516f02d698f89,342bd2844fa8d4ec2fe52051102c96a0ec79a52d,build_log
PR-15200,trunk,4,1722435921.0,,442ac27c2a53bb5304980c9efebb1186925215c3,342bd2844fa8d4ec2fe52051102c96a0ec79a52d,build_log
PR-16207,trunk,5,1722437749.0,,bd8ace766286e30362831a94fff915c00e5182b9,342bd2844fa8d4ec2fe52051102c96a0ec79a52d,build_log
PR-16300,trunk,35,1722439058.0,,0a86defb57993285f6cd309710910e357665a174,342bd2844fa8d4ec2fe52051102c96a0ec79a52d,build_log
PR-16755,trunk,1,1722447705.0,,bb43429e2abf235cc8383a759eb4edc188f2f797,9d634629f29cd402a723d7e7bece18c8099065a4,build_log
PR-16756,trunk,1,1722450128.0,,96e5b996af53dc68b33f670cb1a9da2e1ecf21a8,9d634629f29cd402a723d7e7bece18c8099065a4,build_log
PR-16686,trunk,13,1722450453.0,,c3de041950486e31b00765d1897b5e4f6a7d157d,08b3d9f37b0682078ac1d273497fb88cebfc9528,build_log
PR-16583,trunk,4,1722459988.0,,ed00a2e236219d3f0d5dbb924c04ba9302ac309a,8d8c367066f59d888d6aa2011b840915cd07a3c2,build_log
PR-16759,trunk,3,1722464993.0,,2c06d6a384a673b7514481c4c1ca0af13aabfe96,8d8c367066f59d888d6aa2011b840915cd07a3c2,build_log
PR-16741,trunk,2,1722470341.0,,63564a3b3111fa9b0eca40b0bbf1a0eba3e3c1bc,f1ef7a5a9f87cda7ae1209fc2285259eba4204ca,build_log
PR-16731,trunk,3,1722475316.0,,8e688cb764739f9586b2a54f9ca440a9fc29040c,342bd2844fa8d4ec2fe52051102c96a0ec79a52d,build_log
PR-16760,trunk,1,1722476450.0,,96cfd9f5dab8382ed3dac9fa04200987b58b0f64,f1ef7a5a9f87cda7ae1209fc2285259eba4204ca,build_log
PR-16764,trunk,1,1722503711.0,,581014cedcfc62a54a8e8125f9f42fd03a96713b,ed179c8ba768f4ed6a015d706bb00acd39614ce0,build_log
PR-16757,trunk,3,1722511978.0,,3b42104924a75d76747f14787c6d65d015577fab,ed179c8ba768f4ed6a015d706bb00acd39614ce0,build_log
PR-16748,trunk,5,1722528772.0,,bb23c18fa5c1a5554d6dda85fe2aa1599387089c,ad605b7bae23e97c340778bbc1b2265f609b3771,build_log
PR-16770,trunk,1,1722531383.0,,3134901429c3217b55fafba04e35c102678720ac,7d88bde9a9a0000e69fe69baadd0859d594dc7a0,build_log
PR-16653,trunk,17,1722571399.0,,9fb9757966e14aef9577921dca18ad3baef784fa,704476885ffb40cd3bf9b8f5c368c01eaee0a737,build_log
PR-16742,trunk,6,1722572854.0,,d7c3529dc98ff8a67c674523e2c2c28d5886697f,704476885ffb40cd3bf9b8f5c368c01eaee0a737,build_log
PR-16776,trunk,1,1722588574.0,,a79ccf296bf667c15d6ffb6b766a18df2be98230,704476885ffb40cd3bf9b8f5c368c01eaee0a737,build_log
PR-16762,trunk,2,1722590700.0,,9fbdab0ef025e698b2f986e9ce2046821cb55856,704476885ffb40cd3bf9b8f5c368c01eaee0a737,build_log
PR-16777,trunk,1,1722592533.0,,4aadda279e955927bc95d2ef4236144fb972ee22,704476885ffb40cd3bf9b8f5c368c01eaee0a737,build_log
PR-16627,trunk,14,1722601453.0,,343bf6c28b20b0cb3a990aa6f3519d9777137581,704476885ffb40cd3bf9b8f5c368c01eaee0a737,build_log
PR-16715,trunk,3,1722611520.0,,4af1a91a8d428c77fd85101247c0fe4c9203a4b2,704476885ffb40cd3bf9b8f5c368c01eaee0a737,build_log
PR-16763,trunk,7,1722612034.0,,465e28b03e4c59443cef5c110a6aeeb448e7ce53,704476885ffb40cd3bf9b8f5c368c01eaee0a737,build_log
PR-16771,trunk,2,1722615768.0,,c9556ee3ab78ac5a0dde3925bbcaf9163ab87a03,704476885ffb40cd3bf9b8f5c368c01eaee0a737,build_log
PR-16669,trunk,23,1722618522.0,,d8bb8ec3eb76c588f740d58b27350c5d715d4ea8,16cc87753314823a39ef96024eda86e23b12abe1,build_log
PR-16772,trunk,3,1722622016.0,,e7b2060c2283c18021ad544af33c6d86d2a9ec73,5afdb17092f99d956bf65fcb543de0b15c04e01f,build_log
PR-16745,trunk,8,1722628426.0,,646ca1e14448e8e0f8ef873b108579aafd1636a4,5afdb17092f99d956bf65fcb543de0b15c04e01f,build_log
PR-16720,trunk,4,1722628893.0,,1636ccafcdd95d21ece855bc16f080eea585a77c,3922cadc5d2fb52bca150b09aac278b4dc450ec2,build_log
PR-16781,trunk,2,1722652339.0,,83e5c3cce05598ded3d8c3a262a2f320e7309d29,da14b5a61dc90fc70748278c98ce312a7a433c0d,build_log
PR-16712,trunk,2,1722654222.0,,87aa3a70dff48c47edb529d1473a6d1c26f3d723,da14b5a61dc90fc70748278c98ce312a7a433c0d,build_log
PR-16780,trunk,3,1722668652.0,,0cbd114712f669a8ba1025a0be4935d4e239624c,6e324487fa93c540ef611eb9c9694c464fdecd3c,build_log
PR-14551,trunk,5,1722713729.0,,6c1463db3ad7bd1e754c9e7607638b9d712cdd87,2c9d7afe4c60656d10f5b15367e3fb65173d0372,build_log
PR-16691,trunk,5,1722750086.0,,10cca29b031a375e3eea9c6456448a5d88d56e80,7c539f902983a76f14d0cd993e7d6dcbfdacd909,build_log
PR-16752,trunk,5,1722818272.0,,372c1ca419c1bdd1b86cd25081f2a7af7a46a71d,b3fd9a5a9517b3c72b6a83f6a7b20fcd7be37a95,build_log
PR-16783,trunk,11,1722825615.0,,ce1e59d9763d03491a9709b3a8ae9653ad1e69a6,b3fd9a5a9517b3c72b6a83f6a7b20fcd7be37a95,build_log
PR-16723,trunk,2,1722828677.0,,66c04ca05e98278f9e4efdc6c0e6c393f7c25299,0b78d8459cc8963ad9c324639f304277a76560ff,build_log
PR-16793,3.8,1,1722845548.0,,01f42fc0e83728d21addc06ef643c402b448238e,ae6f3180a2054dbf5acca0aefbf9fb6fe8df80b2,build_log
PR-16794,3.7,1,1722846373.0,,88a693bc87925f1f353f1c71aa8bf5c760e786f4,373f8e38069b7213326c5ea6d8b2173eab126fc8,build_log
PR-16782,trunk,2,1722848964.0,,cd1a5c38ccf4c2197317b5b3814a1d4cf73d60b7,a4277c661793994f008fd131e03afec57b78c2f7,build_log
PR-16795,trunk,1,1722857572.0,,6d88bfb5f2c0de5a91359c6bb516d762bb2cd188,a4277c661793994f008fd131e03afec57b78c2f7,build_log
PR-16735,trunk,7,1722861900.0,,e28c53727a9840e163cb3bb86a11dfadbac66ef0,a4277c661793994f008fd131e03afec57b78c2f7,build_log
PR-16789,trunk,4,1722864289.0,,751477caf19a2eec7203e339df6f14dd14aac746,a4277c661793994f008fd131e03afec57b78c2f7,build_log
PR-16785,trunk,3,1722864906.0,,203958f54a7c234e49ff5d8015f91768bebd3821,a4277c661793994f008fd131e03afec57b78c2f7,build_log
PR-16784,trunk,2,1722864975.0,,d9e2454924961376afeb9ff1f4f63a415a7e8d02,a4277c661793994f008fd131e03afec57b78c2f7,build_log
PR-16769,trunk,4,1722872929.0,,e6f6eac32a1870b520ba7f13c4b7697fb5409601,736bd3cd093cd418b4fec5b583359884f23265ff,build_log
PR-16797,trunk,1,1722873436.0,,304e6ed9ef0aaa8e057d89b574dece1773977479,736bd3cd093cd418b4fec5b583359884f23265ff,build_log
PR-16567,trunk,6,1722887452.0,,4a58348bb501271fad6e3ccfe3d81882a9692267,8152ee6519f1c2d0608702000ed9c0b1162c447d,build_log
PR-16798,trunk,1,1722887542.0,,76eca6b2b0d23762f0c16fff266bc00066249c19,8152ee6519f1c2d0608702000ed9c0b1162c447d,build_log
PR-16456,trunk,17,1722887688.0,,990699475ac51278680c60dca37235f29a15e7d0,8152ee6519f1c2d0608702000ed9c0b1162c447d,build_log
PR-16143,trunk,5,1722888369.0,,0b7ea69ac4ce765bbbd259fd1ef980a1da182d1b,8152ee6519f1c2d0608702000ed9c0b1162c447d,build_log
PR-16801,trunk,1,1722888380.0,,04f77e6e85c6f49744affeaef7e7d9dc7c526530,8152ee6519f1c2d0608702000ed9c0b1162c447d,build_log
PR-14783,trunk,31,1722902770.0,,be561e8e29f96bf94d0868177816701e6a6977f0,8152ee6519f1c2d0608702000ed9c0b1162c447d,build_log
PR-16652,trunk,6,1722909127.0,,035722c651a525152fe40cd8ba5bef348b95bc43,8152ee6519f1c2d0608702000ed9c0b1162c447d,build_log
PR-16803,trunk,1,1722924191.0,,eb0f3cd360c9db3a763ba6436781f32777ff92c2,8152ee6519f1c2d0608702000ed9c0b1162c447d,build_log
PR-16805,trunk,1,1722929862.0,,9577d3369e18c8b73bafcdadf71a38d96c0c062d,5a602b2f86935f799e94918c7143820b3d46142f,build_log
PR-16811,3.8,1,1722949371.0,,05de9ddb0371ec7051aefb5c663059cb4fab697d,ecf30144e565932e4d1cede4a28eb122eb3bfeec,build_log
PR-16767,trunk,4,1722957157.0,,92995ee81dd0beab62a70ba8f3cad5d422a15af9,1db84c1a113cb3b115ff3565b5b368643338b6c9,build_log
PR-16813,trunk,1,1722958399.0,,c0538f7e4c9079d6b048288530fb258e4a9845cb,1db84c1a113cb3b115ff3565b5b368643338b6c9,build_log
PR-16814,trunk,1,1722969667.0,,e4a16e04a024ffe46e33c1408b7996d32d15cd34,5fac9057496ded1de838f6283aa7430b7794d354,build_log
PR-16709,trunk,7,1722971469.0,,91bdbc1206539be7099b061b23fb20e777f32d80,5fac9057496ded1de838f6283aa7430b7794d354,build_log
PR-16815,trunk,1,1722971978.0,,02d2be9f8d962e62baf70fd4e2d499101b2861b2,5596f9e1d561dfef46a83fbd7264e6745ca538cc,build_log
PR-16773,trunk,7,1722975212.0,,143c92b48e8f28ad2fbb18d32041dc98d3be5f66,5596f9e1d561dfef46a83fbd7264e6745ca538cc,build_log
PR-16788,trunk,3,1722981919.0,,affa95386b76af15b1199f65c13e81e5de1b6829,5596f9e1d561dfef46a83fbd7264e6745ca538cc,build_log
PR-16809,trunk,2,1722994315.0,,339b8957dc66e68057d7acf6f715cb31901107dd,6b5d172dcfa305dcd9c140be13cd65d4c5656761,build_log
PR-16818,trunk,1,1722995027.0,,ba857cdb13f555f238ca86139a9250c160abcf19,6b5d172dcfa305dcd9c140be13cd65d4c5656761,build_log
PR-16766,trunk,5,1723019535.0,,6289a67ca62787230dc51bd23a63bf735dd9c908,6b5d172dcfa305dcd9c140be13cd65d4c5656761,build_log
PR-16819,trunk,2,1723043956.0,,230e9c4b1e5c25c888fe6762aa29e702d870cacc,c2f53a97608683405897c3dcb3bd25a03ceb7dba,build_log
PR-16827,trunk,2,1723047759.0,,89f571cf2552f0ad06a91a2d290638d08fd718f1,837684a1b9b3bad244613211e90b67cf9170fb44,build_log
PR-16522,trunk,7,1723048669.0,,205054f3b6986bc5b50cc092838e5547e3060b5c,837684a1b9b3bad244613211e90b67cf9170fb44,build_log
PR-16753,trunk,8,1723049266.0,,9407311ed26f4788ffba94523e56d63a2f79a7ae,837684a1b9b3bad244613211e90b67cf9170fb44,build_log
PR-16751,trunk,5,1723059858.0,,6f529d0d1cc062cce8c6e470c88c600fd6f1d9ce,b9099301fbd0a5b35e46b4f9ac026263c753cce6,build_log
PR-16830,trunk,2,1723068630.0,,12e8c1441df8f08f468333b47ae61a4e70b8c398,b9099301fbd0a5b35e46b4f9ac026263c753cce6,build_log
PR-16284,trunk,12,1723078242.0,,76ca67947555538900c764dfc502cc7c33bc2feb,b9099301fbd0a5b35e46b4f9ac026263c753cce6,build_log
PR-16765,trunk,12,1723088961.0,,e03e563502d0953e279becce148da5d977bba5cd,786d2c9975c7715b4f9959c2d2d40cde66e08e65,build_log
PR-16828,trunk,2,1723108519.0,,a4b1225a9c6a35fb8456e5f06612a4ff870bb338,786d2c9975c7715b4f9959c2d2d40cde66e08e65,build_log
PR-16807,trunk,2,1723110096.0,,a43c12445ecf915bef6f22db6f839cf095bf0216,786d2c9975c7715b4f9959c2d2d40cde66e08e65,build_log
PR-16727,trunk,8,1723117523.0,,31b0c2d6130c3db0545833ce1aff6c3727b24a2d,164f89960575c4ac1acdc6408e650c1567ee9515,build_log
PR-16825,trunk,2,1723119718.0,,047b24341e3d18e31f9196dae775ab4af4bd928a,164f89960575c4ac1acdc6408e650c1567ee9515,build_log
PR-16800,trunk,2,1723122681.0,,8e10d17192da37a589284a316cb54f16c2f90b3b,164f89960575c4ac1acdc6408e650c1567ee9515,build_log
PR-16704,trunk,5,1723132453.0,,105d3729b26a55069df0dc2012366b250522dddf,0cbc5e083a936025a85f127102dc1032f6cf4fd9,build_log
PR-16774,trunk,10,1723134853.0,,953ae021c93e619ef2f5d5120ed7f4e8ddcd4961,3066019efa1cabe7fe52bb7ac663d4363bb9be84,build_log
PR-16821,trunk,8,1723135354.0,,16835a47f3dc09af3deabe1fe5a444e0377a2a81,3066019efa1cabe7fe52bb7ac663d4363bb9be84,build_log
PR-16790,trunk,4,1723141039.0,,bedad171019edc3906b7e1b4ba0be1683be1f3ff,4e862c0903195eb11a715271c29304d28036273d,build_log
PR-16817,trunk,4,1723144929.0,,93654830a804dde207d9b390cec66e279fdb9d76,4e862c0903195eb11a715271c29304d28036273d,build_log
PR-16839,trunk,1,1723150251.0,,e350693058ffb5ddf2af3f4e45500f2c097c57ef,e7317b37bf4a3ea5beaeb22a9b0707bdb16ebee7,build_log
PR-16841,trunk,1,1723158467.0,,b6d843d47f507cd22b0a971e7c30fdf589ede6af,6a44fb154d37d45fe9aeb050a6f1eb129c451f92,build_log
PR-10967,trunk,10,1723207234.0,,0bcffb19017479937c242c21e1881782757328b1,0a4a12fbc4df0ac4b141a869d3880b15b66a7759,build_log
PR-15067,trunk,25,1723209290.0,,259751ae1fa4516ff1308b6ba006f6dc10b7e19e,0a4a12fbc4df0ac4b141a869d3880b15b66a7759,build_log
PR-16820,trunk,11,1723212576.0,,b662aa4c7fbf8b9bd4ac456a13df424591c1260e,0a4a12fbc4df0ac4b141a869d3880b15b66a7759,build_log
PR-16604,trunk,13,1723218088.0,,d6025612122b576463978abf8bcf97607af228bb,0a4a12fbc4df0ac4b141a869d3880b15b66a7759,build_log
PR-16846,trunk,1,1723218384.0,,c4037f59c07ea92ce73f5f201489d26f2eb6287d,0a4a12fbc4df0ac4b141a869d3880b15b66a7759,build_log
PR-16787,trunk,4,1723225690.0,,8bf6c147bfced73958b496069ee9d41addeb4059,98cdf9717049e87ba34bb5161276577fcb8bd1c4,build_log
PR-16672,trunk,6,1723245762.0,,9fe61b150785b275374ff6daa1ca516a4927a680,98cdf9717049e87ba34bb5161276577fcb8bd1c4,build_log
PR-16851,trunk,3,1723334525.0,,756792150bac2552b4a59df625dbf2df122e3f86,5d66f8d88cc3121236287157a2d46856dbae4512,build_log
PR-16822,trunk,3,1723339843.0,,fe3213612f3fcf7059807d89aab318f094888d6e,5d66f8d88cc3121236287157a2d46856dbae4512,build_log
PR-16687,trunk,10,1723360032.0,,2b1eb340a79d089330f3c3de757f078ca1fad7be,5d66f8d88cc3121236287157a2d46856dbae4512,build_log
PR-16492,trunk,2,1723375161.0,,d29220e1966de40e8d98ccfca7cb42cf517696c6,5d66f8d88cc3121236287157a2d46856dbae4512,build_log
PR-16855,trunk,2,1723377365.0,,b8bad98db150a429eca5ea53196ef476657fd9df,49fc14f6116a697550339a8804177bd9290d15db,build_log
PR-16856,trunk,1,1723378008.0,,9e48014ac6c937b5fc25c8de26a05cf74d74787c,49fc14f6116a697550339a8804177bd9290d15db,build_log
PR-16592,trunk,10,1723378364.0,,8b45b583dd1ee31fadd3886e5cc2c9f88fb4d04f,49fc14f6116a697550339a8804177bd9290d15db,build_log
PR-16708,trunk,7,1723379472.0,,fe7c3b2a0a644957026320e08a438bb23f032d36,49fc14f6116a697550339a8804177bd9290d15db,build_log
PR-16857,trunk,1,1723389590.0,,9fb2bd13dcc4d1dbbe01eb6c9bf071b31e2e5b3f,49fc14f6116a697550339a8804177bd9290d15db,build_log
PR-16838,trunk,3,1723402860.0,,a333843f85f47fb2e7d49f95d2832625cb9c5860,49fc14f6116a697550339a8804177bd9290d15db,build_log
PR-15838,trunk,5,1723407631.0,,4d0d0ef1910928f12944e4ef43ec05a7f1881d75,49fc14f6116a697550339a8804177bd9290d15db,build_log
PR-16832,trunk,4,1723436215.0,,a9a1b7a321b6f32945e8faf4f52abdd31438991a,7c03c8f3abeba9a8bb06fe58d46ba34d60f756d0,build_log
PR-16792,trunk,7,1723448350.0,,db0366b93837f3eea8599b0f2737d4da84a57358,7c03c8f3abeba9a8bb06fe58d46ba34d60f756d0,build_log
PR-16854,trunk,3,1723448918.0,,c674dfdaa3808f5760bb7abe6d5b6b2e60b337c3,bbdf79e1b4ffd4960f42ec128edbced11349c538,build_log
PR-16579,trunk,14,1723454481.0,,b3c5c2b0db81809cac8b3ffccb52d317ebff4916,5d115fea3b6f2c97678f3fb232a6e6917570de67,build_log
PR-16829,trunk,2,1723457433.0,,85438ae6a5440c8a306cf1e250615abbaa172f1e,5d115fea3b6f2c97678f3fb232a6e6917570de67,build_log
PR-16861,trunk,2,1723466844.0,,a13035c759f66e2a35c2f7ad19b8fd7f77b2d548,f47b526eb4fe0e4bbf594c08f0e056d7aaaf8e8d,build_log
PR-16847,trunk,3,1723473402.0,,d48e1e797caef3858a3eb8602b3168a0b8da58bc,f47b526eb4fe0e4bbf594c08f0e056d7aaaf8e8d,build_log
PR-16438,trunk,3,1723474755.0,,6027881f493691bf38d8c356cf919fa29128d0e4,5b47975bb96325de65ba370c7412923ec00804a9,build_log
PR-16628,trunk,10,1723479940.0,,2ea9f9a9e20c609bebfdc88ef789cfdfcccd587e,b52469fa284279197f6c21cba606dcf6920f4b10,build_log
PR-16863,trunk,2,1723494310.0,,9dde81a309862cf058e737a0cd731cad8f4b54b4,df04887ba597941674a28d54bd35202bbd21631e,build_log
PR-16167,trunk,34,1723509508.0,,ca373a7cbf4ac697ef625b23c1eb365c2253ca71,bb0f4d5e117e5e1358dc2c5c38e4bb91eaa5367b,build_log
PR-16594,trunk,3,1723532095.0,,2258207efd856193b66860422dd8bf7d8db82c20,deab703e432656e89fca26f0149c44b2cea0f755,build_log
PR-16836,trunk,7,1723532639.0,,4adb8de918cab8664e644d588ff29384188ec00b,25b955ddf2253ce76354eee8705155e96ee003fa,build_log
PR-16869,trunk,1,1723534685.0,,27dc03e8c111ad4dc03ce6e1de89ea7a3865efa7,25b955ddf2253ce76354eee8705155e96ee003fa,build_log
PR-16865,trunk,2,1723534707.0,,88e290c104d56c22ebf5f8dd0ad6491a73ef2930,25b955ddf2253ce76354eee8705155e96ee003fa,build_log
PR-16786,trunk,8,1723540303.0,,d09b05639063d20ff36e871423e73733f624c1e7,25b955ddf2253ce76354eee8705155e96ee003fa,build_log
PR-16835,trunk,5,1723541047.0,,92cfd8abf5c5edbf474fecfc2ea2669ac852fc31,25b955ddf2253ce76354eee8705155e96ee003fa,build_log
PR-16871,trunk,1,1723551592.0,,b3da634b964b415569f899358a14d832a2508e36,03d1a736cb53d63e2d925e1d86020452685aca42,build_log
PR-16664,trunk,20,1723557861.0,,2e5a3544174a3b6d27edfe526ceb66ba9430faa8,dc636ea1ff030d2e37c07d637d6be61ea4f07327,build_log
PR-16768,trunk,2,1723558209.0,,64bebc7a30733ed81e167eb091044f0fe89edc7d,dc636ea1ff030d2e37c07d637d6be61ea4f07327,build_log
PR-16867,trunk,3,1723565139.0,,b2831e1822bff4c111d7b10c1ee08f8b5d6620dc,5b9cbcf886d0666849e81d0fbb8c19d3531c1143,build_log
PR-16804,trunk,11,1723596464.0,,96378c27410dc2da637d14322b0633f78f5f29f7,75bcb9eb42fb305bce0eecd4dda265f935cbd108,build_log
PR-16875,trunk,1,1723597560.0,,f59c6a691a79ccfdaebdadb84e01108258ff1b6c,75bcb9eb42fb305bce0eecd4dda265f935cbd108,build_log
PR-16860,trunk,5,1723620918.0,,3d057be4f6e47329e09b3f7dc8d3905d2d2a98c0,75bcb9eb42fb305bce0eecd4dda265f935cbd108,build_log
PR-16859,trunk,8,1723625069.0,,e7545830c972be2f15b2ccb99ca385a34bd39e05,75bcb9eb42fb305bce0eecd4dda265f935cbd108,build_log
PR-16872,trunk,3,1723631492.0,,fae0a3ab307b612bfa710c9278f8044de48c7f3e,75bcb9eb42fb305bce0eecd4dda265f935cbd108,build_log
PR-16845,trunk,5,1723640980.0,,4a9fb187efcccc06429c3409023839648993969d,d64f4b9cd044bd599a0bd35dc3d7226c3f2d70f1,build_log
PR-16823,trunk,3,1723642626.0,,09ad61d893a0f55ee55e0c20642829e81de09881,d64f4b9cd044bd599a0bd35dc3d7226c3f2d70f1,build_log
PR-16881,trunk,1,1723642920.0,,3b53a9af155de371dc07946928742f04de317981,3a0efa2845e6a0d237772adfe6364579af50ce18,build_log
PR-16870,trunk,2,1723645031.0,,64624a28ef1a02b84232d0087d5f75df84f9afb9,5dd4d84eecbff0ddc6d066941fca53f6e64dd275,build_log
PR-16862,trunk,5,1723664467.0,,9788401b861bed618f306f2dd5ab9dde2cb4a98e,5dd4d84eecbff0ddc6d066941fca53f6e64dd275,build_log
PR-16703,trunk,10,1723675800.0,,7c2f3aa1f1206cab885e137b3464d6b92fde6ad9,0f7cd4dcdeb2c705c01743927e36b66b06010f20,build_log
PR-16775,trunk,5,1723702906.0,,05b28f547101862c0f07bef4833d1e7df904b625,0f7cd4dcdeb2c705c01743927e36b66b06010f20,build_log
PR-16886,trunk,1,1723712235.0,,045aef211a325d0a561df2e4915c5f3a63b25bbc,0f7cd4dcdeb2c705c01743927e36b66b06010f20,build_log
PR-16889,trunk,1,1723721224.0,,02725fe53f866825196b8e64e21d6dcbeeaa1e90,b767c655279083c0a7e958e3f319fe2cead13ddc,build_log
PR-16891,trunk,1,1723728476.0,,1147ecdf82aebaf2f548d038bf5c6093028624ba,b767c655279083c0a7e958e3f319fe2cead13ddc,build_log
PR-16894,trunk,1,1723754289.0,,85b5ed33f589fc9d7223ddb980a2633bf360e35d,21dd5cd421139d6134d738d6e7555f0db6e1f622,build_log
PR-16890,trunk,3,1723757838.0,,d5d5219afe4bb84ec2902f17ae1bffb02109a0b1,011d35237c3454d24f1933791173ba211d037969,build_log
PR-16884,trunk,3,1723791242.0,,677dd091c1058e8bc1fcd813b441102abb35b67c,011d35237c3454d24f1933791173ba211d037969,build_log
PR-16897,trunk,1,1723796737.0,,2e22d07b70940c367269e36aee2ec5cc7100de12,011d35237c3454d24f1933791173ba211d037969,build_log
PR-16892,trunk,3,1723815532.0,,5333646fc2cf611722420f09421b0d7175538bdb,cd47b3c1cce7a9f1881e40d38742b9ec8b30cf32,build_log
PR-16883,trunk,7,1723817737.0,,e384c10de21730ff4e5a23e2a1ed5554967f5e7b,cd47b3c1cce7a9f1881e40d38742b9ec8b30cf32,build_log
PR-16584,trunk,9,1723821132.0,,5e548a35faa19b66a5a2f245b44f68f711fbba9f,cd47b3c1cce7a9f1881e40d38742b9ec8b30cf32,build_log
PR-16834,trunk,4,1723821647.0,,f9117d171f207c9e13723f60711a08d67193f9ca,cd47b3c1cce7a9f1881e40d38742b9ec8b30cf32,build_log
PR-16900,trunk,1,1723830229.0,,189c1eee1a4ecb544d595504c7cb9d027eaa8bc8,cd47b3c1cce7a9f1881e40d38742b9ec8b30cf32,build_log
PR-16901,trunk,1,1723833009.0,,6ca8608b256a01eb5580e0bfe6787235642e3b04,cd47b3c1cce7a9f1881e40d38742b9ec8b30cf32,build_log
PR-16902,trunk,1,1723835317.0,,acfdf4afac9cfdba57dd0db9815dbe94422bdb9c,9f330c374d1b6d0e50b54ad2d979c57d9672bb87,build_log
PR-16705,trunk,2,1723912057.0,,b254e9ad07e581cbdf907ce472fdee108cfcf19c,fd544024aa033155a672e0919310f424835c41eb,build_log
PR-16909,trunk,1,1723947561.0,,bbf963cc83ac880fadba9b1c3b11492c6439585f,fd544024aa033155a672e0919310f424835c41eb,build_log
PR-16911,trunk,1,1723977545.0,,af78c024689080e44d4dcf4f04b7d9eda26b162d,fd544024aa033155a672e0919310f424835c41eb,build_log
PR-16880,trunk,2,1724010800.0,,47e234d3ac86a153d11191ec2dbd28d08900b366,4b4107116538f99ded780fd8efef094576c3d151,build_log
PR-16646,trunk,8,1724031008.0,,640792016d54a65ac522967d5f6ce24852640e59,5f02ef952e500fda5272609cec90fe1eb30da6fa,build_log
PR-16910,trunk,2,1724035165.0,,3af5dd779fc7e333dcd38ce209bd52d4adc1e286,5f02ef952e500fda5272609cec90fe1eb30da6fa,build_log
PR-16707,trunk,6,1724035265.0,,654be943615957846397e04dd6a248c763e68407,5f02ef952e500fda5272609cec90fe1eb30da6fa,build_log
PR-16913,trunk,2,1724053930.0,,986c920b26036a419855d5e9563629f68d8cf52b,5f02ef952e500fda5272609cec90fe1eb30da6fa,build_log
PR-16877,trunk,3,1724055302.0,,fae79202b4ceaa722e4062145434e9baddeb0cdc,5f02ef952e500fda5272609cec90fe1eb30da6fa,build_log
PR-16903,trunk,4,1724061898.0,,849376f6d6f4f1947b52ff46239bcf69c57ee253,5f02ef952e500fda5272609cec90fe1eb30da6fa,build_log
PR-16849,trunk,3,1724066973.0,,0eea42c1c7f71ecd06cf80dfec7c3f11432582eb,5f02ef952e500fda5272609cec90fe1eb30da6fa,build_log
PR-16878,trunk,2,1724070567.0,,30c4b5560c2e921a48fe01968da083b86005f590,5f02ef952e500fda5272609cec90fe1eb30da6fa,build_log
PR-16888,trunk,8,1724080533.0,,8712b1fa5b4c7b8a16dd5969ca24ffffb212b97a,b63b20eeeef229a298c9d7c13b4824f5815c5bd7,build_log
PR-16919,trunk,2,1724083516.0,,11ed5d7a8a345ebcfb71f565aa150a99c9bf5896,2f0ae82d4a2205c8056b8e92a954ffbed9fa65fc,build_log
PR-12782,trunk,13,1724086027.0,,6dc4f6eb5eb906b0045a5d42a09add3f71f24312,2f0ae82d4a2205c8056b8e92a954ffbed9fa65fc,build_log
PR-16826,trunk,4,1724089866.0,,4cff0fbe189986ad478954fbc43c9f67c0525e7d,e24354a21d4c1fa9407e439f2266a4948accd025,build_log
PR-15598,trunk,8,1724090252.0,,bbdc54c5a13993623da2c503f4cd66dfed4468f0,d28ddcb9f4a97cc69744e111232ec8585d2dfaed,build_log
PR-16907,trunk,2,1724091029.0,,158447da32ea0823b32cf70c0e809b0ef36f1dea,d28ddcb9f4a97cc69744e111232ec8585d2dfaed,build_log
PR-16924,trunk,1,1724091590.0,,b2cda9b39e23ce227752fab6b99fe6eb989e515c,d28ddcb9f4a97cc69744e111232ec8585d2dfaed,build_log
PR-16925,trunk,1,1724097549.0,,5fdd5050eabaf98ecfc6726ee32a9f9c2360f518,d28ddcb9f4a97cc69744e111232ec8585d2dfaed,build_log
PR-16908,trunk,2,1724097678.0,,c0f7cb01dc151a1e8b1fc948b68ad64eede53c8c,e38fc50d1eff371a621f41593e0fce8152d1d8ef,build_log
PR-16923,trunk,3,1724098065.0,,2f46369c170d9f988e5d395bef7d2586ef316fa1,e38fc50d1eff371a621f41593e0fce8152d1d8ef,build_log
PR-16895,trunk,5,1724100325.0,,e851e3cd25913af35cab3822800870cfc9ffffdb,fd60d2d980fabd34aeba3e1bb6dadf0e41a88895,build_log
PR-16926,trunk,2,1724100686.0,,8fd4fa06f3c269fedfbcd3aba4657db89b89e565,3d868aacf2b893cbe658a6f7a1caa787be746ff3,build_log
PR-16644,trunk,5,1724117352.0,,b0c8776d9bc5a2aedfc8e36b59794e45b1c9b1af,65786fecbf6b466182e9daba7c27bd6a3e13d45c,build_log
PR-16930,trunk,1,1724119486.0,,a66c8817d4a11afdc078cf9c557d8e2c6215cea7,4e1a015d36d42a595f7b74501e3b7a1510450a19,build_log
PR-16931,trunk,1,1724120744.0,,7b7a130c05920f98a4d88fba3c31686efd922251,42715654095d019effc478ab343c0132e02aa70f,build_log
PR-16658,trunk,24,1724121250.0,,18bdac74d51e8d1255f216bd5581e588b68d8c4b,42715654095d019effc478ab343c0132e02aa70f,build_log
PR-16876,trunk,13,1724123158.0,,d1158f1250c4833ee76163fa1efdb7b662279ee3,42715654095d019effc478ab343c0132e02aa70f,build_log
PR-16917,trunk,3,1724147155.0,,86e8b05fb09917533a31b3e12ce376880a087fa9,f6bfa9406ca88d611e9c9ea0120b16d37e6ce015,build_log
PR-16939,trunk,1,1724165533.0,,041134f30fe4aa1137c3a88e546b02f93e3ac55f,e23172a48a3529c4c8db33bfef824f8ed9b4c64c,build_log
PR-16940,trunk,1,1724165974.0,,5dc58acc68e5edbb035c7f3d933e44698dcb4148,e23172a48a3529c4c8db33bfef824f8ed9b4c64c,build_log
PR-16938,trunk,2,1724167875.0,,9b9d76a8b49bf8f4e256761d45d597c7d6481192,e23172a48a3529c4c8db33bfef824f8ed9b4c64c,build_log
PR-16942,trunk,3,1724187054.0,,5606c684204ae7d38a9152e2c6534f63f023176a,a537e716eb4c168373c0c9d361e68382a63ee637,build_log
PR-16661,trunk,8,1724198674.0,,f4bc7645606223a94e2171b95f62e2452cb00738,7b6d4fbc57207fd45a5ab6bc56d566ccf11b4a6b,build_log
PR-16944,trunk,1,1724205554.0,,f4bc7645606223a94e2171b95f62e2452cb00738,7b6d4fbc57207fd45a5ab6bc56d566ccf11b4a6b,build_log
PR-16937,trunk,3,1724223814.0,,67ef81b7fdf205ed4db544387001201425d61690,944c1353a925858ea9bd9024a713cd7301f55133,build_log
PR-16934,3.9,2,1724224158.0,,235ad827f163bca8a2c67aaff2cfade18f4e4cd7,b7a97e7102c2202c425de347d2f731f97c470dd0,build_log
PR-16943,trunk,4,1724241744.0,,57fcd9230b7a3a771d639b3cf1d98dd24e3faeeb,0eaaff88cf68bc2c24d4874ff9bc1cc2b493c24b,build_log
PR-16850,trunk,5,1724245824.0,,cba9bd13504f50c867e6e53c21bc4f4b5198c70d,7c7751d8da558bcf902516310f8f54c961bcef0e,build_log
PR-16946,trunk,1,1724246304.0,,ace181f2e92724ab30570826843afa94e9d403d5,7c7751d8da558bcf902516310f8f54c961bcef0e,build_log
PR-16505,trunk,8,1724256619.0,,0f09755bc944bdbfadeb10e7faecbc29c46dd08c,7c7751d8da558bcf902516310f8f54c961bcef0e,build_log
PR-16893,trunk,21,1724263457.0,,764f0e1476897f681c58c3d577a08755015f7cb3,7c7751d8da558bcf902516310f8f54c961bcef0e,build_log
PR-16848,trunk,11,1724263928.0,,0eebd25eccc7ecf997d90a41c71bb44985622a8a,7c7751d8da558bcf902516310f8f54c961bcef0e,build_log
PR-16953,trunk,1,1724275003.0,,0414a196f1cd63fd864c60831b977da72e46556d,0bb2aee8385c98d38b306f77a8c71875f5d48c1a,build_log
PR-16948,trunk,17,1724277027.0,,57ce2d942278055ba27f577833067459697d37d9,1e14b0c964091121a5116cae18d9494a5d07bb5d,build_log
PR-16517,trunk,4,1724288326.0,,6eb62b05253c91f31c16eda1c3bd18fc53716106,95ef75aa48db054540217f1ac319538803c82a07,build_log
PR-16941,trunk,2,1724301098.0,,5d80ff72ae10806839f9d32df23d17ecbabf7e15,28cd7136fb1b5702af82c3736d246c7a1e709140,build_log
PR-16810,trunk,11,1724305411.0,,d11821c19a255c044be0e14978d9f1d80a545a65,28cd7136fb1b5702af82c3736d246c7a1e709140,build_log
PR-16796,trunk,6,1724316603.0,,f928a23987a934fda9802cfb912d419d167b8dc9,61a661ec5e627217e8b4e4c009d65ee0e0e938ba,build_log
PR-16935,trunk,5,1724317158.0,,9567e00bbc31f5e9403896457ac91e6251dbdd79,61a661ec5e627217e8b4e4c009d65ee0e0e938ba,build_log
PR-16915,trunk,4,1724317296.0,,3f084cad7a69c293c71910175427739847aa4201,61a661ec5e627217e8b4e4c009d65ee0e0e938ba,build_log
PR-16960,trunk,1,1724318580.0,,0bdef1d3f23840a07566eeaab3b36955f12f66cf,61a661ec5e627217e8b4e4c009d65ee0e0e938ba,build_log
PR-16962,trunk,1,1724318947.0,,1d0541f713050790ecf3a2dddcbeb64ab4c5d443,61a661ec5e627217e8b4e4c009d65ee0e0e938ba,build_log
PR-16831,trunk,3,1724319999.0,,b31643bbe22241183b9fb9737bbfccb2ae490a5e,61a661ec5e627217e8b4e4c009d65ee0e0e938ba,build_log
PR-16920,trunk,7,1724329853.0,,4dae57851ea542cf4b66446d99c78611c365a3ff,61a661ec5e627217e8b4e4c009d65ee0e0e938ba,build_log
PR-16947,trunk,2,1724331151.0,,d869c370a539f1ad89090cdfb9fcbce7e865d7be,61a661ec5e627217e8b4e4c009d65ee0e0e938ba,build_log
PR-16961,trunk,2,1724331566.0,,caa0c0eb4e3853eab7d7ba87967ecb1812cfc03b,61a661ec5e627217e8b4e4c009d65ee0e0e938ba,build_log
PR-16949,trunk,2,1724344527.0,,064071cbb776610bef71f26e39ad25a328ba59d8,61a661ec5e627217e8b4e4c009d65ee0e0e938ba,build_log
PR-16968,trunk,1,1724348211.0,,a0c76de0c03e48e305653ea02d3bd05f25523e98,61a661ec5e627217e8b4e4c009d65ee0e0e938ba,build_log
PR-16966,trunk,3,1724374163.0,,93d178690a60436cc7972fbc0591bf307a0717da,79f979cd525a168ea51148974e0d105acb0cd2b9,build_log
PR-16972,trunk,1,1724375191.0,,27d378e4616e2b1627e5c77f651ce1961586c9f8,79f979cd525a168ea51148974e0d105acb0cd2b9,build_log
PR-16808,trunk,2,1724376186.0,,5b07a27bfd280c9edd280e677a3167bc6acc8d57,79f979cd525a168ea51148974e0d105acb0cd2b9,build_log
PR-16102,trunk,2,1724378348.0,,901645574869efc725238d4268f23c165cea054a,c7f0ade7e06598d36bf5572dc76f0bdb3228c46a,build_log
PR-16955,trunk,2,1724413380.0,,ca8199a27318fd66b1cbdbd2729a806fffdb68fb,ffc865c4324a2c77a9dbbb90c75202ffd3a0982a,build_log
PR-16945,trunk,6,1724415920.0,,18aa1075deb1fd5909f887e9da5b7eb7bc0eb6ef,ced34e3176463759991d1ba322f1c793a243d068,build_log
PR-16932,trunk,5,1724417533.0,,46fee6249d94199fbcefac0814415c0b755600ea,ced34e3176463759991d1ba322f1c793a243d068,build_log
PR-16975,trunk,5,1724423374.0,,2670a4f5601c567e227a93645813cf00ee234785,be3e674e78092be7e1e5f3fae35d45f12639104c,build_log
PR-16981,trunk,2,1724424438.0,,d8b94d485acfbbfa5daa7ad752d3b2b3996cf9e1,be3e674e78092be7e1e5f3fae35d45f12639104c,build_log
PR-16816,trunk,3,1724455796.0,,ce4ba2d11fc5fe12e97eb679be2ec0afd47fb8a5,0123bdcf06d2554ea62ba3a75af7c4b17eb4d23a,build_log
PR-16979,trunk,2,1724475125.0,,ce809cc5eff787f433e87f67569026b76e6cd328,0123bdcf06d2554ea62ba3a75af7c4b17eb4d23a,build_log
PR-16914,trunk,4,1724480233.0,,5d45fdd83fc5075829756517debf36f5272fa9c8,0123bdcf06d2554ea62ba3a75af7c4b17eb4d23a,build_log
PR-16858,trunk,7,1724506121.0,,5b572e62570ea0eb6bebe06039fc3948a7f926b7,0123bdcf06d2554ea62ba3a75af7c4b17eb4d23a,build_log
PR-16989,trunk,12,1724506136.0,,4ed9394f93ec7ab45fa9b028ede7760e3ebee898,0123bdcf06d2554ea62ba3a75af7c4b17eb4d23a,build_log
PR-16993,trunk,2,1724533569.0,,7f5e55dab6e73bf057f7a003c2f91c6754ef185b,0123bdcf06d2554ea62ba3a75af7c4b17eb4d23a,build_log
PR-16994,trunk,1,1724550204.0,,8c47a9562ad4efa629fac704038c2fd76befa119,4a485ddb71c844acc8bf241feda1fcbffc5ce9be,build_log
PR-16987,trunk,2,1724586563.0,,db79f2085fb2ec7a464e63437528b1cbafeedfb5,11966a209a8bb5bbf867b5bb5ca1d60b80e26650,build_log
PR-16995,3.8,1,1724588511.0,,956444ac9729078563f1c293246b277d2dd74319,163dcaf6ab59fc91d42417a3a6f170de623fd5e0,build_log
PR-16996,3.7,1,1724589157.0,,19145cc2cdfa3bff7f7e28ffdb5b585df7e9a2b6,f596a0dffc332351ea53bf1213f8564ea0172d12,build_log
PR-16997,trunk,1,1724591035.0,,bcaff7e685cfa0741034b3abf3a3de4339c14071,e37f1dfb25ac5a41163786858369a71719682729,build_log
PR-16954,trunk,3,1724609379.0,,ea4ac70e61a7ada1b6dfba5cd6b45db847044be6,e37f1dfb25ac5a41163786858369a71719682729,build_log
PR-16998,trunk,3,1724633970.0,,b84e77bf2f76b09a9e64caeeee2c46ed7da9fca1,4ae0ab38dd3a82cf2c36032014ee74af63251859,build_log
PR-16887,trunk,9,1724639385.0,,08ed9861914257732586de661aa100482237ae24,4ae0ab38dd3a82cf2c36032014ee74af63251859,build_log
PR-16980,trunk,3,1724642718.0,,6c8b562a48d454c21219d39d90cccb655a48b8f6,4ae0ab38dd3a82cf2c36032014ee74af63251859,build_log
PR-17000,trunk,1,1724644450.0,,5a5b57a7c9e24db17ea902f5a1ee7e0008ca0371,4ae0ab38dd3a82cf2c36032014ee74af63251859,build_log
PR-16985,trunk,3,1724663381.0,,6c6cf268d030fc662d544710c0fa1ef31e845098,aaf887d3d942d463239369a37e1c97dfa711a775,build_log
PR-16921,trunk,12,1724666455.0,,d1fcf3083e789278c34754f30bb9d72b4f1b5af3,6bc0e1dcbaca51ea178642c52406709c83151cc2,build_log
PR-16933,trunk,7,1724668498.0,,e668aaf4b3ffcad35d29984d57092dd16300901c,6bc0e1dcbaca51ea178642c52406709c83151cc2,build_log
PR-15482,trunk,17,1724682586.0,,81ade24df13faf40f434be341aeb562c15682def,1621f88f06560394dd2a8415471e8c714b3323c3,build_log
PR-17003,trunk,3,1724682726.0,,4302ecd677dac0493ee2a98f11546653ece96693,1621f88f06560394dd2a8415471e8c714b3323c3,build_log
PR-17002,trunk,2,1724684554.0,,e89df2e50da73bff75a43301be0e4b56d31aff69,1621f88f06560394dd2a8415471e8c714b3323c3,build_log
PR-16963,trunk,5,1724698968.0,,c151b8c4b15c2811c3275f6d8e97f100162dfe38,1621f88f06560394dd2a8415471e8c714b3323c3,build_log
PR-17006,trunk,1,1724699416.0,,590cb5ea027e76e4a81210c50122297aa13f68d2,1621f88f06560394dd2a8415471e8c714b3323c3,build_log
PR-16879,trunk,4,1724742525.0,,12cd60f620ced794ef78ab4c6e5588657530a2fc,bf914b6982c31b62db250406b0db083867e28052,build_log
PR-16974,trunk,4,1724758846.0,,93c366deb32f199eee65f267faa533a82ccf00ac,62dc982ce9ce76b299a628d50648e3529fd88e63,build_log
PR-16992,trunk,2,1724760567.0,,9aa97db30fe9e788b6de05b43d781c84c9bf814f,62dc982ce9ce76b299a628d50648e3529fd88e63,build_log
PR-17014,trunk,1,1724763944.0,,1fcb3b97df4f15e110816207209bd79785cd8e72,62dc982ce9ce76b299a628d50648e3529fd88e63,build_log
PR-16904,trunk,7,1724768643.0,,0ada1c916b676980a448ed9dbc8893d83b35be9e,62dc982ce9ce76b299a628d50648e3529fd88e63,build_log
PR-17017,trunk,1,1724773453.0,,8b8d1f846ad2d62c1f0b146872845ae606126671,62dc982ce9ce76b299a628d50648e3529fd88e63,build_log
PR-17018,trunk,1,1724779774.0,,ef23bc74873199da528a6090b27277290510149c,62dc982ce9ce76b299a628d50648e3529fd88e63,build_log
PR-17010,trunk,3,1724782828.0,,a1a9652daf20e240f92748f0f2da4c8cb66c70b6,62dc982ce9ce76b299a628d50648e3529fd88e63,build_log
PR-16990,trunk,4,1724795892.0,,05dea6de0b557739d41d926a14e8d305852c0c52,62dc982ce9ce76b299a628d50648e3529fd88e63,build_log
PR-17023,trunk,1,1724802639.0,,a0b9d613871dfd893d1e46c2ec2f12b3f5679520,f5439864c6a3cf8275c951a5a09a0d500789d869,build_log
PR-16951,3.7,3,1724803546.0,,6309de9372c2c59857856a6169b4c807f1d4ea2c,57b6c2ef98d8177ab0e43f7653c8079d4daa8789,build_log
PR-17025,trunk,3,1724813858.0,,8508f86129716c278566ff708b2f167f9a6622bd,ead9ed513eb9d7776d750181c3b453c5a4b563a6,build_log
PR-16958,trunk,3,1724816909.0,,03e6567f0cc2002078ef39171072f456e9fc4540,ead9ed513eb9d7776d750181c3b453c5a4b563a6,build_log
PR-16842,trunk,3,1724849865.0,,8030ae8b09a11dc7e60ab91d1469ab5945447da8,ead9ed513eb9d7776d750181c3b453c5a4b563a6,build_log
PR-17029,trunk,1,1724852047.0,,817253ff2cfc33e42b7cc3bcffe076be46934916,ead9ed513eb9d7776d750181c3b453c5a4b563a6,build_log
PR-17013,trunk,5,1724860806.0,,2295a6da3e31a3c9a4a16a5adadb159458cc5080,dd7d7c3145d41103525cd212e718a8bdf5dd484b,build_log
PR-16866,trunk,6,1724862729.0,,57263c81de01771f632a58b895cf3a27ec2c261a,dd7d7c3145d41103525cd212e718a8bdf5dd484b,build_log
PR-16906,trunk,7,1724863502.0,,0dcddcf9ef6fdc1396a105647e3790de62b22243,f61719f96262d1dd36c99d49861c75ed39c964cb,build_log
PR-17031,trunk,1,1724863812.0,,ce4f2a5e2d9758540440246af647f092e0977a71,f61719f96262d1dd36c99d49861c75ed39c964cb,build_log
PR-17033,trunk,2,1724865037.0,,8bb37ce2166cd92dd1600bae88a024b37bd3b638,f61719f96262d1dd36c99d49861c75ed39c964cb,build_log
PR-17008,trunk,2,1724871980.0,,e297dd7d523b490d0b7aa12320a3164c216b400d,25819cecdb230ff592197bdd1b454fd695a8c244,build_log
PR-17024,trunk,6,1724879223.0,,3f65822d1c4fdc1f32f2e843004d4eca3513ce04,25819cecdb230ff592197bdd1b454fd695a8c244,build_log
PR-16694,trunk,11,1724890500.0,,55d4daeeff5b5c081e4363273e1454b6f573dffb,ca0cc355f6457286f4d986aec0a2ee2eb368813e,build_log
PR-17036,trunk,12,1724892019.0,,6de78ead9cd5b38d1a25728b11185b6f8e09ea50,ca0cc355f6457286f4d986aec0a2ee2eb368813e,build_log
PR-16673,trunk,13,1724896675.0,,74ccb78f39008d7e0f3a2f568ca52c7b7e5d53a1,291523e3e40567f961b4d94068e6946d751d18e4,build_log
PR-16959,trunk,13,1724899103.0,,03dd499da550df3b90d650d127ef57bf5ec5ed93,291523e3e40567f961b4d94068e6946d751d18e4,build_log
PR-16791,trunk,11,1724907263.0,,9ca9410672d398cca17539f5191cb1fee320ce31,291523e3e40567f961b4d94068e6946d751d18e4,build_log
PR-16744,trunk,6,1724915062.0,,bc8b79de53abfb6c8ae16ecce8908072fba6126c,ad4405c8dd2f94fcce66ccf157866bf2e21b9eb8,build_log
PR-17040,trunk,1,1724929020.0,,4a8ac8af689e289b9fd617e52ef0bcd601c2e70b,c977bfdd3cda4f7f4d3313d02e151df756872800,build_log
PR-16778,trunk,2,1724930003.0,,7625a0cf3cc9a750066f437569624d565802c43b,24d88c46c0ffd0c300c99f5b26c58028efd32c95,build_log
PR-17041,3.9,1,1724931221.0,,e3aba49b4c10acaeddd3d3e6ad3d074070f80fdc,fbaea5ff6a4c6fd6124244e13ba534b2c0eddd4b,build_log
PR-17028,trunk,3,1724937258.0,,275da7991bc8e89940bf51b62106f78c66957ebd,464051929d26c2330eeff58c155a2f59be528da1,build_log
PR-17043,trunk,1,1724938276.0,,0ad11c089fb96f7670e0ef57e4406618a53bf9dd,464051929d26c2330eeff58c155a2f59be528da1,build_log
PR-16983,trunk,5,1724940030.0,,240ad5902522a679915863e455f3ecc9e60c4613,464051929d26c2330eeff58c155a2f59be528da1,build_log
PR-16824,trunk,5,1724940629.0,,eb5b0a6271d8b58692fcb40e1f85d0691161d9d3,464051929d26c2330eeff58c155a2f59be528da1,build_log
PR-17045,trunk,2,1724940753.0,,22551d41a603252dc47550b8e7b402257c001183,464051929d26c2330eeff58c155a2f59be528da1,build_log
PR-17030,trunk,3,1724949600.0,,ac7025fced54ad26681e1c41c2aa9973731b85f8,165076afc615bcc324a07aec07a22edb41ae94c7,build_log
PR-16083,trunk,5,1724972737.0,,da41bc6f830e7b2ef891a11bf282ad86a94d1264,8db80d1f07020807bc82707f2d8642ec4fe7eb21,build_log
PR-17049,trunk,1,1724983101.0,,412e5890d680b9fa38413a74c71e068d911965d0,c23b6b0365af5c58b76d8ad3fb628f766f95348f,build_log
PR-17051,trunk,1,1724985576.0,,77686359e63090068ace8171e452a112882660e1,c23b6b0365af5c58b76d8ad3fb628f766f95348f,build_log
PR-17052,trunk,1,1724985887.0,,f88ea667ab041b582e43d4698e1eb67ce0572de3,c23b6b0365af5c58b76d8ad3fb628f766f95348f,build_log
PR-16743,trunk,5,1725001856.0,,921f19ddefc1dd6664b8b40447454c075ae25df7,c23b6b0365af5c58b76d8ad3fb628f766f95348f,build_log
PR-17056,trunk,1,1725016835.0,,f037a6045d98abb4bcf166651a1c72de3a1da58a,c23b6b0365af5c58b76d8ad3fb628f766f95348f,build_log
PR-17060,trunk,4,1725033000.0,,13673cbfd2bb31f8c0b631250aca34586098a3c3,70dd577286de31ef20dc4f198e95f9b9e4479b47,build_log
PR-17053,trunk,2,1725033876.0,,5669007cf5578c4e0ecc2813bffab1ef44157384,70dd577286de31ef20dc4f198e95f9b9e4479b47,build_log
PR-17019,trunk,6,1725038428.0,,fbcf40de13f467cef18a4586999186dfce1600ae,70dd577286de31ef20dc4f198e95f9b9e4479b47,build_log
PR-17034,trunk,6,1725045523.0,,c8caf40af5cbf15f803fb5cd1130e721b66c197f,70dd577286de31ef20dc4f198e95f9b9e4479b47,build_log
PR-17062,trunk,2,1725047212.0,,6159741755beb8e8a6541e0c3f9e9c1faaebe4e3,70dd577286de31ef20dc4f198e95f9b9e4479b47,build_log
PR-16956,trunk,5,1725057465.0,,0f83add075de3ae9a43ef34e76df1161f477c145,70dd577286de31ef20dc4f198e95f9b9e4479b47,build_log
PR-16648,trunk,32,1725061139.0,,a4f10555d235ace21a1dcf405db7f0b79622cddc,70dd577286de31ef20dc4f198e95f9b9e4479b47,build_log
PR-17022,trunk,5,1725064864.0,,11d98a37beaab86b7226840904a0fc578a05732a,70dd577286de31ef20dc4f198e95f9b9e4479b47,build_log
PR-16852,trunk,13,1725081888.0,,ea835fc08b60d499d27456ffbb6115c6585f1427,1841c07d4af1daa55f5f332e7c844738c12e7f7c,build_log
PR-17063,trunk,1,1725096679.0,,234f9a66f6cb28e9791be2f22a9c3d0e3c9dddd7,1841c07d4af1daa55f5f332e7c844738c12e7f7c,build_log
PR-17064,trunk,1,1725109738.0,,c754aa55a99bd1ee2cb9a91e69e4a5cb9a6151e0,fc720d33a03e5b40a31b82c4baddb8a23b6e8f9d,build_log
PR-16873,trunk,9,1725112939.0,,9138d9cf8e1f51f25fd5823a8504fb66692fd4aa,fc720d33a03e5b40a31b82c4baddb8a23b6e8f9d,build_log
PR-16905,trunk,12,1725115640.0,,486080d4fa51e9eb1b9e522240f2ff10e3948cb9,fc720d33a03e5b40a31b82c4baddb8a23b6e8f9d,build_log
PR-17047,trunk,4,1725115911.0,,623c0df9942f59230574f06808e16fc45197b25b,fc720d33a03e5b40a31b82c4baddb8a23b6e8f9d,build_log
PR-17055,trunk,2,1725128139.0,,df0e6d2abad610669a78e9d73b92d938b1c3f311,4a2577b80102145a3b82886ee3c02d47b8ac791c,build_log
PR-16844,trunk,8,1725148173.0,,e8638280bc5d96f7e5287c19c2585b2df9193133,4a2577b80102145a3b82886ee3c02d47b8ac791c,build_log
PR-17050,trunk,2,1725157149.0,,f662c0bafd6aae4cbea22022508a0dfa1ed3e790,dc650fbd737791e39f54cd76a5f1f80245c9816a,build_log
PR-17065,trunk,2,1725157564.0,,5d69f3dbf68424a78d5e7eea4d066d10c193b617,dc650fbd737791e39f54cd76a5f1f80245c9816a,build_log
PR-16864,trunk,10,1725170226.0,,47aa850ff430d37310414c8d247decb57b8f10af,59d3d7021a96fb90b660a3dd7f0abee06e218a50,build_log
PR-17067,trunk,2,1725176429.0,,b571c804e4af4ba1837626546d92b644063011ab,59d3d7021a96fb90b660a3dd7f0abee06e218a50,build_log
PR-16713,trunk,2,1725200924.0,,7f19233fa14e4266405707360d7b407681bb422f,6a2789cf70665bc564bfa582fec17f42b93f3616,build_log
PR-17048,trunk,5,1725201039.0,,26d3060c74207f9949f3a6e960abf6a0e344b3a3,6a2789cf70665bc564bfa582fec17f42b93f3616,build_log
PR-17068,trunk,1,1725201179.0,,7f19233fa14e4266405707360d7b407681bb422f,6a2789cf70665bc564bfa582fec17f42b93f3616,build_log
PR-17069,trunk,1,1725203550.0,,c63bcd082ea51bb6746149c6a359d86c392cdab7,6a2789cf70665bc564bfa582fec17f42b93f3616,build_log
PR-16978,trunk,5,1725273602.0,,adce212c59f60a1a0442b883dcd50605a848bbdf,89418b66aeb3e004e6ef16cd42f2f929d48a6718,build_log
PR-17061,trunk,4,1725274188.0,,e3babb72291e4ef543a4eb4754197a8cc21fc705,89418b66aeb3e004e6ef16cd42f2f929d48a6718,build_log
PR-16665,trunk,10,1725278765.0,,1396b7d00772e0512062a55a20806b62078cb070,89418b66aeb3e004e6ef16cd42f2f929d48a6718,build_log
PR-17015,trunk,2,1725284955.0,,3321aadd8a1150eaea29d8694f9b3b817db53125,89418b66aeb3e004e6ef16cd42f2f929d48a6718,build_log
PR-17073,trunk,1,1725285266.0,,bd40de76f3be7166052c0997cd3cc93155026cb0,89418b66aeb3e004e6ef16cd42f2f929d48a6718,build_log
PR-16833,trunk,13,1725336421.0,,8b5774574129ed40eb12d07504d24a23ab7a6f1e,743e185c8bf6d1d548fe7041ce543c7c31388e68,build_log
PR-17074,trunk,1,1725355385.0,,d9e8b23a46b2802173346e8f7bd93a49903cf904,c30615e6d7732b0214d59985ee5961bc9266b364,build_log
PR-16986,trunk,8,1725359856.0,,7a7d828ddb8289fcd40d92878b0bd71c6660ed30,f59d829381a7021971b0b2835fbbacb4abd996a5,build_log
PR-17039,trunk,4,1725360008.0,,ee415c0a01276ff952dcbdfbdaad6a45b29a047e,f59d829381a7021971b0b2835fbbacb4abd996a5,build_log
PR-16717,trunk,3,1725377870.0,,e355745031c4989b0087708b3ad02e99b0728c3b,88b9ff30adf19ba43072a8b26ede07aa4bfa727d,build_log
PR-17072,trunk,2,1725381589.0,,4b7e6ecd2097aa21df8e76d4c0aed590e46f2856,88b9ff30adf19ba43072a8b26ede07aa4bfa727d,build_log
PR-16973,trunk,6,1725384090.0,,1ffb395b4433b4b344d508aaaab90943cbb43a27,88b9ff30adf19ba43072a8b26ede07aa4bfa727d,build_log
PR-17077,trunk,2,1725388478.0,,1ddbcba161100df35725ebd3deee7f0677ea6385,839431e59170f162fb0da665f145919edfb16ea7,build_log
PR-16967,trunk,4,1725392910.0,,5563d2bc5a21eb527447609ff9da58da15c7f912,b0d0956b20735575b7d4d870c2838912f4006940,build_log
PR-17078,trunk,1,1725398548.0,,8445e50391110fce0c6f18d0e6f0dec4b36b9005,4d23fe92f18e5f9ec906daa09d658d1bba4a7d11,build_log
PR-17035,trunk,4,1725402180.0,,506b622cb992d6f67193e9d4cd58603780ac6543,4d23fe92f18e5f9ec906daa09d658d1bba4a7d11,build_log
PR-16970,trunk,11,1725403384.0,,639de56d7a47d78743f11c7429ff89a0164b8835,4d23fe92f18e5f9ec906daa09d658d1bba4a7d11,build_log
PR-17038,trunk,4,1725405735.0,,44e70838c7e2f7d305b288c33dc1196d559a1cf3,eb9cfb06c0d7954a6c8d70dac6e835800aca4aab,build_log
PR-17084,trunk,1,1725443116.0,,15c7b51be78871c94f3a949b16a1b0b260631597,005155ba5cad313d22fb84efc9959dd3fd484bf3,build_log
PR-17057,trunk,5,1725445414.0,,d49bbf6e2e5ae4bd45c2a6c40aa34eeb83648c41,005155ba5cad313d22fb84efc9959dd3fd484bf3,build_log
PR-16779,trunk,14,1725446485.0,,e047cb0d507bbfbdd852f614a260f2e740d65384,005155ba5cad313d22fb84efc9959dd3fd484bf3,build_log
PR-17066,trunk,2,1725457658.0,,eef2729bf3c365a05026b74cfdde4672806d9a36,59f5d91d8f1412c50c74a776a624879101402284,build_log
PR-17089,trunk,2,1725458320.0,,d00ce4ba14cba1331ed3898741218eab9eb49b28,59f5d91d8f1412c50c74a776a624879101402284,build_log
PR-17058,trunk,2,1725462396.0,,0485a9578d57280dc8342155c5b8cec17c17b203,59f5d91d8f1412c50c74a776a624879101402284,build_log
PR-17092,trunk,1,1725467669.0,,6a07597ffac58d926589a5843a274f44f530f8d1,59f5d91d8f1412c50c74a776a624879101402284,build_log
PR-17090,trunk,2,1725467754.0,,93cf15c1891c177904e04e3e395312672afb83d1,59f5d91d8f1412c50c74a776a624879101402284,build_log
PR-17095,trunk,1,1725478134.0,,61e959aad196734b57c0698b3e75f2723c0e1802,0294b1402d382dc628f42f6e41f093d4ee73ee98,build_log
PR-17054,trunk,6,1725479426.0,,eae1b58a2f53ea087e328bd02bf31d311896acbd,0294b1402d382dc628f42f6e41f093d4ee73ee98,build_log
PR-17096,trunk,1,1725482065.0,,e0379835a22532263db816a22dc4265c06740f9e,748d20200f9b06c2dfd7ef7df18bc42c83ef0516,build_log
PR-17085,trunk,3,1725489081.0,,bd1cf4645d0bfff4e56d1a245c5b34ec3f88a1ef,748d20200f9b06c2dfd7ef7df18bc42c83ef0516,build_log
PR-16213,trunk,10,1725515909.0,,92bb514271d90ae36b4ff6df345ac0820f6606cd,9abb8d3b3cbc2bc862d894726cb0aca0b11fe518,build_log
PR-17088,trunk,3,1725518531.0,,48926e05cb712565fdb678eb14ca9f2ee8ae7696,235a5b6cf910265b65a25228f4d479cfb732b671,build_log
PR-17101,3.8,1,1725532522.0,,64dc1ad1811ccbfbe17689e25a5af49557fce5fb,d9a26a95a70ac5632fb36d7e1da4728a86e789b5,build_log
PR-17100,trunk,2,1725538430.0,,4440ec3831aea50d8d49bf9ab81d491925c2137a,190df07ace9ab266f8d27cc353481e6aa08efd77,build_log
PR-17103,trunk,2,1725550911.0,,10a6dab4ff1d6e7e64c5c2efb4b1c3437acdcf43,190df07ace9ab266f8d27cc353481e6aa08efd77,build_log
PR-16840,trunk,8,1725550963.0,,909b84679b1670b7b09937c5e4d7c85fc5054315,190df07ace9ab266f8d27cc353481e6aa08efd77,build_log
PR-16218,trunk,5,1725551698.0,,af989024e0dd368f0b4b370d5b006b267c5fce70,b4f47aeff506a45c66d60c40d4f63ca219f68bdc,build_log
PR-17098,trunk,7,1725554656.0,,4259b5f71ee39d3f16f1083c91547d1d9870a1cd,b4f47aeff506a45c66d60c40d4f63ca219f68bdc,build_log
PR-17094,3.9,4,1725565957.0,,88fb21467c456290e0852da4baf3fb5203328ca6,74d55ca6393ced994caf900a72e558c1535109fc,build_log
PR-17081,trunk,6,1725572785.0,,c917a5823f3066f43ab3fb5b6b39e316b8600eb7,50ca2c8c73b1d9a77c46c1f88e83254ec4bcb821,build_log
PR-17004,trunk,17,1725583570.0,,2af2478e6edc251f73e3d028d3b4f366706c187e,50ca2c8c73b1d9a77c46c1f88e83254ec4bcb821,build_log
PR-16127,trunk,55,1725596867.0,,f89cae8915b2b13145555ea6b2d80c4adc90ac3b,50ca2c8c73b1d9a77c46c1f88e83254ec4bcb821,build_log
PR-17110,trunk,1,1725599722.0,,4b9c91c0c86e64fde2f83f279cf6125afc9f469c,50ca2c8c73b1d9a77c46c1f88e83254ec4bcb821,build_log
PR-17111,trunk,1,1725605772.0,,0f02c91a4ed19d286b4ba76de43cc336950833a9,50ca2c8c73b1d9a77c46c1f88e83254ec4bcb821,build_log
PR-17113,trunk,1,1725607637.0,,74ba5f47c3eee07cc0e47c4a2c9b869a1cb68e9f,50ca2c8c73b1d9a77c46c1f88e83254ec4bcb821,build_log
PR-16676,trunk,7,1725619471.0,,8ef05a478747f924a8df41b73c6dcd9e78f0b451,eec9eccacb5362eb682e3d6007755b2eb524dda9,build_log
PR-16493,trunk,16,1725619873.0,,e3936789d16cd8a04625c3f586d5f639c03140a9,eec9eccacb5362eb682e3d6007755b2eb524dda9,build_log
PR-17115,trunk,1,1725621814.0,,52652dad1e03828f68e696bb2a6c459c526c1438,eec9eccacb5362eb682e3d6007755b2eb524dda9,build_log
PR-16899,trunk,18,1725626055.0,,c805310ccccebada7c3ce67a7a925c7d2e08fb82,eec9eccacb5362eb682e3d6007755b2eb524dda9,build_log
PR-17106,trunk,3,1725635682.0,,111fcf7a895b35c85b3a8e545266083d8a3ca7f1,eec9eccacb5362eb682e3d6007755b2eb524dda9,build_log
PR-17118,trunk,2,1725639556.0,,a677d05dbcf62be653661f38ac04f551ba399b2a,eec9eccacb5362eb682e3d6007755b2eb524dda9,build_log
PR-17119,3.8,1,1725644340.0,,330d3f22f9c8408492f11bc68708a180bb1f4c7c,d9a26a95a70ac5632fb36d7e1da4728a86e789b5,build_log
PR-17120,3.7,1,1725645153.0,,5b9131af59e81b58e77c210b9645fc50ab4376a2,c7c3e609c009b05c29a1032a21103411c5ea1e10,build_log
PR-17093,trunk,2,1725645784.0,,468300086047c2bd253f4ab230f34921f5da2b99,1fd1646eb9865b7c93ef0c5efc4ec51d4c7e7b56,build_log
PR-17104,trunk,5,1725655247.0,,199cd18ce20b2f726759d6bd2fead2f2f4e1584f,62379d7d538c0a827cd754fdaf859af95031f4fa,build_log
PR-16950,trunk,4,1725708394.0,,e9e99c10e524bcbee7f63111d952d1a13adc8e47,e4d108d4df3762843deb568498d5b29c93488e17,build_log
PR-17097,trunk,3,1725714067.0,,47ce02652814a209eb7b9a21d5e12486deb0bf1f,e4d108d4df3762843deb568498d5b29c93488e17,build_log
PR-16918,trunk,2,1725719016.0,,aa17c8e21425ec6bc4156e79d6b36e8f1802e3fd,e4d108d4df3762843deb568498d5b29c93488e17,build_log
PR-17109,trunk,5,1725722642.0,,c6fe2a7cfb26f21cfec751194fc902beddd94779,50e7022a1bf756224eeab43579ddb0c3aa03b8be,build_log
PR-16868,trunk,3,1725723088.0,,688632116eefb14180365183b2ab4f50d082a4a8,50e7022a1bf756224eeab43579ddb0c3aa03b8be,build_log
PR-17122,trunk,1,1725724451.0,,b84378a1ebf877da154ae76ebb6504c87fa9020a,50e7022a1bf756224eeab43579ddb0c3aa03b8be,build_log
PR-17108,trunk,3,1725730943.0,,fedb6870debb744b6d2328959d8eddb5f658f3a4,50e7022a1bf756224eeab43579ddb0c3aa03b8be,build_log
PR-17121,trunk,14,1725736254.0,,56fa051a72098f852e12c14835f00a666e4cd064,50e7022a1bf756224eeab43579ddb0c3aa03b8be,build_log
PR-17005,trunk,16,1725740370.0,,64cd0a5c718ff0e93c2923c82f56e05e74566234,040ae26472a61787d0c4962341d83a57fc36ee40,build_log
PR-17125,trunk,1,1725784873.0,,bc95452c97801d83eb5f9ff0d7cf9d444a3df19b,a9f3ea2dd34f8704f880bf58af1ff3a3f1070fbb,build_log
PR-15615,trunk,3,1725786402.0,,3748a1af2b0384fc370e6c86377b7c9107a72375,a9f3ea2dd34f8704f880bf58af1ff3a3f1070fbb,build_log
PR-17123,trunk,4,1725805716.0,,7a53cfab064bff00857711550db78979ff1575f1,a9f3ea2dd34f8704f880bf58af1ff3a3f1070fbb,build_log
PR-17105,trunk,5,1725830448.0,,c37671b6ab9fa822facc55ba56385f9fd3d30e06,04dee3b2f2db317c94a52568ae9f674eb9d157bd,build_log
PR-17130,trunk,1,1725830774.0,,596006008d34b628d2a321a037d408923cc10293,049b7cde4c2f75a6af164d7308318e29878a2eca,build_log
PR-16896,trunk,3,1725868601.0,,ba73bb08dcbb4e7de16ddc4d47bf7b65b83c6539,049b7cde4c2f75a6af164d7308318e29878a2eca,build_log
PR-17086,trunk,5,1725881160.0,,6386d4703f22ec515eb19fdb129ade7593955fa2,049b7cde4c2f75a6af164d7308318e29878a2eca,build_log
PR-17027,trunk,9,1725881538.0,,8da09bae43ce34e39d1df29e324e54055b55446c,049b7cde4c2f75a6af164d7308318e29878a2eca,build_log
PR-17044,trunk,3,1725882451.0,,1bb45ad29522544672386a1aa674d0d4a41732df,049b7cde4c2f75a6af164d7308318e29878a2eca,build_log
PR-17087,trunk,5,1725888706.0,,84a691fac152cff116570257bb9df304f9396f8b,049b7cde4c2f75a6af164d7308318e29878a2eca,build_log
PR-17135,trunk,1,1725890836.0,,4493ddc7917c40696609c1317c0f5a1905ba7d8b,4ac1dd4fc7b033e5703d7c469c0d52e7d96788a7,build_log
PR-17099,trunk,10,1725892239.0,,2eb05a7accbd94c47d209c11c979aa4678fdd0fb,4ac1dd4fc7b033e5703d7c469c0d52e7d96788a7,build_log
PR-17117,trunk,6,1725892575.0,,4268f6cbdd6bffd1b1604758ad903b409da283fb,4ac1dd4fc7b033e5703d7c469c0d52e7d96788a7,build_log
PR-17127,trunk,2,1725894976.0,,bed6b6a2b8762c09066188d0e615297d5eaa63da,4ac1dd4fc7b033e5703d7c469c0d52e7d96788a7,build_log
PR-17129,trunk,3,1725896741.0,,fd6713575fc48e3f29b5e7298c0b7e5e75b723a6,4ac1dd4fc7b033e5703d7c469c0d52e7d96788a7,build_log
PR-17134,trunk,2,1725899836.0,,ff4f3400511b362c607dfc625d55b52aad8dcf5d,4ac1dd4fc7b033e5703d7c469c0d52e7d96788a7,build_log
PR-17114,trunk,3,1725907903.0,,26fd9fc9574d492f62591ce1308a7f344cdf2318,b317624baa76bffc30242dbbbbe97c29d726aace,build_log
PR-17140,trunk,11,1725908219.0,,a7e801facf9755763f17b3b065263fc7b9509063,b317624baa76bffc30242dbbbbe97c29d726aace,build_log
PR-17011,trunk,32,1725911609.0,,95a72e23699c8d71d2cde418d7cbccb32dd3cdd3,92672d1df81cd608f9c360260e022c07e41d2ceb,build_log
PR-17142,trunk,1,1725915589.0,,8cab7e2a2972de9757dafdee8728d65f22cf0412,92672d1df81cd608f9c360260e022c07e41d2ceb,build_log
PR-17143,trunk,1,1725925503.0,,201827f5ac2c0ba8f3a31509e3650944825f37dd,92672d1df81cd608f9c360260e022c07e41d2ceb,build_log
PR-17144,trunk,1,1725927634.0,,7fd2a2db0a4f529bf23a7f50662cdc07c2ffbcd7,821c10157d1719f2cc9cb279242805e69158a086,build_log
PR-17133,trunk,2,1725936072.0,,c91cb7e97f473d569d9c816ad92fb3c8c7a80866,b22e848ddef975785846af13685ee50ce40d4df9,build_log
PR-17131,3.9,4,1725937319.0,,52b0992caa88faa750609fb7278ef7feadf096d7,034780dce90002406ccbef4ef6a7799c8c857429,build_log
PR-17148,trunk,2,1725939339.0,,95b142d12d7fae2f53967fdd8b2fcf638c491b91,b22e848ddef975785846af13685ee50ce40d4df9,build_log
PR-17071,trunk,5,1725940157.0,,b074c51d163d07d9b50c3aaf99f8a20e3ea9fe0e,b22e848ddef975785846af13685ee50ce40d4df9,build_log
PR-16898,trunk,9,1725955704.0,,99db7458a1be4f6d0edd003c2aaea7e77ace1baf,089cbefac9cb7b6c153c5377ee877ca290b3ee9e,build_log
PR-17128,trunk,12,1725957875.0,,85bdd76f0a1203cb18a5e02daf9cb029cdbbd240,beacf488d1391b010b28e907f13f284401e46f0b,build_log
PR-16916,trunk,10,1725959069.0,,70ced5109a5a73bd2dc66d11dff528d384f638c7,beacf488d1391b010b28e907f13f284401e46f0b,build_log
PR-17137,trunk,2,1725959796.0,,cb1852884de0c5b3cd252f9512bbbdc834719245,af8d058d8e43ed90b02885ae723c9801b8ed71ab,build_log
PR-17151,trunk,1,1725975237.0,,5de905804a0d2f651ae4507007c57763db6287a8,ac4784ec0c9ebf924e8f05a8de8e43b1e09526d4,build_log
PR-17152,trunk,3,1725976596.0,,8d472a8182f39e9a0da1100768f28862feae6de0,ac4784ec0c9ebf924e8f05a8de8e43b1e09526d4,build_log
PR-17153,trunk,1,1725977674.0,,827efa5cc346ddfa4e7be04a516c4562481286d4,975bc831d193a9be7b2206a30c94997a4409ec94,build_log
PR-17116,trunk,9,1725978651.0,,eefc2c316bc449ad064bbb6c42bd8ab834cb2cba,31f79055cebcc88d866dcd8eb331fd8b85557be9,build_log
PR-17138,trunk,6,1725981772.0,,bda6968191be3b9f81abe71bf64d4e2c196d557c,05955bc1fc9c6741159f6b10e8226d9827f98946,build_log
PR-17155,trunk,1,1725982249.0,,ad6c52e1e38d09b681a243add9b2f25a997a39f6,05955bc1fc9c6741159f6b10e8226d9827f98946,build_log
PR-17156,trunk,6,1725992375.0,,db7ccdce80f2f67d6deee2015cc0f793f4d8ecd2,0af75c0e41184e362efca25317b5e8dd89507cd2,build_log
PR-17158,trunk,1,1725993641.0,,25009f60f89636a86b496d887e63496e600c99e3,0af75c0e41184e362efca25317b5e8dd89507cd2,build_log
PR-17141,trunk,3,1725997607.0,,a020aff369aeec5e73ceab35d6a2875445ed615d,0af75c0e41184e362efca25317b5e8dd89507cd2,build_log
PR-17157,trunk,3,1725998440.0,,27195cd8ccb952a5b47ebbb0948e2faeea2ac912,0af75c0e41184e362efca25317b5e8dd89507cd2,build_log
PR-17124,trunk,7,1726004774.0,,597e472ac9a2ea0bbc77ceb17928c7a73cc23bb9,0af75c0e41184e362efca25317b5e8dd89507cd2,build_log
PR-16991,trunk,11,1726006964.0,,ebf0d679b8f37482ede268c5389d3c9e95cacb01,0af75c0e41184e362efca25317b5e8dd89507cd2,build_log
PR-17070,trunk,8,1726008548.0,,07b2864dc1d920c5711fcc93740b6d719854bfbb,0af75c0e41184e362efca25317b5e8dd89507cd2,build_log
PR-17160,trunk,1,1726010100.0,,74c15d40c303cc0f102c5032013f332c97c2e4fc,0af75c0e41184e362efca25317b5e8dd89507cd2,build_log
PR-17161,trunk,1,1726011139.0,,270209079b3326a1b97ada0a04043c68778ee977,0af75c0e41184e362efca25317b5e8dd89507cd2,build_log
PR-17164,trunk,1,1726034620.0,,139b8aea1d788ca83ac7ccdf31f8f9ba33e1be26,a981c33bdf09da8d28f83c03680fc167a3a94287,build_log
PR-17046,trunk,5,1726048490.0,,f074a207f1e8cfd647ef32a6bec4fc8c59c8de86,e380b7f5d1a095c5ca60da3637b93e62e611ba13,build_log
PR-17075,trunk,5,1726048773.0,,2ef030baa9e709bb7dce874c3026c3e9eefb9cbe,e380b7f5d1a095c5ca60da3637b93e62e611ba13,build_log
PR-17059,trunk,9,1726050966.0,,272c9eb942ae24153ddd3d398c5fd2a56c1f241d,b4e1deb43a75ca84262d877c5f47bbf2b0dbc6c4,build_log
PR-16969,trunk,36,1726057424.0,,62ad9429a85f3970640ede637dcb1bf8cf1ebba3,d04f53489256cf19e7faeacfe325f7527f796cf0,build_log
PR-16922,trunk,14,1726065468.0,,74cf7b22df42cb896d3ce3b2fc17a205d64ca0d1,d04f53489256cf19e7faeacfe325f7527f796cf0,build_log
PR-17147,trunk,6,1726065674.0,,87c4234f334251b0d587d2a94e2a29a19dd68faa,d04f53489256cf19e7faeacfe325f7527f796cf0,build_log
PR-17126,trunk,2,1726067867.0,,0af52e9f3df7cb52b59574fc9ea4189a9b5b38ca,0e30209f01728d176906df23fad3cf8b36abbf38,build_log
PR-17145,trunk,3,1726071540.0,,25ac9370c13050fc4ba43ede4615569686d3cc15,0e30209f01728d176906df23fad3cf8b36abbf38,build_log
PR-17166,trunk,5,1726081057.0,,a7ef15b5c6d2cb73ae349babb758c40df5451186,f466e86bb5600b3b969df4b5f8fa4f5512bd1835,build_log
PR-17162,trunk,6,1726093297.0,,ea690255bb78ceaa727e608dfaaeb421db894cbb,c62c3899aaa1787b72ec8236e5a2ab290e2989ac,build_log
PR-17167,trunk,2,1726103606.0,,4ca8f686a3c46a4f9013d73d9c017e5c174418fd,a1f28570afb9499fb0cdb9b2928afb50a8a489ff,build_log
PR-17171,trunk,1,1726107045.0,,6fb5258775878a4fcf8f196d78d7154bf205f97d,a1f28570afb9499fb0cdb9b2928afb50a8a489ff,build_log
PR-17172,trunk,1,1726109493.0,,13eed7567629e40be07489b6b56acefd745fcf2a,a1f28570afb9499fb0cdb9b2928afb50a8a489ff,build_log
PR-17082,trunk,4,1726119438.0,,ed26f66db95e6a42a74772f4e8acfc3f1a648f63,a1f28570afb9499fb0cdb9b2928afb50a8a489ff,build_log
PR-17136,trunk,5,1726124718.0,,86e4511b2d3833aa6659a5501ced04bd00bbcce0,a1f28570afb9499fb0cdb9b2928afb50a8a489ff,build_log
PR-16988,trunk,7,1726125171.0,,1039817e2aaf69397885ff02987137a9b1934507,a1f28570afb9499fb0cdb9b2928afb50a8a489ff,build_log
PR-17176,trunk,1,1726138028.0,,61c750b1665f59a9ead62335acb036ddda75a9a4,241b6e6c6f26291a9498891aea163ba63b15afac,build_log
PR-17175,trunk,2,1726142872.0,,e03317f0c89520b5d42ef4844b3c803270f1ab57,241b6e6c6f26291a9498891aea163ba63b15afac,build_log
PR-17009,trunk,14,1726142947.0,,392e040e364b826c09da019b180cd4b609c5b8f1,241b6e6c6f26291a9498891aea163ba63b15afac,build_log
PR-17177,trunk,1,1726144943.0,,7a40b26409cde2204147a1809bcbe503f8b0549f,241b6e6c6f26291a9498891aea163ba63b15afac,build_log
PR-17178,trunk,1,1726154137.0,,8893de1ab3e722b005e0236cc728aa39ab3b9e19,241b6e6c6f26291a9498891aea163ba63b15afac,build_log
PR-17180,trunk,1,1726158798.0,,462ad84e9e3b67dbfc5d90b3a0f4ead184194bb7,2703b64c4ccf9ba463cac58ff922757741a3af92,build_log
PR-17182,trunk,1,1726159477.0,,9e59c9ae1113689aa40e830df5d38ace8621a876,2703b64c4ccf9ba463cac58ff922757741a3af92,build_log
PR-17136,trunk,7,1726175694.0,,28cbb7c1a5bb45aaffaf6a573fa364bf3db46f8b,b436499557e4d9de89a01818117d6c29d8190a49,build_log
PR-17159,trunk,4,1726182476.0,,8b9343972157c3a18c2553ba1b62f9aebe5cac7e,b436499557e4d9de89a01818117d6c29d8190a49,build_log
PR-17181,trunk,10,1726196084.0,,efc1adb31cbaeb6d801165e7c5a2cc3bf5963e73,b436499557e4d9de89a01818117d6c29d8190a49,build_log
PR-17154,trunk,6,1726196807.0,,94dc2edd27c226703d10ab82ac2942b604877b9d,b436499557e4d9de89a01818117d6c29d8190a49,build_log
PR-17173,trunk,3,1726209873.0,,a949c65ef21ea52b837e8d79682f390307d0920e,b436499557e4d9de89a01818117d6c29d8190a49,build_log
PR-17186,3.7,1,1726211047.0,,7cd39aadef40c135340ede446e34ac5db0c2cdfa,a1766e02b6844610f7e11699617d53a04fe8e516,build_log
PR-16885,trunk,34,1726226728.0,,fdb39bff2526108b758f0677791d04a5afadda68,3a79fabacfeb7bb7a182ca676be36fc2da81d26d,build_log
PR-17189,trunk,1,1726238412.0,,2489c1311d85d234f16bde8c5ad2a9cde28aff69,d95e384146e67e475b2e0638f70d6f4a708a01dc,build_log
PR-17190,trunk,2,1726242179.0,,37e99d875bb487ed0170ecf5b6adb22a23bafe34,420f69abbd1e8537edee0c8f78a51b93744bafb7,build_log
PR-17139,trunk,5,1726242860.0,,1bdc192e52b5a10108d0254ef94cf415347e2473,420f69abbd1e8537edee0c8f78a51b93744bafb7,build_log
PR-17194,trunk,1,1726248942.0,,97d4a228f70ca9ec8775564bada6dbbceeea0dea,d3936365bf0fc7df86c2632a576081474d923e08,build_log
PR-17169,trunk,4,1726251409.0,,38d05a944c1e8e8094c8c08b154a12c1235b6599,d3936365bf0fc7df86c2632a576081474d923e08,build_log
PR-17192,trunk,3,1726273450.0,,291256cab0008b52051a8705fc346be6936f4490,6610a4d46fa1efb02d905d1dccfd3b58e79f9c1f,build_log
PR-17195,trunk,3,1726277407.0,,a010a26cfeb61e3dace37849ac92b266b78c87e7,d7a456ed5d531465d33cb83f4fafe7f79327d6b8,build_log
PR-17168,trunk,2,1726278172.0,,1dd26e07b33fed14f64cfd15fbbba9f962acd816,d7a456ed5d531465d33cb83f4fafe7f79327d6b8,build_log
PR-17083,trunk,3,1726279380.0,,a943f90772f64f86b7cf36ea9d667043c1fa9345,d7a456ed5d531465d33cb83f4fafe7f79327d6b8,build_log
PR-17163,trunk,4,1726283501.0,,5dd136b2be9a67cdb7d462b3aa09e632fd837a7d,d7a456ed5d531465d33cb83f4fafe7f79327d6b8,build_log
PR-17150,trunk,3,1726284203.0,,4576cc638c9accde63ce9d226546708065675534,d7a456ed5d531465d33cb83f4fafe7f79327d6b8,build_log
PR-17199,trunk,1,1726371494.0,,b1b848fd5a86b4f9ba461c41e10b57a30de886a6,7a321f29a2495d519165206e50b10595a0ceae9c,build_log
PR-17200,trunk,1,1726371855.0,,9a99e27708adf0828f8323004a78dc5f0b9d4972,7a321f29a2495d519165206e50b10595a0ceae9c,build_log
PR-17197,trunk,2,1726380276.0,,9529bb33d2e70327969ea824307b44f12ec082a1,7a321f29a2495d519165206e50b10595a0ceae9c,build_log
PR-17201,trunk,1,1726381946.0,,d0cc9bf9790210c47a99d9316afae09a51e41083,7a321f29a2495d519165206e50b10595a0ceae9c,build_log
PR-16602,trunk,26,1726420575.0,,578fe23b2e1063198f92d32116c2eac9c8de7129,c95865437b80ad37cc2bf3007fc744b40f712aa8,build_log
PR-17042,trunk,4,1726433554.0,,ea83ddf62f8d8c3242681df00df5de61fb6354e6,e1f11c67140f995bc22acd1568fcfac593c1ee10,build_log
PR-17203,trunk,1,1726446049.0,,f214b67de2cc887b15fdda6e9c44a8bec6d741a1,344d8a60af8ba7e4ae646501494b17b6987a95d3,build_log
PR-17205,trunk,1,1726454290.0,,8339055c960b81f3e06c0c96b8c8d11e133b6536,344d8a60af8ba7e4ae646501494b17b6987a95d3,build_log
PR-16964,trunk,12,1726486793.0,,4dc4e625edbee46494c99d5e3dad2e9a600fe1ac,ab1eb8d561ca3ac4a1366f866d450d92c3a0144a,build_log
PR-16843,trunk,10,1726487324.0,,48dfffe8e9c2c65e45f9e3824a2c10e965624a53,ab1eb8d561ca3ac4a1366f866d450d92c3a0144a,build_log
PR-16965,trunk,9,1726494130.0,,1998aeebf09703dae7a6368b66f57135f7d2d920,d0f4d691b592ed2d65c9df413f5d6660df7fc90e,build_log
PR-17213,trunk,1,1726542759.0,,ffb79f468d810042fd335f40647afc83fb05e084,aaf3fc05f8e7cb6b8c79f8471f68faa3a994e1e5,build_log
PR-17210,trunk,3,1726562405.0,,9f7393bcd92fe886b9c1f8ed788a7851d9c20a37,aaf3fc05f8e7cb6b8c79f8471f68faa3a994e1e5,build_log
PR-17215,trunk,1,1726563930.0,,a42b934b132fc272aabc29a7bd4e8768a6b237f3,aaf3fc05f8e7cb6b8c79f8471f68faa3a994e1e5,build_log
PR-17216,3.9,5,1726583505.0,,d0d326ca2644d18fdb5e80111c58167064a84583,a1a4389c35026805cdccd5aa1a5b5d1ac5cd5205,build_log
PR-17217,trunk,1,1726590520.0,,96bc29833c1c3d0f0d64eeaccbf59cad5ba0470e,f1e7954ad1dd2dc865195cdb796e2b1d518f8b85,build_log
PR-17218,3.9,1,1726596739.0,,04469c489b1c75eaaddf003b512ab60bf00d8835,f324ef461f9d9e7fc38324336727e0cc269b95db,build_log
PR-17219,trunk,1,1726621857.0,,6ad68fa038444ad142ec962666353c6e4113a19e,95b734d3c86c06a1599e8559d0ab2f95b442125c,build_log
PR-17220,trunk,1,1726624224.0,,46c70d54df817356e7e69172cdce99c030d63d9c,95b734d3c86c06a1599e8559d0ab2f95b442125c,build_log
PR-17214,trunk,3,1726629798.0,,1a83a24ba81071edfa7aed0dc0d3d061517fbc60,95b734d3c86c06a1599e8559d0ab2f95b442125c,build_log
PR-16761,trunk,28,1726641780.0,,08879f8d7741b6cd97b9826bc8334f3f9510db94,95b734d3c86c06a1599e8559d0ab2f95b442125c,build_log
PR-17187,trunk,4,1726657721.0,,ecdc67545be3a5a352a96931257c087d2a804992,74bebf6e3dfdc9de6894d656bdbbb28a4c33eda8,build_log
PR-17191,trunk,9,1726662049.0,,9f18444e75149aa957ca6a6e29dfb456bc7cb690,74bebf6e3dfdc9de6894d656bdbbb28a4c33eda8,build_log
PR-17226,trunk,1,1726662861.0,,ad1dfa81d194452933bc67555b0ae3d133334bd5,74bebf6e3dfdc9de6894d656bdbbb28a4c33eda8,build_log
PR-17076,trunk,7,1726683289.0,,4ae624bab0cad7ae9dbc964850dd317b9844bbc6,77e952687bd4cc5f2423f2824ac20cb061c91836,build_log
PR-17170,trunk,3,1726693148.0,,28aaab8a0a0e3ad2dbe349fe1fc44a36d219fc86,09e3c12057b1e15ad2a9fb85af452fd3c3dc87e1,build_log
PR-17229,trunk,3,1726702137.0,,3bacc383f967f76045686f80d94a9daef6fbc3cb,09e3c12057b1e15ad2a9fb85af452fd3c3dc87e1,build_log
PR-17228,trunk,3,1726706754.0,,af82c3d14f2ebeb10c331932b2da4711afef250e,09e3c12057b1e15ad2a9fb85af452fd3c3dc87e1,build_log
PR-17232,trunk,1,1726736585.0,,54cf10854707831d7c3cd9ee37dccddf929f87f4,31d395163e55487c6f2025a2ed08cfe3ad1c9cdb,build_log
PR-17234,trunk,1,1726751259.0,,15c365287c1b97d4a020f0bdced10c8550ef490e,31d395163e55487c6f2025a2ed08cfe3ad1c9cdb,build_log
PR-17132,trunk,3,1726754112.0,,2daef277406515ac85a7ced9e72e5e39df977041,31d395163e55487c6f2025a2ed08cfe3ad1c9cdb,build_log
PR-17211,trunk,3,1726765909.0,,39c0b9a1b6c21265436e573ed305b1e58d87d692,ef567bcc3fe262455b11707818dc6c5b7f7b7e21,build_log
PR-16957,trunk,10,1726766696.0,,9d3a34494819fe7f94ec50b588d1fb49225f262b,8569cf102b93f23e2536a6c8659125f6e8b86a8d,build_log
PR-17227,trunk,3,1726767824.0,,8c8d01b6cf7c2224fba87b706ccd24dfe58d56fc,8569cf102b93f23e2536a6c8659125f6e8b86a8d,build_log
PR-17239,trunk,1,1726777138.0,,e836945c0787396423424648b2f62f20da762c37,e3983c2a442b86db3d0d7ba880437c3a36aa5373,build_log
PR-17240,trunk,1,1726785786.0,,c70c4b0f58c6e44ad3f7c28cc85ebde07502affa,57013061c159d235f36d95ad0130e058832c26ef,build_log
PR-17241,trunk,1,1726788317.0,,a83ff3d0847c0c89bbb880bd8a1777d0134938ad,57013061c159d235f36d95ad0130e058832c26ef,build_log
PR-17208,trunk,13,1726788998.0,,e39f883572faaaf6cdcb76d0fa1d00ebb3db1795,57013061c159d235f36d95ad0130e058832c26ef,build_log
PR-17242,trunk,3,1726789565.0,,9443afdf2cd0d3fff2fb1f4d07ded286f2ebe04a,3783385dc1cc27246cf09ec791e4b43f577a26ea,build_log
PR-17198,trunk,9,1726795276.0,,fe2ad32fcbdd05958d2229f9d7f24741f65fa93c,3783385dc1cc27246cf09ec791e4b43f577a26ea,build_log
PR-17196,trunk,4,1726821000.0,,8579472384fafc24293049ee5cee7f4c15a98c8b,3783385dc1cc27246cf09ec791e4b43f577a26ea,build_log
PR-17243,trunk,1,1726824920.0,,c92715ffd1ce61443cfa681c1a91fb8f3221597f,3783385dc1cc27246cf09ec791e4b43f577a26ea,build_log
PR-17016,trunk,14,1726836539.0,,9ca12f272886f783ea461816444dc30c70950e52,3783385dc1cc27246cf09ec791e4b43f577a26ea,build_log
PR-17245,trunk,1,1726849111.0,,7ea8ea01dcd359eb3ba075b0dafaac205df4bc6f,3783385dc1cc27246cf09ec791e4b43f577a26ea,build_log
PR-17206,trunk,3,1726874366.0,,8fac6e41adac2c63f22d8f5bdae252f5a7573355,2489cf586f81d4ddef25dc409c03dfc3c4ccad24,build_log
PR-17204,trunk,9,1726882423.0,,a953e418317733daf12db364b2a0266abdae7256,2489cf586f81d4ddef25dc409c03dfc3c4ccad24,build_log
PR-17080,trunk,11,1726899070.0,,9feb16ccbd5633aa65d4d78b4a106556f1d45c46,2489cf586f81d4ddef25dc409c03dfc3c4ccad24,build_log
PR-16912,trunk,9,1726920255.0,,28815d6196ce330187faea8238d07a1a5aba7aac,2489cf586f81d4ddef25dc409c03dfc3c4ccad24,build_log
PR-16050,trunk,6,1726921025.0,,016cab2d3d6b91fa990449833bea85bca682da35,2489cf586f81d4ddef25dc409c03dfc3c4ccad24,build_log
PR-17026,trunk,5,1726922107.0,,c52cb83d3c8740634bd6e5a9ea8384de47681477,2489cf586f81d4ddef25dc409c03dfc3c4ccad24,build_log
PR-16463,trunk,22,1726944897.0,,384b79a73bbc23b02c09c27db1c5c2eb435a59d3,bf450ebe5a4c24492d5dc39cb47da6e7bc0c633f,build_log
PR-17230,trunk,6,1726947048.0,,1bdfb9f8acc5ad498c1450ad0dbce59b10a6f072,bf450ebe5a4c24492d5dc39cb47da6e7bc0c633f,build_log
PR-17212,trunk,3,1726970196.0,,ca4563d6e2c6680dc627c6eebe6f6ddf6b7d4b7f,bf450ebe5a4c24492d5dc39cb47da6e7bc0c633f,build_log
PR-17179,trunk,6,1726979520.0,,334ac8942603c5b47aacc035b812c36881214b22,bf450ebe5a4c24492d5dc39cb47da6e7bc0c633f,build_log
PR-17202,trunk,5,1726981461.0,,baaef6ac4c1d8c8c3fed900d80dc4044447c18b9,bf450ebe5a4c24492d5dc39cb47da6e7bc0c633f,build_log
PR-17248,trunk,1,1726988925.0,,4aabf4cdd7f952bcf8e120fb36d721e26a8ca056,bf450ebe5a4c24492d5dc39cb47da6e7bc0c633f,build_log
PR-17249,trunk,1,1726996609.0,,7c1f7683389e9ef1294a38e2ea3524afe65c6626,bf450ebe5a4c24492d5dc39cb47da6e7bc0c633f,build_log
PR-17207,trunk,5,1727037695.0,,a8d18e0dd4d4e5e9a6a2624afa5174357bc07332,bf450ebe5a4c24492d5dc39cb47da6e7bc0c633f,build_log
PR-17174,trunk,7,1727054773.0,,a6ed817156bcc2fa0e70da823bf3ca2e57ca3f6e,bf450ebe5a4c24492d5dc39cb47da6e7bc0c633f,build_log
PR-17237,trunk,6,1727075999.0,,8516b3174c194cd6340ca999cdb08143d1cd4a91,d06344382574eec3da917e00e4537e40449f16e2,build_log
PR-17223,trunk,7,1727079518.0,,7b25136e8ded19419d8553c4fbc1ed4e43486402,d06344382574eec3da917e00e4537e40449f16e2,build_log
PR-17252,trunk,2,1727092611.0,,ea54ef3bccf5180e0f9034bfd0e94d8ea05f9718,d06344382574eec3da917e00e4537e40449f16e2,build_log
PR-17253,trunk,2,1727094501.0,,2f92ca4227f65c2d1987b947820ba36831368524,a407cc3a315536e6b3ea5e52bc34ed603dd75d1b,build_log
PR-17240,trunk,5,1727094898.0,,b6597787b233617660d667746101d90433f85404,a407cc3a315536e6b3ea5e52bc34ed603dd75d1b,build_log
PR-17225,trunk,3,1727100955.0,,aedd451dfbb857ea16ab35c54d764a3ba7c587b6,a407cc3a315536e6b3ea5e52bc34ed603dd75d1b,build_log
PR-17254,trunk,1,1727103944.0,,5b9471c0f312faf3a81f71045b9cd5431083028e,9352faa8fc159de139ee6a0b29a9c0deb6b4bafe,build_log
PR-16381,trunk,14,1727110102.0,,c2d18fcc46d818acbfd5aed8e5d02cc3f26c3962,9352faa8fc159de139ee6a0b29a9c0deb6b4bafe,build_log
PR-17255,trunk,3,1727114576.0,,e33482094c9d79afe76f175442b956078136437a,9352faa8fc159de139ee6a0b29a9c0deb6b4bafe,build_log
PR-16443,trunk,13,1727115444.0,,2d427d0471067a57d2f0feb2497cb42531679e6f,9352faa8fc159de139ee6a0b29a9c0deb6b4bafe,build_log
PR-17256,trunk,1,1727115479.0,,7800b974b0acec15feccd01285d57da1e9c00179,9352faa8fc159de139ee6a0b29a9c0deb6b4bafe,build_log
PR-17235,trunk,3,1727116267.0,,b7c74bbb1a3d6417c166158b2234501c7947666c,9352faa8fc159de139ee6a0b29a9c0deb6b4bafe,build_log
PR-17250,trunk,5,1727150619.0,,94b13c60a31726790b963e13ed00339a96236360,2e8bae8c7ec643234396b81f0862a6a0c9e0a526,build_log
PR-17261,trunk,1,1727159280.0,,ec84fa3aba87842811e5ee1bd299d05f05898f27,2e8bae8c7ec643234396b81f0862a6a0c9e0a526,build_log
PR-17262,trunk,1,1727167220.0,,39aa81980af93e1c80958fe14228ddbc1089bf00,42cc3c0ad517ff324306bea5013ce59733b4609f,build_log
PR-17260,trunk,7,1727168675.0,,d3051e1e318b589dcb297a052929e22effbbb817,42cc3c0ad517ff324306bea5013ce59733b4609f,build_log
PR-17165,trunk,13,1727168836.0,,217df42c6bdc33ad06010f9461aa93477376e46d,42cc3c0ad517ff324306bea5013ce59733b4609f,build_log
PR-17244,trunk,4,1727180222.0,,ee60c864a9abd20656c422eabb10260c4d5d866e,34c158f67f3d583b758bd134b43737edfa3fa017,build_log
PR-17233,trunk,5,1727181446.0,,14858247c3d0f9f78af7da20378a9b6121622c4e,34c158f67f3d583b758bd134b43737edfa3fa017,build_log
PR-17263,trunk,1,1727182469.0,,d4b24fe3e3f9a3d9fcfb016bb6b487a089cbf477,34c158f67f3d583b758bd134b43737edfa3fa017,build_log
PR-17264,trunk,1,1727187102.0,,84ab266be29054fe36b0b8f22d8354e519e97677,1bd9dc3ffc78880923a2651aa005a8f564581f9a,build_log
PR-17259,trunk,4,1727192248.0,,4b6983ae8e721205f29fe432b0cba39c7a223ae7,1bd9dc3ffc78880923a2651aa005a8f564581f9a,build_log
PR-17257,trunk,5,1727193111.0,,4c17a731eeef732c96ca5d83c8d4357aebb026d4,1bd9dc3ffc78880923a2651aa005a8f564581f9a,build_log
PR-17193,trunk,2,1727200071.0,,52c2e55e658705ae9c834d660c8409f93ec9f4d2,265c5160ac6742c01f59e2d4e259447dc1ffe87a,build_log
PR-17238,trunk,5,1727207554.0,,5ebe1712258b99f4215a4e1a602becc29d30cba2,2bb9f53477f6a71c87c9bbe0d0281652cffb6eb7,build_log
PR-17265,trunk,1,1727223864.0,,bf35756aadd7bd025d1d8be48a4d2c332c20ea3e,2bb9f53477f6a71c87c9bbe0d0281652cffb6eb7,build_log
PR-17224,trunk,5,1727223999.0,,b87b5f2010360d691628b0248991988d15efc43e,2bb9f53477f6a71c87c9bbe0d0281652cffb6eb7,build_log
PR-17231,trunk,4,1727226654.0,,7510bd545a9b2cce341e05ce3f710c24c8fd82bc,2bb9f53477f6a71c87c9bbe0d0281652cffb6eb7,build_log
PR-17266,trunk,1,1727228731.0,,03959ad84caab76690609c409ab957339567d4ca,2bb9f53477f6a71c87c9bbe0d0281652cffb6eb7,build_log
PR-17267,trunk,1,1727229975.0,,9a0f59a53ba82833326819ab4c4f3c297049fd76,2bb9f53477f6a71c87c9bbe0d0281652cffb6eb7,build_log
PR-17247,trunk,3,1727238246.0,,c7382278c9ccbd22b5a1496cbd2db9d98c61c5c0,a577d30d3828b360915f8982f7c85fc1c378c8c9,build_log
PR-16425,trunk,20,1727239345.0,,315b4b6ea335150499bc1478a943871148935252,a577d30d3828b360915f8982f7c85fc1c378c8c9,build_log
PR-17112,trunk,12,1727245441.0,,1cff7ecc35505974687b0ea4dc6b50e414097758,a577d30d3828b360915f8982f7c85fc1c378c8c9,build_log
PR-17268,trunk,1,1727246654.0,,bfb2b077f762d7910cbe393d4d6428edb1ba61b8,a577d30d3828b360915f8982f7c85fc1c378c8c9,build_log
PR-17149,trunk,25,1727254674.0,,088bbf1e1be6688cab095c40ea989ecae0861988,ab0df20489a8d6079cc576f4d9f7326db4b333c9,build_log
PR-17209,trunk,9,1727275269.0,,aa8abfc30bab04ef6d1b528ac73612ee496a439d,ab0df20489a8d6079cc576f4d9f7326db4b333c9,build_log
PR-17221,trunk,4,1727275519.0,,5f4d45c7d97f77781e3cae4c4413e65f1580ba98,ab0df20489a8d6079cc576f4d9f7326db4b333c9,build_log
PR-17269,trunk,1,1727275966.0,,1616e2e24ed3b00dbea059674a090f9ff96a7aee,ab0df20489a8d6079cc576f4d9f7326db4b333c9,build_log
PR-17271,trunk,1,1727277120.0,,a2d2cbd40a3be33b38b82dd802aeca3af8ce08ee,ab0df20489a8d6079cc576f4d9f7326db4b333c9,build_log
PR-17272,trunk,1,1727278105.0,,d0490a5fd6a032a3902de9c74eb3dc9169f9c2d3,ab0df20489a8d6079cc576f4d9f7326db4b333c9,build_log
PR-17274,trunk,1,1727279169.0,,962e9876635e0891ec312682cff9364c5a81a1dc,ab0df20489a8d6079cc576f4d9f7326db4b333c9,build_log
PR-17222,trunk,7,1727281116.0,,565772d0dd26bd346d5bb8cb1b474430e342b28c,ab0df20489a8d6079cc576f4d9f7326db4b333c9,build_log
PR-17146,trunk,7,1727284815.0,,c0d68b2f106135992e8070541d14506f5daf3606,ab0df20489a8d6079cc576f4d9f7326db4b333c9,build_log
PR-16719,trunk,13,1727285872.0,,fbb482115d67729933923ab70a9ddddc423f21cb,ab0df20489a8d6079cc576f4d9f7326db4b333c9,build_log
PR-17258,trunk,5,1727287037.0,,0a2752a52b75bfdc639577110c7007972458818f,ab0df20489a8d6079cc576f4d9f7326db4b333c9,build_log
PR-15241,trunk,10,1727288688.0,,ea47cd5c04aaf55c55b7feca0c96cabad2ea1d1c,ab0df20489a8d6079cc576f4d9f7326db4b333c9,build_log
PR-15995,trunk,5,1727289557.0,,ae9f1507bc49f9d9a9930504cf3e9af5c08362b5,ab0df20489a8d6079cc576f4d9f7326db4b333c9,build_log
PR-17132,trunk,6,1727289647.0,,7bf3026be7c0c882086e506bfd601db42decb2f0,ab0df20489a8d6079cc576f4d9f7326db4b333c9,build_log
PR-17275,trunk,2,1727290982.0,,9881ddb11675078ec370f22890b37819f2449c8d,ab0df20489a8d6079cc576f4d9f7326db4b333c9,build_log
PR-16686,trunk,24,1727291188.0,,484b3cf46a29afd2263ef01b545c310b3c335b25,ab0df20489a8d6079cc576f4d9f7326db4b333c9,build_log
PR-17021,trunk,23,1727293112.0,,8d64d7df4495b2649f822ac8946bf160e6e98ac8,84fee3399edee0e2940d20315f7e45acda747f48,build_log
PR-16982,trunk,18,1727296028.0,,9cd97d3073092b39d8ebd38128c3375b53880d8a,2637d12e2f4cbd8d46c1ed108a9a3b4e12c0c924,build_log
PR-17278,3.8,1,1727332471.0,,6c7f1ff6a0d675953de29a5facedfcf8aa493804,e4a4e95ebb5cdf53121d01dbe421c1071717cd85,build_log
PR-17359,3.8,2,1727964727.0,,8898b4a6501cb5247fc1a92136ed3903ac17af03,8fc6d8f30b19983db5e98b9e914f971f8ba91b39,build_log
PR-17391,kip1071,1,1728312809.0,,242ecf8d91f6e3c362ead99414ecc419a7c2a6ff,a8ece199044cc71472f0ad31eb2eb8f55cf22110,build_log
PR-17400,3.9,2,1728343292.0,,d9c6f2c486d50a073d3b271b15fa9aceeac967b8,1d54a7373cba2fb283d4fcabe9b580b77d6824ce,build_log
PR-17371,kip1071,3,1728401540.0,,4bf079043b48ebc077c14723e264c31cb716a6e4,8c3ec029bf3d30256842a7ba9ac23b16cbde71d5,build_log
PR-17421,3.9,1,1728421088.0,,dafdf736294828b1cebc75b00c47853186cf8b40,0a70c3a61e7b1961e2d9a5faed801bde0493d0d9,build_log
PR-17433,kip1071,1,1728486855.0,,840e8f584022472fdf181867d361201a633f8c40,8c3ec029bf3d30256842a7ba9ac23b16cbde71d5,build_log
PR-17436,3.9,1,1728491062.0,,fc5b700bccc129e7912ec8dd4de3ca4297dfe82a,8af063a165e2549ea1c2165c90f75aaf80f3bccf,build_log
PR-17449,3.8,1,1728552428.0,,2507f0896b4e6dfb1c201773870a0c9519560117,c9347cfd5f022daad6dc27591da0a684dd2140ec,build_log
PR-17453,3.8,1,1728562420.0,,8ece8a1b28eef9b8cb1780b5b3f636dcf9755b6b,accb34be84552d06cef2cec63e7cd04f4b4eca4d,build_log
PR-17459,3.8,1,1728577865.0,,c8647e74affd3b4485fcf165eccc8920cc11aef3,232285e5342dfab28eafddb474b011e99394b930,build_log
PR-17461,3.9,1,1728590104.0,,63e8c6484d8780ae0372433a5ca481a22e6cd8f1,44f15cc22cfc8540cdcacb1af2aa1a117bceff44,build_log
PR-17477,3.7,2,1728724401.0,,d5fb6f07f6c3ce6ed9745a613fa338c32f67eeee,a2e133df5a364ad47b640190dd2a5622ed19315c,build_log
PR-17481,3.9,1,1728731792.0,,0474b407315f42b4704bd6955763713d218e2270,8c3c6c3841dd7491b1e2e782e19ec40535500110,build_log
PR-17482,3.8,1,1728738143.0,,006ffc5163246e634750b3cec1b2ff9b90f0a05e,6081932bbcc4d2ccddc55ae32cb232f304c4c95b,build_log
PR-17485,3.7,1,1728740038.0,,c96826c57c2fbe9a980fa70a5d2cb935463f2b58,a2e133df5a364ad47b640190dd2a5622ed19315c,build_log
PR-17447,3.9,2,1728910196.0,,c58523a6577b2367a1ce131e956e92d32913b597,8c3c6c3841dd7491b1e2e782e19ec40535500110,build_log
PR-17501,3.9,1,1728929571.0,,34bbc8611bc1256d5b6d36f5a42cf6734027d92f,51253e2bf4134c1232ead4ce3666949669d0dea6,build_log
PR-17506,3.9,1,1728951764.0,,0fed3c58ca7c9dc6b89dd4e4ece6be2c68758659,51253e2bf4134c1232ead4ce3666949669d0dea6,build_log
PR-17508,3.8,1,1728987913.0,,6be311f0cf7bc94e13418140e722354d9b00ef25,4e9cc764abf2e956a73adf0ce7c0f919e99b219c,build_log
PR-17571,3.8,1,1729572542.0,,c58e7a4e274bb5196146bd94476748430f2bcc2b,8333ccc169a94754127842e2c9691b7a3606ac7a,build_log
PR-17683,3.9,1,1730729820.0,,81dadcea9d21187e6fd356e6be09b60e5addd0f7,bcb5d167fd196c8ad9cfc179eb76d02eecb7dd1d,build_log
PR-17703,3.8,1,1730901927.0,,9bb568eab493ad54ad70f06bbfbd8d110e6ebce8,b2638a4533109ccf2829a16c36325fa6c874ea0f,build_log
PR-17716,3.8,1,1731014697.0,,03bcd7878ab54b3d3511fbb4fb463ed523536431,14bd65149e353164b8750d306a3da49f1e5b8ce5,build_log
PR-17733,3.9,1,1731207681.0,,4ce2f9b19cfba1ce8ea6005f7eb5e0d17e25e9bb,ad3e34d33b4d265d9ad747aa5171536378802a11,build_log
PR-17696,3.7,3,1731980374.0,,435df932ce9dad93a4a3bb88e79cae7d81d759e6,1d975923d84f5222c7d99b467d91ca20d98e4586,build_log
PR-17878,3.9,1,1732115966.0,,cde733aeab1892d24a132bc856e19e634bef1d59,c3187d1d7f712953752bc8dedd0a0027eea1ba09,build_log
PR-17970,3.9,1,1732756161.0,,90452cd10cf37a39a6b76d49d1b2785fc6c9239b,762526db4133755889b4607b32951b51d963cd28,build_log
PR-17830,3.9,2,1733249565.0,,c0078ad0f1cbe25e46da2bc9feb56997e7783bb8,6cec93a2411aee6b01b2b8343d1c48f148f4bb33,build_log
PR-18225,3.8,1,1734438794.0,,b7623b4bbe0da42fabf8eb1f1d97085c556e2e6e,a8745c00e1fef7d7e7856aba0d6078d06c91cc2d,build_log
PR-18273,3.9,1,1734626701.0,,10db4480f55497d0c978c0c6e37202d2a1d95026,2f510997588921077d62b8f2f757e7b7e066e3f3,build_log
PR-18311,3.9,1,1735047547.0,,31c0421f5eb9995e51d5ce0139ca70cfbd233d1e,430892654bcf45d644e66b532d83aab0f569cb7d,build_log
PR-18323,3.9,1,1735231230.0,,a350fdb288310cddf2eedbc1c25289298162c023,f5952c6f6ab0fe2b2eaa67172cef808b644e6dbd,build_log
PR-18333,3.9,1,1735316750.0,,2ad7d6cc1c14b741ada6c620565c1bb93ce0af9f,ba14b5ca785301a1dd432ab4cd535d83df39b568,build_log
PR-18502,3.9,1,1736763899.0,,3f8285a242e704aa343c7d10c219108365acec1c,ed83f7224d13b8c63d2bb59e0b1fd36d354cc8ce,build_log
PR-18503,3.8,1,1736763959.0,,c8c227bd624817af43f9e0ab4c3fc4710d958a71,d6a66d33d593a2d4b593d1a4eb2bd79f7ff4a0c0,build_log
PR-18485,3.9,3,1736942252.0,,36c64c2d7412c4fa0c939b2cba1d920743c295d8,bb0921865d364737b2b22328c0f891cae4ce6ce8,build_log
PR-18564,3.8,1,1736970540.0,,3a24f87242416835462742794471223f88a2a81b,d64e8f39e1714aeccb8700022f7c621d877cccc5,build_log
PR-18576,3.9,2,1737367992.0,,0bf353af4d277c7b8af01cb8245b42b61d8786b5,9c33e7d3d9c2d940d068669172da7c193e6d637b,build_log
PR-18657,3.9,1,1737472253.0,,53c0095c10501e9c772a59f7977a00066665ed37,310867a9844eb8d5a7a780957fc0c6fd607a39c3,build_log
PR-18660,3.8,2,1737711316.0,,ceeec62d5b7f630e56018b1f093cae2ff7b4ce4b,2c147c7c0f6d6d73d48737b5e6e00a1220f68391,build_log
PR-18690,3.9,2,1737859729.0,,300f381765b8bdc6f81b85340122385bfbb69b59,a92022f7f6007ff95c6b6d29f6b3b8a3ed17975e,build_log
PR-18736,3.9,1,1738131929.0,,4f65f467f6b1359a80ecf39f8e359d1c21e1f618,85658e5e33f550c6953ae58e37cc1808fd56b879,build_log
PR-18741,3.9,1,1738171029.0,,e6ee03b735293f1dc432116d706837977f9fc4ae,6b82a4cc6a21ef9330246ee0655532ab9fb42110,build_log
PR-18769,3.8,1,1738344230.0,,124a3a577bfb9da2a6303e48c30ecbd46c984dce,ffe983d07558b57b478e7cff4534d66d18211db3,build_log
PR-18767,3.9,9,1738685051.0,,f9b47b9984c4e85e04ca97fce120de1b25e0e6a4,8831f5b13353d5f8b6e958557f9c98a8a25060eb,build_log
PR-19058,3.9,3,1741052249.0,,45e9017285b1d933e18b79e6497b82bd6475751b,4d0216dd9f0d1c125313e04521726f6934f056e0,build_log
PR-19158,3.9,1,1741367110.0,,15689eba88662ad17d9cf3b601b0a8930d496573,bf9912a1eb6ec278cbe9bfdb5417b5291f54fe0d,build_log
PR-19221,3.9,1,1742231504.0,,5cf8929771d779bb9d226d59eb3651e1e8895b44,90ee2d2b3499b7e1eff99bc63bf66aba9d7ff99c,build_log
PR-19150,3.9,4,1743158373.0,,3fe6702ebb3614450e8aedaa219ddb9767fc1eb2,90ee2d2b3499b7e1eff99bc63bf66aba9d7ff99c,build_log
PR-19307,3.9,1,1743175734.0,,fb959a11ab3ae2d31b8fb76c70c0503dbe75bab4,90ee2d2b3499b7e1eff99bc63bf66aba9d7ff99c,build_log
PR-19308,3.9,1,1743175775.0,,e876734238590d4b72ae086fc1c2d14fb7a3cbc1,90ee2d2b3499b7e1eff99bc63bf66aba9d7ff99c,build_log
PR-19310,3.9,1,1743175825.0,,71c2a39b1ab2281cd22e9c460c34501dcbb232ad,90ee2d2b3499b7e1eff99bc63bf66aba9d7ff99c,build_log
PR-19311,3.9,2,1743186532.0,,f4cd8d5d664a62b280c0d2ea1bc731069443ba87,90ee2d2b3499b7e1eff99bc63bf66aba9d7ff99c,build_log
PR-19312,3.9,1,1743217569.0,,3fc119d8588db67332a87d380b9bc50b4f9314de,90ee2d2b3499b7e1eff99bc63bf66aba9d7ff99c,build_log
PR-19365,3.9,1,1743703696.0,,7a68a0abea5140f327129fbada9accb0a52925a0,c37ac21cc9ad11e0bec301ae9c84a35edd5392c3,build_log
PR-19367,3.9,1,1743704011.0,,e57033b668b19e031b079e2d341139c41e670aaf,c37ac21cc9ad11e0bec301ae9c84a35edd5392c3,build_log
PR-19368,3.9,1,1743734976.0,,f4cd8d5d664a62b280c0d2ea1bc731069443ba87,d37f88403582c61c4cc3e10f35887841d12a8212,build_log
PR-19396,3.9,2,1743998301.0,,f9a561dcc1c8b587923ecaef75547c385b713fb2,392a56423e0bc35dad47c8e83fc3a5fcc82709b0,build_log
PR-19448,3.9,1,1744368216.0,,ddc1e949364ff7c854538be2ff9d548538124fb4,21dd41b251a1cc2faa0d3848ba0b973c1eba7eff,build_log
PR-19498,3.9,2,1744835280.0,,fb6a2a5b6f98b461dffa4483daa2bc1f6a037b8b,d88c2183ceaaaeb17fabf879771d0f598d7cd8e5,build_log
PR-19499,3.9,1,1744835985.0,,60c1138676aacbabc738d08024cc18f5e237d866,d88c2183ceaaaeb17fabf879771d0f598d7cd8e5,build_log
PR-19534,3.9,1,1745324128.0,,b1caa3e53dacb294a90b1a845b24b70d27062679,1f18da31126f47bc751cbe813302df9b853c2b96,build_log
PR-19563,3.9,1,1745587589.0,,492c89e4e8148bdc51eaf256d5bc69bcc9d79d2c,141693270b2dab8b22be1c82219ca68204943f90,build_log
PR-19648,3.9,1,1746520842.0,,11d5c0dd97d1de9867cc092607d28f9eabbd2adc,ed900eb96ff8f099db6fdcebb01339794a1aa2ac,build_log
PR-19665,3.9,1,1746787994.0,,f96e360b5e612f1212e169f570936f7f0422f9b5,c0909b0551f24e7b2fde1cf85ebca8f4d155d1d6,build_log
PR-19692,3.8,1,1747083023.0,,b30fa886a4f524edaaabe8315d85a17a83e3e0fd,6da199903ed602209c7757045dfb5b22c285defb,build_log
PR-19694,3.6,1,1747088795.0,,c5ad6a380d0410ba9cfc75ae690f2f76bcb83591,9570c67b8c4ed1a4c3888511adad58d9b3a8bc0f,build_log
PR-19695,3.5,1,1747088971.0,,45f07a21c146120773457258c562115f9accd55f,1361d5cd5bcb620367a67f2151b257657cc6f907,build_log
PR-19696,3.4,1,1747090062.0,,2059b8e5f438eb664ccbbbbd64f65d6788dfc62a,88bb23617eb2acd91b1f53e4c7b764e62d9c751a,build_log
PR-19710,3.3,1,1747156586.0,,0818cf5cfa464d757620565f7518f262dfb07745,05694da5d4e64b1af49f8eccd25ce72d9b436dc4,build_log
PR-19690,3.9,2,1747674323.0,,ac688cdb19b9e93b0712a853c1d0ed1a6696fee0,a2a1bcc75b112b7dc414264cec795624ed4c6b86,build_log
PR-19756,3.9,3,1747698413.0,,608c8d78259c4bafc39db347cba15a1ae3024ca2,a2a1bcc75b112b7dc414264cec795624ed4c6b86,build_log
PR-19784,3.9,1,1747860616.0,,dfbeb0821b382818292f7e2f7d64020cdaad75bc,63149656ef906b964b3270adf5dbaacf3764679c,build_log
PR-19693,3.7,3,1748470692.0,,ac248e82eff3c06adac23e9967335e568b46277f,9c9ebdd1208138ea98c5fe193fff276c0e14273d,build_log
PR-19949,3.9,1,1749627240.0,,98836de628b01fa70f1fc0daf8e082f7ef20ce72,50df284bce204e3e184c29a55febacb55e0e0eba,build_log
PR-19953,3.9,1,1749723007.0,,4cb1f11f3875373598b2d586ae78c9e8f4742ed2,a7598220225607450fefc19691668fcfd724c70f,build_log
PR-20050,3.9,3,1751203320.0,,2106276f48e89102302c4a889f11d3bf900689e2,e2cb9ea78221282ddda2a1867c9890fb829d7143,build_log
PR-20117,3.9,3,1751985155.0,,b91fe5240fc769a3c78ca527f48447e0d6ec0852,e2cb9ea78221282ddda2a1867c9890fb829d7143,build_log
PR-20142,3.9,2,1752212552.0,,6af6c369f4dad68b15b453dd9a769fbd649c56d4,e2cb9ea78221282ddda2a1867c9890fb829d7143,build_log
PR-20146,3.7,14,1753233163.0,,ce4990ea427edacfd79e9f1713a8e30b0b105b06,36a486f4a9787bbbd191da39be2823b26c9ca851,build_log
PR-20272,3.9,3,1753974752.0,,45dce93484ce839d42c5401ddf80fb85fbc62e81,b7b2676f5345b1683db1599a2c0d04461619ecbf,build_log
PR-20404,3.9,1,1756138331.0,,b13a7eedf6fb02878110b90b00cd255c0372b4e0,f670e9baa307d1b0abde871de17153a00d1fdd0a,build_log
PR-20433,3.9,1,1756391280.0,,90de681acfd8937d162caec5c56caf72681cbac8,5507c22b458367161fe854738100579bf54f79ec,build_log
PR-20441,3.9,1,1756475969.0,,0c1e1492e10b6e90fd746390ce46c9f91a4f9e2b,0fd4593554eb068750ec0a68825c27e1e7a9cb05,build_log
PR-20435,3.9,2,1756920932.0,,2eb940f0301985d669118cba31665be98a6fe535,0fd4593554eb068750ec0a68825c27e1e7a9cb05,build_log
PR-20506,3.9,1,1757363502.0,,c21e0a383da1f5f99b2887107b98e30d87360c13,a2c8823cfe52c7ebc9938618657aa5eee96b4b3b,build_log
PR-20510,3.9,1,1757414169.0,,73d062f4e3693b26adfa0b18eace2c3c1d81570a,1a996218422f30c888ddb93de91a5e04a0a03257,build_log
PR-20529,3.9,3,1758039027.0,,d31093614bcd120d2c6fb4af020bdf96cbc07588,1a996218422f30c888ddb93de91a5e04a0a03257,build_log
PR-20577,3.9,8,1758916923.0,,53b279f846e9528cdbde55aa7afd4bae685be127,17157ed82a61e909c4d02b6b3fe036e34229bcb4,build_log
PR-20585,3.9,2,1759338428.0,,b0aa4c87b0c5a7b2db566f87ca981d215bb2d721,e37f31e8b2dcf64df63a86411f1b3e4be4d93171,build_log
PR-20627,3.9,2,1759506766.0,,6ec0800200aeabd9e0ffd3d6419995a6cbd9d8ec,c29c130fd9770f15c2e86f37b7d6745d04ad957a,build_log
PR-20624,3.9,5,1759760968.0,,51fd2640eafb2f50f178fb8cd0bb515a1b2f1f2e,c29c130fd9770f15c2e86f37b7d6745d04ad957a,build_log
PR-20682,3.9,1,1760110200.0,,187435fe00de766060bf8f9d8512db7f1d910657,b54acf80a581fbd76c90391e66e5fc78a3aa4b68,build_log
PR-20734,3.9,3,1760992173.0,,4c67ed1a8064e1ea7a6f495fe81cb025ae31f7a0,4df04416f78621c0f8fefb6f79498f6ecc9c7de6,build_log
PR-20877,3.9,2,1763131461.0,,c5139952891559bfc4f98815c88c5c95cf54ef55,b84618a143da13dc17c5de98a818c5028764e7ce,build_log
PR-20897,3.9,5,1763545749.0,,61b0a20487a197082b3a4ddc8e2aab8eb06438d3,a44f8b147ed41149697e9fb179dbd7eea3306863,build_log
PR-20535,3.9,2,1763793152.0,,8b1ef6cd15bb9bfa81e9e8bedad33fadc59e4f61,8367846e9b7fa8c4bd02201dc18ae12df9db625e,build_log
PR-20962,3.9,1,1763793402.0,,3b5fd574373bd36947a22c87586e5741ead2d59b,8367846e9b7fa8c4bd02201dc18ae12df9db625e,build_log
PR-20974,3.9,1,1763993381.0,,c415ad7be3737a18f92e294dbf49ea96d590475b,d251ec045f200c8fa48d44a1b27408b320161f8b,build_log
PR-20985,3.9,1,1764048277.0,,2c0ced7c911f4d140a2759aa98722e530edaa1a3,3bcfb64ea4eb2786ac8c027551b02195fc4c297b,build_log
PR-21040,3.9,1,1764650196.0,,f1d4eec0585ee1ae229a73cf8a454812708f3f16,d665464164d85e8ac686eb1f51394c4b240c82ae,build_log
PR-21026,3.9,8,1764776107.0,,0f94bd2461746e5dce21748c80fc45070da1f151,4b7966dde8b77ecf229fe10d9e10df274acd915a,build_log
PR-21085,3.9,1,1764904602.0,,aef86462d42d0d3c3ca200923b9943b9357e3a32,4b7966dde8b77ecf229fe10d9e10df274acd915a,build_log
PR-21104,3.9,4,1765177401.0,,f378475b265b5e955bb013a405f2e538cb2dfd27,7ac6b3ff3383177084b32b432223377ec8fc180f,build_log
PR-21138,3.9,1,1765559480.0,,5ae7641a02d50aa225a886c2dca72559d7751f07,8ddc4cccf350560c39c8d9e1f601400297fad499,build_log
PR-21187,3.5,1,1766198592.0,,97952d6785822aa0bdf1f571dee679e8418ec4fd,1361d5cd5bcb620367a67f2151b257657cc6f907,build_log
PR-21189,3.7,1,1766198893.0,,f9b77f07a79ced61a6b2011adf002105ee03c4e6,36a486f4a9787bbbd191da39be2823b26c9ca851,build_log
PR-21190,3.8,1,1766198938.0,,e8e4f2a87ded1b370b0c0b67e8bb2a536cca668f,e7d7a2b6df04915748f3c88fc29f244255c27b4f,build_log
PR-21191,3.9,1,1766198993.0,,4d31bafed546698ec2e09a82d43b149c1f055d65,aaacb5867540cbe81ff4a1ff315f439bc65cc4a8,build_log
PR-19263,3.9,6,1766426460.0,,3e7248b236a70f0e1be02c825eeb89288de891ee,88ddca64b752bb74490d980adeab5f01462894f5,build_log
PR-21207,3.9,3,1766469762.0,,10517a3909c37d0937323d6b658d778ecac62bc2,88ddca64b752bb74490d980adeab5f01462894f5,build_log
PR-21137,3.9,3,1766849339.0,,cc857636bb6080b4bab8539000bb24a6f17746fe,0b5b8c5a0d90b2bca0b478d59410ca23e7191d12,build_log
PR-21134,3.9,6,1767956981.0,,b385bce0bcccc24918b2a12b11e9feb05d1a8d7b,506ff18e8887cf9610489f56f643a081d015394e,build_log
PR-21351,3.9,1,1769213970.0,,e959bedff1d4ad582f573a2095fe79d4865144f0,43e4479ff60a249478c88f6161eef6d31c7f4eec,build_log
PR-21505,3.9,1,1771392871.0,,46752a1b622637d9f10a95789c6eb2e6a8c09dfb,5e9866f43ab8e7e41ef39e5584ac50019381328d,build_log
PR-21568,3.8,1,1771951413.0,,9ac980493543389a618baffad4556fdb87361a67,100f80b4d00ee409c77930a6240b453b17da30d3,build_log
PR-21624,3.9,1,1772575957.0,,b122cd9f0fb6e0bdb5534e33c55f58908bea4111,25a388ffc0f3ea70c0650e2640a0232e86e472f5,build_log
PR-21669,3.9,4,1773186525.0,,bfd3e849e3ee5e58d8983efa9b5a64e913a42866,5d9f316d67929e730b573b6329f169ec706fa08a,build_log
PR-21731,3.9,1,1773312253.0,,3a69e8f88361e2e5e84c57e64b6a9317ad59ad4f,5d9f316d67929e730b573b6329f169ec706fa08a,build_log
PR-21731,3.9,2,1773603577.0,,3a69e8f88361e2e5e84c57e64b6a9317ad59ad4f,8cb79acb9455bd95de15ec6cb5a284b06732880c,build_log
PR-21858,3.9,1,1774353691.0,,2f6f42e53f52dab4c3c379393a33a515a0b8e6dd,1c19815557df42efd265fb66d44332ac7d3729b4,build_log
PR-21870,3.9,1,1774446777.0,,f60c1f857a196f883a02296fc46de2aa8ad3e24a,1c19815557df42efd265fb66d44332ac7d3729b4,build_log
PR-21669,3.9,8,1774475155.0,,90c77df5a09adb5619ba240f774e810ce43d7af5,1c19815557df42efd265fb66d44332ac7d3729b4,build_log
PR-21881,3.9,1,1774561053.0,,abd5cf14250e335eca5642d4bbe8059c5d16decb,f60c1f857a196f883a02296fc46de2aa8ad3e24a,build_log
PR-21669,3.9,9,1774632318.0,,32fc1bc27144a781e41d290538c73ebc84e1f878,f60c1f857a196f883a02296fc46de2aa8ad3e24a,build_log
PR-21881,3.9,2,1774766343.0,,30bb463dacea6e041d615fd70fe6c4dbe47690c9,f60c1f857a196f883a02296fc46de2aa8ad3e24a,build_log
PR-21893,3.9,1,1774831950.0,,6920b1709b1926de5af24a07d1aa34be29f348d2,f60c1f857a196f883a02296fc46de2aa8ad3e24a,build_log
PR-21881,3.9,3,1774865467.0,,869d50386519aa7e6d5bc85cfe3f090943268d2e,94b0ce1e75b41458c7304b57fd9d04543ab03ecb,build_log
PR-21898,3.9,1,1774892316.0,,32fc1bc27144a781e41d290538c73ebc84e1f878,94b0ce1e75b41458c7304b57fd9d04543ab03ecb,build_log
